contract_symbol,last_trade_utc,strike,last_price,bid,ask,volume,open_interest,option_type,expiration,spot_reference,acquired_utc,price_type
SPX260918C00200000,2026-08-28 13:33:54+00:00,200.0,7528.6,7522.9,7541.1,6.0,3283,call,2026-09-18,7730.990234375,2026-08-28T14:38:40.477756+00:00,reference-session last trade
SPX260918C00400000,2026-08-18 14:10:10+00:00,400.0,7298.18,7321.0,7341.5,1.0,398,call,2026-09-18,7730.990234375,2026-08-28T14:38:40.477756+00:00,reference-session last trade
SPX260918C00600000,2026-07-20 19:27:28+00:00,600.0,6834.23,0.0,0.0,2.0,0,call,2026-09-18,7730.990234375,2026-08-28T14:38:40.477756+00:00,reference-session last trade
SPX260918C00800000,2026-08-21 18:23:07+00:00,800.0,6868.67,6924.0,6943.1,3.0,346,call,2026-09-18,7730.990234375,2026-08-28T14:38:40.477756+00:00,reference-session last trade
SPX260918C01000000,2026-08-06 14:35:00+00:00,1000.0,6722.47,6721.7,6742.5,1.0,307,call,2026-09-18,7730.990234375,2026-08-28T14:38:40.477756+00:00,reference-session last trade
SPX260918C01200000,2026-08-06 16:08:03+00:00,1200.0,6498.04,6524.9,6544.5,1.0,58,call,2026-09-18,7730.990234375,2026-08-28T14:38:40.477756+00:00,reference-session last trade
SPX260918C01400000,2026-06-26 15:01:39+00:00,1400.0,5962.04,0.0,0.0,2.0,0,call,2026-09-18,7730.990234375,2026-08-28T14:38:40.477756+00:00,reference-session last trade
SPX260918C01600000,2026-08-21 18:37:19+00:00,1600.0,6069.19,6123.4,6143.9,1.0,38,call,2026-09-18,7730.990234375,2026-08-28T14:38:40.477756+00:00,reference-session last trade
SPXW260918C01800000,2026-08-20 19:46:04+00:00,1800.0,5849.54,5922.4,5944.8,2.0,3,call,2026-09-18,7730.990234375,2026-08-28T14:38:40.477756+00:00,reference-session last trade
SPXW260918C02000000,2026-08-27 15:20:37+00:00,2000.0,5724.01,5726.4,5746.1,2.0,7,call,2026-09-18,7730.990234375,2026-08-28T14:38:40.477756+00:00,reference-session last trade
SPX260918C02200000,2026-08-21 16:35:41+00:00,2200.0,5479.33,5528.2,5542.0,450.0,2670,call,2026-09-18,7730.990234375,2026-08-28T14:38:40.477756+00:00,reference-session last trade
SPX260918C02300000,2025-09-17 13:48:01+00:00,2300.0,4356.4,0.0,0.0,,18,call,2026-09-18,7730.990234375,2026-08-28T14:38:40.477756+00:00,reference-session last trade
SPX260918C02500000,2026-08-21 16:19:39+00:00,2500.0,5180.28,5225.9,5246.4,1.0,1,call,2026-09-18,7730.990234375,2026-08-28T14:38:40.477756+00:00,reference-session last trade
SPX260918C02600000,2026-07-07 14:41:22+00:00,2600.0,4893.77,0.0,0.0,2.0,0,call,2026-09-18,7730.990234375,2026-08-28T14:38:40.477756+00:00,reference-session last trade
SPXW260918C02800000,2026-08-24 17:44:20+00:00,2800.0,4853.91,4927.9,4947.7,2.0,1,call,2026-09-18,7730.990234375,2026-08-28T14:38:40.477756+00:00,reference-session last trade
SPX260918C02900000,2026-08-25 15:52:29+00:00,2900.0,4766.97,4826.7,4847.2,30.0,15,call,2026-09-18,7730.990234375,2026-08-28T14:38:40.477756+00:00,reference-session last trade
SPXW260918C03000000,2026-08-24 15:20:25+00:00,3000.0,4648.36,4727.7,4746.7,1.0,76,call,2026-09-18,7730.990234375,2026-08-28T14:38:40.477756+00:00,reference-session last trade
SPX260918C03200000,2026-08-28 13:33:54+00:00,3200.0,4535.8,4527.8,4548.3,6.0,47,call,2026-09-18,7730.990234375,2026-08-28T14:38:40.477756+00:00,reference-session last trade
SPX260918C03400000,2026-08-24 14:12:24+00:00,3400.0,4248.88,4327.6,4348.1,320.0,75,call,2026-09-18,7730.990234375,2026-08-28T14:38:40.477756+00:00,reference-session last trade
SPX260918C03500000,2026-07-28 17:04:12+00:00,3500.0,3955.71,4228.1,4248.6,4.0,6,call,2026-09-18,7730.990234375,2026-08-28T14:38:40.477756+00:00,reference-session last trade
SPX260918C03600000,2026-07-22 13:58:03+00:00,3600.0,3920.99,0.0,0.0,,0,call,2026-09-18,7730.990234375,2026-08-28T14:38:40.477756+00:00,reference-session last trade
SPX260918C03650000,2026-06-18 13:42:59+00:00,3650.0,3856.76,3766.5,3790.5,,0,call,2026-09-18,7730.990234375,2026-08-28T14:38:40.477756+00:00,reference-session last trade
SPX260918C03700000,2026-06-04 19:57:54+00:00,3700.0,3918.16,3769.3,3780.9,,0,call,2026-09-18,7730.990234375,2026-08-28T14:38:40.477756+00:00,reference-session last trade
SPX260918C03800000,2026-08-06 13:30:06+00:00,3800.0,3935.68,3930.3,3950.3,,3,call,2026-09-18,7730.990234375,2026-08-28T14:38:40.477756+00:00,reference-session last trade
SPX260918C03900000,2026-02-02 11:38:26+00:00,3900.0,3080.64,2783.6,2807.6,,0,call,2026-09-18,7730.990234375,2026-08-28T14:38:40.477756+00:00,reference-session last trade
SPX260918C03950000,2026-06-04 19:57:54+00:00,3950.0,3672.06,3522.0,3533.5,,0,call,2026-09-18,7730.990234375,2026-08-28T14:38:40.477756+00:00,reference-session last trade
SPXW260918C04000000,2026-05-08 16:58:37+00:00,4000.0,3432.39,3425.3,3449.3,2.0,1,call,2026-09-18,7730.990234375,2026-08-28T14:38:40.477756+00:00,reference-session last trade
SPX260918C04075000,2026-06-18 15:44:26+00:00,4075.0,3437.91,3345.1,3369.1,,0,call,2026-09-18,7730.990234375,2026-08-28T14:38:40.477756+00:00,reference-session last trade
SPX260918C04150000,2026-03-20 14:59:02+00:00,4150.0,2481.33,3020.5,3044.5,1.0,2,call,2026-09-18,7730.990234375,2026-08-28T14:38:40.477756+00:00,reference-session last trade
SPX260918C04200000,2026-07-16 14:33:21+00:00,4200.0,3388.08,0.0,0.0,1.0,0,call,2026-09-18,7730.990234375,2026-08-28T14:38:40.477756+00:00,reference-session last trade
SPX260918C04250000,2025-09-16 18:39:49+00:00,4250.0,2523.38,2549.5,2589.5,,0,call,2026-09-18,7730.990234375,2026-08-28T14:38:40.477756+00:00,reference-session last trade
SPX260918C04275000,2026-03-24 14:57:57+00:00,4275.0,2391.93,3126.6,3150.6,,0,call,2026-09-18,7730.990234375,2026-08-28T14:38:40.477756+00:00,reference-session last trade
SPX260918C04300000,2026-08-11 14:34:33+00:00,4300.0,3465.92,3432.3,3451.9,1.0,21,call,2026-09-18,7730.990234375,2026-08-28T14:38:40.477756+00:00,reference-session last trade
SPX260918C04400000,2026-07-22 13:58:03+00:00,4400.0,3127.74,0.0,0.0,1.0,0,call,2026-09-18,7730.990234375,2026-08-28T14:38:40.477756+00:00,reference-session last trade
SPX260918C04450000,2026-07-20 20:01:35+00:00,4450.0,3020.65,0.0,0.0,125.0,0,call,2026-09-18,7730.990234375,2026-08-28T14:38:40.477756+00:00,reference-session last trade
SPX260918C04500000,2026-07-16 19:31:29+00:00,4500.0,3038.41,0.0,0.0,41.0,0,call,2026-09-18,7730.990234375,2026-08-28T14:38:40.477756+00:00,reference-session last trade
SPX260918C04550000,2025-06-03 16:51:34+00:00,4550.0,1703.05,1913.4,1952.8,,0,call,2026-09-18,7730.990234375,2026-08-28T14:38:40.477756+00:00,reference-session last trade
SPX260918C04600000,2026-08-24 14:46:32+00:00,4600.0,3060.54,3130.9,3151.4,15.0,10,call,2026-09-18,7730.990234375,2026-08-28T14:38:40.477756+00:00,reference-session last trade
SPX260918C04700000,2026-06-22 15:29:50+00:00,4700.0,2816.53,2726.1,2750.1,1.0,2,call,2026-09-18,7730.990234375,2026-08-28T14:38:40.477756+00:00,reference-session last trade
SPX260918C04725000,2026-06-17 17:59:22+00:00,4725.0,2835.67,2701.4,2725.4,,1,call,2026-09-18,7730.990234375,2026-08-28T14:38:40.477756+00:00,reference-session last trade
SPX260918C04800000,2026-07-20 16:06:38+00:00,4800.0,2711.81,0.0,0.0,500.0,0,call,2026-09-18,7730.990234375,2026-08-28T14:38:40.477756+00:00,reference-session last trade
SPX260918C04825000,2025-10-06 18:52:58+00:00,4825.0,2121.44,2097.2,2108.5,,1,call,2026-09-18,7730.990234375,2026-08-28T14:38:40.477756+00:00,reference-session last trade
SPX260918C04850000,2026-07-20 16:06:38+00:00,4850.0,2662.41,0.0,0.0,500.0,0,call,2026-09-18,7730.990234375,2026-08-28T14:38:40.477756+00:00,reference-session last trade
SPX260918C04875000,2026-07-15 14:04:35+00:00,4875.0,2724.84,0.0,0.0,34.0,0,call,2026-09-18,7730.990234375,2026-08-28T14:38:40.477756+00:00,reference-session last trade
SPX260918C04900000,2026-05-07 19:44:54+00:00,4900.0,2497.0,2550.0,2559.4,1.0,9,call,2026-09-18,7730.990234375,2026-08-28T14:38:40.477756+00:00,reference-session last trade
SPX260918C04925000,2026-03-17 16:38:04+00:00,4925.0,1911.4,2270.2,2294.2,,3,call,2026-09-18,7730.990234375,2026-08-28T14:38:40.477756+00:00,reference-session last trade
SPXW260918C04950000,2026-08-20 19:41:11+00:00,4950.0,2713.61,2782.5,2803.3,,19,call,2026-09-18,7730.990234375,2026-08-28T14:38:40.477756+00:00,reference-session last trade
SPX260918C04975000,2025-11-17 20:48:18+00:00,4975.0,1893.83,2103.0,2108.0,,1,call,2026-09-18,7730.990234375,2026-08-28T14:38:40.477756+00:00,reference-session last trade
SPX260918C05000000,2026-08-27 14:38:02+00:00,5000.0,2722.82,2737.5,2745.6,2.0,39456,call,2026-09-18,7730.990234375,2026-08-28T14:38:40.477756+00:00,reference-session last trade
SPX260918C05025000,2026-08-17 17:58:06+00:00,5025.0,2740.44,2709.2,2728.5,2.0,1,call,2026-09-18,7730.990234375,2026-08-28T14:38:40.477756+00:00,reference-session last trade
SPX260918C05050000,2026-06-16 18:44:58+00:00,5050.0,2535.49,2391.1,2395.4,85.0,91,call,2026-09-18,7730.990234375,2026-08-28T14:38:40.477756+00:00,reference-session last trade
SPX260918C05100000,2026-04-09 18:11:49+00:00,5100.0,1820.46,2355.7,2363.8,27.0,16,call,2026-09-18,7730.990234375,2026-08-28T14:38:40.477756+00:00,reference-session last trade
SPX260918C05150000,2026-08-10 18:04:05+00:00,5150.0,2613.19,2582.1,2602.6,397.0,172,call,2026-09-18,7730.990234375,2026-08-28T14:38:40.477756+00:00,reference-session last trade
SPX260918C05175000,2025-11-18 21:00:10+00:00,5175.0,1675.83,1917.5,1922.5,1.0,3,call,2026-09-18,7730.990234375,2026-08-28T14:38:40.477756+00:00,reference-session last trade
SPX260918C05200000,2026-08-27 14:42:40+00:00,5200.0,2520.65,2530.0,2550.3,20.0,156,call,2026-09-18,7730.990234375,2026-08-28T14:38:40.477756+00:00,reference-session last trade
SPX260918C05250000,2026-06-03 17:23:52+00:00,5250.0,2368.08,2275.8,2286.5,1.0,0,call,2026-09-18,7730.990234375,2026-08-28T14:38:40.477756+00:00,reference-session last trade
SPX260918C05300000,2026-08-07 14:52:53+00:00,5300.0,2458.83,2433.8,2454.3,1.0,2,call,2026-09-18,7730.990234375,2026-08-28T14:38:40.477756+00:00,reference-session last trade
SPX260918C05350000,2026-05-18 16:57:43+00:00,5350.0,2114.14,2147.3,2154.5,5.0,0,call,2026-09-18,7730.990234375,2026-08-28T14:38:40.477756+00:00,reference-session last trade
SPX260918C05375000,2026-07-13 18:40:03+00:00,5375.0,2182.39,0.0,0.0,,0,call,2026-09-18,7730.990234375,2026-08-28T14:38:40.477756+00:00,reference-session last trade
SPXW260918C05400000,2026-08-18 19:00:04+00:00,5400.0,2309.87,2334.6,2354.4,,1,call,2026-09-18,7730.990234375,2026-08-28T14:38:40.477756+00:00,reference-session last trade
SPX260918C05425000,2025-08-29 13:49:54+00:00,5425.0,1353.98,1469.9,1484.8,2.0,1,call,2026-09-18,7730.990234375,2026-08-28T14:38:40.477756+00:00,reference-session last trade
SPX260918C05450000,2026-05-27 16:57:03+00:00,5450.0,2132.25,2079.6,2090.0,6.0,0,call,2026-09-18,7730.990234375,2026-08-28T14:38:40.477756+00:00,reference-session last trade
SPX260918C05500000,2026-08-24 14:36:28+00:00,5500.0,2166.16,2231.3,2251.8,1.0,56,call,2026-09-18,7730.990234375,2026-08-28T14:38:40.477756+00:00,reference-session last trade
SPX260918C05525000,2025-09-26 16:23:56+00:00,5525.0,1399.55,1481.2,1490.5,1.0,5,call,2026-09-18,7730.990234375,2026-08-28T14:38:40.477756+00:00,reference-session last trade
SPX260918C05550000,2026-06-18 15:02:12+00:00,5550.0,2004.1,1897.7,1901.7,4.0,5,call,2026-09-18,7730.990234375,2026-08-28T14:38:40.477756+00:00,reference-session last trade
SPX260918C05600000,2026-08-10 18:04:05+00:00,5600.0,2166.29,2135.5,2155.1,397.0,273,call,2026-09-18,7730.990234375,2026-08-28T14:38:40.477756+00:00,reference-session last trade
SPX260918C05610000,2026-08-20 19:28:34+00:00,5610.0,2058.28,2123.8,2144.3,,1,call,2026-09-18,7730.990234375,2026-08-28T14:38:40.477756+00:00,reference-session last trade
SPX260918C05625000,2026-04-10 16:30:08+00:00,5625.0,1333.5,0.0,0.0,1.0,1,call,2026-09-18,7730.990234375,2026-08-28T14:38:40.477756+00:00,reference-session last trade
SPX260918C05650000,2026-08-27 14:42:40+00:00,5650.0,2072.25,2086.5,2105.4,20.0,131,call,2026-09-18,7730.990234375,2026-08-28T14:38:40.477756+00:00,reference-session last trade
SPX260918C05675000,2025-09-11 19:52:09+00:00,5675.0,1241.23,1263.2,1277.4,10.0,70,call,2026-09-18,7730.990234375,2026-08-28T14:38:40.477756+00:00,reference-session last trade
SPX260918C05700000,2026-08-27 13:34:03+00:00,5700.0,2006.16,2033.4,2053.9,1.0,90,call,2026-09-18,7730.990234375,2026-08-28T14:38:40.477756+00:00,reference-session last trade
SPX260918C05725000,2025-08-07 16:03:14+00:00,5725.0,1006.5,1231.0,1269.1,1.0,3,call,2026-09-18,7730.990234375,2026-08-28T14:38:40.477756+00:00,reference-session last trade
SPXW260918C05750000,2026-08-24 15:34:07+00:00,5750.0,1918.37,1985.7,2005.3,1.0,31,call,2026-09-18,7730.990234375,2026-08-28T14:38:40.477756+00:00,reference-session last trade
SPX260918C05775000,2026-02-06 18:56:35+00:00,5775.0,1333.7,1079.1,1084.4,1.0,4,call,2026-09-18,7730.990234375,2026-08-28T14:38:40.477756+00:00,reference-session last trade
SPX260918C05790000,2026-07-20 18:35:37+00:00,5790.0,1712.03,0.0,0.0,,0,call,2026-09-18,7730.990234375,2026-08-28T14:38:40.477756+00:00,reference-session last trade
SPX260918C05800000,2026-08-27 13:34:03+00:00,5800.0,1906.51,1935.7,1955.8,1.0,138,call,2026-09-18,7730.990234375,2026-08-28T14:38:40.477756+00:00,reference-session last trade
SPX260918C05825000,2025-08-21 18:30:01+00:00,5825.0,957.0,1150.0,1186.3,2.0,6,call,2026-09-18,7730.990234375,2026-08-28T14:38:40.477756+00:00,reference-session last trade
SPX260918C05850000,2026-08-17 13:37:48+00:00,5850.0,1943.21,1884.3,1903.6,1.0,44,call,2026-09-18,7730.990234375,2026-08-28T14:38:40.477756+00:00,reference-session last trade
SPX260918C05870000,2026-08-18 18:25:27+00:00,5870.0,1847.51,1862.5,1883.7,,1,call,2026-09-18,7730.990234375,2026-08-28T14:38:40.477756+00:00,reference-session last trade
SPX260918C05875000,2025-12-01 14:33:06+00:00,5875.0,1222.04,1291.9,1295.5,1.0,7,call,2026-09-18,7730.990234375,2026-08-28T14:38:40.477756+00:00,reference-session last trade
SPX260918C05900000,2026-08-24 18:29:39+00:00,5900.0,1779.07,1833.6,1853.1,10.0,135,call,2026-09-18,7730.990234375,2026-08-28T14:38:40.477756+00:00,reference-session last trade
SPXW260918C05925000,2026-08-21 15:01:23+00:00,5925.0,1767.83,1810.6,1831.3,64.0,64,call,2026-09-18,7730.990234375,2026-08-28T14:38:40.477756+00:00,reference-session last trade
SPX260918C05940000,2026-03-27 13:44:34+00:00,5940.0,793.3,1531.1,1540.7,52.0,0,call,2026-09-18,7730.990234375,2026-08-28T14:38:40.477756+00:00,reference-session last trade
SPX260918C05950000,2025-12-29 21:02:47+00:00,5950.0,1198.43,1213.8,1217.1,2.0,54,call,2026-09-18,7730.990234375,2026-08-28T14:38:40.477756+00:00,reference-session last trade
SPX260918C05975000,2026-06-30 14:18:21+00:00,5975.0,1553.6,0.0,0.0,1.0,0,call,2026-09-18,7730.990234375,2026-08-28T14:38:40.477756+00:00,reference-session last trade
SPXW260918C06000000,2026-08-25 15:34:33+00:00,6000.0,1683.22,1736.5,1756.2,1.0,423,call,2026-09-18,7730.990234375,2026-08-28T14:38:40.477756+00:00,reference-session last trade
SPX260918C06020000,2026-07-24 18:58:29+00:00,6020.0,1429.61,0.0,0.0,,0,call,2026-09-18,7730.990234375,2026-08-28T14:38:40.477756+00:00,reference-session last trade
SPX260918C06025000,2025-11-12 17:42:02+00:00,6025.0,1165.67,1163.2,1166.7,10.0,55,call,2026-09-18,7730.990234375,2026-08-28T14:38:40.477756+00:00,reference-session last trade
SPX260918C06040000,2026-07-29 19:17:53+00:00,6040.0,1400.53,1695.1,1715.6,,1,call,2026-09-18,7730.990234375,2026-08-28T14:38:40.477756+00:00,reference-session last trade
SPX260918C06050000,2026-08-06 13:47:50+00:00,6050.0,1708.45,1687.4,1707.1,1.0,258,call,2026-09-18,7730.990234375,2026-08-28T14:38:40.477756+00:00,reference-session last trade
SPX260918C06060000,2026-04-20 18:31:51+00:00,6060.0,1200.3,1429.8,1437.4,,1,call,2026-09-18,7730.990234375,2026-08-28T14:38:40.477756+00:00,reference-session last trade
SPX260918C06075000,2026-05-04 19:55:37+00:00,6075.0,1254.74,1415.6,1423.3,6.0,10,call,2026-09-18,7730.990234375,2026-08-28T14:38:40.477756+00:00,reference-session last trade
SPXW260918C06100000,2026-05-11 15:26:15+00:00,6100.0,1434.36,1520.9,1528.2,1.0,1,call,2026-09-18,7730.990234375,2026-08-28T14:38:40.477756+00:00,reference-session last trade
SPXW260918C06125000,2026-08-21 15:47:42+00:00,6125.0,1580.93,1612.2,1631.7,24.0,24,call,2026-09-18,7730.990234375,2026-08-28T14:38:40.477756+00:00,reference-session last trade
SPX260918C06130000,2026-08-11 13:54:16+00:00,6130.0,1642.58,1604.9,1625.3,1.0,2,call,2026-09-18,7730.990234375,2026-08-28T14:38:40.477756+00:00,reference-session last trade
SPXW260918C06150000,2026-08-21 16:03:34+00:00,6150.0,1554.52,1586.5,1606.8,2.0,2,call,2026-09-18,7730.990234375,2026-08-28T14:38:40.477756+00:00,reference-session last trade
SPX260918C06160000,2026-08-14 19:44:34+00:00,6160.0,1640.77,1577.7,1597.0,1.0,3,call,2026-09-18,7730.990234375,2026-08-28T14:38:40.477756+00:00,reference-session last trade
SPXW260918C06175000,2026-08-21 18:05:13+00:00,6175.0,1515.07,1558.4,1580.6,80.0,80,call,2026-09-18,7730.990234375,2026-08-28T14:38:40.477756+00:00,reference-session last trade
SPX260918C06200000,2026-08-27 18:23:07+00:00,6200.0,1531.73,1543.2,1549.2,2.0,3623,call,2026-09-18,7730.990234375,2026-08-28T14:38:40.477756+00:00,reference-session last trade
SPX260918C06210000,2026-07-21 16:06:07+00:00,6210.0,1342.59,0.0,0.0,,0,call,2026-09-18,7730.990234375,2026-08-28T14:38:40.477756+00:00,reference-session last trade
SPX260918C06225000,2026-05-01 11:34:56+00:00,6225.0,1141.99,1276.6,1281.2,3.0,150,call,2026-09-18,7730.990234375,2026-08-28T14:38:40.477756+00:00,reference-session last trade
SPX260918C06230000,2026-06-18 18:16:18+00:00,6230.0,1348.66,1234.0,1238.2,,1,call,2026-09-18,7730.990234375,2026-08-28T14:38:40.477756+00:00,reference-session last trade
SPX260918C06240000,2026-03-27 19:48:12+00:00,6240.0,530.46,1256.7,1260.8,50.0,0,call,2026-09-18,7730.990234375,2026-08-28T14:38:40.477756+00:00,reference-session last trade
SPX260918C06250000,2026-08-14 19:45:14+00:00,6250.0,1552.12,1485.5,1505.4,2.0,234,call,2026-09-18,7730.990234375,2026-08-28T14:38:40.477756+00:00,reference-session last trade
SPX260918C06260000,2026-08-18 17:30:50+00:00,6260.0,1461.87,1477.6,1497.4,1.0,3,call,2026-09-18,7730.990234375,2026-08-28T14:38:40.477756+00:00,reference-session last trade
SPX260918C06270000,2026-07-31 20:00:06+00:00,6270.0,1257.73,1464.1,1484.2,3.0,6,call,2026-09-18,7730.990234375,2026-08-28T14:38:40.477756+00:00,reference-session last trade
SPX260918C06275000,2026-04-01 19:44:07+00:00,6275.0,629.2,1224.7,1228.7,2.0,0,call,2026-09-18,7730.990234375,2026-08-28T14:38:40.477756+00:00,reference-session last trade
SPXW260918C06300000,2026-08-17 17:42:23+00:00,6300.0,1474.49,1437.1,1456.9,2.0,2,call,2026-09-18,7730.990234375,2026-08-28T14:38:40.477756+00:00,reference-session last trade
SPX260918C06320000,2026-08-11 17:18:12+00:00,6320.0,1432.09,1416.1,1436.6,,1,call,2026-09-18,7730.990234375,2026-08-28T14:38:40.477756+00:00,reference-session last trade
SPX260918C06325000,2026-08-13 15:11:02+00:00,6325.0,1489.82,1408.9,1429.1,1.0,619,call,2026-09-18,7730.990234375,2026-08-28T14:38:40.477756+00:00,reference-session last trade
SPX260918C06340000,2026-08-17 19:00:19+00:00,6340.0,1435.07,1395.8,1416.0,,1,call,2026-09-18,7730.990234375,2026-08-28T14:38:40.477756+00:00,reference-session last trade
SPX260918C06350000,2026-08-14 19:03:35+00:00,6350.0,1452.92,1388.3,1408.1,1.0,1773,call,2026-09-18,7730.990234375,2026-08-28T14:38:40.477756+00:00,reference-session last trade
SPX260918C06360000,2026-08-17 18:27:11+00:00,6360.0,1415.65,1376.3,1396.8,,1,call,2026-09-18,7730.990234375,2026-08-28T14:38:40.477756+00:00,reference-session last trade
SPX260918C06370000,2026-08-25 13:38:09+00:00,6370.0,1327.73,1368.6,1387.6,1.0,23,call,2026-09-18,7730.990234375,2026-08-28T14:38:40.477756+00:00,reference-session last trade
SPX260918C06375000,2026-08-28 14:01:49+00:00,6375.0,1373.33,1361.3,1381.8,1.0,256,call,2026-09-18,7730.990234375,2026-08-28T14:38:40.477756+00:00,reference-session last trade
SPX260918C06380000,2026-07-29 19:27:13+00:00,6380.0,1039.9,1354.6,1374.7,,1,call,2026-09-18,7730.990234375,2026-08-28T14:38:40.477756+00:00,reference-session last trade
SPX260918C06400000,2026-08-24 18:31:30+00:00,6400.0,1283.1,1346.6,1352.2,3.0,3204,call,2026-09-18,7730.990234375,2026-08-28T14:38:40.477756+00:00,reference-session last trade
SPXW260918C06410000,2026-08-19 16:14:33+00:00,6410.0,1343.17,1327.7,1348.1,20.0,21,call,2026-09-18,7730.990234375,2026-08-28T14:38:40.477756+00:00,reference-session last trade
SPX260918C06420000,2026-08-24 15:37:10+00:00,6420.0,1252.59,1318.6,1338.2,1.0,2,call,2026-09-18,7730.990234375,2026-08-28T14:38:40.477756+00:00,reference-session last trade
SPXW260918C06425000,2026-08-19 13:41:49+00:00,6425.0,1312.73,1312.7,1332.2,,3,call,2026-09-18,7730.990234375,2026-08-28T14:38:40.477756+00:00,reference-session last trade
SPXW260918C06430000,2026-08-20 17:27:08+00:00,6430.0,1258.16,1307.8,1328.2,,10,call,2026-09-18,7730.990234375,2026-08-28T14:38:40.477756+00:00,reference-session last trade
SPX260918C06440000,2026-06-30 13:55:13+00:00,6440.0,1105.21,0.0,0.0,1.0,0,call,2026-09-18,7730.990234375,2026-08-28T14:38:40.477756+00:00,reference-session last trade
SPXW260918C06450000,2026-08-10 14:24:16+00:00,6450.0,1337.54,1288.6,1308.4,,5,call,2026-09-18,7730.990234375,2026-08-28T14:38:40.477756+00:00,reference-session last trade
SPX260918C06460000,2026-04-06 13:48:52+00:00,6460.0,493.71,1058.8,1062.7,4.0,0,call,2026-09-18,7730.990234375,2026-08-28T14:38:40.477756+00:00,reference-session last trade
SPXW260918C06470000,2026-08-21 14:57:46+00:00,6470.0,1220.14,1268.0,1288.7,29.0,29,call,2026-09-18,7730.990234375,2026-08-28T14:38:40.477756+00:00,reference-session last trade
SPX260918C06475000,2026-08-18 18:33:21+00:00,6475.0,1248.84,1261.4,1281.9,1.0,1611,call,2026-09-18,7730.990234375,2026-08-28T14:38:40.477756+00:00,reference-session last trade
SPX260918C06480000,2026-04-07 19:08:12+00:00,6480.0,467.9,1058.6,1062.0,1.0,21,call,2026-09-18,7730.990234375,2026-08-28T14:38:40.477756+00:00,reference-session last trade
SPXW260918C06490000,2026-08-21 14:57:46+00:00,6490.0,1200.5,1248.1,1267.5,29.0,29,call,2026-09-18,7730.990234375,2026-08-28T14:38:40.477756+00:00,reference-session last trade
SPXW260918C06500000,2026-08-25 13:46:41+00:00,6500.0,1198.04,1238.9,1258.9,1.0,29,call,2026-09-18,7730.990234375,2026-08-28T14:38:40.477756+00:00,reference-session last trade
SPX260918C06510000,2026-04-06 14:49:07+00:00,6510.0,455.14,1014.6,1018.4,2.0,0,call,2026-09-18,7730.990234375,2026-08-28T14:38:40.477756+00:00,reference-session last trade
SPX260918C06520000,2026-06-03 20:05:12+00:00,6520.0,1152.04,1015.5,1017.5,1.0,0,call,2026-09-18,7730.990234375,2026-08-28T14:38:40.477756+00:00,reference-session last trade
SPXW260918C06525000,2026-08-20 19:44:38+00:00,6525.0,1147.63,1210.3,1232.4,,12,call,2026-09-18,7730.990234375,2026-08-28T14:38:40.477756+00:00,reference-session last trade
SPX260918C06530000,2026-04-07 16:11:15+00:00,6530.0,435.68,1013.9,1017.2,4.0,8,call,2026-09-18,7730.990234375,2026-08-28T14:38:40.477756+00:00,reference-session last trade
SPX260918C06540000,2026-04-13 18:54:00+00:00,6540.0,585.72,1005.2,1008.5,36.0,16,call,2026-09-18,7730.990234375,2026-08-28T14:38:40.477756+00:00,reference-session last trade
SPXW260918C06550000,2026-07-23 11:51:53+00:00,6550.0,969.56,0.0,0.0,3.0,0,call,2026-09-18,7730.990234375,2026-08-28T14:38:40.477756+00:00,reference-session last trade
SPX260918C06560000,2026-04-07 14:01:24+00:00,6560.0,409.36,987.3,990.6,22.0,28,call,2026-09-18,7730.990234375,2026-08-28T14:38:40.477756+00:00,reference-session last trade
SPX260918C06570000,2026-06-25 15:31:23+00:00,6570.0,919.79,0.0,0.0,1.0,0,call,2026-09-18,7730.990234375,2026-08-28T14:38:40.477756+00:00,reference-session last trade
SPXW260918C06575000,2026-08-20 17:30:40+00:00,6575.0,1113.71,1163.6,1182.7,,11,call,2026-09-18,7730.990234375,2026-08-28T14:38:40.477756+00:00,reference-session last trade
SPXW260918C06580000,2026-08-20 19:44:38+00:00,6580.0,1093.37,1155.5,1177.7,,12,call,2026-09-18,7730.990234375,2026-08-28T14:38:40.477756+00:00,reference-session last trade
SPX260918C06590000,2026-05-26 19:42:42+00:00,6590.0,1059.67,950.0,951.9,1.0,0,call,2026-09-18,7730.990234375,2026-08-28T14:38:40.477756+00:00,reference-session last trade
SPX260918C06600000,2026-08-27 19:22:25+00:00,6600.0,1133.2,1144.8,1150.1,75.0,10495,call,2026-09-18,7730.990234375,2026-08-28T14:38:40.477756+00:00,reference-session last trade
SPXW260918C06610000,2026-08-21 19:46:17+00:00,6610.0,1090.68,1125.8,1147.9,3.0,3,call,2026-09-18,7730.990234375,2026-08-28T14:38:40.477756+00:00,reference-session last trade
SPX260918C06620000,2026-08-18 18:49:46+00:00,6620.0,1104.38,1119.9,1139.2,1.0,8,call,2026-09-18,7730.990234375,2026-08-28T14:38:40.477756+00:00,reference-session last trade
SPX260918C06625000,2026-05-18 19:46:49+00:00,6625.0,931.16,917.9,919.9,1.0,0,call,2026-09-18,7730.990234375,2026-08-28T14:38:40.477756+00:00,reference-session last trade
SPX260918C06630000,2026-08-05 18:34:30+00:00,6630.0,1140.75,1107.2,1127.7,3.0,132,call,2026-09-18,7730.990234375,2026-08-28T14:38:40.477756+00:00,reference-session last trade
SPX260918C06640000,2026-04-10 13:47:09+00:00,6640.0,495.99,918.2,921.5,8.0,14,call,2026-09-18,7730.990234375,2026-08-28T14:38:40.477756+00:00,reference-session last trade
SPXW260918C06650000,2026-08-21 19:42:19+00:00,6650.0,1049.22,1086.1,1108.2,3.0,7,call,2026-09-18,7730.990234375,2026-08-28T14:38:40.477756+00:00,reference-session last trade
SPXW260918C06660000,2026-07-13 14:26:38+00:00,6660.0,960.89,0.0,0.0,4.0,0,call,2026-09-18,7730.990234375,2026-08-28T14:38:40.477756+00:00,reference-session last trade
SPX260918C06670000,2026-08-14 14:39:40+00:00,6670.0,1148.5,1067.3,1089.2,22.0,139,call,2026-09-18,7730.990234375,2026-08-28T14:38:40.477756+00:00,reference-session last trade
SPXW260918C06675000,2026-08-19 13:54:38+00:00,6675.0,1060.65,1064.2,1085.0,,7,call,2026-09-18,7730.990234375,2026-08-28T14:38:40.477756+00:00,reference-session last trade
SPX260918C06680000,2026-05-04 15:07:49+00:00,6680.0,751.6,861.7,866.0,1.0,68,call,2026-09-18,7730.990234375,2026-08-28T14:38:40.477756+00:00,reference-session last trade
SPX260918C06690000,2026-05-18 19:32:44+00:00,6690.0,860.53,857.1,859.1,2.0,0,call,2026-09-18,7730.990234375,2026-08-28T14:38:40.477756+00:00,reference-session last trade
SPXW260918C06700000,2026-08-21 15:46:53+00:00,6700.0,1011.74,1036.3,1058.5,5.0,16,call,2026-09-18,7730.990234375,2026-08-28T14:38:40.477756+00:00,reference-session last trade
SPXW260918C06710000,2026-07-28 19:45:27+00:00,6710.0,789.1,1029.5,1048.9,,0,call,2026-09-18,7730.990234375,2026-08-28T14:38:40.477756+00:00,reference-session last trade
SPXW260918C06720000,2026-08-26 14:29:09+00:00,6720.0,965.6,1019.5,1040.4,10.0,29,call,2026-09-18,7730.990234375,2026-08-28T14:38:40.477756+00:00,reference-session last trade
SPXW260918C06725000,2026-08-17 00:31:07+00:00,6725.0,1089.99,1015.0,1035.4,,3,call,2026-09-18,7730.990234375,2026-08-28T14:38:40.477756+00:00,reference-session last trade
SPX260918C06730000,2026-06-23 17:35:32+00:00,6730.0,806.06,761.9,764.2,1.0,164,call,2026-09-18,7730.990234375,2026-08-28T14:38:40.477756+00:00,reference-session last trade
SPX260918C06740000,2026-08-13 19:37:26+00:00,6740.0,1085.79,996.8,1017.0,1.0,149,call,2026-09-18,7730.990234375,2026-08-28T14:38:40.477756+00:00,reference-session last trade
SPXW260918C06750000,2026-08-24 15:34:07+00:00,6750.0,926.42,989.5,1008.9,1.0,11,call,2026-09-18,7730.990234375,2026-08-28T14:38:40.477756+00:00,reference-session last trade
SPX260918C06760000,2026-07-21 19:34:20+00:00,6760.0,815.0,0.0,0.0,2.0,0,call,2026-09-18,7730.990234375,2026-08-28T14:38:40.477756+00:00,reference-session last trade
SPXW260918C06770000,2026-08-13 15:27:16+00:00,6770.0,1046.1,967.6,989.1,4.0,0,call,2026-09-18,7730.990234375,2026-08-28T14:38:40.477756+00:00,reference-session last trade
SPX260918C06775000,2026-08-03 16:09:03+00:00,6775.0,850.62,966.0,985.6,1.0,493,call,2026-09-18,7730.990234375,2026-08-28T14:38:40.477756+00:00,reference-session last trade
SPX260918C06780000,2026-07-06 15:49:44+00:00,6780.0,841.72,0.0,0.0,1.0,0,call,2026-09-18,7730.990234375,2026-08-28T14:38:40.477756+00:00,reference-session last trade
SPXW260918C06790000,2026-08-04 19:53:09+00:00,6790.0,997.45,947.3,969.3,,102,call,2026-09-18,7730.990234375,2026-08-28T14:38:40.477756+00:00,reference-session last trade
SPX260918C06800000,2026-08-17 17:36:23+00:00,6800.0,979.99,949.4,954.4,2.0,8226,call,2026-09-18,7730.990234375,2026-08-28T14:38:40.477756+00:00,reference-session last trade
SPX260918C06810000,2026-08-17 17:58:06+00:00,6810.0,970.44,931.8,950.5,2.0,64,call,2026-09-18,7730.990234375,2026-08-28T14:38:40.477756+00:00,reference-session last trade
SPXW260918C06820000,2026-08-20 10:29:52+00:00,6820.0,911.75,920.3,941.2,1.0,11,call,2026-09-18,7730.990234375,2026-08-28T14:38:40.477756+00:00,reference-session last trade
SPX260918C06825000,2026-08-24 15:37:10+00:00,6825.0,852.34,913.8,934.3,1.0,923,call,2026-09-18,7730.990234375,2026-08-28T14:38:40.477756+00:00,reference-session last trade
SPXW260918C06830000,2026-07-28 15:45:05+00:00,6830.0,686.21,910.4,930.8,,2,call,2026-09-18,7730.990234375,2026-08-28T14:38:40.477756+00:00,reference-session last trade
SPX260918C06840000,2026-08-03 19:46:00+00:00,6840.0,809.65,901.5,921.0,2.0,15,call,2026-09-18,7730.990234375,2026-08-28T14:38:40.477756+00:00,reference-session last trade
SPX260918C06850000,2026-08-10 18:32:46+00:00,6850.0,931.31,896.8,901.7,1.0,6788,call,2026-09-18,7730.990234375,2026-08-28T14:38:40.477756+00:00,reference-session last trade
SPXW260918C06860000,2026-08-19 13:51:43+00:00,6860.0,870.37,880.6,899.9,,5,call,2026-09-18,7730.990234375,2026-08-28T14:38:40.477756+00:00,reference-session last trade
SPX260918C06870000,2026-07-23 18:59:54+00:00,6870.0,618.72,0.0,0.0,1.0,0,call,2026-09-18,7730.990234375,2026-08-28T14:38:40.477756+00:00,reference-session last trade
SPXW260918C06875000,2026-08-19 13:48:02+00:00,6875.0,871.04,865.6,885.0,6.0,15,call,2026-09-18,7730.990234375,2026-08-28T14:38:40.477756+00:00,reference-session last trade
SPXW260918C06880000,2026-07-27 18:38:58+00:00,6880.0,599.95,860.6,880.1,,1,call,2026-09-18,7730.990234375,2026-08-28T14:38:40.477756+00:00,reference-session last trade
SPX260918C06890000,2026-08-04 18:59:23+00:00,6890.0,894.9,849.2,869.6,18.0,146,call,2026-09-18,7730.990234375,2026-08-28T14:38:40.477756+00:00,reference-session last trade
SPXW260918C06900000,2026-08-11 19:17:01+00:00,6900.0,857.17,841.1,859.5,4.0,40,call,2026-09-18,7730.990234375,2026-08-28T14:38:40.477756+00:00,reference-session last trade
SPX260918C06910000,2026-08-13 15:12:44+00:00,6910.0,911.98,837.3,842.1,1.0,2809,call,2026-09-18,7730.990234375,2026-08-28T14:38:40.477756+00:00,reference-session last trade
SPX260918C06920000,2026-08-13 15:13:03+00:00,6920.0,901.88,819.1,840.8,2.0,63,call,2026-09-18,7730.990234375,2026-08-28T14:38:40.477756+00:00,reference-session last trade
SPXW260918C06925000,2026-06-15 13:45:46+00:00,6925.0,755.7,724.8,732.1,1.0,12,call,2026-09-18,7730.990234375,2026-08-28T14:38:40.477756+00:00,reference-session last trade
SPX260918C06930000,2026-08-21 15:41:26+00:00,6930.0,785.75,808.4,828.7,1.0,105,call,2026-09-18,7730.990234375,2026-08-28T14:38:40.477756+00:00,reference-session last trade
SPX260918C06940000,2026-06-24 15:47:14+00:00,6940.0,621.7,0.0,0.0,3.0,0,call,2026-09-18,7730.990234375,2026-08-28T14:38:40.477756+00:00,reference-session last trade
SPX260918C06950000,2026-08-25 13:52:27+00:00,6950.0,750.7,798.0,802.8,2.0,3839,call,2026-09-18,7730.990234375,2026-08-28T14:38:40.477756+00:00,reference-session last trade
SPX260918C06960000,2026-08-18 17:08:25+00:00,6960.0,775.0,780.4,800.9,507.0,536,call,2026-09-18,7730.990234375,2026-08-28T14:38:40.477756+00:00,reference-session last trade
SPX260918C06970000,2026-05-18 18:04:40+00:00,6970.0,622.8,604.8,606.7,1.0,0,call,2026-09-18,7730.990234375,2026-08-28T14:38:40.477756+00:00,reference-session last trade
SPX260918C06975000,2026-08-19 15:56:19+00:00,6975.0,774.87,767.6,787.6,2.0,2189,call,2026-09-18,7730.990234375,2026-08-28T14:38:40.477756+00:00,reference-session last trade
SPX260918C06980000,2026-08-14 14:14:15+00:00,6980.0,855.73,760.4,780.9,7.0,9,call,2026-09-18,7730.990234375,2026-08-28T14:38:40.477756+00:00,reference-session last trade
SPX260918C06990000,2026-08-05 14:01:54+00:00,6990.0,833.54,749.0,768.9,1.0,66,call,2026-09-18,7730.990234375,2026-08-28T14:38:40.477756+00:00,reference-session last trade
SPX260918C06995000,2026-08-21 18:23:07+00:00,6995.0,704.34,746.9,767.4,3.0,7,call,2026-09-18,7730.990234375,2026-08-28T14:38:40.477756+00:00,reference-session last trade
SPXW260918C07000000,2026-08-27 18:54:43+00:00,7000.0,731.29,739.5,761.5,3.0,224,call,2026-09-18,7730.990234375,2026-08-28T14:38:40.477756+00:00,reference-session last trade
SPX260918C07005000,2026-08-25 16:24:55+00:00,7005.0,691.57,735.7,756.2,1.0,23,call,2026-09-18,7730.990234375,2026-08-28T14:38:40.477756+00:00,reference-session last trade
SPX260918C07010000,2026-08-05 13:30:39+00:00,7010.0,821.0,731.1,751.6,6.0,46,call,2026-09-18,7730.990234375,2026-08-28T14:38:40.477756+00:00,reference-session last trade
SPX260918C07015000,2026-07-30 18:49:37+00:00,7015.0,499.14,724.4,744.7,3.0,5,call,2026-09-18,7730.990234375,2026-08-28T14:38:40.477756+00:00,reference-session last trade
SPXW260918C07020000,2026-06-26 16:09:45+00:00,7020.0,522.11,0.0,0.0,1.0,0,call,2026-09-18,7730.990234375,2026-08-28T14:38:40.477756+00:00,reference-session last trade
SPX260918C07025000,2026-08-27 19:50:00+00:00,7025.0,716.8,716.0,736.5,1.0,1414,call,2026-09-18,7730.990234375,2026-08-28T14:38:40.477756+00:00,reference-session last trade
SPX260918C07030000,2026-08-04 14:37:01+00:00,7030.0,692.21,709.3,729.3,1.0,18,call,2026-09-18,7730.990234375,2026-08-28T14:38:40.477756+00:00,reference-session last trade
SPX260918C07035000,2026-06-23 18:33:06+00:00,7035.0,525.1,490.7,493.0,,1,call,2026-09-18,7730.990234375,2026-08-28T14:38:40.477756+00:00,reference-session last trade
SPXW260918C07040000,2026-07-31 18:18:00+00:00,7040.0,518.25,703.3,723.8,13.0,13,call,2026-09-18,7730.990234375,2026-08-28T14:38:40.477756+00:00,reference-session last trade
SPX260918C07045000,2026-06-23 19:05:16+00:00,7045.0,518.4,482.8,485.0,,1,call,2026-09-18,7730.990234375,2026-08-28T14:38:40.477756+00:00,reference-session last trade
SPX260918C07050000,2026-08-27 19:50:00+00:00,7050.0,692.4,699.2,703.9,2.0,4347,call,2026-09-18,7730.990234375,2026-08-28T14:38:40.477756+00:00,reference-session last trade
SPX260918C07055000,2026-08-05 19:46:40+00:00,7055.0,727.56,686.7,707.2,2.0,363,call,2026-09-18,7730.990234375,2026-08-28T14:38:40.477756+00:00,reference-session last trade
SPX260918C07060000,2026-08-25 19:23:33+00:00,7060.0,631.18,680.1,700.4,2.0,6,call,2026-09-18,7730.990234375,2026-08-28T14:38:40.477756+00:00,reference-session last trade
SPX260918C07065000,2026-06-18 15:01:27+00:00,7065.0,591.64,465.4,467.7,,1,call,2026-09-18,7730.990234375,2026-08-28T14:38:40.477756+00:00,reference-session last trade
SPX260918C07070000,2026-07-30 14:10:32+00:00,7070.0,430.42,672.3,692.8,1.0,2,call,2026-09-18,7730.990234375,2026-08-28T14:38:40.477756+00:00,reference-session last trade
SPXW260918C07075000,2026-07-13 19:42:16+00:00,7075.0,550.52,0.0,0.0,10.0,0,call,2026-09-18,7730.990234375,2026-08-28T14:38:40.477756+00:00,reference-session last trade
SPX260918C07080000,2026-08-20 14:33:09+00:00,7080.0,636.0,664.3,684.3,20.0,28,call,2026-09-18,7730.990234375,2026-08-28T14:38:40.477756+00:00,reference-session last trade
SPX260918C07085000,2026-08-25 19:23:33+00:00,7085.0,606.88,657.2,677.7,2.0,3,call,2026-09-18,7730.990234375,2026-08-28T14:38:40.477756+00:00,reference-session last trade
SPX260918C07090000,2026-08-12 20:13:06+00:00,7090.0,695.44,651.9,672.4,6.0,4,call,2026-09-18,7730.990234375,2026-08-28T14:38:40.477756+00:00,reference-session last trade
SPX260918C07095000,2026-08-04 17:26:58+00:00,7095.0,693.05,649.5,668.9,3.0,6,call,2026-09-18,7730.990234375,2026-08-28T14:38:40.477756+00:00,reference-session last trade
SPX260918C07100000,2026-08-27 19:50:00+00:00,7100.0,643.3,648.5,653.1,2.0,10968,call,2026-09-18,7730.990234375,2026-08-28T14:38:40.477756+00:00,reference-session last trade
SPX260918C07105000,2026-08-19 19:39:55+00:00,7105.0,639.32,637.5,658.0,1.0,4,call,2026-09-18,7730.990234375,2026-08-28T14:38:40.477756+00:00,reference-session last trade
SPX260918C07110000,2026-07-24 14:50:53+00:00,7110.0,422.33,0.0,0.0,1.0,0,call,2026-09-18,7730.990234375,2026-08-28T14:38:40.477756+00:00,reference-session last trade
SPX260918C07115000,2026-08-11 18:07:09+00:00,7115.0,656.71,629.5,649.9,3.0,9,call,2026-09-18,7730.990234375,2026-08-28T14:38:40.477756+00:00,reference-session last trade
SPXW260918C07120000,2026-08-05 19:59:30+00:00,7120.0,661.44,624.0,643.4,,10,call,2026-09-18,7730.990234375,2026-08-28T14:38:40.477756+00:00,reference-session last trade
SPXW260918C07125000,2026-08-17 15:12:06+00:00,7125.0,681.23,616.7,638.5,5.0,18,call,2026-09-18,7730.990234375,2026-08-28T14:38:40.477756+00:00,reference-session last trade
SPXW260918C07130000,2026-08-04 17:22:40+00:00,7130.0,657.67,614.8,635.4,2.0,6,call,2026-09-18,7730.990234375,2026-08-28T14:38:40.477756+00:00,reference-session last trade
SPXW260918C07135000,2026-08-05 19:40:23+00:00,7135.0,652.85,610.1,630.5,2.0,2,call,2026-09-18,7730.990234375,2026-08-28T14:38:40.477756+00:00,reference-session last trade
SPX260918C07140000,2026-07-30 14:54:52+00:00,7140.0,363.4,602.9,623.4,1.0,19,call,2026-09-18,7730.990234375,2026-08-28T14:38:40.477756+00:00,reference-session last trade
SPXW260918C07145000,2026-08-05 19:59:30+00:00,7145.0,637.98,599.6,618.3,10.0,10,call,2026-09-18,7730.990234375,2026-08-28T14:38:40.477756+00:00,reference-session last trade
SPXW260918C07150000,2026-08-27 16:37:30+00:00,7150.0,599.33,594.7,613.2,1.0,16,call,2026-09-18,7730.990234375,2026-08-28T14:38:40.477756+00:00,reference-session last trade
SPX260918C07155000,2026-08-18 19:20:07+00:00,7155.0,581.26,590.6,610.8,3.0,5,call,2026-09-18,7730.990234375,2026-08-28T14:38:40.477756+00:00,reference-session last trade
SPX260918C07160000,2026-07-31 18:42:10+00:00,7160.0,412.28,585.7,605.9,2.0,56,call,2026-09-18,7730.990234375,2026-08-28T14:38:40.477756+00:00,reference-session last trade
SPXW260918C07165000,2026-08-18 19:52:45+00:00,7165.0,571.88,580.1,599.4,,10,call,2026-09-18,7730.990234375,2026-08-28T14:38:40.477756+00:00,reference-session last trade
SPXW260918C07170000,2026-07-29 14:18:02+00:00,7170.0,344.0,575.1,595.4,2.0,8,call,2026-09-18,7730.990234375,2026-08-28T14:38:40.477756+00:00,reference-session last trade
SPX260918C07175000,2026-07-30 15:22:15+00:00,7175.0,332.1,568.9,589.4,7.0,2179,call,2026-09-18,7730.990234375,2026-08-28T14:38:40.477756+00:00,reference-session last trade
SPX260918C07180000,2026-07-28 18:56:05+00:00,7180.0,375.3,564.4,583.1,1.0,17,call,2026-09-18,7730.990234375,2026-08-28T14:38:40.477756+00:00,reference-session last trade
SPXW260918C07185000,2026-08-03 18:22:11+00:00,7185.0,488.91,560.5,581.7,1.0,6,call,2026-09-18,7730.990234375,2026-08-28T14:38:40.477756+00:00,reference-session last trade
SPXW260918C07190000,2026-07-29 19:23:29+00:00,7190.0,324.0,555.6,575.0,3.0,5,call,2026-09-18,7730.990234375,2026-08-28T14:38:40.477756+00:00,reference-session last trade
SPXW260918C07195000,2026-08-24 14:58:09+00:00,7195.0,492.23,550.7,570.4,3.0,21,call,2026-09-18,7730.990234375,2026-08-28T14:38:40.477756+00:00,reference-session last trade
SPXW260918C07200000,2026-08-28 13:30:02+00:00,7200.0,553.35,546.6,567.1,1.0,2061,call,2026-09-18,7730.990234375,2026-08-28T14:38:40.477756+00:00,reference-session last trade
SPX260918C07205000,2026-08-17 17:35:11+00:00,7205.0,587.87,537.9,558.2,3.0,34,call,2026-09-18,7730.990234375,2026-08-28T14:38:40.477756+00:00,reference-session last trade
SPX260918C07210000,2026-07-29 13:23:28+00:00,7210.0,343.7,536.9,557.1,5.0,1626,call,2026-09-18,7730.990234375,2026-08-28T14:38:40.477756+00:00,reference-session last trade
SPX260918C07215000,2026-07-21 14:41:37+00:00,7215.0,395.7,0.0,0.0,1.0,0,call,2026-09-18,7730.990234375,2026-08-28T14:38:40.477756+00:00,reference-session last trade
SPXW260918C07220000,2026-08-26 13:43:37+00:00,7220.0,488.42,523.7,545.8,1.0,17,call,2026-09-18,7730.990234375,2026-08-28T14:38:40.477756+00:00,reference-session last trade
SPXW260918C07225000,2026-08-03 15:55:03+00:00,7225.0,437.4,522.2,542.8,1.0,47,call,2026-09-18,7730.990234375,2026-08-28T14:38:40.477756+00:00,reference-session last trade
SPX260918C07230000,2026-08-25 15:14:52+00:00,7230.0,465.1,513.8,533.8,3.0,118,call,2026-09-18,7730.990234375,2026-08-28T14:38:40.477756+00:00,reference-session last trade
SPXW260918C07235000,2026-07-27 19:25:00+00:00,7235.0,322.6,511.8,530.2,6.0,10,call,2026-09-18,7730.990234375,2026-08-28T14:38:40.477756+00:00,reference-session last trade
SPX260918C07240000,2026-07-29 18:08:41+00:00,7240.0,304.68,505.3,525.8,2.0,258,call,2026-09-18,7730.990234375,2026-08-28T14:38:40.477756+00:00,reference-session last trade
SPXW260918C07245000,2026-07-30 17:00:05+00:00,7245.0,302.0,500.1,521.6,3.0,95,call,2026-09-18,7730.990234375,2026-08-28T14:38:40.477756+00:00,reference-session last trade
SPX260918C07250000,2026-08-27 19:48:04+00:00,7250.0,496.7,504.1,508.6,2.0,5267,call,2026-09-18,7730.990234375,2026-08-28T14:38:40.477756+00:00,reference-session last trade
SPXW260918C07255000,2026-08-19 19:22:06+00:00,7255.0,500.84,493.1,513.8,10.0,26,call,2026-09-18,7730.990234375,2026-08-28T14:38:40.477756+00:00,reference-session last trade
SPX260918C07260000,2026-08-14 18:37:35+00:00,7260.0,559.51,486.2,506.7,2.0,244,call,2026-09-18,7730.990234375,2026-08-28T14:38:40.477756+00:00,reference-session last trade
SPXW260918C07265000,2026-08-04 18:55:04+00:00,7265.0,543.08,483.5,504.1,1.0,11,call,2026-09-18,7730.990234375,2026-08-28T14:38:40.477756+00:00,reference-session last trade
SPXW260918C07270000,2026-08-17 18:05:47+00:00,7270.0,525.58,477.9,498.2,1.0,32,call,2026-09-18,7730.990234375,2026-08-28T14:38:40.477756+00:00,reference-session last trade
SPXW260918C07275000,2026-08-27 16:41:26+00:00,7275.0,480.83,473.9,494.5,1.0,301,call,2026-09-18,7730.990234375,2026-08-28T14:38:40.477756+00:00,reference-session last trade
SPXW260918C07280000,2026-08-19 19:22:06+00:00,7280.0,477.55,468.3,488.7,10.0,60,call,2026-09-18,7730.990234375,2026-08-28T14:38:40.477756+00:00,reference-session last trade
SPXW260918C07285000,2026-07-31 14:53:50+00:00,7285.0,290.5,463.8,484.9,7.0,8,call,2026-09-18,7730.990234375,2026-08-28T14:38:40.477756+00:00,reference-session last trade
SPXW260918C07290000,2026-07-31 13:40:22+00:00,7290.0,294.2,459.3,480.1,3.0,47,call,2026-09-18,7730.990234375,2026-08-28T14:38:40.477756+00:00,reference-session last trade
SPXW260918C07295000,2026-08-05 14:59:37+00:00,7295.0,529.11,453.8,472.3,1.0,5,call,2026-09-18,7730.990234375,2026-08-28T14:38:40.477756+00:00,reference-session last trade
SPX260918C07300000,2026-08-27 19:09:40+00:00,7300.0,444.34,453.8,458.3,10.0,33929,call,2026-09-18,7730.990234375,2026-08-28T14:38:40.477756+00:00,reference-session last trade
SPXW260918C07305000,2026-08-27 15:12:27+00:00,7305.0,442.87,444.2,462.9,100.0,112,call,2026-09-18,7730.990234375,2026-08-28T14:38:40.477756+00:00,reference-session last trade
SPXW260918C07310000,2026-08-27 15:54:48+00:00,7310.0,439.57,440.1,461.1,6.0,25,call,2026-09-18,7730.990234375,2026-08-28T14:38:40.477756+00:00,reference-session last trade
SPX260918C07315000,2026-08-13 16:38:46+00:00,7315.0,517.38,440.7,445.1,1.0,13,call,2026-09-18,7730.990234375,2026-08-28T14:38:40.477756+00:00,reference-session last trade
SPX260918C07320000,2026-08-17 18:56:49+00:00,7320.0,480.45,437.1,441.5,5.0,101,call,2026-09-18,7730.990234375,2026-08-28T14:38:40.477756+00:00,reference-session last trade
SPX260918C07325000,2026-08-18 19:57:46+00:00,7325.0,419.8,432.0,436.5,4.0,3146,call,2026-09-18,7730.990234375,2026-08-28T14:38:40.477756+00:00,reference-session last trade
SPXW260918C07330000,2026-07-30 19:45:40+00:00,7330.0,253.4,420.6,442.0,11.0,56,call,2026-09-18,7730.990234375,2026-08-28T14:38:40.477756+00:00,reference-session last trade
SPX260918C07335000,2026-08-17 18:59:00+00:00,7335.0,466.2,424.6,429.1,4.0,123,call,2026-09-18,7730.990234375,2026-08-28T14:38:40.477756+00:00,reference-session last trade
SPX260918C07340000,2026-08-26 16:53:57+00:00,7340.0,357.09,415.5,419.9,6.0,321,call,2026-09-18,7730.990234375,2026-08-28T14:38:40.477756+00:00,reference-session last trade
SPXW260918C07345000,2026-08-19 16:24:28+00:00,7345.0,434.34,406.0,424.9,1.0,181,call,2026-09-18,7730.990234375,2026-08-28T14:38:40.477756+00:00,reference-session last trade
SPX260918C07350000,2026-08-26 18:16:11+00:00,7350.0,358.85,407.4,411.9,3.0,7356,call,2026-09-18,7730.990234375,2026-08-28T14:38:40.477756+00:00,reference-session last trade
SPX260918C07355000,2026-08-24 15:26:47+00:00,7355.0,340.12,400.9,405.4,1.0,330,call,2026-09-18,7730.990234375,2026-08-28T14:38:40.477756+00:00,reference-session last trade
SPX260918C07360000,2026-08-25 14:30:29+00:00,7360.0,335.7,400.8,405.2,17.0,485,call,2026-09-18,7730.990234375,2026-08-28T14:38:40.477756+00:00,reference-session last trade
SPX260918C07365000,2026-08-21 19:52:41+00:00,7365.0,360.05,393.4,397.8,10.0,551,call,2026-09-18,7730.990234375,2026-08-28T14:38:40.477756+00:00,reference-session last trade
SPX260918C07370000,2026-08-26 18:18:07+00:00,7370.0,342.21,389.2,393.5,1.0,686,call,2026-09-18,7730.990234375,2026-08-28T14:38:40.477756+00:00,reference-session last trade
SPX260918C07375000,2026-08-27 19:50:00+00:00,7375.0,378.0,382.0,386.4,1.0,7346,call,2026-09-18,7730.990234375,2026-08-28T14:38:40.477756+00:00,reference-session last trade
SPXW260918C07380000,2026-08-25 13:30:14+00:00,7380.0,343.49,372.8,393.4,2.0,91,call,2026-09-18,7730.990234375,2026-08-28T14:38:40.477756+00:00,reference-session last trade
SPXW260918C07385000,2026-08-27 17:02:30+00:00,7385.0,383.69,377.1,383.2,1.0,77,call,2026-09-18,7730.990234375,2026-08-28T14:38:40.477756+00:00,reference-session last trade
SPX260918C07390000,2026-08-26 14:04:35+00:00,7390.0,335.2,369.7,374.1,1.0,897,call,2026-09-18,7730.990234375,2026-08-28T14:38:40.477756+00:00,reference-session last trade
SPXW260918C07395000,2026-08-27 13:58:12+00:00,7395.0,336.25,365.9,372.1,4.0,29,call,2026-09-18,7730.990234375,2026-08-28T14:38:40.477756+00:00,reference-session last trade
SPXW260918C07400000,2026-08-28 13:30:02+00:00,7400.0,362.5,363.0,369.1,1.0,1021,call,2026-09-18,7730.990234375,2026-08-28T14:38:40.477756+00:00,reference-session last trade
SPX260918C07405000,2026-08-17 18:59:00+00:00,7405.0,402.03,354.2,358.5,5.0,1902,call,2026-09-18,7730.990234375,2026-08-28T14:38:40.477756+00:00,reference-session last trade
SPX260918C07410000,2026-08-27 13:30:02+00:00,7410.0,326.14,349.9,354.2,1.0,6819,call,2026-09-18,7730.990234375,2026-08-28T14:38:40.477756+00:00,reference-session last trade
SPXW260918C07415000,2026-08-27 13:58:12+00:00,7415.0,318.02,346.0,352.1,4.0,54,call,2026-09-18,7730.990234375,2026-08-28T14:38:40.477756+00:00,reference-session last trade
SPXW260918C07420000,2026-08-25 18:36:19+00:00,7420.0,298.33,341.4,347.4,1.0,97,call,2026-09-18,7730.990234375,2026-08-28T14:38:40.477756+00:00,reference-session last trade
SPX260918C07425000,2026-08-21 19:44:49+00:00,7425.0,308.6,337.3,341.7,10.0,7185,call,2026-09-18,7730.990234375,2026-08-28T14:38:40.477756+00:00,reference-session last trade
SPXW260918C07430000,2026-08-27 19:46:40+00:00,7430.0,328.62,331.7,337.5,1.0,81,call,2026-09-18,7730.990234375,2026-08-28T14:38:40.477756+00:00,reference-session last trade
SPX260918C07435000,2026-08-21 16:38:16+00:00,7435.0,300.07,327.7,332.1,1.0,5034,call,2026-09-18,7730.990234375,2026-08-28T14:38:40.477756+00:00,reference-session last trade
SPXW260918C07440000,2026-08-21 16:41:27+00:00,7440.0,298.53,321.7,327.7,1.0,71,call,2026-09-18,7730.990234375,2026-08-28T14:38:40.477756+00:00,reference-session last trade
SPXW260918C07445000,2026-08-24 13:30:15+00:00,7445.0,272.74,320.5,327.0,1.0,49,call,2026-09-18,7730.990234375,2026-08-28T14:38:40.477756+00:00,reference-session last trade
SPXW260918C07450000,2026-08-28 14:13:19+00:00,7450.0,302.86,316.0,322.4,1.0,347,call,2026-09-18,7730.990234375,2026-08-28T14:38:40.477756+00:00,reference-session last trade
SPX260918C07455000,2026-08-17 18:59:00+00:00,7455.0,357.32,308.8,312.1,2.0,4419,call,2026-09-18,7730.990234375,2026-08-28T14:38:40.477756+00:00,reference-session last trade
SPXW260918C07460000,2026-08-25 18:36:19+00:00,7460.0,263.25,306.4,312.4,1.0,28,call,2026-09-18,7730.990234375,2026-08-28T14:38:40.477756+00:00,reference-session last trade
SPXW260918C07465000,2026-07-31 13:50:49+00:00,7465.0,163.5,301.2,307.5,1.0,12,call,2026-09-18,7730.990234375,2026-08-28T14:38:40.477756+00:00,reference-session last trade
SPXW260918C07470000,2026-08-27 19:37:57+00:00,7470.0,291.04,295.3,300.7,14.0,76,call,2026-09-18,7730.990234375,2026-08-28T14:38:40.477756+00:00,reference-session last trade
SPX260918C07475000,2026-08-27 18:24:29+00:00,7475.0,284.05,291.3,295.1,50.0,9757,call,2026-09-18,7730.990234375,2026-08-28T14:38:40.477756+00:00,reference-session last trade
SPX260918C07480000,2026-08-21 14:50:17+00:00,7480.0,251.75,288.4,292.1,2.0,3329,call,2026-09-18,7730.990234375,2026-08-28T14:38:40.477756+00:00,reference-session last trade
SPXW260918C07485000,2026-08-13 18:04:28+00:00,7485.0,367.73,283.7,289.6,14.0,18,call,2026-09-18,7730.990234375,2026-08-28T14:38:40.477756+00:00,reference-session last trade
SPXW260918C07490000,2026-08-27 18:54:07+00:00,7490.0,263.57,277.2,283.0,5.0,56,call,2026-09-18,7730.990234375,2026-08-28T14:38:40.477756+00:00,reference-session last trade
SPX260918C07495000,2026-08-19 14:37:01+00:00,7495.0,291.9,272.6,275.9,8.0,5213,call,2026-09-18,7730.990234375,2026-08-28T14:38:40.477756+00:00,reference-session last trade
SPX260918C07500000,2026-08-27 19:09:40+00:00,7500.0,269.7,267.0,271.3,2.0,61434,call,2026-09-18,7730.990234375,2026-08-28T14:38:40.477756+00:00,reference-session last trade
SPXW260918C07505000,2026-08-18 18:43:07+00:00,7505.0,270.15,267.2,272.9,2.0,62,call,2026-09-18,7730.990234375,2026-08-28T14:38:40.477756+00:00,reference-session last trade
SPXW260918C07510000,2026-08-21 14:20:10+00:00,7510.0,225.8,260.1,265.9,15.0,116,call,2026-09-18,7730.990234375,2026-08-28T14:38:40.477756+00:00,reference-session last trade
SPXW260918C07515000,2026-08-26 19:33:21+00:00,7515.0,227.23,255.0,260.7,2.0,52,call,2026-09-18,7730.990234375,2026-08-28T14:38:40.477756+00:00,reference-session last trade
SPX260918C07520000,2026-08-25 18:10:36+00:00,7520.0,209.61,250.3,253.5,9.0,5538,call,2026-09-18,7730.990234375,2026-08-28T14:38:40.477756+00:00,reference-session last trade
SPX260918C07525000,2026-08-26 18:54:10+00:00,7525.0,215.53,246.4,250.4,22.0,7608,call,2026-09-18,7730.990234375,2026-08-28T14:38:40.477756+00:00,reference-session last trade
SPX260918C07530000,2026-08-24 13:52:07+00:00,7530.0,193.11,242.8,246.0,19.0,8237,call,2026-09-18,7730.990234375,2026-08-28T14:38:40.477756+00:00,reference-session last trade
SPXW260918C07535000,2026-08-28 13:37:19+00:00,7535.0,245.17,236.7,242.3,5.0,57,call,2026-09-18,7730.990234375,2026-08-28T14:38:40.477756+00:00,reference-session last trade
SPXW260918C07540000,2026-08-27 17:18:15+00:00,7540.0,243.24,227.4,242.4,2.0,68,call,2026-09-18,7730.990234375,2026-08-28T14:38:40.477756+00:00,reference-session last trade
SPX260918C07545000,2026-08-26 14:02:40+00:00,7545.0,203.0,230.0,234.1,4.0,9568,call,2026-09-18,7730.990234375,2026-08-28T14:38:40.477756+00:00,reference-session last trade
SPXW260918C07550000,2026-08-28 14:18:44+00:00,7550.0,224.33,223.4,229.0,9.0,2557,call,2026-09-18,7730.990234375,2026-08-28T14:38:40.477756+00:00,reference-session last trade
SPXW260918C07555000,2026-08-25 14:09:01+00:00,7555.0,188.7,219.2,224.7,21.0,23,call,2026-09-18,7730.990234375,2026-08-28T14:38:40.477756+00:00,reference-session last trade
SPXW260918C07560000,2026-08-28 13:50:32+00:00,7560.0,220.69,218.4,223.9,6.0,87,call,2026-09-18,7730.990234375,2026-08-28T14:38:40.477756+00:00,reference-session last trade
SPX260918C07565000,2026-08-26 20:10:33+00:00,7565.0,186.09,214.2,218.5,2.0,7565,call,2026-09-18,7730.990234375,2026-08-28T14:38:40.477756+00:00,reference-session last trade
SPX260918C07570000,2026-08-20 18:04:04+00:00,7570.0,181.43,207.5,211.7,3.0,5147,call,2026-09-18,7730.990234375,2026-08-28T14:38:40.477756+00:00,reference-session last trade
SPXW260918C07575000,2026-08-28 13:50:32+00:00,7575.0,208.09,203.6,209.0,4.0,337,call,2026-09-18,7730.990234375,2026-08-28T14:38:40.477756+00:00,reference-session last trade
SPXW260918C07580000,2026-08-25 16:15:52+00:00,7580.0,169.2,201.3,206.7,3.0,611,call,2026-09-18,7730.990234375,2026-08-28T14:38:40.477756+00:00,reference-session last trade
SPX260918C07585000,2026-08-19 15:11:30+00:00,7585.0,225.69,197.5,201.5,3.0,6102,call,2026-09-18,7730.990234375,2026-08-28T14:38:40.477756+00:00,reference-session last trade
SPX260918C07590000,2026-08-26 20:04:25+00:00,7590.0,166.6,192.7,196.0,13.0,10272,call,2026-09-18,7730.990234375,2026-08-28T14:38:40.477756+00:00,reference-session last trade
SPXW260918C07595000,2026-08-26 20:01:02+00:00,7595.0,190.86,189.4,194.6,1.0,92,call,2026-09-18,7730.990234375,2026-08-28T14:38:40.477756+00:00,reference-session last trade
SPXW260918C07600000,2026-08-28 13:40:06+00:00,7600.0,189.92,183.6,188.6,1.0,3642,call,2026-09-18,7730.990234375,2026-08-28T14:38:40.477756+00:00,reference-session last trade
SPX260918C07605000,2026-08-28 14:07:10+00:00,7605.0,173.01,179.9,184.0,2.0,8392,call,2026-09-18,7730.990234375,2026-08-28T14:38:40.477756+00:00,reference-session last trade
SPX260918C07610000,2026-08-28 14:07:27+00:00,7610.0,170.66,175.0,179.2,8.0,9059,call,2026-09-18,7730.990234375,2026-08-28T14:38:40.477756+00:00,reference-session last trade
SPX260918C07615000,2026-08-28 14:09:28+00:00,7615.0,169.18,170.5,174.7,8.0,5869,call,2026-09-18,7730.990234375,2026-08-28T14:38:40.477756+00:00,reference-session last trade
SPXW260918C07620000,2026-08-27 14:53:37+00:00,7620.0,162.34,169.8,174.9,45.0,443,call,2026-09-18,7730.990234375,2026-08-28T14:38:40.477756+00:00,reference-session last trade
SPX260918C07625000,2026-08-28 14:20:25+00:00,7625.0,165.15,162.9,166.9,14.0,6035,call,2026-09-18,7730.990234375,2026-08-28T14:38:40.477756+00:00,reference-session last trade
SPX260918C07630000,2026-08-28 14:20:25+00:00,7630.0,160.87,161.1,165.2,10.0,5144,call,2026-09-18,7730.990234375,2026-08-28T14:38:40.477756+00:00,reference-session last trade
SPX260918C07635000,2026-08-28 14:20:27+00:00,7635.0,157.33,156.3,160.4,8.0,4943,call,2026-09-18,7730.990234375,2026-08-28T14:38:40.477756+00:00,reference-session last trade
SPX260918C07640000,2026-08-28 14:07:10+00:00,7640.0,146.39,151.0,155.2,12.0,6047,call,2026-09-18,7730.990234375,2026-08-28T14:38:40.477756+00:00,reference-session last trade
SPX260918C07645000,2026-08-28 13:47:10+00:00,7645.0,153.7,147.3,151.5,7.0,1689,call,2026-09-18,7730.990234375,2026-08-28T14:38:40.477756+00:00,reference-session last trade
SPX260918C07650000,2026-08-28 14:13:17+00:00,7650.0,135.45,144.0,148.1,19.0,12724,call,2026-09-18,7730.990234375,2026-08-28T14:38:40.477756+00:00,reference-session last trade
SPX260918C07655000,2026-08-28 14:21:32+00:00,7655.0,141.67,140.3,143.9,8.0,1048,call,2026-09-18,7730.990234375,2026-08-28T14:38:40.477756+00:00,reference-session last trade
SPX260918C07660000,2026-08-28 14:12:08+00:00,7660.0,130.12,137.6,141.6,16.0,1439,call,2026-09-18,7730.990234375,2026-08-28T14:38:40.477756+00:00,reference-session last trade
SPXW260918C07665000,2026-08-27 18:04:11+00:00,7665.0,136.95,137.6,138.2,2.0,110,call,2026-09-18,7730.990234375,2026-08-28T14:38:40.477756+00:00,reference-session last trade
SPX260918C07670000,2026-08-28 14:20:32+00:00,7670.0,131.4,130.4,131.7,25.0,6437,call,2026-09-18,7730.990234375,2026-08-28T14:38:40.477756+00:00,reference-session last trade
SPX260918C07675000,2026-08-28 13:38:12+00:00,7675.0,130.8,127.1,128.2,9.0,3984,call,2026-09-18,7730.990234375,2026-08-28T14:38:40.477756+00:00,reference-session last trade
SPX260918C07680000,2026-08-28 13:56:07+00:00,7680.0,125.1,123.3,124.4,21.0,9536,call,2026-09-18,7730.990234375,2026-08-28T14:38:40.477756+00:00,reference-session last trade
SPXW260918C07685000,2026-08-28 14:04:06+00:00,7685.0,119.11,123.0,123.8,2.0,641,call,2026-09-18,7730.990234375,2026-08-28T14:38:40.477756+00:00,reference-session last trade
SPXW260918C07690000,2026-08-28 14:04:18+00:00,7690.0,116.33,119.8,120.4,1.0,176,call,2026-09-18,7730.990234375,2026-08-28T14:38:40.477756+00:00,reference-session last trade
SPX260918C07695000,2026-08-28 14:14:46+00:00,7695.0,104.61,113.1,114.4,52.0,11494,call,2026-09-18,7730.990234375,2026-08-28T14:38:40.477756+00:00,reference-session last trade
SPXW260918C07700000,2026-08-28 14:13:04+00:00,7700.0,103.91,111.2,111.8,120.0,3258,call,2026-09-18,7730.990234375,2026-08-28T14:38:40.477756+00:00,reference-session last trade
SPXW260918C07705000,2026-08-27 20:04:30+00:00,7705.0,105.9,108.4,109.0,7.0,275,call,2026-09-18,7730.990234375,2026-08-28T14:38:40.477756+00:00,reference-session last trade
SPXW260918C07710000,2026-08-28 14:05:02+00:00,7710.0,104.46,105.0,105.8,3.0,188,call,2026-09-18,7730.990234375,2026-08-28T14:38:40.477756+00:00,reference-session last trade
SPXW260918C07715000,2026-08-27 20:04:30+00:00,7715.0,99.7,103.2,103.8,27.0,651,call,2026-09-18,7730.990234375,2026-08-28T14:38:40.477756+00:00,reference-session last trade
SPXW260918C07720000,2026-08-28 14:15:06+00:00,7720.0,91.1,98.6,99.4,6.0,261,call,2026-09-18,7730.990234375,2026-08-28T14:38:40.477756+00:00,reference-session last trade
SPX260918C07725000,2026-08-28 14:12:01+00:00,7725.0,88.07,94.9,96.0,12.0,7270,call,2026-09-18,7730.990234375,2026-08-28T14:38:40.477756+00:00,reference-session last trade
SPXW260918C07730000,2026-08-28 14:10:41+00:00,7730.0,88.4,92.4,93.1,52.0,210,call,2026-09-18,7730.990234375,2026-08-28T14:38:40.477756+00:00,reference-session last trade
SPXW260918C07735000,2026-08-28 14:20:47+00:00,7735.0,89.44,88.3,89.0,30.0,134,call,2026-09-18,7730.990234375,2026-08-28T14:38:40.477756+00:00,reference-session last trade
SPXW260918C07740000,2026-08-28 14:22:39+00:00,7740.0,87.9,86.9,87.5,115.0,311,call,2026-09-18,7730.990234375,2026-08-28T14:38:40.477756+00:00,reference-session last trade
SPX260918C07745000,2026-08-28 14:14:46+00:00,7745.0,74.0,82.1,82.9,875.0,3118,call,2026-09-18,7730.990234375,2026-08-28T14:38:40.477756+00:00,reference-session last trade
SPX260918C07750000,2026-08-28 14:13:17+00:00,7750.0,72.37,79.3,80.1,1342.0,26589,call,2026-09-18,7730.990234375,2026-08-28T14:38:40.477756+00:00,reference-session last trade
SPXW260918C07755000,2026-08-28 14:07:04+00:00,7755.0,74.3,78.4,79.0,4.0,78,call,2026-09-18,7730.990234375,2026-08-28T14:38:40.477756+00:00,reference-session last trade
SPXW260918C07760000,2026-08-28 14:02:37+00:00,7760.0,76.14,75.6,76.2,74.0,736,call,2026-09-18,7730.990234375,2026-08-28T14:38:40.477756+00:00,reference-session last trade
SPX260918C07765000,2026-08-27 20:01:15+00:00,7765.0,72.0,72.7,73.5,26.0,8334,call,2026-09-18,7730.990234375,2026-08-28T14:38:40.477756+00:00,reference-session last trade
SPX260918C07770000,2026-08-28 14:22:26+00:00,7770.0,69.09,67.8,68.6,107.0,9972,call,2026-09-18,7730.990234375,2026-08-28T14:38:40.477756+00:00,reference-session last trade
SPX260918C07775000,2026-08-28 13:45:39+00:00,7775.0,69.68,66.2,67.0,20.0,12237,call,2026-09-18,7730.990234375,2026-08-28T14:38:40.477756+00:00,reference-session last trade
SPXW260918C07780000,2026-08-28 14:20:53+00:00,7780.0,64.8,66.2,66.8,33.0,562,call,2026-09-18,7730.990234375,2026-08-28T14:38:40.477756+00:00,reference-session last trade
SPX260918C07785000,2026-08-28 13:57:40+00:00,7785.0,63.69,60.4,61.1,2.0,6029,call,2026-09-18,7730.990234375,2026-08-28T14:38:40.477756+00:00,reference-session last trade
SPX260918C07790000,2026-08-28 14:15:50+00:00,7790.0,53.99,58.7,59.5,15.0,3576,call,2026-09-18,7730.990234375,2026-08-28T14:38:40.477756+00:00,reference-session last trade
SPX260918C07795000,2026-08-28 13:45:39+00:00,7795.0,60.0,55.8,56.5,24.0,2506,call,2026-09-18,7730.990234375,2026-08-28T14:38:40.477756+00:00,reference-session last trade
SPX260918C07800000,2026-08-28 14:22:26+00:00,7800.0,54.68,54.4,55.2,577.0,44309,call,2026-09-18,7730.990234375,2026-08-28T14:38:40.477756+00:00,reference-session last trade
SPXW260918C07805000,2026-08-27 19:09:31+00:00,7805.0,51.18,53.6,54.2,44.0,131,call,2026-09-18,7730.990234375,2026-08-28T14:38:40.477756+00:00,reference-session last trade
SPX260918C07810000,2026-08-28 13:57:40+00:00,7810.0,52.32,50.7,51.4,2.0,4151,call,2026-09-18,7730.990234375,2026-08-28T14:38:40.477756+00:00,reference-session last trade
SPXW260918C07815000,2026-08-28 13:54:11+00:00,7815.0,51.09,48.6,49.1,51.0,114,call,2026-09-18,7730.990234375,2026-08-28T14:38:40.477756+00:00,reference-session last trade
SPXW260918C07820000,2026-08-28 13:36:22+00:00,7820.0,49.36,47.2,47.7,10.0,2045,call,2026-09-18,7730.990234375,2026-08-28T14:38:40.477756+00:00,reference-session last trade
SPXW260918C07825000,2026-08-28 14:07:04+00:00,7825.0,42.97,45.5,46.0,3.0,1618,call,2026-09-18,7730.990234375,2026-08-28T14:38:40.477756+00:00,reference-session last trade
SPXW260918C07830000,2026-08-27 17:40:01+00:00,7830.0,49.1,44.0,44.6,10.0,326,call,2026-09-18,7730.990234375,2026-08-28T14:38:40.477756+00:00,reference-session last trade
SPX260918C07835000,2026-08-27 19:11:32+00:00,7835.0,38.31,39.8,40.6,10.0,1729,call,2026-09-18,7730.990234375,2026-08-28T14:38:40.477756+00:00,reference-session last trade
SPXW260918C07840000,2026-08-28 13:45:34+00:00,7840.0,42.9,39.6,40.0,2.0,274,call,2026-09-18,7730.990234375,2026-08-28T14:38:40.477756+00:00,reference-session last trade
SPXW260918C07845000,2026-08-28 13:53:01+00:00,7845.0,39.61,37.8,38.4,4.0,85,call,2026-09-18,7730.990234375,2026-08-28T14:38:40.477756+00:00,reference-session last trade
SPXW260918C07850000,2026-08-28 14:21:47+00:00,7850.0,36.55,37.0,37.5,39.0,2071,call,2026-09-18,7730.990234375,2026-08-28T14:38:40.477756+00:00,reference-session last trade
SPX260918C07855000,2026-08-28 14:19:47+00:00,7855.0,33.1,33.0,33.7,12.0,1177,call,2026-09-18,7730.990234375,2026-08-28T14:38:40.477756+00:00,reference-session last trade
SPX260918C07860000,2026-08-28 14:19:47+00:00,7860.0,31.6,31.6,32.3,1.0,1429,call,2026-09-18,7730.990234375,2026-08-28T14:38:40.477756+00:00,reference-session last trade
SPXW260918C07865000,2026-08-28 13:45:21+00:00,7865.0,35.07,32.2,32.7,1.0,193,call,2026-09-18,7730.990234375,2026-08-28T14:38:40.477756+00:00,reference-session last trade
SPXW260918C07870000,2026-08-28 13:45:47+00:00,7870.0,32.77,30.6,30.9,50.0,242,call,2026-09-18,7730.990234375,2026-08-28T14:38:40.477756+00:00,reference-session last trade
SPX260918C07875000,2026-08-28 14:12:23+00:00,7875.0,24.82,27.2,27.9,124.0,6439,call,2026-09-18,7730.990234375,2026-08-28T14:38:40.477756+00:00,reference-session last trade
SPX260918C07880000,2026-08-27 17:46:49+00:00,7880.0,30.09,26.3,27.0,109.0,561,call,2026-09-18,7730.990234375,2026-08-28T14:38:40.477756+00:00,reference-session last trade
SPX260918C07885000,2026-08-27 17:04:35+00:00,7885.0,29.2,24.7,25.4,100.0,446,call,2026-09-18,7730.990234375,2026-08-28T14:38:40.477756+00:00,reference-session last trade
SPXW260918C07890000,2026-08-28 14:14:42+00:00,7890.0,21.7,24.8,25.2,51.0,1348,call,2026-09-18,7730.990234375,2026-08-28T14:38:40.477756+00:00,reference-session last trade
SPX260918C07895000,2026-08-27 20:01:21+00:00,7895.0,23.5,22.2,22.9,78.0,254,call,2026-09-18,7730.990234375,2026-08-28T14:38:40.477756+00:00,reference-session last trade
SPXW260918C07900000,2026-08-28 14:22:04+00:00,7900.0,22.3,22.2,22.6,1480.0,3398,call,2026-09-18,7730.990234375,2026-08-28T14:38:40.477756+00:00,reference-session last trade
SPX260918C07905000,2026-08-27 19:50:40+00:00,7905.0,20.04,20.5,21.2,6.0,293,call,2026-09-18,7730.990234375,2026-08-28T14:38:40.477756+00:00,reference-session last trade
SPX260918C07910000,2026-08-27 19:49:52+00:00,7910.0,17.86,19.1,19.7,1.0,1500,call,2026-09-18,7730.990234375,2026-08-28T14:38:40.477756+00:00,reference-session last trade
SPXW260918C07915000,2026-08-28 13:40:07+00:00,7915.0,20.7,18.8,19.2,16.0,1268,call,2026-09-18,7730.990234375,2026-08-28T14:38:40.477756+00:00,reference-session last trade
SPXW260918C07920000,2026-08-28 13:48:34+00:00,7920.0,20.78,17.6,18.0,5.0,374,call,2026-09-18,7730.990234375,2026-08-28T14:38:40.477756+00:00,reference-session last trade
SPX260918C07925000,2026-08-28 14:19:03+00:00,7925.0,15.41,15.6,16.2,6.0,3577,call,2026-09-18,7730.990234375,2026-08-28T14:38:40.477756+00:00,reference-session last trade
SPX260918C07930000,2026-08-28 13:48:25+00:00,7930.0,18.08,14.9,15.5,2.0,517,call,2026-09-18,7730.990234375,2026-08-28T14:38:40.477756+00:00,reference-session last trade
SPXW260918C07935000,2026-08-27 14:50:40+00:00,7935.0,15.25,15.4,15.9,2.0,26,call,2026-09-18,7730.990234375,2026-08-28T14:38:40.477756+00:00,reference-session last trade
SPXW260918C07940000,2026-08-28 14:09:26+00:00,7940.0,14.15,14.0,14.4,1.0,311,call,2026-09-18,7730.990234375,2026-08-28T14:38:40.477756+00:00,reference-session last trade
SPXW260918C07945000,2026-08-27 18:14:00+00:00,7945.0,13.99,13.4,13.7,3.0,45,call,2026-09-18,7730.990234375,2026-08-28T14:38:40.477756+00:00,reference-session last trade
SPX260918C07950000,2026-08-28 14:20:48+00:00,7950.0,12.1,11.6,12.1,17.0,9113,call,2026-09-18,7730.990234375,2026-08-28T14:38:40.477756+00:00,reference-session last trade
SPXW260918C07955000,2026-08-27 14:45:08+00:00,7955.0,11.24,12.0,12.4,4.0,110,call,2026-09-18,7730.990234375,2026-08-28T14:38:40.477756+00:00,reference-session last trade
SPXW260918C07960000,2026-08-28 14:17:08+00:00,7960.0,10.35,11.1,11.4,21.0,252,call,2026-09-18,7730.990234375,2026-08-28T14:38:40.477756+00:00,reference-session last trade
SPXW260918C07965000,2026-08-28 14:16:20+00:00,7965.0,9.5,10.4,10.7,134.0,89,call,2026-09-18,7730.990234375,2026-08-28T14:38:40.477756+00:00,reference-session last trade
SPXW260918C07970000,2026-08-28 13:45:03+00:00,7970.0,11.88,9.8,10.1,4.0,203,call,2026-09-18,7730.990234375,2026-08-28T14:38:40.477756+00:00,reference-session last trade
SPXW260918C07975000,2026-08-28 14:16:29+00:00,7975.0,8.5,9.2,9.5,10.0,589,call,2026-09-18,7730.990234375,2026-08-28T14:38:40.477756+00:00,reference-session last trade
SPXW260918C07980000,2026-08-28 13:45:03+00:00,7980.0,10.6,8.9,9.2,4.0,241,call,2026-09-18,7730.990234375,2026-08-28T14:38:40.477756+00:00,reference-session last trade
SPXW260918C07985000,2026-08-27 16:39:47+00:00,7985.0,9.72,8.0,8.4,18.0,62,call,2026-09-18,7730.990234375,2026-08-28T14:38:40.477756+00:00,reference-session last trade
SPXW260918C07990000,2026-08-27 17:30:18+00:00,7990.0,10.36,8.0,8.3,14.0,275,call,2026-09-18,7730.990234375,2026-08-28T14:38:40.477756+00:00,reference-session last trade
SPX260918C07995000,2026-08-28 14:07:06+00:00,7995.0,6.55,6.8,7.1,1.0,379,call,2026-09-18,7730.990234375,2026-08-28T14:38:40.477756+00:00,reference-session last trade
SPXW260918C08000000,2026-08-28 14:20:34+00:00,8000.0,7.14,6.7,7.0,87.0,3751,call,2026-09-18,7730.990234375,2026-08-28T14:38:40.477756+00:00,reference-session last trade
SPXW260918C08005000,2026-08-27 17:40:01+00:00,8005.0,8.9,6.5,6.8,41.0,127,call,2026-09-18,7730.990234375,2026-08-28T14:38:40.477756+00:00,reference-session last trade
SPXW260918C08010000,2026-08-27 18:56:12+00:00,8010.0,6.1,5.9,6.2,102.0,407,call,2026-09-18,7730.990234375,2026-08-28T14:38:40.477756+00:00,reference-session last trade
SPX260918C08015000,2026-08-27 16:52:16+00:00,8015.0,6.87,5.4,5.8,1.0,319,call,2026-09-18,7730.990234375,2026-08-28T14:38:40.477756+00:00,reference-session last trade
SPXW260918C08020000,2026-08-27 19:41:29+00:00,8020.0,5.72,5.3,5.6,124.0,251,call,2026-09-18,7730.990234375,2026-08-28T14:38:40.477756+00:00,reference-session last trade
SPXW260918C08025000,2026-08-28 14:17:12+00:00,8025.0,4.75,5.1,5.3,52.0,1276,call,2026-09-18,7730.990234375,2026-08-28T14:38:40.477756+00:00,reference-session last trade
SPXW260918C08030000,2026-08-28 14:22:46+00:00,8030.0,5.02,4.6,4.9,10.0,181,call,2026-09-18,7730.990234375,2026-08-28T14:38:40.477756+00:00,reference-session last trade
SPX260918C08035000,2026-08-28 14:17:33+00:00,8035.0,4.0,4.1,4.5,10.0,212,call,2026-09-18,7730.990234375,2026-08-28T14:38:40.477756+00:00,reference-session last trade
SPX260918C08040000,2026-08-28 13:58:07+00:00,8040.0,4.57,3.9,4.1,10.0,857,call,2026-09-18,7730.990234375,2026-08-28T14:38:40.477756+00:00,reference-session last trade
SPX260918C08045000,2026-08-27 15:55:38+00:00,8045.0,4.26,3.7,3.9,250.0,328,call,2026-09-18,7730.990234375,2026-08-28T14:38:40.477756+00:00,reference-session last trade
SPXW260918C08050000,2026-08-28 14:23:25+00:00,8050.0,3.8,3.8,4.0,94.0,637,call,2026-09-18,7730.990234375,2026-08-28T14:38:40.477756+00:00,reference-session last trade
SPX260918C08055000,2026-08-26 17:38:06+00:00,8055.0,2.9,3.2,3.5,2.0,502,call,2026-09-18,7730.990234375,2026-08-28T14:38:40.477756+00:00,reference-session last trade
SPX260918C08060000,2026-08-28 13:52:09+00:00,8060.0,3.55,3.1,3.4,1.0,1120,call,2026-09-18,7730.990234375,2026-08-28T14:38:40.477756+00:00,reference-session last trade
SPX260918C08065000,2026-08-26 17:37:57+00:00,8065.0,2.6,2.9,3.1,2.0,84,call,2026-09-18,7730.990234375,2026-08-28T14:38:40.477756+00:00,reference-session last trade
SPXW260918C08070000,2026-08-26 15:08:53+00:00,8070.0,3.1,3.0,3.2,17.0,161,call,2026-09-18,7730.990234375,2026-08-28T14:38:40.477756+00:00,reference-session last trade
SPXW260918C08075000,2026-08-28 13:34:58+00:00,8075.0,3.32,2.85,3.1,9.0,283,call,2026-09-18,7730.990234375,2026-08-28T14:38:40.477756+00:00,reference-session last trade
SPX260918C08080000,2026-08-27 17:08:38+00:00,8080.0,3.55,2.5,2.7,1.0,1444,call,2026-09-18,7730.990234375,2026-08-28T14:38:40.477756+00:00,reference-session last trade
SPX260918C08090000,2026-08-28 13:41:05+00:00,8090.0,2.85,2.25,2.45,2.0,770,call,2026-09-18,7730.990234375,2026-08-28T14:38:40.477756+00:00,reference-session last trade
SPX260918C08100000,2026-08-28 14:13:30+00:00,8100.0,1.85,2.0,2.2,39.0,20019,call,2026-09-18,7730.990234375,2026-08-28T14:38:40.477756+00:00,reference-session last trade
SPXW260918C08110000,2026-08-27 19:46:48+00:00,8110.0,2.25,1.95,2.15,123.0,352,call,2026-09-18,7730.990234375,2026-08-28T14:38:40.477756+00:00,reference-session last trade
SPXW260918C08120000,2026-08-28 13:53:30+00:00,8120.0,2.05,1.75,1.9,1.0,349,call,2026-09-18,7730.990234375,2026-08-28T14:38:40.477756+00:00,reference-session last trade
SPX260918C08125000,2026-08-27 17:08:08+00:00,8125.0,2.22,1.5,1.8,4.0,3703,call,2026-09-18,7730.990234375,2026-08-28T14:38:40.477756+00:00,reference-session last trade
SPXW260918C08130000,2026-08-26 15:30:27+00:00,8130.0,1.69,1.6,1.8,2.0,255,call,2026-09-18,7730.990234375,2026-08-28T14:38:40.477756+00:00,reference-session last trade
SPXW260918C08140000,2026-08-28 14:17:16+00:00,8140.0,1.5,1.45,1.6,2.0,205,call,2026-09-18,7730.990234375,2026-08-28T14:38:40.477756+00:00,reference-session last trade
SPX260918C08150000,2026-08-28 13:36:39+00:00,8150.0,1.48,1.2,1.45,76.0,12168,call,2026-09-18,7730.990234375,2026-08-28T14:38:40.477756+00:00,reference-session last trade
SPXW260918C08160000,2026-08-24 18:44:18+00:00,8160.0,1.3,1.25,1.45,9.0,125,call,2026-09-18,7730.990234375,2026-08-28T14:38:40.477756+00:00,reference-session last trade
SPXW260918C08170000,2026-08-26 17:23:33+00:00,8170.0,1.2,1.15,1.35,1.0,66,call,2026-09-18,7730.990234375,2026-08-28T14:38:40.477756+00:00,reference-session last trade
SPX260918C08175000,2026-08-28 13:36:39+00:00,8175.0,1.23,1.05,1.2,1.0,2677,call,2026-09-18,7730.990234375,2026-08-28T14:38:40.477756+00:00,reference-session last trade
SPXW260918C08180000,2026-08-28 14:12:34+00:00,8180.0,1.1,1.05,1.25,6.0,62,call,2026-09-18,7730.990234375,2026-08-28T14:38:40.477756+00:00,reference-session last trade
SPXW260918C08190000,2026-08-28 14:06:06+00:00,8190.0,1.1,1.0,1.15,2.0,116,call,2026-09-18,7730.990234375,2026-08-28T14:38:40.477756+00:00,reference-session last trade
SPX260918C08200000,2026-08-28 14:06:29+00:00,8200.0,0.98,0.9,1.05,249.0,22752,call,2026-09-18,7730.990234375,2026-08-28T14:38:40.477756+00:00,reference-session last trade
SPXW260918C08210000,2026-08-26 20:04:28+00:00,8210.0,1.02,0.85,1.05,2.0,181,call,2026-09-18,7730.990234375,2026-08-28T14:38:40.477756+00:00,reference-session last trade
SPX260918C08220000,2026-08-20 13:34:00+00:00,8220.0,1.27,0.7,0.95,10.0,321,call,2026-09-18,7730.990234375,2026-08-28T14:38:40.477756+00:00,reference-session last trade
SPXW260918C08225000,2026-08-24 14:02:08+00:00,8225.0,0.75,0.8,0.95,40.0,394,call,2026-09-18,7730.990234375,2026-08-28T14:38:40.477756+00:00,reference-session last trade
SPXW260918C08230000,2026-08-24 14:58:48+00:00,8230.0,0.77,0.8,0.9,3.0,76,call,2026-09-18,7730.990234375,2026-08-28T14:38:40.477756+00:00,reference-session last trade
SPX260918C08240000,2026-08-27 20:05:50+00:00,8240.0,0.85,0.6,0.85,4.0,193,call,2026-09-18,7730.990234375,2026-08-28T14:38:40.477756+00:00,reference-session last trade
SPX260918C08250000,2026-08-27 16:37:06+00:00,8250.0,0.77,0.65,0.8,4.0,11748,call,2026-09-18,7730.990234375,2026-08-28T14:38:40.477756+00:00,reference-session last trade
SPX260918C08260000,2026-08-27 14:11:37+00:00,8260.0,0.72,0.55,0.8,1.0,119,call,2026-09-18,7730.990234375,2026-08-28T14:38:40.477756+00:00,reference-session last trade
SPXW260918C08270000,2026-08-20 18:01:41+00:00,8270.0,0.8,0.6,0.75,1.0,140,call,2026-09-18,7730.990234375,2026-08-28T14:38:40.477756+00:00,reference-session last trade
SPXW260918C08275000,2026-08-27 19:54:50+00:00,8275.0,0.77,0.65,0.75,6.0,143,call,2026-09-18,7730.990234375,2026-08-28T14:38:40.477756+00:00,reference-session last trade
SPXW260918C08280000,2026-08-27 15:30:04+00:00,8280.0,0.78,0.6,0.75,20.0,69,call,2026-09-18,7730.990234375,2026-08-28T14:38:40.477756+00:00,reference-session last trade
SPX260918C08290000,2026-08-28 14:11:20+00:00,8290.0,0.6,0.5,0.65,10.0,203,call,2026-09-18,7730.990234375,2026-08-28T14:38:40.477756+00:00,reference-session last trade
SPXW260918C08300000,2026-08-27 18:09:43+00:00,8300.0,0.76,0.55,0.7,45.0,633,call,2026-09-18,7730.990234375,2026-08-28T14:38:40.477756+00:00,reference-session last trade
SPX260918C08310000,2026-08-19 13:30:02+00:00,8310.0,1.25,0.45,0.7,,76,call,2026-09-18,7730.990234375,2026-08-28T14:38:40.477756+00:00,reference-session last trade
SPXW260918C08320000,2026-08-19 14:31:51+00:00,8320.0,1.12,0.5,0.65,2.0,36,call,2026-09-18,7730.990234375,2026-08-28T14:38:40.477756+00:00,reference-session last trade
SPXW260918C08325000,2026-08-21 14:46:17+00:00,8325.0,0.6,0.5,0.65,1.0,90,call,2026-09-18,7730.990234375,2026-08-28T14:38:40.477756+00:00,reference-session last trade
SPX260918C08330000,2026-08-19 13:30:02+00:00,8330.0,1.05,0.4,0.65,56.0,111,call,2026-09-18,7730.990234375,2026-08-28T14:38:40.477756+00:00,reference-session last trade
SPXW260918C08340000,2026-08-27 17:10:14+00:00,8340.0,0.75,0.45,0.6,5.0,57,call,2026-09-18,7730.990234375,2026-08-28T14:38:40.477756+00:00,reference-session last trade
SPX260918C08350000,2026-08-27 15:31:43+00:00,8350.0,0.57,0.4,0.55,1.0,3405,call,2026-09-18,7730.990234375,2026-08-28T14:38:40.477756+00:00,reference-session last trade
SPXW260918C08360000,2026-08-27 15:31:22+00:00,8360.0,0.58,0.4,0.6,2.0,88,call,2026-09-18,7730.990234375,2026-08-28T14:38:40.477756+00:00,reference-session last trade
SPX260918C08370000,2026-08-26 16:45:32+00:00,8370.0,0.5,0.35,0.55,46.0,77,call,2026-09-18,7730.990234375,2026-08-28T14:38:40.477756+00:00,reference-session last trade
SPX260918C08375000,2026-08-27 15:13:23+00:00,8375.0,0.49,0.35,0.5,80.0,1373,call,2026-09-18,7730.990234375,2026-08-28T14:38:40.477756+00:00,reference-session last trade
SPX260918C08380000,2026-08-27 15:56:16+00:00,8380.0,0.53,0.35,0.5,70.0,156,call,2026-09-18,7730.990234375,2026-08-28T14:38:40.477756+00:00,reference-session last trade
SPX260918C08390000,2026-08-27 19:09:00+00:00,8390.0,0.45,0.3,0.45,60.0,303,call,2026-09-18,7730.990234375,2026-08-28T14:38:40.477756+00:00,reference-session last trade
SPXW260918C08400000,2026-08-27 18:09:43+00:00,8400.0,0.54,0.35,0.5,39.0,750,call,2026-09-18,7730.990234375,2026-08-28T14:38:40.477756+00:00,reference-session last trade
SPXW260918C08410000,2026-08-27 17:34:44+00:00,8410.0,0.6,0.35,0.5,3.0,11,call,2026-09-18,7730.990234375,2026-08-28T14:38:40.477756+00:00,reference-session last trade
SPXW260918C08420000,2026-08-27 15:29:34+00:00,8420.0,0.47,0.3,0.5,1.0,30,call,2026-09-18,7730.990234375,2026-08-28T14:38:40.477756+00:00,reference-session last trade
SPXW260918C08425000,2026-08-17 17:05:15+00:00,8425.0,1.2,0.3,0.45,8.0,67,call,2026-09-18,7730.990234375,2026-08-28T14:38:40.477756+00:00,reference-session last trade
SPXW260918C08430000,2026-08-14 19:27:57+00:00,8430.0,1.5,0.3,0.45,,6,call,2026-09-18,7730.990234375,2026-08-28T14:38:40.477756+00:00,reference-session last trade
SPXW260918C08440000,2026-08-17 18:38:35+00:00,8440.0,0.88,0.3,0.45,15.0,16,call,2026-09-18,7730.990234375,2026-08-28T14:38:40.477756+00:00,reference-session last trade
SPXW260918C08450000,2026-08-28 13:49:12+00:00,8450.0,0.44,0.3,0.45,12.0,358,call,2026-09-18,7730.990234375,2026-08-28T14:38:40.477756+00:00,reference-session last trade
SPX260918C08460000,2026-08-27 16:33:46+00:00,8460.0,0.42,0.2,0.45,46.0,252,call,2026-09-18,7730.990234375,2026-08-28T14:38:40.477756+00:00,reference-session last trade
SPX260918C08470000,2026-08-19 13:30:02+00:00,8470.0,0.5,0.2,0.45,57.0,154,call,2026-09-18,7730.990234375,2026-08-28T14:38:40.477756+00:00,reference-session last trade
SPXW260918C08475000,2026-08-14 19:52:18+00:00,8475.0,1.15,0.25,0.4,8.0,14,call,2026-09-18,7730.990234375,2026-08-28T14:38:40.477756+00:00,reference-session last trade
SPX260918C08500000,2026-08-25 15:59:02+00:00,8500.0,0.38,0.2,0.4,4.0,11096,call,2026-09-18,7730.990234375,2026-08-28T14:38:40.477756+00:00,reference-session last trade
SPX260918C08525000,2026-08-21 19:36:43+00:00,8525.0,0.35,0.2,0.35,45.0,4828,call,2026-09-18,7730.990234375,2026-08-28T14:38:40.477756+00:00,reference-session last trade
SPXW260918C08550000,2026-08-28 13:49:12+00:00,8550.0,0.29,0.15,0.35,10.0,315,call,2026-09-18,7730.990234375,2026-08-28T14:38:40.477756+00:00,reference-session last trade
SPX260918C08575000,2026-08-19 13:30:02+00:00,8575.0,0.45,0.15,0.3,180.0,716,call,2026-09-18,7730.990234375,2026-08-28T14:38:40.477756+00:00,reference-session last trade
SPXW260918C08600000,2026-08-26 14:04:32+00:00,8600.0,0.26,0.15,0.3,1.0,486,call,2026-09-18,7730.990234375,2026-08-28T14:38:40.477756+00:00,reference-session last trade
SPX260918C08625000,2026-08-19 13:30:02+00:00,8625.0,0.35,0.1,0.3,166.0,188,call,2026-09-18,7730.990234375,2026-08-28T14:38:40.477756+00:00,reference-session last trade
SPX260918C08650000,2026-08-24 15:33:00+00:00,8650.0,0.2,0.1,0.25,1.0,1550,call,2026-09-18,7730.990234375,2026-08-28T14:38:40.477756+00:00,reference-session last trade
SPX260918C08675000,2026-08-27 17:13:13+00:00,8675.0,0.25,0.05,0.25,1.0,347,call,2026-09-18,7730.990234375,2026-08-28T14:38:40.477756+00:00,reference-session last trade
SPX260918C08700000,2026-08-28 14:09:19+00:00,8700.0,0.15,0.05,0.25,1.0,12216,call,2026-09-18,7730.990234375,2026-08-28T14:38:40.477756+00:00,reference-session last trade
SPX260918C08725000,2026-08-19 13:30:02+00:00,8725.0,0.3,0.05,0.25,,173,call,2026-09-18,7730.990234375,2026-08-28T14:38:40.477756+00:00,reference-session last trade
SPXW260918C08750000,2026-08-12 18:55:39+00:00,8750.0,0.6,0.1,0.2,1.0,5,call,2026-09-18,7730.990234375,2026-08-28T14:38:40.477756+00:00,reference-session last trade
SPX260918C08775000,2026-08-19 13:30:02+00:00,8775.0,0.25,0.05,0.25,163.0,164,call,2026-09-18,7730.990234375,2026-08-28T14:38:40.477756+00:00,reference-session last trade
SPX260918C08800000,2026-08-26 13:56:08+00:00,8800.0,0.15,0.05,0.15,1.0,6845,call,2026-09-18,7730.990234375,2026-08-28T14:38:40.477756+00:00,reference-session last trade
SPX260918C08850000,2026-08-19 13:30:02+00:00,8850.0,0.25,0.05,0.15,326.0,422,call,2026-09-18,7730.990234375,2026-08-28T14:38:40.477756+00:00,reference-session last trade
SPX260918C08900000,2026-08-28 14:08:38+00:00,8900.0,0.1,0.05,0.15,1.0,3910,call,2026-09-18,7730.990234375,2026-08-28T14:38:40.477756+00:00,reference-session last trade
SPXW260918C09000000,2026-08-27 17:32:20+00:00,9000.0,0.1,0.0,0.15,6.0,325,call,2026-09-18,7730.990234375,2026-08-28T14:38:40.477756+00:00,reference-session last trade
SPX260918C09100000,2026-08-27 17:10:46+00:00,9100.0,0.15,0.0,0.15,8.0,2334,call,2026-09-18,7730.990234375,2026-08-28T14:38:40.477756+00:00,reference-session last trade
SPXW260918C09200000,2026-08-25 17:20:56+00:00,9200.0,0.1,0.0,0.15,7.0,396,call,2026-09-18,7730.990234375,2026-08-28T14:38:40.477756+00:00,reference-session last trade
SPX260918C09300000,2026-08-21 15:34:50+00:00,9300.0,0.1,0.0,0.1,10.0,254,call,2026-09-18,7730.990234375,2026-08-28T14:38:40.477756+00:00,reference-session last trade
SPXW260918C09400000,2026-08-12 00:15:00+00:00,9400.0,0.3,0.0,0.1,1.0,178,call,2026-09-18,7730.990234375,2026-08-28T14:38:40.477756+00:00,reference-session last trade
SPXW260918C09600000,2026-08-04 15:44:57+00:00,9600.0,0.25,0.0,0.1,1.0,260,call,2026-09-18,7730.990234375,2026-08-28T14:38:40.477756+00:00,reference-session last trade
SPX260918C09800000,2026-08-26 16:03:21+00:00,9800.0,0.05,0.0,0.1,10.0,4546,call,2026-09-18,7730.990234375,2026-08-28T14:38:40.477756+00:00,reference-session last trade
SPXW260918C10000000,2026-08-05 13:35:02+00:00,10000.0,0.2,0.0,0.1,5.0,453,call,2026-09-18,7730.990234375,2026-08-28T14:38:40.477756+00:00,reference-session last trade
SPXW260918C10200000,2026-08-05 15:38:58+00:00,10200.0,0.1,0.0,0.1,3.0,36,call,2026-09-18,7730.990234375,2026-08-28T14:38:40.477756+00:00,reference-session last trade
SPX260918C10400000,2026-08-18 15:23:01+00:00,10400.0,0.03,0.0,0.1,350.0,13419,call,2026-09-18,7730.990234375,2026-08-28T14:38:40.477756+00:00,reference-session last trade
SPX260918C10800000,2026-08-14 19:43:56+00:00,10800.0,0.05,0.0,0.1,480.0,783,call,2026-09-18,7730.990234375,2026-08-28T14:38:40.477756+00:00,reference-session last trade
SPX260918C11000000,2026-07-08 20:11:45+00:00,11000.0,0.1,0.0,0.0,12.0,0,call,2026-09-18,7730.990234375,2026-08-28T14:38:40.477756+00:00,reference-session last trade
SPXW260918C11200000,2026-08-04 19:20:46+00:00,11200.0,0.1,0.0,0.1,1.0,4,call,2026-09-18,7730.990234375,2026-08-28T14:38:40.477756+00:00,reference-session last trade
SPXW260918C11600000,2026-07-08 16:38:19+00:00,11600.0,0.1,0.0,0.0,2.0,0,call,2026-09-18,7730.990234375,2026-08-28T14:38:40.477756+00:00,reference-session last trade
SPX260918C11800000,2026-07-08 18:41:43+00:00,11800.0,0.05,0.0,0.0,4.0,0,call,2026-09-18,7730.990234375,2026-08-28T14:38:40.477756+00:00,reference-session last trade
SPX260918C11900000,2026-07-08 17:17:45+00:00,11900.0,0.05,0.0,0.0,1.0,0,call,2026-09-18,7730.990234375,2026-08-28T14:38:40.477756+00:00,reference-session last trade
SPX260918C12000000,2026-07-20 15:18:28+00:00,12000.0,0.05,0.0,0.0,75.0,0,call,2026-09-18,7730.990234375,2026-08-28T14:38:40.477756+00:00,reference-session last trade
SPX260918C12200000,2026-07-09 13:33:34+00:00,12200.0,0.05,0.0,0.0,1.0,0,call,2026-09-18,7730.990234375,2026-08-28T14:38:40.477756+00:00,reference-session last trade
SPX260918C12400000,2026-07-07 14:57:38+00:00,12400.0,0.05,0.0,0.0,1.0,0,call,2026-09-18,7730.990234375,2026-08-28T14:38:40.477756+00:00,reference-session last trade
SPX260918C12800000,2026-07-31 16:04:31+00:00,12800.0,0.05,0.0,0.05,104.0,52,call,2026-09-18,7730.990234375,2026-08-28T14:38:40.477756+00:00,reference-session last trade
SPX260918C12900000,2026-07-31 16:03:30+00:00,12900.0,0.05,0.0,0.05,14.0,7,call,2026-09-18,7730.990234375,2026-08-28T14:38:40.477756+00:00,reference-session last trade
SPX260918C13000000,2026-07-31 16:02:43+00:00,13000.0,0.05,0.0,0.05,40.0,592,call,2026-09-18,7730.990234375,2026-08-28T14:38:40.477756+00:00,reference-session last trade
SPX260918P00200000,2026-08-24 16:45:49+00:00,200.0,0.03,0.0,0.05,1.0,817,put,2026-09-18,7730.990234375,2026-08-28T14:38:40.477756+00:00,reference-session last trade
SPX260918P00400000,2026-03-31 20:12:58+00:00,400.0,0.1,0.0,0.25,15.0,0,put,2026-09-18,7730.990234375,2026-08-28T14:38:40.477756+00:00,reference-session last trade
SPX260918P00600000,2026-05-07 20:11:23+00:00,600.0,0.05,0.0,0.0,750.0,32400,put,2026-09-18,7730.990234375,2026-08-28T14:38:40.477756+00:00,reference-session last trade
SPX260918P00800000,2026-08-21 18:23:07+00:00,800.0,0.03,0.0,0.05,3.0,42521,put,2026-09-18,7730.990234375,2026-08-28T14:38:40.477756+00:00,reference-session last trade
SPX260918P01000000,2026-07-09 13:53:21+00:00,1000.0,0.05,0.0,0.0,1.0,0,put,2026-09-18,7730.990234375,2026-08-28T14:38:40.477756+00:00,reference-session last trade
SPX260918P01200000,2026-07-23 14:49:32+00:00,1200.0,0.05,0.0,0.0,1.0,0,put,2026-09-18,7730.990234375,2026-08-28T14:38:40.477756+00:00,reference-session last trade
SPX260918P01400000,2026-07-20 15:48:20+00:00,1400.0,0.05,0.0,0.0,5.0,0,put,2026-09-18,7730.990234375,2026-08-28T14:38:40.477756+00:00,reference-session last trade
SPXW260918P01600000,2026-08-27 14:16:33+00:00,1600.0,0.03,0.0,0.05,1.0,456,put,2026-09-18,7730.990234375,2026-08-28T14:38:40.477756+00:00,reference-session last trade
SPXW260918P01800000,2026-07-29 19:44:27+00:00,1800.0,0.1,0.0,0.05,21.0,375,put,2026-09-18,7730.990234375,2026-08-28T14:38:40.477756+00:00,reference-session last trade
SPXW260918P02000000,2026-08-21 16:12:43+00:00,2000.0,0.03,0.0,0.05,2.0,1070,put,2026-09-18,7730.990234375,2026-08-28T14:38:40.477756+00:00,reference-session last trade
SPXW260918P02200000,2026-08-10 16:28:09+00:00,2200.0,0.01,0.0,0.05,6.0,378,put,2026-09-18,7730.990234375,2026-08-28T14:38:40.477756+00:00,reference-session last trade
SPX260918P02300000,2026-07-10 17:42:37+00:00,2300.0,0.15,0.0,0.0,3.0,0,put,2026-09-18,7730.990234375,2026-08-28T14:38:40.477756+00:00,reference-session last trade
SPX260918P02400000,2026-08-24 18:48:26+00:00,2400.0,0.05,0.0,0.1,10.0,2766,put,2026-09-18,7730.990234375,2026-08-28T14:38:40.477756+00:00,reference-session last trade
SPX260918P02500000,2026-08-21 16:19:39+00:00,2500.0,0.03,0.0,0.1,1.0,12594,put,2026-09-18,7730.990234375,2026-08-28T14:38:40.477756+00:00,reference-session last trade
SPX260918P02600000,2026-07-24 19:28:45+00:00,2600.0,0.35,0.0,0.0,240.0,0,put,2026-09-18,7730.990234375,2026-08-28T14:38:40.477756+00:00,reference-session last trade
SPX260918P02700000,2026-08-12 18:55:03+00:00,2700.0,0.05,0.0,0.1,1.0,4114,put,2026-09-18,7730.990234375,2026-08-28T14:38:40.477756+00:00,reference-session last trade
SPX260918P02800000,2026-08-18 15:09:16+00:00,2800.0,0.08,0.0,0.1,4.0,6696,put,2026-09-18,7730.990234375,2026-08-28T14:38:40.477756+00:00,reference-session last trade
SPX260918P02900000,2026-08-18 15:14:35+00:00,2900.0,0.08,0.0,0.1,13.0,4893,put,2026-09-18,7730.990234375,2026-08-28T14:38:40.477756+00:00,reference-session last trade
SPXW260918P03000000,2026-08-24 15:20:25+00:00,3000.0,0.05,0.0,0.05,1.0,1112,put,2026-09-18,7730.990234375,2026-08-28T14:38:40.477756+00:00,reference-session last trade
SPX260918P03100000,2026-08-18 15:14:35+00:00,3100.0,0.07,0.0,0.1,34.0,1178,put,2026-09-18,7730.990234375,2026-08-28T14:38:40.477756+00:00,reference-session last trade
SPXW260918P03200000,2026-08-26 14:06:31+00:00,3200.0,0.05,0.0,0.05,1.0,389,put,2026-09-18,7730.990234375,2026-08-28T14:38:40.477756+00:00,reference-session last trade
SPX260918P03300000,2026-08-20 19:42:04+00:00,3300.0,0.1,0.0,0.1,2.0,2111,put,2026-09-18,7730.990234375,2026-08-28T14:38:40.477756+00:00,reference-session last trade
SPX260918P03400000,2026-08-19 13:35:31+00:00,3400.0,0.1,0.0,0.1,500.0,4177,put,2026-09-18,7730.990234375,2026-08-28T14:38:40.477756+00:00,reference-session last trade
SPX260918P03450000,2026-08-19 13:51:35+00:00,3450.0,0.1,0.0,0.1,102.0,1808,put,2026-09-18,7730.990234375,2026-08-28T14:38:40.477756+00:00,reference-session last trade
SPX260918P03500000,2026-08-20 14:01:18+00:00,3500.0,0.05,0.0,0.1,1.0,7400,put,2026-09-18,7730.990234375,2026-08-28T14:38:40.477756+00:00,reference-session last trade
SPX260918P03550000,2026-07-30 19:10:31+00:00,3550.0,0.5,0.0,0.1,12.0,658,put,2026-09-18,7730.990234375,2026-08-28T14:38:40.477756+00:00,reference-session last trade
SPXW260918P03600000,2026-08-21 15:48:48+00:00,3600.0,0.05,0.0,0.1,1.0,332,put,2026-09-18,7730.990234375,2026-08-28T14:38:40.477756+00:00,reference-session last trade
SPX260918P03650000,2026-08-18 19:40:39+00:00,3650.0,0.1,0.0,0.1,10.0,698,put,2026-09-18,7730.990234375,2026-08-28T14:38:40.477756+00:00,reference-session last trade
SPX260918P03700000,2026-08-24 19:35:31+00:00,3700.0,0.05,0.0,0.1,1.0,4860,put,2026-09-18,7730.990234375,2026-08-28T14:38:40.477756+00:00,reference-session last trade
SPX260918P03750000,2026-08-24 19:50:03+00:00,3750.0,0.1,0.0,0.1,30.0,2305,put,2026-09-18,7730.990234375,2026-08-28T14:38:40.477756+00:00,reference-session last trade
SPXW260918P03800000,2026-08-27 18:50:20+00:00,3800.0,0.05,0.0,0.1,30.0,3830,put,2026-09-18,7730.990234375,2026-08-28T14:38:40.477756+00:00,reference-session last trade
SPX260918P03850000,2026-08-19 13:51:39+00:00,3850.0,0.15,0.0,0.1,1750.0,2514,put,2026-09-18,7730.990234375,2026-08-28T14:38:40.477756+00:00,reference-session last trade
SPX260918P03900000,2026-08-27 20:11:48+00:00,3900.0,0.05,0.0,0.1,51.0,2416,put,2026-09-18,7730.990234375,2026-08-28T14:38:40.477756+00:00,reference-session last trade
SPX260918P03950000,2026-08-19 13:34:20+00:00,3950.0,0.15,0.0,0.15,1256.0,1660,put,2026-09-18,7730.990234375,2026-08-28T14:38:40.477756+00:00,reference-session last trade
SPX260918P03975000,2026-08-19 13:30:02+00:00,3975.0,0.1,0.0,0.15,763.0,1004,put,2026-09-18,7730.990234375,2026-08-28T14:38:40.477756+00:00,reference-session last trade
SPXW260918P04000000,2026-08-26 16:00:29+00:00,4000.0,0.1,0.0,0.1,6.0,1349,put,2026-09-18,7730.990234375,2026-08-28T14:38:40.477756+00:00,reference-session last trade
SPX260918P04025000,2026-08-21 17:08:56+00:00,4025.0,0.15,0.0,0.15,200.0,1391,put,2026-09-18,7730.990234375,2026-08-28T14:38:40.477756+00:00,reference-session last trade
SPX260918P04050000,2026-08-26 17:04:09+00:00,4050.0,0.08,0.0,0.15,1.0,1486,put,2026-09-18,7730.990234375,2026-08-28T14:38:40.477756+00:00,reference-session last trade
SPX260918P04075000,2026-08-26 17:04:09+00:00,4075.0,0.12,0.0,0.15,19.0,1093,put,2026-09-18,7730.990234375,2026-08-28T14:38:40.477756+00:00,reference-session last trade
SPX260918P04100000,2026-08-26 15:35:54+00:00,4100.0,0.11,0.0,0.15,45.0,4631,put,2026-09-18,7730.990234375,2026-08-28T14:38:40.477756+00:00,reference-session last trade
SPX260918P04125000,2026-08-26 14:54:24+00:00,4125.0,0.17,0.0,0.15,35.0,1017,put,2026-09-18,7730.990234375,2026-08-28T14:38:40.477756+00:00,reference-session last trade
SPX260918P04150000,2026-08-26 18:31:41+00:00,4150.0,0.15,0.0,0.15,22.0,1367,put,2026-09-18,7730.990234375,2026-08-28T14:38:40.477756+00:00,reference-session last trade
SPX260918P04175000,2026-08-26 18:32:11+00:00,4175.0,0.1,0.0,0.15,181.0,1017,put,2026-09-18,7730.990234375,2026-08-28T14:38:40.477756+00:00,reference-session last trade
SPXW260918P04200000,2026-08-27 14:42:15+00:00,4200.0,0.1,0.0,0.15,4.0,1161,put,2026-09-18,7730.990234375,2026-08-28T14:38:40.477756+00:00,reference-session last trade
SPX260918P04225000,2026-08-27 19:59:56+00:00,4225.0,0.15,0.0,0.15,9.0,888,put,2026-09-18,7730.990234375,2026-08-28T14:38:40.477756+00:00,reference-session last trade
SPX260918P04250000,2026-08-27 19:59:56+00:00,4250.0,0.15,0.0,0.15,1.0,1641,put,2026-09-18,7730.990234375,2026-08-28T14:38:40.477756+00:00,reference-session last trade
SPX260918P04275000,2026-08-26 19:59:55+00:00,4275.0,0.05,0.0,0.15,196.0,1060,put,2026-09-18,7730.990234375,2026-08-28T14:38:40.477756+00:00,reference-session last trade
SPXW260918P04300000,2026-08-25 18:01:49+00:00,4300.0,0.15,0.0,0.1,12.0,660,put,2026-09-18,7730.990234375,2026-08-28T14:38:40.477756+00:00,reference-session last trade
SPX260918P04325000,2026-08-26 19:59:55+00:00,4325.0,0.05,0.0,0.15,1.0,1030,put,2026-09-18,7730.990234375,2026-08-28T14:38:40.477756+00:00,reference-session last trade
SPX260918P04350000,2026-08-27 20:00:10+00:00,4350.0,0.05,0.05,0.1,1.0,2238,put,2026-09-18,7730.990234375,2026-08-28T14:38:40.477756+00:00,reference-session last trade
SPX260918P04375000,2026-08-28 13:45:49+00:00,4375.0,0.1,0.05,0.1,2.0,1112,put,2026-09-18,7730.990234375,2026-08-28T14:38:40.477756+00:00,reference-session last trade
SPX260918P04400000,2026-08-27 19:59:54+00:00,4400.0,0.05,0.05,0.15,1.0,7891,put,2026-09-18,7730.990234375,2026-08-28T14:38:40.477756+00:00,reference-session last trade
SPX260918P04425000,2026-08-27 19:59:58+00:00,4425.0,0.05,0.05,0.15,1.0,872,put,2026-09-18,7730.990234375,2026-08-28T14:38:40.477756+00:00,reference-session last trade
SPX260918P04450000,2026-08-27 19:30:39+00:00,4450.0,0.15,0.0,0.2,18.0,2361,put,2026-09-18,7730.990234375,2026-08-28T14:38:40.477756+00:00,reference-session last trade
SPX260918P04475000,2026-08-27 18:50:29+00:00,4475.0,0.15,0.05,0.2,1.0,1521,put,2026-09-18,7730.990234375,2026-08-28T14:38:40.477756+00:00,reference-session last trade
SPXW260918P04500000,2026-08-28 14:15:43+00:00,4500.0,0.15,0.05,0.2,5.0,948,put,2026-09-18,7730.990234375,2026-08-28T14:38:40.477756+00:00,reference-session last trade
SPX260918P04525000,2026-08-28 14:11:52+00:00,4525.0,0.15,0.05,0.2,2.0,1260,put,2026-09-18,7730.990234375,2026-08-28T14:38:40.477756+00:00,reference-session last trade
SPX260918P04550000,2026-08-28 14:10:10+00:00,4550.0,0.15,0.05,0.2,1.0,1188,put,2026-09-18,7730.990234375,2026-08-28T14:38:40.477756+00:00,reference-session last trade
SPX260918P04575000,2026-08-28 14:07:55+00:00,4575.0,0.15,0.05,0.2,2.0,1239,put,2026-09-18,7730.990234375,2026-08-28T14:38:40.477756+00:00,reference-session last trade
SPX260918P04600000,2026-08-28 14:04:29+00:00,4600.0,0.15,0.05,0.2,2.0,3777,put,2026-09-18,7730.990234375,2026-08-28T14:38:40.477756+00:00,reference-session last trade
SPX260918P04625000,2026-08-28 14:03:18+00:00,4625.0,0.15,0.05,0.2,1.0,1134,put,2026-09-18,7730.990234375,2026-08-28T14:38:40.477756+00:00,reference-session last trade
SPX260918P04650000,2026-08-27 19:59:54+00:00,4650.0,0.1,0.05,0.15,2.0,3014,put,2026-09-18,7730.990234375,2026-08-28T14:38:40.477756+00:00,reference-session last trade
SPX260918P04675000,2026-08-27 19:24:39+00:00,4675.0,0.2,0.05,0.2,2.0,1290,put,2026-09-18,7730.990234375,2026-08-28T14:38:40.477756+00:00,reference-session last trade
SPX260918P04700000,2026-08-26 19:59:55+00:00,4700.0,0.15,0.05,0.25,1.0,3965,put,2026-09-18,7730.990234375,2026-08-28T14:38:40.477756+00:00,reference-session last trade
SPX260918P04725000,2026-08-28 13:52:13+00:00,4725.0,0.2,0.05,0.25,12.0,932,put,2026-09-18,7730.990234375,2026-08-28T14:38:40.477756+00:00,reference-session last trade
SPX260918P04750000,2026-08-26 19:59:55+00:00,4750.0,0.15,0.05,0.25,1.0,5499,put,2026-09-18,7730.990234375,2026-08-28T14:38:40.477756+00:00,reference-session last trade
SPX260918P04775000,2026-08-26 19:59:55+00:00,4775.0,0.15,0.1,0.25,1.0,1546,put,2026-09-18,7730.990234375,2026-08-28T14:38:40.477756+00:00,reference-session last trade
SPX260918P04800000,2026-08-27 14:11:39+00:00,4800.0,0.25,0.1,0.25,9.0,4427,put,2026-09-18,7730.990234375,2026-08-28T14:38:40.477756+00:00,reference-session last trade
SPX260918P04825000,2026-08-26 19:59:55+00:00,4825.0,0.2,0.1,0.25,2.0,1191,put,2026-09-18,7730.990234375,2026-08-28T14:38:40.477756+00:00,reference-session last trade
SPX260918P04850000,2026-08-28 13:53:17+00:00,4850.0,0.2,0.1,0.25,2.0,3766,put,2026-09-18,7730.990234375,2026-08-28T14:38:40.477756+00:00,reference-session last trade
SPX260918P04875000,2026-08-27 19:59:34+00:00,4875.0,0.2,0.1,0.25,1.0,1595,put,2026-09-18,7730.990234375,2026-08-28T14:38:40.477756+00:00,reference-session last trade
SPX260918P04900000,2026-08-27 19:59:57+00:00,4900.0,0.15,0.1,0.3,1.0,4399,put,2026-09-18,7730.990234375,2026-08-28T14:38:40.477756+00:00,reference-session last trade
SPX260918P04925000,2026-08-27 19:59:57+00:00,4925.0,0.15,0.1,0.3,67.0,899,put,2026-09-18,7730.990234375,2026-08-28T14:38:40.477756+00:00,reference-session last trade
SPXW260918P04950000,2026-08-28 13:52:34+00:00,4950.0,0.25,0.15,0.3,2.0,117,put,2026-09-18,7730.990234375,2026-08-28T14:38:40.477756+00:00,reference-session last trade
SPX260918P04975000,2026-08-27 19:59:54+00:00,4975.0,0.15,0.15,0.3,1.0,1619,put,2026-09-18,7730.990234375,2026-08-28T14:38:40.477756+00:00,reference-session last trade
SPX260918P05000000,2026-08-27 19:59:55+00:00,5000.0,0.15,0.15,0.3,14.0,53781,put,2026-09-18,7730.990234375,2026-08-28T14:38:40.477756+00:00,reference-session last trade
SPX260918P05025000,2026-08-28 13:53:30+00:00,5025.0,0.25,0.15,0.35,2.0,867,put,2026-09-18,7730.990234375,2026-08-28T14:38:40.477756+00:00,reference-session last trade
SPX260918P05050000,2026-08-27 19:59:57+00:00,5050.0,0.2,0.15,0.35,1.0,2050,put,2026-09-18,7730.990234375,2026-08-28T14:38:40.477756+00:00,reference-session last trade
SPX260918P05075000,2026-08-26 19:59:55+00:00,5075.0,0.3,0.2,0.35,1.0,2142,put,2026-09-18,7730.990234375,2026-08-28T14:38:40.477756+00:00,reference-session last trade
SPX260918P05100000,2026-08-27 15:33:29+00:00,5100.0,0.3,0.2,0.35,150.0,9539,put,2026-09-18,7730.990234375,2026-08-28T14:38:40.477756+00:00,reference-session last trade
SPX260918P05125000,2026-08-26 19:59:55+00:00,5125.0,0.35,0.2,0.35,1.0,3293,put,2026-09-18,7730.990234375,2026-08-28T14:38:40.477756+00:00,reference-session last trade
SPXW260918P05150000,2026-08-28 13:51:30+00:00,5150.0,0.35,0.25,0.4,1.0,264,put,2026-09-18,7730.990234375,2026-08-28T14:38:40.477756+00:00,reference-session last trade
SPX260918P05175000,2026-08-27 18:45:15+00:00,5175.0,0.35,0.25,0.4,4.0,1920,put,2026-09-18,7730.990234375,2026-08-28T14:38:40.477756+00:00,reference-session last trade
SPXW260918P05200000,2026-08-27 19:59:30+00:00,5200.0,0.3,0.3,0.4,58.0,867,put,2026-09-18,7730.990234375,2026-08-28T14:38:40.477756+00:00,reference-session last trade
SPX260918P05225000,2026-08-28 13:54:04+00:00,5225.0,0.35,0.25,0.4,1.0,1105,put,2026-09-18,7730.990234375,2026-08-28T14:38:40.477756+00:00,reference-session last trade
SPX260918P05250000,2026-08-28 13:46:38+00:00,5250.0,0.35,0.25,0.45,1.0,4137,put,2026-09-18,7730.990234375,2026-08-28T14:38:40.477756+00:00,reference-session last trade
SPX260918P05275000,2026-08-25 19:59:54+00:00,5275.0,0.6,0.3,0.45,1.0,3783,put,2026-09-18,7730.990234375,2026-08-28T14:38:40.477756+00:00,reference-session last trade
SPX260918P05300000,2026-08-25 20:11:37+00:00,5300.0,0.55,0.3,0.4,525.0,13037,put,2026-09-18,7730.990234375,2026-08-28T14:38:40.477756+00:00,reference-session last trade
SPX260918P05325000,2026-08-28 13:46:55+00:00,5325.0,0.4,0.3,0.5,1.0,2222,put,2026-09-18,7730.990234375,2026-08-28T14:38:40.477756+00:00,reference-session last trade
SPXW260918P05350000,2026-08-28 13:51:37+00:00,5350.0,0.45,0.35,0.5,7.0,176,put,2026-09-18,7730.990234375,2026-08-28T14:38:40.477756+00:00,reference-session last trade
SPX260918P05375000,2026-08-28 14:07:44+00:00,5375.0,0.45,0.35,0.5,1.0,979,put,2026-09-18,7730.990234375,2026-08-28T14:38:40.477756+00:00,reference-session last trade
SPX260918P05400000,2026-08-28 14:10:55+00:00,5400.0,0.45,0.35,0.55,1.0,6096,put,2026-09-18,7730.990234375,2026-08-28T14:38:40.477756+00:00,reference-session last trade
SPX260918P05425000,2026-08-27 19:59:54+00:00,5425.0,0.4,0.35,0.55,1.0,975,put,2026-09-18,7730.990234375,2026-08-28T14:38:40.477756+00:00,reference-session last trade
SPXW260918P05450000,2026-08-25 15:01:35+00:00,5450.0,0.9,0.45,0.6,1.0,190,put,2026-09-18,7730.990234375,2026-08-28T14:38:40.477756+00:00,reference-session last trade
SPX260918P05475000,2026-08-27 19:59:48+00:00,5475.0,0.5,0.4,0.6,1.0,1236,put,2026-09-18,7730.990234375,2026-08-28T14:38:40.477756+00:00,reference-session last trade
SPX260918P05500000,2026-08-27 19:59:54+00:00,5500.0,0.45,0.4,0.6,3.0,13222,put,2026-09-18,7730.990234375,2026-08-28T14:38:40.477756+00:00,reference-session last trade
SPX260918P05525000,2026-08-27 19:59:46+00:00,5525.0,0.55,0.45,0.55,1.0,4379,put,2026-09-18,7730.990234375,2026-08-28T14:38:40.477756+00:00,reference-session last trade
SPX260918P05550000,2026-08-27 19:55:11+00:00,5550.0,0.6,0.45,0.65,1.0,3655,put,2026-09-18,7730.990234375,2026-08-28T14:38:40.477756+00:00,reference-session last trade
SPX260918P05575000,2026-08-28 13:34:41+00:00,5575.0,0.55,0.5,0.6,20.0,2283,put,2026-09-18,7730.990234375,2026-08-28T14:38:40.477756+00:00,reference-session last trade
SPXW260918P05600000,2026-08-28 14:17:42+00:00,5600.0,0.63,0.55,0.7,74.0,1098,put,2026-09-18,7730.990234375,2026-08-28T14:38:40.477756+00:00,reference-session last trade
SPX260918P05610000,2026-08-28 13:48:04+00:00,5610.0,0.6,0.5,0.7,1.0,831,put,2026-09-18,7730.990234375,2026-08-28T14:38:40.477756+00:00,reference-session last trade
SPX260918P05620000,2026-08-19 13:30:02+00:00,5620.0,1.3,0.5,0.7,130.0,245,put,2026-09-18,7730.990234375,2026-08-28T14:38:40.477756+00:00,reference-session last trade
SPX260918P05625000,2026-08-26 19:59:32+00:00,5625.0,0.9,0.55,0.7,66.0,1465,put,2026-09-18,7730.990234375,2026-08-28T14:38:40.477756+00:00,reference-session last trade
SPX260918P05630000,2026-08-27 13:39:45+00:00,5630.0,0.75,0.55,0.7,4.0,171,put,2026-09-18,7730.990234375,2026-08-28T14:38:40.477756+00:00,reference-session last trade
SPX260918P05640000,2026-08-25 14:19:33+00:00,5640.0,1.2,0.55,0.7,1.0,378,put,2026-09-18,7730.990234375,2026-08-28T14:38:40.477756+00:00,reference-session last trade
SPXW260918P05650000,2026-08-24 19:34:20+00:00,5650.0,1.4,0.6,0.7,3.0,346,put,2026-09-18,7730.990234375,2026-08-28T14:38:40.477756+00:00,reference-session last trade
SPX260918P05660000,2026-08-26 14:22:10+00:00,5660.0,0.97,0.55,0.75,48.0,731,put,2026-09-18,7730.990234375,2026-08-28T14:38:40.477756+00:00,reference-session last trade
SPX260918P05670000,2026-08-25 19:55:36+00:00,5670.0,1.1,0.55,0.8,3.0,377,put,2026-09-18,7730.990234375,2026-08-28T14:38:40.477756+00:00,reference-session last trade
SPX260918P05675000,2026-08-28 14:17:37+00:00,5675.0,0.7,0.55,0.75,10.0,768,put,2026-09-18,7730.990234375,2026-08-28T14:38:40.477756+00:00,reference-session last trade
SPX260918P05680000,2026-08-28 14:17:02+00:00,5680.0,0.7,0.6,0.7,17.0,235,put,2026-09-18,7730.990234375,2026-08-28T14:38:40.477756+00:00,reference-session last trade
SPX260918P05690000,2026-08-28 14:06:36+00:00,5690.0,0.75,0.55,0.75,125.0,366,put,2026-09-18,7730.990234375,2026-08-28T14:38:40.477756+00:00,reference-session last trade
SPX260918P05700000,2026-08-28 14:16:45+00:00,5700.0,0.7,0.6,0.8,27.0,14609,put,2026-09-18,7730.990234375,2026-08-28T14:38:40.477756+00:00,reference-session last trade
SPX260918P05710000,2026-08-25 14:01:50+00:00,5710.0,1.35,0.6,0.8,1.0,471,put,2026-09-18,7730.990234375,2026-08-28T14:38:40.477756+00:00,reference-session last trade
SPX260918P05720000,2026-08-25 14:46:55+00:00,5720.0,1.4,0.6,0.8,2.0,213,put,2026-09-18,7730.990234375,2026-08-28T14:38:40.477756+00:00,reference-session last trade
SPX260918P05725000,2026-08-26 19:59:56+00:00,5725.0,0.95,0.6,0.8,1.0,656,put,2026-09-18,7730.990234375,2026-08-28T14:38:40.477756+00:00,reference-session last trade
SPX260918P05730000,2026-08-25 16:26:11+00:00,5730.0,1.29,0.6,0.8,2.0,417,put,2026-09-18,7730.990234375,2026-08-28T14:38:40.477756+00:00,reference-session last trade
SPX260918P05740000,2026-08-25 14:09:00+00:00,5740.0,1.4,0.65,0.8,1.0,262,put,2026-09-18,7730.990234375,2026-08-28T14:38:40.477756+00:00,reference-session last trade
SPX260918P05750000,2026-08-26 19:59:55+00:00,5750.0,1.0,0.65,0.8,1.0,3681,put,2026-09-18,7730.990234375,2026-08-28T14:38:40.477756+00:00,reference-session last trade
SPX260918P05760000,2026-08-25 19:55:11+00:00,5760.0,1.25,0.65,0.85,4.0,485,put,2026-09-18,7730.990234375,2026-08-28T14:38:40.477756+00:00,reference-session last trade
SPX260918P05770000,2026-08-25 14:18:20+00:00,5770.0,1.45,0.65,0.9,1.0,303,put,2026-09-18,7730.990234375,2026-08-28T14:38:40.477756+00:00,reference-session last trade
SPX260918P05775000,2026-08-27 14:37:16+00:00,5775.0,0.85,0.65,0.85,2.0,1315,put,2026-09-18,7730.990234375,2026-08-28T14:38:40.477756+00:00,reference-session last trade
SPX260918P05780000,2026-08-25 14:39:27+00:00,5780.0,1.5,0.65,0.85,2.0,236,put,2026-09-18,7730.990234375,2026-08-28T14:38:40.477756+00:00,reference-session last trade
SPX260918P05790000,2026-08-25 14:10:19+00:00,5790.0,1.5,0.7,0.85,1.0,469,put,2026-09-18,7730.990234375,2026-08-28T14:38:40.477756+00:00,reference-session last trade
SPX260918P05800000,2026-08-27 19:00:53+00:00,5800.0,0.9,0.7,0.85,13.0,9578,put,2026-09-18,7730.990234375,2026-08-28T14:38:40.477756+00:00,reference-session last trade
SPX260918P05810000,2026-08-25 14:50:38+00:00,5810.0,1.6,0.7,0.9,2.0,370,put,2026-09-18,7730.990234375,2026-08-28T14:38:40.477756+00:00,reference-session last trade
SPX260918P05820000,2026-08-25 14:20:25+00:00,5820.0,1.55,0.7,0.95,1.0,298,put,2026-09-18,7730.990234375,2026-08-28T14:38:40.477756+00:00,reference-session last trade
SPX260918P05825000,2026-08-27 14:17:49+00:00,5825.0,0.95,0.75,0.9,1.0,1444,put,2026-09-18,7730.990234375,2026-08-28T14:38:40.477756+00:00,reference-session last trade
SPX260918P05830000,2026-08-25 15:07:45+00:00,5830.0,1.6,0.75,0.9,2.0,334,put,2026-09-18,7730.990234375,2026-08-28T14:38:40.477756+00:00,reference-session last trade
SPX260918P05840000,2026-08-25 19:39:43+00:00,5840.0,1.45,0.75,0.95,5.0,14255,put,2026-09-18,7730.990234375,2026-08-28T14:38:40.477756+00:00,reference-session last trade
SPX260918P05850000,2026-08-26 18:00:37+00:00,5850.0,1.3,0.75,0.95,1.0,5304,put,2026-09-18,7730.990234375,2026-08-28T14:38:40.477756+00:00,reference-session last trade
SPX260918P05860000,2026-08-25 14:18:21+00:00,5860.0,1.65,0.75,0.95,1.0,587,put,2026-09-18,7730.990234375,2026-08-28T14:38:40.477756+00:00,reference-session last trade
SPX260918P05870000,2026-08-26 15:23:53+00:00,5870.0,1.3,0.8,0.95,6.0,1475,put,2026-09-18,7730.990234375,2026-08-28T14:38:40.477756+00:00,reference-session last trade
SPX260918P05875000,2026-08-27 14:26:49+00:00,5875.0,1.0,0.8,0.95,2.0,2061,put,2026-09-18,7730.990234375,2026-08-28T14:38:40.477756+00:00,reference-session last trade
SPX260918P05880000,2026-08-25 14:18:20+00:00,5880.0,1.7,0.8,0.95,1.0,386,put,2026-09-18,7730.990234375,2026-08-28T14:38:40.477756+00:00,reference-session last trade
SPX260918P05890000,2026-08-25 15:07:41+00:00,5890.0,1.75,0.8,1.05,2.0,335,put,2026-09-18,7730.990234375,2026-08-28T14:38:40.477756+00:00,reference-session last trade
SPXW260918P05900000,2026-08-27 15:44:04+00:00,5900.0,1.1,0.85,0.95,1.0,1743,put,2026-09-18,7730.990234375,2026-08-28T14:38:40.477756+00:00,reference-session last trade
SPX260918P05910000,2026-08-27 14:27:54+00:00,5910.0,1.05,0.85,1.0,1.0,515,put,2026-09-18,7730.990234375,2026-08-28T14:38:40.477756+00:00,reference-session last trade
SPX260918P05920000,2026-08-27 15:40:49+00:00,5920.0,1.05,0.85,1.05,25.0,241,put,2026-09-18,7730.990234375,2026-08-28T14:38:40.477756+00:00,reference-session last trade
SPX260918P05925000,2026-08-27 15:56:31+00:00,5925.0,1.03,0.85,1.1,10.0,12703,put,2026-09-18,7730.990234375,2026-08-28T14:38:40.477756+00:00,reference-session last trade
SPX260918P05930000,2026-08-25 19:41:08+00:00,5930.0,1.65,0.85,1.1,8.0,457,put,2026-09-18,7730.990234375,2026-08-28T14:38:40.477756+00:00,reference-session last trade
SPX260918P05940000,2026-08-25 14:18:19+00:00,5940.0,1.85,0.9,1.1,1.0,477,put,2026-09-18,7730.990234375,2026-08-28T14:38:40.477756+00:00,reference-session last trade
SPX260918P05950000,2026-08-26 17:54:07+00:00,5950.0,1.5,0.9,1.1,21.0,3902,put,2026-09-18,7730.990234375,2026-08-28T14:38:40.477756+00:00,reference-session last trade
SPX260918P05960000,2026-08-27 14:20:50+00:00,5960.0,1.15,0.9,1.05,1.0,205,put,2026-09-18,7730.990234375,2026-08-28T14:38:40.477756+00:00,reference-session last trade
SPX260918P05970000,2026-08-28 13:52:21+00:00,5970.0,1.05,0.9,1.1,6.0,210,put,2026-09-18,7730.990234375,2026-08-28T14:38:40.477756+00:00,reference-session last trade
SPX260918P05975000,2026-08-27 14:27:04+00:00,5975.0,1.15,0.95,1.15,1.0,2093,put,2026-09-18,7730.990234375,2026-08-28T14:38:40.477756+00:00,reference-session last trade
SPX260918P05980000,2026-08-25 14:54:49+00:00,5980.0,2.0,0.95,1.1,2.0,338,put,2026-09-18,7730.990234375,2026-08-28T14:38:40.477756+00:00,reference-session last trade
SPX260918P05990000,2026-08-25 19:40:01+00:00,5990.0,1.8,0.95,1.15,42.0,462,put,2026-09-18,7730.990234375,2026-08-28T14:38:40.477756+00:00,reference-session last trade
SPX260918P06000000,2026-08-28 14:14:07+00:00,6000.0,1.15,1.0,1.2,15.0,169312,put,2026-09-18,7730.990234375,2026-08-28T14:38:40.477756+00:00,reference-session last trade
SPX260918P06010000,2026-08-25 19:40:01+00:00,6010.0,1.85,1.0,1.2,7.0,1939,put,2026-09-18,7730.990234375,2026-08-28T14:38:40.477756+00:00,reference-session last trade
SPX260918P06020000,2026-08-25 15:07:51+00:00,6020.0,2.1,0.95,1.15,2.0,142,put,2026-09-18,7730.990234375,2026-08-28T14:38:40.477756+00:00,reference-session last trade
SPXW260918P06025000,2026-08-27 15:43:58+00:00,6025.0,1.3,1.05,1.2,1.0,261,put,2026-09-18,7730.990234375,2026-08-28T14:38:40.477756+00:00,reference-session last trade
SPX260918P06030000,2026-08-27 14:39:18+00:00,6030.0,1.25,1.0,1.2,1.0,828,put,2026-09-18,7730.990234375,2026-08-28T14:38:40.477756+00:00,reference-session last trade
SPX260918P06040000,2026-08-25 19:29:30+00:00,6040.0,1.95,1.05,1.2,2.0,301,put,2026-09-18,7730.990234375,2026-08-28T14:38:40.477756+00:00,reference-session last trade
SPXW260918P06050000,2026-08-27 14:02:47+00:00,6050.0,1.39,1.1,1.25,30.0,737,put,2026-09-18,7730.990234375,2026-08-28T14:38:40.477756+00:00,reference-session last trade
SPX260918P06060000,2026-08-19 13:30:02+00:00,6060.0,2.6,1.0,1.2,113.0,369,put,2026-09-18,7730.990234375,2026-08-28T14:38:40.477756+00:00,reference-session last trade
SPX260918P06070000,2026-08-27 14:23:58+00:00,6070.0,1.35,1.1,1.25,1.0,234,put,2026-09-18,7730.990234375,2026-08-28T14:38:40.477756+00:00,reference-session last trade
SPX260918P06075000,2026-08-27 18:52:35+00:00,6075.0,1.37,1.05,1.25,503.0,2251,put,2026-09-18,7730.990234375,2026-08-28T14:38:40.477756+00:00,reference-session last trade
SPX260918P06080000,2026-08-27 14:28:37+00:00,6080.0,1.35,1.1,1.3,1.0,498,put,2026-09-18,7730.990234375,2026-08-28T14:38:40.477756+00:00,reference-session last trade
SPX260918P06090000,2026-08-27 14:16:57+00:00,6090.0,1.4,1.05,1.25,1.0,236,put,2026-09-18,7730.990234375,2026-08-28T14:38:40.477756+00:00,reference-session last trade
SPXW260918P06100000,2026-08-27 15:43:42+00:00,6100.0,1.45,1.2,1.3,164.0,2205,put,2026-09-18,7730.990234375,2026-08-28T14:38:40.477756+00:00,reference-session last trade
SPX260918P06110000,2026-08-27 14:13:15+00:00,6110.0,1.45,1.1,1.3,1.0,215,put,2026-09-18,7730.990234375,2026-08-28T14:38:40.477756+00:00,reference-session last trade
SPX260918P06120000,2026-08-27 14:30:00+00:00,6120.0,1.4,1.1,1.3,1.0,242,put,2026-09-18,7730.990234375,2026-08-28T14:38:40.477756+00:00,reference-session last trade
SPXW260918P06125000,2026-08-26 15:53:33+00:00,6125.0,2.05,1.2,1.3,1.0,611,put,2026-09-18,7730.990234375,2026-08-28T14:38:40.477756+00:00,reference-session last trade
SPX260918P06130000,2026-08-27 14:28:46+00:00,6130.0,1.45,1.15,1.35,1.0,286,put,2026-09-18,7730.990234375,2026-08-28T14:38:40.477756+00:00,reference-session last trade
SPX260918P06140000,2026-08-27 14:38:49+00:00,6140.0,1.45,1.15,1.35,1.0,228,put,2026-09-18,7730.990234375,2026-08-28T14:38:40.477756+00:00,reference-session last trade
SPX260918P06150000,2026-08-27 19:59:29+00:00,6150.0,1.45,1.2,1.35,8.0,6604,put,2026-09-18,7730.990234375,2026-08-28T14:38:40.477756+00:00,reference-session last trade
SPX260918P06160000,2026-08-27 14:13:34+00:00,6160.0,1.55,1.2,1.4,1.0,652,put,2026-09-18,7730.990234375,2026-08-28T14:38:40.477756+00:00,reference-session last trade
SPX260918P06170000,2026-08-26 19:38:07+00:00,6170.0,1.95,1.2,1.4,6.0,243,put,2026-09-18,7730.990234375,2026-08-28T14:38:40.477756+00:00,reference-session last trade
SPXW260918P06175000,2026-08-28 13:43:26+00:00,6175.0,1.4,1.3,1.4,4.0,540,put,2026-09-18,7730.990234375,2026-08-28T14:38:40.477756+00:00,reference-session last trade
SPX260918P06180000,2026-08-27 14:20:47+00:00,6180.0,1.55,1.3,1.5,1.0,238,put,2026-09-18,7730.990234375,2026-08-28T14:38:40.477756+00:00,reference-session last trade
SPX260918P06190000,2026-08-27 14:26:07+00:00,6190.0,1.55,1.3,1.5,1.0,422,put,2026-09-18,7730.990234375,2026-08-28T14:38:40.477756+00:00,reference-session last trade
SPX260918P06200000,2026-08-27 20:05:26+00:00,6200.0,1.6,1.3,1.45,236.0,17588,put,2026-09-18,7730.990234375,2026-08-28T14:38:40.477756+00:00,reference-session last trade
SPX260918P06210000,2026-08-27 14:17:48+00:00,6210.0,1.65,1.3,1.45,1.0,494,put,2026-09-18,7730.990234375,2026-08-28T14:38:40.477756+00:00,reference-session last trade
SPX260918P06220000,2026-08-28 13:31:25+00:00,6220.0,1.47,1.35,1.5,1.0,228,put,2026-09-18,7730.990234375,2026-08-28T14:38:40.477756+00:00,reference-session last trade
SPXW260918P06225000,2026-08-27 18:08:52+00:00,6225.0,1.7,1.4,1.5,8.0,345,put,2026-09-18,7730.990234375,2026-08-28T14:38:40.477756+00:00,reference-session last trade
SPX260918P06230000,2026-08-27 14:20:02+00:00,6230.0,1.7,1.4,1.55,1.0,494,put,2026-09-18,7730.990234375,2026-08-28T14:38:40.477756+00:00,reference-session last trade
SPX260918P06240000,2026-08-28 14:16:18+00:00,6240.0,1.6,1.35,1.55,40.0,376,put,2026-09-18,7730.990234375,2026-08-28T14:38:40.477756+00:00,reference-session last trade
SPX260918P06250000,2026-08-27 19:59:54+00:00,6250.0,1.6,1.45,1.6,38.0,8313,put,2026-09-18,7730.990234375,2026-08-28T14:38:40.477756+00:00,reference-session last trade
SPX260918P06260000,2026-08-25 14:52:40+00:00,6260.0,3.0,1.35,1.55,2.0,398,put,2026-09-18,7730.990234375,2026-08-28T14:38:40.477756+00:00,reference-session last trade
SPX260918P06270000,2026-08-24 16:02:50+00:00,6270.0,3.1,1.4,1.6,1.0,316,put,2026-09-18,7730.990234375,2026-08-28T14:38:40.477756+00:00,reference-session last trade
SPXW260918P06275000,2026-08-27 19:34:44+00:00,6275.0,1.83,1.55,1.7,18.0,23833,put,2026-09-18,7730.990234375,2026-08-28T14:38:40.477756+00:00,reference-session last trade
SPX260918P06280000,2026-08-24 18:51:58+00:00,6280.0,3.2,1.4,1.6,1.0,520,put,2026-09-18,7730.990234375,2026-08-28T14:38:40.477756+00:00,reference-session last trade
SPX260918P06290000,2026-08-27 14:14:34+00:00,6290.0,1.9,1.45,1.65,1.0,771,put,2026-09-18,7730.990234375,2026-08-28T14:38:40.477756+00:00,reference-session last trade
SPXW260918P06300000,2026-08-28 14:00:22+00:00,6300.0,1.72,1.55,1.65,118.0,3467,put,2026-09-18,7730.990234375,2026-08-28T14:38:40.477756+00:00,reference-session last trade
SPX260918P06310000,2026-08-27 16:54:32+00:00,6310.0,1.8,1.55,1.75,151.0,976,put,2026-09-18,7730.990234375,2026-08-28T14:38:40.477756+00:00,reference-session last trade
SPX260918P06320000,2026-08-27 14:13:10+00:00,6320.0,2.0,1.55,1.7,1.0,943,put,2026-09-18,7730.990234375,2026-08-28T14:38:40.477756+00:00,reference-session last trade
SPXW260918P06325000,2026-08-27 19:34:44+00:00,6325.0,1.98,1.6,1.7,8.0,357,put,2026-09-18,7730.990234375,2026-08-28T14:38:40.477756+00:00,reference-session last trade
SPX260918P06330000,2026-08-27 17:45:00+00:00,6330.0,1.9,1.6,1.75,20.0,2254,put,2026-09-18,7730.990234375,2026-08-28T14:38:40.477756+00:00,reference-session last trade
SPX260918P06340000,2026-08-24 16:15:31+00:00,6340.0,3.4,1.55,1.75,1.0,778,put,2026-09-18,7730.990234375,2026-08-28T14:38:40.477756+00:00,reference-session last trade
SPXW260918P06350000,2026-08-28 13:46:45+00:00,6350.0,1.84,1.75,1.85,23.0,34738,put,2026-09-18,7730.990234375,2026-08-28T14:38:40.477756+00:00,reference-session last trade
SPX260918P06360000,2026-08-27 19:37:32+00:00,6360.0,2.01,1.65,1.8,1.0,813,put,2026-09-18,7730.990234375,2026-08-28T14:38:40.477756+00:00,reference-session last trade
SPX260918P06370000,2026-08-25 19:59:53+00:00,6370.0,3.1,1.75,1.9,39.0,628,put,2026-09-18,7730.990234375,2026-08-28T14:38:40.477756+00:00,reference-session last trade
SPX260918P06375000,2026-08-27 18:44:50+00:00,6375.0,2.1,1.75,1.9,6.0,3758,put,2026-09-18,7730.990234375,2026-08-28T14:38:40.477756+00:00,reference-session last trade
SPX260918P06380000,2026-08-24 16:03:48+00:00,6380.0,3.6,1.7,1.85,1.0,440,put,2026-09-18,7730.990234375,2026-08-28T14:38:40.477756+00:00,reference-session last trade
SPXW260918P06390000,2026-08-26 15:53:19+00:00,6390.0,3.0,1.8,1.85,1.0,2,put,2026-09-18,7730.990234375,2026-08-28T14:38:40.477756+00:00,reference-session last trade
SPX260918P06400000,2026-08-27 19:55:05+00:00,6400.0,2.1,1.7,1.9,26.0,17606,put,2026-09-18,7730.990234375,2026-08-28T14:38:40.477756+00:00,reference-session last trade
SPXW260918P06410000,2026-08-25 16:07:55+00:00,6410.0,3.6,1.8,1.9,1.0,102,put,2026-09-18,7730.990234375,2026-08-28T14:38:40.477756+00:00,reference-session last trade
SPX260918P06420000,2026-08-28 13:31:25+00:00,6420.0,1.97,1.85,2.0,2.0,535,put,2026-09-18,7730.990234375,2026-08-28T14:38:40.477756+00:00,reference-session last trade
SPX260918P06425000,2026-08-27 18:12:08+00:00,6425.0,2.2,1.75,1.95,1.0,2853,put,2026-09-18,7730.990234375,2026-08-28T14:38:40.477756+00:00,reference-session last trade
SPX260918P06430000,2026-08-28 13:31:21+00:00,6430.0,2.0,1.75,1.95,1.0,316,put,2026-09-18,7730.990234375,2026-08-28T14:38:40.477756+00:00,reference-session last trade
SPX260918P06440000,2026-08-28 13:42:16+00:00,6440.0,1.98,1.85,2.0,3.0,399,put,2026-09-18,7730.990234375,2026-08-28T14:38:40.477756+00:00,reference-session last trade
SPXW260918P06450000,2026-08-26 19:55:12+00:00,6450.0,3.2,1.9,2.05,26.0,314,put,2026-09-18,7730.990234375,2026-08-28T14:38:40.477756+00:00,reference-session last trade
SPXW260918P06460000,2026-08-25 16:07:34+00:00,6460.0,3.8,1.9,2.05,1.0,136,put,2026-09-18,7730.990234375,2026-08-28T14:38:40.477756+00:00,reference-session last trade
SPX260918P06470000,2026-08-25 13:56:54+00:00,6470.0,4.0,1.9,2.1,1.0,500,put,2026-09-18,7730.990234375,2026-08-28T14:38:40.477756+00:00,reference-session last trade
SPXW260918P06475000,2026-08-25 19:55:00+00:00,6475.0,3.6,2.1,2.15,4.0,92,put,2026-09-18,7730.990234375,2026-08-28T14:38:40.477756+00:00,reference-session last trade
SPXW260918P06480000,2026-08-25 13:30:07+00:00,6480.0,4.1,2.0,2.1,1.0,73,put,2026-09-18,7730.990234375,2026-08-28T14:38:40.477756+00:00,reference-session last trade
SPX260918P06490000,2026-08-24 20:05:42+00:00,6490.0,4.4,2.0,2.2,39.0,669,put,2026-09-18,7730.990234375,2026-08-28T14:38:40.477756+00:00,reference-session last trade
SPXW260918P06500000,2026-08-28 13:55:36+00:00,6500.0,2.29,2.1,2.15,92.0,1711,put,2026-09-18,7730.990234375,2026-08-28T14:38:40.477756+00:00,reference-session last trade
SPX260918P06510000,2026-08-26 19:32:21+00:00,6510.0,3.2,2.1,2.3,813.0,1302,put,2026-09-18,7730.990234375,2026-08-28T14:38:40.477756+00:00,reference-session last trade
SPX260918P06520000,2026-08-28 13:31:25+00:00,6520.0,2.27,2.05,2.25,1.0,753,put,2026-09-18,7730.990234375,2026-08-28T14:38:40.477756+00:00,reference-session last trade
SPX260918P06525000,2026-08-27 18:44:59+00:00,6525.0,2.6,2.15,2.35,3.0,3670,put,2026-09-18,7730.990234375,2026-08-28T14:38:40.477756+00:00,reference-session last trade
SPXW260918P06530000,2026-08-26 13:43:37+00:00,6530.0,3.69,2.15,2.3,1.0,171,put,2026-09-18,7730.990234375,2026-08-28T14:38:40.477756+00:00,reference-session last trade
SPX260918P06540000,2026-08-28 13:42:16+00:00,6540.0,2.33,2.1,2.3,3.0,417,put,2026-09-18,7730.990234375,2026-08-28T14:38:40.477756+00:00,reference-session last trade
SPXW260918P06550000,2026-08-27 20:09:45+00:00,6550.0,2.75,2.35,2.4,26.0,689,put,2026-09-18,7730.990234375,2026-08-28T14:38:40.477756+00:00,reference-session last trade
SPX260918P06560000,2026-08-27 13:35:42+00:00,6560.0,3.11,2.2,2.35,4.0,466,put,2026-09-18,7730.990234375,2026-08-28T14:38:40.477756+00:00,reference-session last trade
SPX260918P06570000,2026-08-21 19:47:14+00:00,6570.0,4.8,2.3,2.5,4.0,380,put,2026-09-18,7730.990234375,2026-08-28T14:38:40.477756+00:00,reference-session last trade
SPXW260918P06575000,2026-08-27 19:25:24+00:00,6575.0,2.9,2.45,2.5,11.0,406,put,2026-09-18,7730.990234375,2026-08-28T14:38:40.477756+00:00,reference-session last trade
SPX260918P06580000,2026-08-21 19:47:12+00:00,6580.0,4.9,2.35,2.5,121.0,576,put,2026-09-18,7730.990234375,2026-08-28T14:38:40.477756+00:00,reference-session last trade
SPX260918P06590000,2026-08-26 19:20:57+00:00,6590.0,3.7,2.25,2.5,2.0,477,put,2026-09-18,7730.990234375,2026-08-28T14:38:40.477756+00:00,reference-session last trade
SPX260918P06600000,2026-08-28 14:03:36+00:00,6600.0,2.6,2.4,2.55,89.0,27621,put,2026-09-18,7730.990234375,2026-08-28T14:38:40.477756+00:00,reference-session last trade
SPXW260918P06610000,2026-08-27 15:41:15+00:00,6610.0,2.95,2.45,2.6,1.0,62,put,2026-09-18,7730.990234375,2026-08-28T14:38:40.477756+00:00,reference-session last trade
SPXW260918P06620000,2026-08-25 16:07:26+00:00,6620.0,4.8,2.55,2.65,1.0,39,put,2026-09-18,7730.990234375,2026-08-28T14:38:40.477756+00:00,reference-session last trade
SPX260918P06625000,2026-08-27 17:58:26+00:00,6625.0,2.93,2.45,2.6,23.0,2184,put,2026-09-18,7730.990234375,2026-08-28T14:38:40.477756+00:00,reference-session last trade
SPX260918P06630000,2026-08-27 20:03:56+00:00,6630.0,3.0,2.45,2.65,2.0,542,put,2026-09-18,7730.990234375,2026-08-28T14:38:40.477756+00:00,reference-session last trade
SPXW260918P06640000,2026-08-28 14:17:07+00:00,6640.0,2.97,2.65,2.8,1.0,205,put,2026-09-18,7730.990234375,2026-08-28T14:38:40.477756+00:00,reference-session last trade
SPX260918P06650000,2026-08-27 19:58:15+00:00,6650.0,2.84,2.5,2.7,4.0,10662,put,2026-09-18,7730.990234375,2026-08-28T14:38:40.477756+00:00,reference-session last trade
SPXW260918P06660000,2026-08-24 19:32:49+00:00,6660.0,5.7,2.7,2.85,1.0,53,put,2026-09-18,7730.990234375,2026-08-28T14:38:40.477756+00:00,reference-session last trade
SPX260918P06670000,2026-08-21 19:33:25+00:00,6670.0,5.8,2.6,2.8,4.0,884,put,2026-09-18,7730.990234375,2026-08-28T14:38:40.477756+00:00,reference-session last trade
SPX260918P06675000,2026-08-27 15:30:33+00:00,6675.0,3.2,2.6,2.85,17.0,3093,put,2026-09-18,7730.990234375,2026-08-28T14:38:40.477756+00:00,reference-session last trade
SPXW260918P06680000,2026-08-28 14:17:07+00:00,6680.0,3.15,2.75,2.9,1.0,147,put,2026-09-18,7730.990234375,2026-08-28T14:38:40.477756+00:00,reference-session last trade
SPX260918P06690000,2026-08-25 20:06:45+00:00,6690.0,5.0,2.7,2.9,32.0,602,put,2026-09-18,7730.990234375,2026-08-28T14:38:40.477756+00:00,reference-session last trade
SPX260918P06700000,2026-08-27 19:37:32+00:00,6700.0,3.0,2.75,2.95,4.0,20038,put,2026-09-18,7730.990234375,2026-08-28T14:38:40.477756+00:00,reference-session last trade
SPX260918P06710000,2026-08-20 14:23:03+00:00,6710.0,8.05,2.75,3.0,153.0,647,put,2026-09-18,7730.990234375,2026-08-28T14:38:40.477756+00:00,reference-session last trade
SPXW260918P06720000,2026-08-26 15:53:22+00:00,6720.0,5.1,3.0,3.2,3.0,64,put,2026-09-18,7730.990234375,2026-08-28T14:38:40.477756+00:00,reference-session last trade
SPXW260918P06725000,2026-08-25 14:53:14+00:00,6725.0,5.99,2.95,3.2,20.0,213,put,2026-09-18,7730.990234375,2026-08-28T14:38:40.477756+00:00,reference-session last trade
SPXW260918P06730000,2026-08-26 17:07:26+00:00,6730.0,5.2,3.1,3.2,54.0,65,put,2026-09-18,7730.990234375,2026-08-28T14:38:40.477756+00:00,reference-session last trade
SPXW260918P06740000,2026-08-24 19:33:30+00:00,6740.0,6.5,3.2,3.4,1.0,55,put,2026-09-18,7730.990234375,2026-08-28T14:38:40.477756+00:00,reference-session last trade
SPXW260918P06750000,2026-08-28 13:51:54+00:00,6750.0,3.4,3.3,3.5,10.0,1680,put,2026-09-18,7730.990234375,2026-08-28T14:38:40.477756+00:00,reference-session last trade
SPX260918P06760000,2026-08-19 17:53:48+00:00,6760.0,7.5,3.0,3.3,118.0,921,put,2026-09-18,7730.990234375,2026-08-28T14:38:40.477756+00:00,reference-session last trade
SPXW260918P06770000,2026-08-27 15:43:22+00:00,6770.0,3.9,3.3,3.5,1.0,111,put,2026-09-18,7730.990234375,2026-08-28T14:38:40.477756+00:00,reference-session last trade
SPX260918P06775000,2026-08-26 19:30:57+00:00,6775.0,4.9,3.1,3.4,2.0,2953,put,2026-09-18,7730.990234375,2026-08-28T14:38:40.477756+00:00,reference-session last trade
SPX260918P06780000,2026-08-20 18:19:39+00:00,6780.0,9.48,3.1,3.4,139.0,606,put,2026-09-18,7730.990234375,2026-08-28T14:38:40.477756+00:00,reference-session last trade
SPXW260918P06790000,2026-08-27 18:57:20+00:00,6790.0,4.13,3.4,3.6,1.0,116,put,2026-09-18,7730.990234375,2026-08-28T14:38:40.477756+00:00,reference-session last trade
SPXW260918P06800000,2026-08-27 19:55:14+00:00,6800.0,3.93,3.4,3.6,37.0,1390,put,2026-09-18,7730.990234375,2026-08-28T14:38:40.477756+00:00,reference-session last trade
SPX260918P06810000,2026-08-27 20:11:46+00:00,6810.0,3.97,3.3,3.5,3.0,573,put,2026-09-18,7730.990234375,2026-08-28T14:38:40.477756+00:00,reference-session last trade
SPXW260918P06820000,2026-08-27 16:36:35+00:00,6820.0,4.0,3.7,3.9,7.0,232,put,2026-09-18,7730.990234375,2026-08-28T14:38:40.477756+00:00,reference-session last trade
SPX260918P06825000,2026-08-26 16:39:26+00:00,6825.0,6.11,3.5,3.7,2.0,2822,put,2026-09-18,7730.990234375,2026-08-28T14:38:40.477756+00:00,reference-session last trade
SPX260918P06830000,2026-08-26 18:35:25+00:00,6830.0,5.7,3.4,3.7,1.0,1746,put,2026-09-18,7730.990234375,2026-08-28T14:38:40.477756+00:00,reference-session last trade
SPXW260918P06840000,2026-08-27 16:23:57+00:00,6840.0,4.25,3.6,3.9,3.0,60,put,2026-09-18,7730.990234375,2026-08-28T14:38:40.477756+00:00,reference-session last trade
SPX260918P06850000,2026-08-28 13:34:28+00:00,6850.0,3.85,3.6,3.9,3.0,15054,put,2026-09-18,7730.990234375,2026-08-28T14:38:40.477756+00:00,reference-session last trade
SPX260918P06860000,2026-08-27 13:40:35+00:00,6860.0,5.0,3.7,3.9,50.0,796,put,2026-09-18,7730.990234375,2026-08-28T14:38:40.477756+00:00,reference-session last trade
SPXW260918P06870000,2026-08-27 14:52:45+00:00,6870.0,4.5,3.8,4.0,2.0,83,put,2026-09-18,7730.990234375,2026-08-28T14:38:40.477756+00:00,reference-session last trade
SPX260918P06875000,2026-08-28 13:51:03+00:00,6875.0,4.1,3.7,4.0,10.0,2935,put,2026-09-18,7730.990234375,2026-08-28T14:38:40.477756+00:00,reference-session last trade
SPXW260918P06880000,2026-08-27 14:27:02+00:00,6880.0,4.8,4.1,4.2,1.0,147,put,2026-09-18,7730.990234375,2026-08-28T14:38:40.477756+00:00,reference-session last trade
SPXW260918P06890000,2026-08-27 20:07:57+00:00,6890.0,4.71,4.2,4.4,7.0,77,put,2026-09-18,7730.990234375,2026-08-28T14:38:40.477756+00:00,reference-session last trade
SPX260918P06900000,2026-08-27 19:13:49+00:00,6900.0,4.64,3.9,4.1,821.0,25060,put,2026-09-18,7730.990234375,2026-08-28T14:38:40.477756+00:00,reference-session last trade
SPXW260918P06910000,2026-08-26 13:42:34+00:00,6910.0,7.2,4.1,4.3,1.0,103,put,2026-09-18,7730.990234375,2026-08-28T14:38:40.477756+00:00,reference-session last trade
SPXW260918P06915000,2026-08-27 13:52:56+00:00,6915.0,5.5,4.4,4.7,4.0,24,put,2026-09-18,7730.990234375,2026-08-28T14:38:40.477756+00:00,reference-session last trade
SPX260918P06920000,2026-08-26 17:39:29+00:00,6920.0,6.8,4.1,4.5,3.0,1726,put,2026-09-18,7730.990234375,2026-08-28T14:38:40.477756+00:00,reference-session last trade
SPXW260918P06925000,2026-08-27 16:24:33+00:00,6925.0,5.0,4.2,4.4,5.0,234,put,2026-09-18,7730.990234375,2026-08-28T14:38:40.477756+00:00,reference-session last trade
SPXW260918P06930000,2026-08-26 13:43:37+00:00,6930.0,7.29,4.5,4.8,1.0,131,put,2026-09-18,7730.990234375,2026-08-28T14:38:40.477756+00:00,reference-session last trade
SPX260918P06940000,2026-08-26 19:52:01+00:00,6940.0,6.7,4.3,4.6,3.0,493,put,2026-09-18,7730.990234375,2026-08-28T14:38:40.477756+00:00,reference-session last trade
SPXW260918P06950000,2026-08-27 19:16:58+00:00,6950.0,5.3,4.6,4.8,39.0,2350,put,2026-09-18,7730.990234375,2026-08-28T14:38:40.477756+00:00,reference-session last trade
SPX260918P06960000,2026-08-27 16:54:13+00:00,6960.0,4.93,4.5,4.7,10.0,1194,put,2026-09-18,7730.990234375,2026-08-28T14:38:40.477756+00:00,reference-session last trade
SPXW260918P06965000,2026-08-27 14:10:52+00:00,6965.0,5.9,4.8,5.0,10.0,10,put,2026-09-18,7730.990234375,2026-08-28T14:38:40.477756+00:00,reference-session last trade
SPX260918P06970000,2026-08-27 19:52:00+00:00,6970.0,5.2,4.5,4.7,2.0,531,put,2026-09-18,7730.990234375,2026-08-28T14:38:40.477756+00:00,reference-session last trade
SPX260918P06975000,2026-08-27 15:53:36+00:00,6975.0,5.31,4.5,4.8,19.0,4559,put,2026-09-18,7730.990234375,2026-08-28T14:38:40.477756+00:00,reference-session last trade
SPX260918P06980000,2026-08-28 14:14:43+00:00,6980.0,5.3,4.7,4.9,2.0,1495,put,2026-09-18,7730.990234375,2026-08-28T14:38:40.477756+00:00,reference-session last trade
SPXW260918P06985000,2026-08-24 14:19:05+00:00,6985.0,11.12,5.0,5.2,,10,put,2026-09-18,7730.990234375,2026-08-28T14:38:40.477756+00:00,reference-session last trade
SPX260918P06990000,2026-08-26 17:39:34+00:00,6990.0,7.9,4.6,4.9,4.0,1259,put,2026-09-18,7730.990234375,2026-08-28T14:38:40.477756+00:00,reference-session last trade
SPXW260918P06995000,2026-08-26 15:23:39+00:00,6995.0,8.5,4.9,5.2,1.0,42,put,2026-09-18,7730.990234375,2026-08-28T14:38:40.477756+00:00,reference-session last trade
SPXW260918P07000000,2026-08-28 13:55:26+00:00,7000.0,5.46,5.1,5.3,10.0,2031,put,2026-09-18,7730.990234375,2026-08-28T14:38:40.477756+00:00,reference-session last trade
SPXW260918P07005000,2026-08-26 18:54:40+00:00,7005.0,8.3,5.0,5.2,1.0,2,put,2026-09-18,7730.990234375,2026-08-28T14:38:40.477756+00:00,reference-session last trade
SPX260918P07010000,2026-08-26 17:38:06+00:00,7010.0,8.2,4.8,5.1,2.0,545,put,2026-09-18,7730.990234375,2026-08-28T14:38:40.477756+00:00,reference-session last trade
SPXW260918P07015000,2026-08-24 13:40:35+00:00,7015.0,11.6,5.1,5.3,,11,put,2026-09-18,7730.990234375,2026-08-28T14:38:40.477756+00:00,reference-session last trade
SPXW260918P07020000,2026-08-25 16:24:44+00:00,7020.0,9.75,5.2,5.5,2.0,124,put,2026-09-18,7730.990234375,2026-08-28T14:38:40.477756+00:00,reference-session last trade
SPXW260918P07025000,2026-08-28 13:51:10+00:00,7025.0,5.7,5.3,5.4,6.0,133,put,2026-09-18,7730.990234375,2026-08-28T14:38:40.477756+00:00,reference-session last trade
SPXW260918P07030000,2026-08-28 14:13:26+00:00,7030.0,6.16,5.3,5.6,23.0,125,put,2026-09-18,7730.990234375,2026-08-28T14:38:40.477756+00:00,reference-session last trade
SPX260918P07035000,2026-08-26 17:38:07+00:00,7035.0,8.7,5.3,5.6,2.0,1250,put,2026-09-18,7730.990234375,2026-08-28T14:38:40.477756+00:00,reference-session last trade
SPXW260918P07040000,2026-08-25 15:58:44+00:00,7040.0,10.34,5.4,5.7,1.0,408,put,2026-09-18,7730.990234375,2026-08-28T14:38:40.477756+00:00,reference-session last trade
SPXW260918P07045000,2026-08-26 19:32:16+00:00,7045.0,8.8,5.5,5.8,10.0,12,put,2026-09-18,7730.990234375,2026-08-28T14:38:40.477756+00:00,reference-session last trade
SPXW260918P07050000,2026-08-28 14:06:06+00:00,7050.0,6.06,5.7,5.9,41.0,1117,put,2026-09-18,7730.990234375,2026-08-28T14:38:40.477756+00:00,reference-session last trade
SPX260918P07055000,2026-08-28 14:15:31+00:00,7055.0,6.2,5.5,5.8,43.0,698,put,2026-09-18,7730.990234375,2026-08-28T14:38:40.477756+00:00,reference-session last trade
SPXW260918P07060000,2026-08-24 15:23:42+00:00,7060.0,13.11,5.9,6.1,38.0,163,put,2026-09-18,7730.990234375,2026-08-28T14:38:40.477756+00:00,reference-session last trade
SPXW260918P07065000,2026-08-27 17:02:30+00:00,7065.0,6.4,5.7,6.0,2.0,93,put,2026-09-18,7730.990234375,2026-08-28T14:38:40.477756+00:00,reference-session last trade
SPXW260918P07070000,2026-08-28 13:43:29+00:00,7070.0,6.1,5.8,6.1,1.0,312,put,2026-09-18,7730.990234375,2026-08-28T14:38:40.477756+00:00,reference-session last trade
SPX260918P07075000,2026-08-27 19:48:03+00:00,7075.0,5.75,5.6,5.9,4.0,1995,put,2026-09-18,7730.990234375,2026-08-28T14:38:40.477756+00:00,reference-session last trade
SPX260918P07080000,2026-08-28 13:48:19+00:00,7080.0,5.9,5.6,6.0,1.0,1967,put,2026-09-18,7730.990234375,2026-08-28T14:38:40.477756+00:00,reference-session last trade
SPXW260918P07085000,2026-08-28 14:03:27+00:00,7085.0,6.3,6.2,6.3,10.0,74,put,2026-09-18,7730.990234375,2026-08-28T14:38:40.477756+00:00,reference-session last trade
SPXW260918P07090000,2026-08-27 15:36:13+00:00,7090.0,7.2,6.1,6.3,5.0,1403,put,2026-09-18,7730.990234375,2026-08-28T14:38:40.477756+00:00,reference-session last trade
SPX260918P07095000,2026-08-27 16:41:09+00:00,7095.0,6.63,5.8,6.2,1.0,338,put,2026-09-18,7730.990234375,2026-08-28T14:38:40.477756+00:00,reference-session last trade
SPX260918P07100000,2026-08-28 14:14:17+00:00,7100.0,6.92,6.0,6.4,47.0,21001,put,2026-09-18,7730.990234375,2026-08-28T14:38:40.477756+00:00,reference-session last trade
SPX260918P07105000,2026-08-26 17:36:52+00:00,7105.0,10.4,6.2,6.5,2.0,1842,put,2026-09-18,7730.990234375,2026-08-28T14:38:40.477756+00:00,reference-session last trade
SPXW260918P07110000,2026-08-27 17:15:36+00:00,7110.0,7.12,6.6,6.9,1.0,105,put,2026-09-18,7730.990234375,2026-08-28T14:38:40.477756+00:00,reference-session last trade
SPXW260918P07115000,2026-08-28 14:14:15+00:00,7115.0,7.5,6.5,6.7,1.0,200,put,2026-09-18,7730.990234375,2026-08-28T14:38:40.477756+00:00,reference-session last trade
SPX260918P07120000,2026-08-27 14:26:04+00:00,7120.0,7.77,6.2,6.6,11.0,1235,put,2026-09-18,7730.990234375,2026-08-28T14:38:40.477756+00:00,reference-session last trade
SPX260918P07125000,2026-08-27 19:48:14+00:00,7125.0,7.3,6.3,6.7,4.0,4925,put,2026-09-18,7730.990234375,2026-08-28T14:38:40.477756+00:00,reference-session last trade
SPXW260918P07130000,2026-08-27 20:08:48+00:00,7130.0,7.96,6.7,7.0,31.0,183,put,2026-09-18,7730.990234375,2026-08-28T14:38:40.477756+00:00,reference-session last trade
SPXW260918P07135000,2026-08-27 16:47:29+00:00,7135.0,7.7,6.8,7.1,22.0,65,put,2026-09-18,7730.990234375,2026-08-28T14:38:40.477756+00:00,reference-session last trade
SPXW260918P07140000,2026-08-27 16:32:49+00:00,7140.0,7.88,6.9,7.2,16.0,88,put,2026-09-18,7730.990234375,2026-08-28T14:38:40.477756+00:00,reference-session last trade
SPXW260918P07145000,2026-08-26 20:04:26+00:00,7145.0,11.13,7.2,7.4,9.0,101,put,2026-09-18,7730.990234375,2026-08-28T14:38:40.477756+00:00,reference-session last trade
SPX260918P07150000,2026-08-27 19:43:08+00:00,7150.0,7.9,6.8,7.1,1.0,8293,put,2026-09-18,7730.990234375,2026-08-28T14:38:40.477756+00:00,reference-session last trade
SPXW260918P07155000,2026-08-27 14:10:52+00:00,7155.0,9.3,7.1,7.4,47.0,85,put,2026-09-18,7730.990234375,2026-08-28T14:38:40.477756+00:00,reference-session last trade
SPX260918P07160000,2026-08-26 20:00:40+00:00,7160.0,11.7,7.0,7.3,1.0,685,put,2026-09-18,7730.990234375,2026-08-28T14:38:40.477756+00:00,reference-session last trade
SPX260918P07165000,2026-08-26 17:39:08+00:00,7165.0,12.3,7.0,7.4,7.0,628,put,2026-09-18,7730.990234375,2026-08-28T14:38:40.477756+00:00,reference-session last trade
SPX260918P07170000,2026-08-28 14:23:06+00:00,7170.0,7.2,7.1,7.5,10.0,640,put,2026-09-18,7730.990234375,2026-08-28T14:38:40.477756+00:00,reference-session last trade
SPXW260918P07175000,2026-08-28 14:09:52+00:00,7175.0,8.39,7.6,7.9,11.0,1089,put,2026-09-18,7730.990234375,2026-08-28T14:38:40.477756+00:00,reference-session last trade
SPXW260918P07180000,2026-08-28 13:30:44+00:00,7180.0,7.98,7.8,8.0,1.0,123,put,2026-09-18,7730.990234375,2026-08-28T14:38:40.477756+00:00,reference-session last trade
SPX260918P07185000,2026-08-26 19:54:38+00:00,7185.0,12.7,7.4,7.8,58.0,502,put,2026-09-18,7730.990234375,2026-08-28T14:38:40.477756+00:00,reference-session last trade
SPX260918P07190000,2026-08-28 13:41:06+00:00,7190.0,7.8,7.5,7.9,2.0,1976,put,2026-09-18,7730.990234375,2026-08-28T14:38:40.477756+00:00,reference-session last trade
SPXW260918P07195000,2026-08-28 14:00:42+00:00,7195.0,8.15,8.1,8.3,22.0,282,put,2026-09-18,7730.990234375,2026-08-28T14:38:40.477756+00:00,reference-session last trade
SPXW260918P07200000,2026-08-28 14:22:03+00:00,7200.0,8.35,8.2,8.5,40.0,3087,put,2026-09-18,7730.990234375,2026-08-28T14:38:40.477756+00:00,reference-session last trade
SPX260918P07205000,2026-08-27 18:16:09+00:00,7205.0,9.55,7.7,8.1,5.0,833,put,2026-09-18,7730.990234375,2026-08-28T14:38:40.477756+00:00,reference-session last trade
SPX260918P07210000,2026-08-27 14:22:13+00:00,7210.0,10.1,7.9,8.4,2.0,921,put,2026-09-18,7730.990234375,2026-08-28T14:38:40.477756+00:00,reference-session last trade
SPX260918P07215000,2026-08-26 19:53:15+00:00,7215.0,13.75,8.1,8.5,4.0,338,put,2026-09-18,7730.990234375,2026-08-28T14:38:40.477756+00:00,reference-session last trade
SPXW260918P07220000,2026-08-28 14:00:42+00:00,7220.0,8.75,8.7,9.0,33.0,371,put,2026-09-18,7730.990234375,2026-08-28T14:38:40.477756+00:00,reference-session last trade
SPX260918P07225000,2026-08-28 13:44:17+00:00,7225.0,8.55,8.5,8.8,1728.0,6062,put,2026-09-18,7730.990234375,2026-08-28T14:38:40.477756+00:00,reference-session last trade
SPX260918P07230000,2026-08-27 14:18:39+00:00,7230.0,10.8,8.4,8.8,1.0,608,put,2026-09-18,7730.990234375,2026-08-28T14:38:40.477756+00:00,reference-session last trade
SPX260918P07235000,2026-08-27 14:37:11+00:00,7235.0,10.4,8.6,9.0,1.0,343,put,2026-09-18,7730.990234375,2026-08-28T14:38:40.477756+00:00,reference-session last trade
SPXW260918P07240000,2026-08-28 14:14:27+00:00,7240.0,10.68,9.3,9.5,1.0,130,put,2026-09-18,7730.990234375,2026-08-28T14:38:40.477756+00:00,reference-session last trade
SPX260918P07245000,2026-08-27 16:11:25+00:00,7245.0,10.3,8.9,9.3,201.0,609,put,2026-09-18,7730.990234375,2026-08-28T14:38:40.477756+00:00,reference-session last trade
SPX260918P07250000,2026-08-28 14:11:44+00:00,7250.0,10.25,9.0,9.4,1.0,8760,put,2026-09-18,7730.990234375,2026-08-28T14:38:40.477756+00:00,reference-session last trade
SPX260918P07255000,2026-08-27 18:16:09+00:00,7255.0,11.15,9.1,9.6,11.0,244,put,2026-09-18,7730.990234375,2026-08-28T14:38:40.477756+00:00,reference-session last trade
SPX260918P07260000,2026-08-27 13:35:37+00:00,7260.0,14.0,9.3,9.7,2.0,649,put,2026-09-18,7730.990234375,2026-08-28T14:38:40.477756+00:00,reference-session last trade
SPXW260918P07265000,2026-08-28 14:14:27+00:00,7265.0,11.58,9.9,10.1,1.0,110,put,2026-09-18,7730.990234375,2026-08-28T14:38:40.477756+00:00,reference-session last trade
SPXW260918P07270000,2026-08-28 14:15:28+00:00,7270.0,11.6,10.2,10.4,2.0,209,put,2026-09-18,7730.990234375,2026-08-28T14:38:40.477756+00:00,reference-session last trade
SPX260918P07275000,2026-08-28 14:01:15+00:00,7275.0,10.1,9.6,10.1,13.0,2382,put,2026-09-18,7730.990234375,2026-08-28T14:38:40.477756+00:00,reference-session last trade
SPX260918P07280000,2026-08-27 15:31:43+00:00,7280.0,11.81,9.9,10.4,2.0,744,put,2026-09-18,7730.990234375,2026-08-28T14:38:40.477756+00:00,reference-session last trade
SPX260918P07285000,2026-08-27 20:10:10+00:00,7285.0,11.7,10.0,10.5,37.0,659,put,2026-09-18,7730.990234375,2026-08-28T14:38:40.477756+00:00,reference-session last trade
SPXW260918P07290000,2026-08-28 13:48:31+00:00,7290.0,10.85,10.9,11.1,1.0,522,put,2026-09-18,7730.990234375,2026-08-28T14:38:40.477756+00:00,reference-session last trade
SPXW260918P07295000,2026-08-28 14:03:14+00:00,7295.0,11.35,11.1,11.4,4.0,225,put,2026-09-18,7730.990234375,2026-08-28T14:38:40.477756+00:00,reference-session last trade
SPXW260918P07300000,2026-08-28 14:22:03+00:00,7300.0,11.35,11.0,11.3,57.0,2589,put,2026-09-18,7730.990234375,2026-08-28T14:38:40.477756+00:00,reference-session last trade
SPXW260918P07305000,2026-08-28 14:14:17+00:00,7305.0,13.1,11.2,11.5,7.0,158,put,2026-09-18,7730.990234375,2026-08-28T14:38:40.477756+00:00,reference-session last trade
SPXW260918P07310000,2026-08-28 14:00:50+00:00,7310.0,11.67,11.5,11.8,8.0,151,put,2026-09-18,7730.990234375,2026-08-28T14:38:40.477756+00:00,reference-session last trade
SPXW260918P07315000,2026-08-28 14:14:31+00:00,7315.0,13.5,11.7,12.0,7.0,755,put,2026-09-18,7730.990234375,2026-08-28T14:38:40.477756+00:00,reference-session last trade
SPX260918P07320000,2026-08-28 13:35:08+00:00,7320.0,11.7,11.2,11.7,2.0,1770,put,2026-09-18,7730.990234375,2026-08-28T14:38:40.477756+00:00,reference-session last trade
SPX260918P07325000,2026-08-28 13:32:52+00:00,7325.0,11.95,11.6,12.1,4.0,4270,put,2026-09-18,7730.990234375,2026-08-28T14:38:40.477756+00:00,reference-session last trade
SPXW260918P07330000,2026-08-28 14:15:09+00:00,7330.0,14.3,12.4,12.7,13.0,328,put,2026-09-18,7730.990234375,2026-08-28T14:38:40.477756+00:00,reference-session last trade
SPXW260918P07335000,2026-08-28 13:44:16+00:00,7335.0,12.5,12.5,12.7,4.0,154,put,2026-09-18,7730.990234375,2026-08-28T14:38:40.477756+00:00,reference-session last trade
SPXW260918P07340000,2026-08-28 14:15:09+00:00,7340.0,14.8,12.8,13.1,11.0,246,put,2026-09-18,7730.990234375,2026-08-28T14:38:40.477756+00:00,reference-session last trade
SPX260918P07345000,2026-08-27 14:01:51+00:00,7345.0,16.98,12.4,13.0,4.0,372,put,2026-09-18,7730.990234375,2026-08-28T14:38:40.477756+00:00,reference-session last trade
SPXW260918P07350000,2026-08-28 14:14:16+00:00,7350.0,15.4,13.2,13.5,22.0,843,put,2026-09-18,7730.990234375,2026-08-28T14:38:40.477756+00:00,reference-session last trade
SPXW260918P07355000,2026-08-28 14:07:55+00:00,7355.0,15.1,13.5,13.8,4.0,171,put,2026-09-18,7730.990234375,2026-08-28T14:38:40.477756+00:00,reference-session last trade
SPXW260918P07360000,2026-08-28 14:01:01+00:00,7360.0,13.85,13.7,14.0,25.0,209,put,2026-09-18,7730.990234375,2026-08-28T14:38:40.477756+00:00,reference-session last trade
SPX260918P07365000,2026-08-28 14:14:59+00:00,7365.0,15.5,13.2,13.7,2.0,1189,put,2026-09-18,7730.990234375,2026-08-28T14:38:40.477756+00:00,reference-session last trade
SPX260918P07370000,2026-08-28 13:41:05+00:00,7370.0,13.9,13.6,14.1,1.0,1184,put,2026-09-18,7730.990234375,2026-08-28T14:38:40.477756+00:00,reference-session last trade
SPX260918P07375000,2026-08-28 13:51:03+00:00,7375.0,14.8,13.8,14.3,11.0,6207,put,2026-09-18,7730.990234375,2026-08-28T14:38:40.477756+00:00,reference-session last trade
SPXW260918P07380000,2026-08-28 13:35:55+00:00,7380.0,15.36,14.8,15.2,7.0,315,put,2026-09-18,7730.990234375,2026-08-28T14:38:40.477756+00:00,reference-session last trade
SPX260918P07385000,2026-08-28 13:49:45+00:00,7385.0,14.9,14.5,15.0,612.0,4432,put,2026-09-18,7730.990234375,2026-08-28T14:38:40.477756+00:00,reference-session last trade
SPX260918P07390000,2026-08-27 18:29:45+00:00,7390.0,18.92,14.8,15.3,32.0,2273,put,2026-09-18,7730.990234375,2026-08-28T14:38:40.477756+00:00,reference-session last trade
SPX260918P07395000,2026-08-28 13:36:32+00:00,7395.0,15.42,14.9,15.5,3.0,659,put,2026-09-18,7730.990234375,2026-08-28T14:38:40.477756+00:00,reference-session last trade
SPX260918P07400000,2026-08-28 14:21:17+00:00,7400.0,16.06,15.2,15.8,272.0,49026,put,2026-09-18,7730.990234375,2026-08-28T14:38:40.477756+00:00,reference-session last trade
SPXW260918P07405000,2026-08-28 13:47:06+00:00,7405.0,16.81,16.1,16.4,2.0,171,put,2026-09-18,7730.990234375,2026-08-28T14:38:40.477756+00:00,reference-session last trade
SPX260918P07410000,2026-08-28 13:30:02+00:00,7410.0,16.18,15.6,16.2,3.0,7372,put,2026-09-18,7730.990234375,2026-08-28T14:38:40.477756+00:00,reference-session last trade
SPXW260918P07415000,2026-08-28 13:47:27+00:00,7415.0,17.43,17.1,17.5,2.0,222,put,2026-09-18,7730.990234375,2026-08-28T14:38:40.477756+00:00,reference-session last trade
SPX260918P07420000,2026-08-28 13:30:53+00:00,7420.0,17.08,16.3,16.9,2.0,4143,put,2026-09-18,7730.990234375,2026-08-28T14:38:40.477756+00:00,reference-session last trade
SPXW260918P07425000,2026-08-27 20:06:24+00:00,7425.0,18.15,17.5,17.8,1.0,645,put,2026-09-18,7730.990234375,2026-08-28T14:38:40.477756+00:00,reference-session last trade
SPX260918P07430000,2026-08-28 13:50:28+00:00,7430.0,18.19,17.1,17.7,4.0,5247,put,2026-09-18,7730.990234375,2026-08-28T14:38:40.477756+00:00,reference-session last trade
SPX260918P07435000,2026-08-27 15:32:38+00:00,7435.0,21.1,17.7,18.3,19.0,5636,put,2026-09-18,7730.990234375,2026-08-28T14:38:40.477756+00:00,reference-session last trade
SPX260918P07440000,2026-08-28 13:52:17+00:00,7440.0,19.03,17.8,18.4,3.0,10335,put,2026-09-18,7730.990234375,2026-08-28T14:38:40.477756+00:00,reference-session last trade
SPXW260918P07445000,2026-08-28 13:36:03+00:00,7445.0,19.75,18.8,19.2,2.0,85,put,2026-09-18,7730.990234375,2026-08-28T14:38:40.477756+00:00,reference-session last trade
SPXW260918P07450000,2026-08-28 14:16:29+00:00,7450.0,21.8,19.6,20.0,49.0,1741,put,2026-09-18,7730.990234375,2026-08-28T14:38:40.477756+00:00,reference-session last trade
SPX260918P07455000,2026-08-28 14:15:07+00:00,7455.0,22.0,19.1,19.7,1.0,4631,put,2026-09-18,7730.990234375,2026-08-28T14:38:40.477756+00:00,reference-session last trade
SPXW260918P07460000,2026-08-27 18:51:55+00:00,7460.0,25.59,20.5,20.8,3.0,192,put,2026-09-18,7730.990234375,2026-08-28T14:38:40.477756+00:00,reference-session last trade
SPXW260918P07465000,2026-08-27 18:51:55+00:00,7465.0,26.05,20.8,21.1,7.0,131,put,2026-09-18,7730.990234375,2026-08-28T14:38:40.477756+00:00,reference-session last trade
SPXW260918P07470000,2026-08-27 17:22:28+00:00,7470.0,22.41,21.4,21.8,3.0,183,put,2026-09-18,7730.990234375,2026-08-28T14:38:40.477756+00:00,reference-session last trade
SPX260918P07475000,2026-08-27 19:59:00+00:00,7475.0,23.45,20.4,21.1,291.0,12033,put,2026-09-18,7730.990234375,2026-08-28T14:38:40.477756+00:00,reference-session last trade
SPX260918P07480000,2026-08-28 13:50:28+00:00,7480.0,22.37,21.0,21.6,1.0,4050,put,2026-09-18,7730.990234375,2026-08-28T14:38:40.477756+00:00,reference-session last trade
SPX260918P07485000,2026-08-27 19:49:05+00:00,7485.0,24.7,21.7,22.2,13.0,4261,put,2026-09-18,7730.990234375,2026-08-28T14:38:40.477756+00:00,reference-session last trade
SPXW260918P07490000,2026-08-28 13:48:24+00:00,7490.0,22.93,23.3,23.7,3.0,328,put,2026-09-18,7730.990234375,2026-08-28T14:38:40.477756+00:00,reference-session last trade
SPX260918P07495000,2026-08-28 14:15:36+00:00,7495.0,25.8,22.9,23.4,2.0,5329,put,2026-09-18,7730.990234375,2026-08-28T14:38:40.477756+00:00,reference-session last trade
SPXW260918P07500000,2026-08-28 14:21:44+00:00,7500.0,24.5,23.7,24.1,59.0,2211,put,2026-09-18,7730.990234375,2026-08-28T14:38:40.477756+00:00,reference-session last trade
SPX260918P07505000,2026-08-27 16:45:29+00:00,7505.0,26.36,23.7,24.3,50.0,3095,put,2026-09-18,7730.990234375,2026-08-28T14:38:40.477756+00:00,reference-session last trade
SPX260918P07510000,2026-08-27 19:15:17+00:00,7510.0,29.2,23.9,24.5,36.0,5970,put,2026-09-18,7730.990234375,2026-08-28T14:38:40.477756+00:00,reference-session last trade
SPXW260918P07515000,2026-08-28 14:00:39+00:00,7515.0,25.35,25.8,26.2,12.0,663,put,2026-09-18,7730.990234375,2026-08-28T14:38:40.477756+00:00,reference-session last trade
SPXW260918P07520000,2026-08-28 14:11:34+00:00,7520.0,29.79,26.6,26.9,6.0,342,put,2026-09-18,7730.990234375,2026-08-28T14:38:40.477756+00:00,reference-session last trade
SPX260918P07525000,2026-08-28 13:32:52+00:00,7525.0,26.79,25.8,26.4,6.0,5820,put,2026-09-18,7730.990234375,2026-08-28T14:38:40.477756+00:00,reference-session last trade
SPX260918P07530000,2026-08-27 17:23:40+00:00,7530.0,29.0,26.1,26.7,231.0,8930,put,2026-09-18,7730.990234375,2026-08-28T14:38:40.477756+00:00,reference-session last trade
SPXW260918P07535000,2026-08-28 13:58:23+00:00,7535.0,29.3,27.9,28.2,2.0,81,put,2026-09-18,7730.990234375,2026-08-28T14:38:40.477756+00:00,reference-session last trade
SPXW260918P07540000,2026-08-28 14:03:04+00:00,7540.0,29.2,28.4,28.8,70.0,231,put,2026-09-18,7730.990234375,2026-08-28T14:38:40.477756+00:00,reference-session last trade
SPXW260918P07545000,2026-08-28 14:21:58+00:00,7545.0,29.94,29.2,29.6,18.0,1863,put,2026-09-18,7730.990234375,2026-08-28T14:38:40.477756+00:00,reference-session last trade
SPX260918P07550000,2026-08-28 14:19:03+00:00,7550.0,30.89,29.1,29.7,10.0,46239,put,2026-09-18,7730.990234375,2026-08-28T14:38:40.477756+00:00,reference-session last trade
SPX260918P07555000,2026-08-28 13:30:03+00:00,7555.0,31.1,29.3,30.0,8.0,5476,put,2026-09-18,7730.990234375,2026-08-28T14:38:40.477756+00:00,reference-session last trade
SPXW260918P07560000,2026-08-27 17:40:01+00:00,7560.0,35.5,31.5,31.9,50.0,192,put,2026-09-18,7730.990234375,2026-08-28T14:38:40.477756+00:00,reference-session last trade
SPXW260918P07565000,2026-08-28 13:42:04+00:00,7565.0,32.32,31.7,32.2,11.0,89,put,2026-09-18,7730.990234375,2026-08-28T14:38:40.477756+00:00,reference-session last trade
SPX260918P07570000,2026-08-28 14:19:47+00:00,7570.0,33.55,31.3,32.1,37.0,5263,put,2026-09-18,7730.990234375,2026-08-28T14:38:40.477756+00:00,reference-session last trade
SPXW260918P07575000,2026-08-28 13:56:50+00:00,7575.0,35.12,33.4,33.7,49.0,2204,put,2026-09-18,7730.990234375,2026-08-28T14:38:40.477756+00:00,reference-session last trade
SPXW260918P07580000,2026-08-28 14:13:24+00:00,7580.0,40.35,34.6,35.0,1.0,324,put,2026-09-18,7730.990234375,2026-08-28T14:38:40.477756+00:00,reference-session last trade
SPX260918P07585000,2026-08-28 14:19:24+00:00,7585.0,35.72,34.7,35.3,5.0,6202,put,2026-09-18,7730.990234375,2026-08-28T14:38:40.477756+00:00,reference-session last trade
SPX260918P07590000,2026-08-28 14:20:31+00:00,7590.0,36.16,35.4,35.9,24.0,10507,put,2026-09-18,7730.990234375,2026-08-28T14:38:40.477756+00:00,reference-session last trade
SPX260918P07595000,2026-08-28 14:20:31+00:00,7595.0,37.1,36.0,36.7,7.0,6927,put,2026-09-18,7730.990234375,2026-08-28T14:38:40.477756+00:00,reference-session last trade
SPX260918P07600000,2026-08-28 14:22:52+00:00,7600.0,36.6,36.3,37.0,310.0,55495,put,2026-09-18,7730.990234375,2026-08-28T14:38:40.477756+00:00,reference-session last trade
SPXW260918P07605000,2026-08-27 16:45:33+00:00,7605.0,42.51,38.9,39.3,30.0,339,put,2026-09-18,7730.990234375,2026-08-28T14:38:40.477756+00:00,reference-session last trade
SPXW260918P07610000,2026-08-28 14:21:58+00:00,7610.0,40.7,39.4,39.8,5.0,178,put,2026-09-18,7730.990234375,2026-08-28T14:38:40.477756+00:00,reference-session last trade
SPX260918P07615000,2026-08-28 13:57:42+00:00,7615.0,41.33,39.2,39.9,13.0,5871,put,2026-09-18,7730.990234375,2026-08-28T14:38:40.477756+00:00,reference-session last trade
SPX260918P07620000,2026-08-28 14:08:46+00:00,7620.0,44.7,40.1,40.9,12.0,5738,put,2026-09-18,7730.990234375,2026-08-28T14:38:40.477756+00:00,reference-session last trade
SPXW260918P07625000,2026-08-28 14:11:17+00:00,7625.0,48.15,43.3,43.7,24.0,4138,put,2026-09-18,7730.990234375,2026-08-28T14:38:40.477756+00:00,reference-session last trade
SPXW260918P07630000,2026-08-28 14:06:02+00:00,7630.0,48.04,44.5,45.0,33.0,334,put,2026-09-18,7730.990234375,2026-08-28T14:38:40.477756+00:00,reference-session last trade
SPX260918P07635000,2026-08-28 13:37:48+00:00,7635.0,44.9,44.3,45.0,15.0,4669,put,2026-09-18,7730.990234375,2026-08-28T14:38:40.477756+00:00,reference-session last trade
SPX260918P07640000,2026-08-27 14:04:01+00:00,7640.0,47.15,45.3,46.0,8.0,6125,put,2026-09-18,7730.990234375,2026-08-28T14:38:40.477756+00:00,reference-session last trade
SPXW260918P07645000,2026-08-28 14:02:52+00:00,7645.0,50.65,47.9,48.4,10.0,210,put,2026-09-18,7730.990234375,2026-08-28T14:38:40.477756+00:00,reference-session last trade
SPXW260918P07650000,2026-08-28 14:20:28+00:00,7650.0,50.0,49.1,49.6,100.0,5369,put,2026-09-18,7730.990234375,2026-08-28T14:38:40.477756+00:00,reference-session last trade
SPX260918P07655000,2026-08-28 14:19:24+00:00,7655.0,50.81,48.8,49.6,3.0,499,put,2026-09-18,7730.990234375,2026-08-28T14:38:40.477756+00:00,reference-session last trade
SPX260918P07660000,2026-08-28 14:23:03+00:00,7660.0,50.1,50.3,51.0,19.0,1396,put,2026-09-18,7730.990234375,2026-08-28T14:38:40.477756+00:00,reference-session last trade
SPX260918P07665000,2026-08-28 14:16:28+00:00,7665.0,56.99,51.8,52.6,20.0,1561,put,2026-09-18,7730.990234375,2026-08-28T14:38:40.477756+00:00,reference-session last trade
SPXW260918P07670000,2026-08-28 14:08:23+00:00,7670.0,59.79,54.8,55.4,30.0,222,put,2026-09-18,7730.990234375,2026-08-28T14:38:40.477756+00:00,reference-session last trade
SPX260918P07675000,2026-08-28 14:21:07+00:00,7675.0,56.2,54.1,54.8,83.0,3821,put,2026-09-18,7730.990234375,2026-08-28T14:38:40.477756+00:00,reference-session last trade
SPX260918P07680000,2026-08-28 14:07:10+00:00,7680.0,61.55,55.9,56.6,64.0,4623,put,2026-09-18,7730.990234375,2026-08-28T14:38:40.477756+00:00,reference-session last trade
SPX260918P07685000,2026-08-27 19:11:32+00:00,7685.0,66.89,57.0,57.7,8.0,6226,put,2026-09-18,7730.990234375,2026-08-28T14:38:40.477756+00:00,reference-session last trade
SPXW260918P07690000,2026-08-28 14:01:42+00:00,7690.0,61.42,60.4,61.0,34.0,345,put,2026-09-18,7730.990234375,2026-08-28T14:38:40.477756+00:00,reference-session last trade
SPX260918P07695000,2026-08-28 14:16:23+00:00,7695.0,67.1,60.4,61.2,54.0,7377,put,2026-09-18,7730.990234375,2026-08-28T14:38:40.477756+00:00,reference-session last trade
SPX260918P07700000,2026-08-28 14:16:23+00:00,7700.0,68.85,61.8,62.5,1929.0,37803,put,2026-09-18,7730.990234375,2026-08-28T14:38:40.477756+00:00,reference-session last trade
SPXW260918P07705000,2026-08-27 19:41:42+00:00,7705.0,64.71,65.4,66.0,12.0,378,put,2026-09-18,7730.990234375,2026-08-28T14:38:40.477756+00:00,reference-session last trade
SPX260918P07710000,2026-08-28 14:08:26+00:00,7710.0,71.55,65.4,66.2,26.0,4122,put,2026-09-18,7730.990234375,2026-08-28T14:38:40.477756+00:00,reference-session last trade
SPXW260918P07715000,2026-08-28 14:08:23+00:00,7715.0,75.24,68.9,69.4,21.0,97,put,2026-09-18,7730.990234375,2026-08-28T14:38:40.477756+00:00,reference-session last trade
SPX260918P07720000,2026-08-28 14:12:01+00:00,7720.0,76.59,68.7,69.5,17.0,5425,put,2026-09-18,7730.990234375,2026-08-28T14:38:40.477756+00:00,reference-session last trade
SPXW260918P07725000,2026-08-28 14:14:45+00:00,7725.0,82.2,72.8,73.4,89.0,519,put,2026-09-18,7730.990234375,2026-08-28T14:38:40.477756+00:00,reference-session last trade
SPXW260918P07730000,2026-08-28 14:16:06+00:00,7730.0,82.2,74.6,75.2,74.0,346,put,2026-09-18,7730.990234375,2026-08-28T14:38:40.477756+00:00,reference-session last trade
SPXW260918P07735000,2026-08-28 14:20:47+00:00,7735.0,78.37,75.8,76.4,24.0,65,put,2026-09-18,7730.990234375,2026-08-28T14:38:40.477756+00:00,reference-session last trade
SPXW260918P07740000,2026-08-28 14:04:39+00:00,7740.0,81.53,77.4,78.0,51.0,195,put,2026-09-18,7730.990234375,2026-08-28T14:38:40.477756+00:00,reference-session last trade
SPXW260918P07745000,2026-08-27 18:38:27+00:00,7745.0,94.45,79.8,80.4,76.0,166,put,2026-09-18,7730.990234375,2026-08-28T14:38:40.477756+00:00,reference-session last trade
SPXW260918P07750000,2026-08-28 13:48:15+00:00,7750.0,81.18,82.4,83.0,203.0,776,put,2026-09-18,7730.990234375,2026-08-28T14:38:40.477756+00:00,reference-session last trade
SPXW260918P07755000,2026-08-28 14:02:52+00:00,7755.0,85.1,85.1,85.8,11.0,75,put,2026-09-18,7730.990234375,2026-08-28T14:38:40.477756+00:00,reference-session last trade
SPXW260918P07760000,2026-08-28 13:45:34+00:00,7760.0,87.8,87.4,88.0,1.0,64,put,2026-09-18,7730.990234375,2026-08-28T14:38:40.477756+00:00,reference-session last trade
SPXW260918P07765000,2026-08-28 13:49:17+00:00,7765.0,87.32,89.6,90.2,86.0,62,put,2026-09-18,7730.990234375,2026-08-28T14:38:40.477756+00:00,reference-session last trade
SPXW260918P07770000,2026-08-28 13:35:38+00:00,7770.0,94.6,92.0,92.6,9.0,107,put,2026-09-18,7730.990234375,2026-08-28T14:38:40.477756+00:00,reference-session last trade
SPX260918P07775000,2026-08-28 13:32:36+00:00,7775.0,94.77,93.6,94.4,4.0,11216,put,2026-09-18,7730.990234375,2026-08-28T14:38:40.477756+00:00,reference-session last trade
SPXW260918P07780000,2026-08-28 14:10:47+00:00,7780.0,105.07,95.6,96.2,7.0,219,put,2026-09-18,7730.990234375,2026-08-28T14:38:40.477756+00:00,reference-session last trade
SPXW260918P07785000,2026-08-27 19:04:50+00:00,7785.0,112.8,99.6,100.2,6.0,38,put,2026-09-18,7730.990234375,2026-08-28T14:38:40.477756+00:00,reference-session last trade
SPXW260918P07790000,2026-08-27 17:25:48+00:00,7790.0,105.8,102.3,103.0,3.0,110,put,2026-09-18,7730.990234375,2026-08-28T14:38:40.477756+00:00,reference-session last trade
SPX260918P07795000,2026-08-28 13:57:51+00:00,7795.0,104.61,103.2,104.4,2.0,2541,put,2026-09-18,7730.990234375,2026-08-28T14:38:40.477756+00:00,reference-session last trade
SPX260918P07800000,2026-08-28 14:20:29+00:00,7800.0,107.9,106.1,107.2,5.0,23786,put,2026-09-18,7730.990234375,2026-08-28T14:38:40.477756+00:00,reference-session last trade
SPX260918P07805000,2026-08-21 18:24:52+00:00,7805.0,162.49,108.9,110.0,2.0,4300,put,2026-09-18,7730.990234375,2026-08-28T14:38:40.477756+00:00,reference-session last trade
SPXW260918P07810000,2026-08-27 17:25:48+00:00,7810.0,116.4,113.6,114.3,3.0,67,put,2026-09-18,7730.990234375,2026-08-28T14:38:40.477756+00:00,reference-session last trade
SPXW260918P07815000,2026-08-18 19:53:00+00:00,7815.0,160.6,116.2,117.0,1.0,40,put,2026-09-18,7730.990234375,2026-08-28T14:38:40.477756+00:00,reference-session last trade
SPX260918P07820000,2026-08-27 19:23:48+00:00,7820.0,130.33,118.1,119.2,68.0,2092,put,2026-09-18,7730.990234375,2026-08-28T14:38:40.477756+00:00,reference-session last trade
SPX260918P07825000,2026-08-27 17:47:21+00:00,7825.0,126.92,120.0,122.5,4.0,3618,put,2026-09-18,7730.990234375,2026-08-28T14:38:40.477756+00:00,reference-session last trade
SPX260918P07830000,2026-08-28 13:45:33+00:00,7830.0,123.46,123.8,126.1,40.0,2215,put,2026-09-18,7730.990234375,2026-08-28T14:38:40.477756+00:00,reference-session last trade
SPX260918P07835000,2026-08-27 14:27:36+00:00,7835.0,142.81,126.2,128.4,4.0,1573,put,2026-09-18,7730.990234375,2026-08-28T14:38:40.477756+00:00,reference-session last trade
SPXW260918P07840000,2026-08-27 19:20:35+00:00,7840.0,145.0,131.2,131.7,4.0,54,put,2026-09-18,7730.990234375,2026-08-28T14:38:40.477756+00:00,reference-session last trade
SPXW260918P07845000,2026-08-26 18:46:25+00:00,7845.0,181.14,132.6,133.4,2.0,30,put,2026-09-18,7730.990234375,2026-08-28T14:38:40.477756+00:00,reference-session last trade
SPXW260918P07850000,2026-08-28 14:09:40+00:00,7850.0,142.9,138.0,138.6,1.0,68,put,2026-09-18,7730.990234375,2026-08-28T14:38:40.477756+00:00,reference-session last trade
SPXW260918P07855000,2026-08-18 19:32:30+00:00,7855.0,182.1,139.7,142.0,24.0,26,put,2026-09-18,7730.990234375,2026-08-28T14:38:40.477756+00:00,reference-session last trade
SPX260918P07860000,2026-08-26 18:16:29+00:00,7860.0,196.66,142.1,146.0,1.0,502,put,2026-09-18,7730.990234375,2026-08-28T14:38:40.477756+00:00,reference-session last trade
SPXW260918P07865000,2026-08-18 14:43:58+00:00,7865.0,186.8,147.4,152.2,5.0,4,put,2026-09-18,7730.990234375,2026-08-28T14:38:40.477756+00:00,reference-session last trade
SPX260918P07870000,2026-08-24 14:36:13+00:00,7870.0,219.88,148.6,152.7,5.0,54,put,2026-09-18,7730.990234375,2026-08-28T14:38:40.477756+00:00,reference-session last trade
SPXW260918P07875000,2026-08-25 14:11:18+00:00,7875.0,212.03,153.2,158.6,8.0,99,put,2026-09-18,7730.990234375,2026-08-28T14:38:40.477756+00:00,reference-session last trade
SPXW260918P07880000,2026-08-27 19:50:00+00:00,7880.0,169.0,154.2,159.5,2.0,53,put,2026-09-18,7730.990234375,2026-08-28T14:38:40.477756+00:00,reference-session last trade
SPX260918P07885000,2026-08-13 14:49:21+00:00,7885.0,152.43,159.9,164.2,,5,put,2026-09-18,7730.990234375,2026-08-28T14:38:40.477756+00:00,reference-session last trade
SPXW260918P07890000,2026-08-18 16:18:14+00:00,7890.0,204.7,162.6,168.0,2.0,30,put,2026-09-18,7730.990234375,2026-08-28T14:38:40.477756+00:00,reference-session last trade
SPXW260918P07895000,2026-08-17 14:35:39+00:00,7895.0,164.5,165.0,170.5,20.0,32,put,2026-09-18,7730.990234375,2026-08-28T14:38:40.477756+00:00,reference-session last trade
SPXW260918P07900000,2026-08-27 15:15:26+00:00,7900.0,184.6,169.9,175.6,4.0,113,put,2026-09-18,7730.990234375,2026-08-28T14:38:40.477756+00:00,reference-session last trade
SPX260918P07905000,2026-08-21 17:51:50+00:00,7905.0,233.2,175.2,179.0,1.0,2,put,2026-09-18,7730.990234375,2026-08-28T14:38:40.477756+00:00,reference-session last trade
SPX260918P07910000,2026-07-10 16:07:33+00:00,7910.0,357.9,0.0,0.0,1.0,0,put,2026-09-18,7730.990234375,2026-08-28T14:38:40.477756+00:00,reference-session last trade
SPXW260918P07915000,2026-08-17 14:03:51+00:00,7915.0,177.2,180.5,186.2,4.0,25,put,2026-09-18,7730.990234375,2026-08-28T14:38:40.477756+00:00,reference-session last trade
SPXW260918P07920000,2026-08-17 14:30:06+00:00,7920.0,180.2,188.4,194.1,11.0,80,put,2026-09-18,7730.990234375,2026-08-28T14:38:40.477756+00:00,reference-session last trade
SPX260918P07925000,2026-08-21 19:16:40+00:00,7925.0,247.69,192.3,196.5,2.0,57,put,2026-09-18,7730.990234375,2026-08-28T14:38:40.477756+00:00,reference-session last trade
SPXW260918P07930000,2026-08-12 17:11:34+00:00,7930.0,209.9,192.1,205.3,2.0,36,put,2026-09-18,7730.990234375,2026-08-28T14:38:40.477756+00:00,reference-session last trade
SPX260918P07935000,2026-08-12 16:15:36+00:00,7935.0,215.75,197.5,200.9,,3,put,2026-09-18,7730.990234375,2026-08-28T14:38:40.477756+00:00,reference-session last trade
SPX260918P07940000,2026-08-17 15:00:12+00:00,7940.0,192.65,202.3,206.6,4.0,5,put,2026-09-18,7730.990234375,2026-08-28T14:38:40.477756+00:00,reference-session last trade
SPXW260918P07945000,2026-08-13 15:28:48+00:00,7945.0,198.8,204.8,210.4,,2,put,2026-09-18,7730.990234375,2026-08-28T14:38:40.477756+00:00,reference-session last trade
SPXW260918P07950000,2026-08-26 18:46:25+00:00,7950.0,265.83,209.2,214.8,2.0,71,put,2026-09-18,7730.990234375,2026-08-28T14:38:40.477756+00:00,reference-session last trade
SPX260918P07955000,2026-08-20 14:57:21+00:00,7955.0,267.0,217.5,221.8,,1,put,2026-09-18,7730.990234375,2026-08-28T14:38:40.477756+00:00,reference-session last trade
SPX260918P07960000,2026-08-07 19:58:58+00:00,7960.0,234.22,221.6,225.9,1.0,1,put,2026-09-18,7730.990234375,2026-08-28T14:38:40.477756+00:00,reference-session last trade
SPXW260918P07965000,2026-08-17 18:44:08+00:00,7965.0,221.53,223.0,229.0,5.0,8,put,2026-09-18,7730.990234375,2026-08-28T14:38:40.477756+00:00,reference-session last trade
SPXW260918P07970000,2026-08-28 14:23:11+00:00,7970.0,230.24,225.5,241.0,2.0,3,put,2026-09-18,7730.990234375,2026-08-28T14:38:40.477756+00:00,reference-session last trade
SPX260918P07975000,2026-08-26 13:36:38+00:00,7975.0,297.7,234.4,238.6,1.0,4,put,2026-09-18,7730.990234375,2026-08-28T14:38:40.477756+00:00,reference-session last trade
SPX260918P07980000,2026-08-25 14:32:17+00:00,7980.0,307.1,238.0,242.3,3.0,23,put,2026-09-18,7730.990234375,2026-08-28T14:38:40.477756+00:00,reference-session last trade
SPX260918P07990000,2026-08-25 14:33:08+00:00,7990.0,315.84,245.7,250.0,3.0,29,put,2026-09-18,7730.990234375,2026-08-28T14:38:40.477756+00:00,reference-session last trade
SPXW260918P07995000,2026-08-18 13:31:30+00:00,7995.0,280.65,242.7,263.3,6.0,7,put,2026-09-18,7730.990234375,2026-08-28T14:38:40.477756+00:00,reference-session last trade
SPX260918P08000000,2026-08-28 13:30:04+00:00,8000.0,259.5,256.1,260.4,24.0,266021,put,2026-09-18,7730.990234375,2026-08-28T14:38:40.477756+00:00,reference-session last trade
SPXW260918P08005000,2026-08-20 14:16:53+00:00,8005.0,319.54,252.3,271.7,,0,put,2026-09-18,7730.990234375,2026-08-28T14:38:40.477756+00:00,reference-session last trade
SPX260918P08010000,2026-08-21 19:53:43+00:00,8010.0,321.26,265.3,269.3,6.0,9,put,2026-09-18,7730.990234375,2026-08-28T14:38:40.477756+00:00,reference-session last trade
SPXW260918P08015000,2026-08-18 13:57:25+00:00,8015.0,303.61,262.0,281.6,10.0,10,put,2026-09-18,7730.990234375,2026-08-28T14:38:40.477756+00:00,reference-session last trade
SPX260918P08020000,2026-08-24 15:36:17+00:00,8020.0,351.48,274.5,278.9,25.0,83,put,2026-09-18,7730.990234375,2026-08-28T14:38:40.477756+00:00,reference-session last trade
SPXW260918P08025000,2026-08-26 19:47:21+00:00,8025.0,327.75,271.7,293.7,1.0,1,put,2026-09-18,7730.990234375,2026-08-28T14:38:40.477756+00:00,reference-session last trade
SPX260918P08030000,2026-08-05 14:53:43+00:00,8030.0,297.6,282.8,287.1,10.0,26,put,2026-09-18,7730.990234375,2026-08-28T14:38:40.477756+00:00,reference-session last trade
SPX260918P08040000,2026-08-05 18:34:22+00:00,8040.0,310.42,294.2,298.5,10.0,11,put,2026-09-18,7730.990234375,2026-08-28T14:38:40.477756+00:00,reference-session last trade
SPX260918P08050000,2026-08-18 19:54:59+00:00,8050.0,341.4,295.1,303.5,2.0,9,put,2026-09-18,7730.990234375,2026-08-28T14:38:40.477756+00:00,reference-session last trade
SPX260918P08070000,2026-06-02 19:53:09+00:00,8070.0,465.3,569.3,570.7,,0,put,2026-09-18,7730.990234375,2026-08-28T14:38:40.477756+00:00,reference-session last trade
SPXW260918P08075000,2026-08-26 19:44:45+00:00,8075.0,378.2,319.3,338.4,1.0,1,put,2026-09-18,7730.990234375,2026-08-28T14:38:40.477756+00:00,reference-session last trade
SPX260918P08080000,2026-06-02 19:53:09+00:00,8080.0,472.4,544.0,554.1,,0,put,2026-09-18,7730.990234375,2026-08-28T14:38:40.477756+00:00,reference-session last trade
SPX260918P08090000,2026-08-11 17:22:39+00:00,8090.0,353.45,332.6,351.6,,1,put,2026-09-18,7730.990234375,2026-08-28T14:38:40.477756+00:00,reference-session last trade
SPX260918P08100000,2026-08-21 15:37:29+00:00,8100.0,399.0,344.0,364.0,7.0,115,put,2026-09-18,7730.990234375,2026-08-28T14:38:40.477756+00:00,reference-session last trade
SPX260918P08110000,2026-07-22 14:03:56+00:00,8110.0,564.29,0.0,0.0,,0,put,2026-09-18,7730.990234375,2026-08-28T14:38:40.477756+00:00,reference-session last trade
SPXW260918P08120000,2026-08-12 18:45:10+00:00,8120.0,354.35,363.2,382.2,,1,put,2026-09-18,7730.990234375,2026-08-28T14:38:40.477756+00:00,reference-session last trade
SPX260918P08125000,2026-08-07 14:09:05+00:00,8125.0,386.1,368.0,388.2,1.0,2,put,2026-09-18,7730.990234375,2026-08-28T14:38:40.477756+00:00,reference-session last trade
SPXW260918P08130000,2026-08-10 14:29:24+00:00,8130.0,359.0,371.7,391.4,1.0,2,put,2026-09-18,7730.990234375,2026-08-28T14:38:40.477756+00:00,reference-session last trade
SPX260918P08150000,2026-08-24 18:04:33+00:00,8150.0,480.87,392.1,412.6,1.0,3,put,2026-09-18,7730.990234375,2026-08-28T14:38:40.477756+00:00,reference-session last trade
SPX260918P08175000,2026-08-13 15:30:20+00:00,8175.0,379.09,415.7,435.4,8.0,9,put,2026-09-18,7730.990234375,2026-08-28T14:38:40.477756+00:00,reference-session last trade
SPXW260918P08200000,2026-08-07 14:04:49+00:00,8200.0,455.26,440.9,460.3,1.0,2,put,2026-09-18,7730.990234375,2026-08-28T14:38:40.477756+00:00,reference-session last trade
SPX260918P08220000,2026-08-05 13:36:04+00:00,8220.0,432.18,461.5,482.0,,1,put,2026-09-18,7730.990234375,2026-08-28T14:38:40.477756+00:00,reference-session last trade
SPX260918P08250000,2026-08-17 17:57:50+00:00,8250.0,476.38,492.0,512.3,2.0,2,put,2026-09-18,7730.990234375,2026-08-28T14:38:40.477756+00:00,reference-session last trade
SPX260918P08260000,2026-08-19 15:18:04+00:00,8260.0,504.09,500.8,522.1,4.0,4,put,2026-09-18,7730.990234375,2026-08-28T14:38:40.477756+00:00,reference-session last trade
SPXW260918P08275000,2026-08-07 19:42:39+00:00,8275.0,504.91,515.8,535.6,5.0,11,put,2026-09-18,7730.990234375,2026-08-28T14:38:40.477756+00:00,reference-session last trade
SPX260918P08300000,2026-08-27 19:46:09+00:00,8300.0,560.0,541.1,561.6,20.0,13,put,2026-09-18,7730.990234375,2026-08-28T14:38:40.477756+00:00,reference-session last trade
SPXW260918P08325000,2026-08-20 17:35:25+00:00,8325.0,637.79,564.9,585.3,,12,put,2026-09-18,7730.990234375,2026-08-28T14:38:40.477756+00:00,reference-session last trade
SPXW260918P08360000,2026-08-20 17:35:25+00:00,8360.0,672.41,600.5,620.2,,12,put,2026-09-18,7730.990234375,2026-08-28T14:38:40.477756+00:00,reference-session last trade
SPXW260918P08380000,2026-08-20 17:33:20+00:00,8380.0,690.92,619.6,639.7,,9,put,2026-09-18,7730.990234375,2026-08-28T14:38:40.477756+00:00,reference-session last trade
SPXW260918P08390000,2026-08-19 13:57:29+00:00,8390.0,648.73,629.9,649.4,,3,put,2026-09-18,7730.990234375,2026-08-28T14:38:40.477756+00:00,reference-session last trade
SPX260918P08400000,2026-08-13 14:49:41+00:00,8400.0,579.98,640.9,661.4,2.0,2,put,2026-09-18,7730.990234375,2026-08-28T14:38:40.477756+00:00,reference-session last trade
SPXW260918P08410000,2026-08-19 16:08:06+00:00,8410.0,653.57,649.4,670.0,,8,put,2026-09-18,7730.990234375,2026-08-28T14:38:40.477756+00:00,reference-session last trade
SPXW260918P08425000,2026-08-20 17:33:20+00:00,8425.0,736.11,664.9,685.0,,9,put,2026-09-18,7730.990234375,2026-08-28T14:38:40.477756+00:00,reference-session last trade
SPXW260918P08430000,2026-08-19 13:57:29+00:00,8430.0,688.27,671.0,692.9,,3,put,2026-09-18,7730.990234375,2026-08-28T14:38:40.477756+00:00,reference-session last trade
SPXW260918P08440000,2026-08-19 16:08:06+00:00,8440.0,683.09,680.6,699.9,,8,put,2026-09-18,7730.990234375,2026-08-28T14:38:40.477756+00:00,reference-session last trade
SPXW260918P08450000,2026-08-19 13:59:05+00:00,8450.0,707.42,689.4,709.3,,4,put,2026-09-18,7730.990234375,2026-08-28T14:38:40.477756+00:00,reference-session last trade
SPXW260918P08475000,2026-08-19 13:59:05+00:00,8475.0,731.83,715.5,734.8,,4,put,2026-09-18,7730.990234375,2026-08-28T14:38:40.477756+00:00,reference-session last trade
SPX260918P08500000,2026-08-27 17:45:42+00:00,8500.0,757.75,740.1,760.6,16.0,219,put,2026-09-18,7730.990234375,2026-08-28T14:38:40.477756+00:00,reference-session last trade
SPXW260918P08600000,2026-08-17 18:18:37+00:00,8600.0,820.74,840.1,859.5,1.0,1,put,2026-09-18,7730.990234375,2026-08-28T14:38:40.477756+00:00,reference-session last trade
SPX260918P08650000,2026-07-31 20:00:06+00:00,8650.0,1121.77,888.7,908.2,3.0,3,put,2026-09-18,7730.990234375,2026-08-28T14:38:40.477756+00:00,reference-session last trade
SPX260918P08700000,2026-06-22 15:29:50+00:00,8700.0,1149.97,1226.9,1250.9,,1,put,2026-09-18,7730.990234375,2026-08-28T14:38:40.477756+00:00,reference-session last trade
SPX260918P08775000,2026-08-12 18:32:41+00:00,8775.0,994.1,1016.6,1036.7,,1,put,2026-09-18,7730.990234375,2026-08-28T14:38:40.477756+00:00,reference-session last trade
SPXW260918P08800000,2026-08-19 14:00:54+00:00,8800.0,1057.71,1038.6,1058.3,5.0,17,put,2026-09-18,7730.990234375,2026-08-28T14:38:40.477756+00:00,reference-session last trade
SPXW260918P08850000,2026-08-19 14:00:54+00:00,8850.0,1107.49,1088.0,1108.8,,5,put,2026-09-18,7730.990234375,2026-08-28T14:38:40.477756+00:00,reference-session last trade
SPXW260918P09000000,2026-08-21 16:45:28+00:00,9000.0,1297.93,1239.5,1261.6,81.0,203,put,2026-09-18,7730.990234375,2026-08-28T14:38:40.477756+00:00,reference-session last trade
SPX260918P09100000,2026-06-17 19:15:49+00:00,9100.0,1542.16,1624.0,1648.0,,12,put,2026-09-18,7730.990234375,2026-08-28T14:38:40.477756+00:00,reference-session last trade
SPX260918P09200000,2026-07-31 13:47:06+00:00,9200.0,1709.71,1438.6,1459.1,2.0,88,put,2026-09-18,7730.990234375,2026-08-28T14:38:40.477756+00:00,reference-session last trade
SPXW260918P09300000,2026-06-05 17:56:03+00:00,9300.0,1751.92,1761.3,1755.2,1.0,0,put,2026-09-18,7730.990234375,2026-08-28T14:38:40.477756+00:00,reference-session last trade
SPX260918P09400000,2026-07-30 17:13:18+00:00,9400.0,1938.01,1638.1,1658.6,3.0,5,put,2026-09-18,7730.990234375,2026-08-28T14:38:40.477756+00:00,reference-session last trade
SPX260918P09800000,2026-06-23 15:54:09+00:00,9800.0,2322.38,2319.2,2343.2,1.0,5,put,2026-09-18,7730.990234375,2026-08-28T14:38:40.477756+00:00,reference-session last trade
SPX260918P10000000,2026-08-27 19:41:17+00:00,10000.0,2257.25,2236.5,2257.7,33.0,416,put,2026-09-18,7730.990234375,2026-08-28T14:38:40.477756+00:00,reference-session last trade
SPXW260918P10200000,2026-06-05 19:20:27+00:00,10200.0,2719.97,2624.7,2648.7,1.0,0,put,2026-09-18,7730.990234375,2026-08-28T14:38:40.477756+00:00,reference-session last trade
SPXW260918P10400000,2026-08-12 18:33:04+00:00,10400.0,2612.27,2636.0,2657.4,2.0,2,put,2026-09-18,7730.990234375,2026-08-28T14:38:40.477756+00:00,reference-session last trade
SPX260918P10800000,2026-08-27 16:56:43+00:00,10800.0,3042.2,3035.8,3056.8,1.0,102,put,2026-09-18,7730.990234375,2026-08-28T14:38:40.477756+00:00,reference-session last trade
SPX260918P11000000,2026-08-27 16:58:46+00:00,11000.0,3241.9,3237.1,3257.2,1.0,35,put,2026-09-18,7730.990234375,2026-08-28T14:38:40.477756+00:00,reference-session last trade
SPX260918P11200000,2026-07-15 15:37:23+00:00,11200.0,3566.3,0.0,0.0,4.0,0,put,2026-09-18,7730.990234375,2026-08-28T14:38:40.477756+00:00,reference-session last trade
SPX260918P11400000,2026-08-18 16:17:16+00:00,11400.0,3662.44,3633.4,3653.9,2.0,3,put,2026-09-18,7730.990234375,2026-08-28T14:38:40.477756+00:00,reference-session last trade
SPX260918P11600000,2026-07-17 16:48:41+00:00,11600.0,4037.42,0.0,0.0,2.0,0,put,2026-09-18,7730.990234375,2026-08-28T14:38:40.477756+00:00,reference-session last trade
SPX260918P11800000,2026-06-22 13:39:47+00:00,11800.0,4160.03,4305.7,4329.7,1.0,6,put,2026-09-18,7730.990234375,2026-08-28T14:38:40.477756+00:00,reference-session last trade
SPX260918P11900000,2026-08-17 17:20:06+00:00,11900.0,4100.55,4130.2,4150.5,2.0,12,put,2026-09-18,7730.990234375,2026-08-28T14:38:40.477756+00:00,reference-session last trade
SPX260918P12000000,2026-08-27 19:59:40+00:00,12000.0,4244.62,4233.4,4253.2,11.0,958,put,2026-09-18,7730.990234375,2026-08-28T14:38:40.477756+00:00,reference-session last trade
SPX260918P12200000,2026-08-26 16:10:05+00:00,12200.0,4503.95,4429.5,4449.8,1.0,27,put,2026-09-18,7730.990234375,2026-08-28T14:38:40.477756+00:00,reference-session last trade
SPXW260918P12400000,2026-07-01 16:55:05+00:00,12400.0,4785.8,0.0,0.0,,0,put,2026-09-18,7730.990234375,2026-08-28T14:38:40.477756+00:00,reference-session last trade
SPX260918P12600000,2026-08-27 20:00:54+00:00,12600.0,4844.58,4830.1,4851.8,2.0,37,put,2026-09-18,7730.990234375,2026-08-28T14:38:40.477756+00:00,reference-session last trade
SPX260918P12800000,2026-08-25 18:45:36+00:00,12800.0,5095.27,5028.1,5048.6,2.0,80,put,2026-09-18,7730.990234375,2026-08-28T14:38:40.477756+00:00,reference-session last trade
SPX260918P12900000,2026-08-27 19:59:10+00:00,12900.0,5143.21,5128.9,5150.9,2.0,100,put,2026-09-18,7730.990234375,2026-08-28T14:38:40.477756+00:00,reference-session last trade
SPX260918P13000000,2026-08-27 20:00:54+00:00,13000.0,5243.48,5229.3,5249.8,13.0,904,put,2026-09-18,7730.990234375,2026-08-28T14:38:40.477756+00:00,reference-session last trade
SPX261120C00400000,2026-08-27 13:43:20+00:00,400.0,7289.83,7313.4,7333.9,1.0,1843,call,2026-11-20,7730.990234375,2026-08-28T14:38:40.477756+00:00,reference-session last trade
SPX261120C00600000,2026-08-26 13:44:26+00:00,600.0,7071.58,7115.7,7136.2,2.0,19,call,2026-11-20,7730.990234375,2026-08-28T14:38:40.477756+00:00,reference-session last trade
SPX261120C00800000,2026-08-20 19:43:02+00:00,800.0,6842.92,6917.3,6937.8,1.0,49,call,2026-11-20,7730.990234375,2026-08-28T14:38:40.477756+00:00,reference-session last trade
SPX261120C01000000,2026-06-29 16:56:55+00:00,1000.0,6405.37,0.0,0.0,26.0,0,call,2026-11-20,7730.990234375,2026-08-28T14:38:40.477756+00:00,reference-session last trade
SPX261120C01200000,2026-06-30 15:44:03+00:00,1200.0,6269.58,0.0,0.0,,0,call,2026-11-20,7730.990234375,2026-08-28T14:38:40.477756+00:00,reference-session last trade
SPX261120C01400000,2026-06-29 16:59:10+00:00,1400.0,6012.44,0.0,0.0,20.0,0,call,2026-11-20,7730.990234375,2026-08-28T14:38:40.477756+00:00,reference-session last trade
SPX261120C01600000,2026-06-29 16:31:17+00:00,1600.0,5814.78,0.0,0.0,14.0,0,call,2026-11-20,7730.990234375,2026-08-28T14:38:40.477756+00:00,reference-session last trade
SPX261120C01800000,2026-06-26 15:02:34+00:00,1800.0,5569.63,0.0,0.0,2.0,0,call,2026-11-20,7730.990234375,2026-08-28T14:38:40.477756+00:00,reference-session last trade
SPX261120C02000000,2026-06-29 16:33:00+00:00,2000.0,5420.47,0.0,0.0,2.0,0,call,2026-11-20,7730.990234375,2026-08-28T14:38:40.477756+00:00,reference-session last trade
SPX261120C02200000,2026-06-18 17:16:37+00:00,2200.0,5323.17,5214.3,5238.3,,1,call,2026-11-20,7730.990234375,2026-08-28T14:38:40.477756+00:00,reference-session last trade
SPX261120C02400000,2026-08-21 18:23:41+00:00,2400.0,5282.05,5335.8,5354.7,451.0,1750,call,2026-11-20,7730.990234375,2026-08-28T14:38:40.477756+00:00,reference-session last trade
SPX261120C03000000,2026-08-25 16:14:26+00:00,3000.0,4687.6,4738.0,4758.5,9.0,30,call,2026-11-20,7730.990234375,2026-08-28T14:38:40.477756+00:00,reference-session last trade
SPXW261120C03200000,2026-07-07 20:04:53+00:00,3200.0,4330.57,0.0,0.0,10.0,0,call,2026-11-20,7730.990234375,2026-08-28T14:38:40.477756+00:00,reference-session last trade
SPXW261120C03400000,2026-07-01 17:12:01+00:00,3400.0,4135.75,0.0,0.0,,0,call,2026-11-20,7730.990234375,2026-08-28T14:38:40.477756+00:00,reference-session last trade
SPX261120C03500000,2026-08-21 18:17:59+00:00,3500.0,4193.37,4243.3,4264.3,1.0,1,call,2026-11-20,7730.990234375,2026-08-28T14:38:40.477756+00:00,reference-session last trade
SPXW261120C03600000,2026-08-26 18:40:14+00:00,3600.0,4095.57,4144.1,4166.1,1.0,1,call,2026-11-20,7730.990234375,2026-08-28T14:38:40.477756+00:00,reference-session last trade
SPX261120C03800000,2026-02-26 17:49:28+00:00,3800.0,3154.28,2857.4,2872.7,,0,call,2026-11-20,7730.990234375,2026-08-28T14:38:40.477756+00:00,reference-session last trade
SPX261120C03850000,2026-06-17 16:40:39+00:00,3850.0,3718.2,3593.1,3617.1,,2,call,2026-11-20,7730.990234375,2026-08-28T14:38:40.477756+00:00,reference-session last trade
SPX261120C04000000,2026-08-24 19:56:23+00:00,4000.0,3683.23,3748.9,3769.9,1.0,8,call,2026-11-20,7730.990234375,2026-08-28T14:38:40.477756+00:00,reference-session last trade
SPX261120C04200000,2026-07-01 13:41:14+00:00,4200.0,3312.7,0.0,0.0,,0,call,2026-11-20,7730.990234375,2026-08-28T14:38:40.477756+00:00,reference-session last trade
SPX261120C04250000,2026-07-01 13:40:30+00:00,4250.0,3264.0,0.0,0.0,,0,call,2026-11-20,7730.990234375,2026-08-28T14:38:40.477756+00:00,reference-session last trade
SPX261120C04350000,2026-07-01 16:41:20+00:00,4350.0,3218.0,0.0,0.0,,0,call,2026-11-20,7730.990234375,2026-08-28T14:38:40.477756+00:00,reference-session last trade
SPX261120C04400000,2026-02-26 17:49:28+00:00,4400.0,2586.48,2289.9,2304.0,,0,call,2026-11-20,7730.990234375,2026-08-28T14:38:40.477756+00:00,reference-session last trade
SPX261120C04450000,2026-07-01 15:09:14+00:00,4450.0,3110.8,0.0,0.0,,0,call,2026-11-20,7730.990234375,2026-08-28T14:38:40.477756+00:00,reference-session last trade
SPX261120C04500000,2026-08-24 16:02:37+00:00,4500.0,3199.48,3255.2,3275.7,6.0,14,call,2026-11-20,7730.990234375,2026-08-28T14:38:40.477756+00:00,reference-session last trade
SPX261120C04550000,2026-07-01 14:30:43+00:00,4550.0,3004.7,0.0,0.0,,0,call,2026-11-20,7730.990234375,2026-08-28T14:38:40.477756+00:00,reference-session last trade
SPX261120C04600000,2025-11-21 18:56:37+00:00,4600.0,2238.21,2484.3,2489.6,3.0,1,call,2026-11-20,7730.990234375,2026-08-28T14:38:40.477756+00:00,reference-session last trade
SPX261120C04650000,2026-08-14 19:25:20+00:00,4650.0,3170.37,3110.9,3130.2,2.0,5,call,2026-11-20,7730.990234375,2026-08-28T14:38:40.477756+00:00,reference-session last trade
SPX261120C04700000,2026-08-21 18:15:55+00:00,4700.0,3009.32,3057.6,3078.6,1.0,4,call,2026-11-20,7730.990234375,2026-08-28T14:38:40.477756+00:00,reference-session last trade
SPX261120C04750000,2025-11-05 15:14:03+00:00,4750.0,2248.2,2345.6,2350.2,2.0,2,call,2026-11-20,7730.990234375,2026-08-28T14:38:40.477756+00:00,reference-session last trade
SPX261120C04775000,2026-05-12 17:00:08+00:00,4775.0,2664.0,2848.1,2854.6,,1,call,2026-11-20,7730.990234375,2026-08-28T14:38:40.477756+00:00,reference-session last trade
SPX261120C04800000,2025-12-17 16:35:47+00:00,4800.0,2126.47,2342.4,2351.0,1.0,0,call,2026-11-20,7730.990234375,2026-08-28T14:38:40.477756+00:00,reference-session last trade
SPX261120C04850000,2026-07-06 20:03:44+00:00,4850.0,2758.98,0.0,0.0,4.0,0,call,2026-11-20,7730.990234375,2026-08-28T14:38:40.477756+00:00,reference-session last trade
SPX261120C04900000,2026-07-01 14:45:04+00:00,4900.0,2663.9,0.0,0.0,2.0,0,call,2026-11-20,7730.990234375,2026-08-28T14:38:40.477756+00:00,reference-session last trade
SPX261120C04925000,2026-06-18 13:41:01+00:00,4925.0,2635.0,2553.1,2558.8,,4,call,2026-11-20,7730.990234375,2026-08-28T14:38:40.477756+00:00,reference-session last trade
SPX261120C04950000,2026-08-20 17:34:27+00:00,4950.0,2758.0,2813.3,2833.8,3.0,6,call,2026-11-20,7730.990234375,2026-08-28T14:38:40.477756+00:00,reference-session last trade
SPX261120C05000000,2026-08-24 19:50:50+00:00,5000.0,2697.61,2763.3,2783.8,2.0,356,call,2026-11-20,7730.990234375,2026-08-28T14:38:40.477756+00:00,reference-session last trade
SPX261120C05025000,2026-03-19 15:29:53+00:00,5025.0,1751.86,2214.2,2238.2,,6,call,2026-11-20,7730.990234375,2026-08-28T14:38:40.477756+00:00,reference-session last trade
SPX261120C05050000,2026-08-07 14:16:55+00:00,5050.0,2727.04,2716.8,2735.8,2.0,1,call,2026-11-20,7730.990234375,2026-08-28T14:38:40.477756+00:00,reference-session last trade
SPX261120C05100000,2026-08-11 15:27:04+00:00,5100.0,2696.64,2664.8,2685.3,20.0,23,call,2026-11-20,7730.990234375,2026-08-28T14:38:40.477756+00:00,reference-session last trade
SPX261120C05150000,2026-08-21 19:19:54+00:00,5150.0,2572.23,2618.0,2637.5,1.0,1,call,2026-11-20,7730.990234375,2026-08-28T14:38:40.477756+00:00,reference-session last trade
SPX261120C05200000,2026-07-29 18:00:33+00:00,5200.0,2273.83,2568.8,2588.5,1.0,3,call,2026-11-20,7730.990234375,2026-08-28T14:38:40.477756+00:00,reference-session last trade
SPX261120C05250000,2025-11-21 18:32:10+00:00,5250.0,1642.18,1891.2,1895.2,2.0,1,call,2026-11-20,7730.990234375,2026-08-28T14:38:40.477756+00:00,reference-session last trade
SPX261120C05300000,2025-12-12 19:46:49+00:00,5300.0,1765.91,1886.5,1894.3,,0,call,2026-11-20,7730.990234375,2026-08-28T14:38:40.477756+00:00,reference-session last trade
SPX261120C05400000,2026-08-25 15:30:50+00:00,5400.0,2318.81,2370.0,2390.5,36.0,526,call,2026-11-20,7730.990234375,2026-08-28T14:38:40.477756+00:00,reference-session last trade
SPX261120C05500000,2026-06-17 17:31:10+00:00,5500.0,2113.82,1997.1,2001.5,1.0,14,call,2026-11-20,7730.990234375,2026-08-28T14:38:40.477756+00:00,reference-session last trade
SPX261120C05550000,2026-06-12 18:57:39+00:00,5550.0,1993.28,2101.3,2107.7,1.0,3,call,2026-11-20,7730.990234375,2026-08-28T14:38:40.477756+00:00,reference-session last trade
SPX261120C05600000,2026-08-11 15:27:04+00:00,5600.0,2207.84,2173.7,2194.2,20.0,22,call,2026-11-20,7730.990234375,2026-08-28T14:38:40.477756+00:00,reference-session last trade
SPX261120C05700000,2026-08-04 19:24:41+00:00,5700.0,2120.82,2074.0,2094.4,1.0,8,call,2026-11-20,7730.990234375,2026-08-28T14:38:40.477756+00:00,reference-session last trade
SPX261120C05775000,2026-05-15 17:45:25+00:00,5775.0,1817.37,1889.4,1893.6,1.0,1,call,2026-11-20,7730.990234375,2026-08-28T14:38:40.477756+00:00,reference-session last trade
SPX261120C05800000,2026-02-27 21:09:31+00:00,5800.0,1325.2,1054.9,1059.4,2.0,0,call,2026-11-20,7730.990234375,2026-08-28T14:38:40.477756+00:00,reference-session last trade
SPX261120C05850000,2026-08-25 15:30:50+00:00,5850.0,1878.81,1929.0,1948.7,36.0,519,call,2026-11-20,7730.990234375,2026-08-28T14:38:40.477756+00:00,reference-session last trade
SPX261120C05875000,2026-05-15 17:40:59+00:00,5875.0,1724.87,1794.5,1799.4,1.0,1,call,2026-11-20,7730.990234375,2026-08-28T14:38:40.477756+00:00,reference-session last trade
SPX261120C05900000,2026-08-20 15:32:01+00:00,5900.0,1848.26,1882.1,1901.1,1.0,104,call,2026-11-20,7730.990234375,2026-08-28T14:38:40.477756+00:00,reference-session last trade
SPX261120C05950000,2025-12-29 17:47:32+00:00,5950.0,1245.21,1272.6,1277.4,51.0,52,call,2026-11-20,7730.990234375,2026-08-28T14:38:40.477756+00:00,reference-session last trade
SPX261120C06000000,2026-08-27 13:56:19+00:00,6000.0,1763.23,1786.5,1798.3,1.0,8929,call,2026-11-20,7730.990234375,2026-08-28T14:38:40.477756+00:00,reference-session last trade
SPX261120C06025000,2026-03-16 18:02:30+00:00,6025.0,998.39,1313.9,1318.3,2.0,409,call,2026-11-20,7730.990234375,2026-08-28T14:38:40.477756+00:00,reference-session last trade
SPX261120C06050000,2026-06-02 14:43:29+00:00,6050.0,1696.73,1555.3,1565.2,1.0,0,call,2026-11-20,7730.990234375,2026-08-28T14:38:40.477756+00:00,reference-session last trade
SPX261120C06075000,2026-08-24 16:47:43+00:00,6075.0,1650.91,1707.9,1727.9,1.0,4,call,2026-11-20,7730.990234375,2026-08-28T14:38:40.477756+00:00,reference-session last trade
SPX261120C06100000,2026-06-24 15:21:44+00:00,6100.0,1471.92,0.0,0.0,1.0,0,call,2026-11-20,7730.990234375,2026-08-28T14:38:40.477756+00:00,reference-session last trade
SPX261120C06125000,2026-08-03 14:22:43+00:00,6125.0,1531.88,1660.7,1681.2,1.0,12,call,2026-11-20,7730.990234375,2026-08-28T14:38:40.477756+00:00,reference-session last trade
SPX261120C06150000,2026-03-12 13:46:47+00:00,6150.0,916.93,1205.9,1210.1,8.0,19,call,2026-11-20,7730.990234375,2026-08-28T14:38:40.477756+00:00,reference-session last trade
SPX261120C06175000,2026-05-15 17:30:18+00:00,6175.0,1453.93,1515.6,1520.8,1.0,167,call,2026-11-20,7730.990234375,2026-08-28T14:38:40.477756+00:00,reference-session last trade
SPX261120C06200000,2026-08-14 19:21:39+00:00,6200.0,1654.23,1588.3,1608.8,1.0,73,call,2026-11-20,7730.990234375,2026-08-28T14:38:40.477756+00:00,reference-session last trade
SPX261120C06225000,2026-05-18 14:59:27+00:00,6225.0,1368.73,1393.9,1397.4,1.0,0,call,2026-11-20,7730.990234375,2026-08-28T14:38:40.477756+00:00,reference-session last trade
SPX261120C06250000,2026-06-23 19:37:31+00:00,6250.0,1300.0,1288.9,1292.2,2.0,23,call,2026-11-20,7730.990234375,2026-08-28T14:38:40.477756+00:00,reference-session last trade
SPX261120C06275000,2026-05-15 17:27:52+00:00,6275.0,1366.04,1424.4,1428.7,1.0,6,call,2026-11-20,7730.990234375,2026-08-28T14:38:40.477756+00:00,reference-session last trade
SPXW261120C06300000,2026-07-31 14:57:34+00:00,6300.0,1258.36,1492.4,1511.2,1.0,2,call,2026-11-20,7730.990234375,2026-08-28T14:38:40.477756+00:00,reference-session last trade
SPX261120C06325000,2026-04-10 18:06:56+00:00,6325.0,813.44,1272.9,1277.2,1.0,7,call,2026-11-20,7730.990234375,2026-08-28T14:38:40.477756+00:00,reference-session last trade
SPX261120C06350000,2026-08-27 15:27:56+00:00,6350.0,1441.2,1443.0,1463.5,1.0,13,call,2026-11-20,7730.990234375,2026-08-28T14:38:40.477756+00:00,reference-session last trade
SPX261120C06375000,2026-07-17 13:33:42+00:00,6375.0,1204.38,0.0,0.0,1.0,0,call,2026-11-20,7730.990234375,2026-08-28T14:38:40.477756+00:00,reference-session last trade
SPX261120C06400000,2026-08-28 14:01:49+00:00,6400.0,1406.23,1397.1,1416.8,1.0,1022,call,2026-11-20,7730.990234375,2026-08-28T14:38:40.477756+00:00,reference-session last trade
SPX261120C06425000,2026-08-17 17:58:44+00:00,6425.0,1413.93,1370.0,1390.4,2.0,7,call,2026-11-20,7730.990234375,2026-08-28T14:38:40.477756+00:00,reference-session last trade
SPX261120C06450000,2026-07-09 14:21:13+00:00,6450.0,1178.93,0.0,0.0,1.0,0,call,2026-11-20,7730.990234375,2026-08-28T14:38:40.477756+00:00,reference-session last trade
SPX261120C06475000,2026-05-15 17:40:59+00:00,6475.0,1189.85,1242.9,1247.2,3.0,50,call,2026-11-20,7730.990234375,2026-08-28T14:38:40.477756+00:00,reference-session last trade
SPX261120C06500000,2026-08-21 17:31:25+00:00,6500.0,1260.4,1305.9,1316.6,2.0,3042,call,2026-11-20,7730.990234375,2026-08-28T14:38:40.477756+00:00,reference-session last trade
SPX261120C06525000,2026-06-22 13:45:02+00:00,6525.0,1167.78,1039.2,1042.4,2.0,929,call,2026-11-20,7730.990234375,2026-08-28T14:38:40.477756+00:00,reference-session last trade
SPX261120C06550000,2026-08-24 15:39:20+00:00,6550.0,1192.6,1248.6,1269.0,5.0,182,call,2026-11-20,7730.990234375,2026-08-28T14:38:40.477756+00:00,reference-session last trade
SPX261120C06575000,2026-08-14 19:25:20+00:00,6575.0,1297.12,1226.7,1246.7,2.0,868,call,2026-11-20,7730.990234375,2026-08-28T14:38:40.477756+00:00,reference-session last trade
SPX261120C06600000,2026-08-03 17:29:15+00:00,6600.0,1110.31,1205.2,1223.5,1.0,1992,call,2026-11-20,7730.990234375,2026-08-28T14:38:40.477756+00:00,reference-session last trade
SPXW261120C06620000,2026-08-24 14:03:35+00:00,6620.0,1120.92,1182.3,1204.3,,4,call,2026-11-20,7730.990234375,2026-08-28T14:38:40.477756+00:00,reference-session last trade
SPX261120C06625000,2026-07-31 12:04:59+00:00,6625.0,974.32,1178.3,1199.2,1.0,212,call,2026-11-20,7730.990234375,2026-08-28T14:38:40.477756+00:00,reference-session last trade
SPX261120C06650000,2026-08-24 15:39:20+00:00,6650.0,1098.27,1153.2,1173.5,10.0,1827,call,2026-11-20,7730.990234375,2026-08-28T14:38:40.477756+00:00,reference-session last trade
SPX261120C06670000,2026-07-14 16:05:50+00:00,6670.0,1017.55,0.0,0.0,1.0,0,call,2026-11-20,7730.990234375,2026-08-28T14:38:40.477756+00:00,reference-session last trade
SPX261120C06675000,2026-08-14 17:26:10+00:00,6675.0,1198.83,1130.9,1151.4,1.0,1386,call,2026-11-20,7730.990234375,2026-08-28T14:38:40.477756+00:00,reference-session last trade
SPX261120C06690000,2026-06-23 19:33:03+00:00,6690.0,913.6,893.2,896.3,2.0,6,call,2026-11-20,7730.990234375,2026-08-28T14:38:40.477756+00:00,reference-session last trade
SPXW261120C06700000,2026-08-21 18:04:06+00:00,6700.0,1070.33,1106.2,1128.2,1.0,48,call,2026-11-20,7730.990234375,2026-08-28T14:38:40.477756+00:00,reference-session last trade
SPXW261120C06710000,2026-08-20 15:11:31+00:00,6710.0,1070.92,1099.9,1118.9,,1,call,2026-11-20,7730.990234375,2026-08-28T14:38:40.477756+00:00,reference-session last trade
SPX261120C06725000,2026-05-07 14:10:40+00:00,6725.0,916.6,914.2,919.5,1007.0,3215,call,2026-11-20,7730.990234375,2026-08-28T14:38:40.477756+00:00,reference-session last trade
SPX261120C06740000,2026-07-22 19:38:36+00:00,6740.0,920.24,0.0,0.0,1.0,0,call,2026-11-20,7730.990234375,2026-08-28T14:38:40.477756+00:00,reference-session last trade
SPX261120C06750000,2026-08-24 15:39:20+00:00,6750.0,1004.79,1066.0,1076.0,5.0,3464,call,2026-11-20,7730.990234375,2026-08-28T14:38:40.477756+00:00,reference-session last trade
SPX261120C06760000,2026-08-11 16:10:53+00:00,6760.0,1094.21,1053.1,1071.5,,1,call,2026-11-20,7730.990234375,2026-08-28T14:38:40.477756+00:00,reference-session last trade
SPX261120C06770000,2026-08-27 17:25:50+00:00,6770.0,1055.39,1041.9,1061.4,1.0,3,call,2026-11-20,7730.990234375,2026-08-28T14:38:40.477756+00:00,reference-session last trade
SPX261120C06775000,2026-08-03 12:22:27+00:00,6775.0,892.41,1037.3,1056.9,1.0,1925,call,2026-11-20,7730.990234375,2026-08-28T14:38:40.477756+00:00,reference-session last trade
SPX261120C06790000,2026-07-08 19:42:50+00:00,6790.0,871.04,0.0,0.0,1.0,0,call,2026-11-20,7730.990234375,2026-08-28T14:38:40.477756+00:00,reference-session last trade
SPX261120C06800000,2026-08-18 19:38:18+00:00,6800.0,1008.1,1019.9,1029.6,1.0,5940,call,2026-11-20,7730.990234375,2026-08-28T14:38:40.477756+00:00,reference-session last trade
SPX261120C06810000,2026-07-15 19:35:01+00:00,6810.0,915.21,0.0,0.0,2.0,0,call,2026-11-20,7730.990234375,2026-08-28T14:38:40.477756+00:00,reference-session last trade
SPX261120C06820000,2026-07-29 19:53:27+00:00,6820.0,702.21,996.0,1014.6,,1,call,2026-11-20,7730.990234375,2026-08-28T14:38:40.477756+00:00,reference-session last trade
SPX261120C06825000,2026-07-29 19:42:18+00:00,6825.0,704.39,989.2,1007.9,6.0,1791,call,2026-11-20,7730.990234375,2026-08-28T14:38:40.477756+00:00,reference-session last trade
SPX261120C06830000,2026-07-15 19:30:59+00:00,6830.0,902.51,0.0,0.0,2.0,0,call,2026-11-20,7730.990234375,2026-08-28T14:38:40.477756+00:00,reference-session last trade
SPX261120C06840000,2026-07-29 19:46:13+00:00,6840.0,686.3,975.9,995.7,2.0,2,call,2026-11-20,7730.990234375,2026-08-28T14:38:40.477756+00:00,reference-session last trade
SPXW261120C06850000,2026-08-14 16:47:14+00:00,6850.0,1039.26,972.3,977.8,1.0,7,call,2026-11-20,7730.990234375,2026-08-28T14:38:40.477756+00:00,reference-session last trade
SPX261120C06860000,2026-07-17 15:17:16+00:00,6860.0,797.96,0.0,0.0,2.0,0,call,2026-11-20,7730.990234375,2026-08-28T14:38:40.477756+00:00,reference-session last trade
SPX261120C06870000,2026-07-15 19:35:13+00:00,6870.0,862.1,0.0,0.0,2.0,0,call,2026-11-20,7730.990234375,2026-08-28T14:38:40.477756+00:00,reference-session last trade
SPX261120C06875000,2026-07-29 19:42:18+00:00,6875.0,662.84,951.4,958.0,6.0,646,call,2026-11-20,7730.990234375,2026-08-28T14:38:40.477756+00:00,reference-session last trade
SPX261120C06880000,2026-08-03 15:40:59+00:00,6880.0,843.35,942.8,949.1,1.0,5,call,2026-11-20,7730.990234375,2026-08-28T14:38:40.477756+00:00,reference-session last trade
SPX261120C06890000,2026-07-17 12:14:01+00:00,6890.0,774.3,0.0,0.0,7.0,0,call,2026-11-20,7730.990234375,2026-08-28T14:38:40.477756+00:00,reference-session last trade
SPX261120C06900000,2026-08-26 18:47:08+00:00,6900.0,881.45,926.3,932.2,33.0,3680,call,2026-11-20,7730.990234375,2026-08-28T14:38:40.477756+00:00,reference-session last trade
SPX261120C06925000,2026-07-23 18:06:09+00:00,6925.0,679.31,0.0,0.0,2.0,0,call,2026-11-20,7730.990234375,2026-08-28T14:38:40.477756+00:00,reference-session last trade
SPX261120C06930000,2026-07-07 18:29:10+00:00,6930.0,783.87,0.0,0.0,,0,call,2026-11-20,7730.990234375,2026-08-28T14:38:40.477756+00:00,reference-session last trade
SPX261120C06950000,2026-06-23 14:55:04+00:00,6950.0,716.4,672.4,675.1,2.0,1361,call,2026-11-20,7730.990234375,2026-08-28T14:38:40.477756+00:00,reference-session last trade
SPX261120C06960000,2026-06-17 19:39:38+00:00,6960.0,716.0,663.6,666.5,,1,call,2026-11-20,7730.990234375,2026-08-28T14:38:40.477756+00:00,reference-session last trade
SPX261120C06970000,2026-06-17 19:39:38+00:00,6970.0,708.0,655.6,658.5,,1,call,2026-11-20,7730.990234375,2026-08-28T14:38:40.477756+00:00,reference-session last trade
SPX261120C06975000,2026-07-29 19:50:47+00:00,6975.0,575.63,856.3,863.0,2.0,302,call,2026-11-20,7730.990234375,2026-08-28T14:38:40.477756+00:00,reference-session last trade
SPXW261120C06990000,2026-08-19 18:47:00+00:00,6990.0,845.45,846.1,852.6,1.0,2,call,2026-11-20,7730.990234375,2026-08-28T14:38:40.477756+00:00,reference-session last trade
SPXW261120C07000000,2026-08-27 14:12:14+00:00,7000.0,811.7,834.9,841.4,1.0,67,call,2026-11-20,7730.990234375,2026-08-28T14:38:40.477756+00:00,reference-session last trade
SPX261120C07010000,2026-07-10 14:44:36+00:00,7010.0,738.45,0.0,0.0,,0,call,2026-11-20,7730.990234375,2026-08-28T14:38:40.477756+00:00,reference-session last trade
SPX261120C07020000,2026-06-30 14:07:01+00:00,7020.0,687.26,0.0,0.0,,0,call,2026-11-20,7730.990234375,2026-08-28T14:38:40.477756+00:00,reference-session last trade
SPXW261120C07025000,2026-06-30 15:03:27+00:00,7025.0,686.33,0.0,0.0,,0,call,2026-11-20,7730.990234375,2026-08-28T14:38:40.477756+00:00,reference-session last trade
SPX261120C07030000,2026-07-29 15:59:24+00:00,7030.0,553.73,808.6,814.4,2.0,3,call,2026-11-20,7730.990234375,2026-08-28T14:38:40.477756+00:00,reference-session last trade
SPXW261120C07050000,2026-08-12 14:48:07+00:00,7050.0,829.01,790.3,796.7,12.0,16,call,2026-11-20,7730.990234375,2026-08-28T14:38:40.477756+00:00,reference-session last trade
SPX261120C07070000,2026-07-17 16:27:44+00:00,7070.0,639.25,0.0,0.0,2.0,0,call,2026-11-20,7730.990234375,2026-08-28T14:38:40.477756+00:00,reference-session last trade
SPXW261120C07075000,2026-08-20 07:26:40+00:00,7075.0,765.41,768.1,774.3,9.0,23,call,2026-11-20,7730.990234375,2026-08-28T14:38:40.477756+00:00,reference-session last trade
SPX261120C07080000,2026-06-17 13:38:58+00:00,7080.0,700.3,566.7,569.5,,1,call,2026-11-20,7730.990234375,2026-08-28T14:38:40.477756+00:00,reference-session last trade
SPX261120C07090000,2026-07-15 18:20:18+00:00,7090.0,685.35,0.0,0.0,1.0,0,call,2026-11-20,7730.990234375,2026-08-28T14:38:40.477756+00:00,reference-session last trade
SPXW261120C07100000,2026-08-18 11:23:13+00:00,7100.0,753.24,742.2,748.6,1.0,8,call,2026-11-20,7730.990234375,2026-08-28T14:38:40.477756+00:00,reference-session last trade
SPX261120C07110000,2026-07-27 14:21:01+00:00,7110.0,544.26,732.0,737.6,1.0,6,call,2026-11-20,7730.990234375,2026-08-28T14:38:40.477756+00:00,reference-session last trade
SPX261120C07120000,2026-05-29 14:48:52+00:00,7120.0,734.1,587.2,589.7,2.0,0,call,2026-11-20,7730.990234375,2026-08-28T14:38:40.477756+00:00,reference-session last trade
SPXW261120C07125000,2026-08-10 13:08:49+00:00,7125.0,771.59,721.7,727.8,10.0,30,call,2026-11-20,7730.990234375,2026-08-28T14:38:40.477756+00:00,reference-session last trade
SPX261120C07130000,2026-06-23 12:26:26+00:00,7130.0,551.5,527.7,530.7,2.0,4,call,2026-11-20,7730.990234375,2026-08-28T14:38:40.477756+00:00,reference-session last trade
SPXW261120C07150000,2026-07-31 14:16:29+00:00,7150.0,483.0,699.2,705.6,12.0,9,call,2026-11-20,7730.990234375,2026-08-28T14:38:40.477756+00:00,reference-session last trade
SPX261120C07160000,2026-08-24 14:28:31+00:00,7160.0,625.11,688.1,694.2,1.0,2,call,2026-11-20,7730.990234375,2026-08-28T14:38:40.477756+00:00,reference-session last trade
SPX261120C07170000,2026-07-27 14:41:41+00:00,7170.0,473.3,679.6,685.2,2.0,3,call,2026-11-20,7730.990234375,2026-08-28T14:38:40.477756+00:00,reference-session last trade
SPX261120C07175000,2026-07-17 14:02:37+00:00,7175.0,549.67,0.0,0.0,1.0,0,call,2026-11-20,7730.990234375,2026-08-28T14:38:40.477756+00:00,reference-session last trade
SPX261120C07180000,2026-07-17 14:09:28+00:00,7180.0,548.6,0.0,0.0,1.0,0,call,2026-11-20,7730.990234375,2026-08-28T14:38:40.477756+00:00,reference-session last trade
SPX261120C07190000,2026-07-27 13:41:48+00:00,7190.0,511.1,659.7,665.4,,1,call,2026-11-20,7730.990234375,2026-08-28T14:38:40.477756+00:00,reference-session last trade
SPX261120C07195000,2026-07-27 13:41:48+00:00,7195.0,507.2,655.9,661.0,,1,call,2026-11-20,7730.990234375,2026-08-28T14:38:40.477756+00:00,reference-session last trade
SPX261120C07200000,2026-08-27 20:13:46+00:00,7200.0,645.37,653.3,658.7,1.0,3154,call,2026-11-20,7730.990234375,2026-08-28T14:38:40.477756+00:00,reference-session last trade
SPX261120C07210000,2026-08-19 18:34:54+00:00,7210.0,652.68,643.7,649.7,2.0,10,call,2026-11-20,7730.990234375,2026-08-28T14:38:40.477756+00:00,reference-session last trade
SPXW261120C07225000,2026-08-05 16:28:33+00:00,7225.0,684.65,629.8,644.1,12.0,20,call,2026-11-20,7730.990234375,2026-08-28T14:38:40.477756+00:00,reference-session last trade
SPX261120C07230000,2026-06-26 17:17:11+00:00,7230.0,472.38,0.0,0.0,3.0,0,call,2026-11-20,7730.990234375,2026-08-28T14:38:40.477756+00:00,reference-session last trade
SPX261120C07235000,2026-08-21 14:46:56+00:00,7235.0,580.61,620.7,626.0,1.0,1,call,2026-11-20,7730.990234375,2026-08-28T14:38:40.477756+00:00,reference-session last trade
SPX261120C07250000,2026-08-21 16:06:46+00:00,7250.0,582.6,609.3,614.0,1.0,2306,call,2026-11-20,7730.990234375,2026-08-28T14:38:40.477756+00:00,reference-session last trade
SPX261120C07255000,2026-08-24 17:56:42+00:00,7255.0,547.56,604.2,609.8,1.0,2,call,2026-11-20,7730.990234375,2026-08-28T14:38:40.477756+00:00,reference-session last trade
SPX261120C07260000,2026-08-24 14:45:19+00:00,7260.0,547.04,601.0,605.6,1.0,5,call,2026-11-20,7730.990234375,2026-08-28T14:38:40.477756+00:00,reference-session last trade
SPX261120C07270000,2026-08-27 14:15:44+00:00,7270.0,572.3,591.9,596.1,2.0,7,call,2026-11-20,7730.990234375,2026-08-28T14:38:40.477756+00:00,reference-session last trade
SPXW261120C07275000,2026-08-11 14:20:17+00:00,7275.0,649.47,590.4,596.4,1.0,19,call,2026-11-20,7730.990234375,2026-08-28T14:38:40.477756+00:00,reference-session last trade
SPX261120C07280000,2026-08-04 13:56:32+00:00,7280.0,562.72,581.5,586.8,1.0,27,call,2026-11-20,7730.990234375,2026-08-28T14:38:40.477756+00:00,reference-session last trade
SPX261120C07285000,2026-07-29 20:03:04+00:00,7285.0,335.79,580.5,585.1,2.0,17,call,2026-11-20,7730.990234375,2026-08-28T14:38:40.477756+00:00,reference-session last trade
SPX261120C07290000,2026-08-03 17:27:41+00:00,7290.0,507.77,573.9,579.2,2.0,34,call,2026-11-20,7730.990234375,2026-08-28T14:38:40.477756+00:00,reference-session last trade
SPX261120C07295000,2026-07-23 19:36:10+00:00,7295.0,393.16,0.0,0.0,4.0,0,call,2026-11-20,7730.990234375,2026-08-28T14:38:40.477756+00:00,reference-session last trade
SPXW261120C07300000,2026-08-24 19:20:04+00:00,7300.0,517.46,566.3,572.2,1.0,611,call,2026-11-20,7730.990234375,2026-08-28T14:38:40.477756+00:00,reference-session last trade
SPX261120C07305000,2026-07-23 14:20:43+00:00,7305.0,403.4,0.0,0.0,4.0,0,call,2026-11-20,7730.990234375,2026-08-28T14:38:40.477756+00:00,reference-session last trade
SPXW261120C07310000,2026-08-14 15:51:22+00:00,7310.0,627.45,556.2,570.1,,1,call,2026-11-20,7730.990234375,2026-08-28T14:38:40.477756+00:00,reference-session last trade
SPXW261120C07320000,2026-08-18 15:25:37+00:00,7320.0,547.45,551.7,557.6,1.0,1,call,2026-11-20,7730.990234375,2026-08-28T14:38:40.477756+00:00,reference-session last trade
SPX261120C07325000,2026-08-13 19:20:38+00:00,7325.0,636.88,544.1,548.7,1.0,407,call,2026-11-20,7730.990234375,2026-08-28T14:38:40.477756+00:00,reference-session last trade
SPX261120C07330000,2026-08-12 17:42:15+00:00,7330.0,587.09,540.4,544.9,6.0,13,call,2026-11-20,7730.990234375,2026-08-28T14:38:40.477756+00:00,reference-session last trade
SPX261120C07335000,2026-08-20 12:26:16+00:00,7335.0,506.55,536.3,541.5,2.0,16,call,2026-11-20,7730.990234375,2026-08-28T14:38:40.477756+00:00,reference-session last trade
SPX261120C07340000,2026-08-13 13:47:46+00:00,7340.0,609.57,529.9,535.3,6.0,20,call,2026-11-20,7730.990234375,2026-08-28T14:38:40.477756+00:00,reference-session last trade
SPX261120C07345000,2026-08-19 12:58:52+00:00,7345.0,549.09,529.2,534.2,2.0,12,call,2026-11-20,7730.990234375,2026-08-28T14:38:40.477756+00:00,reference-session last trade
SPXW261120C07350000,2026-08-26 15:13:04+00:00,7350.0,489.13,523.1,528.9,1.0,50,call,2026-11-20,7730.990234375,2026-08-28T14:38:40.477756+00:00,reference-session last trade
SPX261120C07355000,2026-08-05 12:57:25+00:00,7355.0,606.06,520.7,525.6,8.0,12,call,2026-11-20,7730.990234375,2026-08-28T14:38:40.477756+00:00,reference-session last trade
SPX261120C07360000,2026-08-21 15:25:00+00:00,7360.0,482.0,516.5,521.6,4.0,19,call,2026-11-20,7730.990234375,2026-08-28T14:38:40.477756+00:00,reference-session last trade
SPX261120C07365000,2026-08-20 12:17:30+00:00,7365.0,483.27,508.8,514.0,2.0,20,call,2026-11-20,7730.990234375,2026-08-28T14:38:40.477756+00:00,reference-session last trade
SPX261120C07370000,2026-08-26 17:27:54+00:00,7370.0,465.5,504.0,510.0,4.0,35,call,2026-11-20,7730.990234375,2026-08-28T14:38:40.477756+00:00,reference-session last trade
SPX261120C07375000,2026-08-25 15:30:36+00:00,7375.0,462.62,500.7,506.5,2.0,705,call,2026-11-20,7730.990234375,2026-08-28T14:38:40.477756+00:00,reference-session last trade
SPX261120C07380000,2026-08-17 06:27:40+00:00,7380.0,578.59,498.3,503.3,5.0,48,call,2026-11-20,7730.990234375,2026-08-28T14:38:40.477756+00:00,reference-session last trade
SPX261120C07385000,2026-08-10 15:45:03+00:00,7385.0,556.11,494.4,499.9,4.0,7,call,2026-11-20,7730.990234375,2026-08-28T14:38:40.477756+00:00,reference-session last trade
SPX261120C07390000,2026-08-18 02:05:58+00:00,7390.0,524.0,489.4,493.9,2.0,28,call,2026-11-20,7730.990234375,2026-08-28T14:38:40.477756+00:00,reference-session last trade
SPX261120C07395000,2026-07-30 14:45:42+00:00,7395.0,307.9,486.9,492.5,,10,call,2026-11-20,7730.990234375,2026-08-28T14:38:40.477756+00:00,reference-session last trade
SPX261120C07400000,2026-08-28 13:30:08+00:00,7400.0,481.65,481.8,487.5,22.0,5784,call,2026-11-20,7730.990234375,2026-08-28T14:38:40.477756+00:00,reference-session last trade
SPX261120C07405000,2026-08-11 19:50:40+00:00,7405.0,509.89,475.6,480.7,12.0,20,call,2026-11-20,7730.990234375,2026-08-28T14:38:40.477756+00:00,reference-session last trade
SPX261120C07410000,2026-08-28 13:31:45+00:00,7410.0,473.66,473.8,479.2,12.0,71,call,2026-11-20,7730.990234375,2026-08-28T14:38:40.477756+00:00,reference-session last trade
SPX261120C07415000,2026-08-14 19:52:52+00:00,7415.0,539.26,467.2,472.7,4.0,25,call,2026-11-20,7730.990234375,2026-08-28T14:38:40.477756+00:00,reference-session last trade
SPXW261120C07420000,2026-08-18 15:25:37+00:00,7420.0,466.75,466.9,472.6,1.0,1,call,2026-11-20,7730.990234375,2026-08-28T14:38:40.477756+00:00,reference-session last trade
SPX261120C07425000,2026-08-18 17:57:57+00:00,7425.0,463.02,463.1,464.5,2.0,400,call,2026-11-20,7730.990234375,2026-08-28T14:38:40.477756+00:00,reference-session last trade
SPXW261120C07430000,2026-08-06 17:38:55+00:00,7430.0,480.93,456.9,462.4,,1,call,2026-11-20,7730.990234375,2026-08-28T14:38:40.477756+00:00,reference-session last trade
SPX261120C07435000,2026-08-10 20:01:09+00:00,7435.0,511.37,454.5,456.0,26.0,8,call,2026-11-20,7730.990234375,2026-08-28T14:38:40.477756+00:00,reference-session last trade
SPX261120C07440000,2026-08-27 14:50:04+00:00,7440.0,451.08,449.1,450.2,66.0,43,call,2026-11-20,7730.990234375,2026-08-28T14:38:40.477756+00:00,reference-session last trade
SPX261120C07445000,2026-08-24 15:20:43+00:00,7445.0,388.72,447.0,448.3,1.0,11,call,2026-11-20,7730.990234375,2026-08-28T14:38:40.477756+00:00,reference-session last trade
SPX261120C07450000,2026-08-28 13:31:45+00:00,7450.0,441.05,443.1,444.3,12.0,2326,call,2026-11-20,7730.990234375,2026-08-28T14:38:40.477756+00:00,reference-session last trade
SPX261120C07455000,2026-08-27 17:53:18+00:00,7455.0,438.17,437.4,439.1,1.0,12,call,2026-11-20,7730.990234375,2026-08-28T14:38:40.477756+00:00,reference-session last trade
SPX261120C07460000,2026-08-26 16:56:05+00:00,7460.0,385.65,434.3,435.3,12.0,47,call,2026-11-20,7730.990234375,2026-08-28T14:38:40.477756+00:00,reference-session last trade
SPX261120C07465000,2026-08-03 19:47:53+00:00,7465.0,382.32,430.4,431.3,16.0,2,call,2026-11-20,7730.990234375,2026-08-28T14:38:40.477756+00:00,reference-session last trade
SPX261120C07470000,2026-08-26 18:16:30+00:00,7470.0,385.57,427.0,428.3,24.0,52,call,2026-11-20,7730.990234375,2026-08-28T14:38:40.477756+00:00,reference-session last trade
SPX261120C07475000,2026-08-11 15:18:05+00:00,7475.0,472.92,421.2,422.6,1.0,1649,call,2026-11-20,7730.990234375,2026-08-28T14:38:40.477756+00:00,reference-session last trade
SPX261120C07480000,2026-08-27 14:50:04+00:00,7480.0,408.74,418.5,419.8,36.0,39,call,2026-11-20,7730.990234375,2026-08-28T14:38:40.477756+00:00,reference-session last trade
SPX261120C07485000,2026-07-30 19:50:00+00:00,7485.0,269.2,416.1,417.1,,18,call,2026-11-20,7730.990234375,2026-08-28T14:38:40.477756+00:00,reference-session last trade
SPX261120C07490000,2026-08-27 13:35:51+00:00,7490.0,383.71,410.2,411.5,48.0,40,call,2026-11-20,7730.990234375,2026-08-28T14:38:40.477756+00:00,reference-session last trade
SPX261120C07495000,2026-07-27 15:34:33+00:00,7495.0,253.9,406.9,408.2,,3,call,2026-11-20,7730.990234375,2026-08-28T14:38:40.477756+00:00,reference-session last trade
SPXW261120C07500000,2026-08-26 15:45:27+00:00,7500.0,369.71,401.1,406.5,5.0,95,call,2026-11-20,7730.990234375,2026-08-28T14:38:40.477756+00:00,reference-session last trade
SPX261120C07505000,2026-07-27 15:52:09+00:00,7505.0,245.9,399.4,400.7,6.0,7,call,2026-11-20,7730.990234375,2026-08-28T14:38:40.477756+00:00,reference-session last trade
SPXW261120C07510000,2026-08-27 16:21:14+00:00,7510.0,388.6,396.3,401.7,3.0,15,call,2026-11-20,7730.990234375,2026-08-28T14:38:40.477756+00:00,reference-session last trade
SPX261120C07515000,2026-07-27 15:32:54+00:00,7515.0,242.6,391.8,393.0,3.0,13,call,2026-11-20,7730.990234375,2026-08-28T14:38:40.477756+00:00,reference-session last trade
SPX261120C07520000,2026-08-27 19:03:52+00:00,7520.0,374.21,388.7,389.8,56.0,120,call,2026-11-20,7730.990234375,2026-08-28T14:38:40.477756+00:00,reference-session last trade
SPXW261120C07525000,2026-08-27 17:46:06+00:00,7525.0,386.22,383.7,384.6,4.0,39,call,2026-11-20,7730.990234375,2026-08-28T14:38:40.477756+00:00,reference-session last trade
SPX261120C07530000,2026-08-28 14:22:03+00:00,7530.0,379.86,380.2,381.5,78.0,81,call,2026-11-20,7730.990234375,2026-08-28T14:38:40.477756+00:00,reference-session last trade
SPX261120C07535000,2026-08-10 18:53:14+00:00,7535.0,433.07,375.4,376.8,1.0,15,call,2026-11-20,7730.990234375,2026-08-28T14:38:40.477756+00:00,reference-session last trade
SPX261120C07540000,2026-08-28 14:16:47+00:00,7540.0,362.79,371.5,373.0,296.0,50,call,2026-11-20,7730.990234375,2026-08-28T14:38:40.477756+00:00,reference-session last trade
SPX261120C07545000,2026-08-28 14:13:52+00:00,7545.0,354.43,369.0,370.3,70.0,87,call,2026-11-20,7730.990234375,2026-08-28T14:38:40.477756+00:00,reference-session last trade
SPX261120C07550000,2026-08-28 14:09:07+00:00,7550.0,361.62,363.2,364.5,12.0,1651,call,2026-11-20,7730.990234375,2026-08-28T14:38:40.477756+00:00,reference-session last trade
SPX261120C07555000,2026-08-28 14:18:47+00:00,7555.0,357.36,360.2,361.4,30.0,0,call,2026-11-20,7730.990234375,2026-08-28T14:38:40.477756+00:00,reference-session last trade
SPXW261120C07560000,2026-08-27 17:46:11+00:00,7560.0,359.4,359.4,360.6,4.0,16,call,2026-11-20,7730.990234375,2026-08-28T14:38:40.477756+00:00,reference-session last trade
SPX261120C07565000,2026-08-03 19:50:03+00:00,7565.0,313.7,354.9,356.2,4.0,15,call,2026-11-20,7730.990234375,2026-08-28T14:38:40.477756+00:00,reference-session last trade
SPXW261120C07570000,2026-08-17 14:54:50+00:00,7570.0,407.4,348.9,349.8,9.0,21,call,2026-11-20,7730.990234375,2026-08-28T14:38:40.477756+00:00,reference-session last trade
SPXW261120C07575000,2026-08-17 16:02:18+00:00,7575.0,405.8,347.1,348.0,9.0,235,call,2026-11-20,7730.990234375,2026-08-28T14:38:40.477756+00:00,reference-session last trade
SPXW261120C07580000,2026-08-17 13:52:55+00:00,7580.0,404.8,342.3,343.2,6.0,27,call,2026-11-20,7730.990234375,2026-08-28T14:38:40.477756+00:00,reference-session last trade
SPX261120C07585000,2026-08-21 15:01:35+00:00,7585.0,314.2,337.9,339.4,2.0,19,call,2026-11-20,7730.990234375,2026-08-28T14:38:40.477756+00:00,reference-session last trade
SPX261120C07590000,2026-08-28 14:16:49+00:00,7590.0,326.01,335.2,336.5,88.0,77,call,2026-11-20,7730.990234375,2026-08-28T14:38:40.477756+00:00,reference-session last trade
SPX261120C07595000,2026-08-04 18:07:36+00:00,7595.0,393.57,331.1,332.4,2.0,11,call,2026-11-20,7730.990234375,2026-08-28T14:38:40.477756+00:00,reference-session last trade
SPX261120C07600000,2026-08-27 15:09:55+00:00,7600.0,322.0,327.0,328.4,58.0,4167,call,2026-11-20,7730.990234375,2026-08-28T14:38:40.477756+00:00,reference-session last trade
SPX261120C07605000,2026-08-04 18:10:14+00:00,7605.0,386.6,325.5,326.8,96.0,61,call,2026-11-20,7730.990234375,2026-08-28T14:38:40.477756+00:00,reference-session last trade
SPX261120C07610000,2026-08-27 13:50:03+00:00,7610.0,299.72,319.7,320.8,40.0,69,call,2026-11-20,7730.990234375,2026-08-28T14:38:40.477756+00:00,reference-session last trade
SPX261120C07615000,2026-08-21 17:31:25+00:00,7615.0,293.45,316.1,317.3,3.0,12,call,2026-11-20,7730.990234375,2026-08-28T14:38:40.477756+00:00,reference-session last trade
SPXW261120C07620000,2026-08-25 13:57:57+00:00,7620.0,286.0,312.6,313.5,1.0,2,call,2026-11-20,7730.990234375,2026-08-28T14:38:40.477756+00:00,reference-session last trade
SPXW261120C07625000,2026-08-26 18:06:27+00:00,7625.0,276.87,312.5,313.2,20.0,41,call,2026-11-20,7730.990234375,2026-08-28T14:38:40.477756+00:00,reference-session last trade
SPXW261120C07630000,2026-08-19 14:54:20+00:00,7630.0,332.6,306.9,307.8,6.0,15,call,2026-11-20,7730.990234375,2026-08-28T14:38:40.477756+00:00,reference-session last trade
SPX261120C07635000,2026-07-31 19:43:00+00:00,7635.0,207.2,300.9,302.2,3.0,13,call,2026-11-20,7730.990234375,2026-08-28T14:38:40.477756+00:00,reference-session last trade
SPX261120C07640000,2026-08-25 13:54:15+00:00,7640.0,274.38,297.9,299.1,8.0,61,call,2026-11-20,7730.990234375,2026-08-28T14:38:40.477756+00:00,reference-session last trade
SPX261120C07645000,2026-08-25 14:19:45+00:00,7645.0,266.3,295.0,296.1,1.0,12,call,2026-11-20,7730.990234375,2026-08-28T14:38:40.477756+00:00,reference-session last trade
SPX261120C07650000,2026-08-26 19:15:35+00:00,7650.0,268.32,290.5,291.4,8.0,1827,call,2026-11-20,7730.990234375,2026-08-28T14:38:40.477756+00:00,reference-session last trade
SPXW261120C07655000,2026-08-25 16:14:10+00:00,7655.0,259.2,289.2,290.1,3.0,5,call,2026-11-20,7730.990234375,2026-08-28T14:38:40.477756+00:00,reference-session last trade
SPXW261120C07660000,2026-08-27 14:57:05+00:00,7660.0,276.7,287.7,288.9,18.0,26,call,2026-11-20,7730.990234375,2026-08-28T14:38:40.477756+00:00,reference-session last trade
SPXW261120C07665000,2026-08-26 17:09:28+00:00,7665.0,247.4,281.4,282.3,2.0,2,call,2026-11-20,7730.990234375,2026-08-28T14:38:40.477756+00:00,reference-session last trade
SPX261120C07670000,2026-08-26 19:25:03+00:00,7670.0,254.71,280.0,281.0,8.0,60,call,2026-11-20,7730.990234375,2026-08-28T14:38:40.477756+00:00,reference-session last trade
SPXW261120C07675000,2026-08-27 16:01:40+00:00,7675.0,271.4,274.8,275.7,3.0,292,call,2026-11-20,7730.990234375,2026-08-28T14:38:40.477756+00:00,reference-session last trade
SPX261120C07680000,2026-08-26 19:47:09+00:00,7680.0,246.4,270.6,271.8,8.0,72,call,2026-11-20,7730.990234375,2026-08-28T14:38:40.477756+00:00,reference-session last trade
SPX261120C07685000,2026-08-14 19:23:58+00:00,7685.0,332.4,266.9,268.1,,9,call,2026-11-20,7730.990234375,2026-08-28T14:38:40.477756+00:00,reference-session last trade
SPX261120C07690000,2026-08-26 19:47:09+00:00,7690.0,240.1,265.1,266.4,8.0,107,call,2026-11-20,7730.990234375,2026-08-28T14:38:40.477756+00:00,reference-session last trade
SPX261120C07695000,2026-08-25 14:19:45+00:00,7695.0,234.7,260.7,261.9,5.0,8,call,2026-11-20,7730.990234375,2026-08-28T14:38:40.477756+00:00,reference-session last trade
SPXW261120C07700000,2026-08-27 17:33:18+00:00,7700.0,258.75,261.3,262.2,4.0,800,call,2026-11-20,7730.990234375,2026-08-28T14:38:40.477756+00:00,reference-session last trade
SPXW261120C07705000,2026-08-24 19:51:53+00:00,7705.0,219.45,256.8,257.7,,6,call,2026-11-20,7730.990234375,2026-08-28T14:38:40.477756+00:00,reference-session last trade
SPXW261120C07710000,2026-08-27 18:19:26+00:00,7710.0,248.17,252.6,253.8,2.0,48,call,2026-11-20,7730.990234375,2026-08-28T14:38:40.477756+00:00,reference-session last trade
SPX261120C07715000,2026-08-24 17:41:56+00:00,7715.0,210.5,247.4,248.6,4.0,6,call,2026-11-20,7730.990234375,2026-08-28T14:38:40.477756+00:00,reference-session last trade
SPXW261120C07720000,2026-08-27 18:19:29+00:00,7720.0,241.1,245.4,246.3,1.0,4,call,2026-11-20,7730.990234375,2026-08-28T14:38:40.477756+00:00,reference-session last trade
SPXW261120C07725000,2026-08-27 18:19:29+00:00,7725.0,238.0,243.0,244.2,1.0,66,call,2026-11-20,7730.990234375,2026-08-28T14:38:40.477756+00:00,reference-session last trade
SPX261120C07730000,2026-08-28 14:09:26+00:00,7730.0,236.39,238.8,239.9,2.0,127,call,2026-11-20,7730.990234375,2026-08-28T14:38:40.477756+00:00,reference-session last trade
SPX261120C07735000,2026-08-26 19:17:39+00:00,7735.0,214.49,235.6,236.8,50.0,58,call,2026-11-20,7730.990234375,2026-08-28T14:38:40.477756+00:00,reference-session last trade
SPXW261120C07740000,2026-08-28 13:48:56+00:00,7740.0,240.7,233.8,234.6,1.0,3,call,2026-11-20,7730.990234375,2026-08-28T14:38:40.477756+00:00,reference-session last trade
SPX261120C07745000,2026-08-25 18:38:03+00:00,7745.0,202.4,229.4,230.6,6.0,16,call,2026-11-20,7730.990234375,2026-08-28T14:38:40.477756+00:00,reference-session last trade
SPXW261120C07750000,2026-08-28 13:40:22+00:00,7750.0,227.25,227.8,228.6,14.0,105,call,2026-11-20,7730.990234375,2026-08-28T14:38:40.477756+00:00,reference-session last trade
SPX261120C07755000,2026-08-27 15:40:51+00:00,7755.0,215.55,223.3,224.5,7.0,65,call,2026-11-20,7730.990234375,2026-08-28T14:38:40.477756+00:00,reference-session last trade
SPXW261120C07760000,2026-08-26 17:12:24+00:00,7760.0,191.32,223.0,224.1,12.0,28,call,2026-11-20,7730.990234375,2026-08-28T14:38:40.477756+00:00,reference-session last trade
SPXW261120C07765000,2026-08-24 15:50:23+00:00,7765.0,189.68,218.6,219.3,,1,call,2026-11-20,7730.990234375,2026-08-28T14:38:40.477756+00:00,reference-session last trade
SPXW261120C07770000,2026-08-20 16:44:51+00:00,7770.0,207.3,217.1,218.1,1.0,6,call,2026-11-20,7730.990234375,2026-08-28T14:38:40.477756+00:00,reference-session last trade
SPXW261120C07775000,2026-08-27 17:53:30+00:00,7775.0,214.15,212.8,213.5,2.0,51,call,2026-11-20,7730.990234375,2026-08-28T14:38:40.477756+00:00,reference-session last trade
SPXW261120C07780000,2026-08-27 20:00:27+00:00,7780.0,207.9,209.6,210.3,1.0,21,call,2026-11-20,7730.990234375,2026-08-28T14:38:40.477756+00:00,reference-session last trade
SPX261120C07785000,2026-08-25 19:59:19+00:00,7785.0,184.1,205.5,206.6,6.0,70,call,2026-11-20,7730.990234375,2026-08-28T14:38:40.477756+00:00,reference-session last trade
SPXW261120C07790000,2026-08-18 19:17:49+00:00,7790.0,210.15,205.5,206.4,1.0,59,call,2026-11-20,7730.990234375,2026-08-28T14:38:40.477756+00:00,reference-session last trade
SPX261120C07795000,2026-08-25 16:13:19+00:00,7795.0,175.8,199.8,200.9,14.0,67,call,2026-11-20,7730.990234375,2026-08-28T14:38:40.477756+00:00,reference-session last trade
SPX261120C07800000,2026-08-28 14:19:42+00:00,7800.0,196.06,197.4,198.5,4.0,5984,call,2026-11-20,7730.990234375,2026-08-28T14:38:40.477756+00:00,reference-session last trade
SPX261120C07805000,2026-08-20 19:53:41+00:00,7805.0,169.4,195.7,196.8,187.0,395,call,2026-11-20,7730.990234375,2026-08-28T14:38:40.477756+00:00,reference-session last trade
SPXW261120C07810000,2026-08-24 19:11:54+00:00,7810.0,164.72,194.1,195.0,36.0,38,call,2026-11-20,7730.990234375,2026-08-28T14:38:40.477756+00:00,reference-session last trade
SPX261120C07815000,2026-08-25 19:59:26+00:00,7815.0,168.3,188.5,189.7,5.0,21,call,2026-11-20,7730.990234375,2026-08-28T14:38:40.477756+00:00,reference-session last trade
SPX261120C07820000,2026-08-25 19:46:08+00:00,7820.0,161.8,186.1,187.3,3.0,173,call,2026-11-20,7730.990234375,2026-08-28T14:38:40.477756+00:00,reference-session last trade
SPXW261120C07825000,2026-08-25 17:19:32+00:00,7825.0,160.7,185.2,186.0,5.0,58,call,2026-11-20,7730.990234375,2026-08-28T14:38:40.477756+00:00,reference-session last trade
SPX261120C07830000,2026-08-26 19:47:09+00:00,7830.0,161.3,181.8,183.0,1.0,147,call,2026-11-20,7730.990234375,2026-08-28T14:38:40.477756+00:00,reference-session last trade
SPX261120C07835000,2026-08-25 19:59:17+00:00,7835.0,158.4,177.8,178.9,1.0,30,call,2026-11-20,7730.990234375,2026-08-28T14:38:40.477756+00:00,reference-session last trade
SPX261120C07840000,2026-08-27 18:53:30+00:00,7840.0,166.4,175.0,176.2,4.0,92,call,2026-11-20,7730.990234375,2026-08-28T14:38:40.477756+00:00,reference-session last trade
SPX261120C07845000,2026-08-27 17:06:23+00:00,7845.0,176.4,172.5,173.6,2.0,74,call,2026-11-20,7730.990234375,2026-08-28T14:38:40.477756+00:00,reference-session last trade
SPXW261120C07850000,2026-08-28 13:30:02+00:00,7850.0,170.76,172.3,173.1,3.0,33,call,2026-11-20,7730.990234375,2026-08-28T14:38:40.477756+00:00,reference-session last trade
SPX261120C07855000,2026-08-25 19:04:44+00:00,7855.0,146.5,168.6,169.8,18.0,34,call,2026-11-20,7730.990234375,2026-08-28T14:38:40.477756+00:00,reference-session last trade
SPXW261120C07860000,2026-08-27 14:06:59+00:00,7860.0,152.5,166.1,167.1,8.0,21,call,2026-11-20,7730.990234375,2026-08-28T14:38:40.477756+00:00,reference-session last trade
SPX261120C07865000,2026-08-24 13:37:52+00:00,7865.0,135.25,163.4,164.5,1.0,440,call,2026-11-20,7730.990234375,2026-08-28T14:38:40.477756+00:00,reference-session last trade
SPXW261120C07870000,2026-08-20 17:25:54+00:00,7870.0,147.44,161.1,162.0,3.0,41,call,2026-11-20,7730.990234375,2026-08-28T14:38:40.477756+00:00,reference-session last trade
SPX261120C07875000,2026-08-25 19:59:24+00:00,7875.0,139.6,156.6,157.8,35.0,829,call,2026-11-20,7730.990234375,2026-08-28T14:38:40.477756+00:00,reference-session last trade
SPXW261120C07880000,2026-08-26 14:42:17+00:00,7880.0,134.5,156.3,157.1,9.0,71,call,2026-11-20,7730.990234375,2026-08-28T14:38:40.477756+00:00,reference-session last trade
SPX261120C07885000,2026-08-26 19:45:51+00:00,7885.0,134.8,151.7,152.9,13.0,16,call,2026-11-20,7730.990234375,2026-08-28T14:38:40.477756+00:00,reference-session last trade
SPXW261120C07890000,2026-08-28 14:18:13+00:00,7890.0,148.85,150.2,150.9,1.0,14,call,2026-11-20,7730.990234375,2026-08-28T14:38:40.477756+00:00,reference-session last trade
SPX261120C07895000,2026-08-27 17:56:40+00:00,7895.0,149.52,148.7,149.9,1.0,2,call,2026-11-20,7730.990234375,2026-08-28T14:38:40.477756+00:00,reference-session last trade
SPX261120C07900000,2026-08-27 18:53:28+00:00,7900.0,145.5,145.1,146.1,1.0,9484,call,2026-11-20,7730.990234375,2026-08-28T14:38:40.477756+00:00,reference-session last trade
SPX261120C07910000,2026-08-27 17:49:26+00:00,7910.0,142.6,140.4,141.4,1.0,184,call,2026-11-20,7730.990234375,2026-08-28T14:38:40.477756+00:00,reference-session last trade
SPX261120C07920000,2026-08-27 15:19:51+00:00,7920.0,134.88,137.1,138.1,6.0,61,call,2026-11-20,7730.990234375,2026-08-28T14:38:40.477756+00:00,reference-session last trade
SPX261120C07925000,2026-08-28 13:35:50+00:00,7925.0,134.1,133.6,134.8,1.0,956,call,2026-11-20,7730.990234375,2026-08-28T14:38:40.477756+00:00,reference-session last trade
SPX261120C07930000,2026-08-27 18:53:28+00:00,7930.0,124.4,130.6,131.6,4.0,115,call,2026-11-20,7730.990234375,2026-08-28T14:38:40.477756+00:00,reference-session last trade
SPX261120C07940000,2026-08-26 16:47:30+00:00,7940.0,103.77,126.9,128.1,1.0,67,call,2026-11-20,7730.990234375,2026-08-28T14:38:40.477756+00:00,reference-session last trade
SPX261120C07950000,2026-08-27 19:13:54+00:00,7950.0,117.97,122.8,123.8,12.0,1167,call,2026-11-20,7730.990234375,2026-08-28T14:38:40.477756+00:00,reference-session last trade
SPX261120C07960000,2026-08-27 18:53:28+00:00,7960.0,112.1,118.5,119.6,3.0,137,call,2026-11-20,7730.990234375,2026-08-28T14:38:40.477756+00:00,reference-session last trade
SPX261120C07970000,2026-08-26 19:46:38+00:00,7970.0,101.2,114.8,116.0,1.0,93,call,2026-11-20,7730.990234375,2026-08-28T14:38:40.477756+00:00,reference-session last trade
SPXW261120C07975000,2026-08-20 18:40:12+00:00,7975.0,98.03,113.7,114.6,6.0,47,call,2026-11-20,7730.990234375,2026-08-28T14:38:40.477756+00:00,reference-session last trade
SPX261120C07980000,2026-08-27 19:39:40+00:00,7980.0,106.91,110.6,111.6,50.0,509,call,2026-11-20,7730.990234375,2026-08-28T14:38:40.477756+00:00,reference-session last trade
SPX261120C07990000,2026-08-27 18:53:28+00:00,7990.0,100.8,106.6,107.7,3.0,105,call,2026-11-20,7730.990234375,2026-08-28T14:38:40.477756+00:00,reference-session last trade
SPXW261120C08000000,2026-08-28 13:35:00+00:00,8000.0,105.25,105.0,105.9,1.0,334,call,2026-11-20,7730.990234375,2026-08-28T14:38:40.477756+00:00,reference-session last trade
SPX261120C08010000,2026-08-26 19:47:24+00:00,8010.0,87.0,99.4,100.5,8.0,85,call,2026-11-20,7730.990234375,2026-08-28T14:38:40.477756+00:00,reference-session last trade
SPX261120C08020000,2026-08-27 18:53:28+00:00,8020.0,90.3,95.7,96.7,2.0,28,call,2026-11-20,7730.990234375,2026-08-28T14:38:40.477756+00:00,reference-session last trade
SPXW261120C08025000,2026-08-20 15:24:29+00:00,8025.0,91.6,95.0,95.7,2.0,62,call,2026-11-20,7730.990234375,2026-08-28T14:38:40.477756+00:00,reference-session last trade
SPXW261120C08030000,2026-08-27 14:12:12+00:00,8030.0,86.14,93.3,94.2,4.0,30,call,2026-11-20,7730.990234375,2026-08-28T14:38:40.477756+00:00,reference-session last trade
SPXW261120C08040000,2026-08-26 14:22:31+00:00,8040.0,77.73,89.9,90.6,2.0,20,call,2026-11-20,7730.990234375,2026-08-28T14:38:40.477756+00:00,reference-session last trade
SPX261120C08050000,2026-08-27 19:54:37+00:00,8050.0,84.6,85.0,85.8,52.0,2278,call,2026-11-20,7730.990234375,2026-08-28T14:38:40.477756+00:00,reference-session last trade
SPX261120C08060000,2026-08-27 18:53:29+00:00,8060.0,77.5,81.8,82.8,1.0,33,call,2026-11-20,7730.990234375,2026-08-28T14:38:40.477756+00:00,reference-session last trade
SPXW261120C08070000,2026-08-25 19:54:04+00:00,8070.0,70.22,80.7,81.3,10.0,18,call,2026-11-20,7730.990234375,2026-08-28T14:38:40.477756+00:00,reference-session last trade
SPX261120C08075000,2026-08-25 14:07:25+00:00,8075.0,67.9,78.2,79.1,4.0,1020,call,2026-11-20,7730.990234375,2026-08-28T14:38:40.477756+00:00,reference-session last trade
SPXW261120C08080000,2026-08-25 18:36:14+00:00,8080.0,65.8,76.9,77.6,39.0,92,call,2026-11-20,7730.990234375,2026-08-28T14:38:40.477756+00:00,reference-session last trade
SPX261120C08090000,2026-08-28 14:13:50+00:00,8090.0,68.39,73.6,74.5,2.0,11,call,2026-11-20,7730.990234375,2026-08-28T14:38:40.477756+00:00,reference-session last trade
SPX261120C08100000,2026-08-27 17:18:03+00:00,8100.0,74.32,69.9,70.7,32.0,8439,call,2026-11-20,7730.990234375,2026-08-28T14:38:40.477756+00:00,reference-session last trade
SPX261120C08110000,2026-08-28 14:13:42+00:00,8110.0,63.38,67.6,68.6,2.0,25,call,2026-11-20,7730.990234375,2026-08-28T14:38:40.477756+00:00,reference-session last trade
SPX261120C08120000,2026-08-26 19:06:42+00:00,8120.0,57.97,64.5,65.4,7.0,21,call,2026-11-20,7730.990234375,2026-08-28T14:38:40.477756+00:00,reference-session last trade
SPX261120C08125000,2026-08-26 18:50:06+00:00,8125.0,54.6,64.1,64.9,28.0,5038,call,2026-11-20,7730.990234375,2026-08-28T14:38:40.477756+00:00,reference-session last trade
SPX261120C08130000,2026-08-27 19:37:20+00:00,8130.0,59.9,62.3,63.3,2.0,135,call,2026-11-20,7730.990234375,2026-08-28T14:38:40.477756+00:00,reference-session last trade
SPXW261120C08140000,2026-08-13 19:07:10+00:00,8140.0,113.1,60.6,61.2,2.0,18,call,2026-11-20,7730.990234375,2026-08-28T14:38:40.477756+00:00,reference-session last trade
SPXW261120C08150000,2026-08-27 16:34:24+00:00,8150.0,58.2,58.8,59.3,10.0,123,call,2026-11-20,7730.990234375,2026-08-28T14:38:40.477756+00:00,reference-session last trade
SPXW261120C08160000,2026-08-24 19:46:24+00:00,8160.0,44.8,56.6,57.2,1.0,21,call,2026-11-20,7730.990234375,2026-08-28T14:38:40.477756+00:00,reference-session last trade
SPX261120C08170000,2026-08-27 18:53:28+00:00,8170.0,49.6,52.6,53.5,1.0,8,call,2026-11-20,7730.990234375,2026-08-28T14:38:40.477756+00:00,reference-session last trade
SPX261120C08175000,2026-08-28 13:52:12+00:00,8175.0,52.83,51.6,52.6,1.0,289,call,2026-11-20,7730.990234375,2026-08-28T14:38:40.477756+00:00,reference-session last trade
SPX261120C08180000,2026-08-27 19:34:24+00:00,8180.0,48.69,50.8,51.7,1.0,19,call,2026-11-20,7730.990234375,2026-08-28T14:38:40.477756+00:00,reference-session last trade
SPX261120C08190000,2026-08-27 19:52:57+00:00,8190.0,47.55,48.7,49.6,2.0,220,call,2026-11-20,7730.990234375,2026-08-28T14:38:40.477756+00:00,reference-session last trade
SPXW261120C08200000,2026-08-27 16:34:24+00:00,8200.0,47.2,47.0,47.6,11.0,85,call,2026-11-20,7730.990234375,2026-08-28T14:38:40.477756+00:00,reference-session last trade
SPXW261120C08210000,2026-08-25 13:48:02+00:00,8210.0,41.58,45.0,45.6,1.0,3,call,2026-11-20,7730.990234375,2026-08-28T14:38:40.477756+00:00,reference-session last trade
SPXW261120C08220000,2026-08-18 19:45:57+00:00,8220.0,48.54,43.1,43.7,,1,call,2026-11-20,7730.990234375,2026-08-28T14:38:40.477756+00:00,reference-session last trade
SPX261120C08225000,2026-08-27 13:38:20+00:00,8225.0,36.9,41.4,42.2,100.0,732,call,2026-11-20,7730.990234375,2026-08-28T14:38:40.477756+00:00,reference-session last trade
SPXW261120C08230000,2026-08-26 14:54:36+00:00,8230.0,34.8,41.9,42.5,119.0,145,call,2026-11-20,7730.990234375,2026-08-28T14:38:40.477756+00:00,reference-session last trade
SPXW261120C08240000,2026-08-27 16:03:14+00:00,8240.0,39.1,39.9,40.4,11.0,37,call,2026-11-20,7730.990234375,2026-08-28T14:38:40.477756+00:00,reference-session last trade
SPX261120C08250000,2026-08-27 18:40:15+00:00,8250.0,36.05,37.5,38.2,1.0,2237,call,2026-11-20,7730.990234375,2026-08-28T14:38:40.477756+00:00,reference-session last trade
SPX261120C08260000,2026-08-25 19:20:49+00:00,8260.0,29.8,35.1,36.0,1.0,70,call,2026-11-20,7730.990234375,2026-08-28T14:38:40.477756+00:00,reference-session last trade
SPX261120C08270000,2026-08-27 20:10:10+00:00,8270.0,33.0,34.1,35.0,11.0,17,call,2026-11-20,7730.990234375,2026-08-28T14:38:40.477756+00:00,reference-session last trade
SPXW261120C08275000,2026-08-27 16:03:14+00:00,8275.0,33.4,34.3,34.9,11.0,20,call,2026-11-20,7730.990234375,2026-08-28T14:38:40.477756+00:00,reference-session last trade
SPX261120C08280000,2026-08-24 19:30:36+00:00,8280.0,26.37,32.1,32.9,600.0,564,call,2026-11-20,7730.990234375,2026-08-28T14:38:40.477756+00:00,reference-session last trade
SPX261120C08290000,2026-08-27 19:37:03+00:00,8290.0,30.0,30.8,31.6,1.0,208,call,2026-11-20,7730.990234375,2026-08-28T14:38:40.477756+00:00,reference-session last trade
SPXW261120C08300000,2026-08-26 18:53:36+00:00,8300.0,25.86,30.6,31.1,1.0,249,call,2026-11-20,7730.990234375,2026-08-28T14:38:40.477756+00:00,reference-session last trade
SPX261120C08325000,2026-08-26 19:07:52+00:00,8325.0,23.2,26.3,27.0,1.0,614,call,2026-11-20,7730.990234375,2026-08-28T14:38:40.477756+00:00,reference-session last trade
SPXW261120C08350000,2026-08-27 18:38:21+00:00,8350.0,22.9,23.8,24.3,20.0,340,call,2026-11-20,7730.990234375,2026-08-28T14:38:40.477756+00:00,reference-session last trade
SPX261120C08375000,2026-08-28 14:20:11+00:00,8375.0,20.5,20.7,21.2,20.0,1216,call,2026-11-20,7730.990234375,2026-08-28T14:38:40.477756+00:00,reference-session last trade
SPX261120C08400000,2026-08-28 14:09:54+00:00,8400.0,18.11,18.1,18.5,86.0,2155,call,2026-11-20,7730.990234375,2026-08-28T14:38:40.477756+00:00,reference-session last trade
SPX261120C08425000,2026-08-26 14:29:21+00:00,8425.0,13.36,15.9,16.6,50.0,2740,call,2026-11-20,7730.990234375,2026-08-28T14:38:40.477756+00:00,reference-session last trade
SPXW261120C08450000,2026-08-27 17:24:05+00:00,8450.0,15.98,14.4,14.8,16.0,134,call,2026-11-20,7730.990234375,2026-08-28T14:38:40.477756+00:00,reference-session last trade
SPX261120C08475000,2026-08-27 20:06:30+00:00,8475.0,12.5,12.4,13.0,5.0,521,call,2026-11-20,7730.990234375,2026-08-28T14:38:40.477756+00:00,reference-session last trade
SPXW261120C08500000,2026-08-25 19:54:30+00:00,8500.0,10.0,11.3,11.7,15.0,165,call,2026-11-20,7730.990234375,2026-08-28T14:38:40.477756+00:00,reference-session last trade
SPX261120C08525000,2026-08-26 15:48:48+00:00,8525.0,8.47,9.6,10.1,7.0,1082,call,2026-11-20,7730.990234375,2026-08-28T14:38:40.477756+00:00,reference-session last trade
SPX261120C08550000,2026-08-24 19:53:07+00:00,8550.0,6.8,8.6,9.1,1.0,7103,call,2026-11-20,7730.990234375,2026-08-28T14:38:40.477756+00:00,reference-session last trade
SPX261120C08575000,2026-08-28 13:56:47+00:00,8575.0,8.0,7.6,8.0,6.0,411,call,2026-11-20,7730.990234375,2026-08-28T14:38:40.477756+00:00,reference-session last trade
SPX261120C08600000,2026-08-26 17:48:44+00:00,8600.0,5.4,6.7,7.0,15.0,3969,call,2026-11-20,7730.990234375,2026-08-28T14:38:40.477756+00:00,reference-session last trade
SPX261120C08625000,2026-08-25 19:50:19+00:00,8625.0,5.1,5.9,6.2,5.0,344,call,2026-11-20,7730.990234375,2026-08-28T14:38:40.477756+00:00,reference-session last trade
SPX261120C08650000,2026-08-28 13:56:47+00:00,8650.0,5.65,5.3,5.6,6.0,1404,call,2026-11-20,7730.990234375,2026-08-28T14:38:40.477756+00:00,reference-session last trade
SPX261120C08675000,2026-08-20 14:12:09+00:00,8675.0,5.1,4.7,5.0,2.0,93,call,2026-11-20,7730.990234375,2026-08-28T14:38:40.477756+00:00,reference-session last trade
SPXW261120C08700000,2026-08-27 19:52:40+00:00,8700.0,4.27,4.3,4.7,11.0,419,call,2026-11-20,7730.990234375,2026-08-28T14:38:40.477756+00:00,reference-session last trade
SPX261120C08725000,2026-08-27 16:41:50+00:00,8725.0,4.0,3.7,4.1,3.0,45,call,2026-11-20,7730.990234375,2026-08-28T14:38:40.477756+00:00,reference-session last trade
SPXW261120C08750000,2026-08-18 14:15:03+00:00,8750.0,4.7,3.5,3.8,1.0,89,call,2026-11-20,7730.990234375,2026-08-28T14:38:40.477756+00:00,reference-session last trade
SPX261120C08775000,2026-08-18 15:06:43+00:00,8775.0,3.96,3.1,3.4,80.0,106,call,2026-11-20,7730.990234375,2026-08-28T14:38:40.477756+00:00,reference-session last trade
SPX261120C08800000,2026-08-19 14:43:02+00:00,8800.0,4.29,2.75,3.1,7.0,4630,call,2026-11-20,7730.990234375,2026-08-28T14:38:40.477756+00:00,reference-session last trade
SPXW261120C08850000,2026-08-17 17:45:27+00:00,8850.0,4.56,2.35,2.55,6.0,8,call,2026-11-20,7730.990234375,2026-08-28T14:38:40.477756+00:00,reference-session last trade
SPXW261120C08900000,2026-08-24 14:56:44+00:00,8900.0,1.65,1.95,2.15,6.0,510,call,2026-11-20,7730.990234375,2026-08-28T14:38:40.477756+00:00,reference-session last trade
SPXW261120C09000000,2026-08-26 15:03:19+00:00,9000.0,1.44,1.4,1.6,10.0,161,call,2026-11-20,7730.990234375,2026-08-28T14:38:40.477756+00:00,reference-session last trade
SPX261120C09100000,2026-08-27 13:44:38+00:00,9100.0,1.05,0.95,1.2,32.0,915,call,2026-11-20,7730.990234375,2026-08-28T14:38:40.477756+00:00,reference-session last trade
SPXW261120C09200000,2026-08-06 15:30:06+00:00,9200.0,2.0,0.75,1.0,2.0,23,call,2026-11-20,7730.990234375,2026-08-28T14:38:40.477756+00:00,reference-session last trade
SPX261120C09300000,2026-08-05 14:46:48+00:00,9300.0,3.2,0.55,0.85,22.0,37,call,2026-11-20,7730.990234375,2026-08-28T14:38:40.477756+00:00,reference-session last trade
SPX261120C09400000,2026-08-26 13:55:49+00:00,9400.0,0.54,0.4,0.7,20.0,548,call,2026-11-20,7730.990234375,2026-08-28T14:38:40.477756+00:00,reference-session last trade
SPX261120C09500000,2026-08-21 15:16:56+00:00,9500.0,0.45,0.35,0.6,1.0,1,call,2026-11-20,7730.990234375,2026-08-28T14:38:40.477756+00:00,reference-session last trade
SPXW261120C09600000,2026-08-04 14:07:19+00:00,9600.0,1.25,0.25,0.55,2.0,5,call,2026-11-20,7730.990234375,2026-08-28T14:38:40.477756+00:00,reference-session last trade
SPX261120C09800000,2026-08-27 15:29:22+00:00,9800.0,0.3,0.15,0.4,2.0,186,call,2026-11-20,7730.990234375,2026-08-28T14:38:40.477756+00:00,reference-session last trade
SPX261120C10000000,2026-08-25 16:14:26+00:00,10000.0,0.22,0.1,0.35,1.0,117,call,2026-11-20,7730.990234375,2026-08-28T14:38:40.477756+00:00,reference-session last trade
SPXW261120C10200000,2026-08-05 13:30:02+00:00,10200.0,0.7,0.15,0.3,1.0,3,call,2026-11-20,7730.990234375,2026-08-28T14:38:40.477756+00:00,reference-session last trade
SPXW261120C10400000,2026-08-28 13:30:02+00:00,10400.0,0.25,0.05,0.25,1.0,63,call,2026-11-20,7730.990234375,2026-08-28T14:38:40.477756+00:00,reference-session last trade
SPX261120C10600000,2026-08-17 19:13:09+00:00,10600.0,0.2,0.0,0.25,,1,call,2026-11-20,7730.990234375,2026-08-28T14:38:40.477756+00:00,reference-session last trade
SPXW261120C10800000,2026-08-26 16:20:25+00:00,10800.0,0.15,0.0,0.2,17.0,38,call,2026-11-20,7730.990234375,2026-08-28T14:38:40.477756+00:00,reference-session last trade
SPX261120P00400000,2026-07-28 17:18:58+00:00,400.0,0.04,0.0,0.05,3.0,11319,put,2026-11-20,7730.990234375,2026-08-28T14:38:40.477756+00:00,reference-session last trade
SPX261120P00600000,2026-07-02 20:13:19+00:00,600.0,0.05,0.0,0.0,1.0,0,put,2026-11-20,7730.990234375,2026-08-28T14:38:40.477756+00:00,reference-session last trade
SPX261120P00800000,2026-08-26 15:46:33+00:00,800.0,0.1,0.0,0.1,30.0,8554,put,2026-11-20,7730.990234375,2026-08-28T14:38:40.477756+00:00,reference-session last trade
SPX261120P01000000,2026-08-26 19:36:27+00:00,1000.0,0.05,0.0,0.05,1.0,3604,put,2026-11-20,7730.990234375,2026-08-28T14:38:40.477756+00:00,reference-session last trade
SPX261120P01200000,2026-08-27 13:30:02+00:00,1200.0,0.05,0.05,0.1,6.0,654,put,2026-11-20,7730.990234375,2026-08-28T14:38:40.477756+00:00,reference-session last trade
SPX261120P01400000,2026-08-27 13:30:02+00:00,1400.0,0.05,0.05,0.15,2.0,1601,put,2026-11-20,7730.990234375,2026-08-28T14:38:40.477756+00:00,reference-session last trade
SPX261120P01600000,2026-08-27 14:38:42+00:00,1600.0,0.15,0.1,0.2,16.0,3081,put,2026-11-20,7730.990234375,2026-08-28T14:38:40.477756+00:00,reference-session last trade
SPX261120P01800000,2026-08-27 14:58:35+00:00,1800.0,0.15,0.1,0.25,5.0,1931,put,2026-11-20,7730.990234375,2026-08-28T14:38:40.477756+00:00,reference-session last trade
SPX261120P02000000,2026-08-28 14:11:49+00:00,2000.0,0.2,0.15,0.3,2.0,2484,put,2026-11-20,7730.990234375,2026-08-28T14:38:40.477756+00:00,reference-session last trade
SPX261120P02200000,2026-08-27 15:11:16+00:00,2200.0,0.25,0.15,0.35,4.0,1859,put,2026-11-20,7730.990234375,2026-08-28T14:38:40.477756+00:00,reference-session last trade
SPX261120P02400000,2026-08-26 19:12:36+00:00,2400.0,0.38,0.25,0.45,403.0,1508,put,2026-11-20,7730.990234375,2026-08-28T14:38:40.477756+00:00,reference-session last trade
SPX261120P02600000,2026-08-27 19:28:14+00:00,2600.0,0.4,0.3,0.55,17.0,2391,put,2026-11-20,7730.990234375,2026-08-28T14:38:40.477756+00:00,reference-session last trade
SPX261120P02800000,2026-08-28 13:33:42+00:00,2800.0,0.5,0.45,0.65,2.0,10678,put,2026-11-20,7730.990234375,2026-08-28T14:38:40.477756+00:00,reference-session last trade
SPX261120P03000000,2026-08-25 16:14:26+00:00,3000.0,0.85,0.55,0.8,9.0,2659,put,2026-11-20,7730.990234375,2026-08-28T14:38:40.477756+00:00,reference-session last trade
SPX261120P03200000,2026-08-25 14:44:22+00:00,3200.0,1.15,0.75,0.95,1.0,943,put,2026-11-20,7730.990234375,2026-08-28T14:38:40.477756+00:00,reference-session last trade
SPX261120P03300000,2026-08-24 17:33:37+00:00,3300.0,1.26,0.85,1.05,102.0,788,put,2026-11-20,7730.990234375,2026-08-28T14:38:40.477756+00:00,reference-session last trade
SPX261120P03400000,2026-08-27 13:43:20+00:00,3400.0,1.12,0.95,1.2,1.0,3626,put,2026-11-20,7730.990234375,2026-08-28T14:38:40.477756+00:00,reference-session last trade
SPX261120P03500000,2026-08-27 17:56:03+00:00,3500.0,1.2,1.05,1.3,1.0,2940,put,2026-11-20,7730.990234375,2026-08-28T14:38:40.477756+00:00,reference-session last trade
SPXW261120P03600000,2026-08-27 13:56:58+00:00,3600.0,1.4,1.2,1.45,2.0,23,put,2026-11-20,7730.990234375,2026-08-28T14:38:40.477756+00:00,reference-session last trade
SPX261120P03700000,2026-08-19 19:18:03+00:00,3700.0,2.1,1.35,1.6,1.0,278,put,2026-11-20,7730.990234375,2026-08-28T14:38:40.477756+00:00,reference-session last trade
SPX261120P03800000,2026-08-27 13:30:02+00:00,3800.0,1.8,1.5,1.75,5.0,3984,put,2026-11-20,7730.990234375,2026-08-28T14:38:40.477756+00:00,reference-session last trade
SPX261120P03850000,2026-08-26 17:24:25+00:00,3850.0,1.95,1.55,1.85,15.0,406,put,2026-11-20,7730.990234375,2026-08-28T14:38:40.477756+00:00,reference-session last trade
SPX261120P03900000,2026-08-27 14:36:03+00:00,3900.0,1.79,1.7,1.95,2.0,370,put,2026-11-20,7730.990234375,2026-08-28T14:38:40.477756+00:00,reference-session last trade
SPX261120P03950000,2026-08-26 19:32:16+00:00,3950.0,2.1,1.8,2.05,3.0,195,put,2026-11-20,7730.990234375,2026-08-28T14:38:40.477756+00:00,reference-session last trade
SPX261120P04000000,2026-08-24 19:56:23+00:00,4000.0,2.65,1.9,2.15,4.0,946,put,2026-11-20,7730.990234375,2026-08-28T14:38:40.477756+00:00,reference-session last trade
SPX261120P04050000,2026-08-14 20:01:32+00:00,4050.0,2.97,2.0,2.25,10.0,694,put,2026-11-20,7730.990234375,2026-08-28T14:38:40.477756+00:00,reference-session last trade
SPX261120P04100000,2026-08-25 15:11:08+00:00,4100.0,2.75,2.1,2.4,5.0,1014,put,2026-11-20,7730.990234375,2026-08-28T14:38:40.477756+00:00,reference-session last trade
SPX261120P04150000,2026-08-26 19:00:59+00:00,4150.0,2.6,2.2,2.5,3.0,201,put,2026-11-20,7730.990234375,2026-08-28T14:38:40.477756+00:00,reference-session last trade
SPXW261120P04200000,2026-08-25 14:21:21+00:00,4200.0,3.08,2.4,2.55,4.0,20,put,2026-11-20,7730.990234375,2026-08-28T14:38:40.477756+00:00,reference-session last trade
SPX261120P04250000,2026-08-26 15:21:33+00:00,4250.0,2.95,2.45,2.75,1.0,799,put,2026-11-20,7730.990234375,2026-08-28T14:38:40.477756+00:00,reference-session last trade
SPX261120P04300000,2026-08-21 16:21:56+00:00,4300.0,3.58,2.55,2.8,1.0,1082,put,2026-11-20,7730.990234375,2026-08-28T14:38:40.477756+00:00,reference-session last trade
SPX261120P04350000,2026-08-24 14:09:00+00:00,4350.0,3.8,2.75,3.1,2.0,387,put,2026-11-20,7730.990234375,2026-08-28T14:38:40.477756+00:00,reference-session last trade
SPX261120P04400000,2026-08-27 17:27:59+00:00,4400.0,2.95,2.85,3.1,9.0,318,put,2026-11-20,7730.990234375,2026-08-28T14:38:40.477756+00:00,reference-session last trade
SPX261120P04450000,2026-08-19 14:43:03+00:00,4450.0,4.38,3.0,3.4,26.0,333,put,2026-11-20,7730.990234375,2026-08-28T14:38:40.477756+00:00,reference-session last trade
SPX261120P04500000,2026-08-28 13:45:55+00:00,4500.0,3.3,3.1,3.4,250.0,4591,put,2026-11-20,7730.990234375,2026-08-28T14:38:40.477756+00:00,reference-session last trade
SPX261120P04550000,2026-08-20 20:03:31+00:00,4550.0,5.1,3.4,3.7,103.0,633,put,2026-11-20,7730.990234375,2026-08-28T14:38:40.477756+00:00,reference-session last trade
SPXW261120P04600000,2026-08-28 14:15:50+00:00,4600.0,3.75,3.5,3.8,20.0,346,put,2026-11-20,7730.990234375,2026-08-28T14:38:40.477756+00:00,reference-session last trade
SPX261120P04625000,2026-08-12 14:02:54+00:00,4625.0,5.55,3.6,3.8,10.0,379,put,2026-11-20,7730.990234375,2026-08-28T14:38:40.477756+00:00,reference-session last trade
SPX261120P04650000,2026-08-24 19:59:55+00:00,4650.0,5.1,3.6,3.9,1.0,689,put,2026-11-20,7730.990234375,2026-08-28T14:38:40.477756+00:00,reference-session last trade
SPX261120P04675000,2026-08-14 19:59:55+00:00,4675.0,5.4,3.7,4.0,1.0,354,put,2026-11-20,7730.990234375,2026-08-28T14:38:40.477756+00:00,reference-session last trade
SPX261120P04700000,2026-08-25 19:53:10+00:00,4700.0,4.7,3.8,4.1,5.0,1093,put,2026-11-20,7730.990234375,2026-08-28T14:38:40.477756+00:00,reference-session last trade
SPX261120P04725000,2026-08-13 19:59:54+00:00,4725.0,5.8,3.9,4.2,2.0,144,put,2026-11-20,7730.990234375,2026-08-28T14:38:40.477756+00:00,reference-session last trade
SPX261120P04750000,2026-08-24 19:59:55+00:00,4750.0,5.3,4.0,4.3,51.0,441,put,2026-11-20,7730.990234375,2026-08-28T14:38:40.477756+00:00,reference-session last trade
SPX261120P04775000,2026-08-21 19:59:38+00:00,4775.0,5.7,4.1,4.4,1.0,243,put,2026-11-20,7730.990234375,2026-08-28T14:38:40.477756+00:00,reference-session last trade
SPX261120P04800000,2026-08-26 17:37:04+00:00,4800.0,5.0,4.3,4.5,5.0,2239,put,2026-11-20,7730.990234375,2026-08-28T14:38:40.477756+00:00,reference-session last trade
SPX261120P04825000,2026-08-26 19:56:36+00:00,4825.0,5.1,4.4,4.6,30.0,275,put,2026-11-20,7730.990234375,2026-08-28T14:38:40.477756+00:00,reference-session last trade
SPX261120P04850000,2026-08-24 19:59:55+00:00,4850.0,6.1,4.5,4.8,1.0,1229,put,2026-11-20,7730.990234375,2026-08-28T14:38:40.477756+00:00,reference-session last trade
SPX261120P04875000,2026-08-26 19:55:04+00:00,4875.0,5.3,4.6,4.8,1.0,489,put,2026-11-20,7730.990234375,2026-08-28T14:38:40.477756+00:00,reference-session last trade
SPXW261120P04900000,2026-08-28 13:32:55+00:00,4900.0,4.8,4.8,5.1,10.0,200,put,2026-11-20,7730.990234375,2026-08-28T14:38:40.477756+00:00,reference-session last trade
SPX261120P04925000,2026-08-27 13:58:09+00:00,4925.0,5.3,4.8,5.1,3.0,551,put,2026-11-20,7730.990234375,2026-08-28T14:38:40.477756+00:00,reference-session last trade
SPX261120P04950000,2026-08-26 19:59:57+00:00,4950.0,5.9,4.9,5.1,42.0,367,put,2026-11-20,7730.990234375,2026-08-28T14:38:40.477756+00:00,reference-session last trade
SPX261120P04975000,2026-08-27 19:59:58+00:00,4975.0,5.3,5.1,5.3,1.0,119,put,2026-11-20,7730.990234375,2026-08-28T14:38:40.477756+00:00,reference-session last trade
SPX261120P05000000,2026-08-27 16:52:37+00:00,5000.0,5.3,5.2,5.4,8.0,5769,put,2026-11-20,7730.990234375,2026-08-28T14:38:40.477756+00:00,reference-session last trade
SPX261120P05025000,2026-08-26 19:59:57+00:00,5025.0,6.4,5.3,5.6,2.0,120,put,2026-11-20,7730.990234375,2026-08-28T14:38:40.477756+00:00,reference-session last trade
SPX261120P05050000,2026-08-28 13:41:39+00:00,5050.0,5.53,5.4,5.7,1.0,3292,put,2026-11-20,7730.990234375,2026-08-28T14:38:40.477756+00:00,reference-session last trade
SPX261120P05075000,2026-08-26 19:59:56+00:00,5075.0,6.6,5.6,5.8,1.0,231,put,2026-11-20,7730.990234375,2026-08-28T14:38:40.477756+00:00,reference-session last trade
SPX261120P05100000,2026-08-27 19:59:55+00:00,5100.0,5.9,5.7,5.9,2.0,665,put,2026-11-20,7730.990234375,2026-08-28T14:38:40.477756+00:00,reference-session last trade
SPX261120P05125000,2026-08-27 19:59:54+00:00,5125.0,6.1,5.9,6.1,1.0,3031,put,2026-11-20,7730.990234375,2026-08-28T14:38:40.477756+00:00,reference-session last trade
SPX261120P05150000,2026-08-28 13:41:39+00:00,5150.0,6.19,6.0,6.3,1.0,878,put,2026-11-20,7730.990234375,2026-08-28T14:38:40.477756+00:00,reference-session last trade
SPX261120P05175000,2026-08-27 19:59:54+00:00,5175.0,6.4,6.2,6.4,1.0,185,put,2026-11-20,7730.990234375,2026-08-28T14:38:40.477756+00:00,reference-session last trade
SPXW261120P05200000,2026-08-24 19:39:58+00:00,5200.0,8.5,6.5,6.7,7.0,162,put,2026-11-20,7730.990234375,2026-08-28T14:38:40.477756+00:00,reference-session last trade
SPX261120P05225000,2026-08-26 19:59:56+00:00,5225.0,7.6,6.5,6.7,1.0,485,put,2026-11-20,7730.990234375,2026-08-28T14:38:40.477756+00:00,reference-session last trade
SPX261120P05250000,2026-08-26 19:57:08+00:00,5250.0,7.7,6.7,7.1,51.0,5317,put,2026-11-20,7730.990234375,2026-08-28T14:38:40.477756+00:00,reference-session last trade
SPX261120P05275000,2026-08-26 19:59:55+00:00,5275.0,8.0,6.8,7.1,1.0,300,put,2026-11-20,7730.990234375,2026-08-28T14:38:40.477756+00:00,reference-session last trade
SPX261120P05300000,2026-08-28 14:23:29+00:00,5300.0,7.2,7.0,7.2,10.0,1892,put,2026-11-20,7730.990234375,2026-08-28T14:38:40.477756+00:00,reference-session last trade
SPX261120P05325000,2026-08-26 19:59:55+00:00,5325.0,8.4,7.2,7.4,2.0,649,put,2026-11-20,7730.990234375,2026-08-28T14:38:40.477756+00:00,reference-session last trade
SPX261120P05350000,2026-08-27 20:10:11+00:00,5350.0,7.6,7.3,7.6,78.0,557,put,2026-11-20,7730.990234375,2026-08-28T14:38:40.477756+00:00,reference-session last trade
SPX261120P05375000,2026-08-27 19:59:55+00:00,5375.0,7.8,7.5,7.8,5.0,1178,put,2026-11-20,7730.990234375,2026-08-28T14:38:40.477756+00:00,reference-session last trade
SPXW261120P05400000,2026-08-26 13:35:39+00:00,5400.0,9.4,7.9,8.1,1.0,38,put,2026-11-20,7730.990234375,2026-08-28T14:38:40.477756+00:00,reference-session last trade
SPX261120P05425000,2026-08-27 19:59:58+00:00,5425.0,8.2,8.0,8.4,1.0,280,put,2026-11-20,7730.990234375,2026-08-28T14:38:40.477756+00:00,reference-session last trade
SPX261120P05450000,2026-08-27 19:59:59+00:00,5450.0,8.4,8.2,8.5,1.0,811,put,2026-11-20,7730.990234375,2026-08-28T14:38:40.477756+00:00,reference-session last trade
SPX261120P05475000,2026-08-27 19:59:54+00:00,5475.0,8.6,8.3,8.6,1.0,350,put,2026-11-20,7730.990234375,2026-08-28T14:38:40.477756+00:00,reference-session last trade
SPX261120P05500000,2026-08-27 17:45:42+00:00,5500.0,8.56,8.6,9.1,1.0,9700,put,2026-11-20,7730.990234375,2026-08-28T14:38:40.477756+00:00,reference-session last trade
SPX261120P05525000,2026-08-26 19:56:17+00:00,5525.0,10.1,8.8,9.1,1.0,399,put,2026-11-20,7730.990234375,2026-08-28T14:38:40.477756+00:00,reference-session last trade
SPX261120P05550000,2026-08-27 20:10:00+00:00,5550.0,9.3,9.0,9.3,83.0,1054,put,2026-11-20,7730.990234375,2026-08-28T14:38:40.477756+00:00,reference-session last trade
SPX261120P05575000,2026-08-26 19:56:15+00:00,5575.0,10.6,9.3,9.6,1.0,253,put,2026-11-20,7730.990234375,2026-08-28T14:38:40.477756+00:00,reference-session last trade
SPXW261120P05600000,2026-08-19 15:43:26+00:00,5600.0,13.3,9.6,9.9,5.0,222,put,2026-11-20,7730.990234375,2026-08-28T14:38:40.477756+00:00,reference-session last trade
SPX261120P05625000,2026-08-27 19:36:53+00:00,5625.0,9.8,9.8,10.1,5.0,678,put,2026-11-20,7730.990234375,2026-08-28T14:38:40.477756+00:00,reference-session last trade
SPXW261120P05650000,2026-08-04 17:18:11+00:00,5650.0,17.3,10.1,10.4,12.0,26,put,2026-11-20,7730.990234375,2026-08-28T14:38:40.477756+00:00,reference-session last trade
SPX261120P05675000,2026-08-27 19:54:59+00:00,5675.0,10.2,10.2,10.6,1.0,265,put,2026-11-20,7730.990234375,2026-08-28T14:38:40.477756+00:00,reference-session last trade
SPX261120P05700000,2026-08-27 19:58:12+00:00,5700.0,10.5,10.6,10.9,3.0,2699,put,2026-11-20,7730.990234375,2026-08-28T14:38:40.477756+00:00,reference-session last trade
SPX261120P05725000,2026-08-27 20:10:11+00:00,5725.0,11.0,10.8,11.2,15.0,371,put,2026-11-20,7730.990234375,2026-08-28T14:38:40.477756+00:00,reference-session last trade
SPXW261120P05750000,2026-08-25 14:07:54+00:00,5750.0,13.98,11.3,11.5,1.0,221,put,2026-11-20,7730.990234375,2026-08-28T14:38:40.477756+00:00,reference-session last trade
SPX261120P05775000,2026-08-27 19:54:59+00:00,5775.0,11.3,11.3,11.6,1.0,437,put,2026-11-20,7730.990234375,2026-08-28T14:38:40.477756+00:00,reference-session last trade
SPX261120P05800000,2026-08-25 20:09:15+00:00,5800.0,13.7,11.7,12.0,56.0,1665,put,2026-11-20,7730.990234375,2026-08-28T14:38:40.477756+00:00,reference-session last trade
SPX261120P05825000,2026-08-28 14:02:42+00:00,5825.0,12.18,11.9,12.2,9.0,1998,put,2026-11-20,7730.990234375,2026-08-28T14:38:40.477756+00:00,reference-session last trade
SPX261120P05850000,2026-08-27 14:04:04+00:00,5850.0,12.91,12.3,12.7,1.0,813,put,2026-11-20,7730.990234375,2026-08-28T14:38:40.477756+00:00,reference-session last trade
SPX261120P05875000,2026-08-26 19:57:07+00:00,5875.0,14.3,12.6,12.9,1.0,295,put,2026-11-20,7730.990234375,2026-08-28T14:38:40.477756+00:00,reference-session last trade
SPXW261120P05900000,2026-08-25 16:28:16+00:00,5900.0,15.73,13.1,13.3,10.0,768,put,2026-11-20,7730.990234375,2026-08-28T14:38:40.477756+00:00,reference-session last trade
SPX261120P05925000,2026-08-26 19:56:09+00:00,5925.0,15.1,13.3,13.6,1.0,1090,put,2026-11-20,7730.990234375,2026-08-28T14:38:40.477756+00:00,reference-session last trade
SPXW261120P05950000,2026-08-26 13:52:15+00:00,5950.0,16.15,13.7,14.1,1.0,732,put,2026-11-20,7730.990234375,2026-08-28T14:38:40.477756+00:00,reference-session last trade
SPX261120P05975000,2026-08-27 19:50:15+00:00,5975.0,14.05,14.0,14.4,2.0,449,put,2026-11-20,7730.990234375,2026-08-28T14:38:40.477756+00:00,reference-session last trade
SPX261120P06000000,2026-08-27 19:49:13+00:00,6000.0,14.3,14.2,14.6,16.0,15858,put,2026-11-20,7730.990234375,2026-08-28T14:38:40.477756+00:00,reference-session last trade
SPX261120P06025000,2026-08-27 19:56:06+00:00,6025.0,14.7,14.8,15.2,1.0,277,put,2026-11-20,7730.990234375,2026-08-28T14:38:40.477756+00:00,reference-session last trade
SPXW261120P06050000,2026-08-24 16:26:20+00:00,6050.0,19.2,15.3,15.7,3.0,759,put,2026-11-20,7730.990234375,2026-08-28T14:38:40.477756+00:00,reference-session last trade
SPX261120P06075000,2026-08-28 13:52:33+00:00,6075.0,15.88,15.5,15.9,30.0,2154,put,2026-11-20,7730.990234375,2026-08-28T14:38:40.477756+00:00,reference-session last trade
SPXW261120P06100000,2026-08-27 17:10:20+00:00,6100.0,16.14,16.1,16.5,1.0,802,put,2026-11-20,7730.990234375,2026-08-28T14:38:40.477756+00:00,reference-session last trade
SPX261120P06125000,2026-08-27 19:58:12+00:00,6125.0,16.4,16.4,16.9,36.0,1074,put,2026-11-20,7730.990234375,2026-08-28T14:38:40.477756+00:00,reference-session last trade
SPX261120P06150000,2026-08-28 14:04:06+00:00,6150.0,17.23,16.9,17.3,42.0,1918,put,2026-11-20,7730.990234375,2026-08-28T14:38:40.477756+00:00,reference-session last trade
SPX261120P06175000,2026-08-26 13:54:59+00:00,6175.0,20.0,17.3,17.7,1.0,2551,put,2026-11-20,7730.990234375,2026-08-28T14:38:40.477756+00:00,reference-session last trade
SPXW261120P06200000,2026-08-27 19:59:30+00:00,6200.0,18.2,18.0,18.3,24.0,199,put,2026-11-20,7730.990234375,2026-08-28T14:38:40.477756+00:00,reference-session last trade
SPX261120P06225000,2026-08-26 17:00:43+00:00,6225.0,21.73,18.2,18.7,24.0,1359,put,2026-11-20,7730.990234375,2026-08-28T14:38:40.477756+00:00,reference-session last trade
SPXW261120P06250000,2026-08-27 19:59:30+00:00,6250.0,19.3,19.1,19.5,15.0,128,put,2026-11-20,7730.990234375,2026-08-28T14:38:40.477756+00:00,reference-session last trade
SPX261120P06275000,2026-08-28 13:52:33+00:00,6275.0,19.77,19.3,19.8,31.0,2046,put,2026-11-20,7730.990234375,2026-08-28T14:38:40.477756+00:00,reference-session last trade
SPX261120P06300000,2026-08-28 13:50:22+00:00,6300.0,20.35,19.9,20.3,77.0,4446,put,2026-11-20,7730.990234375,2026-08-28T14:38:40.477756+00:00,reference-session last trade
SPX261120P06325000,2026-08-27 14:35:46+00:00,6325.0,21.2,20.4,20.9,6.0,1000,put,2026-11-20,7730.990234375,2026-08-28T14:38:40.477756+00:00,reference-session last trade
SPXW261120P06350000,2026-08-28 14:04:27+00:00,6350.0,21.9,21.2,21.7,1.0,495,put,2026-11-20,7730.990234375,2026-08-28T14:38:40.477756+00:00,reference-session last trade
SPX261120P06375000,2026-08-28 14:02:07+00:00,6375.0,21.95,21.6,22.1,33.0,2083,put,2026-11-20,7730.990234375,2026-08-28T14:38:40.477756+00:00,reference-session last trade
SPX261120P06400000,2026-08-27 19:55:50+00:00,6400.0,22.3,22.4,22.9,2.0,4568,put,2026-11-20,7730.990234375,2026-08-28T14:38:40.477756+00:00,reference-session last trade
SPX261120P06425000,2026-08-27 19:55:11+00:00,6425.0,22.9,22.9,23.4,73.0,1818,put,2026-11-20,7730.990234375,2026-08-28T14:38:40.477756+00:00,reference-session last trade
SPXW261120P06450000,2026-08-24 19:55:02+00:00,6450.0,31.2,24.0,24.4,8.0,99,put,2026-11-20,7730.990234375,2026-08-28T14:38:40.477756+00:00,reference-session last trade
SPXW261120P06475000,2026-08-28 14:19:38+00:00,6475.0,25.19,24.6,25.1,2.0,203,put,2026-11-20,7730.990234375,2026-08-28T14:38:40.477756+00:00,reference-session last trade
SPX261120P06500000,2026-08-27 19:55:32+00:00,6500.0,25.1,25.0,25.6,433.0,7503,put,2026-11-20,7730.990234375,2026-08-28T14:38:40.477756+00:00,reference-session last trade
SPXW261120P06510000,2026-08-24 19:59:02+00:00,6510.0,33.5,25.7,26.1,,5,put,2026-11-20,7730.990234375,2026-08-28T14:38:40.477756+00:00,reference-session last trade
SPX261120P06525000,2026-08-27 19:55:48+00:00,6525.0,25.9,25.8,26.3,3.0,480,put,2026-11-20,7730.990234375,2026-08-28T14:38:40.477756+00:00,reference-session last trade
SPX261120P06550000,2026-08-27 19:55:52+00:00,6550.0,26.7,26.6,27.1,1.0,1991,put,2026-11-20,7730.990234375,2026-08-28T14:38:40.477756+00:00,reference-session last trade
SPX261120P06575000,2026-08-25 19:55:13+00:00,6575.0,32.8,27.4,28.0,2.0,1123,put,2026-11-20,7730.990234375,2026-08-28T14:38:40.477756+00:00,reference-session last trade
SPXW261120P06600000,2026-08-26 16:56:34+00:00,6600.0,34.75,28.8,29.3,47.0,208,put,2026-11-20,7730.990234375,2026-08-28T14:38:40.477756+00:00,reference-session last trade
SPX261120P06625000,2026-08-26 19:55:03+00:00,6625.0,33.7,29.2,29.7,1.0,3119,put,2026-11-20,7730.990234375,2026-08-28T14:38:40.477756+00:00,reference-session last trade
SPXW261120P06650000,2026-08-26 15:26:12+00:00,6650.0,36.57,30.5,30.9,1.0,174,put,2026-11-20,7730.990234375,2026-08-28T14:38:40.477756+00:00,reference-session last trade
SPX261120P06660000,2026-08-26 16:16:54+00:00,6660.0,36.9,30.5,31.0,1.0,130,put,2026-11-20,7730.990234375,2026-08-28T14:38:40.477756+00:00,reference-session last trade
SPXW261120P06670000,2026-08-27 18:03:20+00:00,6670.0,32.4,31.5,31.9,8.0,18,put,2026-11-20,7730.990234375,2026-08-28T14:38:40.477756+00:00,reference-session last trade
SPX261120P06675000,2026-08-26 19:55:04+00:00,6675.0,36.0,31.0,31.6,8.0,1842,put,2026-11-20,7730.990234375,2026-08-28T14:38:40.477756+00:00,reference-session last trade
SPXW261120P06680000,2026-08-20 15:46:19+00:00,6680.0,45.32,31.7,32.2,,1,put,2026-11-20,7730.990234375,2026-08-28T14:38:40.477756+00:00,reference-session last trade
SPXW261120P06690000,2026-08-27 20:00:27+00:00,6690.0,32.7,32.3,32.8,1.0,10,put,2026-11-20,7730.990234375,2026-08-28T14:38:40.477756+00:00,reference-session last trade
SPX261120P06700000,2026-08-28 13:45:36+00:00,6700.0,32.3,32.2,32.6,800.0,8706,put,2026-11-20,7730.990234375,2026-08-28T14:38:40.477756+00:00,reference-session last trade
SPX261120P06710000,2026-08-24 17:24:51+00:00,6710.0,42.55,32.5,33.0,3.0,389,put,2026-11-20,7730.990234375,2026-08-28T14:38:40.477756+00:00,reference-session last trade
SPX261120P06720000,2026-08-28 13:40:15+00:00,6720.0,33.2,32.9,33.5,59.0,721,put,2026-11-20,7730.990234375,2026-08-28T14:38:40.477756+00:00,reference-session last trade
SPXW261120P06725000,2026-08-26 17:35:47+00:00,6725.0,39.7,33.8,34.2,2.0,125,put,2026-11-20,7730.990234375,2026-08-28T14:38:40.477756+00:00,reference-session last trade
SPXW261120P06730000,2026-08-26 17:41:13+00:00,6730.0,40.01,33.9,34.4,2.0,7,put,2026-11-20,7730.990234375,2026-08-28T14:38:40.477756+00:00,reference-session last trade
SPXW261120P06740000,2026-08-28 13:40:15+00:00,6740.0,34.7,34.4,34.8,1.0,3,put,2026-11-20,7730.990234375,2026-08-28T14:38:40.477756+00:00,reference-session last trade
SPXW261120P06750000,2026-08-28 13:54:55+00:00,6750.0,35.7,34.9,35.2,23.0,94,put,2026-11-20,7730.990234375,2026-08-28T14:38:40.477756+00:00,reference-session last trade
SPXW261120P06760000,2026-08-27 16:05:57+00:00,6760.0,36.25,35.1,35.5,10.0,26,put,2026-11-20,7730.990234375,2026-08-28T14:38:40.477756+00:00,reference-session last trade
SPX261120P06770000,2026-08-27 19:51:49+00:00,6770.0,35.6,35.0,35.6,1.0,236,put,2026-11-20,7730.990234375,2026-08-28T14:38:40.477756+00:00,reference-session last trade
SPX261120P06775000,2026-08-27 19:16:05+00:00,6775.0,36.57,35.4,36.1,43.0,1956,put,2026-11-20,7730.990234375,2026-08-28T14:38:40.477756+00:00,reference-session last trade
SPX261120P06780000,2026-08-21 18:11:38+00:00,6780.0,46.7,35.6,36.2,26.0,247,put,2026-11-20,7730.990234375,2026-08-28T14:38:40.477756+00:00,reference-session last trade
SPX261120P06790000,2026-08-20 18:18:08+00:00,6790.0,52.3,36.1,36.6,16.0,177,put,2026-11-20,7730.990234375,2026-08-28T14:38:40.477756+00:00,reference-session last trade
SPXW261120P06800000,2026-08-28 13:40:58+00:00,6800.0,37.45,37.0,37.4,32.0,298,put,2026-11-20,7730.990234375,2026-08-28T14:38:40.477756+00:00,reference-session last trade
SPXW261120P06810000,2026-08-17 20:13:03+00:00,6810.0,50.7,37.5,37.9,12.0,13,put,2026-11-20,7730.990234375,2026-08-28T14:38:40.477756+00:00,reference-session last trade
SPXW261120P06820000,2026-08-28 13:39:55+00:00,6820.0,38.5,38.2,38.6,1.0,5,put,2026-11-20,7730.990234375,2026-08-28T14:38:40.477756+00:00,reference-session last trade
SPX261120P06825000,2026-08-27 19:58:41+00:00,6825.0,38.0,37.9,38.4,255.0,1987,put,2026-11-20,7730.990234375,2026-08-28T14:38:40.477756+00:00,reference-session last trade
SPXW261120P06830000,2026-08-27 16:51:33+00:00,6830.0,39.25,38.8,39.3,8.0,9,put,2026-11-20,7730.990234375,2026-08-28T14:38:40.477756+00:00,reference-session last trade
SPXW261120P06840000,2026-08-18 19:55:25+00:00,6840.0,55.8,39.3,39.8,,1,put,2026-11-20,7730.990234375,2026-08-28T14:38:40.477756+00:00,reference-session last trade
SPX261120P06850000,2026-08-28 14:08:39+00:00,6850.0,40.5,39.2,39.8,2.0,4395,put,2026-11-20,7730.990234375,2026-08-28T14:38:40.477756+00:00,reference-session last trade
SPX261120P06860000,2026-08-28 14:13:01+00:00,6860.0,41.4,39.6,40.2,3.0,356,put,2026-11-20,7730.990234375,2026-08-28T14:38:40.477756+00:00,reference-session last trade
SPX261120P06870000,2026-08-13 19:24:11+00:00,6870.0,50.9,40.1,40.7,1.0,153,put,2026-11-20,7730.990234375,2026-08-28T14:38:40.477756+00:00,reference-session last trade
SPXW261120P06875000,2026-08-27 19:57:23+00:00,6875.0,41.5,41.0,41.4,1.0,97,put,2026-11-20,7730.990234375,2026-08-28T14:38:40.477756+00:00,reference-session last trade
SPX261120P06880000,2026-08-21 13:30:16+00:00,6880.0,55.0,40.9,41.4,53.0,61,put,2026-11-20,7730.990234375,2026-08-28T14:38:40.477756+00:00,reference-session last trade
SPX261120P06890000,2026-08-27 16:03:51+00:00,6890.0,42.4,41.3,41.8,14.0,475,put,2026-11-20,7730.990234375,2026-08-28T14:38:40.477756+00:00,reference-session last trade
SPXW261120P06900000,2026-08-28 13:39:55+00:00,6900.0,42.9,42.6,43.0,47.0,481,put,2026-11-20,7730.990234375,2026-08-28T14:38:40.477756+00:00,reference-session last trade
SPXW261120P06910000,2026-08-28 13:39:54+00:00,6910.0,43.5,43.3,43.7,29.0,43,put,2026-11-20,7730.990234375,2026-08-28T14:38:40.477756+00:00,reference-session last trade
SPXW261120P06920000,2026-08-18 14:03:11+00:00,6920.0,61.69,43.9,44.4,,4,put,2026-11-20,7730.990234375,2026-08-28T14:38:40.477756+00:00,reference-session last trade
SPXW261120P06925000,2026-08-27 19:57:26+00:00,6925.0,44.6,44.1,44.6,1.0,88,put,2026-11-20,7730.990234375,2026-08-28T14:38:40.477756+00:00,reference-session last trade
SPX261120P06930000,2026-08-25 19:20:49+00:00,6930.0,53.8,43.6,44.2,5.0,60,put,2026-11-20,7730.990234375,2026-08-28T14:38:40.477756+00:00,reference-session last trade
SPX261120P06940000,2026-08-20 19:51:52+00:00,6940.0,63.4,44.2,44.8,50.0,132,put,2026-11-20,7730.990234375,2026-08-28T14:38:40.477756+00:00,reference-session last trade
SPX261120P06950000,2026-08-27 19:57:57+00:00,6950.0,45.6,45.0,45.6,5.0,3761,put,2026-11-20,7730.990234375,2026-08-28T14:38:40.477756+00:00,reference-session last trade
SPXW261120P06960000,2026-08-25 19:55:59+00:00,6960.0,55.8,46.5,46.9,1.0,21,put,2026-11-20,7730.990234375,2026-08-28T14:38:40.477756+00:00,reference-session last trade
SPX261120P06970000,2026-08-27 19:51:49+00:00,6970.0,47.0,46.4,46.9,1.0,254,put,2026-11-20,7730.990234375,2026-08-28T14:38:40.477756+00:00,reference-session last trade
SPX261120P06975000,2026-08-24 19:45:46+00:00,6975.0,60.91,46.7,47.2,5.0,3020,put,2026-11-20,7730.990234375,2026-08-28T14:38:40.477756+00:00,reference-session last trade
SPX261120P06980000,2026-08-27 15:25:02+00:00,6980.0,48.29,46.7,47.5,2.0,420,put,2026-11-20,7730.990234375,2026-08-28T14:38:40.477756+00:00,reference-session last trade
SPX261120P06990000,2026-08-27 19:03:55+00:00,6990.0,50.1,47.5,48.0,1.0,961,put,2026-11-20,7730.990234375,2026-08-28T14:38:40.477756+00:00,reference-session last trade
SPX261120P07000000,2026-08-28 14:14:46+00:00,7000.0,50.74,48.0,48.7,514.0,31829,put,2026-11-20,7730.990234375,2026-08-28T14:38:40.477756+00:00,reference-session last trade
SPX261120P07010000,2026-08-27 18:32:12+00:00,7010.0,52.08,49.0,49.6,1.0,762,put,2026-11-20,7730.990234375,2026-08-28T14:38:40.477756+00:00,reference-session last trade
SPXW261120P07020000,2026-08-27 14:49:15+00:00,7020.0,52.9,50.6,51.1,2.0,195,put,2026-11-20,7730.990234375,2026-08-28T14:38:40.477756+00:00,reference-session last trade
SPXW261120P07025000,2026-08-27 16:50:38+00:00,7025.0,51.8,51.0,51.5,4.0,60,put,2026-11-20,7730.990234375,2026-08-28T14:38:40.477756+00:00,reference-session last trade
SPXW261120P07030000,2026-08-28 13:39:49+00:00,7030.0,51.4,51.3,51.8,22.0,12,put,2026-11-20,7730.990234375,2026-08-28T14:38:40.477756+00:00,reference-session last trade
SPX261120P07040000,2026-08-27 19:35:19+00:00,7040.0,52.92,51.3,51.8,100.0,456,put,2026-11-20,7730.990234375,2026-08-28T14:38:40.477756+00:00,reference-session last trade
SPXW261120P07050000,2026-08-28 14:19:26+00:00,7050.0,53.47,52.9,53.4,2.0,244,put,2026-11-20,7730.990234375,2026-08-28T14:38:40.477756+00:00,reference-session last trade
SPXW261120P07060000,2026-08-28 13:40:17+00:00,7060.0,54.0,53.7,54.2,6.0,3,put,2026-11-20,7730.990234375,2026-08-28T14:38:40.477756+00:00,reference-session last trade
SPXW261120P07070000,2026-08-24 14:28:55+00:00,7070.0,72.4,54.5,55.0,2.0,14,put,2026-11-20,7730.990234375,2026-08-28T14:38:40.477756+00:00,reference-session last trade
SPXW261120P07075000,2026-08-27 16:34:24+00:00,7075.0,56.2,54.7,55.2,3.0,78,put,2026-11-20,7730.990234375,2026-08-28T14:38:40.477756+00:00,reference-session last trade
SPXW261120P07080000,2026-08-18 16:46:47+00:00,7080.0,76.2,55.2,55.7,8.0,8,put,2026-11-20,7730.990234375,2026-08-28T14:38:40.477756+00:00,reference-session last trade
SPXW261120P07090000,2026-08-27 17:12:41+00:00,7090.0,56.5,56.1,56.6,17.0,20,put,2026-11-20,7730.990234375,2026-08-28T14:38:40.477756+00:00,reference-session last trade
SPXW261120P07100000,2026-08-27 19:36:26+00:00,7100.0,58.5,56.9,57.4,68.0,4472,put,2026-11-20,7730.990234375,2026-08-28T14:38:40.477756+00:00,reference-session last trade
SPXW261120P07110000,2026-08-27 13:36:28+00:00,7110.0,65.15,57.4,57.9,1.0,19,put,2026-11-20,7730.990234375,2026-08-28T14:38:40.477756+00:00,reference-session last trade
SPX261120P07120000,2026-08-26 17:17:17+00:00,7120.0,69.35,57.7,58.5,7.0,198,put,2026-11-20,7730.990234375,2026-08-28T14:38:40.477756+00:00,reference-session last trade
SPX261120P07125000,2026-08-28 13:34:40+00:00,7125.0,58.01,57.9,58.7,104.0,1524,put,2026-11-20,7730.990234375,2026-08-28T14:38:40.477756+00:00,reference-session last trade
SPX261120P07130000,2026-08-27 15:01:44+00:00,7130.0,60.97,58.2,59.0,42.0,158,put,2026-11-20,7730.990234375,2026-08-28T14:38:40.477756+00:00,reference-session last trade
SPX261120P07140000,2026-08-27 19:35:19+00:00,7140.0,61.74,59.4,60.1,51.0,321,put,2026-11-20,7730.990234375,2026-08-28T14:38:40.477756+00:00,reference-session last trade
SPX261120P07150000,2026-08-28 13:45:06+00:00,7150.0,60.62,60.1,60.8,8.0,2188,put,2026-11-20,7730.990234375,2026-08-28T14:38:40.477756+00:00,reference-session last trade
SPX261120P07160000,2026-08-25 19:20:56+00:00,7160.0,75.7,60.9,61.7,1.0,767,put,2026-11-20,7730.990234375,2026-08-28T14:38:40.477756+00:00,reference-session last trade
SPX261120P07170000,2026-08-27 19:52:01+00:00,7170.0,63.5,62.2,62.9,2.0,241,put,2026-11-20,7730.990234375,2026-08-28T14:38:40.477756+00:00,reference-session last trade
SPXW261120P07175000,2026-08-28 13:55:47+00:00,7175.0,64.95,63.3,63.9,2.0,158,put,2026-11-20,7730.990234375,2026-08-28T14:38:40.477756+00:00,reference-session last trade
SPXW261120P07180000,2026-08-20 16:44:51+00:00,7180.0,84.9,63.9,64.4,,2,put,2026-11-20,7730.990234375,2026-08-28T14:38:40.477756+00:00,reference-session last trade
SPX261120P07190000,2026-08-27 19:52:02+00:00,7190.0,65.5,64.0,64.9,1.0,631,put,2026-11-20,7730.990234375,2026-08-28T14:38:40.477756+00:00,reference-session last trade
SPX261120P07195000,2026-08-26 16:58:00+00:00,7195.0,79.5,64.5,65.4,2.0,229,put,2026-11-20,7730.990234375,2026-08-28T14:38:40.477756+00:00,reference-session last trade
SPX261120P07200000,2026-08-28 13:52:12+00:00,7200.0,66.59,65.4,66.3,6.0,12369,put,2026-11-20,7730.990234375,2026-08-28T14:38:40.477756+00:00,reference-session last trade
SPX261120P07205000,2026-08-25 14:47:03+00:00,7205.0,84.1,65.9,66.5,231.0,688,put,2026-11-20,7730.990234375,2026-08-28T14:38:40.477756+00:00,reference-session last trade
SPX261120P07210000,2026-08-27 19:52:01+00:00,7210.0,67.7,66.1,66.7,1.0,256,put,2026-11-20,7730.990234375,2026-08-28T14:38:40.477756+00:00,reference-session last trade
SPX261120P07215000,2026-08-26 19:26:14+00:00,7215.0,77.6,67.0,67.7,54.0,224,put,2026-11-20,7730.990234375,2026-08-28T14:38:40.477756+00:00,reference-session last trade
SPX261120P07220000,2026-08-27 19:08:22+00:00,7220.0,71.1,67.2,67.8,3.0,504,put,2026-11-20,7730.990234375,2026-08-28T14:38:40.477756+00:00,reference-session last trade
SPX261120P07225000,2026-08-25 17:34:42+00:00,7225.0,84.51,67.5,68.3,2.0,1199,put,2026-11-20,7730.990234375,2026-08-28T14:38:40.477756+00:00,reference-session last trade
SPX261120P07230000,2026-08-25 19:20:56+00:00,7230.0,84.6,68.1,68.9,1.0,396,put,2026-11-20,7730.990234375,2026-08-28T14:38:40.477756+00:00,reference-session last trade
SPX261120P07235000,2026-08-24 17:24:51+00:00,7235.0,89.87,68.8,69.5,2.0,122,put,2026-11-20,7730.990234375,2026-08-28T14:38:40.477756+00:00,reference-session last trade
SPX261120P07240000,2026-08-27 19:52:01+00:00,7240.0,71.1,69.4,70.1,5.0,749,put,2026-11-20,7730.990234375,2026-08-28T14:38:40.477756+00:00,reference-session last trade
SPX261120P07245000,2026-08-25 14:47:03+00:00,7245.0,89.78,70.4,71.0,28.0,304,put,2026-11-20,7730.990234375,2026-08-28T14:38:40.477756+00:00,reference-session last trade
SPX261120P07250000,2026-08-28 13:34:40+00:00,7250.0,70.73,70.3,71.1,52.0,2697,put,2026-11-20,7730.990234375,2026-08-28T14:38:40.477756+00:00,reference-session last trade
SPX261120P07255000,2026-08-26 18:41:31+00:00,7255.0,85.36,71.4,72.0,5.0,98,put,2026-11-20,7730.990234375,2026-08-28T14:38:40.477756+00:00,reference-session last trade
SPX261120P07260000,2026-08-26 19:51:11+00:00,7260.0,83.08,71.9,72.5,1.0,124,put,2026-11-20,7730.990234375,2026-08-28T14:38:40.477756+00:00,reference-session last trade
SPX261120P07265000,2026-08-25 19:54:13+00:00,7265.0,87.6,72.4,73.1,10.0,132,put,2026-11-20,7730.990234375,2026-08-28T14:38:40.477756+00:00,reference-session last trade
SPX261120P07270000,2026-08-27 19:51:55+00:00,7270.0,74.8,73.3,74.0,9.0,230,put,2026-11-20,7730.990234375,2026-08-28T14:38:40.477756+00:00,reference-session last trade
SPX261120P07275000,2026-08-27 15:36:33+00:00,7275.0,77.52,73.9,74.5,111.0,3786,put,2026-11-20,7730.990234375,2026-08-28T14:38:40.477756+00:00,reference-session last trade
SPX261120P07280000,2026-08-26 19:49:23+00:00,7280.0,85.8,74.5,75.2,10.0,176,put,2026-11-20,7730.990234375,2026-08-28T14:38:40.477756+00:00,reference-session last trade
SPX261120P07285000,2026-08-25 16:54:46+00:00,7285.0,92.23,74.5,75.3,4.0,347,put,2026-11-20,7730.990234375,2026-08-28T14:38:40.477756+00:00,reference-session last trade
SPX261120P07290000,2026-08-27 19:35:19+00:00,7290.0,78.64,75.2,75.9,100.0,534,put,2026-11-20,7730.990234375,2026-08-28T14:38:40.477756+00:00,reference-session last trade
SPX261120P07295000,2026-08-26 18:41:31+00:00,7295.0,91.19,75.8,76.5,10.0,591,put,2026-11-20,7730.990234375,2026-08-28T14:38:40.477756+00:00,reference-session last trade
SPX261120P07300000,2026-08-27 19:51:36+00:00,7300.0,79.0,76.6,77.3,2.0,8369,put,2026-11-20,7730.990234375,2026-08-28T14:38:40.477756+00:00,reference-session last trade
SPX261120P07305000,2026-08-27 14:47:04+00:00,7305.0,82.49,77.0,77.8,213.0,491,put,2026-11-20,7730.990234375,2026-08-28T14:38:40.477756+00:00,reference-session last trade
SPX261120P07310000,2026-08-25 17:35:04+00:00,7310.0,97.28,78.2,78.9,612.0,657,put,2026-11-20,7730.990234375,2026-08-28T14:38:40.477756+00:00,reference-session last trade
SPX261120P07315000,2026-08-20 15:04:22+00:00,7315.0,100.8,78.7,79.4,46.0,129,put,2026-11-20,7730.990234375,2026-08-28T14:38:40.477756+00:00,reference-session last trade
SPXW261120P07320000,2026-08-27 17:01:08+00:00,7320.0,81.73,80.1,80.5,4.0,15,put,2026-11-20,7730.990234375,2026-08-28T14:38:40.477756+00:00,reference-session last trade
SPXW261120P07325000,2026-08-25 14:09:52+00:00,7325.0,101.68,81.2,81.7,2.0,367,put,2026-11-20,7730.990234375,2026-08-28T14:38:40.477756+00:00,reference-session last trade
SPXW261120P07330000,2026-08-28 13:51:47+00:00,7330.0,83.27,82.1,82.7,4.0,24,put,2026-11-20,7730.990234375,2026-08-28T14:38:40.477756+00:00,reference-session last trade
SPX261120P07335000,2026-08-27 19:58:13+00:00,7335.0,83.1,81.4,82.0,10.0,2149,put,2026-11-20,7730.990234375,2026-08-28T14:38:40.477756+00:00,reference-session last trade
SPXW261120P07340000,2026-08-26 16:38:47+00:00,7340.0,102.38,83.4,84.0,4.0,6,put,2026-11-20,7730.990234375,2026-08-28T14:38:40.477756+00:00,reference-session last trade
SPX261120P07345000,2026-08-26 19:56:45+00:00,7345.0,97.3,82.5,83.2,54.0,273,put,2026-11-20,7730.990234375,2026-08-28T14:38:40.477756+00:00,reference-session last trade
SPX261120P07350000,2026-08-28 14:00:33+00:00,7350.0,83.6,83.5,84.1,4.0,5788,put,2026-11-20,7730.990234375,2026-08-28T14:38:40.477756+00:00,reference-session last trade
SPX261120P07355000,2026-08-14 19:24:17+00:00,7355.0,98.3,84.2,84.9,11.0,227,put,2026-11-20,7730.990234375,2026-08-28T14:38:40.477756+00:00,reference-session last trade
SPXW261120P07360000,2026-08-26 19:47:05+00:00,7360.0,99.54,86.4,86.9,1.0,5,put,2026-11-20,7730.990234375,2026-08-28T14:38:40.477756+00:00,reference-session last trade
SPX261120P07365000,2026-08-28 14:20:42+00:00,7365.0,87.2,85.4,86.1,5.0,458,put,2026-11-20,7730.990234375,2026-08-28T14:38:40.477756+00:00,reference-session last trade
SPXW261120P07370000,2026-08-24 19:35:00+00:00,7370.0,112.9,87.6,88.1,1.0,2,put,2026-11-20,7730.990234375,2026-08-28T14:38:40.477756+00:00,reference-session last trade
SPXW261120P07375000,2026-08-24 18:38:26+00:00,7375.0,112.8,88.8,89.4,3.0,106,put,2026-11-20,7730.990234375,2026-08-28T14:38:40.477756+00:00,reference-session last trade
SPXW261120P07380000,2026-08-21 18:59:36+00:00,7380.0,112.3,89.0,89.5,13.0,17,put,2026-11-20,7730.990234375,2026-08-28T14:38:40.477756+00:00,reference-session last trade
SPX261120P07385000,2026-08-21 18:40:40+00:00,7385.0,113.5,89.1,89.8,30.0,675,put,2026-11-20,7730.990234375,2026-08-28T14:38:40.477756+00:00,reference-session last trade
SPX261120P07390000,2026-08-27 19:51:52+00:00,7390.0,92.2,89.2,90.0,25.0,408,put,2026-11-20,7730.990234375,2026-08-28T14:38:40.477756+00:00,reference-session last trade
SPX261120P07395000,2026-08-24 14:39:53+00:00,7395.0,117.69,90.3,91.0,1.0,54,put,2026-11-20,7730.990234375,2026-08-28T14:38:40.477756+00:00,reference-session last trade
SPX261120P07400000,2026-08-27 17:12:21+00:00,7400.0,91.3,91.5,92.2,1.0,10624,put,2026-11-20,7730.990234375,2026-08-28T14:38:40.477756+00:00,reference-session last trade
SPX261120P07405000,2026-08-17 13:45:03+00:00,7405.0,106.35,91.9,92.7,1.0,19,put,2026-11-20,7730.990234375,2026-08-28T14:38:40.477756+00:00,reference-session last trade
SPX261120P07410000,2026-08-24 19:50:23+00:00,7410.0,119.2,93.3,94.0,7.0,775,put,2026-11-20,7730.990234375,2026-08-28T14:38:40.477756+00:00,reference-session last trade
SPX261120P07415000,2026-08-17 14:37:59+00:00,7415.0,109.22,93.3,94.1,17.0,94,put,2026-11-20,7730.990234375,2026-08-28T14:38:40.477756+00:00,reference-session last trade
SPXW261120P07420000,2026-08-24 19:35:00+00:00,7420.0,122.9,96.2,96.7,14.0,21,put,2026-11-20,7730.990234375,2026-08-28T14:38:40.477756+00:00,reference-session last trade
SPXW261120P07425000,2026-08-17 14:00:13+00:00,7425.0,111.8,96.4,96.9,1.0,44,put,2026-11-20,7730.990234375,2026-08-28T14:38:40.477756+00:00,reference-session last trade
SPX261120P07430000,2026-08-26 19:46:05+00:00,7430.0,111.4,96.6,97.2,3.0,286,put,2026-11-20,7730.990234375,2026-08-28T14:38:40.477756+00:00,reference-session last trade
SPX261120P07435000,2026-08-27 20:12:07+00:00,7435.0,100.92,97.7,98.4,6.0,192,put,2026-11-20,7730.990234375,2026-08-28T14:38:40.477756+00:00,reference-session last trade
SPX261120P07440000,2026-08-26 13:35:30+00:00,7440.0,120.34,98.2,98.9,150.0,404,put,2026-11-20,7730.990234375,2026-08-28T14:38:40.477756+00:00,reference-session last trade
SPX261120P07445000,2026-08-26 19:17:39+00:00,7445.0,115.09,99.4,100.1,200.0,387,put,2026-11-20,7730.990234375,2026-08-28T14:38:40.477756+00:00,reference-session last trade
SPX261120P07450000,2026-08-27 19:51:36+00:00,7450.0,103.1,100.0,100.8,43.0,4944,put,2026-11-20,7730.990234375,2026-08-28T14:38:40.477756+00:00,reference-session last trade
SPX261120P07455000,2026-08-19 19:44:49+00:00,7455.0,122.1,100.8,101.5,159.0,218,put,2026-11-20,7730.990234375,2026-08-28T14:38:40.477756+00:00,reference-session last trade
SPXW261120P07460000,2026-08-25 13:30:03+00:00,7460.0,125.8,102.7,103.3,3.0,4,put,2026-11-20,7730.990234375,2026-08-28T14:38:40.477756+00:00,reference-session last trade
SPX261120P07465000,2026-08-24 17:24:51+00:00,7465.0,131.89,102.8,103.6,2.0,27,put,2026-11-20,7730.990234375,2026-08-28T14:38:40.477756+00:00,reference-session last trade
SPXW261120P07470000,2026-08-27 20:00:27+00:00,7470.0,107.8,104.8,105.4,6.0,11,put,2026-11-20,7730.990234375,2026-08-28T14:38:40.477756+00:00,reference-session last trade
SPX261120P07475000,2026-08-27 19:37:33+00:00,7475.0,108.34,104.4,105.3,202.0,3178,put,2026-11-20,7730.990234375,2026-08-28T14:38:40.477756+00:00,reference-session last trade
SPXW261120P07480000,2026-08-20 16:44:51+00:00,7480.0,135.55,106.3,106.9,1.0,4,put,2026-11-20,7730.990234375,2026-08-28T14:38:40.477756+00:00,reference-session last trade
SPX261120P07485000,2026-08-26 13:42:04+00:00,7485.0,128.92,106.4,107.3,101.0,111,put,2026-11-20,7730.990234375,2026-08-28T14:38:40.477756+00:00,reference-session last trade
SPXW261120P07490000,2026-08-25 17:11:29+00:00,7490.0,133.75,108.5,109.1,1.0,10,put,2026-11-20,7730.990234375,2026-08-28T14:38:40.477756+00:00,reference-session last trade
SPX261120P07495000,2026-08-27 19:39:48+00:00,7495.0,112.26,108.8,109.5,2.0,252,put,2026-11-20,7730.990234375,2026-08-28T14:38:40.477756+00:00,reference-session last trade
SPXW261120P07500000,2026-08-28 13:40:33+00:00,7500.0,111.01,110.9,111.4,1.0,451,put,2026-11-20,7730.990234375,2026-08-28T14:38:40.477756+00:00,reference-session last trade
SPX261120P07505000,2026-08-27 15:06:04+00:00,7505.0,115.95,110.8,111.6,1.0,435,put,2026-11-20,7730.990234375,2026-08-28T14:38:40.477756+00:00,reference-session last trade
SPXW261120P07510000,2026-08-26 13:40:29+00:00,7510.0,136.18,113.3,113.9,35.0,45,put,2026-11-20,7730.990234375,2026-08-28T14:38:40.477756+00:00,reference-session last trade
SPX261120P07515000,2026-08-26 17:35:01+00:00,7515.0,134.35,113.0,113.7,3.0,1390,put,2026-11-20,7730.990234375,2026-08-28T14:38:40.477756+00:00,reference-session last trade
SPXW261120P07520000,2026-08-18 15:34:53+00:00,7520.0,149.68,114.5,115.1,1.0,9,put,2026-11-20,7730.990234375,2026-08-28T14:38:40.477756+00:00,reference-session last trade
SPXW261120P07525000,2026-08-27 17:01:08+00:00,7525.0,117.96,116.5,117.1,2.0,31,put,2026-11-20,7730.990234375,2026-08-28T14:38:40.477756+00:00,reference-session last trade
SPXW261120P07530000,2026-08-25 14:39:08+00:00,7530.0,146.01,117.2,117.9,1.0,4,put,2026-11-20,7730.990234375,2026-08-28T14:38:40.477756+00:00,reference-session last trade
SPX261120P07535000,2026-08-26 13:30:02+00:00,7535.0,144.61,117.0,117.9,1.0,122,put,2026-11-20,7730.990234375,2026-08-28T14:38:40.477756+00:00,reference-session last trade
SPXW261120P07540000,2026-08-26 17:43:31+00:00,7540.0,142.34,120.3,120.9,1.0,3,put,2026-11-20,7730.990234375,2026-08-28T14:38:40.477756+00:00,reference-session last trade
SPX261120P07545000,2026-08-28 14:02:36+00:00,7545.0,121.24,120.1,121.0,1.0,207,put,2026-11-20,7730.990234375,2026-08-28T14:38:40.477756+00:00,reference-session last trade
SPXW261120P07550000,2026-08-27 19:58:14+00:00,7550.0,124.84,121.2,122.1,3.0,164,put,2026-11-20,7730.990234375,2026-08-28T14:38:40.477756+00:00,reference-session last trade
SPX261120P07555000,2026-08-27 19:38:27+00:00,7555.0,126.17,122.2,123.0,1.0,96,put,2026-11-20,7730.990234375,2026-08-28T14:38:40.477756+00:00,reference-session last trade
SPXW261120P07560000,2026-08-07 19:59:27+00:00,7560.0,152.75,124.5,125.1,2.0,3,put,2026-11-20,7730.990234375,2026-08-28T14:38:40.477756+00:00,reference-session last trade
SPX261120P07565000,2026-08-21 18:50:50+00:00,7565.0,153.8,124.6,125.4,63.0,93,put,2026-11-20,7730.990234375,2026-08-28T14:38:40.477756+00:00,reference-session last trade
SPXW261120P07570000,2026-08-28 13:54:15+00:00,7570.0,128.5,126.7,127.3,3.0,14,put,2026-11-20,7730.990234375,2026-08-28T14:38:40.477756+00:00,reference-session last trade
SPXW261120P07575000,2026-08-21 19:56:35+00:00,7575.0,158.13,128.1,128.8,6.0,39,put,2026-11-20,7730.990234375,2026-08-28T14:38:40.477756+00:00,reference-session last trade
SPX261120P07580000,2026-08-28 14:16:01+00:00,7580.0,133.47,128.6,129.5,32.0,140,put,2026-11-20,7730.990234375,2026-08-28T14:38:40.477756+00:00,reference-session last trade
SPX261120P07585000,2026-08-28 13:36:25+00:00,7585.0,129.68,129.8,130.6,1.0,20,put,2026-11-20,7730.990234375,2026-08-28T14:38:40.477756+00:00,reference-session last trade
SPX261120P07590000,2026-08-28 14:04:18+00:00,7590.0,133.37,130.7,131.5,32.0,244,put,2026-11-20,7730.990234375,2026-08-28T14:38:40.477756+00:00,reference-session last trade
SPX261120P07595000,2026-08-25 19:53:38+00:00,7595.0,158.1,131.9,132.8,1.0,33,put,2026-11-20,7730.990234375,2026-08-28T14:38:40.477756+00:00,reference-session last trade
SPXW261120P07600000,2026-08-28 14:09:39+00:00,7600.0,137.41,135.1,135.9,10.0,679,put,2026-11-20,7730.990234375,2026-08-28T14:38:40.477756+00:00,reference-session last trade
SPX261120P07605000,2026-08-26 14:00:10+00:00,7605.0,158.39,133.8,134.9,8.0,211,put,2026-11-20,7730.990234375,2026-08-28T14:38:40.477756+00:00,reference-session last trade
SPXW261120P07610000,2026-08-28 13:54:15+00:00,7610.0,138.9,137.4,138.3,3.0,43,put,2026-11-20,7730.990234375,2026-08-28T14:38:40.477756+00:00,reference-session last trade
SPX261120P07615000,2026-08-21 17:31:25+00:00,7615.0,168.85,136.9,137.8,1.0,58,put,2026-11-20,7730.990234375,2026-08-28T14:38:40.477756+00:00,reference-session last trade
SPXW261120P07620000,2026-08-25 18:53:08+00:00,7620.0,167.2,139.3,140.0,10.0,57,put,2026-11-20,7730.990234375,2026-08-28T14:38:40.477756+00:00,reference-session last trade
SPX261120P07625000,2026-08-28 14:22:03+00:00,7625.0,140.83,139.2,140.2,16.0,1490,put,2026-11-20,7730.990234375,2026-08-28T14:38:40.477756+00:00,reference-session last trade
SPXW261120P07630000,2026-08-20 19:08:53+00:00,7630.0,186.98,142.8,143.4,35.0,104,put,2026-11-20,7730.990234375,2026-08-28T14:38:40.477756+00:00,reference-session last trade
SPX261120P07635000,2026-08-27 17:56:40+00:00,7635.0,147.38,142.9,143.9,1.0,104,put,2026-11-20,7730.990234375,2026-08-28T14:38:40.477756+00:00,reference-session last trade
SPXW261120P07640000,2026-08-27 18:19:39+00:00,7640.0,153.3,145.5,146.4,38.0,46,put,2026-11-20,7730.990234375,2026-08-28T14:38:40.477756+00:00,reference-session last trade
SPX261120P07645000,2026-08-26 20:01:08+00:00,7645.0,169.6,145.0,146.1,7.0,48,put,2026-11-20,7730.990234375,2026-08-28T14:38:40.477756+00:00,reference-session last trade
SPXW261120P07650000,2026-08-27 20:11:48+00:00,7650.0,154.0,148.5,149.1,3.0,216,put,2026-11-20,7730.990234375,2026-08-28T14:38:40.477756+00:00,reference-session last trade
SPX261120P07655000,2026-08-25 19:04:23+00:00,7655.0,178.7,148.8,149.8,19.0,65,put,2026-11-20,7730.990234375,2026-08-28T14:38:40.477756+00:00,reference-session last trade
SPX261120P07660000,2026-08-28 14:12:57+00:00,7660.0,156.12,150.4,151.3,10.0,59,put,2026-11-20,7730.990234375,2026-08-28T14:38:40.477756+00:00,reference-session last trade
SPX261120P07665000,2026-08-28 14:04:22+00:00,7665.0,154.4,152.4,153.4,8.0,39,put,2026-11-20,7730.990234375,2026-08-28T14:38:40.477756+00:00,reference-session last trade
SPX261120P07670000,2026-08-28 14:12:05+00:00,7670.0,159.38,153.5,154.4,14.0,130,put,2026-11-20,7730.990234375,2026-08-28T14:38:40.477756+00:00,reference-session last trade
SPX261120P07675000,2026-08-28 14:13:05+00:00,7675.0,161.68,154.4,155.4,12.0,378,put,2026-11-20,7730.990234375,2026-08-28T14:38:40.477756+00:00,reference-session last trade
SPX261120P07680000,2026-08-27 14:53:37+00:00,7680.0,165.05,156.9,157.9,35.0,181,put,2026-11-20,7730.990234375,2026-08-28T14:38:40.477756+00:00,reference-session last trade
SPX261120P07685000,2026-08-26 20:01:00+00:00,7685.0,183.6,157.6,158.6,4.0,98,put,2026-11-20,7730.990234375,2026-08-28T14:38:40.477756+00:00,reference-session last trade
SPXW261120P07690000,2026-08-27 17:42:18+00:00,7690.0,164.5,160.2,161.0,1.0,52,put,2026-11-20,7730.990234375,2026-08-28T14:38:40.477756+00:00,reference-session last trade
SPX261120P07695000,2026-08-27 14:05:29+00:00,7695.0,175.48,161.8,162.8,2.0,28,put,2026-11-20,7730.990234375,2026-08-28T14:38:40.477756+00:00,reference-session last trade
SPX261120P07700000,2026-08-28 14:20:27+00:00,7700.0,164.0,163.5,164.4,45.0,7883,put,2026-11-20,7730.990234375,2026-08-28T14:38:40.477756+00:00,reference-session last trade
SPX261120P07705000,2026-08-27 14:05:29+00:00,7705.0,179.13,164.8,165.9,2.0,64,put,2026-11-20,7730.990234375,2026-08-28T14:38:40.477756+00:00,reference-session last trade
SPX261120P07710000,2026-08-27 13:30:25+00:00,7710.0,183.7,166.9,167.9,32.0,132,put,2026-11-20,7730.990234375,2026-08-28T14:38:40.477756+00:00,reference-session last trade
SPX261120P07715000,2026-08-26 20:00:56+00:00,7715.0,195.9,167.4,168.5,2.0,32,put,2026-11-20,7730.990234375,2026-08-28T14:38:40.477756+00:00,reference-session last trade
SPX261120P07720000,2026-08-28 14:12:08+00:00,7720.0,176.67,169.2,170.3,20.0,194,put,2026-11-20,7730.990234375,2026-08-28T14:38:40.477756+00:00,reference-session last trade
SPXW261120P07725000,2026-08-27 15:28:04+00:00,7725.0,180.22,172.9,173.7,5.0,70,put,2026-11-20,7730.990234375,2026-08-28T14:38:40.477756+00:00,reference-session last trade
SPXW261120P07730000,2026-08-28 14:03:33+00:00,7730.0,176.9,173.8,174.6,6.0,74,put,2026-11-20,7730.990234375,2026-08-28T14:38:40.477756+00:00,reference-session last trade
SPX261120P07735000,2026-08-27 17:32:42+00:00,7735.0,178.15,175.1,176.2,12.0,27,put,2026-11-20,7730.990234375,2026-08-28T14:38:40.477756+00:00,reference-session last trade
SPX261120P07740000,2026-08-28 14:19:26+00:00,7740.0,179.16,178.1,179.1,24.0,139,put,2026-11-20,7730.990234375,2026-08-28T14:38:40.477756+00:00,reference-session last trade
SPX261120P07745000,2026-08-26 20:01:01+00:00,7745.0,207.1,178.8,179.9,4.0,379,put,2026-11-20,7730.990234375,2026-08-28T14:38:40.477756+00:00,reference-session last trade
SPX261120P07750000,2026-08-28 14:01:38+00:00,7750.0,181.66,179.9,181.0,14.0,3248,put,2026-11-20,7730.990234375,2026-08-28T14:38:40.477756+00:00,reference-session last trade
SPX261120P07755000,2026-08-18 15:55:26+00:00,7755.0,219.6,183.0,184.0,1.0,15,put,2026-11-20,7730.990234375,2026-08-28T14:38:40.477756+00:00,reference-session last trade
SPXW261120P07760000,2026-08-28 13:45:02+00:00,7760.0,185.27,185.8,186.5,2.0,33,put,2026-11-20,7730.990234375,2026-08-28T14:38:40.477756+00:00,reference-session last trade
SPXW261120P07765000,2026-08-24 15:49:22+00:00,7765.0,229.99,186.9,187.5,,1,put,2026-11-20,7730.990234375,2026-08-28T14:38:40.477756+00:00,reference-session last trade
SPXW261120P07770000,2026-08-27 13:45:03+00:00,7770.0,205.03,190.2,191.1,1.0,16,put,2026-11-20,7730.990234375,2026-08-28T14:38:40.477756+00:00,reference-session last trade
SPXW261120P07775000,2026-08-21 16:53:19+00:00,7775.0,230.03,192.9,193.6,3.0,127,put,2026-11-20,7730.990234375,2026-08-28T14:38:40.477756+00:00,reference-session last trade
SPX261120P07780000,2026-08-27 17:07:09+00:00,7780.0,195.27,193.2,194.2,20.0,37,put,2026-11-20,7730.990234375,2026-08-28T14:38:40.477756+00:00,reference-session last trade
SPX261120P07785000,2026-08-18 19:12:44+00:00,7785.0,232.73,193.8,194.9,50.0,57,put,2026-11-20,7730.990234375,2026-08-28T14:38:40.477756+00:00,reference-session last trade
SPXW261120P07790000,2026-08-27 14:07:53+00:00,7790.0,215.45,198.1,198.9,1.0,22,put,2026-11-20,7730.990234375,2026-08-28T14:38:40.477756+00:00,reference-session last trade
SPX261120P07795000,2026-08-18 15:42:58+00:00,7795.0,237.69,199.0,200.1,2.0,26,put,2026-11-20,7730.990234375,2026-08-28T14:38:40.477756+00:00,reference-session last trade
SPXW261120P07800000,2026-08-28 13:45:02+00:00,7800.0,201.32,201.0,201.9,1.0,78,put,2026-11-20,7730.990234375,2026-08-28T14:38:40.477756+00:00,reference-session last trade
SPX261120P07805000,2026-08-20 14:17:43+00:00,7805.0,248.3,203.2,204.4,163.0,402,put,2026-11-20,7730.990234375,2026-08-28T14:38:40.477756+00:00,reference-session last trade
SPXW261120P07810000,2026-08-26 16:38:47+00:00,7810.0,247.28,205.2,206.1,4.0,34,put,2026-11-20,7730.990234375,2026-08-28T14:38:40.477756+00:00,reference-session last trade
SPX261120P07815000,2026-08-21 17:54:33+00:00,7815.0,247.5,207.6,208.7,5.0,128,put,2026-11-20,7730.990234375,2026-08-28T14:38:40.477756+00:00,reference-session last trade
SPX261120P07820000,2026-08-20 13:57:09+00:00,7820.0,248.72,209.7,210.8,26.0,90,put,2026-11-20,7730.990234375,2026-08-28T14:38:40.477756+00:00,reference-session last trade
SPX261120P07825000,2026-08-27 16:50:44+00:00,7825.0,214.5,212.0,213.0,4.0,984,put,2026-11-20,7730.990234375,2026-08-28T14:38:40.477756+00:00,reference-session last trade
SPX261120P07830000,2026-08-27 19:39:40+00:00,7830.0,220.96,212.9,213.9,50.0,130,put,2026-11-20,7730.990234375,2026-08-28T14:38:40.477756+00:00,reference-session last trade
SPX261120P07835000,2026-08-21 18:32:22+00:00,7835.0,260.1,216.5,217.7,6.0,19,put,2026-11-20,7730.990234375,2026-08-28T14:38:40.477756+00:00,reference-session last trade
SPX261120P07840000,2026-08-21 17:00:23+00:00,7840.0,256.7,218.8,220.0,6.0,62,put,2026-11-20,7730.990234375,2026-08-28T14:38:40.477756+00:00,reference-session last trade
SPX261120P07845000,2026-08-25 18:56:13+00:00,7845.0,258.53,221.0,222.1,15.0,286,put,2026-11-20,7730.990234375,2026-08-28T14:38:40.477756+00:00,reference-session last trade
SPX261120P07850000,2026-08-27 14:30:55+00:00,7850.0,238.56,223.5,224.6,3.0,672,put,2026-11-20,7730.990234375,2026-08-28T14:38:40.477756+00:00,reference-session last trade
SPX261120P07855000,2026-08-13 18:16:13+00:00,7855.0,230.0,224.8,226.0,,2,put,2026-11-20,7730.990234375,2026-08-28T14:38:40.477756+00:00,reference-session last trade
SPX261120P07860000,2026-08-20 16:57:07+00:00,7860.0,268.4,227.6,228.7,1.0,321,put,2026-11-20,7730.990234375,2026-08-28T14:38:40.477756+00:00,reference-session last trade
SPX261120P07865000,2026-08-20 08:36:50+00:00,7865.0,260.9,231.0,232.1,6.0,470,put,2026-11-20,7730.990234375,2026-08-28T14:38:40.477756+00:00,reference-session last trade
SPX261120P07870000,2026-08-27 16:51:38+00:00,7870.0,235.3,231.7,233.0,6.0,31,put,2026-11-20,7730.990234375,2026-08-28T14:38:40.477756+00:00,reference-session last trade
SPXW261120P07875000,2026-08-21 19:08:14+00:00,7875.0,276.24,235.8,236.7,1.0,6,put,2026-11-20,7730.990234375,2026-08-28T14:38:40.477756+00:00,reference-session last trade
SPXW261120P07880000,2026-08-13 17:23:45+00:00,7880.0,241.8,239.2,240.0,,16,put,2026-11-20,7730.990234375,2026-08-28T14:38:40.477756+00:00,reference-session last trade
SPXW261120P07890000,2026-08-20 16:56:43+00:00,7890.0,286.0,243.6,244.5,,7,put,2026-11-20,7730.990234375,2026-08-28T14:38:40.477756+00:00,reference-session last trade
SPX261120P07900000,2026-08-27 14:02:22+00:00,7900.0,268.5,249.1,250.2,1.0,1321,put,2026-11-20,7730.990234375,2026-08-28T14:38:40.477756+00:00,reference-session last trade
SPX261120P07910000,2026-08-24 15:30:27+00:00,7910.0,307.48,251.9,252.9,6.0,30,put,2026-11-20,7730.990234375,2026-08-28T14:38:40.477756+00:00,reference-session last trade
SPX261120P07920000,2026-08-26 14:28:13+00:00,7920.0,305.48,257.3,258.6,2.0,13,put,2026-11-20,7730.990234375,2026-08-28T14:38:40.477756+00:00,reference-session last trade
SPX261120P07925000,2026-08-24 16:15:06+00:00,7925.0,309.88,259.8,260.9,2.0,18,put,2026-11-20,7730.990234375,2026-08-28T14:38:40.477756+00:00,reference-session last trade
SPX261120P07930000,2026-08-26 16:10:56+00:00,7930.0,309.3,262.6,263.7,1.0,10,put,2026-11-20,7730.990234375,2026-08-28T14:38:40.477756+00:00,reference-session last trade
SPX261120P07940000,2026-08-24 16:00:24+00:00,7940.0,318.0,268.2,269.4,2.0,5,put,2026-11-20,7730.990234375,2026-08-28T14:38:40.477756+00:00,reference-session last trade
SPX261120P07950000,2026-08-26 16:40:12+00:00,7950.0,327.67,275.0,276.2,1.0,57,put,2026-11-20,7730.990234375,2026-08-28T14:38:40.477756+00:00,reference-session last trade
SPX261120P07960000,2026-08-24 15:47:49+00:00,7960.0,331.32,281.2,282.3,2.0,6,put,2026-11-20,7730.990234375,2026-08-28T14:38:40.477756+00:00,reference-session last trade
SPX261120P07970000,2026-08-26 16:00:07+00:00,7970.0,332.39,287.1,288.3,1.0,32,put,2026-11-20,7730.990234375,2026-08-28T14:38:40.477756+00:00,reference-session last trade
SPX261120P07975000,2026-08-24 15:34:29+00:00,7975.0,345.43,289.3,290.6,1.0,7,put,2026-11-20,7730.990234375,2026-08-28T14:38:40.477756+00:00,reference-session last trade
SPX261120P07980000,2026-08-26 16:09:21+00:00,7980.0,339.93,293.9,295.1,1.0,71,put,2026-11-20,7730.990234375,2026-08-28T14:38:40.477756+00:00,reference-session last trade
SPX261120P07990000,2026-08-27 13:43:11+00:00,7990.0,323.27,297.5,298.6,5.0,5,put,2026-11-20,7730.990234375,2026-08-28T14:38:40.477756+00:00,reference-session last trade
SPXW261120P08000000,2026-08-26 19:00:55+00:00,8000.0,342.2,306.6,307.5,3.0,52,put,2026-11-20,7730.990234375,2026-08-28T14:38:40.477756+00:00,reference-session last trade
SPX261120P08010000,2026-08-24 15:50:37+00:00,8010.0,365.23,311.7,313.0,1.0,0,put,2026-11-20,7730.990234375,2026-08-28T14:38:40.477756+00:00,reference-session last trade
SPX261120P08020000,2026-08-26 16:05:57+00:00,8020.0,366.76,316.8,318.0,2.0,6,put,2026-11-20,7730.990234375,2026-08-28T14:38:40.477756+00:00,reference-session last trade
SPXW261120P08025000,2026-08-19 19:35:25+00:00,8025.0,342.2,320.8,321.9,,7,put,2026-11-20,7730.990234375,2026-08-28T14:38:40.477756+00:00,reference-session last trade
SPX261120P08030000,2026-08-26 15:14:19+00:00,8030.0,367.08,321.9,323.3,1.0,1,put,2026-11-20,7730.990234375,2026-08-28T14:38:40.477756+00:00,reference-session last trade
SPX261120P08040000,2026-08-24 16:13:12+00:00,8040.0,385.21,331.6,332.8,1.0,3,put,2026-11-20,7730.990234375,2026-08-28T14:38:40.477756+00:00,reference-session last trade
SPXW261120P08050000,2026-08-20 15:46:17+00:00,8050.0,390.38,338.4,339.3,2.0,12,put,2026-11-20,7730.990234375,2026-08-28T14:38:40.477756+00:00,reference-session last trade
SPXW261120P08060000,2026-08-13 19:11:33+00:00,8060.0,327.8,343.5,347.2,,10,put,2026-11-20,7730.990234375,2026-08-28T14:38:40.477756+00:00,reference-session last trade
SPXW261120P08070000,2026-08-13 15:27:42+00:00,8070.0,340.1,350.7,354.1,23.0,22,put,2026-11-20,7730.990234375,2026-08-28T14:38:40.477756+00:00,reference-session last trade
SPXW261120P08075000,2026-08-13 15:19:23+00:00,8075.0,341.8,354.7,358.1,5.0,16,put,2026-11-20,7730.990234375,2026-08-28T14:38:40.477756+00:00,reference-session last trade
SPXW261120P08080000,2026-08-13 15:14:12+00:00,8080.0,343.8,357.5,360.9,,13,put,2026-11-20,7730.990234375,2026-08-28T14:38:40.477756+00:00,reference-session last trade
SPXW261120P08090000,2026-08-17 15:11:51+00:00,8090.0,355.4,363.9,367.4,8.0,4,put,2026-11-20,7730.990234375,2026-08-28T14:38:40.477756+00:00,reference-session last trade
SPX261120P08100000,2026-08-26 19:11:09+00:00,8100.0,409.85,371.2,372.7,1.0,13,put,2026-11-20,7730.990234375,2026-08-28T14:38:40.477756+00:00,reference-session last trade
SPXW261120P08110000,2026-08-17 15:16:06+00:00,8110.0,367.3,375.2,380.8,,3,put,2026-11-20,7730.990234375,2026-08-28T14:38:40.477756+00:00,reference-session last trade
SPXW261120P08120000,2026-08-17 14:59:55+00:00,8120.0,376.2,385.2,390.7,6.0,6,put,2026-11-20,7730.990234375,2026-08-28T14:38:40.477756+00:00,reference-session last trade
SPX261120P08125000,2026-08-12 13:59:26+00:00,8125.0,399.25,387.0,392.0,,24,put,2026-11-20,7730.990234375,2026-08-28T14:38:40.477756+00:00,reference-session last trade
SPX261120P08130000,2026-08-24 14:28:31+00:00,8130.0,465.72,390.6,396.2,3.0,4,put,2026-11-20,7730.990234375,2026-08-28T14:38:40.477756+00:00,reference-session last trade
SPXW261120P08140000,2026-08-17 13:35:32+00:00,8140.0,387.4,392.1,411.8,2.0,13,put,2026-11-20,7730.990234375,2026-08-28T14:38:40.477756+00:00,reference-session last trade
SPX261120P08150000,2026-08-13 12:51:22+00:00,8150.0,404.57,404.2,409.3,5.0,33,put,2026-11-20,7730.990234375,2026-08-28T14:38:40.477756+00:00,reference-session last trade
SPX261120P08170000,2026-08-12 14:28:06+00:00,8170.0,426.18,419.3,424.6,,2,put,2026-11-20,7730.990234375,2026-08-28T14:38:40.477756+00:00,reference-session last trade
SPXW261120P08200000,2026-08-24 18:22:09+00:00,8200.0,508.64,443.9,449.8,10.0,12,put,2026-11-20,7730.990234375,2026-08-28T14:38:40.477756+00:00,reference-session last trade
SPX261120P08225000,2026-06-09 17:48:23+00:00,8225.0,821.15,603.7,606.2,37.0,25,put,2026-11-20,7730.990234375,2026-08-28T14:38:40.477756+00:00,reference-session last trade
SPX261120P08250000,2026-08-11 18:10:19+00:00,8250.0,504.43,486.0,491.4,14.0,37,put,2026-11-20,7730.990234375,2026-08-28T14:38:40.477756+00:00,reference-session last trade
SPX261120P08275000,2026-06-02 19:06:41+00:00,8275.0,642.3,739.3,742.1,,0,put,2026-11-20,7730.990234375,2026-08-28T14:38:40.477756+00:00,reference-session last trade
SPXW261120P08300000,2026-08-19 13:45:06+00:00,8300.0,544.42,524.9,532.6,6.0,56,put,2026-11-20,7730.990234375,2026-08-28T14:38:40.477756+00:00,reference-session last trade
SPX261120P08325000,2026-08-12 13:53:48+00:00,8325.0,542.52,545.9,551.4,,500,put,2026-11-20,7730.990234375,2026-08-28T14:38:40.477756+00:00,reference-session last trade
SPX261120P08350000,2026-07-07 16:26:48+00:00,8350.0,759.47,0.0,0.0,,0,put,2026-11-20,7730.990234375,2026-08-28T14:38:40.477756+00:00,reference-session last trade
SPX261120P08400000,2025-11-10 14:50:39+00:00,8400.0,1365.5,1264.6,1268.4,1.0,2,put,2026-11-20,7730.990234375,2026-08-28T14:38:40.477756+00:00,reference-session last trade
SPXW261120P08500000,2026-08-11 18:03:26+00:00,8500.0,711.0,697.5,717.5,,1,put,2026-11-20,7730.990234375,2026-08-28T14:38:40.477756+00:00,reference-session last trade
SPX261120P08525000,2026-08-10 17:41:47+00:00,8525.0,717.09,721.5,742.0,,1,put,2026-11-20,7730.990234375,2026-08-28T14:38:40.477756+00:00,reference-session last trade
SPX261120P08550000,2026-06-17 18:00:55+00:00,8550.0,952.07,1037.5,1041.8,,2,put,2026-11-20,7730.990234375,2026-08-28T14:38:40.477756+00:00,reference-session last trade
SPX261120P08600000,2026-08-10 18:53:14+00:00,8600.0,783.27,791.3,811.3,1.0,2,put,2026-11-20,7730.990234375,2026-08-28T14:38:40.477756+00:00,reference-session last trade
SPX261120P08700000,2026-08-21 15:16:51+00:00,8700.0,954.69,889.4,909.9,1.0,1,put,2026-11-20,7730.990234375,2026-08-28T14:38:40.477756+00:00,reference-session last trade
SPX261120P08725000,2026-08-05 14:58:28+00:00,8725.0,895.78,913.4,932.5,,1,put,2026-11-20,7730.990234375,2026-08-28T14:38:40.477756+00:00,reference-session last trade
SPX261120P08750000,2026-08-05 14:58:28+00:00,8750.0,919.08,941.2,960.9,,1,put,2026-11-20,7730.990234375,2026-08-28T14:38:40.477756+00:00,reference-session last trade
SPX261120P08800000,2026-07-16 19:20:35+00:00,8800.0,1171.1,0.0,0.0,2.0,0,put,2026-11-20,7730.990234375,2026-08-28T14:38:40.477756+00:00,reference-session last trade
SPXW261120P08850000,2026-08-19 19:43:11+00:00,8850.0,1059.92,1036.5,1055.8,,18,put,2026-11-20,7730.990234375,2026-08-28T14:38:40.477756+00:00,reference-session last trade
SPXW261120P08900000,2026-08-19 19:43:11+00:00,8900.0,1109.23,1085.6,1107.6,,18,put,2026-11-20,7730.990234375,2026-08-28T14:38:40.477756+00:00,reference-session last trade
SPX261120P09000000,2026-08-24 16:02:37+00:00,9000.0,1260.54,1185.6,1205.8,6.0,2010,put,2026-11-20,7730.990234375,2026-08-28T14:38:40.477756+00:00,reference-session last trade
SPXW261120P09200000,2026-08-11 14:10:37+00:00,9200.0,1352.95,1381.5,1400.5,1.0,0,put,2026-11-20,7730.990234375,2026-08-28T14:38:40.477756+00:00,reference-session last trade
SPXW261120P09300000,2026-08-11 14:10:37+00:00,9300.0,1451.25,1480.4,1502.2,1.0,0,put,2026-11-20,7730.990234375,2026-08-28T14:38:40.477756+00:00,reference-session last trade
SPX261120P09400000,2026-06-03 17:53:03+00:00,9400.0,1681.04,1770.0,1790.6,,0,put,2026-11-20,7730.990234375,2026-08-28T14:38:40.477756+00:00,reference-session last trade
SPX261120P09500000,2026-08-21 15:16:56+00:00,9500.0,1741.85,1677.6,1698.1,1.0,1,put,2026-11-20,7730.990234375,2026-08-28T14:38:40.477756+00:00,reference-session last trade
SPX261120P09600000,2026-06-17 16:47:22+00:00,9600.0,1934.72,2058.0,2082.0,,18,put,2026-11-20,7730.990234375,2026-08-28T14:38:40.477756+00:00,reference-session last trade
SPX261120P09800000,2026-06-01 17:00:32+00:00,9800.0,2046.44,2204.5,2216.2,,0,put,2026-11-20,7730.990234375,2026-08-28T14:38:40.477756+00:00,reference-session last trade
SPXW261120P10000000,2026-07-01 17:12:01+00:00,10000.0,2352.0,0.0,0.0,,0,put,2026-11-20,7730.990234375,2026-08-28T14:38:40.477756+00:00,reference-session last trade
SPX261120P10200000,2026-08-21 18:17:59+00:00,10200.0,2437.78,2370.6,2391.1,2.0,2,put,2026-11-20,7730.990234375,2026-08-28T14:38:40.477756+00:00,reference-session last trade
SPXW261120P10400000,2026-07-17 16:38:00+00:00,10400.0,2787.95,0.0,0.0,2.0,0,put,2026-11-20,7730.990234375,2026-08-28T14:38:40.477756+00:00,reference-session last trade
SPX270219C00200000,2026-08-27 14:40:15+00:00,200.0,7487.26,7498.9,7519.4,1.0,67,call,2027-02-19,7730.990234375,2026-08-28T14:38:40.477756+00:00,reference-session last trade
SPX270219C00400000,2026-08-27 18:23:01+00:00,400.0,7298.07,7302.6,7321.8,2.0,72,call,2027-02-19,7730.990234375,2026-08-28T14:38:40.477756+00:00,reference-session last trade
SPX270219C00600000,2026-08-26 13:47:39+00:00,600.0,7061.45,7107.6,7128.1,1.0,70,call,2027-02-19,7730.990234375,2026-08-28T14:38:40.477756+00:00,reference-session last trade
SPX270219C00800000,2026-08-25 19:39:34+00:00,800.0,6856.57,6911.2,6930.3,132.0,205,call,2027-02-19,7730.990234375,2026-08-28T14:38:40.477756+00:00,reference-session last trade
SPX270219C01000000,2026-08-26 13:45:49+00:00,1000.0,6672.65,6715.6,6734.7,1.0,6,call,2027-02-19,7730.990234375,2026-08-28T14:38:40.477756+00:00,reference-session last trade
SPX270219C01400000,2026-06-26 13:58:19+00:00,1400.0,5950.4,0.0,0.0,4.0,0,call,2027-02-19,7730.990234375,2026-08-28T14:38:40.477756+00:00,reference-session last trade
SPX270219C02000000,2026-08-27 19:46:08+00:00,2000.0,5737.3,5738.4,5759.8,1.0,11,call,2027-02-19,7730.990234375,2026-08-28T14:38:40.477756+00:00,reference-session last trade
SPX270219C02600000,2026-06-18 14:41:16+00:00,2600.0,4940.12,4839.7,4863.7,,0,call,2027-02-19,7730.990234375,2026-08-28T14:38:40.477756+00:00,reference-session last trade
SPX270219C03200000,2026-08-27 14:40:15+00:00,3200.0,4554.96,4567.7,4588.9,1.0,28,call,2027-02-19,7730.990234375,2026-08-28T14:38:40.477756+00:00,reference-session last trade
SPX270219C03400000,2026-04-09 13:52:31+00:00,3400.0,3462.46,0.0,0.0,1.0,10,call,2027-02-19,7730.990234375,2026-08-28T14:38:40.477756+00:00,reference-session last trade
SPX270219C03500000,2026-06-26 13:57:56+00:00,3500.0,3925.1,0.0,0.0,19.0,0,call,2027-02-19,7730.990234375,2026-08-28T14:38:40.477756+00:00,reference-session last trade
SPX270219C04000000,2026-03-10 13:46:16+00:00,4000.0,2909.86,3222.4,3252.4,,1,call,2027-02-19,7730.990234375,2026-08-28T14:38:40.477756+00:00,reference-session last trade
SPX270219C04300000,2026-07-15 15:53:10+00:00,4300.0,3345.83,0.0,0.0,2.0,0,call,2027-02-19,7730.990234375,2026-08-28T14:38:40.477756+00:00,reference-session last trade
SPX270219C04500000,2026-06-23 19:59:59+00:00,4500.0,3002.36,3018.0,3024.5,,1,call,2027-02-19,7730.990234375,2026-08-28T14:38:40.477756+00:00,reference-session last trade
SPX270219C04650000,2026-08-21 16:16:38+00:00,4650.0,3120.5,3158.3,3177.9,4.0,1,call,2027-02-19,7730.990234375,2026-08-28T14:38:40.477756+00:00,reference-session last trade
SPX270219C04700000,2026-08-14 19:19:01+00:00,4700.0,3170.41,3111.1,3132.6,,2800,call,2027-02-19,7730.990234375,2026-08-28T14:38:40.477756+00:00,reference-session last trade
SPX270219C04750000,2026-08-14 19:19:01+00:00,4750.0,3122.16,3065.0,3085.5,,2800,call,2027-02-19,7730.990234375,2026-08-28T14:38:40.477756+00:00,reference-session last trade
SPX270219C04800000,2026-08-19 19:21:04+00:00,4800.0,3012.78,3014.3,3034.8,,1,call,2027-02-19,7730.990234375,2026-08-28T14:38:40.477756+00:00,reference-session last trade
SPX270219C04975000,2026-07-24 18:53:04+00:00,4975.0,2559.46,0.0,0.0,,0,call,2027-02-19,7730.990234375,2026-08-28T14:38:40.477756+00:00,reference-session last trade
SPX270219C05000000,2026-08-26 16:38:53+00:00,5000.0,2761.32,2823.5,2844.3,1.0,1233,call,2027-02-19,7730.990234375,2026-08-28T14:38:40.477756+00:00,reference-session last trade
SPX270219C05025000,2026-03-17 14:25:05+00:00,5025.0,1937.71,2268.4,2298.4,,1,call,2027-02-19,7730.990234375,2026-08-28T14:38:40.477756+00:00,reference-session last trade
SPX270219C05075000,2026-08-05 15:23:58+00:00,5075.0,2786.54,2748.0,2767.8,,1,call,2027-02-19,7730.990234375,2026-08-28T14:38:40.477756+00:00,reference-session last trade
SPX270219C05125000,2026-08-17 13:37:17+00:00,5125.0,2758.53,2703.0,2722.4,1.0,1,call,2027-02-19,7730.990234375,2026-08-28T14:38:40.477756+00:00,reference-session last trade
SPX270219C05200000,2026-08-25 19:45:19+00:00,5200.0,2577.81,2628.9,2649.4,1.0,11,call,2027-02-19,7730.990234375,2026-08-28T14:38:40.477756+00:00,reference-session last trade
SPX270219C05275000,2026-05-05 13:52:38+00:00,5275.0,2164.9,2301.3,2309.9,1.0,1,call,2027-02-19,7730.990234375,2026-08-28T14:38:40.477756+00:00,reference-session last trade
SPX270219C05400000,2026-03-03 14:51:10+00:00,5400.0,1637.81,1463.4,1470.0,,0,call,2027-02-19,7730.990234375,2026-08-28T14:38:40.477756+00:00,reference-session last trade
SPX270219C05500000,2026-06-17 18:05:05+00:00,5500.0,2152.87,2074.5,2079.3,2.0,10,call,2027-02-19,7730.990234375,2026-08-28T14:38:40.477756+00:00,reference-session last trade
SPX270219C05800000,2026-03-31 15:20:36+00:00,5800.0,1048.66,1801.3,1809.1,,0,call,2027-02-19,7730.990234375,2026-08-28T14:38:40.477756+00:00,reference-session last trade
SPX270219C05850000,2026-03-30 18:47:18+00:00,5850.0,955.32,1757.4,1764.9,,0,call,2027-02-19,7730.990234375,2026-08-28T14:38:40.477756+00:00,reference-session last trade
SPX270219C05875000,2026-02-19 16:24:59+00:00,5875.0,1343.7,1086.1,1091.7,,0,call,2027-02-19,7730.990234375,2026-08-28T14:38:40.477756+00:00,reference-session last trade
SPX270219C05900000,2026-03-04 15:28:29+00:00,5900.0,1318.72,1067.4,1072.9,1.0,0,call,2027-02-19,7730.990234375,2026-08-28T14:38:40.477756+00:00,reference-session last trade
SPX270219C05925000,2026-03-13 16:25:38+00:00,5925.0,1134.9,1485.3,1491.2,1.0,1,call,2027-02-19,7730.990234375,2026-08-28T14:38:40.477756+00:00,reference-session last trade
SPX270219C05950000,2026-03-05 18:18:59+00:00,5950.0,1214.75,1029.6,1035.1,1.0,0,call,2027-02-19,7730.990234375,2026-08-28T14:38:40.477756+00:00,reference-session last trade
SPX270219C05975000,2026-08-14 16:10:06+00:00,5975.0,1958.06,1893.1,1910.4,2.0,6,call,2027-02-19,7730.990234375,2026-08-28T14:38:40.477756+00:00,reference-session last trade
SPX270219C06000000,2026-08-27 16:26:59+00:00,6000.0,1865.03,1866.9,1885.2,3.0,4136,call,2027-02-19,7730.990234375,2026-08-28T14:38:40.477756+00:00,reference-session last trade
SPX270219C06025000,2026-08-10 15:13:57+00:00,6025.0,1893.92,1843.8,1864.3,1.0,4,call,2027-02-19,7730.990234375,2026-08-28T14:38:40.477756+00:00,reference-session last trade
SPX270219C06050000,2026-08-26 19:14:41+00:00,6050.0,1785.61,1819.7,1840.1,1.0,1,call,2027-02-19,7730.990234375,2026-08-28T14:38:40.477756+00:00,reference-session last trade
SPX270219C06075000,2026-08-03 19:52:43+00:00,6075.0,1707.54,1796.9,1817.4,1.0,1,call,2027-02-19,7730.990234375,2026-08-28T14:38:40.477756+00:00,reference-session last trade
SPX270219C06100000,2026-08-19 17:15:18+00:00,6100.0,1777.53,1772.9,1793.4,2.0,62,call,2027-02-19,7730.990234375,2026-08-28T14:38:40.477756+00:00,reference-session last trade
SPX270219C06125000,2026-04-10 19:28:28+00:00,6125.0,1070.84,1544.5,1550.3,2.0,32,call,2027-02-19,7730.990234375,2026-08-28T14:38:40.477756+00:00,reference-session last trade
SPX270219C06150000,2026-04-07 15:30:53+00:00,6150.0,869.36,1521.9,1527.7,4.0,27,call,2027-02-19,7730.990234375,2026-08-28T14:38:40.477756+00:00,reference-session last trade
SPX270219C06175000,2026-08-25 16:22:34+00:00,6175.0,1658.23,1705.7,1723.2,2.0,2,call,2027-02-19,7730.990234375,2026-08-28T14:38:40.477756+00:00,reference-session last trade
SPX270219C06200000,2026-08-05 15:52:34+00:00,6200.0,1715.93,1678.4,1698.6,1.0,69,call,2027-02-19,7730.990234375,2026-08-28T14:38:40.477756+00:00,reference-session last trade
SPX270219C06225000,2026-08-18 19:19:44+00:00,6225.0,1644.46,1655.1,1675.8,1.0,1,call,2027-02-19,7730.990234375,2026-08-28T14:38:40.477756+00:00,reference-session last trade
SPX270219C06250000,2026-08-04 15:25:28+00:00,6250.0,1638.14,1632.8,1653.7,1.0,19,call,2027-02-19,7730.990234375,2026-08-28T14:38:40.477756+00:00,reference-session last trade
SPX270219C06275000,2026-04-27 13:36:35+00:00,6275.0,1225.96,1409.7,1416.2,5.0,10,call,2027-02-19,7730.990234375,2026-08-28T14:38:40.477756+00:00,reference-session last trade
SPX270219C06300000,2026-08-20 16:36:48+00:00,6300.0,1557.38,1585.5,1605.8,2.0,13,call,2027-02-19,7730.990234375,2026-08-28T14:38:40.477756+00:00,reference-session last trade
SPX270219C06325000,2026-06-17 19:08:29+00:00,6325.0,1428.05,1329.9,1334.1,1.0,10,call,2027-02-19,7730.990234375,2026-08-28T14:38:40.477756+00:00,reference-session last trade
SPX270219C06350000,2026-08-24 19:46:06+00:00,6350.0,1480.33,1540.6,1561.1,1.0,182,call,2027-02-19,7730.990234375,2026-08-28T14:38:40.477756+00:00,reference-session last trade
SPX270219C06375000,2026-08-27 13:57:39+00:00,6375.0,1493.21,1517.9,1537.9,4.0,9,call,2027-02-19,7730.990234375,2026-08-28T14:38:40.477756+00:00,reference-session last trade
SPX270219C06400000,2026-08-12 15:06:33+00:00,6400.0,1528.77,1494.9,1515.2,1.0,86,call,2027-02-19,7730.990234375,2026-08-28T14:38:40.477756+00:00,reference-session last trade
SPX270219C06425000,2026-04-15 16:08:43+00:00,6425.0,980.05,1274.2,1278.6,2.0,2,call,2027-02-19,7730.990234375,2026-08-28T14:38:40.477756+00:00,reference-session last trade
SPX270219C06450000,2026-08-13 15:06:51+00:00,6450.0,1531.67,1458.0,1464.9,2.0,57,call,2027-02-19,7730.990234375,2026-08-28T14:38:40.477756+00:00,reference-session last trade
SPX270219C06475000,2026-08-13 15:08:07+00:00,6475.0,1507.42,1435.8,1443.1,7.0,6,call,2027-02-19,7730.990234375,2026-08-28T14:38:40.477756+00:00,reference-session last trade
SPX270219C06500000,2026-08-26 19:31:35+00:00,6500.0,1369.95,1409.6,1417.1,2.0,245,call,2027-02-19,7730.990234375,2026-08-28T14:38:40.477756+00:00,reference-session last trade
SPX270219C06525000,2026-08-18 17:04:26+00:00,6525.0,1380.34,1389.3,1396.7,10.0,30,call,2027-02-19,7730.990234375,2026-08-28T14:38:40.477756+00:00,reference-session last trade
SPX270219C06550000,2026-07-23 16:29:45+00:00,6550.0,1140.61,0.0,0.0,1.0,0,call,2027-02-19,7730.990234375,2026-08-28T14:38:40.477756+00:00,reference-session last trade
SPX270219C06575000,2026-08-21 16:16:38+00:00,6575.0,1305.9,1344.7,1351.9,4.0,5,call,2027-02-19,7730.990234375,2026-08-28T14:38:40.477756+00:00,reference-session last trade
SPX270219C06600000,2026-04-13 18:30:21+00:00,6600.0,734.73,1149.0,1154.0,1.0,348,call,2027-02-19,7730.990234375,2026-08-28T14:38:40.477756+00:00,reference-session last trade
SPX270219C06625000,2026-07-17 15:15:01+00:00,6625.0,1125.31,0.0,0.0,2.0,0,call,2027-02-19,7730.990234375,2026-08-28T14:38:40.477756+00:00,reference-session last trade
SPX270219C06650000,2026-08-24 14:29:14+00:00,6650.0,1206.12,1273.7,1281.4,1.0,7,call,2027-02-19,7730.990234375,2026-08-28T14:38:40.477756+00:00,reference-session last trade
SPX270219C06675000,2026-07-17 15:16:10+00:00,6675.0,1082.76,0.0,0.0,2.0,0,call,2027-02-19,7730.990234375,2026-08-28T14:38:40.477756+00:00,reference-session last trade
SPX270219C06700000,2026-08-20 18:21:35+00:00,6700.0,1175.7,1231.9,1239.0,11.0,1629,call,2027-02-19,7730.990234375,2026-08-28T14:38:40.477756+00:00,reference-session last trade
SPX270219C06725000,2026-07-17 15:14:08+00:00,6725.0,1040.78,0.0,0.0,1.0,0,call,2027-02-19,7730.990234375,2026-08-28T14:38:40.477756+00:00,reference-session last trade
SPX270219C06750000,2026-08-26 16:24:20+00:00,6750.0,1130.75,1185.7,1192.7,1.0,573,call,2027-02-19,7730.990234375,2026-08-28T14:38:40.477756+00:00,reference-session last trade
SPX270219C06775000,2026-08-04 19:23:52+00:00,6775.0,1217.8,1165.1,1172.2,1.0,105,call,2027-02-19,7730.990234375,2026-08-28T14:38:40.477756+00:00,reference-session last trade
SPX270219C06800000,2026-08-21 19:34:31+00:00,6800.0,1102.22,1138.1,1145.3,10.0,3196,call,2027-02-19,7730.990234375,2026-08-28T14:38:40.477756+00:00,reference-session last trade
SPX270219C06825000,2026-07-27 17:05:56+00:00,6825.0,880.18,1120.0,1127.0,2.0,5436,call,2027-02-19,7730.990234375,2026-08-28T14:38:40.477756+00:00,reference-session last trade
SPX270219C06850000,2026-07-31 15:27:50+00:00,6850.0,877.13,1098.4,1105.1,2.0,4229,call,2027-02-19,7730.990234375,2026-08-28T14:38:40.477756+00:00,reference-session last trade
SPX270219C06875000,2026-07-31 14:16:03+00:00,6875.0,841.35,1072.4,1078.8,2.0,3850,call,2027-02-19,7730.990234375,2026-08-28T14:38:40.477756+00:00,reference-session last trade
SPX270219C06900000,2026-08-24 19:15:27+00:00,6900.0,997.28,1053.3,1060.1,10.0,8804,call,2027-02-19,7730.990234375,2026-08-28T14:38:40.477756+00:00,reference-session last trade
SPX270219C06925000,2026-07-28 15:44:55+00:00,6925.0,838.88,1032.7,1039.2,2.0,669,call,2027-02-19,7730.990234375,2026-08-28T14:38:40.477756+00:00,reference-session last trade
SPX270219C06950000,2026-07-29 17:24:43+00:00,6950.0,776.42,1007.0,1013.4,6.0,2567,call,2027-02-19,7730.990234375,2026-08-28T14:38:40.477756+00:00,reference-session last trade
SPX270219C06975000,2026-08-04 17:01:14+00:00,6975.0,1025.12,986.9,993.6,1.0,533,call,2027-02-19,7730.990234375,2026-08-28T14:38:40.477756+00:00,reference-session last trade
SPX270219C07000000,2026-08-27 14:39:13+00:00,7000.0,949.57,966.9,973.6,24.0,19060,call,2027-02-19,7730.990234375,2026-08-28T14:38:40.477756+00:00,reference-session last trade
SPX270219C07025000,2026-08-04 13:49:12+00:00,7025.0,908.87,945.1,951.8,2.0,68,call,2027-02-19,7730.990234375,2026-08-28T14:38:40.477756+00:00,reference-session last trade
SPX270219C07050000,2026-08-04 16:31:10+00:00,7050.0,948.06,923.7,930.3,6.0,275,call,2027-02-19,7730.990234375,2026-08-28T14:38:40.477756+00:00,reference-session last trade
SPX270219C07075000,2026-08-21 19:19:20+00:00,7075.0,867.42,901.3,907.9,1.0,476,call,2027-02-19,7730.990234375,2026-08-28T14:38:40.477756+00:00,reference-session last trade
SPX270219C07100000,2026-08-26 19:45:47+00:00,7100.0,844.53,881.3,887.3,13.0,550,call,2027-02-19,7730.990234375,2026-08-28T14:38:40.477756+00:00,reference-session last trade
SPX270219C07125000,2026-08-25 14:19:41+00:00,7125.0,818.42,858.1,864.9,2.0,167,call,2027-02-19,7730.990234375,2026-08-28T14:38:40.477756+00:00,reference-session last trade
SPX270219C07150000,2026-08-21 14:20:49+00:00,7150.0,796.06,839.5,845.9,4.0,59,call,2027-02-19,7730.990234375,2026-08-28T14:38:40.477756+00:00,reference-session last trade
SPX270219C07175000,2026-08-21 14:21:07+00:00,7175.0,774.53,818.5,825.5,36.0,100,call,2027-02-19,7730.990234375,2026-08-28T14:38:40.477756+00:00,reference-session last trade
SPX270219C07200000,2026-08-27 19:53:14+00:00,7200.0,791.03,798.4,804.7,1531.0,2624,call,2027-02-19,7730.990234375,2026-08-28T14:38:40.477756+00:00,reference-session last trade
SPX270219C07225000,2026-08-10 15:17:23+00:00,7225.0,835.92,778.0,784.9,2.0,437,call,2027-02-19,7730.990234375,2026-08-28T14:38:40.477756+00:00,reference-session last trade
SPX270219C07250000,2026-08-25 19:49:05+00:00,7250.0,714.47,758.2,764.4,2.0,457,call,2027-02-19,7730.990234375,2026-08-28T14:38:40.477756+00:00,reference-session last trade
SPX270219C07275000,2026-08-11 14:55:50+00:00,7275.0,795.14,737.7,743.6,2.0,111,call,2027-02-19,7730.990234375,2026-08-28T14:38:40.477756+00:00,reference-session last trade
SPX270219C07300000,2026-08-27 19:38:59+00:00,7300.0,707.58,714.9,721.4,68.0,1906,call,2027-02-19,7730.990234375,2026-08-28T14:38:40.477756+00:00,reference-session last trade
SPX270219C07325000,2026-07-31 14:16:03+00:00,7325.0,503.7,697.8,699.5,4.0,611,call,2027-02-19,7730.990234375,2026-08-28T14:38:40.477756+00:00,reference-session last trade
SPX270219C07350000,2026-08-27 16:44:24+00:00,7350.0,678.13,679.7,681.5,1.0,2053,call,2027-02-19,7730.990234375,2026-08-28T14:38:40.477756+00:00,reference-session last trade
SPX270219C07375000,2026-08-27 16:32:02+00:00,7375.0,653.03,658.7,660.4,2.0,211,call,2027-02-19,7730.990234375,2026-08-28T14:38:40.477756+00:00,reference-session last trade
SPX270219C07400000,2026-08-27 19:43:15+00:00,7400.0,628.58,639.2,641.1,46.0,2920,call,2027-02-19,7730.990234375,2026-08-28T14:38:40.477756+00:00,reference-session last trade
SPX270219C07425000,2026-08-19 14:09:49+00:00,7425.0,630.33,619.7,621.8,2.0,84,call,2027-02-19,7730.990234375,2026-08-28T14:38:40.477756+00:00,reference-session last trade
SPX270219C07450000,2026-08-21 19:19:20+00:00,7450.0,570.77,599.6,601.6,1.0,4028,call,2027-02-19,7730.990234375,2026-08-28T14:38:40.477756+00:00,reference-session last trade
SPX270219C07475000,2026-08-05 08:13:40+00:00,7475.0,648.58,580.0,585.7,1.0,217,call,2027-02-19,7730.990234375,2026-08-28T14:38:40.477756+00:00,reference-session last trade
SPX270219C07500000,2026-08-24 19:48:07+00:00,7500.0,514.17,561.7,564.0,1.0,4266,call,2027-02-19,7730.990234375,2026-08-28T14:38:40.477756+00:00,reference-session last trade
SPX270219C07525000,2026-08-25 16:22:34+00:00,7525.0,507.73,545.7,547.6,2.0,558,call,2027-02-19,7730.990234375,2026-08-28T14:38:40.477756+00:00,reference-session last trade
SPX270219C07550000,2026-08-24 13:30:02+00:00,7550.0,485.96,525.7,527.6,15.0,1515,call,2027-02-19,7730.990234375,2026-08-28T14:38:40.477756+00:00,reference-session last trade
SPX270219C07575000,2026-08-25 14:19:41+00:00,7575.0,474.15,509.4,511.5,4.0,168,call,2027-02-19,7730.990234375,2026-08-28T14:38:40.477756+00:00,reference-session last trade
SPX270219C07600000,2026-08-26 15:26:22+00:00,7600.0,455.77,489.6,491.6,17.0,1147,call,2027-02-19,7730.990234375,2026-08-28T14:38:40.477756+00:00,reference-session last trade
SPX270219C07625000,2026-08-27 16:38:01+00:00,7625.0,471.23,472.0,474.0,10.0,175,call,2027-02-19,7730.990234375,2026-08-28T14:38:40.477756+00:00,reference-session last trade
SPX270219C07650000,2026-08-25 17:15:27+00:00,7650.0,419.8,456.8,458.7,3.0,275,call,2027-02-19,7730.990234375,2026-08-28T14:38:40.477756+00:00,reference-session last trade
SPX270219C07675000,2026-08-20 19:44:03+00:00,7675.0,400.5,439.8,441.7,1.0,181,call,2027-02-19,7730.990234375,2026-08-28T14:38:40.477756+00:00,reference-session last trade
SPX270219C07700000,2026-08-27 19:14:50+00:00,7700.0,411.3,422.5,424.0,16.0,1076,call,2027-02-19,7730.990234375,2026-08-28T14:38:40.477756+00:00,reference-session last trade
SPX270219C07725000,2026-08-17 19:49:56+00:00,7725.0,448.49,404.9,406.5,2.0,310,call,2027-02-19,7730.990234375,2026-08-28T14:38:40.477756+00:00,reference-session last trade
SPX270219C07750000,2026-08-28 14:05:48+00:00,7750.0,386.4,388.8,390.4,1.0,849,call,2027-02-19,7730.990234375,2026-08-28T14:38:40.477756+00:00,reference-session last trade
SPX270219C07775000,2026-08-20 18:22:27+00:00,7775.0,343.1,373.0,374.7,6.0,499,call,2027-02-19,7730.990234375,2026-08-28T14:38:40.477756+00:00,reference-session last trade
SPX270219C07800000,2026-08-28 14:00:10+00:00,7800.0,358.9,357.6,359.1,1.0,1616,call,2027-02-19,7730.990234375,2026-08-28T14:38:40.477756+00:00,reference-session last trade
SPX270219C07825000,2026-08-21 18:32:25+00:00,7825.0,316.85,342.4,344.0,20.0,371,call,2027-02-19,7730.990234375,2026-08-28T14:38:40.477756+00:00,reference-session last trade
SPX270219C07850000,2026-08-26 18:52:21+00:00,7850.0,301.6,327.6,329.3,101.0,584,call,2027-02-19,7730.990234375,2026-08-28T14:38:40.477756+00:00,reference-session last trade
SPX270219C07875000,2026-08-27 19:25:12+00:00,7875.0,303.64,313.2,314.7,3.0,565,call,2027-02-19,7730.990234375,2026-08-28T14:38:40.477756+00:00,reference-session last trade
SPX270219C07900000,2026-08-26 14:23:40+00:00,7900.0,274.26,299.2,300.7,1.0,345,call,2027-02-19,7730.990234375,2026-08-28T14:38:40.477756+00:00,reference-session last trade
SPX270219C07925000,2026-08-24 19:53:04+00:00,7925.0,251.52,286.3,287.6,2.0,1541,call,2027-02-19,7730.990234375,2026-08-28T14:38:40.477756+00:00,reference-session last trade
SPX270219C07950000,2026-08-27 19:25:12+00:00,7950.0,263.29,271.9,273.1,4.0,1196,call,2027-02-19,7730.990234375,2026-08-28T14:38:40.477756+00:00,reference-session last trade
SPX270219C07975000,2026-08-26 19:55:29+00:00,7975.0,234.92,259.3,260.8,52.0,966,call,2027-02-19,7730.990234375,2026-08-28T14:38:40.477756+00:00,reference-session last trade
SPX270219C08000000,2026-08-28 14:00:10+00:00,8000.0,248.69,248.0,249.4,1.0,19598,call,2027-02-19,7730.990234375,2026-08-28T14:38:40.477756+00:00,reference-session last trade
SPX270219C08025000,2026-08-27 19:04:20+00:00,8025.0,226.5,233.7,235.1,5.0,154,call,2027-02-19,7730.990234375,2026-08-28T14:38:40.477756+00:00,reference-session last trade
SPX270219C08050000,2026-08-28 14:03:31+00:00,8050.0,223.8,222.4,223.8,2.0,481,call,2027-02-19,7730.990234375,2026-08-28T14:38:40.477756+00:00,reference-session last trade
SPX270219C08075000,2026-08-27 19:06:28+00:00,8075.0,204.25,212.6,214.2,9.0,594,call,2027-02-19,7730.990234375,2026-08-28T14:38:40.477756+00:00,reference-session last trade
SPX270219C08100000,2026-08-27 17:58:15+00:00,8100.0,200.99,200.6,201.9,2.0,1599,call,2027-02-19,7730.990234375,2026-08-28T14:38:40.477756+00:00,reference-session last trade
SPX270219C08125000,2026-08-25 19:25:25+00:00,8125.0,169.17,191.1,192.6,5.0,471,call,2027-02-19,7730.990234375,2026-08-28T14:38:40.477756+00:00,reference-session last trade
SPX270219C08150000,2026-08-27 18:21:49+00:00,8150.0,176.14,180.9,182.3,1.0,604,call,2027-02-19,7730.990234375,2026-08-28T14:38:40.477756+00:00,reference-session last trade
SPX270219C08175000,2026-08-27 19:55:01+00:00,8175.0,167.6,171.0,172.5,9.0,254,call,2027-02-19,7730.990234375,2026-08-28T14:38:40.477756+00:00,reference-session last trade
SPX270219C08200000,2026-08-27 19:47:15+00:00,8200.0,156.66,160.1,161.2,4.0,2209,call,2027-02-19,7730.990234375,2026-08-28T14:38:40.477756+00:00,reference-session last trade
SPX270219C08225000,2026-08-28 14:09:55+00:00,8225.0,149.96,151.7,152.9,10.0,346,call,2027-02-19,7730.990234375,2026-08-28T14:38:40.477756+00:00,reference-session last trade
SPX270219C08250000,2026-08-28 14:23:03+00:00,8250.0,144.3,143.0,144.3,3.0,965,call,2027-02-19,7730.990234375,2026-08-28T14:38:40.477756+00:00,reference-session last trade
SPX270219C08275000,2026-08-27 17:24:05+00:00,8275.0,138.99,135.7,137.0,8.0,320,call,2027-02-19,7730.990234375,2026-08-28T14:38:40.477756+00:00,reference-session last trade
SPX270219C08300000,2026-08-28 13:51:22+00:00,8300.0,127.86,126.8,127.9,2.0,2675,call,2027-02-19,7730.990234375,2026-08-28T14:38:40.477756+00:00,reference-session last trade
SPX270219C08325000,2026-08-27 17:43:21+00:00,8325.0,122.28,119.0,120.1,3.0,558,call,2027-02-19,7730.990234375,2026-08-28T14:38:40.477756+00:00,reference-session last trade
SPX270219C08350000,2026-08-28 14:09:39+00:00,8350.0,111.9,112.9,114.0,5.0,807,call,2027-02-19,7730.990234375,2026-08-28T14:38:40.477756+00:00,reference-session last trade
SPX270219C08375000,2026-08-28 14:03:31+00:00,8375.0,106.5,105.2,106.3,1.0,785,call,2027-02-19,7730.990234375,2026-08-28T14:38:40.477756+00:00,reference-session last trade
SPX270219C08400000,2026-08-28 13:50:56+00:00,8400.0,100.4,99.5,100.9,4.0,2451,call,2027-02-19,7730.990234375,2026-08-28T14:38:40.477756+00:00,reference-session last trade
SPX270219C08425000,2026-08-26 18:27:19+00:00,8425.0,80.73,93.4,94.5,19.0,217,call,2027-02-19,7730.990234375,2026-08-28T14:38:40.477756+00:00,reference-session last trade
SPX270219C08450000,2026-08-28 14:05:59+00:00,8450.0,86.4,87.7,89.0,9.0,210,call,2027-02-19,7730.990234375,2026-08-28T14:38:40.477756+00:00,reference-session last trade
SPX270219C08475000,2026-08-26 17:32:39+00:00,8475.0,71.0,82.1,83.2,34.0,295,call,2027-02-19,7730.990234375,2026-08-28T14:38:40.477756+00:00,reference-session last trade
SPX270219C08500000,2026-08-28 14:06:00+00:00,8500.0,75.8,76.3,77.4,8.0,1841,call,2027-02-19,7730.990234375,2026-08-28T14:38:40.477756+00:00,reference-session last trade
SPX270219C08525000,2026-08-28 14:09:41+00:00,8525.0,71.2,71.3,72.4,40.0,455,call,2027-02-19,7730.990234375,2026-08-28T14:38:40.477756+00:00,reference-session last trade
SPX270219C08550000,2026-08-27 16:00:15+00:00,8550.0,65.31,67.1,68.3,2.0,147,call,2027-02-19,7730.990234375,2026-08-28T14:38:40.477756+00:00,reference-session last trade
SPX270219C08575000,2026-08-25 19:23:43+00:00,8575.0,53.8,62.7,63.7,2.0,219,call,2027-02-19,7730.990234375,2026-08-28T14:38:40.477756+00:00,reference-session last trade
SPX270219C08600000,2026-08-28 13:42:51+00:00,8600.0,60.09,58.0,59.0,52.0,1380,call,2027-02-19,7730.990234375,2026-08-28T14:38:40.477756+00:00,reference-session last trade
SPX270219C08625000,2026-08-27 16:44:20+00:00,8625.0,54.6,54.3,55.3,6.0,242,call,2027-02-19,7730.990234375,2026-08-28T14:38:40.477756+00:00,reference-session last trade
SPX270219C08650000,2026-08-28 14:21:38+00:00,8650.0,50.76,50.4,51.2,191.0,891,call,2027-02-19,7730.990234375,2026-08-28T14:38:40.477756+00:00,reference-session last trade
SPX270219C08675000,2026-08-26 15:51:40+00:00,8675.0,40.9,47.2,48.0,1.0,85,call,2027-02-19,7730.990234375,2026-08-28T14:38:40.477756+00:00,reference-session last trade
SPX270219C08700000,2026-08-27 14:23:11+00:00,8700.0,41.0,44.0,44.9,3.0,355,call,2027-02-19,7730.990234375,2026-08-28T14:38:40.477756+00:00,reference-session last trade
SPX270219C08725000,2026-08-21 18:32:25+00:00,8725.0,36.1,40.5,41.4,7.0,82,call,2027-02-19,7730.990234375,2026-08-28T14:38:40.477756+00:00,reference-session last trade
SPX270219C08750000,2026-08-27 16:07:08+00:00,8750.0,36.6,37.8,38.6,5.0,22,call,2027-02-19,7730.990234375,2026-08-28T14:38:40.477756+00:00,reference-session last trade
SPX270219C08775000,2026-08-20 18:22:27+00:00,8775.0,29.85,34.9,35.7,18.0,15,call,2027-02-19,7730.990234375,2026-08-28T14:38:40.477756+00:00,reference-session last trade
SPX270219C08800000,2026-08-27 20:05:00+00:00,8800.0,31.7,32.1,32.9,8.0,1968,call,2027-02-19,7730.990234375,2026-08-28T14:38:40.477756+00:00,reference-session last trade
SPX270219C08850000,2026-08-27 15:01:51+00:00,8850.0,27.2,27.4,28.2,28.0,104,call,2027-02-19,7730.990234375,2026-08-28T14:38:40.477756+00:00,reference-session last trade
SPX270219C08900000,2026-08-25 19:25:25+00:00,8900.0,19.95,23.5,24.2,2.0,1765,call,2027-02-19,7730.990234375,2026-08-28T14:38:40.477756+00:00,reference-session last trade
SPX270219C09000000,2026-08-28 13:42:51+00:00,9000.0,18.09,17.1,17.8,52.0,1088,call,2027-02-19,7730.990234375,2026-08-28T14:38:40.477756+00:00,reference-session last trade
SPX270219C09100000,2026-08-26 14:41:40+00:00,9100.0,10.6,12.5,13.0,2.0,363,call,2027-02-19,7730.990234375,2026-08-28T14:38:40.477756+00:00,reference-session last trade
SPX270219C09200000,2026-08-27 17:05:17+00:00,9200.0,9.6,9.0,9.5,78.0,652,call,2027-02-19,7730.990234375,2026-08-28T14:38:40.477756+00:00,reference-session last trade
SPX270219C09300000,2026-08-27 16:44:21+00:00,9300.0,6.9,6.6,7.1,11.0,504,call,2027-02-19,7730.990234375,2026-08-28T14:38:40.477756+00:00,reference-session last trade
SPX270219C09400000,2026-08-19 00:15:03+00:00,9400.0,5.17,4.9,5.3,2.0,458,call,2027-02-19,7730.990234375,2026-08-28T14:38:40.477756+00:00,reference-session last trade
SPX270219C09500000,2026-08-26 14:41:40+00:00,9500.0,3.4,3.7,4.2,4.0,4,call,2027-02-19,7730.990234375,2026-08-28T14:38:40.477756+00:00,reference-session last trade
SPX270219C09600000,2026-08-26 16:39:46+00:00,9600.0,2.54,2.95,3.4,4.0,539,call,2027-02-19,7730.990234375,2026-08-28T14:38:40.477756+00:00,reference-session last trade
SPX270219C09800000,2026-08-26 16:41:12+00:00,9800.0,1.75,2.0,2.35,6.0,194,call,2027-02-19,7730.990234375,2026-08-28T14:38:40.477756+00:00,reference-session last trade
SPX270219C10000000,2026-08-27 14:28:13+00:00,10000.0,1.45,1.3,1.7,1.0,2296,call,2027-02-19,7730.990234375,2026-08-28T14:38:40.477756+00:00,reference-session last trade
SPX270219C10200000,2026-08-24 15:32:45+00:00,10200.0,0.98,1.0,1.3,4.0,373,call,2027-02-19,7730.990234375,2026-08-28T14:38:40.477756+00:00,reference-session last trade
SPX270219C10400000,2026-08-06 14:40:20+00:00,10400.0,1.39,0.7,1.05,2.0,437,call,2027-02-19,7730.990234375,2026-08-28T14:38:40.477756+00:00,reference-session last trade
SPX270219C10600000,2026-08-19 14:18:18+00:00,10600.0,0.75,0.55,0.85,2.0,116,call,2027-02-19,7730.990234375,2026-08-28T14:38:40.477756+00:00,reference-session last trade
SPX270219C10800000,2026-08-19 14:35:25+00:00,10800.0,0.6,0.4,0.7,2.0,173,call,2027-02-19,7730.990234375,2026-08-28T14:38:40.477756+00:00,reference-session last trade
SPX270219C11000000,2026-08-07 17:53:47+00:00,11000.0,0.78,0.35,0.65,4.0,541,call,2027-02-19,7730.990234375,2026-08-28T14:38:40.477756+00:00,reference-session last trade
SPX270219C11200000,2026-08-26 16:39:46+00:00,11200.0,0.37,0.25,0.55,8.0,47,call,2027-02-19,7730.990234375,2026-08-28T14:38:40.477756+00:00,reference-session last trade
SPX270219C11400000,2026-08-26 16:41:12+00:00,11400.0,0.3,0.2,0.5,2.0,155,call,2027-02-19,7730.990234375,2026-08-28T14:38:40.477756+00:00,reference-session last trade
SPX270219C11600000,2026-08-07 18:27:15+00:00,11600.0,0.5,0.15,0.45,1.0,85,call,2027-02-19,7730.990234375,2026-08-28T14:38:40.477756+00:00,reference-session last trade
SPX270219C11800000,2026-06-29 17:21:14+00:00,11800.0,0.63,0.0,0.0,4.0,0,call,2027-02-19,7730.990234375,2026-08-28T14:38:40.477756+00:00,reference-session last trade
SPX270219C12000000,2026-08-13 20:13:48+00:00,12000.0,0.32,0.15,0.3,4.0,196,call,2027-02-19,7730.990234375,2026-08-28T14:38:40.477756+00:00,reference-session last trade
SPX270219P00200000,2026-07-20 19:45:24+00:00,200.0,0.05,0.0,0.0,20.0,0,put,2027-02-19,7730.990234375,2026-08-28T14:38:40.477756+00:00,reference-session last trade
SPX270219P00400000,2026-07-21 17:55:37+00:00,400.0,0.05,0.0,0.0,7000.0,0,put,2027-02-19,7730.990234375,2026-08-28T14:38:40.477756+00:00,reference-session last trade
SPX270219P00600000,2026-07-28 19:53:32+00:00,600.0,0.15,0.05,0.15,6.0,5253,put,2027-02-19,7730.990234375,2026-08-28T14:38:40.477756+00:00,reference-session last trade
SPX270219P00800000,2026-08-27 15:57:37+00:00,800.0,0.17,0.1,0.2,5.0,1050,put,2027-02-19,7730.990234375,2026-08-28T14:38:40.477756+00:00,reference-session last trade
SPX270219P01000000,2026-08-28 14:17:13+00:00,1000.0,0.3,0.2,0.3,40.0,816,put,2027-02-19,7730.990234375,2026-08-28T14:38:40.477756+00:00,reference-session last trade
SPX270219P01200000,2026-08-27 15:57:37+00:00,1200.0,0.37,0.25,0.5,6.0,1185,put,2027-02-19,7730.990234375,2026-08-28T14:38:40.477756+00:00,reference-session last trade
SPX270219P01400000,2026-08-21 14:58:20+00:00,1400.0,0.65,0.45,0.7,6.0,944,put,2027-02-19,7730.990234375,2026-08-28T14:38:40.477756+00:00,reference-session last trade
SPX270219P01600000,2026-08-17 14:01:33+00:00,1600.0,0.95,0.65,0.9,2.0,755,put,2027-02-19,7730.990234375,2026-08-28T14:38:40.477756+00:00,reference-session last trade
SPX270219P01800000,2026-08-25 16:44:21+00:00,1800.0,1.2,0.9,1.2,6.0,560,put,2027-02-19,7730.990234375,2026-08-28T14:38:40.477756+00:00,reference-session last trade
SPX270219P02000000,2026-08-27 19:46:08+00:00,2000.0,1.35,1.2,1.5,7.0,1434,put,2027-02-19,7730.990234375,2026-08-28T14:38:40.477756+00:00,reference-session last trade
SPX270219P02200000,2026-08-10 17:03:59+00:00,2200.0,2.39,1.6,1.9,4.0,842,put,2027-02-19,7730.990234375,2026-08-28T14:38:40.477756+00:00,reference-session last trade
SPX270219P02400000,2026-08-18 14:56:42+00:00,2400.0,2.8,2.0,2.35,29.0,348,put,2027-02-19,7730.990234375,2026-08-28T14:38:40.477756+00:00,reference-session last trade
SPX270219P02600000,2026-08-27 15:53:28+00:00,2600.0,2.68,2.5,2.85,4.0,1368,put,2027-02-19,7730.990234375,2026-08-28T14:38:40.477756+00:00,reference-session last trade
SPX270219P02800000,2026-08-26 13:47:11+00:00,2800.0,3.59,3.1,3.5,60.0,2292,put,2027-02-19,7730.990234375,2026-08-28T14:38:40.477756+00:00,reference-session last trade
SPX270219P02900000,2026-08-06 17:59:08+00:00,2900.0,4.8,3.4,3.8,175.0,421,put,2027-02-19,7730.990234375,2026-08-28T14:38:40.477756+00:00,reference-session last trade
SPX270219P03000000,2026-08-24 14:49:01+00:00,3000.0,4.7,3.7,4.1,1.0,853,put,2027-02-19,7730.990234375,2026-08-28T14:38:40.477756+00:00,reference-session last trade
SPX270219P03100000,2026-08-24 19:27:58+00:00,3100.0,5.0,4.1,4.5,107.0,667,put,2027-02-19,7730.990234375,2026-08-28T14:38:40.477756+00:00,reference-session last trade
SPX270219P03200000,2026-08-27 14:40:15+00:00,3200.0,4.85,4.5,4.9,1.0,316,put,2027-02-19,7730.990234375,2026-08-28T14:38:40.477756+00:00,reference-session last trade
SPX270219P03300000,2026-08-21 18:31:11+00:00,3300.0,6.08,4.9,5.3,4.0,140,put,2027-02-19,7730.990234375,2026-08-28T14:38:40.477756+00:00,reference-session last trade
SPX270219P03400000,2026-08-28 14:12:36+00:00,3400.0,5.6,5.4,5.7,2.0,365,put,2027-02-19,7730.990234375,2026-08-28T14:38:40.477756+00:00,reference-session last trade
SPX270219P03500000,2026-08-26 13:30:26+00:00,3500.0,6.7,5.9,6.3,4.0,2008,put,2027-02-19,7730.990234375,2026-08-28T14:38:40.477756+00:00,reference-session last trade
SPX270219P03600000,2026-08-26 13:47:21+00:00,3600.0,7.2,6.3,6.7,2.0,166,put,2027-02-19,7730.990234375,2026-08-28T14:38:40.477756+00:00,reference-session last trade
SPX270219P03700000,2026-08-25 16:02:36+00:00,3700.0,8.0,6.9,7.3,1.0,166,put,2027-02-19,7730.990234375,2026-08-28T14:38:40.477756+00:00,reference-session last trade
SPX270219P03800000,2026-08-26 16:22:52+00:00,3800.0,8.4,7.5,7.8,4.0,404,put,2027-02-19,7730.990234375,2026-08-28T14:38:40.477756+00:00,reference-session last trade
SPX270219P03850000,2026-08-27 13:45:10+00:00,3850.0,8.4,7.8,8.2,3.0,799,put,2027-02-19,7730.990234375,2026-08-28T14:38:40.477756+00:00,reference-session last trade
SPX270219P03900000,2026-08-24 16:46:35+00:00,3900.0,9.7,8.2,8.5,2.0,2092,put,2027-02-19,7730.990234375,2026-08-28T14:38:40.477756+00:00,reference-session last trade
SPX270219P03950000,2026-07-31 13:30:02+00:00,3950.0,14.2,8.5,8.8,3.0,152,put,2027-02-19,7730.990234375,2026-08-28T14:38:40.477756+00:00,reference-session last trade
SPX270219P04000000,2026-08-24 20:10:34+00:00,4000.0,10.5,8.8,9.1,5.0,2003,put,2027-02-19,7730.990234375,2026-08-28T14:38:40.477756+00:00,reference-session last trade
SPX270219P04050000,2026-08-27 19:46:08+00:00,4050.0,9.25,9.2,9.5,17.0,202,put,2027-02-19,7730.990234375,2026-08-28T14:38:40.477756+00:00,reference-session last trade
SPX270219P04100000,2026-08-14 19:56:00+00:00,4100.0,11.26,9.5,9.9,1.0,578,put,2027-02-19,7730.990234375,2026-08-28T14:38:40.477756+00:00,reference-session last trade
SPX270219P04150000,2026-08-06 18:00:21+00:00,4150.0,12.9,9.9,10.2,1.0,83,put,2027-02-19,7730.990234375,2026-08-28T14:38:40.477756+00:00,reference-session last trade
SPX270219P04200000,2026-08-27 19:11:40+00:00,4200.0,10.5,10.3,10.7,6.0,128,put,2027-02-19,7730.990234375,2026-08-28T14:38:40.477756+00:00,reference-session last trade
SPX270219P04250000,2026-08-24 15:21:00+00:00,4250.0,12.86,10.8,11.1,2.0,242,put,2027-02-19,7730.990234375,2026-08-28T14:38:40.477756+00:00,reference-session last trade
SPX270219P04300000,2026-08-26 19:33:56+00:00,4300.0,12.1,11.2,11.5,4.0,645,put,2027-02-19,7730.990234375,2026-08-28T14:38:40.477756+00:00,reference-session last trade
SPX270219P04350000,2026-08-27 14:02:11+00:00,4350.0,12.2,11.6,12.0,2.0,198,put,2027-02-19,7730.990234375,2026-08-28T14:38:40.477756+00:00,reference-session last trade
SPX270219P04400000,2026-08-26 14:00:54+00:00,4400.0,13.3,12.1,12.5,10.0,502,put,2027-02-19,7730.990234375,2026-08-28T14:38:40.477756+00:00,reference-session last trade
SPX270219P04450000,2026-08-28 13:34:53+00:00,4450.0,12.6,12.6,12.9,1.0,226,put,2027-02-19,7730.990234375,2026-08-28T14:38:40.477756+00:00,reference-session last trade
SPX270219P04500000,2026-08-27 13:52:00+00:00,4500.0,13.8,13.1,13.4,5.0,1153,put,2027-02-19,7730.990234375,2026-08-28T14:38:40.477756+00:00,reference-session last trade
SPX270219P04550000,2026-08-20 19:09:30+00:00,4550.0,17.4,13.5,14.1,3.0,127,put,2027-02-19,7730.990234375,2026-08-28T14:38:40.477756+00:00,reference-session last trade
SPX270219P04600000,2026-08-26 17:58:31+00:00,4600.0,15.4,14.1,14.5,5.0,198,put,2027-02-19,7730.990234375,2026-08-28T14:38:40.477756+00:00,reference-session last trade
SPX270219P04625000,2026-08-26 19:57:12+00:00,4625.0,15.8,14.4,14.7,2.0,767,put,2027-02-19,7730.990234375,2026-08-28T14:38:40.477756+00:00,reference-session last trade
SPX270219P04650000,2026-08-26 13:34:00+00:00,4650.0,16.4,14.6,14.9,1.0,473,put,2027-02-19,7730.990234375,2026-08-28T14:38:40.477756+00:00,reference-session last trade
SPX270219P04675000,2026-08-27 20:12:01+00:00,4675.0,15.3,14.9,15.3,1.0,45,put,2027-02-19,7730.990234375,2026-08-28T14:38:40.477756+00:00,reference-session last trade
SPX270219P04700000,2026-08-27 14:00:58+00:00,4700.0,15.95,15.1,15.5,3.0,1026,put,2027-02-19,7730.990234375,2026-08-28T14:38:40.477756+00:00,reference-session last trade
SPX270219P04725000,2026-07-24 19:28:33+00:00,4725.0,29.3,0.0,0.0,3.0,0,put,2027-02-19,7730.990234375,2026-08-28T14:38:40.477756+00:00,reference-session last trade
SPX270219P04750000,2026-08-27 15:01:39+00:00,4750.0,16.1,15.7,16.1,1.0,52,put,2027-02-19,7730.990234375,2026-08-28T14:38:40.477756+00:00,reference-session last trade
SPX270219P04775000,2026-08-28 13:45:45+00:00,4775.0,16.3,16.0,16.5,1.0,25,put,2027-02-19,7730.990234375,2026-08-28T14:38:40.477756+00:00,reference-session last trade
SPX270219P04800000,2026-08-24 16:42:22+00:00,4800.0,18.98,16.3,16.7,7.0,163,put,2027-02-19,7730.990234375,2026-08-28T14:38:40.477756+00:00,reference-session last trade
SPX270219P04825000,2026-08-27 19:53:44+00:00,4825.0,16.7,16.6,17.0,1.0,59,put,2027-02-19,7730.990234375,2026-08-28T14:38:40.477756+00:00,reference-session last trade
SPX270219P04850000,2026-08-19 17:53:14+00:00,4850.0,20.5,17.0,17.4,5.0,208,put,2027-02-19,7730.990234375,2026-08-28T14:38:40.477756+00:00,reference-session last trade
SPX270219P04875000,2026-08-19 17:44:14+00:00,4875.0,20.9,17.3,17.7,146.0,208,put,2027-02-19,7730.990234375,2026-08-28T14:38:40.477756+00:00,reference-session last trade
SPX270219P04900000,2026-08-27 14:01:14+00:00,4900.0,18.5,17.6,18.1,2.0,542,put,2027-02-19,7730.990234375,2026-08-28T14:38:40.477756+00:00,reference-session last trade
SPX270219P04925000,2026-08-25 19:06:48+00:00,4925.0,20.15,17.9,18.4,16.0,141,put,2027-02-19,7730.990234375,2026-08-28T14:38:40.477756+00:00,reference-session last trade
SPX270219P04950000,2026-08-18 19:48:46+00:00,4950.0,23.2,18.3,18.8,20.0,317,put,2027-02-19,7730.990234375,2026-08-28T14:38:40.477756+00:00,reference-session last trade
SPX270219P04975000,2026-07-29 16:12:31+00:00,4975.0,35.34,18.6,19.0,4.0,136,put,2027-02-19,7730.990234375,2026-08-28T14:38:40.477756+00:00,reference-session last trade
SPX270219P05000000,2026-08-26 16:38:53+00:00,5000.0,21.2,19.1,19.6,1.0,2740,put,2027-02-19,7730.990234375,2026-08-28T14:38:40.477756+00:00,reference-session last trade
SPX270219P05025000,2026-08-18 15:06:59+00:00,5025.0,24.76,19.4,19.8,3.0,203,put,2027-02-19,7730.990234375,2026-08-28T14:38:40.477756+00:00,reference-session last trade
SPX270219P05050000,2026-08-26 15:12:38+00:00,5050.0,21.7,19.7,20.1,10.0,376,put,2027-02-19,7730.990234375,2026-08-28T14:38:40.477756+00:00,reference-session last trade
SPX270219P05075000,2026-08-14 13:44:39+00:00,5075.0,23.4,20.1,20.6,1.0,160,put,2027-02-19,7730.990234375,2026-08-28T14:38:40.477756+00:00,reference-session last trade
SPX270219P05100000,2026-08-27 20:10:17+00:00,5100.0,20.9,20.5,21.0,39.0,197,put,2027-02-19,7730.990234375,2026-08-28T14:38:40.477756+00:00,reference-session last trade
SPX270219P05125000,2026-08-26 19:03:25+00:00,5125.0,22.62,21.0,21.4,4.0,187,put,2027-02-19,7730.990234375,2026-08-28T14:38:40.477756+00:00,reference-session last trade
SPX270219P05150000,2026-08-26 19:33:36+00:00,5150.0,23.0,21.2,21.8,2.0,310,put,2027-02-19,7730.990234375,2026-08-28T14:38:40.477756+00:00,reference-session last trade
SPX270219P05175000,2026-08-10 19:12:23+00:00,5175.0,26.8,21.7,22.1,2.0,62,put,2027-02-19,7730.990234375,2026-08-28T14:38:40.477756+00:00,reference-session last trade
SPX270219P05200000,2026-08-27 20:01:10+00:00,5200.0,22.4,22.3,22.7,5.0,946,put,2027-02-19,7730.990234375,2026-08-28T14:38:40.477756+00:00,reference-session last trade
SPX270219P05225000,2026-08-18 20:14:42+00:00,5225.0,28.75,22.6,23.1,3.0,211,put,2027-02-19,7730.990234375,2026-08-28T14:38:40.477756+00:00,reference-session last trade
SPX270219P05250000,2026-08-24 20:04:01+00:00,5250.0,26.9,23.0,23.4,3.0,414,put,2027-02-19,7730.990234375,2026-08-28T14:38:40.477756+00:00,reference-session last trade
SPX270219P05275000,2026-07-31 19:50:51+00:00,5275.0,36.5,23.5,23.9,2.0,3023,put,2027-02-19,7730.990234375,2026-08-28T14:38:40.477756+00:00,reference-session last trade
SPX270219P05300000,2026-08-25 17:53:20+00:00,5300.0,27.1,24.0,24.4,1.0,375,put,2027-02-19,7730.990234375,2026-08-28T14:38:40.477756+00:00,reference-session last trade
SPX270219P05325000,2026-08-18 15:05:51+00:00,5325.0,31.13,24.4,25.0,3.0,89,put,2027-02-19,7730.990234375,2026-08-28T14:38:40.477756+00:00,reference-session last trade
SPX270219P05350000,2026-08-10 19:40:53+00:00,5350.0,30.9,24.9,25.4,3.0,145,put,2027-02-19,7730.990234375,2026-08-28T14:38:40.477756+00:00,reference-session last trade
SPX270219P05375000,2026-08-19 19:55:41+00:00,5375.0,30.3,25.4,25.9,3.0,43,put,2027-02-19,7730.990234375,2026-08-28T14:38:40.477756+00:00,reference-session last trade
SPX270219P05400000,2026-08-28 13:43:46+00:00,5400.0,26.07,25.9,26.3,10.0,316,put,2027-02-19,7730.990234375,2026-08-28T14:38:40.477756+00:00,reference-session last trade
SPX270219P05425000,2026-08-18 15:05:31+00:00,5425.0,33.68,26.3,26.9,3.0,80,put,2027-02-19,7730.990234375,2026-08-28T14:38:40.477756+00:00,reference-session last trade
SPX270219P05450000,2026-08-20 19:56:26+00:00,5450.0,34.0,26.9,27.4,1.0,97,put,2027-02-19,7730.990234375,2026-08-28T14:38:40.477756+00:00,reference-session last trade
SPX270219P05475000,2026-08-20 19:33:16+00:00,5475.0,34.6,27.5,28.0,18.0,103,put,2027-02-19,7730.990234375,2026-08-28T14:38:40.477756+00:00,reference-session last trade
SPX270219P05500000,2026-08-21 19:58:48+00:00,5500.0,32.9,28.0,28.5,5.0,3357,put,2027-02-19,7730.990234375,2026-08-28T14:38:40.477756+00:00,reference-session last trade
SPX270219P05525000,2026-08-18 14:00:00+00:00,5525.0,36.53,28.6,29.1,6.0,104,put,2027-02-19,7730.990234375,2026-08-28T14:38:40.477756+00:00,reference-session last trade
SPX270219P05550000,2026-08-26 19:57:08+00:00,5550.0,31.6,29.2,29.7,1.0,513,put,2027-02-19,7730.990234375,2026-08-28T14:38:40.477756+00:00,reference-session last trade
SPX270219P05575000,2026-08-21 18:14:34+00:00,5575.0,34.9,29.7,30.4,12.0,47,put,2027-02-19,7730.990234375,2026-08-28T14:38:40.477756+00:00,reference-session last trade
SPX270219P05600000,2026-08-24 16:42:22+00:00,5600.0,35.26,30.4,31.0,2.0,1012,put,2027-02-19,7730.990234375,2026-08-28T14:38:40.477756+00:00,reference-session last trade
SPX270219P05625000,2026-08-27 20:10:10+00:00,5625.0,31.3,31.0,31.6,3.0,663,put,2027-02-19,7730.990234375,2026-08-28T14:38:40.477756+00:00,reference-session last trade
SPX270219P05650000,2026-08-25 19:20:45+00:00,5650.0,35.6,31.7,32.3,2.0,1673,put,2027-02-19,7730.990234375,2026-08-28T14:38:40.477756+00:00,reference-session last trade
SPX270219P05675000,2026-08-27 20:10:04+00:00,5675.0,33.0,32.5,32.9,1.0,1696,put,2027-02-19,7730.990234375,2026-08-28T14:38:40.477756+00:00,reference-session last trade
SPX270219P05700000,2026-08-28 13:43:46+00:00,5700.0,33.22,33.0,33.6,10.0,590,put,2027-02-19,7730.990234375,2026-08-28T14:38:40.477756+00:00,reference-session last trade
SPX270219P05725000,2026-08-20 18:01:54+00:00,5725.0,41.85,33.7,34.3,4.0,56,put,2027-02-19,7730.990234375,2026-08-28T14:38:40.477756+00:00,reference-session last trade
SPX270219P05750000,2026-08-26 18:56:56+00:00,5750.0,37.57,34.4,35.1,1.0,260,put,2027-02-19,7730.990234375,2026-08-28T14:38:40.477756+00:00,reference-session last trade
SPX270219P05775000,2026-08-27 19:31:06+00:00,5775.0,35.97,35.2,35.9,502.0,582,put,2027-02-19,7730.990234375,2026-08-28T14:38:40.477756+00:00,reference-session last trade
SPX270219P05800000,2026-08-27 19:34:42+00:00,5800.0,36.56,36.0,36.6,150.0,1722,put,2027-02-19,7730.990234375,2026-08-28T14:38:40.477756+00:00,reference-session last trade
SPX270219P05825000,2026-08-26 19:03:25+00:00,5825.0,39.89,36.9,37.5,2.0,93,put,2027-02-19,7730.990234375,2026-08-28T14:38:40.477756+00:00,reference-session last trade
SPX270219P05850000,2026-08-25 16:28:22+00:00,5850.0,42.25,37.6,38.2,2.0,309,put,2027-02-19,7730.990234375,2026-08-28T14:38:40.477756+00:00,reference-session last trade
SPX270219P05875000,2026-08-27 16:43:04+00:00,5875.0,38.58,38.4,39.0,4.0,211,put,2027-02-19,7730.990234375,2026-08-28T14:38:40.477756+00:00,reference-session last trade
SPX270219P05900000,2026-08-26 15:35:37+00:00,5900.0,43.84,39.1,39.8,2.0,1983,put,2027-02-19,7730.990234375,2026-08-28T14:38:40.477756+00:00,reference-session last trade
SPX270219P05925000,2026-08-10 16:38:45+00:00,5925.0,49.5,40.1,40.8,8.0,95,put,2027-02-19,7730.990234375,2026-08-28T14:38:40.477756+00:00,reference-session last trade
SPX270219P05950000,2026-08-27 18:54:37+00:00,5950.0,42.25,40.9,41.5,1.0,315,put,2027-02-19,7730.990234375,2026-08-28T14:38:40.477756+00:00,reference-session last trade
SPX270219P05975000,2026-08-27 13:30:06+00:00,5975.0,44.61,41.8,42.5,1.0,180,put,2027-02-19,7730.990234375,2026-08-28T14:38:40.477756+00:00,reference-session last trade
SPX270219P06000000,2026-08-27 16:26:59+00:00,6000.0,43.46,42.9,43.5,4.0,5113,put,2027-02-19,7730.990234375,2026-08-28T14:38:40.477756+00:00,reference-session last trade
SPX270219P06025000,2026-08-26 19:53:19+00:00,6025.0,47.57,43.7,44.4,250.0,398,put,2027-02-19,7730.990234375,2026-08-28T14:38:40.477756+00:00,reference-session last trade
SPX270219P06050000,2026-08-26 19:14:41+00:00,6050.0,48.71,44.8,45.5,1.0,617,put,2027-02-19,7730.990234375,2026-08-28T14:38:40.477756+00:00,reference-session last trade
SPX270219P06075000,2026-08-18 13:43:00+00:00,6075.0,58.09,45.6,46.4,2.0,253,put,2027-02-19,7730.990234375,2026-08-28T14:38:40.477756+00:00,reference-session last trade
SPX270219P06100000,2026-08-25 16:33:12+00:00,6100.0,52.85,46.7,47.4,9.0,1357,put,2027-02-19,7730.990234375,2026-08-28T14:38:40.477756+00:00,reference-session last trade
SPX270219P06125000,2026-08-27 13:47:30+00:00,6125.0,50.89,47.6,48.5,12.0,267,put,2027-02-19,7730.990234375,2026-08-28T14:38:40.477756+00:00,reference-session last trade
SPX270219P06150000,2026-08-27 13:53:23+00:00,6150.0,51.37,49.0,49.8,6.0,824,put,2027-02-19,7730.990234375,2026-08-28T14:38:40.477756+00:00,reference-session last trade
SPX270219P06175000,2026-08-28 13:52:33+00:00,6175.0,50.9,50.3,51.0,21.0,1404,put,2027-02-19,7730.990234375,2026-08-28T14:38:40.477756+00:00,reference-session last trade
SPX270219P06200000,2026-08-27 20:09:55+00:00,6200.0,52.2,51.2,51.9,5.0,1121,put,2027-02-19,7730.990234375,2026-08-28T14:38:40.477756+00:00,reference-session last trade
SPX270219P06225000,2026-08-26 14:15:22+00:00,6225.0,58.47,52.4,53.3,3.0,358,put,2027-02-19,7730.990234375,2026-08-28T14:38:40.477756+00:00,reference-session last trade
SPX270219P06250000,2026-08-27 13:48:44+00:00,6250.0,57.08,53.6,54.4,3.0,1455,put,2027-02-19,7730.990234375,2026-08-28T14:38:40.477756+00:00,reference-session last trade
SPX270219P06275000,2026-08-27 13:47:30+00:00,6275.0,58.4,54.9,55.8,12.0,1032,put,2027-02-19,7730.990234375,2026-08-28T14:38:40.477756+00:00,reference-session last trade
SPX270219P06300000,2026-08-27 17:31:38+00:00,6300.0,57.04,56.1,56.9,20.0,1910,put,2027-02-19,7730.990234375,2026-08-28T14:38:40.477756+00:00,reference-session last trade
SPX270219P06325000,2026-08-28 13:52:33+00:00,6325.0,58.38,57.7,58.5,21.0,912,put,2027-02-19,7730.990234375,2026-08-28T14:38:40.477756+00:00,reference-session last trade
SPX270219P06350000,2026-08-26 16:32:09+00:00,6350.0,66.4,59.1,59.9,1.0,1240,put,2027-02-19,7730.990234375,2026-08-28T14:38:40.477756+00:00,reference-session last trade
SPX270219P06375000,2026-08-27 20:09:58+00:00,6375.0,61.7,60.2,61.1,6.0,460,put,2027-02-19,7730.990234375,2026-08-28T14:38:40.477756+00:00,reference-session last trade
SPX270219P06400000,2026-08-27 19:36:32+00:00,6400.0,62.5,61.7,62.5,37.0,860,put,2027-02-19,7730.990234375,2026-08-28T14:38:40.477756+00:00,reference-session last trade
SPX270219P06425000,2026-08-28 14:05:48+00:00,6425.0,64.4,63.3,64.1,1.0,190,put,2027-02-19,7730.990234375,2026-08-28T14:38:40.477756+00:00,reference-session last trade
SPX270219P06450000,2026-08-25 16:34:36+00:00,6450.0,73.39,64.9,65.7,5.0,2082,put,2027-02-19,7730.990234375,2026-08-28T14:38:40.477756+00:00,reference-session last trade
SPX270219P06475000,2026-08-25 19:08:33+00:00,6475.0,75.44,66.5,67.4,2.0,405,put,2027-02-19,7730.990234375,2026-08-28T14:38:40.477756+00:00,reference-session last trade
SPX270219P06500000,2026-08-27 18:56:52+00:00,6500.0,70.62,67.9,68.7,5.0,2832,put,2027-02-19,7730.990234375,2026-08-28T14:38:40.477756+00:00,reference-session last trade
SPX270219P06525000,2026-08-18 16:31:07+00:00,6525.0,87.2,69.7,70.7,2.0,271,put,2027-02-19,7730.990234375,2026-08-28T14:38:40.477756+00:00,reference-session last trade
SPX270219P06550000,2026-08-27 18:56:52+00:00,6550.0,74.17,71.2,72.4,2.0,599,put,2027-02-19,7730.990234375,2026-08-28T14:38:40.477756+00:00,reference-session last trade
SPX270219P06575000,2026-08-27 16:27:51+00:00,6575.0,74.53,72.9,73.8,1.0,333,put,2027-02-19,7730.990234375,2026-08-28T14:38:40.477756+00:00,reference-session last trade
SPX270219P06600000,2026-08-27 19:46:22+00:00,6600.0,75.8,74.7,75.6,1.0,3502,put,2027-02-19,7730.990234375,2026-08-28T14:38:40.477756+00:00,reference-session last trade
SPX270219P06625000,2026-08-27 14:00:58+00:00,6625.0,81.33,76.6,77.5,2.0,189,put,2027-02-19,7730.990234375,2026-08-28T14:38:40.477756+00:00,reference-session last trade
SPX270219P06650000,2026-08-26 15:12:38+00:00,6650.0,87.58,78.8,79.8,20.0,648,put,2027-02-19,7730.990234375,2026-08-28T14:38:40.477756+00:00,reference-session last trade
SPX270219P06675000,2026-08-27 16:43:04+00:00,6675.0,81.51,80.3,81.5,2.0,3536,put,2027-02-19,7730.990234375,2026-08-28T14:38:40.477756+00:00,reference-session last trade
SPX270219P06700000,2026-08-27 14:52:38+00:00,6700.0,85.08,82.5,83.4,2.0,1226,put,2027-02-19,7730.990234375,2026-08-28T14:38:40.477756+00:00,reference-session last trade
SPX270219P06725000,2026-08-27 20:06:13+00:00,6725.0,86.4,84.9,85.9,3.0,4353,put,2027-02-19,7730.990234375,2026-08-28T14:38:40.477756+00:00,reference-session last trade
SPX270219P06750000,2026-08-28 13:54:34+00:00,6750.0,87.98,86.7,87.6,1.0,567,put,2027-02-19,7730.990234375,2026-08-28T14:38:40.477756+00:00,reference-session last trade
SPX270219P06775000,2026-08-27 19:27:40+00:00,6775.0,91.52,89.1,89.8,18.0,1912,put,2027-02-19,7730.990234375,2026-08-28T14:38:40.477756+00:00,reference-session last trade
SPX270219P06800000,2026-08-27 19:27:40+00:00,6800.0,93.82,91.4,92.2,33.0,3326,put,2027-02-19,7730.990234375,2026-08-28T14:38:40.477756+00:00,reference-session last trade
SPX270219P06825000,2026-08-27 15:00:55+00:00,6825.0,96.43,93.7,94.6,1.0,442,put,2027-02-19,7730.990234375,2026-08-28T14:38:40.477756+00:00,reference-session last trade
SPX270219P06850000,2026-08-28 14:19:02+00:00,6850.0,97.54,96.2,97.3,2.0,2010,put,2027-02-19,7730.990234375,2026-08-28T14:38:40.477756+00:00,reference-session last trade
SPX270219P06875000,2026-08-26 14:12:22+00:00,6875.0,110.28,98.3,99.4,10.0,540,put,2027-02-19,7730.990234375,2026-08-28T14:38:40.477756+00:00,reference-session last trade
SPX270219P06900000,2026-08-27 17:37:16+00:00,6900.0,102.9,101.4,102.5,1.0,3280,put,2027-02-19,7730.990234375,2026-08-28T14:38:40.477756+00:00,reference-session last trade
SPX270219P06925000,2026-08-25 19:08:33+00:00,6925.0,118.01,103.9,105.0,4.0,1175,put,2027-02-19,7730.990234375,2026-08-28T14:38:40.477756+00:00,reference-session last trade
SPX270219P06950000,2026-08-28 14:19:02+00:00,6950.0,107.99,106.7,107.8,1.0,1735,put,2027-02-19,7730.990234375,2026-08-28T14:38:40.477756+00:00,reference-session last trade
SPX270219P06975000,2026-08-27 19:21:04+00:00,6975.0,112.18,109.3,110.1,6.0,243,put,2027-02-19,7730.990234375,2026-08-28T14:38:40.477756+00:00,reference-session last trade
SPX270219P07000000,2026-08-28 13:51:13+00:00,7000.0,113.66,112.2,113.0,9.0,19272,put,2027-02-19,7730.990234375,2026-08-28T14:38:40.477756+00:00,reference-session last trade
SPX270219P07025000,2026-08-27 20:09:47+00:00,7025.0,117.8,115.1,115.9,16.0,447,put,2027-02-19,7730.990234375,2026-08-28T14:38:40.477756+00:00,reference-session last trade
SPX270219P07050000,2026-08-27 19:36:49+00:00,7050.0,120.3,118.3,119.1,97.0,3751,put,2027-02-19,7730.990234375,2026-08-28T14:38:40.477756+00:00,reference-session last trade
SPX270219P07075000,2026-08-24 15:54:02+00:00,7075.0,141.1,121.0,122.2,32.0,569,put,2027-02-19,7730.990234375,2026-08-28T14:38:40.477756+00:00,reference-session last trade
SPX270219P07100000,2026-08-28 14:18:14+00:00,7100.0,126.84,124.7,125.6,5.0,1692,put,2027-02-19,7730.990234375,2026-08-28T14:38:40.477756+00:00,reference-session last trade
SPX270219P07125000,2026-08-25 16:16:37+00:00,7125.0,145.45,128.5,129.7,5.0,293,put,2027-02-19,7730.990234375,2026-08-28T14:38:40.477756+00:00,reference-session last trade
SPX270219P07150000,2026-08-26 19:52:40+00:00,7150.0,143.65,131.1,132.4,36.0,984,put,2027-02-19,7730.990234375,2026-08-28T14:38:40.477756+00:00,reference-session last trade
SPX270219P07175000,2026-08-27 17:57:05+00:00,7175.0,138.22,135.2,136.4,4.0,491,put,2027-02-19,7730.990234375,2026-08-28T14:38:40.477756+00:00,reference-session last trade
SPX270219P07200000,2026-08-27 19:38:59+00:00,7200.0,141.7,139.1,139.9,142.0,1621,put,2027-02-19,7730.990234375,2026-08-28T14:38:40.477756+00:00,reference-session last trade
SPX270219P07225000,2026-08-27 18:24:18+00:00,7225.0,148.28,142.3,143.6,8.0,923,put,2027-02-19,7730.990234375,2026-08-28T14:38:40.477756+00:00,reference-session last trade
SPX270219P07250000,2026-08-27 19:36:46+00:00,7250.0,149.7,146.5,147.6,204.0,1309,put,2027-02-19,7730.990234375,2026-08-28T14:38:40.477756+00:00,reference-session last trade
SPX270219P07275000,2026-08-28 14:03:59+00:00,7275.0,152.9,150.7,151.8,9.0,1747,put,2027-02-19,7730.990234375,2026-08-28T14:38:40.477756+00:00,reference-session last trade
SPX270219P07300000,2026-08-28 13:51:13+00:00,7300.0,157.19,155.5,156.3,16.0,1979,put,2027-02-19,7730.990234375,2026-08-28T14:38:40.477756+00:00,reference-session last trade
SPX270219P07325000,2026-08-27 16:49:13+00:00,7325.0,161.58,159.4,160.7,1.0,193,put,2027-02-19,7730.990234375,2026-08-28T14:38:40.477756+00:00,reference-session last trade
SPX270219P07350000,2026-08-27 18:42:38+00:00,7350.0,170.78,164.3,165.3,59.0,2728,put,2027-02-19,7730.990234375,2026-08-28T14:38:40.477756+00:00,reference-session last trade
SPX270219P07375000,2026-08-27 17:43:05+00:00,7375.0,172.16,168.7,170.0,5.0,488,put,2027-02-19,7730.990234375,2026-08-28T14:38:40.477756+00:00,reference-session last trade
SPX270219P07400000,2026-08-28 14:18:14+00:00,7400.0,176.91,174.0,175.0,30.0,3226,put,2027-02-19,7730.990234375,2026-08-28T14:38:40.477756+00:00,reference-session last trade
SPX270219P07425000,2026-08-27 17:58:31+00:00,7425.0,183.51,178.8,180.3,16.0,766,put,2027-02-19,7730.990234375,2026-08-28T14:38:40.477756+00:00,reference-session last trade
SPX270219P07450000,2026-08-27 19:21:04+00:00,7450.0,189.9,184.8,185.8,16.0,404,put,2027-02-19,7730.990234375,2026-08-28T14:38:40.477756+00:00,reference-session last trade
SPX270219P07475000,2026-08-26 19:02:19+00:00,7475.0,207.2,190.8,192.0,1.0,493,put,2027-02-19,7730.990234375,2026-08-28T14:38:40.477756+00:00,reference-session last trade
SPX270219P07500000,2026-08-28 13:51:27+00:00,7500.0,198.5,195.4,196.7,5.0,2232,put,2027-02-19,7730.990234375,2026-08-28T14:38:40.477756+00:00,reference-session last trade
SPX270219P07525000,2026-08-27 17:09:42+00:00,7525.0,203.25,201.7,202.8,4.0,187,put,2027-02-19,7730.990234375,2026-08-28T14:38:40.477756+00:00,reference-session last trade
SPX270219P07550000,2026-08-27 20:03:06+00:00,7550.0,212.08,207.9,209.1,30.0,565,put,2027-02-19,7730.990234375,2026-08-28T14:38:40.477756+00:00,reference-session last trade
SPX270219P07575000,2026-08-26 18:58:53+00:00,7575.0,234.8,215.0,216.1,1.0,166,put,2027-02-19,7730.990234375,2026-08-28T14:38:40.477756+00:00,reference-session last trade
SPX270219P07600000,2026-08-28 13:51:13+00:00,7600.0,223.42,220.6,222.1,8.0,3132,put,2027-02-19,7730.990234375,2026-08-28T14:38:40.477756+00:00,reference-session last trade
SPX270219P07625000,2026-08-27 16:50:12+00:00,7625.0,230.35,228.8,229.8,6.0,2399,put,2027-02-19,7730.990234375,2026-08-28T14:38:40.477756+00:00,reference-session last trade
SPX270219P07650000,2026-08-27 20:05:46+00:00,7650.0,240.2,235.4,236.6,59.0,975,put,2027-02-19,7730.990234375,2026-08-28T14:38:40.477756+00:00,reference-session last trade
SPX270219P07675000,2026-08-28 14:03:57+00:00,7675.0,245.4,242.4,243.6,9.0,338,put,2027-02-19,7730.990234375,2026-08-28T14:38:40.477756+00:00,reference-session last trade
SPX270219P07700000,2026-08-28 14:18:14+00:00,7700.0,254.18,249.9,251.2,5.0,1271,put,2027-02-19,7730.990234375,2026-08-28T14:38:40.477756+00:00,reference-session last trade
SPX270219P07725000,2026-08-28 13:55:42+00:00,7725.0,258.66,258.0,259.4,19.0,454,put,2027-02-19,7730.990234375,2026-08-28T14:38:40.477756+00:00,reference-session last trade
SPX270219P07750000,2026-08-28 13:55:42+00:00,7750.0,267.06,266.5,267.8,3.0,296,put,2027-02-19,7730.990234375,2026-08-28T14:38:40.477756+00:00,reference-session last trade
SPX270219P07775000,2026-08-25 13:48:01+00:00,7775.0,306.06,276.2,277.6,50.0,291,put,2027-02-19,7730.990234375,2026-08-28T14:38:40.477756+00:00,reference-session last trade
SPX270219P07800000,2026-08-28 14:00:10+00:00,7800.0,286.51,285.0,286.2,1.0,543,put,2027-02-19,7730.990234375,2026-08-28T14:38:40.477756+00:00,reference-session last trade
SPX270219P07825000,2026-08-27 19:46:22+00:00,7825.0,298.6,292.8,294.3,21.0,405,put,2027-02-19,7730.990234375,2026-08-28T14:38:40.477756+00:00,reference-session last trade
SPX270219P07850000,2026-08-28 13:36:53+00:00,7850.0,304.5,304.0,305.2,8.0,746,put,2027-02-19,7730.990234375,2026-08-28T14:38:40.477756+00:00,reference-session last trade
SPX270219P07875000,2026-08-28 13:42:03+00:00,7875.0,312.6,313.8,315.0,13.0,419,put,2027-02-19,7730.990234375,2026-08-28T14:38:40.477756+00:00,reference-session last trade
SPX270219P07900000,2026-08-27 19:34:42+00:00,7900.0,331.09,323.8,325.1,150.0,300,put,2027-02-19,7730.990234375,2026-08-28T14:38:40.477756+00:00,reference-session last trade
SPX270219P07925000,2026-08-25 17:32:14+00:00,7925.0,374.02,333.6,335.1,2.0,153,put,2027-02-19,7730.990234375,2026-08-28T14:38:40.477756+00:00,reference-session last trade
SPX270219P07950000,2026-08-21 15:58:09+00:00,7950.0,379.21,344.8,346.3,30.0,361,put,2027-02-19,7730.990234375,2026-08-28T14:38:40.477756+00:00,reference-session last trade
SPX270219P07975000,2026-08-27 14:59:32+00:00,7975.0,367.2,357.3,358.6,2.0,112,put,2027-02-19,7730.990234375,2026-08-28T14:38:40.477756+00:00,reference-session last trade
SPX270219P08000000,2026-08-28 14:00:10+00:00,8000.0,372.2,370.0,371.1,17.0,18757,put,2027-02-19,7730.990234375,2026-08-28T14:38:40.477756+00:00,reference-session last trade
SPX270219P08025000,2026-08-28 13:38:08+00:00,8025.0,382.5,382.7,384.0,4.0,50,put,2027-02-19,7730.990234375,2026-08-28T14:38:40.477756+00:00,reference-session last trade
SPX270219P08050000,2026-08-24 17:14:17+00:00,8050.0,440.52,393.0,394.3,3.0,45,put,2027-02-19,7730.990234375,2026-08-28T14:38:40.477756+00:00,reference-session last trade
SPX270219P08075000,2026-08-25 14:40:33+00:00,8075.0,453.78,406.0,407.5,1.0,49,put,2027-02-19,7730.990234375,2026-08-28T14:38:40.477756+00:00,reference-session last trade
SPX270219P08100000,2026-08-27 16:44:24+00:00,8100.0,424.12,420.9,422.6,1.0,297,put,2027-02-19,7730.990234375,2026-08-28T14:38:40.477756+00:00,reference-session last trade
SPX270219P08125000,2026-08-19 17:49:03+00:00,8125.0,459.52,434.7,436.7,2.0,49,put,2027-02-19,7730.990234375,2026-08-28T14:38:40.477756+00:00,reference-session last trade
SPX270219P08150000,2026-08-26 19:14:41+00:00,8150.0,482.8,448.6,450.4,1.0,44,put,2027-02-19,7730.990234375,2026-08-28T14:38:40.477756+00:00,reference-session last trade
SPX270219P08175000,2026-08-26 19:52:40+00:00,8175.0,498.43,462.1,463.6,1.0,35,put,2027-02-19,7730.990234375,2026-08-28T14:38:40.477756+00:00,reference-session last trade
SPX270219P08200000,2026-08-25 16:34:36+00:00,8200.0,522.88,479.9,481.5,5.0,87,put,2027-02-19,7730.990234375,2026-08-28T14:38:40.477756+00:00,reference-session last trade
SPX270219P08225000,2026-08-19 15:01:43+00:00,8225.0,503.99,493.5,495.3,15.0,49,put,2027-02-19,7730.990234375,2026-08-28T14:38:40.477756+00:00,reference-session last trade
SPX270219P08250000,2026-08-20 06:04:02+00:00,8250.0,530.63,510.1,512.1,1.0,96,put,2027-02-19,7730.990234375,2026-08-28T14:38:40.477756+00:00,reference-session last trade
SPX270219P08275000,2026-08-18 18:32:02+00:00,8275.0,561.08,526.4,528.1,1.0,17,put,2027-02-19,7730.990234375,2026-08-28T14:38:40.477756+00:00,reference-session last trade
SPX270219P08300000,2026-08-13 14:36:38+00:00,8300.0,518.83,542.2,543.8,1.0,59,put,2027-02-19,7730.990234375,2026-08-28T14:38:40.477756+00:00,reference-session last trade
SPX270219P08325000,2026-07-16 14:54:49+00:00,8325.0,696.6,0.0,0.0,1.0,0,put,2027-02-19,7730.990234375,2026-08-28T14:38:40.477756+00:00,reference-session last trade
SPX270219P08350000,2026-08-10 15:11:48+00:00,8350.0,580.4,574.6,576.8,2.0,14,put,2027-02-19,7730.990234375,2026-08-28T14:38:40.477756+00:00,reference-session last trade
SPX270219P08375000,2026-06-05 20:05:45+00:00,8375.0,901.2,784.4,788.2,2.0,0,put,2027-02-19,7730.990234375,2026-08-28T14:38:40.477756+00:00,reference-session last trade
SPX270219P08400000,2026-08-17 15:34:04+00:00,8400.0,602.4,609.8,615.8,1.0,21,put,2027-02-19,7730.990234375,2026-08-28T14:38:40.477756+00:00,reference-session last trade
SPX270219P08450000,2026-08-14 16:22:25+00:00,8450.0,630.28,648.0,654.3,1.0,3,put,2027-02-19,7730.990234375,2026-08-28T14:38:40.477756+00:00,reference-session last trade
SPX270219P08475000,2026-06-02 15:07:15+00:00,8475.0,795.9,861.5,865.5,,0,put,2027-02-19,7730.990234375,2026-08-28T14:38:40.477756+00:00,reference-session last trade
SPX270219P08500000,2026-08-13 15:25:58+00:00,8500.0,664.2,686.8,692.7,2.0,10,put,2027-02-19,7730.990234375,2026-08-28T14:38:40.477756+00:00,reference-session last trade
SPX270219P08525000,2026-06-05 18:24:22+00:00,8525.0,962.24,901.3,905.3,20.0,0,put,2027-02-19,7730.990234375,2026-08-28T14:38:40.477756+00:00,reference-session last trade
SPX270219P08550000,2026-08-18 19:19:44+00:00,8550.0,762.79,724.6,730.5,,1,put,2027-02-19,7730.990234375,2026-08-28T14:38:40.477756+00:00,reference-session last trade
SPX270219P08575000,2026-08-03 15:27:21+00:00,8575.0,872.55,746.3,752.9,,1,put,2027-02-19,7730.990234375,2026-08-28T14:38:40.477756+00:00,reference-session last trade
SPX270219P08600000,2026-03-03 19:37:27+00:00,8600.0,1541.2,1696.3,1865.2,,0,put,2027-02-19,7730.990234375,2026-08-28T14:38:40.477756+00:00,reference-session last trade
SPX270219P08625000,2026-08-13 15:59:49+00:00,8625.0,766.93,785.2,791.5,,1,put,2027-02-19,7730.990234375,2026-08-28T14:38:40.477756+00:00,reference-session last trade
SPX270219P08900000,2026-07-29 19:41:04+00:00,8900.0,1381.6,1020.8,1035.3,,2,put,2027-02-19,7730.990234375,2026-08-28T14:38:40.477756+00:00,reference-session last trade
SPX270219P09000000,2026-07-29 19:40:09+00:00,9000.0,1483.2,1108.7,1129.1,,37,put,2027-02-19,7730.990234375,2026-08-28T14:38:40.477756+00:00,reference-session last trade
SPX270219P09100000,2026-07-29 19:21:08+00:00,9100.0,1527.6,1202.1,1222.3,,4,put,2027-02-19,7730.990234375,2026-08-28T14:38:40.477756+00:00,reference-session last trade
SPX270219P09300000,2026-08-19 14:05:40+00:00,9300.0,1412.61,1391.9,1412.4,,1,put,2027-02-19,7730.990234375,2026-08-28T14:38:40.477756+00:00,reference-session last trade
SPX270219P09800000,2026-02-20 15:03:06+00:00,9800.0,2608.12,2843.0,3028.6,1.0,0,put,2027-02-19,7730.990234375,2026-08-28T14:38:40.477756+00:00,reference-session last trade
SPX270219P10000000,2026-02-20 15:03:06+00:00,10000.0,2799.92,3035.3,3221.4,1.0,0,put,2027-02-19,7730.990234375,2026-08-28T14:38:40.477756+00:00,reference-session last trade
SPX270219P10200000,2026-03-13 17:06:05+00:00,10200.0,3241.53,2717.6,2856.4,,2,put,2027-02-19,7730.990234375,2026-08-28T14:38:40.477756+00:00,reference-session last trade
SPX270219P10400000,2026-02-17 20:47:18+00:00,10400.0,3228.47,3420.0,3576.2,,0,put,2027-02-19,7730.990234375,2026-08-28T14:38:40.477756+00:00,reference-session last trade
SPX270219P10600000,2026-03-05 16:27:20+00:00,10600.0,3455.47,3612.5,3769.2,,0,put,2027-02-19,7730.990234375,2026-08-28T14:38:40.477756+00:00,reference-session last trade
SPX270219P10800000,2026-03-05 16:27:20+00:00,10800.0,3647.97,3804.9,3962.3,,0,put,2027-02-19,7730.990234375,2026-08-28T14:38:40.477756+00:00,reference-session last trade
SPX270219P11200000,2026-07-08 16:33:34+00:00,11200.0,3466.85,0.0,0.0,,0,put,2027-02-19,7730.990234375,2026-08-28T14:38:40.477756+00:00,reference-session last trade
SPX270219P11400000,2026-07-15 15:54:29+00:00,11400.0,3581.87,0.0,0.0,2.0,0,put,2027-02-19,7730.990234375,2026-08-28T14:38:40.477756+00:00,reference-session last trade
SPX270219P11800000,2026-03-18 13:36:25+00:00,11800.0,4730.86,4248.6,4415.4,1.0,2,put,2027-02-19,7730.990234375,2026-08-28T14:38:40.477756+00:00,reference-session last trade
SPX270219P12000000,2026-08-13 20:13:48+00:00,12000.0,3960.29,4026.3,4047.9,3.0,40,put,2027-02-19,7730.990234375,2026-08-28T14:38:40.477756+00:00,reference-session last trade
SPX270820C03100000,2026-08-25 19:01:59+00:00,3100.0,4662.03,4708.1,4746.6,1.0,2,call,2027-08-20,7730.990234375,2026-08-28T14:38:40.477756+00:00,reference-session last trade
SPX270820C04000000,2026-08-25 19:01:59+00:00,4000.0,3815.43,3856.2,3894.9,1.0,3,call,2027-08-20,7730.990234375,2026-08-28T14:38:40.477756+00:00,reference-session last trade
SPX270820C04200000,2026-08-21 08:26:48+00:00,4200.0,3621.71,3673.0,3711.8,1.0,1,call,2027-08-20,7730.990234375,2026-08-28T14:38:40.477756+00:00,reference-session last trade
SPX270820C04650000,2026-08-14 19:27:09+00:00,4650.0,3317.01,3253.7,3291.3,,11,call,2027-08-20,7730.990234375,2026-08-28T14:38:40.477756+00:00,reference-session last trade
SPX270820C05000000,2026-08-27 14:22:24+00:00,5000.0,2919.36,2930.3,2968.4,2.0,38,call,2027-08-20,7730.990234375,2026-08-28T14:38:40.477756+00:00,reference-session last trade
SPX270820C05350000,2026-07-29 18:43:11+00:00,5350.0,2349.06,2606.6,2645.6,,22,call,2027-08-20,7730.990234375,2026-08-28T14:38:40.477756+00:00,reference-session last trade
SPX270820C05650000,2026-08-25 17:07:23+00:00,5650.0,2295.8,2339.2,2375.4,1.0,1,call,2027-08-20,7730.990234375,2026-08-28T14:38:40.477756+00:00,reference-session last trade
SPX270820C05750000,2026-08-14 13:57:16+00:00,5750.0,2338.07,2249.8,2285.4,,2,call,2027-08-20,7730.990234375,2026-08-28T14:38:40.477756+00:00,reference-session last trade
SPX270820C05800000,2026-08-12 13:49:04+00:00,5800.0,2252.42,2204.0,2239.0,,1,call,2027-08-20,7730.990234375,2026-08-28T14:38:40.477756+00:00,reference-session last trade
SPX270820C05900000,2026-08-19 16:02:15+00:00,5900.0,2136.22,2116.7,2150.5,1.0,1,call,2027-08-20,7730.990234375,2026-08-28T14:38:40.477756+00:00,reference-session last trade
SPX270820C05950000,2026-08-21 14:16:49+00:00,5950.0,2030.68,2082.5,2098.4,1.0,23,call,2027-08-20,7730.990234375,2026-08-28T14:38:40.477756+00:00,reference-session last trade
SPX270820C06000000,2026-08-26 18:42:57+00:00,6000.0,1990.32,2038.6,2054.3,3.0,133,call,2027-08-20,7730.990234375,2026-08-28T14:38:40.477756+00:00,reference-session last trade
SPX270820C06100000,2026-08-19 19:42:42+00:00,6100.0,1944.44,1951.5,1966.9,1.0,3,call,2027-08-20,7730.990234375,2026-08-28T14:38:40.477756+00:00,reference-session last trade
SPX270820C06175000,2026-07-29 16:04:57+00:00,6175.0,1590.36,1886.7,1901.9,,1,call,2027-08-20,7730.990234375,2026-08-28T14:38:40.477756+00:00,reference-session last trade
SPX270820C06350000,2026-08-18 16:19:06+00:00,6350.0,1727.94,1737.2,1751.3,3.0,3,call,2027-08-20,7730.990234375,2026-08-28T14:38:40.477756+00:00,reference-session last trade
SPX270820C06375000,2026-08-20 18:08:29+00:00,6375.0,1660.4,1715.9,1730.4,,1,call,2027-08-20,7730.990234375,2026-08-28T14:38:40.477756+00:00,reference-session last trade
SPX270820C06450000,2026-08-13 14:07:22+00:00,6450.0,1732.8,1652.7,1667.2,,1,call,2027-08-20,7730.990234375,2026-08-28T14:38:40.477756+00:00,reference-session last trade
SPX270820C06475000,2026-08-26 17:12:00+00:00,6475.0,1579.86,1633.6,1647.6,4.0,3,call,2027-08-20,7730.990234375,2026-08-28T14:38:40.477756+00:00,reference-session last trade
SPX270820C06500000,2026-08-24 18:56:56+00:00,6500.0,1554.62,1610.7,1624.8,1.0,12,call,2027-08-20,7730.990234375,2026-08-28T14:38:40.477756+00:00,reference-session last trade
SPX270820C06525000,2026-08-10 19:29:55+00:00,6525.0,1633.46,1588.9,1603.7,1.0,2,call,2027-08-20,7730.990234375,2026-08-28T14:38:40.477756+00:00,reference-session last trade
SPX270820C06575000,2026-08-14 19:27:09+00:00,6575.0,1611.41,1550.0,1563.8,,10,call,2027-08-20,7730.990234375,2026-08-28T14:38:40.477756+00:00,reference-session last trade
SPX270820C06600000,2026-08-27 16:59:20+00:00,6600.0,1534.55,1528.2,1541.9,1.0,5,call,2027-08-20,7730.990234375,2026-08-28T14:38:40.477756+00:00,reference-session last trade
SPX270820C06650000,2026-08-17 18:19:22+00:00,6650.0,1527.4,1485.2,1499.0,,2,call,2027-08-20,7730.990234375,2026-08-28T14:38:40.477756+00:00,reference-session last trade
SPX270820C06700000,2026-08-18 16:50:14+00:00,6700.0,1443.76,1445.5,1459.0,1.0,10,call,2027-08-20,7730.990234375,2026-08-28T14:38:40.477756+00:00,reference-session last trade
SPX270820C06750000,2026-08-07 14:20:40+00:00,6750.0,1437.45,1405.2,1418.5,1.0,4,call,2027-08-20,7730.990234375,2026-08-28T14:38:40.477756+00:00,reference-session last trade
SPX270820C06775000,2026-07-17 15:08:48+00:00,6775.0,1229.37,0.0,0.0,2.0,0,call,2027-08-20,7730.990234375,2026-08-28T14:38:40.477756+00:00,reference-session last trade
SPX270820C06800000,2026-07-17 15:11:21+00:00,6800.0,1206.62,0.0,0.0,4.0,0,call,2027-08-20,7730.990234375,2026-08-28T14:38:40.477756+00:00,reference-session last trade
SPX270820C06825000,2026-07-23 14:52:41+00:00,6825.0,1142.13,0.0,0.0,1.0,0,call,2027-08-20,7730.990234375,2026-08-28T14:38:40.477756+00:00,reference-session last trade
SPX270820C06875000,2026-07-29 14:38:04+00:00,6875.0,1061.4,1306.2,1319.1,,6,call,2027-08-20,7730.990234375,2026-08-28T14:38:40.477756+00:00,reference-session last trade
SPX270820C06900000,2026-08-20 16:27:12+00:00,6900.0,1255.51,1284.8,1297.8,1.0,3,call,2027-08-20,7730.990234375,2026-08-28T14:38:40.477756+00:00,reference-session last trade
SPX270820C06950000,2026-08-03 16:00:14+00:00,6950.0,1154.64,1244.0,1257.0,1.0,2,call,2027-08-20,7730.990234375,2026-08-28T14:38:40.477756+00:00,reference-session last trade
SPX270820C06975000,2026-08-19 18:38:04+00:00,6975.0,1230.09,1224.4,1237.3,2.0,2,call,2027-08-20,7730.990234375,2026-08-28T14:38:40.477756+00:00,reference-session last trade
SPX270820C07000000,2026-08-27 18:49:54+00:00,7000.0,1194.59,1206.1,1218.8,16.0,208,call,2027-08-20,7730.990234375,2026-08-28T14:38:40.477756+00:00,reference-session last trade
SPX270820C07025000,2026-08-18 17:37:25+00:00,7025.0,1181.57,1181.0,1202.7,2.0,2,call,2027-08-20,7730.990234375,2026-08-28T14:38:40.477756+00:00,reference-session last trade
SPX270820C07050000,2026-08-13 14:06:48+00:00,7050.0,1248.65,1167.4,1179.9,1.0,1,call,2027-08-20,7730.990234375,2026-08-28T14:38:40.477756+00:00,reference-session last trade
SPX270820C07075000,2026-08-19 18:19:27+00:00,7075.0,1150.46,1149.4,1163.0,2.0,7,call,2027-08-20,7730.990234375,2026-08-28T14:38:40.477756+00:00,reference-session last trade
SPX270820C07100000,2026-08-17 16:17:18+00:00,7100.0,1187.06,1129.3,1141.6,34.0,18,call,2027-08-20,7730.990234375,2026-08-28T14:38:40.477756+00:00,reference-session last trade
SPX270820C07125000,2026-08-24 19:51:54+00:00,7125.0,1056.62,1109.8,1122.1,2.0,24,call,2027-08-20,7730.990234375,2026-08-28T14:38:40.477756+00:00,reference-session last trade
SPX270820C07150000,2026-08-24 18:44:59+00:00,7150.0,1043.49,1090.6,1102.9,5.0,25,call,2027-08-20,7730.990234375,2026-08-28T14:38:40.477756+00:00,reference-session last trade
SPX270820C07175000,2026-08-14 19:11:28+00:00,7175.0,1135.06,1074.5,1077.2,,11,call,2027-08-20,7730.990234375,2026-08-28T14:38:40.477756+00:00,reference-session last trade
SPX270820C07200000,2026-08-17 15:50:35+00:00,7200.0,1107.82,1058.1,1060.6,1.0,4,call,2027-08-20,7730.990234375,2026-08-28T14:38:40.477756+00:00,reference-session last trade
SPX270820C07225000,2026-08-13 14:08:30+00:00,7225.0,1113.34,1038.2,1040.6,2.0,1,call,2027-08-20,7730.990234375,2026-08-28T14:38:40.477756+00:00,reference-session last trade
SPX270820C07250000,2026-08-27 18:33:15+00:00,7250.0,1004.67,1018.5,1021.0,8.0,11,call,2027-08-20,7730.990234375,2026-08-28T14:38:40.477756+00:00,reference-session last trade
SPX270820C07275000,2026-08-24 16:23:26+00:00,7275.0,955.59,1001.7,1004.3,2.0,2,call,2027-08-20,7730.990234375,2026-08-28T14:38:40.477756+00:00,reference-session last trade
SPX270820C07300000,2026-08-25 18:14:54+00:00,7300.0,935.09,982.4,984.7,2.0,30,call,2027-08-20,7730.990234375,2026-08-28T14:38:40.477756+00:00,reference-session last trade
SPX270820C07325000,2026-08-19 17:58:54+00:00,7325.0,966.35,963.9,966.6,,1,call,2027-08-20,7730.990234375,2026-08-28T14:38:40.477756+00:00,reference-session last trade
SPX270820C07350000,2026-08-10 19:50:34+00:00,7350.0,990.7,944.0,947.0,2.0,5,call,2027-08-20,7730.990234375,2026-08-28T14:38:40.477756+00:00,reference-session last trade
SPX270820C07375000,2026-08-14 17:32:40+00:00,7375.0,985.67,926.6,929.5,29.0,65,call,2027-08-20,7730.990234375,2026-08-28T14:38:40.477756+00:00,reference-session last trade
SPX270820C07400000,2026-08-25 20:04:41+00:00,7400.0,870.8,911.8,914.2,1.0,193,call,2027-08-20,7730.990234375,2026-08-28T14:38:40.477756+00:00,reference-session last trade
SPX270820C07425000,2026-08-24 15:02:41+00:00,7425.0,837.01,890.9,893.3,1.0,2,call,2027-08-20,7730.990234375,2026-08-28T14:38:40.477756+00:00,reference-session last trade
SPX270820C07450000,2026-08-24 17:06:39+00:00,7450.0,825.29,874.4,877.2,2.0,6,call,2027-08-20,7730.990234375,2026-08-28T14:38:40.477756+00:00,reference-session last trade
SPX270820C07475000,2026-08-20 14:38:46+00:00,7475.0,836.71,856.3,858.8,1.0,501,call,2027-08-20,7730.990234375,2026-08-28T14:38:40.477756+00:00,reference-session last trade
SPX270820C07500000,2026-08-27 15:46:56+00:00,7500.0,821.77,834.9,846.4,11.0,892,call,2027-08-20,7730.990234375,2026-08-28T14:38:40.477756+00:00,reference-session last trade
SPX270820C07525000,2026-08-17 15:29:14+00:00,7525.0,877.1,817.8,829.1,2.0,503,call,2027-08-20,7730.990234375,2026-08-28T14:38:40.477756+00:00,reference-session last trade
SPX270820C07550000,2026-08-24 18:34:11+00:00,7550.0,761.24,803.9,806.4,7.0,4,call,2027-08-20,7730.990234375,2026-08-28T14:38:40.477756+00:00,reference-session last trade
SPX270820C07575000,2026-08-26 18:42:57+00:00,7575.0,747.32,785.6,788.2,3.0,812,call,2027-08-20,7730.990234375,2026-08-28T14:38:40.477756+00:00,reference-session last trade
SPX270820C07600000,2026-08-28 13:42:03+00:00,7600.0,774.67,769.6,772.4,1.0,1825,call,2027-08-20,7730.990234375,2026-08-28T14:38:40.477756+00:00,reference-session last trade
SPX270820C07625000,2026-08-27 16:03:04+00:00,7625.0,745.61,752.9,755.5,3.0,704,call,2027-08-20,7730.990234375,2026-08-28T14:38:40.477756+00:00,reference-session last trade
SPX270820C07650000,2026-08-27 15:29:24+00:00,7650.0,727.32,735.3,737.6,450.0,2001,call,2027-08-20,7730.990234375,2026-08-28T14:38:40.477756+00:00,reference-session last trade
SPX270820C07675000,2026-08-27 14:14:32+00:00,7675.0,699.4,720.1,722.1,4.0,1687,call,2027-08-20,7730.990234375,2026-08-28T14:38:40.477756+00:00,reference-session last trade
SPX270820C07700000,2026-08-28 13:42:03+00:00,7700.0,707.74,704.1,706.3,1.0,3720,call,2027-08-20,7730.990234375,2026-08-28T14:38:40.477756+00:00,reference-session last trade
SPX270820C07725000,2026-08-28 14:03:57+00:00,7725.0,685.0,688.6,690.8,6.0,1558,call,2027-08-20,7730.990234375,2026-08-28T14:38:40.477756+00:00,reference-session last trade
SPX270820C07750000,2026-08-27 18:33:15+00:00,7750.0,658.11,671.4,673.1,1.0,3211,call,2027-08-20,7730.990234375,2026-08-28T14:38:40.477756+00:00,reference-session last trade
SPX270820C07775000,2026-08-27 15:55:29+00:00,7775.0,646.82,656.4,658.4,63.0,1762,call,2027-08-20,7730.990234375,2026-08-28T14:38:40.477756+00:00,reference-session last trade
SPX270820C07800000,2026-08-27 16:44:50+00:00,7800.0,638.1,639.5,641.4,125.0,1545,call,2027-08-20,7730.990234375,2026-08-28T14:38:40.477756+00:00,reference-session last trade
SPX270820C07825000,2026-08-26 17:12:00+00:00,7825.0,582.71,623.1,626.7,4.0,157,call,2027-08-20,7730.990234375,2026-08-28T14:38:40.477756+00:00,reference-session last trade
SPX270820C07850000,2026-08-26 16:00:47+00:00,7850.0,569.44,608.3,610.4,2.0,77,call,2027-08-20,7730.990234375,2026-08-28T14:38:40.477756+00:00,reference-session last trade
SPX270820C07875000,2026-08-17 20:07:12+00:00,7875.0,626.49,592.4,594.5,,1,call,2027-08-20,7730.990234375,2026-08-28T14:38:40.477756+00:00,reference-session last trade
SPX270820C07900000,2026-08-27 19:48:41+00:00,7900.0,569.49,577.9,579.8,13.0,550,call,2027-08-20,7730.990234375,2026-08-28T14:38:40.477756+00:00,reference-session last trade
SPX270820C07925000,2026-08-24 20:12:06+00:00,7925.0,519.39,562.3,564.3,1.0,7,call,2027-08-20,7730.990234375,2026-08-28T14:38:40.477756+00:00,reference-session last trade
SPX270820C07950000,2026-08-26 19:50:21+00:00,7950.0,519.8,548.8,551.3,61.0,78,call,2027-08-20,7730.990234375,2026-08-28T14:38:40.477756+00:00,reference-session last trade
SPX270820C07975000,2026-08-24 19:18:21+00:00,7975.0,493.6,533.0,535.1,20.0,121,call,2027-08-20,7730.990234375,2026-08-28T14:38:40.477756+00:00,reference-session last trade
SPX270820C08000000,2026-08-27 18:49:54+00:00,8000.0,507.25,518.5,521.9,16.0,793,call,2027-08-20,7730.990234375,2026-08-28T14:38:40.477756+00:00,reference-session last trade
SPX270820C08025000,2026-08-20 14:38:46+00:00,8025.0,491.57,505.6,508.1,1.0,25,call,2027-08-20,7730.990234375,2026-08-28T14:38:40.477756+00:00,reference-session last trade
SPX270820C08050000,2026-08-27 19:16:04+00:00,8050.0,479.6,490.5,492.8,2.0,195,call,2027-08-20,7730.990234375,2026-08-28T14:38:40.477756+00:00,reference-session last trade
SPX270820C08075000,2026-08-25 19:47:27+00:00,8075.0,445.02,476.9,478.7,115.0,308,call,2027-08-20,7730.990234375,2026-08-28T14:38:40.477756+00:00,reference-session last trade
SPX270820C08100000,2026-08-26 18:22:23+00:00,8100.0,432.31,463.4,465.3,1.0,530,call,2027-08-20,7730.990234375,2026-08-28T14:38:40.477756+00:00,reference-session last trade
SPX270820C08125000,2026-08-27 20:14:25+00:00,8125.0,441.89,451.4,453.6,104.0,112,call,2027-08-20,7730.990234375,2026-08-28T14:38:40.477756+00:00,reference-session last trade
SPX270820C08150000,2026-08-25 19:48:25+00:00,8150.0,406.73,436.8,439.0,36.0,422,call,2027-08-20,7730.990234375,2026-08-28T14:38:40.477756+00:00,reference-session last trade
SPX270820C08175000,2026-08-18 17:52:33+00:00,8175.0,424.5,425.3,427.3,1.0,23,call,2027-08-20,7730.990234375,2026-08-28T14:38:40.477756+00:00,reference-session last trade
SPX270820C08200000,2026-08-27 20:14:39+00:00,8200.0,403.2,411.2,414.0,2.0,263,call,2027-08-20,7730.990234375,2026-08-28T14:38:40.477756+00:00,reference-session last trade
SPX270820C08225000,2026-08-24 16:23:26+00:00,8225.0,368.67,398.8,400.7,2.0,244,call,2027-08-20,7730.990234375,2026-08-28T14:38:40.477756+00:00,reference-session last trade
SPX270820C08250000,2026-08-27 14:28:37+00:00,8250.0,375.9,386.6,389.2,7.0,952,call,2027-08-20,7730.990234375,2026-08-28T14:38:40.477756+00:00,reference-session last trade
SPX270820C08275000,2026-08-27 15:41:01+00:00,8275.0,365.06,373.9,376.0,2.0,24,call,2027-08-20,7730.990234375,2026-08-28T14:38:40.477756+00:00,reference-session last trade
SPX270820C08300000,2026-08-27 16:39:35+00:00,8300.0,359.75,364.3,366.1,500.0,3298,call,2027-08-20,7730.990234375,2026-08-28T14:38:40.477756+00:00,reference-session last trade
SPX270820C08325000,2026-08-27 15:49:36+00:00,8325.0,339.72,351.3,353.3,150.0,181,call,2027-08-20,7730.990234375,2026-08-28T14:38:40.477756+00:00,reference-session last trade
SPX270820C08350000,2026-08-28 13:59:20+00:00,8350.0,340.97,340.1,342.1,4.0,190,call,2027-08-20,7730.990234375,2026-08-28T14:38:40.477756+00:00,reference-session last trade
SPX270820C08375000,2026-08-27 15:55:29+00:00,8375.0,323.22,329.0,331.0,63.0,176,call,2027-08-20,7730.990234375,2026-08-28T14:38:40.477756+00:00,reference-session last trade
SPX270820C08400000,2026-08-25 20:02:14+00:00,8400.0,295.35,319.4,321.4,95.0,853,call,2027-08-20,7730.990234375,2026-08-28T14:38:40.477756+00:00,reference-session last trade
SPX270820C08425000,2026-08-25 14:33:24+00:00,8425.0,282.01,308.9,310.8,2.0,81,call,2027-08-20,7730.990234375,2026-08-28T14:38:40.477756+00:00,reference-session last trade
SPX270820C08450000,2026-08-27 19:50:37+00:00,8450.0,290.35,296.8,298.7,1.0,60,call,2027-08-20,7730.990234375,2026-08-28T14:38:40.477756+00:00,reference-session last trade
SPX270820C08475000,2026-08-18 16:25:21+00:00,8475.0,291.84,288.5,290.5,8.0,50,call,2027-08-20,7730.990234375,2026-08-28T14:38:40.477756+00:00,reference-session last trade
SPX270820C08500000,2026-08-27 17:36:05+00:00,8500.0,279.31,276.8,278.8,130.0,1412,call,2027-08-20,7730.990234375,2026-08-28T14:38:40.477756+00:00,reference-session last trade
SPX270820C08525000,2026-08-26 16:00:47+00:00,8525.0,244.45,269.1,270.9,4.0,120,call,2027-08-20,7730.990234375,2026-08-28T14:38:40.477756+00:00,reference-session last trade
SPX270820C08550000,2026-08-27 16:44:26+00:00,8550.0,258.13,259.2,261.1,28.0,136,call,2027-08-20,7730.990234375,2026-08-28T14:38:40.477756+00:00,reference-session last trade
SPX270820C08575000,2026-08-25 19:42:27+00:00,8575.0,229.3,249.6,251.6,2.0,21,call,2027-08-20,7730.990234375,2026-08-28T14:38:40.477756+00:00,reference-session last trade
SPX270820C08600000,2026-08-24 19:46:52+00:00,8600.0,214.17,241.4,243.2,62.0,461,call,2027-08-20,7730.990234375,2026-08-28T14:38:40.477756+00:00,reference-session last trade
SPX270820C08625000,2026-08-27 17:56:32+00:00,8625.0,231.66,232.6,234.3,4.0,342,call,2027-08-20,7730.990234375,2026-08-28T14:38:40.477756+00:00,reference-session last trade
SPX270820C08650000,2026-08-24 20:03:47+00:00,8650.0,199.63,224.0,225.6,7.0,167,call,2027-08-20,7730.990234375,2026-08-28T14:38:40.477756+00:00,reference-session last trade
SPX270820C08675000,2026-08-27 20:14:48+00:00,8675.0,210.3,215.7,217.2,4.0,36,call,2027-08-20,7730.990234375,2026-08-28T14:38:40.477756+00:00,reference-session last trade
SPX270820C08700000,2026-08-26 19:09:05+00:00,8700.0,192.9,208.4,209.9,2.0,1063,call,2027-08-20,7730.990234375,2026-08-28T14:38:40.477756+00:00,reference-session last trade
SPX270820C08750000,2026-08-27 18:40:15+00:00,8750.0,187.75,193.6,195.0,106.0,327,call,2027-08-20,7730.990234375,2026-08-28T14:38:40.477756+00:00,reference-session last trade
SPX270820C08800000,2026-08-27 19:57:07+00:00,8800.0,176.7,178.4,179.9,109.0,1082,call,2027-08-20,7730.990234375,2026-08-28T14:38:40.477756+00:00,reference-session last trade
SPX270820C08850000,2026-08-27 19:59:52+00:00,8850.0,163.9,166.0,167.4,369.0,917,call,2027-08-20,7730.990234375,2026-08-28T14:38:40.477756+00:00,reference-session last trade
SPX270820C08900000,2026-08-27 19:58:58+00:00,8900.0,151.5,153.3,154.7,54.0,840,call,2027-08-20,7730.990234375,2026-08-28T14:38:40.477756+00:00,reference-session last trade
SPX270820C08950000,2026-08-27 19:59:23+00:00,8950.0,140.4,141.6,142.9,43.0,1782,call,2027-08-20,7730.990234375,2026-08-28T14:38:40.477756+00:00,reference-session last trade
SPX270820C09000000,2026-08-27 19:59:03+00:00,9000.0,129.4,131.3,132.8,26.0,2294,call,2027-08-20,7730.990234375,2026-08-28T14:38:40.477756+00:00,reference-session last trade
SPX270820C09050000,2026-08-27 19:57:10+00:00,9050.0,118.9,121.0,122.5,9.0,848,call,2027-08-20,7730.990234375,2026-08-28T14:38:40.477756+00:00,reference-session last trade
SPX270820C09100000,2026-08-27 19:50:37+00:00,9100.0,107.55,111.1,112.5,1.0,132,call,2027-08-20,7730.990234375,2026-08-28T14:38:40.477756+00:00,reference-session last trade
SPX270820C09200000,2026-08-27 16:44:26+00:00,9200.0,93.49,94.2,95.5,96.0,389,call,2027-08-20,7730.990234375,2026-08-28T14:38:40.477756+00:00,reference-session last trade
SPX270820C09300000,2026-08-27 13:36:04+00:00,9300.0,72.6,78.9,80.1,100.0,154,call,2027-08-20,7730.990234375,2026-08-28T14:38:40.477756+00:00,reference-session last trade
SPX270820C09400000,2026-08-27 17:01:48+00:00,9400.0,66.98,66.5,67.7,9.0,171,call,2027-08-20,7730.990234375,2026-08-28T14:38:40.477756+00:00,reference-session last trade
SPX270820C09500000,2026-08-27 20:13:57+00:00,9500.0,53.5,55.1,56.3,7.0,74,call,2027-08-20,7730.990234375,2026-08-28T14:38:40.477756+00:00,reference-session last trade
SPX270820C09600000,2026-08-27 18:43:33+00:00,9600.0,44.16,46.0,46.9,20.0,437,call,2027-08-20,7730.990234375,2026-08-28T14:38:40.477756+00:00,reference-session last trade
SPX270820C09700000,2026-08-24 20:12:17+00:00,9700.0,31.71,38.0,38.9,12.0,291,call,2027-08-20,7730.990234375,2026-08-28T14:38:40.477756+00:00,reference-session last trade
SPX270820C09800000,2026-08-19 18:41:44+00:00,9800.0,32.43,31.0,31.9,30.0,72,call,2027-08-20,7730.990234375,2026-08-28T14:38:40.477756+00:00,reference-session last trade
SPX270820C10000000,2026-08-27 19:28:43+00:00,10000.0,19.9,21.1,21.8,113.0,276,call,2027-08-20,7730.990234375,2026-08-28T14:38:40.477756+00:00,reference-session last trade
SPX270820C10200000,2026-08-27 14:52:27+00:00,10200.0,13.99,14.5,15.1,2.0,817,call,2027-08-20,7730.990234375,2026-08-28T14:38:40.477756+00:00,reference-session last trade
SPX270820C10400000,2026-08-25 17:48:35+00:00,10400.0,8.75,10.1,10.7,2.0,218,call,2027-08-20,7730.990234375,2026-08-28T14:38:40.477756+00:00,reference-session last trade
SPX270820C10600000,2026-08-25 14:05:19+00:00,10600.0,6.55,7.2,7.7,39.0,36,call,2027-08-20,7730.990234375,2026-08-28T14:38:40.477756+00:00,reference-session last trade
SPX270820C10800000,2026-08-26 17:22:07+00:00,10800.0,4.77,5.3,5.9,2.0,9,call,2027-08-20,7730.990234375,2026-08-28T14:38:40.477756+00:00,reference-session last trade
SPX270820C11000000,2026-08-26 17:21:14+00:00,11000.0,3.7,4.1,4.5,1.0,52,call,2027-08-20,7730.990234375,2026-08-28T14:38:40.477756+00:00,reference-session last trade
SPX270820C11200000,2026-08-25 17:50:39+00:00,11200.0,3.06,3.2,3.6,6.0,75,call,2027-08-20,7730.990234375,2026-08-28T14:38:40.477756+00:00,reference-session last trade
SPX270820C11400000,2026-08-24 14:49:25+00:00,11400.0,2.44,2.6,3.0,8.0,162,call,2027-08-20,7730.990234375,2026-08-28T14:38:40.477756+00:00,reference-session last trade
SPX270820C11600000,2026-08-25 14:05:19+00:00,11600.0,2.1,2.05,2.45,87.0,65,call,2027-08-20,7730.990234375,2026-08-28T14:38:40.477756+00:00,reference-session last trade
SPX270820C11800000,2026-08-26 17:22:07+00:00,11800.0,1.69,1.7,2.05,6.0,151,call,2027-08-20,7730.990234375,2026-08-28T14:38:40.477756+00:00,reference-session last trade
SPX270820C12000000,2026-08-28 14:15:48+00:00,12000.0,1.59,1.4,1.7,6.0,326,call,2027-08-20,7730.990234375,2026-08-28T14:38:40.477756+00:00,reference-session last trade
SPX270820C12200000,2026-08-27 16:40:25+00:00,12200.0,1.3,1.15,1.4,1.0,73,call,2027-08-20,7730.990234375,2026-08-28T14:38:40.477756+00:00,reference-session last trade
SPX270820C12400000,2026-08-27 17:10:24+00:00,12400.0,1.1,1.0,1.2,1.0,9,call,2027-08-20,7730.990234375,2026-08-28T14:38:40.477756+00:00,reference-session last trade
SPX270820C12600000,2026-08-13 16:19:01+00:00,12600.0,1.6,0.85,1.1,1.0,7,call,2027-08-20,7730.990234375,2026-08-28T14:38:40.477756+00:00,reference-session last trade
SPX270820C12800000,2026-08-04 17:26:11+00:00,12800.0,1.5,0.7,1.0,5.0,10,call,2027-08-20,7730.990234375,2026-08-28T14:38:40.477756+00:00,reference-session last trade
SPX270820C13000000,2026-08-10 15:36:34+00:00,13000.0,1.15,0.6,0.9,2.0,9,call,2027-08-20,7730.990234375,2026-08-28T14:38:40.477756+00:00,reference-session last trade
SPX270820C13200000,2026-08-28 14:15:48+00:00,13200.0,0.63,0.5,0.8,18.0,189,call,2027-08-20,7730.990234375,2026-08-28T14:38:40.477756+00:00,reference-session last trade
SPX270820P03100000,2026-08-27 13:30:40+00:00,3100.0,13.9,13.0,13.5,6.0,651,put,2027-08-20,7730.990234375,2026-08-28T14:38:40.477756+00:00,reference-session last trade
SPX270820P03200000,2026-07-31 14:05:40+00:00,3200.0,20.3,14.1,14.6,2.0,2,put,2027-08-20,7730.990234375,2026-08-28T14:38:40.477756+00:00,reference-session last trade
SPX270820P03300000,2026-08-27 20:12:24+00:00,3300.0,15.6,15.2,15.7,14.0,78,put,2027-08-20,7730.990234375,2026-08-28T14:38:40.477756+00:00,reference-session last trade
SPX270820P03400000,2026-08-27 18:56:01+00:00,3400.0,17.0,16.5,17.0,3.0,69,put,2027-08-20,7730.990234375,2026-08-28T14:38:40.477756+00:00,reference-session last trade
SPX270820P03500000,2026-08-12 15:18:32+00:00,3500.0,20.3,17.7,18.3,5.0,5,put,2027-08-20,7730.990234375,2026-08-28T14:38:40.477756+00:00,reference-session last trade
SPX270820P03600000,2026-08-28 13:45:20+00:00,3600.0,19.46,19.3,19.8,128.0,8,put,2027-08-20,7730.990234375,2026-08-28T14:38:40.477756+00:00,reference-session last trade
SPX270820P03700000,2026-08-13 14:58:03+00:00,3700.0,22.9,20.6,21.2,4.0,108,put,2027-08-20,7730.990234375,2026-08-28T14:38:40.477756+00:00,reference-session last trade
SPX270820P03800000,2026-08-20 17:49:34+00:00,3800.0,25.8,22.2,22.7,32.0,88,put,2027-08-20,7730.990234375,2026-08-28T14:38:40.477756+00:00,reference-session last trade
SPX270820P03900000,2026-08-26 18:06:22+00:00,3900.0,25.5,23.8,24.4,2.0,146,put,2027-08-20,7730.990234375,2026-08-28T14:38:40.477756+00:00,reference-session last trade
SPX270820P04000000,2026-08-25 19:01:59+00:00,4000.0,27.9,25.6,26.2,4.0,77,put,2027-08-20,7730.990234375,2026-08-28T14:38:40.477756+00:00,reference-session last trade
SPX270820P04100000,2026-08-18 13:55:50+00:00,4100.0,32.5,27.4,28.0,4.0,30,put,2027-08-20,7730.990234375,2026-08-28T14:38:40.477756+00:00,reference-session last trade
SPX270820P04200000,2026-07-27 14:25:24+00:00,4200.0,42.88,29.3,30.0,1.0,4,put,2027-08-20,7730.990234375,2026-08-28T14:38:40.477756+00:00,reference-session last trade
SPX270820P04300000,2026-08-27 20:14:31+00:00,4300.0,31.9,31.4,32.2,14.0,25,put,2027-08-20,7730.990234375,2026-08-28T14:38:40.477756+00:00,reference-session last trade
SPX270820P04400000,2026-08-27 18:56:01+00:00,4400.0,34.82,33.7,34.5,1.0,6,put,2027-08-20,7730.990234375,2026-08-28T14:38:40.477756+00:00,reference-session last trade
SPX270820P04500000,2026-08-26 17:50:44+00:00,4500.0,38.8,36.2,36.9,5.0,332,put,2027-08-20,7730.990234375,2026-08-28T14:38:40.477756+00:00,reference-session last trade
SPX270820P04550000,2026-08-13 14:02:22+00:00,4550.0,41.31,37.5,38.2,4.0,7,put,2027-08-20,7730.990234375,2026-08-28T14:38:40.477756+00:00,reference-session last trade
SPX270820P04600000,2026-08-13 14:58:03+00:00,4600.0,42.7,38.7,39.5,2.0,5,put,2027-08-20,7730.990234375,2026-08-28T14:38:40.477756+00:00,reference-session last trade
SPX270820P04650000,2026-08-11 17:57:56+00:00,4650.0,45.9,40.0,40.8,1.0,4,put,2027-08-20,7730.990234375,2026-08-28T14:38:40.477756+00:00,reference-session last trade
SPX270820P04700000,2026-08-27 15:24:50+00:00,4700.0,42.39,41.5,42.3,4.0,204,put,2027-08-20,7730.990234375,2026-08-28T14:38:40.477756+00:00,reference-session last trade
SPX270820P04750000,2026-08-25 16:25:58+00:00,4750.0,46.9,43.0,43.8,1.0,7,put,2027-08-20,7730.990234375,2026-08-28T14:38:40.477756+00:00,reference-session last trade
SPX270820P04800000,2026-08-28 13:45:20+00:00,4800.0,44.82,44.4,45.3,64.0,425,put,2027-08-20,7730.990234375,2026-08-28T14:38:40.477756+00:00,reference-session last trade
SPX270820P04850000,2026-08-12 13:37:10+00:00,4850.0,51.89,46.2,47.0,16.0,10,put,2027-08-20,7730.990234375,2026-08-28T14:38:40.477756+00:00,reference-session last trade
SPX270820P04900000,2026-08-20 17:13:56+00:00,4900.0,54.4,47.7,48.6,200.0,207,put,2027-08-20,7730.990234375,2026-08-28T14:38:40.477756+00:00,reference-session last trade
SPX270820P04950000,2026-08-21 19:40:23+00:00,4950.0,54.9,49.5,50.3,18.0,50,put,2027-08-20,7730.990234375,2026-08-28T14:38:40.477756+00:00,reference-session last trade
SPX270820P05000000,2026-08-27 14:22:24+00:00,5000.0,52.85,51.2,52.1,2.0,392,put,2027-08-20,7730.990234375,2026-08-28T14:38:40.477756+00:00,reference-session last trade
SPX270820P05050000,2026-08-27 20:09:58+00:00,5050.0,54.3,53.1,54.0,4.0,243,put,2027-08-20,7730.990234375,2026-08-28T14:38:40.477756+00:00,reference-session last trade
SPX270820P05100000,2026-08-27 20:03:40+00:00,5100.0,56.2,54.9,55.8,6.0,778,put,2027-08-20,7730.990234375,2026-08-28T14:38:40.477756+00:00,reference-session last trade
SPX270820P05150000,2026-08-27 16:10:35+00:00,5150.0,57.9,56.9,57.7,69.0,71,put,2027-08-20,7730.990234375,2026-08-28T14:38:40.477756+00:00,reference-session last trade
SPX270820P05200000,2026-08-26 19:04:56+00:00,5200.0,62.46,59.0,59.9,2.0,86,put,2027-08-20,7730.990234375,2026-08-28T14:38:40.477756+00:00,reference-session last trade
SPX270820P05250000,2026-08-18 13:36:17+00:00,5250.0,72.15,61.2,62.1,3.0,11,put,2027-08-20,7730.990234375,2026-08-28T14:38:40.477756+00:00,reference-session last trade
SPX270820P05300000,2026-08-26 14:22:12+00:00,5300.0,68.75,63.2,64.2,3.0,8,put,2027-08-20,7730.990234375,2026-08-28T14:38:40.477756+00:00,reference-session last trade
SPX270820P05325000,2026-08-26 14:22:12+00:00,5325.0,70.05,64.6,65.5,3.0,5,put,2027-08-20,7730.990234375,2026-08-28T14:38:40.477756+00:00,reference-session last trade
SPX270820P05350000,2026-08-24 16:40:49+00:00,5350.0,72.69,65.6,66.6,4.0,7,put,2027-08-20,7730.990234375,2026-08-28T14:38:40.477756+00:00,reference-session last trade
SPX270820P05375000,2026-08-24 17:28:59+00:00,5375.0,74.57,67.0,68.0,8.0,27,put,2027-08-20,7730.990234375,2026-08-28T14:38:40.477756+00:00,reference-session last trade
SPX270820P05400000,2026-08-27 17:40:06+00:00,5400.0,69.1,68.1,69.0,21.0,69,put,2027-08-20,7730.990234375,2026-08-28T14:38:40.477756+00:00,reference-session last trade
SPX270820P05425000,2026-08-21 16:06:36+00:00,5425.0,77.17,69.3,70.3,1.0,7,put,2027-08-20,7730.990234375,2026-08-28T14:38:40.477756+00:00,reference-session last trade
SPX270820P05450000,2026-08-20 17:38:03+00:00,5450.0,81.37,70.7,71.7,2.0,10,put,2027-08-20,7730.990234375,2026-08-28T14:38:40.477756+00:00,reference-session last trade
SPX270820P05475000,2026-08-21 15:39:07+00:00,5475.0,79.7,72.0,73.0,1.0,23,put,2027-08-20,7730.990234375,2026-08-28T14:38:40.477756+00:00,reference-session last trade
SPX270820P05500000,2026-08-21 16:14:00+00:00,5500.0,81.23,73.2,74.2,300.0,367,put,2027-08-20,7730.990234375,2026-08-28T14:38:40.477756+00:00,reference-session last trade
SPX270820P05525000,2026-08-04 19:00:56+00:00,5525.0,86.4,74.5,75.5,3.0,4,put,2027-08-20,7730.990234375,2026-08-28T14:38:40.477756+00:00,reference-session last trade
SPX270820P05550000,2026-08-05 14:24:36+00:00,5550.0,86.81,75.9,77.0,2.0,3,put,2027-08-20,7730.990234375,2026-08-28T14:38:40.477756+00:00,reference-session last trade
SPX270820P05575000,2026-08-03 15:18:17+00:00,5575.0,96.22,77.3,78.3,2.0,3,put,2027-08-20,7730.990234375,2026-08-28T14:38:40.477756+00:00,reference-session last trade
SPX270820P05600000,2026-08-27 20:12:50+00:00,5600.0,80.1,78.8,79.9,10.0,36,put,2027-08-20,7730.990234375,2026-08-28T14:38:40.477756+00:00,reference-session last trade
SPX270820P05625000,2026-08-17 19:15:29+00:00,5625.0,91.79,80.2,81.3,1.0,3,put,2027-08-20,7730.990234375,2026-08-28T14:38:40.477756+00:00,reference-session last trade
SPX270820P05650000,2026-08-25 17:07:23+00:00,5650.0,89.55,81.7,82.7,1.0,5,put,2027-08-20,7730.990234375,2026-08-28T14:38:40.477756+00:00,reference-session last trade
SPX270820P05675000,2026-08-05 13:01:47+00:00,5675.0,95.08,83.2,84.3,85.0,88,put,2027-08-20,7730.990234375,2026-08-28T14:38:40.477756+00:00,reference-session last trade
SPX270820P05700000,2026-08-25 14:12:57+00:00,5700.0,93.8,84.9,86.0,6.0,111,put,2027-08-20,7730.990234375,2026-08-28T14:38:40.477756+00:00,reference-session last trade
SPX270820P05725000,2026-08-21 14:13:27+00:00,5725.0,97.6,86.5,87.7,15.0,16,put,2027-08-20,7730.990234375,2026-08-28T14:38:40.477756+00:00,reference-session last trade
SPX270820P05750000,2026-08-27 14:30:38+00:00,5750.0,91.0,88.0,89.2,15.0,32,put,2027-08-20,7730.990234375,2026-08-28T14:38:40.477756+00:00,reference-session last trade
SPX270820P05775000,2026-08-19 13:45:17+00:00,5775.0,100.55,89.7,90.7,2.0,5,put,2027-08-20,7730.990234375,2026-08-28T14:38:40.477756+00:00,reference-session last trade
SPX270820P05800000,2026-08-27 15:24:50+00:00,5800.0,93.23,91.5,92.6,2.0,23,put,2027-08-20,7730.990234375,2026-08-28T14:38:40.477756+00:00,reference-session last trade
SPX270820P05825000,2026-08-21 19:40:23+00:00,5825.0,103.1,92.9,94.1,3.0,4,put,2027-08-20,7730.990234375,2026-08-28T14:38:40.477756+00:00,reference-session last trade
SPX270820P05850000,2026-08-26 15:38:27+00:00,5850.0,102.97,95.0,96.1,4.0,263,put,2027-08-20,7730.990234375,2026-08-28T14:38:40.477756+00:00,reference-session last trade
SPX270820P05875000,2026-08-24 20:05:33+00:00,5875.0,108.1,96.7,97.7,15.0,40,put,2027-08-20,7730.990234375,2026-08-28T14:38:40.477756+00:00,reference-session last trade
SPX270820P05900000,2026-08-27 20:09:15+00:00,5900.0,100.4,98.4,99.5,6.0,1493,put,2027-08-20,7730.990234375,2026-08-28T14:38:40.477756+00:00,reference-session last trade
SPX270820P05925000,2026-08-20 17:03:19+00:00,5925.0,113.76,100.4,101.6,200.0,155,put,2027-08-20,7730.990234375,2026-08-28T14:38:40.477756+00:00,reference-session last trade
SPX270820P05950000,2026-08-27 18:38:23+00:00,5950.0,105.32,102.2,103.3,1.0,248,put,2027-08-20,7730.990234375,2026-08-28T14:38:40.477756+00:00,reference-session last trade
SPX270820P05975000,2026-08-28 14:06:34+00:00,5975.0,106.0,103.9,105.1,1.0,44,put,2027-08-20,7730.990234375,2026-08-28T14:38:40.477756+00:00,reference-session last trade
SPX270820P06000000,2026-08-26 18:42:57+00:00,6000.0,113.82,106.0,107.1,3.0,210,put,2027-08-20,7730.990234375,2026-08-28T14:38:40.477756+00:00,reference-session last trade
SPX270820P06025000,2026-08-11 18:42:02+00:00,6025.0,123.42,108.0,109.2,2.0,5,put,2027-08-20,7730.990234375,2026-08-28T14:38:40.477756+00:00,reference-session last trade
SPX270820P06050000,2026-08-10 14:21:45+00:00,6050.0,121.44,110.1,111.2,4.0,2,put,2027-08-20,7730.990234375,2026-08-28T14:38:40.477756+00:00,reference-session last trade
SPX270820P06075000,2026-08-17 13:31:06+00:00,6075.0,123.0,112.4,113.5,2.0,14,put,2027-08-20,7730.990234375,2026-08-28T14:38:40.477756+00:00,reference-session last trade
SPX270820P06100000,2026-08-26 17:45:22+00:00,6100.0,122.9,114.6,115.6,7.0,122,put,2027-08-20,7730.990234375,2026-08-28T14:38:40.477756+00:00,reference-session last trade
SPX270820P06125000,2026-08-20 18:26:21+00:00,6125.0,134.0,116.4,117.6,27.0,29,put,2027-08-20,7730.990234375,2026-08-28T14:38:40.477756+00:00,reference-session last trade
SPX270820P06150000,2026-08-25 18:09:05+00:00,6150.0,130.3,118.8,120.1,17.0,23,put,2027-08-20,7730.990234375,2026-08-28T14:38:40.477756+00:00,reference-session last trade
SPX270820P06175000,2026-08-12 14:13:10+00:00,6175.0,135.1,121.1,122.4,5.0,11,put,2027-08-20,7730.990234375,2026-08-28T14:38:40.477756+00:00,reference-session last trade
SPX270820P06200000,2026-08-26 19:18:42+00:00,6200.0,130.82,123.7,124.8,4.0,77,put,2027-08-20,7730.990234375,2026-08-28T14:38:40.477756+00:00,reference-session last trade
SPX270820P06225000,2026-08-13 15:58:56+00:00,6225.0,138.0,125.6,126.8,5.0,6,put,2027-08-20,7730.990234375,2026-08-28T14:38:40.477756+00:00,reference-session last trade
SPX270820P06250000,2026-08-27 14:22:24+00:00,6250.0,132.74,128.5,129.5,2.0,18,put,2027-08-20,7730.990234375,2026-08-28T14:38:40.477756+00:00,reference-session last trade
SPX270820P06275000,2026-08-24 17:28:59+00:00,6275.0,145.44,130.8,132.0,4.0,3,put,2027-08-20,7730.990234375,2026-08-28T14:38:40.477756+00:00,reference-session last trade
SPX270820P06300000,2026-08-21 18:23:14+00:00,6300.0,146.69,133.0,134.2,4.0,313,put,2027-08-20,7730.990234375,2026-08-28T14:38:40.477756+00:00,reference-session last trade
SPX270820P06325000,2026-07-30 18:25:48+00:00,6325.0,190.11,135.6,136.8,,2,put,2027-08-20,7730.990234375,2026-08-28T14:38:40.477756+00:00,reference-session last trade
SPX270820P06350000,2026-08-24 13:43:38+00:00,6350.0,154.79,138.4,139.5,900.0,911,put,2027-08-20,7730.990234375,2026-08-28T14:38:40.477756+00:00,reference-session last trade
SPX270820P06375000,2026-08-27 20:06:10+00:00,6375.0,143.7,141.4,142.4,2.0,6,put,2027-08-20,7730.990234375,2026-08-28T14:38:40.477756+00:00,reference-session last trade
SPX270820P06400000,2026-08-26 19:52:50+00:00,6400.0,152.7,143.5,144.7,8.0,25,put,2027-08-20,7730.990234375,2026-08-28T14:38:40.477756+00:00,reference-session last trade
SPX270820P06425000,2026-08-27 15:06:30+00:00,6425.0,149.94,146.6,147.8,150.0,301,put,2027-08-20,7730.990234375,2026-08-28T14:38:40.477756+00:00,reference-session last trade
SPX270820P06450000,2026-08-27 17:39:01+00:00,6450.0,151.7,149.3,150.4,11.0,282,put,2027-08-20,7730.990234375,2026-08-28T14:38:40.477756+00:00,reference-session last trade
SPX270820P06475000,2026-08-27 19:52:44+00:00,6475.0,154.1,152.4,153.5,1.0,36,put,2027-08-20,7730.990234375,2026-08-28T14:38:40.477756+00:00,reference-session last trade
SPX270820P06500000,2026-08-28 14:21:38+00:00,6500.0,155.91,155.1,156.3,191.0,48,put,2027-08-20,7730.990234375,2026-08-28T14:38:40.477756+00:00,reference-session last trade
SPX270820P06525000,2026-08-21 19:55:29+00:00,6525.0,174.2,158.4,159.6,23.0,10,put,2027-08-20,7730.990234375,2026-08-28T14:38:40.477756+00:00,reference-session last trade
SPX270820P06550000,2026-08-21 19:55:29+00:00,6550.0,177.5,161.6,162.8,7.0,48,put,2027-08-20,7730.990234375,2026-08-28T14:38:40.477756+00:00,reference-session last trade
SPX270820P06575000,2026-08-18 18:58:58+00:00,6575.0,185.9,164.1,165.5,41.0,86,put,2027-08-20,7730.990234375,2026-08-28T14:38:40.477756+00:00,reference-session last trade
SPX270820P06600000,2026-08-27 16:59:20+00:00,6600.0,169.44,167.9,169.1,1.0,280,put,2027-08-20,7730.990234375,2026-08-28T14:38:40.477756+00:00,reference-session last trade
SPX270820P06625000,2026-08-17 15:54:24+00:00,6625.0,185.94,170.6,172.0,17.0,24,put,2027-08-20,7730.990234375,2026-08-28T14:38:40.477756+00:00,reference-session last trade
SPX270820P06650000,2026-08-26 15:38:27+00:00,6650.0,188.49,173.8,175.2,2.0,30,put,2027-08-20,7730.990234375,2026-08-28T14:38:40.477756+00:00,reference-session last trade
SPX270820P06675000,2026-08-24 15:53:36+00:00,6675.0,195.62,177.1,178.5,2.0,3,put,2027-08-20,7730.990234375,2026-08-28T14:38:40.477756+00:00,reference-session last trade
SPX270820P06700000,2026-08-26 13:58:07+00:00,6700.0,194.65,181.0,182.3,2.0,405,put,2027-08-20,7730.990234375,2026-08-28T14:38:40.477756+00:00,reference-session last trade
SPX270820P06725000,2026-08-21 17:30:04+00:00,6725.0,202.32,184.1,185.4,2.0,4,put,2027-08-20,7730.990234375,2026-08-28T14:38:40.477756+00:00,reference-session last trade
SPX270820P06750000,2026-08-26 15:00:21+00:00,6750.0,202.87,187.6,189.0,22.0,241,put,2027-08-20,7730.990234375,2026-08-28T14:38:40.477756+00:00,reference-session last trade
SPX270820P06775000,2026-08-25 17:41:20+00:00,6775.0,209.7,191.6,192.9,1.0,32,put,2027-08-20,7730.990234375,2026-08-28T14:38:40.477756+00:00,reference-session last trade
SPX270820P06800000,2026-08-27 16:27:03+00:00,6800.0,199.21,194.9,196.4,40.0,538,put,2027-08-20,7730.990234375,2026-08-28T14:38:40.477756+00:00,reference-session last trade
SPX270820P06825000,2026-08-27 13:39:51+00:00,6825.0,208.95,199.2,200.5,2.0,6,put,2027-08-20,7730.990234375,2026-08-28T14:38:40.477756+00:00,reference-session last trade
SPX270820P06850000,2026-08-27 17:57:20+00:00,6850.0,206.5,203.3,204.7,2.0,122,put,2027-08-20,7730.990234375,2026-08-28T14:38:40.477756+00:00,reference-session last trade
SPX270820P06875000,2026-08-10 13:51:44+00:00,6875.0,224.58,206.5,208.0,6.0,3,put,2027-08-20,7730.990234375,2026-08-28T14:38:40.477756+00:00,reference-session last trade
SPX270820P06900000,2026-08-27 20:07:17+00:00,6900.0,214.8,211.2,212.5,10.0,439,put,2027-08-20,7730.990234375,2026-08-28T14:38:40.477756+00:00,reference-session last trade
SPX270820P06925000,2026-08-26 13:51:33+00:00,6925.0,232.37,215.2,216.4,2.0,163,put,2027-08-20,7730.990234375,2026-08-28T14:38:40.477756+00:00,reference-session last trade
SPX270820P06950000,2026-08-27 20:13:01+00:00,6950.0,223.0,218.9,220.4,52.0,242,put,2027-08-20,7730.990234375,2026-08-28T14:38:40.477756+00:00,reference-session last trade
SPX270820P06975000,2026-08-26 17:37:57+00:00,6975.0,239.11,223.8,225.2,30.0,126,put,2027-08-20,7730.990234375,2026-08-28T14:38:40.477756+00:00,reference-session last trade
SPX270820P07000000,2026-08-27 19:09:08+00:00,7000.0,233.0,228.0,229.3,23.0,656,put,2027-08-20,7730.990234375,2026-08-28T14:38:40.477756+00:00,reference-session last trade
SPX270820P07025000,2026-08-26 13:51:33+00:00,7025.0,250.57,232.7,233.9,2.0,16,put,2027-08-20,7730.990234375,2026-08-28T14:38:40.477756+00:00,reference-session last trade
SPX270820P07050000,2026-08-21 14:12:27+00:00,7050.0,261.0,237.2,238.4,2.0,26,put,2027-08-20,7730.990234375,2026-08-28T14:38:40.477756+00:00,reference-session last trade
SPX270820P07075000,2026-08-26 14:09:46+00:00,7075.0,258.7,241.7,243.0,2.0,9,put,2027-08-20,7730.990234375,2026-08-28T14:38:40.477756+00:00,reference-session last trade
SPX270820P07100000,2026-08-24 17:31:06+00:00,7100.0,271.02,246.2,247.5,6.0,58,put,2027-08-20,7730.990234375,2026-08-28T14:38:40.477756+00:00,reference-session last trade
SPX270820P07125000,2026-08-24 16:05:41+00:00,7125.0,253.7,250.8,252.2,1.0,31,put,2027-08-20,7730.990234375,2026-08-28T14:38:40.477756+00:00,reference-session last trade
SPX270820P07150000,2026-08-26 17:04:14+00:00,7150.0,275.18,255.8,257.1,3.0,73,put,2027-08-20,7730.990234375,2026-08-28T14:38:40.477756+00:00,reference-session last trade
SPX270820P07175000,2026-08-27 20:13:31+00:00,7175.0,264.8,260.1,261.6,10.0,44,put,2027-08-20,7730.990234375,2026-08-28T14:38:40.477756+00:00,reference-session last trade
SPX270820P07200000,2026-08-28 14:21:57+00:00,7200.0,266.4,265.7,267.1,64.0,43,put,2027-08-20,7730.990234375,2026-08-28T14:38:40.477756+00:00,reference-session last trade
SPX270820P07225000,2026-08-14 15:09:30+00:00,7225.0,287.05,270.7,272.1,2.0,9,put,2027-08-20,7730.990234375,2026-08-28T14:38:40.477756+00:00,reference-session last trade
SPX270820P07250000,2026-08-27 18:33:15+00:00,7250.0,283.49,275.7,277.1,8.0,575,put,2027-08-20,7730.990234375,2026-08-28T14:38:40.477756+00:00,reference-session last trade
SPX270820P07275000,2026-08-26 18:02:43+00:00,7275.0,300.24,281.3,282.6,2.0,24,put,2027-08-20,7730.990234375,2026-08-28T14:38:40.477756+00:00,reference-session last trade
SPX270820P07300000,2026-08-27 17:10:26+00:00,7300.0,288.65,287.2,288.6,1.0,131,put,2027-08-20,7730.990234375,2026-08-28T14:38:40.477756+00:00,reference-session last trade
SPX270820P07325000,2026-08-27 17:57:20+00:00,7325.0,296.7,292.4,293.7,2.0,128,put,2027-08-20,7730.990234375,2026-08-28T14:38:40.477756+00:00,reference-session last trade
SPX270820P07350000,2026-08-27 13:39:51+00:00,7350.0,311.5,297.4,298.7,4.0,147,put,2027-08-20,7730.990234375,2026-08-28T14:38:40.477756+00:00,reference-session last trade
SPX270820P07375000,2026-08-24 18:06:23+00:00,7375.0,332.02,303.8,305.1,2.0,338,put,2027-08-20,7730.990234375,2026-08-28T14:38:40.477756+00:00,reference-session last trade
SPX270820P07400000,2026-08-27 14:46:01+00:00,7400.0,317.5,309.3,310.6,1.0,245,put,2027-08-20,7730.990234375,2026-08-28T14:38:40.477756+00:00,reference-session last trade
SPX270820P07425000,2026-08-27 18:09:28+00:00,7425.0,322.42,315.7,317.1,4.0,193,put,2027-08-20,7730.990234375,2026-08-28T14:38:40.477756+00:00,reference-session last trade
SPX270820P07450000,2026-08-27 17:56:32+00:00,7450.0,326.46,321.9,323.2,4.0,106,put,2027-08-20,7730.990234375,2026-08-28T14:38:40.477756+00:00,reference-session last trade
SPX270820P07475000,2026-08-20 14:38:46+00:00,7475.0,359.2,327.9,329.2,1.0,17,put,2027-08-20,7730.990234375,2026-08-28T14:38:40.477756+00:00,reference-session last trade
SPX270820P07500000,2026-08-28 13:51:47+00:00,7500.0,336.84,334.5,335.8,1.0,416,put,2027-08-20,7730.990234375,2026-08-28T14:38:40.477756+00:00,reference-session last trade
SPX270820P07525000,2026-08-24 19:07:34+00:00,7525.0,370.19,340.9,342.2,1.0,6,put,2027-08-20,7730.990234375,2026-08-28T14:38:40.477756+00:00,reference-session last trade
SPX270820P07550000,2026-08-24 16:05:41+00:00,7550.0,374.84,347.4,348.7,7.0,10,put,2027-08-20,7730.990234375,2026-08-28T14:38:40.477756+00:00,reference-session last trade
SPX270820P07575000,2026-08-26 18:42:57+00:00,7575.0,375.82,354.0,355.3,1.0,84,put,2027-08-20,7730.990234375,2026-08-28T14:38:40.477756+00:00,reference-session last trade
SPX270820P07600000,2026-08-28 13:42:03+00:00,7600.0,360.57,360.8,362.1,1.0,288,put,2027-08-20,7730.990234375,2026-08-28T14:38:40.477756+00:00,reference-session last trade
SPX270820P07625000,2026-08-27 16:03:04+00:00,7625.0,373.09,367.7,369.0,3.0,87,put,2027-08-20,7730.990234375,2026-08-28T14:38:40.477756+00:00,reference-session last trade
SPX270820P07650000,2026-08-27 17:26:27+00:00,7650.0,378.4,373.7,375.2,79.0,170,put,2027-08-20,7730.990234375,2026-08-28T14:38:40.477756+00:00,reference-session last trade
SPX270820P07675000,2026-08-27 14:15:46+00:00,7675.0,394.1,381.4,383.0,4.0,57,put,2027-08-20,7730.990234375,2026-08-28T14:38:40.477756+00:00,reference-session last trade
SPX270820P07700000,2026-08-28 13:42:03+00:00,7700.0,389.34,389.6,390.8,1.0,1553,put,2027-08-20,7730.990234375,2026-08-28T14:38:40.477756+00:00,reference-session last trade
SPX270820P07725000,2026-08-28 14:08:49+00:00,7725.0,401.3,397.1,398.4,3.0,93,put,2027-08-20,7730.990234375,2026-08-28T14:38:40.477756+00:00,reference-session last trade
SPX270820P07750000,2026-08-27 20:03:19+00:00,7750.0,410.4,405.3,406.6,1.0,298,put,2027-08-20,7730.990234375,2026-08-28T14:38:40.477756+00:00,reference-session last trade
SPX270820P07775000,2026-08-28 14:05:23+00:00,7775.0,416.0,411.5,413.0,2.0,140,put,2027-08-20,7730.990234375,2026-08-28T14:38:40.477756+00:00,reference-session last trade
SPX270820P07800000,2026-08-27 18:09:28+00:00,7800.0,429.06,420.1,421.6,2.0,957,put,2027-08-20,7730.990234375,2026-08-28T14:38:40.477756+00:00,reference-session last trade
SPX270820P07825000,2026-08-27 16:10:45+00:00,7825.0,435.54,427.7,429.2,2.0,49,put,2027-08-20,7730.990234375,2026-08-28T14:38:40.477756+00:00,reference-session last trade
SPX270820P07850000,2026-08-27 13:39:51+00:00,7850.0,455.65,437.0,438.4,2.0,103,put,2027-08-20,7730.990234375,2026-08-28T14:38:40.477756+00:00,reference-session last trade
SPX270820P07875000,2026-08-27 20:14:05+00:00,7875.0,452.7,445.8,447.4,2.0,17,put,2027-08-20,7730.990234375,2026-08-28T14:38:40.477756+00:00,reference-session last trade
SPX270820P07900000,2026-08-28 13:51:47+00:00,7900.0,457.79,453.7,455.2,1.0,27,put,2027-08-20,7730.990234375,2026-08-28T14:38:40.477756+00:00,reference-session last trade
SPX270820P07925000,2026-08-24 20:12:06+00:00,7925.0,502.69,462.1,463.8,1.0,32,put,2027-08-20,7730.990234375,2026-08-28T14:38:40.477756+00:00,reference-session last trade
SPX270820P07950000,2026-08-26 17:34:01+00:00,7950.0,501.42,473.0,474.6,28.0,98,put,2027-08-20,7730.990234375,2026-08-28T14:38:40.477756+00:00,reference-session last trade
SPX270820P07975000,2026-08-25 16:31:51+00:00,7975.0,513.97,481.0,482.8,20.0,478,put,2027-08-20,7730.990234375,2026-08-28T14:38:40.477756+00:00,reference-session last trade
SPX270820P08000000,2026-08-28 13:51:27+00:00,8000.0,495.18,491.2,492.9,1.0,230,put,2027-08-20,7730.990234375,2026-08-28T14:38:40.477756+00:00,reference-session last trade
SPX270820P08025000,2026-08-21 18:00:23+00:00,8025.0,536.1,501.0,502.6,2.0,6,put,2027-08-20,7730.990234375,2026-08-28T14:38:40.477756+00:00,reference-session last trade
SPX270820P08050000,2026-08-26 15:55:26+00:00,8050.0,543.99,509.6,511.4,4.0,22,put,2027-08-20,7730.990234375,2026-08-28T14:38:40.477756+00:00,reference-session last trade
SPX270820P08075000,2026-08-21 19:07:38+00:00,8075.0,553.6,520.7,522.4,9.0,241,put,2027-08-20,7730.990234375,2026-08-28T14:38:40.477756+00:00,reference-session last trade
SPX270820P08100000,2026-08-26 18:22:23+00:00,8100.0,562.44,529.9,531.8,1.0,33,put,2027-08-20,7730.990234375,2026-08-28T14:38:40.477756+00:00,reference-session last trade
SPX270820P08125000,2026-08-27 20:14:25+00:00,8125.0,550.69,540.4,542.3,104.0,127,put,2027-08-20,7730.990234375,2026-08-28T14:38:40.477756+00:00,reference-session last trade
SPX270820P08150000,2026-08-26 17:35:21+00:00,8150.0,584.91,552.2,553.9,16.0,67,put,2027-08-20,7730.990234375,2026-08-28T14:38:40.477756+00:00,reference-session last trade
SPX270820P08175000,2026-08-17 14:14:16+00:00,8175.0,573.78,563.2,565.1,,1,put,2027-08-20,7730.990234375,2026-08-28T14:38:40.477756+00:00,reference-session last trade
SPX270820P08200000,2026-08-26 17:10:57+00:00,8200.0,611.8,574.5,576.4,6.0,424,put,2027-08-20,7730.990234375,2026-08-28T14:38:40.477756+00:00,reference-session last trade
SPX270820P08225000,2026-08-27 20:03:19+00:00,8225.0,594.58,586.8,588.7,2.0,9,put,2027-08-20,7730.990234375,2026-08-28T14:38:40.477756+00:00,reference-session last trade
SPX270820P08250000,2026-08-27 17:19:33+00:00,8250.0,600.8,597.7,599.7,25.0,25,put,2027-08-20,7730.990234375,2026-08-28T14:38:40.477756+00:00,reference-session last trade
SPX270820P08275000,2026-08-21 16:03:16+00:00,8275.0,644.6,609.4,611.4,1.0,1,put,2027-08-20,7730.990234375,2026-08-28T14:38:40.477756+00:00,reference-session last trade
SPX270820P08300000,2026-08-24 16:24:30+00:00,8300.0,663.7,622.4,624.5,4.0,107,put,2027-08-20,7730.990234375,2026-08-28T14:38:40.477756+00:00,reference-session last trade
SPX270820P08325000,2026-08-13 17:26:59+00:00,8325.0,636.35,633.8,636.0,,6,put,2027-08-20,7730.990234375,2026-08-28T14:38:40.477756+00:00,reference-session last trade
SPX270820P08350000,2026-08-13 16:43:46+00:00,8350.0,649.32,645.3,647.3,2.0,38,put,2027-08-20,7730.990234375,2026-08-28T14:38:40.477756+00:00,reference-session last trade
SPX270820P08375000,2026-08-13 18:17:53+00:00,8375.0,660.16,659.4,661.7,,1,put,2027-08-20,7730.990234375,2026-08-28T14:38:40.477756+00:00,reference-session last trade
SPX270820P08400000,2026-08-24 20:07:40+00:00,8400.0,722.53,671.2,673.2,21.0,131,put,2027-08-20,7730.990234375,2026-08-28T14:38:40.477756+00:00,reference-session last trade
SPX270820P08425000,2026-08-24 20:07:40+00:00,8425.0,736.68,685.8,688.0,2.0,78,put,2027-08-20,7730.990234375,2026-08-28T14:38:40.477756+00:00,reference-session last trade
SPX270820P08450000,2026-08-18 14:44:20+00:00,8450.0,738.49,699.5,702.1,100.0,102,put,2027-08-20,7730.990234375,2026-08-28T14:38:40.477756+00:00,reference-session last trade
SPX270820P08500000,2026-08-27 16:18:58+00:00,8500.0,739.1,727.1,729.5,12.0,17,put,2027-08-20,7730.990234375,2026-08-28T14:38:40.477756+00:00,reference-session last trade
SPX270820P08550000,2026-08-26 15:55:26+00:00,8550.0,800.94,756.9,759.4,2.0,6,put,2027-08-20,7730.990234375,2026-08-28T14:38:40.477756+00:00,reference-session last trade
SPX270820P08600000,2026-08-11 17:50:56+00:00,8600.0,803.39,785.4,788.2,,1,put,2027-08-20,7730.990234375,2026-08-28T14:38:40.477756+00:00,reference-session last trade
SPX270820P08625000,2026-08-18 19:24:51+00:00,8625.0,836.96,801.0,803.9,1.0,2,put,2027-08-20,7730.990234375,2026-08-28T14:38:40.477756+00:00,reference-session last trade
SPX270820P08650000,2026-08-21 18:13:23+00:00,8650.0,863.92,815.9,818.5,1.0,5,put,2027-08-20,7730.990234375,2026-08-28T14:38:40.477756+00:00,reference-session last trade
SPX270820P08700000,2026-08-21 18:13:23+00:00,8700.0,896.58,847.6,850.5,1.0,5,put,2027-08-20,7730.990234375,2026-08-28T14:38:40.477756+00:00,reference-session last trade
SPX270820P08750000,2026-08-20 20:04:55+00:00,8750.0,950.85,879.2,881.6,2.0,2,put,2027-08-20,7730.990234375,2026-08-28T14:38:40.477756+00:00,reference-session last trade
SPX270820P08800000,2026-08-26 15:57:28+00:00,8800.0,963.45,913.7,916.5,2.0,5,put,2027-08-20,7730.990234375,2026-08-28T14:38:40.477756+00:00,reference-session last trade
SPX270820P08900000,2026-08-27 17:25:08+00:00,8900.0,988.45,981.1,991.8,20.0,21,put,2027-08-20,7730.990234375,2026-08-28T14:38:40.477756+00:00,reference-session last trade
SPX270820P08950000,2026-08-10 20:05:01+00:00,8950.0,1019.96,1017.1,1029.2,,10,put,2027-08-20,7730.990234375,2026-08-28T14:38:40.477756+00:00,reference-session last trade
SPX270820P09000000,2026-08-27 19:46:23+00:00,9000.0,1069.51,1053.6,1065.8,4.0,5,put,2027-08-20,7730.990234375,2026-08-28T14:38:40.477756+00:00,reference-session last trade
SPX270820P09300000,2026-07-31 05:38:02+00:00,9300.0,1503.58,1283.3,1307.4,2.0,2,put,2027-08-20,7730.990234375,2026-08-28T14:38:40.477756+00:00,reference-session last trade
SPX270820P09400000,2026-07-31 05:38:02+00:00,9400.0,1590.73,1369.5,1382.8,2.0,2,put,2027-08-20,7730.990234375,2026-08-28T14:38:40.477756+00:00,reference-session last trade
SPX270820P09700000,2026-08-07 14:33:06+00:00,9700.0,1621.56,1622.7,1651.5,15.0,15,put,2027-08-20,7730.990234375,2026-08-28T14:38:40.477756+00:00,reference-session last trade
SPX270820P09800000,2026-08-07 14:33:06+00:00,9800.0,1709.26,1709.8,1739.8,15.0,15,put,2027-08-20,7730.990234375,2026-08-28T14:38:40.477756+00:00,reference-session last trade
SPX270820P10000000,2026-08-10 13:30:05+00:00,10000.0,1887.46,1886.9,1919.1,,1,put,2027-08-20,7730.990234375,2026-08-28T14:38:40.477756+00:00,reference-session last trade
SPX270820P10200000,2026-08-27 14:52:27+00:00,10200.0,2110.29,2071.7,2110.9,2.0,28,put,2027-08-20,7730.990234375,2026-08-28T14:38:40.477756+00:00,reference-session last trade
SPX270820P11000000,2026-08-10 15:45:17+00:00,11000.0,2806.15,2822.4,2861.0,,0,put,2027-08-20,7730.990234375,2026-08-28T14:38:40.477756+00:00,reference-session last trade
SPX270820P11600000,2026-08-10 15:40:12+00:00,11600.0,3379.18,3397.6,3436.0,,0,put,2027-08-20,7730.990234375,2026-08-28T14:38:40.477756+00:00,reference-session last trade
SPX270820P12000000,2026-08-10 15:45:17+00:00,12000.0,3755.7,3779.2,3816.6,,0,put,2027-08-20,7730.990234375,2026-08-28T14:38:40.477756+00:00,reference-session last trade
SPX270820P13000000,2026-08-12 14:46:09+00:00,13000.0,4725.9,4734.2,4771.1,1.0,1,put,2027-08-20,7730.990234375,2026-08-28T14:38:40.477756+00:00,reference-session last trade
SPX270820P13200000,2026-08-27 14:52:27+00:00,13200.0,4965.1,4921.4,4959.6,2.0,33,put,2027-08-20,7730.990234375,2026-08-28T14:38:40.477756+00:00,reference-session last trade
