Date,weight_SPY,weight_TLT,weight_GLD,turnover,gross_strategy_return,cost,net_strategy_return
2010-01-05,0.0,0.0,0.0,0.0,0.0,0.0,0.0
2010-01-06,0.0,0.0,0.0,0.0,0.0,0.0,0.0
2010-01-07,0.0,0.0,0.0,0.0,0.0,0.0,0.0
2010-01-08,0.0,0.0,0.0,0.0,0.0,0.0,0.0
2010-01-11,0.0,0.0,0.0,0.0,0.0,0.0,0.0
2010-01-12,0.0,0.0,0.0,0.0,0.0,0.0,0.0
2010-01-13,0.0,0.0,0.0,0.0,0.0,0.0,0.0
2010-01-14,0.0,0.0,0.0,0.0,0.0,0.0,0.0
2010-01-15,0.0,0.0,0.0,0.0,0.0,0.0,0.0
2010-01-19,0.0,0.0,0.0,0.0,0.0,0.0,0.0
2010-01-20,0.0,0.0,0.0,0.0,0.0,0.0,0.0
2010-01-21,0.0,0.0,0.0,0.0,0.0,0.0,0.0
2010-01-22,0.0,0.0,0.0,0.0,0.0,0.0,0.0
2010-01-25,0.0,0.0,0.0,0.0,0.0,0.0,0.0
2010-01-26,0.0,0.0,0.0,0.0,0.0,0.0,0.0
2010-01-27,0.0,0.0,0.0,0.0,0.0,0.0,0.0
2010-01-28,0.0,0.0,0.0,0.0,0.0,0.0,0.0
2010-01-29,0.0,0.0,0.0,0.0,0.0,0.0,0.0
2010-02-01,0.0,0.0,0.0,0.0,0.0,0.0,0.0
2010-02-02,0.0,0.0,0.0,0.0,0.0,0.0,0.0
2010-02-03,0.0,0.0,0.0,0.0,0.0,0.0,0.0
2010-02-04,0.0,0.0,0.0,0.0,0.0,0.0,0.0
2010-02-05,0.0,0.0,0.0,0.0,0.0,0.0,0.0
2010-02-08,0.0,0.0,0.0,0.0,0.0,0.0,0.0
2010-02-09,0.0,0.0,0.0,0.0,0.0,0.0,0.0
2010-02-10,0.0,0.0,0.0,0.0,0.0,0.0,0.0
2010-02-11,0.0,0.0,0.0,0.0,0.0,0.0,0.0
2010-02-12,0.0,0.0,0.0,0.0,0.0,0.0,0.0
2010-02-16,0.0,0.0,0.0,0.0,0.0,0.0,0.0
2010-02-17,0.0,0.0,0.0,0.0,0.0,0.0,0.0
2010-02-18,0.0,0.0,0.0,0.0,0.0,0.0,0.0
2010-02-19,0.0,0.0,0.0,0.0,0.0,0.0,0.0
2010-02-22,0.0,0.0,0.0,0.0,0.0,0.0,0.0
2010-02-23,0.0,0.0,0.0,0.0,0.0,0.0,0.0
2010-02-24,0.0,0.0,0.0,0.0,0.0,0.0,0.0
2010-02-25,0.0,0.0,0.0,0.0,0.0,0.0,0.0
2010-02-26,0.0,0.0,0.0,0.0,0.0,0.0,0.0
2010-03-01,0.0,0.0,0.0,0.0,0.0,0.0,0.0
2010-03-02,0.0,0.0,0.0,0.0,0.0,0.0,0.0
2010-03-03,0.0,0.0,0.0,0.0,0.0,0.0,0.0
2010-03-04,0.0,0.0,0.0,0.0,0.0,0.0,0.0
2010-03-05,0.0,0.0,0.0,0.0,0.0,0.0,0.0
2010-03-08,0.0,0.0,0.0,0.0,0.0,0.0,0.0
2010-03-09,0.0,0.0,0.0,0.0,0.0,0.0,0.0
2010-03-10,0.0,0.0,0.0,0.0,0.0,0.0,0.0
2010-03-11,0.0,0.0,0.0,0.0,0.0,0.0,0.0
2010-03-12,0.0,0.0,0.0,0.0,0.0,0.0,0.0
2010-03-15,0.0,0.0,0.0,0.0,0.0,0.0,0.0
2010-03-16,0.0,0.0,0.0,0.0,0.0,0.0,0.0
2010-03-17,0.0,0.0,0.0,0.0,0.0,0.0,0.0
2010-03-18,0.0,0.0,0.0,0.0,0.0,0.0,0.0
2010-03-19,0.0,0.0,0.0,0.0,0.0,0.0,0.0
2010-03-22,0.0,0.0,0.0,0.0,0.0,0.0,0.0
2010-03-23,0.0,0.0,0.0,0.0,0.0,0.0,0.0
2010-03-24,0.0,0.0,0.0,0.0,0.0,0.0,0.0
2010-03-25,0.0,0.0,0.0,0.0,0.0,0.0,0.0
2010-03-26,0.0,0.0,0.0,0.0,0.0,0.0,0.0
2010-03-29,0.0,0.0,0.0,0.0,0.0,0.0,0.0
2010-03-30,0.0,0.0,0.0,0.0,0.0,0.0,0.0
2010-03-31,0.0,0.0,0.0,0.0,0.0,0.0,0.0
2010-04-01,0.0,0.0,0.0,0.0,0.0,0.0,0.0
2010-04-05,0.0,0.0,0.0,0.0,0.0,0.0,0.0
2010-04-06,0.0,0.0,0.0,0.0,0.0,0.0,0.0
2010-04-07,0.3426199230852996,0.39711830116342495,0.26026177575127546,0.5,0.00654205657790644,0.0001,0.0064420565779064395
2010-04-08,0.34491124176509874,0.39456419831437595,0.2605245599205253,0.0025541028490490003,0.0017431456063792994,5.108205698098e-07,0.0017426347858094896
2010-04-09,0.33990544224690233,0.39906908658844464,0.2610254711646531,0.005005799518196435,0.005470284103607417,1.001159903639287e-06,0.005469282943703777
2010-04-12,0.3396087661184639,0.3994677132466047,0.2609235206349313,0.00039862665816012277,0.001203121273789196,7.972533163202456e-08,0.001203041548457564
2010-04-13,0.34031948601294526,0.39859262324645844,0.2610878907405963,0.0008750900001462947,0.0008088484916764651,1.7501800002925894e-07,0.0008086734736764358
2010-04-14,0.33894837147321394,0.39838112868604936,0.2626704998407368,0.001582609100140464,0.0018426425116859536,3.165218200280928e-07,0.0018423259898659255
2010-04-15,0.3316671662575683,0.4038637787998458,0.264469054942586,0.007281205215645625,0.0021780254581066204,1.4562410431291251e-06,0.0021765692170634915
2010-04-16,0.3297200716361932,0.40786570622006585,0.262414222143741,0.004001927420220069,-0.00783955698013028,8.003854840440139e-07,-0.007840357365614324
2010-04-19,0.3227217258766293,0.4204317222700534,0.25684655185331734,0.012566016049987555,-2.0566837938616598e-05,2.5132032099975113e-06,-2.308004114861411e-05
2010-04-20,0.3244208827686818,0.41914698303414205,0.25643213419717614,0.0016991568920525224,0.005108678318355787,3.398313784105045e-07,0.005108338486977376
2010-04-21,0.3259675687910171,0.4177816313816175,0.2562507998273654,0.0015466860223352918,0.004797496032251804,3.0933720446705837e-07,0.004797186695047337
2010-04-22,0.325069631149238,0.41404939435638033,0.2608809744943817,0.00463017466701629,-0.0013545101538698645,9.260349334032581e-07,-0.0013554361888032677
2010-04-23,0.3337517812379657,0.406843577008396,0.2594046417536383,0.008682150088727691,0.0038702789584282348,1.7364300177455384e-06,0.0038685425284104894
2010-04-26,0.35006073357702483,0.39793359460501565,0.25200567181795963,0.016308952339059102,-0.0018599090329682057,3.2617904678118206e-06,-0.0018631708234360177
2010-04-27,0.3491404577611711,0.3991919638568311,0.2516675783819979,0.0012583692518154665,0.0015585832247355796,2.5167385036309334e-07,0.0015583315508852166
2010-04-28,0.3384189658544367,0.40321290280740585,0.25836813133815745,0.010721491906734354,-0.001588238232869027,2.144298381346871e-06,-0.001590382531250374
2010-04-29,0.3387581674626619,0.4000726916404581,0.2611691408968798,0.003140211166947654,0.0058073962029304696,6.280422333895308e-07,0.00580676816069708
2010-04-30,0.34052527321721854,0.3985835136494377,0.26089121313334374,0.0017671057545565472,0.0012845969623299885,3.5342115091130945e-07,0.0012842435411790773
2010-05-03,0.3370416236957301,0.3996066895816196,0.26335168672265036,0.003483649521488469,0.004690676622615554,6.967299042976938e-07,0.004689979892711257
2010-05-04,0.3340914822861258,0.3984950332180854,0.2674134844957888,0.004061797773138476,-0.0026719628906303645,8.123595546276952e-07,-0.002672775250184992
2010-05-05,0.3284831909040597,0.39472925359507005,0.27678755550087014,0.009374071005081391,0.0008995929495333748,1.8748142010162783e-06,0.0008977181353323585
2010-05-06,0.3256879773882992,0.39908099294414334,0.27523102966755764,0.004351739349073153,0.009640017968210448,8.703478698146306e-07,0.009639147620340634
2010-05-07,0.3272756214786688,0.37113473037179084,0.30158964814954037,0.027946262572352415,-0.010067834375033155,5.589252514470483e-06,-0.010073423627547625
2010-05-10,0.3248477485755853,0.36900672629186254,0.3061455251325521,0.00455587698301177,0.004850536847532405,9.11175396602354e-07,0.0048496256721358025
2010-05-11,0.3003292887314699,0.37334980478666946,0.3263209064818607,0.024518459844115437,0.006765994286153756,4.903691968823087e-06,0.006761090594184933
2010-05-12,0.30420329408462404,0.37955699227714207,0.3162397136382338,0.010081192843626824,0.0033071865027706543,2.0162385687253647e-06,0.003305170264201929
2010-05-13,0.3015238126172292,0.3815643330912095,0.3169118542915613,0.002679481467394912,-0.0034287187623130385,5.358962934789824e-07,-0.0034292546586065175
2010-05-14,0.2983455424942843,0.38054647215085785,0.32110798535485785,0.004196131063296554,0.0007026723574446396,8.392262126593109e-07,0.0007018331312319804
2010-05-17,0.2964612041085054,0.37668730728227484,0.32685148860921975,0.0057435032543619036,-0.003975731642842347,1.1487006508723808e-06,-0.0039768803434932195
2010-05-18,0.2965345110893502,0.37047523709003694,0.3329902518206129,0.006212070192237934,0.0020119735720353048,1.2424140384475869e-06,0.0020107311579968573
2010-05-19,0.2943145699861042,0.3704751260082952,0.33521030400560065,0.0022200521849877197,-0.008463951810816692,4.44010436997544e-07,-0.00846439582125369
2010-05-20,0.2987203130592796,0.37716933787423107,0.3241103490664893,0.011099954939111312,-0.005524351594968153,2.2199909878222623e-06,-0.005526571585955976
2010-05-21,0.2853854448849355,0.37818215786692133,0.33643239724814317,0.013334868174344122,0.0027504291196250668,2.6669736348688245e-06,0.0027477621459901977
2010-05-24,0.2827078370349521,0.38044655662450083,0.33684560634054705,0.0026776078499833877,-0.00020547464166246945,5.355215699966776e-07,-0.00020601016323246613
2010-05-25,0.2808907455862802,0.3847604920173116,0.33434876239640826,0.004313935392810747,0.003657566234436043,8.627870785621495e-07,0.0036567034473574812
2010-05-26,0.2817439879212273,0.38369687630798377,0.3345591357707889,0.001063615709327781,0.000375936218606271,2.127231418655562e-07,0.00037572349546440546
2010-05-27,0.2814793321221213,0.38394573885678873,0.33457492902109004,0.00026465579910606163,0.001339449468173431,5.2931159821212326e-08,0.0013393965370136097
2010-05-28,0.2749024905423902,0.3767857053351336,0.34831180412247614,0.013736875101386159,-0.0011664903151663857,2.747375020277232e-06,-0.0011692376901866629
2010-06-01,0.2745282165339996,0.37677724094498866,0.34869454252101173,0.00038273839853555924,0.0010509431335116197,7.654767970711186e-08,0.0010508665858319126
2010-06-02,0.2714389312660588,0.3761817810152744,0.3523792877186668,0.003684745197655076,0.0031126404542590413,7.369490395310152e-07,0.0031119035052195104
2010-06-03,0.26604541950833943,0.3771529404541437,0.3568016400375169,0.005393511757719405,-0.007257233780106337,1.078702351543881e-06,-0.007258312482457881
2010-06-04,0.2679195764001192,0.3782077963947751,0.3538726272051056,0.002929012832411232,0.004443023444904828,5.858025664822464e-07,0.004442437642338346
2010-06-07,0.2643152862081496,0.37417218297889454,0.3615125308129559,0.007639903607850246,0.006554619839954867,1.5279807215700492e-06,0.006553091859233297
2010-06-08,0.2648046758214025,0.37711264477690076,0.35808267940169686,0.003429851411259094,-0.0004826160310300734,6.859702822518188e-07,-0.00048330200131232526
2010-06-09,0.2642849870481028,0.3770593321749566,0.3586556807769405,0.0005730013752437424,-0.003140132768498797,1.1460027504874848e-07,-0.0031402473687738458
2010-06-10,0.26329556925394004,0.37577729352067,0.36092713722539,0.0022714564484494215,-0.00377819282817783,4.5429128968988434e-07,-0.0037786471194675196
2010-06-11,0.26111737023303216,0.3745077877176964,0.36437484204927145,0.0034477048238814867,0.009203206191651995,6.895409647762974e-07,0.009202516650687219
2010-06-14,0.2616279685548855,0.3726888886854138,0.3656831427597006,0.0018188990322825505,-0.003567808964760737,3.6377980645651013e-07,-0.0035681727445671936
2010-06-15,0.26203251608225353,0.37228764604889714,0.36567983786884933,0.00040454752736795996,0.008671511327695294,8.0909505473592e-08,0.00867143041818982
2010-06-16,0.25724720325387584,0.37225743484098445,0.37049536190513976,0.004815524036290403,8.660159706383279e-06,9.631048072580807e-07,7.697054899125198e-06
2010-06-17,0.257395287970972,0.3716201704955013,0.37098454153352667,0.0006372643454831128,0.008278567873397378,1.2745286909662258e-07,0.00827844042052828
2010-06-18,0.2582891429938428,0.3722242779762932,0.36948657902986387,0.0014979625036627697,0.0024902932167972466,2.9959250073255397e-07,0.002489993624296514
2010-06-21,0.25567227793542696,0.36796667141424577,0.37636105065032727,0.0068744716204633405,-0.009263178567350296,1.374894324092668e-06,-0.009264553461674388
2010-06-22,0.2590852042132781,0.3720289170324415,0.36888587875428025,0.007475171896046934,0.0033992379569124436,1.4950343792093867e-06,0.0033977429225332343
2010-06-23,0.2585675116106315,0.37176838949816565,0.3696640988912028,0.0007782201369224695,0.0002028541772790169,1.556440273844939e-07,0.00020269853325163243
2010-06-24,0.253198152524957,0.3742891933442649,0.37251265413077794,0.0053693590856744855,-0.005342851287055841,1.0738718171348971e-06,-0.005343925158872976
2010-06-25,0.2514981834393268,0.3751690100100777,0.37333280655059553,0.0016999690856302763,0.007068679300188218,3.399938171260553e-07,0.0070683393063710916
2010-06-28,0.2504501093785221,0.37385582417937313,0.3756940664421049,0.0023612598915093153,-0.002390398924750211,4.722519783018631e-07,-0.002390871176728513
2010-06-29,0.25266966351044046,0.3759103860910898,0.37141995039846976,0.00427411604363509,-0.003150815945189502,8.548232087270181e-07,-0.0031516707683982292
2010-06-30,0.2471451753730357,0.37644501905834754,0.3764098055686167,0.0055244881374047206,0.0014573680219078383,1.1048976274809442e-06,0.0014562631242803574
2010-07-01,0.2464281972608326,0.376099173987514,0.3774726287516533,0.001062823183036632,-0.014899006299103982,2.1256463660732638e-07,-0.01489921886374059
2010-07-02,0.2559723675623229,0.3904289574010118,0.3535986750366653,0.023873953714988044,-0.00012677286005708006,4.774790742997609e-06,-0.00013154765080007768
2010-07-06,0.25515296443193064,0.39580735346550644,0.34903968210256286,0.005378396064494667,-0.0009006899644882762,1.0756792128989335e-06,-0.0009017656437011752
2010-07-07,0.25675669367732173,0.3980143585600588,0.3452289477626194,0.0038107343399434446,0.007041313477047435,7.62146867988689e-07,0.007040551330179446
2010-07-08,0.25053193959455805,0.39936358260106397,0.350104477804378,0.0062247540827637116,-0.0016124847726691647,1.2449508165527424e-06,-0.0016137297234857175
2010-07-09,0.25060500152766907,0.39860820897196386,0.350786789500367,0.0007553736291000812,0.0030358332202511497,1.5107472582001625e-07,0.0030356821455253297
2010-07-12,0.25106921699056883,0.3977022403424818,0.35122854266694936,0.0009059686294820846,-0.003024563789186313,1.811937258964169e-07,-0.0030247449829122097
2010-07-13,0.25130094563109123,0.39820086629642726,0.3504981880724815,0.0007303545944678524,0.00342567757922192,1.460709188935705e-07,0.0034255315083030263
2010-07-14,0.2508460154159975,0.3975110353097157,0.35164294927428674,0.001144761201805261,0.0038014248067945403,2.2895224036105224e-07,0.0038011958545541794
2010-07-15,0.25166248781629275,0.39717571427339227,0.351161797910315,0.0008164724002952262,0.003819908426664475,1.6329448005904524e-07,0.003819745132184416
2010-07-16,0.2520384373104395,0.39586513423970177,0.35209642844985867,0.0013105800336904727,-0.009651528831131061,2.6211600673809454e-07,-0.009651790947137799
2010-07-19,0.24770229259969445,0.3951685526543268,0.3571291547459786,0.005032726296119977,-0.0038450104923771385,1.0065452592239955e-06,-0.0038460170376363625
2010-07-20,0.24830388242402665,0.395060415614224,0.3566357019617493,0.0006015898243321577,0.006180711038694548,1.2031796486643154e-07,0.006180590720729681
2010-07-21,0.24826847100317875,0.3956562965504981,0.35607523244632316,0.0005958809362740791,0.0010348365257579302,1.1917618725481583e-07,0.0010347173495706752
2010-07-22,0.24893511330305446,0.392849937092584,0.35821494960436157,0.0028063594579141177,0.004136475380436754,5.612718915828236e-07,0.004135914108545171
2010-07-23,0.24732945980707277,0.3920025652923715,0.36066797490055574,0.002453025296194178,-0.0043894099378325195,4.906050592388356e-07,-0.004389900542891758
2010-07-26,0.2475608614015528,0.3892978114130779,0.36314132718536923,0.002704753879293559,0.0001326595652319199,5.409507758587118e-07,0.00013211861445606117
2010-07-27,0.2470172739843085,0.38953687193860353,0.363445854077088,0.0005435874172443622,-0.010100407238881767,1.0871748344887244e-07,-0.010100515956365215
2010-07-28,0.2497636470267193,0.3889216388605907,0.36131471411269,0.0027463730424108074,0.0005089066122873165,5.492746084821615e-07,0.0005083573376788343
2010-07-29,0.24930179896839513,0.39043443420074997,0.36026376683085487,0.001512795340159273,0.0002819290408974022,3.025590680318546e-07,0.00028162648182937034
2010-07-30,0.25030317677568853,0.3901824307225263,0.359514392501785,0.001001377807293466,0.009802723860342432,2.002755614586932e-07,0.009802523584780974
2010-08-02,0.25247571246560363,0.3880095060588662,0.3595147814755303,0.0021729246636602306,0.0004096219671000216,4.345849327320461e-07,0.00040918738216728955
2010-08-03,0.2520015236559435,0.38513621030523226,0.3628622660388242,0.0033474845632939787,0.002429718071975298,6.694969126587958e-07,0.0024290485750626395
2010-08-04,0.252830447941548,0.3875661755053898,0.35960337655306224,0.003258889485762001,0.0009872532570579637,6.517778971524002e-07,0.0009866014791608112
2010-08-05,0.2532699942257409,0.38702106333372865,0.3597089424405305,0.000545112171661144,0.002338500269891688,1.090224343322288e-07,0.002338391247457356
2010-08-06,0.24818429987671736,0.3918124644717129,0.36000323565156983,0.0050856943490235895,0.005908400539238018,1.017138869804718e-06,0.005907383400368214
2010-08-09,0.2491966074340903,0.39302858740723806,0.3577748051586717,0.002228430492898101,-0.0014582506910024824,4.456860985796202e-07,-0.001458696377101062
2010-08-10,0.25779573778771653,0.39527793618626306,0.34692632602602025,0.010848479132651342,0.00041561040958997735,2.1696958265302685e-06,0.00041344071376344705
2010-08-11,0.25316062070161616,0.38892026170086835,0.35791911759751555,0.010992791571495186,-0.002909207001048645,2.1985583142990376e-06,-0.002911405559362944
2010-08-12,0.2500022576668652,0.3890929436299059,0.36090479870322895,0.0031583630347509495,0.001904967354528813,6.316726069501899e-07,0.0019043356819218628
2010-08-13,0.2513881397640349,0.39008785857508205,0.3585240016608832,0.0023807970423458114,0.0040340509645131264,4.761594084691623e-07,0.004033574805104657
2010-08-16,0.2522686990009861,0.3917617533990726,0.3559695475999412,0.002554454060941874,0.012656303511622308,5.108908121883749e-07,0.01265579262081012
2010-08-17,0.25661081903070815,0.3813119067842226,0.3620772741850692,0.010449846614850017,0.0010307924490242793,2.0899693229700033e-06,0.0010287024797013093
2010-08-18,0.25563071692550776,0.3838102199899416,0.3605590630845506,0.0024983132057189716,0.002912435622760608,4.996626411437944e-07,0.002911935960119464
2010-08-19,0.25172692184991485,0.3776385051799754,0.37063457297010977,0.010075509885559136,0.002033942315762229,2.0151019771118273e-06,0.002031927213785117
2010-08-20,0.25804901800273866,0.3765423120322033,0.36540866996505805,0.0063220961528238084,-0.0025378696458109975,1.2644192305647618e-06,-0.002539134065041562
2010-08-23,0.2595078757950425,0.3754191298959276,0.3650729943090299,0.0014588577923038415,-0.0014967396354757271,2.917715584607683e-07,-0.0014970314070341878
2010-08-24,0.2591275939907035,0.37326852328346166,0.36760388272583483,0.002530888416804905,0.003916687718319311,5.06177683360981e-07,0.0039161815406359496
2010-08-25,0.2590556560734445,0.37024661747675613,0.3706977264497994,0.0030938437239645677,0.0028838070688098523,6.187687447929136e-07,0.0028831883000650592
2010-08-26,0.2590825175673595,0.36987517064644404,0.37104231178619634,0.0003714468303120111,0.0005190152037622092,7.428936606240222e-08,0.0005189409143961468
2010-08-27,0.26362691746419425,0.37651782441747184,0.3598552581183338,0.011187053667862545,-0.006429654504728988,2.2374107335725094e-06,-0.00643189191546256
2010-08-30,0.27017272715864027,0.3592394172619422,0.37058785557941765,0.01727840715552975,0.002663306953118121,3.4556814311059506e-06,0.0026598512716870153
2010-08-31,0.2722659157416756,0.3532876010043315,0.37444648325399277,0.00595181625761057,0.007538912371092824,1.1903632515221141e-06,0.0075377220078413016
2010-09-01,0.2790665877723174,0.3519424472237244,0.3689909650039581,0.0068006720306417745,-0.00010834969583000081,1.360134406128355e-06,-0.00010970983023612917
2010-09-02,0.27184408345016936,0.34620704797698726,0.38194886857284344,0.012957903568885265,0.0007565059040518167,2.5915807137770533e-06,0.0007539143233380397
2010-09-03,0.2784062915342317,0.3483494243511934,0.3732442841145747,0.008704584458268605,-0.002018891860976344,1.740916891653721e-06,-0.002020632777867998
2010-09-07,0.2763778901021007,0.34173646357856485,0.3818856463193344,0.00864136220475964,0.0065113852365750475,1.728272440951928e-06,0.006509656964134095
2010-09-08,0.27848288612716815,0.336832626215431,0.3846844876574007,0.004903837363133823,-0.0006896498657381646,9.807674726267645e-07,-0.0006906306332107913
2010-09-09,0.27882689300432645,0.3353969251329658,0.3857761818627076,0.001435701082465185,-0.008948464428028696,2.87140216493037e-07,-0.008948751568245188
2010-09-10,0.28666218098047525,0.32934178092053856,0.3839960380989862,0.007835287976148742,0.0004784455567421527,1.5670575952297484e-06,0.00047687849914692293
2010-09-13,0.28524463641665965,0.33007842467383197,0.38467693890950827,0.0014175445638155426,0.004438134263012235,2.8350891276310855e-07,0.004437850754099472
2010-09-14,0.28380027702007155,0.3308346036005007,0.38536511937942786,0.0014443593965882129,0.010614014084546304,2.888718793176426e-07,0.010613725212666986
2010-09-15,0.2920886717033372,0.33059810626506525,0.3773132220315976,0.00828839468326567,-0.004032588318219683,1.6576789366531343e-06,-0.004034245997156336
2010-09-16,0.29318201567393287,0.3266549532474404,0.38016303107862676,0.003943153017624823,-0.0011876614911268653,7.886306035249647e-07,-0.0011884501217303903
2010-09-17,0.2922247825133735,0.3241636148285101,0.3836116026581163,0.0034485715794896066,0.00114462294617984,6.897143158979214e-07,0.001143933231863942
2010-09-20,0.291705163235717,0.32347323188465893,0.384821604879624,0.0012100022215077166,0.007357148762485159,2.4200044430154335e-07,0.007356906762040857
2010-09-21,0.2848578791218645,0.31930586692503654,0.39583625395309885,0.011014649073474853,0.007474199647524358,2.2029298146949707e-06,0.007471996717709663
2010-09-22,0.28842180269081136,0.31725662135977245,0.39432157594941625,0.003563923568946775,0.002023188766711343,7.127847137893551e-07,0.0020224759819975533
2010-09-23,0.2881454288718109,0.3166245400523009,0.3952300310758882,0.000908455126472002,-0.0011160665444485043,1.816910252944004e-07,-0.0011162482354737987
2010-09-24,0.2903642219659523,0.31609825608368675,0.393537521950361,0.002218793094141386,0.002954855522026122,4.4375861882827716e-07,0.0029544117634072936
2010-09-27,0.2858091727223053,0.313471938788692,0.4007188884890028,0.007181366538641737,0.004177332269203563,1.4362733077283475e-06,0.004175895995895834
2010-09-28,0.2842061666877635,0.3080186036055878,0.40777522970664876,0.007056341217646006,0.006737331954012798,1.4112682435292012e-06,0.006735920685769268
2010-09-29,0.29699471621002765,0.3044682901929713,0.3985369935970011,0.012788549522264159,-0.0014697574744915896,2.557709904452832e-06,-0.0014723151843960424
2010-09-30,0.2983281318475615,0.3038678179909364,0.39780405016150205,0.001333415637533919,-0.0012118613817082293,2.666831275067838e-07,-0.0012121280648357362
2010-10-01,0.2734782279297612,0.2782473733989894,0.44827439867124935,0.0504703485097473,0.0033098882342738525,1.009406970194946e-05,0.003299794164571903
2010-10-04,0.27220630898031095,0.27692134662295187,0.4508723443967371,0.0025979457254877714,-0.002901778464762873,5.195891450975542e-07,-0.0029022980539079707
2010-10-05,0.2643492908068145,0.2709501858100656,0.46470052338311996,0.013828178986382778,0.012846789190440574,2.765635797276556e-06,0.012844023554643298
2010-10-06,0.2763713298631173,0.27543442719082467,0.44819424294605786,0.016506280437061982,0.006242594756263389,3.3012560874123967e-06,0.006239293500175977
2010-10-07,0.2772781521047613,0.2736219504205031,0.44909989747473567,0.0018124767703217026,-0.007521870504843606,3.624953540643405e-07,-0.007522233000197671
2010-10-08,0.2799514799759335,0.2749185163681106,0.4451300036559559,0.003969893818779741,0.004766576355715634,7.939787637559482e-07,0.004765782376951878
2010-10-11,0.2789978547754501,0.2738273497654358,0.44717479545911404,0.002044791803158169,0.0024558438320485447,4.0895836063163386e-07,0.002455434873687913
2010-10-12,0.2803357225667446,0.27320550740030863,0.44645877003294676,0.0013378677912944947,-0.0029482400057653495,2.6757355825889895e-07,-0.0029485075793236086
2010-10-13,0.28076834987715343,0.27303167499045994,0.4461999751323865,0.000432627310408884,0.008895066616173881,8.65254620817768e-08,0.0088949800907118
2010-10-14,0.28383181295633647,0.27826427202893367,0.43790391501472997,0.008296060117656656,-0.0030448477196559957,1.6592120235313313e-06,-0.003046506931679527
2010-10-15,0.29218527204946293,0.2661840014404402,0.4416307265100968,0.012080270588493397,-0.006161296283845458,2.4160541176986793e-06,-0.006163712337963157
2010-10-18,0.2929871022932896,0.26460138635648045,0.44241151135022994,0.0015826150839597652,0.005566756045216236,3.1652301679195305e-07,0.0055664395221994446
2010-10-19,0.2939332086258752,0.2628333592817195,0.44323343209240534,0.0017680270747609528,-0.016029821420890197,3.536054149521906e-07,-0.01603017502630515
2010-10-20,0.3124534906967627,0.2838602207141625,0.4036862885890747,0.03954714350333058,0.007419918049277729,7.909428700666116e-06,0.007412008620577062
2010-10-21,0.31819988984856806,0.2831422042273826,0.3986579059240495,0.00574639915180522,-0.008276114177582367,1.1492798303610442e-06,-0.008277263457412727
2010-10-22,0.32230975761450786,0.2849535300695051,0.39273671231598695,0.005921193608062397,0.003312963997166773,1.1842387216124796e-06,0.0033117797584451608
2010-10-25,0.3233841281533794,0.2831851499767289,0.3934307218698917,0.001768380092776245,0.005163229961184662,3.5367601855524903e-07,0.005162876285166107
2010-10-26,0.3170990166486363,0.2795555426196063,0.4033454407317573,0.009914718861865651,-0.004171208724617913,1.9829437723731304e-06,-0.0041731916683902855
2010-10-27,0.31966384765856487,0.2759427530740473,0.4043933992673878,0.0036127895455590198,-0.007543370761233863,7.22557909111804e-07,-0.007544093319142975
2010-10-28,0.3231563075765627,0.27699919635077785,0.3998444960726594,0.004548903194728393,0.006117891441634781,9.097806389456786e-07,0.006116981660995836
2010-10-29,0.3227597801903417,0.2807747860153493,0.396465433794309,0.0037755896645714493,0.007038868563776484,7.551179329142899e-07,0.00703811344584357
2010-11-01,0.3322892666530752,0.2795265882236526,0.38818414512327226,0.009529486462733439,-0.0031402076050192074,1.9058972925466877e-06,-0.003142113502311754
2010-11-02,0.3337772686997001,0.2800613098504001,0.3861614214498998,0.002022723673372445,0.007996743339765707,4.0454473467448907e-07,0.007996338795031033
2010-11-03,0.3338301309261351,0.27874806484780984,0.3874218042260549,0.0013132450025901965,-0.007035733866151122,2.6264900051803933e-07,-0.00703599651515164
2010-11-04,0.33749584846787234,0.2745548732761608,0.3879492782559668,0.004193191571649102,0.02178751802130216,8.386383143298204e-07,0.02178667938298783
2010-11-05,0.34513742672986947,0.2894705236302164,0.3653920496399142,0.022557228616052694,-0.0027266158037084253,4.511445723210539e-06,-0.002731127249431636
2010-11-08,0.34658644888803836,0.28543658336110145,0.36797696775086014,0.004033940269114911,0.004409877692032283,8.067880538229822e-07,0.00440907090397846
2010-11-09,0.348183602641672,0.28555453922342944,0.3662618581348986,0.0017151096159615797,-0.014619373919196998,3.4302192319231597e-07,-0.01461971694112019
2010-11-10,0.3707140679431517,0.2775940669294485,0.3516918651273998,0.02253046530147973,0.006148510540516792,4.506093060295946e-06,0.006144004447456496
2010-11-11,0.3721754818500686,0.2769447595344991,0.3508797586154322,0.001461413906916953,-0.00047210578536373174,2.922827813833906e-07,-0.0004723980681451151
2010-11-12,0.37083741835365885,0.27901247242373484,0.35015010922260636,0.0020677128892356567,-0.015994106221652465,4.135425778471314e-07,-0.015994519764230313
2010-11-15,0.3721281733245138,0.29717045490750854,0.33070137176797776,0.019448737454628634,-0.009871113621749864,3.889747490925727e-06,-0.00987500336924079
2010-11-16,0.3783462317082518,0.2921963203574407,0.3294574479343076,0.006218058383738012,-0.0022447081517405327,1.2436116767476026e-06,-0.0022459517634172803
2010-11-17,0.3773070350056712,0.2883627123080825,0.3343302526862462,0.004872804751938714,-0.002904363063150642,9.745609503877428e-07,-0.0029053376241010296
2010-11-18,0.3843876698801147,0.28785052591293103,0.32776180420695417,0.00708063487444352,0.011130653472222363,1.4161269748887041e-06,0.011129237345247473
2010-11-19,0.38211698121769766,0.2899418954634785,0.3279411233188238,0.0022706886624170586,0.003106190044199468,4.5413773248341176e-07,0.0031057359064669845
2010-11-22,0.38314649583001265,0.28887017889851235,0.32798332527147495,0.0010717165649661298,0.0040831592753127165,2.1434331299322596e-07,0.004082944931999723
2010-11-23,0.3888157854105441,0.28927418732285787,0.32191002726659795,0.0060732980048769925,-0.0019542597800424047,1.2146596009753987e-06,-0.00195547443964338
2010-11-24,0.38217035162214197,0.2918979637966618,0.32593168458119626,0.006645433788402183,-0.0001221404319246683,1.3290867576804366e-06,-0.00012346951868234875
2010-11-26,0.380983792099246,0.29096187421851416,0.32805433368223985,0.0021226491010435944,-0.0030114840728807982,4.245298202087189e-07,-0.003011908602701007
2010-11-29,0.37837143906244725,0.29783712583277644,0.32379143510477626,0.006875251614262307,0.004666554865556299,1.3750503228524613e-06,0.004665179815233447
2010-11-30,0.3826097578114628,0.2988989888464641,0.3184912533420732,0.005300181762703138,0.003962019072339853,1.0600363525406276e-06,0.003960959035987312
2010-12-01,0.3812620937383273,0.3017586886070922,0.31697921765458037,0.0028596997606281926,0.0013072154677325437,5.719399521256386e-07,0.001306643527780418
2010-12-02,0.392249129624,0.2955546730860701,0.31219619728992987,0.010987035885672652,0.003838705448406153,2.1974071771345304e-06,0.0038365080412290182
2010-12-03,0.38984648716600956,0.2975532090013065,0.31260030383268406,0.002402642457990517,0.0053518856473390875,4.805284915981034e-07,0.005351405118847489
2010-12-06,0.39560279842955526,0.29929761440016206,0.30509958717028274,0.007500716662401291,0.006106386452591688,1.5001433324802583e-06,0.006104886309259208
2010-12-07,0.3984189096540665,0.3003743178378354,0.3012067725080982,0.0038928146621845794,-0.011854463063052524,7.78562932436916e-07,-0.01185524162598496
2010-12-08,0.40549164922247294,0.2975042379975705,0.2970041127799565,0.007072739568406539,-0.005110015445434085,1.4145479136813078e-06,-0.005111429993347767
2010-12-09,0.4040692978016929,0.301671042931034,0.29425965926727315,0.004166804933463442,0.0043272899823881,8.333609866926884e-07,0.004326456621401408
2010-12-10,0.40452769161745117,0.30122750286362426,0.29424480551892457,0.00045839381575829563,0.00060871641699393,9.167876315165913e-08,0.0006086247382307784
2010-12-13,0.406500795409658,0.3003277842096575,0.29317142038068444,0.0019731037922068595,0.002775088823855014,3.946207584413719e-07,0.0027746942030965724
2010-12-14,0.40332318345811197,0.2997662338976631,0.2969105826442248,0.003739162263540402,-0.0037201473101177484,7.478324527080804e-07,-0.0037208951425704564
2010-12-15,0.4033396400038335,0.29979221084095276,0.2968681491552138,4.243348901109001e-05,-0.008974904596472403,8.486697802218002e-09,-0.008974913083170206
2010-12-16,0.40389342921955684,0.3002093060614937,0.29589726471894945,0.0009708844362643354,0.002467849357563195,1.941768872528671e-07,0.002467655180675942
2010-12-17,0.4042151395113446,0.30021103084847045,0.2955738296401848,0.00032343507876456123,0.0067695938557380975,6.468701575291225e-08,0.006769529168722345
2010-12-20,0.4126447754202058,0.29272156307366964,0.2946336615061245,0.008429635908861144,0.0026797476519322227,1.6859271817722288e-06,0.0026780617247504504
2010-12-21,0.4108877772464139,0.2955518810914996,0.2935603416620864,0.002830318017829986,0.005124221133876008,5.660636035659972e-07,0.005123655070272443
2010-12-22,0.41122132177474496,0.29575867997110245,0.2930199982541526,0.000540343407933852,-0.0014183269549197033,1.0806868158677042e-07,-0.0014184350236012902
2010-12-23,0.4144816797860697,0.294106605484028,0.2914117147299023,0.0032603580113247377,-0.002035020688038801,6.520716022649475e-07,-0.002035672759641066
2010-12-27,0.4253132964147509,0.2901514655887958,0.2845352379964532,0.010831616628681262,0.003521781641542609,2.1663233257362526e-06,0.003519615318216873
2010-12-28,0.4245925944927417,0.2930388685731814,0.28236853693407693,0.0028874029843855287,-0.0005302830457698474,5.774805968771058e-07,-0.0005308605263667246
2010-12-29,0.4281446036064759,0.29041018595768764,0.2814452104358365,0.0035520091137341836,0.006224974423126944,7.104018227468367e-07,0.006224264021304197
2010-12-30,0.43146520521055015,0.2854482084484249,0.28308658634102507,0.004961977509262805,-0.0022977359230266876,9.92395501852561e-07,-0.0022987283185285402
2010-12-31,0.4321408310144291,0.28543382979216697,0.2824253391934039,0.0006756258038790319,0.0067445443497917935,1.3512516077580638e-07,0.006744409224631018
2011-01-03,0.4341443337446931,0.2837785679889412,0.2820770982663658,0.002003502730263923,0.0008834283197448165,4.007005460527846e-07,0.0008830276191987636
2011-01-04,0.434850666339532,0.28341972129359994,0.28172961236686805,0.0007063325948389598,-0.006540941259990533,1.4126651896779196e-07,-0.006541082526509501
2011-01-05,0.44976279855035967,0.27812284665651127,0.27211435479312895,0.014912132210827711,-0.004555972555058244,2.9824264421655424e-06,-0.00455895498150041
2011-01-06,0.450777448412986,0.2756298481279931,0.2735927034590208,0.00249299852851817,-0.0007768132230540766,4.98599705703634e-07,-0.0007773118227597803
2011-01-07,0.44973347781720646,0.275227241275905,0.2750392809068885,0.0014465774478676918,7.154177320095373e-05,2.893154895735384e-07,7.125245771138019e-05
2011-01-10,0.44957580063670877,0.2741911607209554,0.2762330386423359,0.0011937577354473317,0.002035603789648064,2.3875154708946636e-07,0.0020353650381009745
2011-01-11,0.4495866425968731,0.27373397652410686,0.27667938087902,0.00045718419684848133,0.0016898712252262286,9.143683936969628e-08,0.001689779788386859
2011-01-12,0.44928975423817735,0.2745311002289757,0.2761791455328469,0.0007971237048688407,0.0030398641750646873,1.5942474097376813e-07,0.0030397047503237136
2011-01-13,0.44702218196761606,0.27327826670980676,0.27969955132257723,0.0035204057897302854,-0.0011957388320819546,7.040811579460571e-07,-0.0011964429132399006
2011-01-14,0.44794836516411146,0.27422270836971696,0.2778289264661715,0.001870624856405656,-0.0013235649893996845,3.7412497128113124e-07,-0.0013239391143709657
2011-01-18,0.4462124944277886,0.27626132544644577,0.2775261801257656,0.0020386170767288103,0.001013230201758023,4.077234153457621e-07,0.0010128224783426771
2011-01-19,0.4461635101619602,0.27705289242207115,0.27678359741596864,0.0007915669756253518,-0.0017725909209457885,1.5831339512507037e-07,-0.0017727492343409135
2011-01-20,0.44153686600832737,0.2699069735839125,0.28855616040776005,0.011772562991791441,-0.009746175294731652,2.3545125983582884e-06,-0.00974852980733001
2011-01-21,0.4477321363959502,0.26850432932055807,0.2837635342834917,0.0061952703876228254,0.0027749689724909593,1.239054077524565e-06,0.0027737299184134347
2011-01-24,0.44575524201978683,0.267670618377226,0.28657413960298717,0.0028106053194954517,0.0011864308562185455,5.621210638990904e-07,0.0011858687351546464
2011-01-25,0.4447496378440712,0.2689509061442005,0.28629945601172824,0.0012802877669745305,0.0022256383492482473,2.5605755339490613e-07,0.0022253822916948524
2011-01-26,0.4449177020262882,0.2672992642306257,0.2877830337430861,0.0016516419135748361,1.8796566019182222e-05,3.3032838271496725e-07,1.8466237636467256e-05
2011-01-27,0.4452931102154285,0.26785107174842104,0.28685581803615035,0.0009272157069356857,-0.004759367867383352,1.8544314138713713e-07,-0.004759553310524739
2011-01-28,0.45028603156644836,0.27041357043426467,0.27930039799928685,0.007555420036863492,-0.0013129699870633926,1.5110840073726984e-06,-0.0013144810710707653
2011-01-31,0.43736658212471513,0.2780576698917068,0.28457574798357815,0.012919449441733344,0.0002744377236181054,2.583889888346669e-06,0.00027185383372975875
2011-02-01,0.4345506848377313,0.2790801177365302,0.2863691974257384,0.002815897286983726,0.0076254290709319985,5.631794573967452e-07,0.007624865891474601
2011-02-02,0.427233370632721,0.2829170889896837,0.28984954037759525,0.0073173142050103335,-0.0015299568945541747,1.4634628410020668e-06,-0.0015314203573951767
2011-02-03,0.4264867798379023,0.2850825035017935,0.2884307166603043,0.00216541451210972,0.002453723625666694,4.3308290242194407e-07,0.002453290542764272
2011-02-04,0.42521976655465765,0.28995440760757485,0.2848258258377676,0.004871904105781338,-0.0029011782423719453,9.743808211562678e-07,-0.0029021526231931016
2011-02-07,0.427017053999402,0.2775386290476511,0.29544431695294693,0.012415778559923707,0.004152348888331321,2.4831557119847416e-06,0.004149865732619336
2011-02-08,0.4245340360060354,0.28065384160686896,0.29481212238709575,0.003115212559217817,0.0026206532190470437,6.230425118435634e-07,0.0026200301765352003
2011-02-09,0.42492270502135887,0.280397850108131,0.2946794448705101,0.0003886690153235284,0.0013248748997638123,7.773380306470568e-08,0.0013247971659607475
2011-02-10,0.4221000889888577,0.28249293692657096,0.2954069740845714,0.002822616032501196,-0.003590263291225626,5.645232065002393e-07,-0.003590827814432126
2011-02-11,0.42164742158705065,0.27982282395330355,0.2985297544596458,0.0031227803750744354,0.005356069202377668,6.245560750148871e-07,0.005355444646302653
2011-02-14,0.4239024722915914,0.27629462295000473,0.29980290475840393,0.003528201003298842,0.0026316998817591244,7.056402006597685e-07,0.002630994241558465
2011-02-15,0.42231928307801364,0.2673066729419498,0.3103740439800366,0.010571139221632664,0.0022461906688019282,2.1142278443265327e-06,0.002244076440957602
2011-02-16,0.4182014000383366,0.2727033503564806,0.3090952496051828,0.005396677414530787,0.0020613962734260718,1.0793354829061575e-06,0.002060316937943166
2011-02-17,0.4236194123311725,0.2755750259935833,0.3008055616752442,0.008289687929938616,0.0038052841107235526,1.6579375859877233e-06,0.003803626173137565
2011-02-18,0.4237610968469311,0.27593296543919343,0.3003059377138754,0.0004996239613687392,0.0008457940179186243,9.992479227374784e-08,0.0008456940931263506
2011-02-22,0.4294672054694286,0.2712789951413331,0.29925379938923824,0.005706108622497541,-0.0026124574828340855,1.1412217244995083e-06,-0.002613598704558585
2011-02-23,0.4101646029163223,0.27860670788384095,0.3112286891998368,0.019302602553106396,0.0012781728942974795,3.86052051062128e-06,0.0012743123737868583
2011-02-24,0.4077666208958383,0.279618965248714,0.3126144138554477,0.002397982020483941,-0.0008426456072463178,4.795964040967881e-07,-0.0008431252036504146
2011-02-25,0.41895680679578057,0.27440053975994333,0.3066426534442761,0.011190185899942251,0.008117142595139692,2.2380371799884505e-06,0.008114904557959704
2011-02-28,0.42110944644739445,0.2768710351299738,0.3020195184226318,0.004623135021644326,0.0035850224877380563,9.246270043288652e-07,0.0035840978607337274
2011-03-01,0.4259474004693026,0.27601313445158104,0.2980394650791164,0.004837954021908147,-0.0011703657721834314,9.675908043816296e-07,-0.001171333362987813
2011-03-02,0.41283607817990703,0.2870149752955234,0.3001489465245695,0.013111322289395516,-0.003765405162226442,2.6222644578791033e-06,-0.003768027426684321
2011-03-03,0.41469363057486197,0.2813591240591055,0.30394724536603246,0.005655851236417875,0.00041430036560324325,1.131170247283575e-06,0.00041316919535595967
2011-03-04,0.4194675831880852,0.28631778800033075,0.29421462881158406,0.009732616554448431,0.001925975812759403,1.946523310889686e-06,0.0019240292894485134
2011-03-07,0.4233504204648546,0.2843826536993423,0.2922669258358031,0.003882837276769413,-0.004363685603230117,7.765674553538826e-07,-0.0043644621706854705
2011-03-08,0.41418720440138296,0.2830537089069621,0.30275908669165497,0.010492160855851862,0.0011183315692582904,2.0984321711703726e-06,0.00111623313708712
2011-03-09,0.4092466490746217,0.28729033362159895,0.3034630173037792,0.004940555326761187,0.0023094041835992766,9.881110653522375e-07,0.0023084160725339244
2011-03-10,0.40064542338547876,0.2903106705452402,0.309043906069281,0.008601225689142983,-0.006176417168736004,1.7202451378285966e-06,-0.006178137413873833
2011-03-11,0.38691911842825016,0.293725260184515,0.3193556213872348,0.013726304957228597,0.002064014833912549,2.7452609914457196e-06,0.0020612695729211035
2011-03-14,0.38585161130420015,0.2940337297783304,0.32011465891746954,0.0010675071240500988,-0.0009759667693125024,2.1350142481001978e-07,-0.0009761802707373123
2011-03-15,0.38481164590571126,0.2953444261721971,0.31984392792209165,0.001310696393866717,-0.005952961064860292,2.6213927877334343e-07,-0.005953223204139066
2011-03-16,0.385954699829487,0.2973296229513822,0.3167156772191309,0.0031282507029607998,-0.0038535361371919226,6.2565014059216e-07,-0.0038541617873325148
2011-03-17,0.3726585606216797,0.3051795142168125,0.32216192516150777,0.013296139207807228,0.004319067685884598,2.6592278415614456e-06,0.0043164084580430365
2011-03-18,0.36589971757844897,0.3086289745374571,0.32547130788409406,0.0067588430432307944,0.005485345729900755,1.351768608646159e-06,0.005483993961292109
2011-03-21,0.36663881121249425,0.30956857746434635,0.32379261132315934,0.0016786965609346394,0.005662204971275014,3.357393121869279e-07,0.005661869231962827
2011-03-22,0.3571910480162524,0.3189185134456205,0.3238904385381271,0.009447763196241882,-0.0003842681650231101,1.8895526392483764e-06,-0.00038615771766235845
2011-03-23,0.3564111732502701,0.3185471574435447,0.3250416693061852,0.0011512307680580924,0.003625577481739422,2.302461536116185e-07,0.00362534723558581
2011-03-24,0.3575876703185167,0.3199294018946697,0.32248292778681364,0.002558741519371549,-0.0015592799725025544,5.117483038743098e-07,-0.0015597917208064287
2011-03-25,0.35633938421012956,0.32155077148467615,0.3221098443051942,0.0016213695900065273,0.00038103352367682903,3.2427391800130544e-07,0.00038070924975882773
2011-03-28,0.3562164540836812,0.3213869922009449,0.3223965537153739,0.0002867094101796641,-0.0020821318239494903,5.7341882035932825e-08,-0.0020821891658315264
2011-03-29,0.3553417433459825,0.32354356911639,0.32111468753762756,0.0021565769154450465,-0.000866106271207307,4.313153830890093e-07,-0.000866537586590396
2011-03-30,0.34750806976938076,0.32890394352154206,0.3235879867090772,0.007833673576601724,0.006097085039498715,1.566734715320345e-06,0.006095518304783395
2011-03-31,0.3436398250253745,0.3349102837114543,0.32144989126317114,0.006006340189912279,0.0016032102915728426,1.201268037982456e-06,0.0016020090235348602
2011-04-01,0.34421316637241867,0.33528268676660833,0.320504146860973,0.000945744402198162,0.0015711294902761223,1.8914888043963242e-07,0.0015709403413956826
2011-04-04,0.34117040405961346,0.3366078080958839,0.3222217878445026,0.003042762312805203,0.002128590810681257,6.085524625610405e-07,0.002127982258218696
2011-04-05,0.3427485079338825,0.33670737944154605,0.32054411262457144,0.001677675219931174,0.0036642116335626473,3.3553504398623484e-07,0.003663876098518661
2011-04-06,0.33862612908523726,0.3320462260935565,0.32932764482120624,0.008783532196634802,-0.003151925575059799,1.7567064393269604e-06,-0.003153682281499126
2011-04-07,0.3352440738042769,0.3388107561809613,0.32594517001476186,0.006764530087404769,-0.001229433462384033,1.352906017480954e-06,-0.001230786368401514
2011-04-08,0.33460162507309105,0.3389689035279809,0.326429471398928,0.0006424487311857963,-0.0003207711143188353,1.2848974623715926e-07,-0.00032089960406507246
2011-04-11,0.3347730841842787,0.3397229698512076,0.3255039459645137,0.0009255254344142927,-0.0030167572550061613,1.8510508688285856e-07,-0.0030169423600930442
2011-04-12,0.3347807267168703,0.3415074509554577,0.32371182232767215,0.0017921236368416416,-0.0011575241316488546,3.584247273683283e-07,-0.001157882556376223
2011-04-13,0.335011613850481,0.34027009106139994,0.3247182950881191,0.0012373598940577102,0.0027728321626038443,2.4747197881154206e-07,0.0027725846906250327
2011-04-14,0.33652543380960626,0.33981281115316403,0.32366175503722966,0.0015138199591253065,0.004352378263263741,3.027639918250613e-07,0.004352075499271916
2011-04-15,0.33584760326959906,0.34230739840988,0.32184499832052105,0.002494587256715891,0.008642950644728494,4.989174513431782e-07,0.00864245172727715
2011-04-18,0.33784024011246555,0.3369699564280977,0.3251898034594368,0.005337441981782293,-0.0010501537903816693,1.0674883963564586e-06,-0.0010512212787780258
2011-04-19,0.33397282826224167,0.3394857029603604,0.32654146877739787,0.003867411850223823,0.0033806123372512615,7.734823700447646e-07,0.0033798388548812166
2011-04-20,0.3355652217020532,0.33935123729371675,0.32508354100423004,0.001592393439811518,0.003661439106540627,3.1847868796230363e-07,0.0036611206278526647
2011-04-21,0.32341155724315257,0.34045712394025207,0.3361313188165954,0.012153664458900676,0.0019090309191397853,2.4307328917801354e-06,0.0019066001862480051
2011-04-25,0.3220573860492917,0.342141162762105,0.33580145118860344,0.0016840388218528901,0.0012536429731812631,3.36807764370578e-07,0.0012533061654168925
2011-04-26,0.3221149229643339,0.34080986491193244,0.3370752121237337,0.0013312978501725248,0.004947153653985277,2.66259570034505e-07,0.004946887394415242
2011-04-27,0.3207382239753556,0.34169795882800896,0.33756381719663553,0.0013766989889783254,0.005101709342495056,2.753397977956651e-07,0.00510143400269726
2011-04-28,0.3216941070090606,0.34970999255211377,0.3285959004388257,0.008967916757809807,0.005081973130778174,1.7935833515619616e-06,0.005080179547426612
2011-04-29,0.3117764940914575,0.3374472377562909,0.3507762681522516,0.022180367713425936,0.007748705863721572,4.4360735426851875e-06,0.007744269790178887
2011-05-02,0.3197360068955573,0.33287641361114645,0.34738757949329624,0.007959512804099789,-0.004426261739142969,1.5919025608199579e-06,-0.004427853641703789
2011-05-03,0.32293605890928206,0.33783000465136953,0.33923393643934824,0.008153643053947918,-0.00044523775153977336,1.6307286107895837e-06,-0.0004468684801505629
2011-05-04,0.3289835736319945,0.3352489739720215,0.335767452395984,0.006047514722712338,-0.005502711386648183,1.2095029445424678e-06,-0.005503920889592725
2011-05-05,0.3314801884730873,0.3393141369192149,0.3292056746076976,0.006561777788286288,-0.009264082207560462,1.3123555576572577e-06,-0.00926539456311812
2011-05-06,0.3387163751782401,0.351570815128794,0.3097128096929659,0.019492864914731817,0.00389989376044808,3.8985729829463635e-06,0.003895995187465134
2011-05-09,0.3378442613992088,0.3560234786382389,0.30613225996255233,0.004452663509444871,0.005316831313242987,8.905327018889742e-07,0.005315940780541099
2011-05-10,0.339987570138603,0.3577879330300912,0.30222449683130576,0.003907763131246522,0.0014069609158175308,7.815526262493045e-07,0.0014061793631912815
2011-05-11,0.33702388689417423,0.35887242529476854,0.3041036878110573,0.0029636832444288053,-0.004288429265074906,5.927366488857611e-07,-0.004289022001723792
2011-05-12,0.3343933628127389,0.3630859613570288,0.30252067583023234,0.00421353606226027,-0.0006017274224939156,8.427072124520541e-07,-0.0006025701297063677
2011-05-13,0.33184670660395205,0.3669475789306334,0.3012057144654145,0.0038616175736046476,-0.0012175652552523066,7.723235147209296e-07,-0.0012183375787670275
2011-05-16,0.32918469096172237,0.37189718149246803,0.29891812754580954,0.004949602561834632,-0.0005483613055303384,9.899205123669263e-07,-0.0005493512260427053
2011-05-17,0.3285460977269077,0.37177010831418644,0.29968379395890576,0.0007656664130962498,0.0024625761396871735,1.5313328261924997e-07,0.002462423006404554
2011-05-18,0.33007591114419366,0.36900467043636376,0.30091941841944253,0.002765437877822713,-0.0001523384895825144,5.530875755645426e-07,-0.00015289157715807895
2011-05-19,0.3326737462063084,0.3632460787724509,0.30408017502124063,0.005758591663912849,0.0007444047117712303,1.1517183327825699e-06,0.0007432529934384477
2011-05-20,0.33247103078163126,0.36276452376055157,0.30476444545781706,0.0006842704365764563,0.0013989799715357137,1.3685408731529125e-07,0.0013988431174483983
2011-05-23,0.3318235803667438,0.365652204504044,0.30252421512921224,0.0028876807434923546,-0.001387660738462761,5.775361486984709e-07,-0.0013882382746114594
2011-05-24,0.3357250385842427,0.36746028382972634,0.296814677586031,0.005709537543181237,0.002627547942585452,1.1419075086362475e-06,0.0026264060350768156
2011-05-25,0.33641279028934784,0.36634224348358513,0.2972449662270671,0.0011180403461412414,-0.000612872280973221,2.2360806922824829e-07,-0.0006130958890424493
2011-05-26,0.3354443502635262,0.36553961476943164,0.29901603496704215,0.0017710687399750957,0.003953638750529398,3.5421374799501917e-07,0.003953284536781403
2011-05-27,0.3385663507143256,0.36274334783302337,0.29869030145265113,0.003122000450799356,0.004130209324535065,6.244000901598712e-07,0.004129584924444905
2011-05-31,0.3400458375000989,0.36313669667185106,0.29681746582804996,0.0018728356246010824,0.004249466078385198,3.745671249202165e-07,0.004249091511260278
2011-06-01,0.3431175803915041,0.35722701880027785,0.299655400808218,0.0059096778715732046,-0.002338227313199097,1.181935574314641e-06,-0.0023394092487734114
2011-06-02,0.32581590992973164,0.3696259439362923,0.304558146133976,0.017301670461772445,-0.008220148905503988,3.460334092354489e-06,-0.008223609239596343
2011-06-03,0.3372110218755717,0.3528068279865522,0.30998215013787594,0.016819115949740032,0.0001654882303165591,3.3638231899480065e-06,0.0001621244071266111
2011-06-06,0.3348888818154572,0.35385793201158583,0.311253186172957,0.002322140060114608,-0.005686675915718326,4.6442801202292164e-07,-0.005687140343730349
2011-06-07,0.33377965518732655,0.35394878596978113,0.3122715588428923,0.0011092266281306218,0.001297724294337411,2.2184532562612437e-07,0.001297502449011785
2011-06-08,0.33525973976205264,0.3539552245071926,0.3107850357307546,0.0014865231121376221,0.0001000498949116945,2.9730462242752445e-07,9.975259028926697e-05
2011-06-09,0.3346897959261107,0.3554475214148927,0.3098626826589965,0.0014922969077000858,0.0026729046325102727,2.984593815400172e-07,0.002672606173128733
2011-06-10,0.337157174053763,0.3566780269593273,0.3061647989869095,0.0036978836720869546,-0.004635825977052565,7.395767344173909e-07,-0.004636565553786983
2011-06-13,0.33399325105807054,0.36028101245930694,0.3057257364826224,0.0036029854999795885,-0.004566970593706513,7.205970999959177e-07,-0.004567691190806509
2011-06-14,0.33689520119086996,0.35979618871931085,0.3033086100898192,0.002901950132799369,0.0006863628553641773,5.803900265598739e-07,0.0006857824653376174
2011-06-15,0.33258080149787156,0.35360753782225296,0.31381166067987565,0.010503050590056379,0.0014606720920432759,2.100610118011276e-06,0.0014585714819252645
2011-06-16,0.33675761717552744,0.3466311610948709,0.31661122172960177,0.006976376727382022,0.0019977687594975703,1.3952753454764044e-06,0.001996373484152094
2011-06-17,0.34089215905463416,0.34566997859469983,0.313437862350666,0.004134541879106779,0.001425132409460113,8.269083758213559e-07,0.0014243055010842915
2011-06-20,0.3408280555457975,0.34399123035850476,0.31518071409569776,0.0017428517450317482,0.0023587162526538556,3.485703490063497e-07,0.0023583676823048494
2011-06-21,0.34699155649476826,0.3414964927960371,0.3115119507091947,0.0061635009489707515,0.004757297629039103,1.2327001897941504e-06,0.004756064928849308
2011-06-22,0.34157708659842817,0.3439902662105017,0.3144326471910702,0.005414469896340118,-0.0013645661114511122,1.0828939792680238e-06,-0.0013656490054303804
2011-06-23,0.3397051405860572,0.3437622289559467,0.31653263045799596,0.0020999832669258423,-0.003900495959631915,4.1999665338516847e-07,-0.0039009159562853
2011-06-24,0.34549769208969333,0.3466176832421857,0.3078846246681209,0.008648005789875096,-0.009788404950486666,1.7296011579750194e-06,-0.00979013455164464
2011-06-27,0.34466130881524887,0.3508463357008265,0.30449235548392467,0.004228652458640736,-0.002843802999377268,8.457304917281472e-07,-0.002844648729868996
2011-06-28,0.34554625687351953,0.345098100469265,0.30935564265721555,0.005748235231561538,0.0028145340977912834,1.1496470463123078e-06,0.0028133844507449712
2011-06-29,0.3416553039684613,0.34693779935890773,0.3114068966726309,0.0038909529050581704,0.002624295671324946,7.781905810116342e-07,0.0026235174807439344
2011-06-30,0.3411529981067279,0.34764746826237336,0.3111995336308987,0.0007096689034656045,0.00021360968037807074,1.4193378069312092e-07,0.00021346774659737762
2011-07-01,0.3386527287509657,0.3493618093982792,0.3119854618507551,0.0025002693557622246,0.0021590246965837506,5.000538711524449e-07,0.002158524642712598
2011-07-05,0.3332077514547697,0.35321614807879204,0.3135761004664382,0.005444977296195946,0.006360432231202306,1.0889954592391894e-06,0.0063593432357430665
2011-07-06,0.33658957327500455,0.35669019731391804,0.30672022941107735,0.00685587105536084,0.004886456566484007,1.371174211072168e-06,0.0048850853922729354
2011-07-07,0.3348048069654685,0.35483168198020637,0.31036351105432514,0.003643281643247759,0.00292040215313533,7.286563286495518e-07,0.0029196734968066802
2011-07-08,0.3282286412779435,0.36392455493051473,0.3078468037915418,0.009092872950308362,0.0050896037700305635,1.8185745900616725e-06,0.0050877851954405015
2011-07-11,0.33032870476301585,0.35953478452170967,0.31013651071527437,0.004389770408805005,0.0021844266439648447,8.779540817610011e-07,0.002183548689883084
2011-07-12,0.3247737250282492,0.3593183206919772,0.3159079542797736,0.005771443564499157,0.0022808872024465444,1.1542887128998315e-06,0.0022797329137336448
2011-07-13,0.3243845559117388,0.35908756898228406,0.3165278751059772,0.0006199208262035738,0.0049232747424926915,1.2398416524071477e-07,0.004923150758327451
2011-07-14,0.3239871073456908,0.3610864695239501,0.31492642313035907,0.0019989005416660988,-0.0065722961341788,3.9978010833321976e-07,-0.006572695914287133
2011-07-15,0.3261234785148777,0.35516832323084413,0.3187081982542782,0.005918146293106025,0.003845960844450184,1.183629258621205e-06,0.003844777215191563
2011-07-18,0.32374974704259185,0.3539634648034669,0.32228678815394135,0.003578589899663115,-0.003233116956071328,7.157179799326231e-07,-0.0032338326740512604
2011-07-19,0.32168414166051496,0.3562658718022439,0.32204998653724115,0.00230240699877704,0.008699713470423885,4.6048139975540807e-07,0.00869925298902413
2011-07-20,0.32612368146660825,0.3481973330527264,0.32567898548066543,0.008068538749517545,-0.0014516924426227428,1.6137077499035092e-06,-0.0014533061503726463
2011-07-21,0.32943922717548096,0.34459504578140143,0.32596572704311766,0.0036022872713249443,-0.0005708992380941366,7.204574542649889e-07,-0.0005716196955484015
2011-07-22,0.33028329878189144,0.34492524494562393,0.3247914562724847,0.0011742707706329791,0.0055322140865338345,2.3485415412659585e-07,0.005531979232379708
2011-07-25,0.33200765711560126,0.34410648038552094,0.3238858624988778,0.0017243583337098467,-0.0030807435338216288,3.4487166674196936e-07,-0.003081088405488371
2011-07-26,0.3333736014419637,0.3418080296739483,0.32481836888408805,0.0022984507115726693,0.0019807445324424204,4.596901423145339e-07,0.001980284842300106
2011-07-27,0.3340190882095224,0.34199344882790206,0.3239874629625757,0.0008309059215124148,-0.007994618149769171,1.6618118430248296e-07,-0.007994784330953474
2011-07-28,0.3207827045757261,0.34557061329523986,0.3336466821290339,0.013236383633796173,0.0006432357554098486,2.6472767267592347e-06,0.0006405884786830894
2011-07-29,0.32033744091696925,0.34637014463723464,0.3332924144457961,0.0007995313419947303,0.006719515220773952,1.5990626839894608e-07,0.0067193553145055524
2011-08-01,0.321233680124595,0.3346748068302756,0.34409151304512936,0.011695337806959027,0.0007727553038518573,2.3390675613918054e-06,0.0007704162362904655
2011-08-02,0.31978888840204395,0.33060355089674676,0.3496075607012093,0.0055160476560799365,0.010179847867981137,1.1032095312159873e-06,0.010178744658449921
2011-08-03,0.32237595433525595,0.32563507835325806,0.351988967311486,0.0049684725434887,0.0023230620247921088,9.9369450869774e-07,0.002322068330283411
2011-08-04,0.3190867425739686,0.32286728409088633,0.3580459733351451,0.006057006023659106,-0.005343209054034481,1.2114012047318213e-06,-0.0053444204552392125
2011-08-05,0.2828788687636105,0.3046516641060214,0.4124694671303682,0.054423493795223044,-0.006363499375230555,1.0884698759044609e-05,-0.0063743840739895995
2011-08-08,0.2871307217774364,0.28962214398483493,0.42324713423772864,0.015029520121186413,0.004495129286263427,3.005904024237283e-06,0.00449212338223919
2011-08-09,0.2627531185233154,0.3084003351358724,0.4288465463408122,0.024377603254121027,0.016976600308401146,4.875520650824206e-06,0.016971724787750324
2011-08-10,0.2459114606424179,0.31729451806148395,0.4367940212960982,0.016841657880897518,0.014042383398164198,3.368331576179504e-06,0.014039015066588018
2011-08-11,0.24908979305180914,0.3260758645617535,0.42483434238643736,0.01195967890966082,-0.014590596689710302,2.391935781932164e-06,-0.014592988625492234
2011-08-12,0.25288314056055083,0.3103982003990314,0.4367186590404178,0.015677664162722135,0.005854559228297082,3.135532832544427e-06,0.005851423695464538
2011-08-15,0.2532592568987957,0.3076869241042641,0.4390538189969401,0.002711276294767223,0.006968744407130533,5.422552589534446e-07,0.006968202151871579
2011-08-16,0.2515241334606,0.3081652593225149,0.4403106072168851,0.001735123438195707,0.008387300072103991,3.470246876391414e-07,0.008386953047416353
2011-08-17,0.25209966059024497,0.30742814402743535,0.4404721953823196,0.000737115295079499,0.006817608032482183,1.474230590158998e-07,0.006817460609423167
2011-08-18,0.2525808845152916,0.30704427741859486,0.4403748380661136,0.0004812239250465422,0.003747102371869631,9.624478500930844e-08,0.0037470061270846217
2011-08-19,0.2475168504495014,0.3104293545082671,0.44205379504223147,0.005064034065790146,0.00400963231423219,1.0128068131580294e-06,0.004008619507419032
2011-08-22,0.2468157393337643,0.3105160987238319,0.4426681619424039,0.0007011111157371602,0.010829491263485012,1.4022222314743205e-07,0.010829351041261865
2011-08-23,0.2514521803371009,0.315478972030976,0.43306884763192305,0.009599314310480764,-0.012311462548977282,1.919862862096153e-06,-0.012313382411839378
2011-08-24,0.2585114536303728,0.33068419870237614,0.41080434766725094,0.022264499964672085,-0.019679696385920393,4.452899992934417e-06,-0.019684149285913326
2011-08-25,0.2682287392628164,0.3336522636790927,0.3981189970580909,0.012685350609160068,0.0011681340547132293,2.5370701218320135e-06,0.0011655969845913972
2011-08-26,0.267575209472581,0.33352906472924304,0.39889572579817595,0.0007767287400850253,0.01900577012758489,1.5534574801700507e-07,0.01900561478183687
2011-08-29,0.2702719647085708,0.33805624577898574,0.39167178951244347,0.00722393628573248,-0.004808205893570202,1.444787257146496e-06,-0.004809650680827348
2011-08-30,0.2701798300735603,0.34084556292358065,0.3889746070028591,0.002789317144594905,0.01784612039648873,5.57863428918981e-07,0.01784556253305981
2011-08-31,0.2758080285362922,0.34375911379380064,0.38043285766990714,0.008541749332951931,-0.007019782858810037,1.7083498665903863e-06,-0.0070214912086766276
2011-09-01,0.2755738581954146,0.3453762481199639,0.3790498936846214,0.0016171343261633386,0.004755286571319202,3.2342686523266776e-07,0.00475496314445397
2011-09-02,0.2766990385755588,0.3426165963687121,0.38068436505572917,0.002759651751251896,0.01555361623533691,5.519303502503792e-07,0.015553064304986661
2011-09-06,0.28019534685882674,0.3416451917509723,0.378159461390201,0.003496308283267968,0.0008066119648439239,6.992616566535937e-07,0.0008059127031872702
2011-09-07,0.28025418072313035,0.34139556663783355,0.3783502526390361,0.00024962511313872393,-0.010650976148694003,4.992502262774479e-08,-0.010651026073716631
2011-09-08,0.28267372993885975,0.34563488268332454,0.3716913873778156,0.006658865261220448,0.01009038750385458,1.3317730522440897e-06,0.010089055730802337
2011-09-09,0.284704335512723,0.3482893493109791,0.3670063151762978,0.004685072201517815,-0.005987885848444873,9.37014440303563e-07,-0.005988822862885176
2011-09-12,0.28262922090825704,0.3487250491123182,0.36864572997942463,0.0020751146044659663,-0.0060248067212395565,4.150229208931933e-07,-0.00602522174416045
2011-09-13,0.2839361837446599,0.3513953087611284,0.3646685074942117,0.003977222485212983,0.0014627821799812124,7.954444970425967e-07,0.0014619867354841698
2011-09-14,0.2843696733108777,0.3516515507718488,0.3639787759172735,0.0006897315769381906,0.004202935509498613,1.3794631538763813e-07,0.004202797563183225
2011-09-15,0.284362983400487,0.3534831160120785,0.3621539005874345,0.0018315652402297045,-0.006239742994741213,3.663130480459409e-07,-0.006240109307789259
2011-09-16,0.28521030023776206,0.3532500402925953,0.36153965946964256,0.0008473168372750972,0.00763496049480762,1.6946336745501945e-07,0.007634791031440165
2011-09-19,0.28509585552770844,0.3536535157445956,0.3612506287276958,0.00040347545200031254,-0.0016775987850014963,8.06950904000625e-08,-0.0016776794800918964
2011-09-20,0.2867782609193469,0.3532110073574091,0.3600107317232441,0.001682405391638303,0.006279102486583154,3.364810783276606e-07,0.0062787660055048265
2011-09-21,0.28793930485489,0.3536948424209493,0.35836585272416077,0.0016448789990833046,-0.0012452133500631957,3.289757998166609e-07,-0.0012455423258630122
2011-09-22,0.2881240467575327,0.35008654888924406,0.3617894043532232,0.0036082935317051923,-0.005617249829754863,7.216587063410385e-07,-0.005617971488461204
2011-09-23,0.2889006356598071,0.3462582129494198,0.36484115139077317,0.0038283359398243177,-0.024662781390245338,7.656671879648636e-07,-0.024663547057433302
2011-09-26,0.29907279630927924,0.35384666167982126,0.34708054201089944,0.01776060937987367,-0.0033909769457655514,3.5521218759747343e-06,-0.003394529067641526
2011-09-27,0.29777402308687195,0.3550453989242503,0.3471805779888777,0.00129877322240729,0.004614942769604084,2.59754644481458e-07,0.004614683014959603
2011-09-28,0.29944143049086,0.35456202509852447,0.34599654441061545,0.0016674074039880749,-0.01573467145698152,3.33481480797615e-07,-0.01573500493846232
2011-09-29,0.300229137093255,0.3580983887522803,0.3416724741544647,0.004324070256150753,0.008088456168764455,8.648140512301506e-07,0.008087591354713224
2011-09-30,0.3002646843692345,0.35809416154303936,0.34164115408772616,3.554727597948615e-05,0.00227144370593766,7.10945519589723e-09,0.002271436596482464
2011-10-03,0.3002813830701172,0.35585430044741034,0.3438643164824725,0.002239861095629042,0.0075568467584842544,4.4797221912580844e-07,0.007556398786265128
2011-10-04,0.29912129731637593,0.3540210673855458,0.3468576352980782,0.002993318815605772,-0.005086352127376377,5.986637631211544e-07,-0.005086950791139498
2011-10-05,0.29876455712032557,0.3546961940423181,0.3465392488373562,0.0006751266567723568,0.006979369148630704,1.3502533135447137e-07,0.00697923412329935
2011-10-06,0.2982230557497724,0.3550704773142821,0.3467064669359455,0.000541501370553199,0.0010810498996788151,1.0830027411063981e-07,0.0010809415994047044
2011-10-07,0.29784834740514454,0.35343864588834234,0.34871300670651295,0.002006539770567556,-0.007451787132334197,4.013079541135112e-07,-0.00745218844028831
2011-10-10,0.2987705256169855,0.35310224158574915,0.3481272327972654,0.0009221782118408739,0.013950471547252005,1.8443564236817478e-07,0.013950287111609637
2011-10-11,0.29655987044435084,0.35523178203991485,0.3482083475157343,0.0022106551726346624,-0.0033864939439467345,4.421310345269325e-07,-0.0033869360749812613
2011-10-12,0.2967384432922289,0.35498844326118545,0.34827311344658574,0.00024333877872945164,-6.840122957350392e-05,4.866775574589033e-08,-6.844989732924981e-05
2011-10-13,0.2966242771854721,0.3551494343279761,0.34822628848655196,0.0001609910667906278,0.000899295043123876,3.219821335812556e-08,0.0008992628449105179
2011-10-14,0.2969829350966583,0.3549287996654513,0.3480882652378905,0.00035865791118622203,0.002278700569723773,7.173158223724442e-08,0.0022786288381415358
2011-10-17,0.29634414280683685,0.35450676767782285,0.34914908951534046,0.00106082427744994,-0.0011953985016317538,2.12164855489988e-07,-0.0011956106664872438
2011-10-18,0.2956133379387055,0.35477357641420576,0.3496130856470889,0.0007308048681313462,0.0018976922313581198,1.4616097362626923e-07,0.0018975460703844935
2011-10-19,0.29372501726496414,0.35617984242834705,0.35009514030668876,0.0018883206737412561,-0.007859730049607806,3.7766413474825125e-07,-0.007860107713742554
2011-10-20,0.2940633059869319,0.35686588897106347,0.3490708050420046,0.0010243352646841786,-0.005839747202593334,2.0486705293683573e-07,-0.00583995206964627
2011-10-21,0.29448701923384335,0.35678955678962965,0.348723423976527,0.000423713246911428,0.005684120886911443,8.47426493822856e-08,0.005684036144262061
2011-10-24,0.2932999033456891,0.357674841216194,0.34902525543811685,0.0011871158881542054,0.007478703493673178,2.374231776308411e-07,0.0074784660704955465
2011-10-25,0.29290292107843724,0.35823573725564295,0.3488613416659199,0.0005608960394488938,0.013310379106254008,1.1217920788977875e-07,0.013310266927046118
2011-10-26,0.29598550679316843,0.3575939413309546,0.34642055187587695,0.003082585714731245,0.0005463466883588405,6.165171429462491e-07,0.0005457301712158942
2011-10-27,0.2969043703694679,0.3557376019765595,0.3473580276539726,0.001856339354395109,0.002745877873920606,3.712678708790218e-07,0.002745506606049727
2011-10-28,0.2957482634412479,0.3525934114894982,0.35165832506925393,0.004300297415281318,0.003783989801600935,8.600594830562637e-07,0.003783129742117879
2011-10-31,0.2957766945617098,0.3524621000133427,0.3517612054249474,0.00013131147615541572,0.002118652836341193,2.6262295231083147e-08,0.002118626574045962
2011-11-01,0.29668648151321814,0.3483375949043833,0.35497592358239843,0.004124505108959398,0.0034714108732425966,8.249010217918796e-07,0.0034705859722208047
2011-11-02,0.29632222658881335,0.3449774262429418,0.35870034716824484,0.003724423585846348,0.004130585812259438,7.448847171692697e-07,0.004129840927542269
2011-11-03,0.30103345954585803,0.3460614240985813,0.35290511635556077,0.005795230812684127,0.0062872043536343035,1.1590461625368253e-06,0.0062860453074717665
2011-11-04,0.29884444748410627,0.35057438497700744,0.3505811675388862,0.004512960878426231,-0.003177209209782181,9.025921756852462e-07,-0.0031781118019578664
2011-11-07,0.31049760004316324,0.34416424509340743,0.3453381548634295,0.011653152559056829,0.012464571752407533,2.3306305118113657e-06,0.012462241121895722
2011-11-08,0.32009665671316356,0.34119392186074726,0.3387094214260891,0.009599056670000439,-0.003065961717015184,1.9198113340000877e-06,-0.003067881528349184
2011-11-09,0.32492029901828395,0.33656650929294984,0.3385131916887662,0.0048236423051203625,-0.007860305461770314,9.647284610240725e-07,-0.007861270190231338
2011-11-10,0.3191001210010005,0.3479028871215264,0.33299699187747306,0.011336377828576577,-0.0039780065792655046,2.2672755657153156e-06,-0.00398027385483122
2011-11-11,0.31886647170217786,0.3481703444030077,0.33296318389481433,0.00026745728148133696,0.009363714879585611,5.3491456296267394e-08,0.009363661388129316
2011-11-14,0.31945227308614604,0.34886634682709516,0.33168138008675874,0.0012818038080556204,0.0011354488329812728,2.563607616111241e-07,0.0011351924722196617
2011-11-15,0.31899630858691347,0.34864282155765486,0.33236086985543156,0.0006794897686728529,0.0014084492054291982,1.358979537345706e-07,0.0014083133074754635
2011-11-16,0.3181847219906859,0.3501310815485432,0.33168419646077085,0.0014882599908883076,-0.005394158140121091,2.976519981776615e-07,-0.005394455792119269
2011-11-17,0.32514105108949337,0.3469157147099626,0.32794323420054405,0.0069563290988074455,-0.010811688222030023,1.391265819761489e-06,-0.010813079487849785
2011-11-18,0.32639430633396127,0.34812372640333916,0.3254819672626996,0.0024612669378444585,0.000578091883143186,4.922533875688917e-07,0.000577599629755617
2011-11-21,0.3244628486159256,0.3462369161176071,0.32930023526646734,0.003818268003767722,-0.012205365432796038,7.636536007535445e-07,-0.012206129086396792
2011-11-22,0.32497175238639436,0.3436887149829904,0.3313395326306151,0.0025482011346165956,0.0062280946115943975,5.096402269233191e-07,0.006227584971367474
2011-11-23,0.32043660592333695,0.34580432427853364,0.33375906979812936,0.004535146463057443,-0.004649750261952609,9.070292926114888e-07,-0.0046506572912452205
2011-11-25,0.3189237575389605,0.34658127200069705,0.33449497046034243,0.0015128483843764584,-0.008536764784991891,3.025696768752917e-07,-0.008537067354668767
2011-11-28,0.31810220100551195,0.3417381078611911,0.340159691133297,0.005664720672954565,0.015768707489676105,1.132944134590913e-06,0.015767574545541514
2011-11-29,0.31740612973952614,0.34357323734447986,0.339020632915994,0.0018351294832888165,-0.0014070287645010031,3.6702589665776334e-07,-0.0014073957903976608
2011-11-30,0.3141054721939068,0.3409617522151478,0.3449327755909453,0.005912142674951382,0.014318478220096808,1.1824285349902764e-06,0.014317295791561817
2011-12-01,0.30674922717983594,0.34647314550616654,0.34677762731399764,0.00735624501407095,-0.002806621371439718,1.4712490028141902e-06,-0.0028080926204425323
2011-12-02,0.3062863769406157,0.34849311864075383,0.34522050441863045,0.0020199731345873495,0.005001859486767923,4.0399462691746994e-07,0.005001455492141005
2011-12-05,0.3040285920318962,0.3489138686310221,0.3470575393370817,0.002257784908719529,-0.0025034738622600533,4.515569817439058e-07,-0.0025039254192417973
2011-12-06,0.30427090027485015,0.35022932588287586,0.34549977384227404,0.0015577654948077113,-0.0014701603498973967,3.115530989615423e-07,-0.0014704719029963583
2011-12-07,0.3039627381985275,0.3469327472750944,0.34910451452637814,0.0036047406841041296,0.004906473462506673,7.209481368208259e-07,0.0049057525143698525
2011-12-08,0.30193860511225984,0.344174271841768,0.3538871230459721,0.004782608519593973,-0.009469273795904575,9.565217039187946e-07,-0.009470230317608495
2011-12-09,0.3044666747086471,0.3447220202173264,0.3508113050740265,0.003075817971945588,-0.001041622491040754,6.151635943891176e-07,-0.001042237654635143
2011-12-12,0.30321600045172453,0.3401569289821513,0.3566270705661241,0.005815765492097613,-0.010088697290278946,1.1631530984195228e-06,-0.010089860443377365
2011-12-13,0.3036766051377504,0.34362060676235384,0.3527027880998958,0.003924282466228363,-0.0073407125431001734,7.848564932456725e-07,-0.007341497399593419
2011-12-14,0.305394006596524,0.34487795199882243,0.34972804140465363,0.0029747466952421697,-0.009008462885204977,5.949493390484339e-07,-0.009009057834544025
2011-12-15,0.309428620752286,0.34770610001419494,0.34286527923351906,0.0068627621711345455,-0.0014268444611781085,1.3725524342269091e-06,-0.0014282170136123355
2011-12-16,0.30909950603528225,0.34721920761517316,0.34368128634954465,0.0008160071160255578,0.011050448512065901,1.6320142320511155e-07,0.011050285310642696
2011-12-19,0.30978195859662816,0.34938045102426607,0.3408375903791059,0.002843695970438792,0.000324635528336656,5.687391940877585e-07,0.0003240667891425682
2011-12-20,0.30871268663084417,0.3478888228460695,0.3433984905230863,0.002560900143980499,0.005341977638115183,5.121800287960998e-07,0.005341465458086387
2011-12-21,0.30807100355653433,0.3508526286164077,0.3410763678270579,0.0029638057703382237,-0.003892530963492121,5.927611540676448e-07,-0.0038931237246461886
2011-12-22,0.3079070849817362,0.35471193858654354,0.3373809764317203,0.0038593099701357825,0.0018126594948448993,7.718619940271566e-07,0.001811887632850872
2011-12-23,0.2957092979426863,0.344943643116074,0.35934705894123975,0.021966082509519425,-0.0005705922195282069,4.393216501903885e-06,-0.0005749854360301108
2011-12-27,0.2968783747074328,0.34394412586301004,0.35917749942955707,0.0011690767647465627,-0.0013482885176991399,2.3381535294931256e-07,-0.0013485223330520892
2011-12-28,0.2952298448862576,0.3440041917558215,0.360765963357921,0.0016485298211752764,-0.006550129606618356,3.2970596423505527e-07,-0.0065504593125825916
2011-12-29,0.29741406032700035,0.33996812405442917,0.3626178156185704,0.004036067701392254,0.0020365101153990966,8.072135402784508e-07,0.002035702901858818
2011-12-30,0.29668201719837783,0.3399432083314554,0.3633747744701667,0.0007569588515962677,0.00362682069337986,1.5139177031925354e-07,0.0036266693016095406
2012-01-03,0.29894377371839786,0.34369334218617886,0.3573628840954234,0.006011890374743395,0.008845435047301096,1.202378074948679e-06,0.008844232669226147
2012-01-04,0.3029543977376894,0.34777066205747675,0.34927494020483396,0.008087943890589422,-0.0018899104379667317,1.6175887781178845e-06,-0.0018915280267448496
2012-01-05,0.30363964648590963,0.3447846282818409,0.35157572523224956,0.0029860337756358324,0.0025953826893155086,5.972067551271666e-07,0.0025947854825603815
2012-01-06,0.3048348903658384,0.34387871502737305,0.35128639460678857,0.001195243879928809,0.0006376453954487938,2.390487759857618e-07,0.0006374063466728081
2012-01-09,0.3051602251041316,0.34544091187514087,0.34939886302072765,0.0018875315860609754,-0.0014259612477447359,3.7750631721219507e-07,-0.001426338754061948
2012-01-10,0.3052066460327111,0.34547227517405577,0.34932107879323315,7.778422749443736e-05,0.006839972113768261,1.5556845498887472e-08,0.006839956556922762
2012-01-11,0.3088959970094379,0.3415473536760786,0.3495566493144836,0.003924921497977213,0.006882448089200004,7.849842995954426e-07,0.006881663104900409
2012-01-12,0.3094919647103752,0.3402364095928504,0.35027162569677434,0.0013109440832281272,0.0018175551345118268,2.6218881664562544e-07,0.001817292945695181
2012-01-13,0.3087101564035431,0.34204953761948664,0.34924030597697014,0.0018131280266362737,-0.0006352505253432719,3.626256053272548e-07,-0.0006356131509485991
2012-01-17,0.30854571010008525,0.3422376932461544,0.3492165966537605,0.00018815562666762986,0.005502005416157635,3.763112533352597e-08,0.005501967785032301
2012-01-18,0.3093935628405618,0.3436375000824636,0.3469689370769746,0.0022476595767857988,0.0016390737800319115,4.495319153571598e-07,0.0016386242481165544
2012-01-19,0.31151771551701246,0.34347878062052173,0.3450035038624658,0.0021241526764506635,-0.0038916616652955585,4.248305352901327e-07,-0.0038920864958308485
2012-01-20,0.3146188399580876,0.34060608239377627,0.34477507764813614,0.0031011244410751315,-0.000866998254769993,6.202248882150264e-07,-0.000867618479658208
2012-01-23,0.3160110089808424,0.33793621569913473,0.3460527753200229,0.0026698666946415317,-0.0006247361360401794,5.339733389283063e-07,-0.0006252701093791077
2012-01-24,0.3151775611565214,0.33731499974510115,0.3475074390983773,0.001454663778354487,-0.002199072504752552,2.909327556708974e-07,-0.002199363437508223
2012-01-25,0.31682724896509173,0.3369677956628591,0.3462049553720492,0.0016496878085702216,0.011264746025424724,3.299375617140443e-07,0.01126441608786301
2012-01-26,0.32051365096312046,0.33984025717433974,0.3396460918625399,0.006558863509509322,0.004595657699436483,1.3117727019018644e-06,0.004594345926734581
2012-01-27,0.3179282967113088,0.338813417436237,0.34325828585245416,0.0036121939899143307,0.004409093249473279,7.224387979828662e-07,0.004408370810675296
2012-01-30,0.31694638054743735,0.34164628001530334,0.34140733943725937,0.0028328625790662865,0.00104043431620784,5.665725158132573e-07,0.0010398677436920269
2012-01-31,0.3206139415126926,0.34793251587470697,0.33145354261260046,0.009953796824658911,0.006421819769150245,1.9907593649317824e-06,0.006419829009785313
2012-02-01,0.3210087973606281,0.3480131601740894,0.33097804246528245,0.0004755001473179532,-0.0006865446973850285,9.510002946359065e-08,-0.0006866397974144921
2012-02-02,0.31724344150429945,0.3609122790359052,0.32184427945979527,0.012899118861815828,0.003179653372238428,2.579823772363166e-06,0.003177073548466065
2012-02-03,0.3182854028892291,0.3726223183133648,0.30909227879740625,0.012752000662389101,-0.009707426755003717,2.5504001324778204e-06,-0.009709977155136195
2012-02-06,0.3227911536379705,0.3691103364931836,0.30809850986884585,0.004505750748741516,0.0026119999689804036,9.011501497483033e-07,0.0026110988188306553
2012-02-07,0.32400315157417076,0.36763150363915037,0.3083653447866788,0.0014788328540332185,0.0009083628593978062,2.957665708066437e-07,0.0009080670928269996
2012-02-08,0.32679559809577086,0.3659749536987796,0.30722944820544956,0.0027924465216000727,-0.0009193244492882401,5.584893043200145e-07,-0.0009198829385925601
2012-02-09,0.3241500954867109,0.3635146213370722,0.31233528317621695,0.005105834970767359,-0.0032003921590147023,1.0211669941534718e-06,-0.003201413326008856
2012-02-10,0.32458773119934653,0.36402864395770457,0.31138362484294896,0.0009516583332679907,0.0006994320635159822,1.9033166665359814e-07,0.0006992417318493286
2012-02-13,0.3396630383971156,0.3584347949418534,0.301902166661031,0.015075307197769117,0.0036554914447583225,3.0150614395538233e-06,0.0036524763833187686
2012-02-14,0.33803633969213337,0.3617263617844381,0.30023729852342845,0.0032915668425847477,0.0007913044459425457,6.583133685169496e-07,0.0007906461325740288
2012-02-15,0.34065373103948476,0.35824304627515524,0.30110322268536,0.0034833155092829082,-0.0004424723133030499,6.966631018565817e-07,-0.0004431689764049065
2012-02-16,0.3397930801511162,0.36178074630647317,0.2984261735424107,0.0035377000313178975,0.0006743293803656799,7.075400062635796e-07,0.0006736218403594163
2012-02-17,0.33917697154210374,0.36134480288315884,0.29947822557473736,0.0010520520323267224,-0.00035445646785801205,2.104104064653445e-07,-0.0003546668782644774
2012-02-21,0.3423480543565198,0.35982976189533034,0.29782218374814984,0.003171082814416054,0.00270031189319761,6.342165628832108e-07,0.0026996776766347267
2012-02-22,0.3465673852250404,0.3554026780130617,0.29802993676189793,0.004427083882268645,0.0066984104796417206,8.854167764537291e-07,0.006697525062865267
2012-02-23,0.34832075984766436,0.3534217118002061,0.2982575283521296,0.0019809662128556227,0.0016743110519529113,3.961932425711246e-07,0.0016739148587103401
2012-02-24,0.3515738859861708,0.34668173409836894,0.3017443799154604,0.00673997770183718,0.001650962326206345,1.347995540367436e-06,0.0016496143306659777
2012-02-27,0.35105022373811207,0.3472878018021051,0.30166197445978277,0.0006060677037362516,0.0027356066868346168,1.2121354074725034e-07,0.0027354854732938695
2012-02-28,0.3616185653845248,0.3418545347675724,0.29652689984790287,0.010568341646412682,0.0030211178192562083,2.1136683292825367e-06,0.0030190041509269255
2012-02-29,0.36025779095723826,0.3448521660012796,0.29489004304148225,0.002997631233707193,-0.019153587712459168,5.995262467414386e-07,-0.01915418723870591
2012-03-01,0.38628931588778875,0.34860404021026103,0.2651066439019502,0.029783399139531985,0.002463635945547197,5.956679827906397e-06,0.0024576792657192907
2012-03-02,0.38718461989499353,0.349129232063793,0.26368614804121343,0.0014204958607367535,0.001670855956617046,2.840991721473507e-07,0.0016705718574448985
2012-03-05,0.42254624231099913,0.32827791774671927,0.24917583994228146,0.03536162241600564,-0.005362773611822316,7.072324483201129e-06,-0.005369845936305517
2012-03-06,0.4220981047106882,0.3281710894912861,0.2497308057980258,0.00055496585574423,-0.006639211415059803,1.10993171148846e-07,-0.006639322408230952
2012-03-07,0.4155044175650343,0.3342883818409558,0.25020720059400997,0.006593687145653865,0.0022823026715146225,1.318737429130773e-06,0.0022809839340854916
2012-03-08,0.41681976758699657,0.3321574049746714,0.251022827438332,0.0021309768662843287,0.003354083498936669,4.2619537325686575e-07,0.003353657303563412
2012-03-09,0.41518424492835954,0.3334674366157168,0.2513483184559236,0.0016355226586370342,0.003941167822809719,3.2710453172740684e-07,0.003940840718277992
2012-03-12,0.41503277143646294,0.3335986833178883,0.25136854524564867,0.00015147349189656434,-0.002006281798273481,3.029469837931287e-08,-0.0020063120929718604
2012-03-13,0.4285809541651109,0.32549321567735,0.2459258301575391,0.013548182728647884,-0.002128193694155304,2.7096365457295768e-06,-0.0021309033307010334
2012-03-14,0.42748230849827945,0.3289830097986452,0.24353468170307535,0.0034897941212951866,-0.012842934990231968,6.979588242590373e-07,-0.012843632949056227
2012-03-15,0.4394665025074408,0.31465144631254904,0.2458820511800102,0.014331563486096169,0.005352678355730353,2.866312697219234e-06,0.005349812043033133
2012-03-16,0.440763908237301,0.31244652306725795,0.24678956869544097,0.002204923245291035,0.0015657352830041591,4.4098464905820704e-07,0.0015652942983551009
2012-03-19,0.43609111577597814,0.3104384212511927,0.2534704629728291,0.006680894277388119,-0.0015401303798761676,1.336178855477624e-06,-0.0015414665587316452
2012-03-20,0.4370804817052126,0.30856500180962726,0.25435451648516005,0.0018734194415654104,-0.0023374375600771786,3.746838883130821e-07,-0.0023378122439654918
2012-03-21,0.4331502959101347,0.31050148871141914,0.25634821537844615,0.003930185795077923,0.002929605951289365,7.860371590155846e-07,0.0029288199141303496
2012-03-22,0.43876298298519034,0.30776765921562077,0.25346935779918883,0.005612687075055661,-0.0031817356289105944,1.1225374150111323e-06,-0.0031828581663256054
2012-03-23,0.463247095641543,0.2992267662466029,0.23752613811185422,0.024484112656352572,0.007243195866914576,4.896822531270514e-06,0.007238299044383305
2012-03-26,0.46319601478779554,0.30102800255888845,0.2357759826533161,0.0018012363122855701,0.009147885732676645,3.6024726245711407e-07,0.009147525485414188
2012-03-27,0.45950353501149893,0.3047830399243327,0.23571342506416845,0.003755037365444247,-0.0008989655752057772,7.510074730888494e-07,-0.000899716582678866
2012-03-28,0.46042344745178204,0.30526351821660613,0.2343130343316117,0.0014003907325566417,-0.005196701630607434,2.8007814651132833e-07,-0.005196981708753945
2012-03-29,0.4580535062400914,0.3071679607480852,0.2347785330118235,0.0023699412116907626,0.0011876904583356272,4.7398824233815255e-07,0.001187216470093289
2012-03-30,0.461169981130307,0.30426132920979393,0.23456868965989905,0.003116474890215673,-0.00201600138967862,6.232949780431346e-07,-0.0020166246846566632
2012-04-02,0.4678970051154528,0.2973348664651672,0.23476812841937997,0.006926462744626716,0.006257225287804473,1.3852925489253432e-06,0.006255839995255547
2012-04-03,0.46871512054554115,0.29598683247808666,0.23529804697637213,0.0013480339870805408,-0.011450044598093274,2.696067974161082e-07,-0.01145031420489069
2012-04-04,0.47746846171397905,0.28848370740869855,0.2340478308773223,0.008753341168437914,-0.004689435112408679,1.750668233687583e-06,-0.004691185780642366
2012-04-05,0.47249056705047493,0.2921908147365351,0.23531861821298994,0.004977894663504137,0.0035212489991115594,9.955789327008275e-07,0.0035202534201788584
2012-04-09,0.47306465513249407,0.29121679071101503,0.2357185541564909,0.000974024025520076,0.0030743255081768207,1.9480480510401523e-07,0.0030741307033717168
2012-04-10,0.47093387035267015,0.28720541620589163,0.24186071344143809,0.0061421592849472545,-0.0020230024526122167,1.228431856989451e-06,-0.0020242308844692063
2012-04-11,0.4568331598261386,0.29413081869022717,0.2490360214836342,0.014100710526531612,0.00012758939738076504,2.8201421053063228e-06,0.00012476925527545873
2012-04-12,0.45751884971918855,0.29099498393189654,0.25148616634891496,0.003135834758330666,0.007312917694521184,6.271669516661333e-07,0.0073122905275695175
2012-04-13,0.4497292894199766,0.2973588189183599,0.2529118916616635,0.007789560299211934,-0.0034119393607243936,1.557912059842387e-06,-0.003413497272784236
2012-04-16,0.446061579022577,0.2973778545478884,0.25656056642953456,0.003667710397399576,-0.0013474802308050733,7.335420794799152e-07,-0.0013482137728845532
2012-04-17,0.44623549936265294,0.298022504086226,0.25574199655112106,0.0008185698784135276,0.006096128961163787,1.6371397568270553e-07,0.006095965247188104
2012-04-18,0.4382883723479701,0.3021269902439959,0.259584637408034,0.007947127014682864,-0.0021226657635010884,1.589425402936573e-06,-0.002124255188904025
2012-04-19,0.4400315554058389,0.30244767459861216,0.2575207699955489,0.002063867412485071,-0.002347098401802566,4.127734824970142e-07,-0.0023475111752850634
2012-04-20,0.43663692595634157,0.30629363143003857,0.25706944261361986,0.0038459568314263837,0.0009589647259187786,7.691913662852768e-07,0.0009581955345524933
2012-04-23,0.43535025308759523,0.30824636358261703,0.25640338332978774,0.0019527321525784624,-0.0021781616913156727,3.905464305156925e-07,-0.0021785522377461885
2012-04-24,0.4322457838444628,0.30955097844010987,0.25820323771542736,0.0031044692431324294,-0.00016227523272287025,6.208938486264859e-07,-0.00016289612657149674
2012-04-25,0.43231064458070606,0.3085710801034604,0.2591182753158336,0.0009798983366494651,0.004858255150774233,1.9597966732989304e-07,0.0048580591711069035
2012-04-26,0.42323163073434794,0.3067427234345039,0.27002564583114813,0.010907370515314568,0.007177869737487969,2.1814741030629138e-06,0.007175688263384906
2012-04-27,0.4222072685389069,0.3094127222776338,0.26838000918345944,0.002669998843129795,0.0015405199387242881,5.33999768625959e-07,0.0015399859389556621
2012-04-30,0.421417868538705,0.30896291229944445,0.2696192191618506,0.0012392099783911925,-0.0006466392801206645,2.478419956782385e-07,-0.0006468871221163427
2012-05-01,0.419711018867145,0.3114625480092647,0.2688264331235903,0.002499635709820286,6.536826852823849e-05,4.999271419640572e-07,6.486834138627444e-05
2012-05-02,0.4171135270566893,0.31373937797058177,0.269147094972729,0.0025974918104557376,-0.000252979765398163,5.194983620911476e-07,-0.00025349926376025416
2012-05-03,0.4179213124549142,0.3143051398996884,0.2677735476453974,0.0013735473273315535,-0.005968942070994672,2.747094654663107e-07,-0.005969216780460138
2012-05-04,0.41512170944353416,0.31571331938924474,0.26916497116722105,0.0027996030113800197,-0.0033830741129486476,5.59920602276004e-07,-0.0033836340335509237
2012-05-07,0.4040624694469467,0.32385111206987266,0.2720864184831807,0.011059239996587533,-0.0003153609041083393,2.211847999317507e-06,-0.0003175727521076568
2012-05-08,0.40292411867487965,0.3257765933646417,0.27129928796047864,0.001925481294769077,-0.005132411385508786,3.850962589538154e-07,-0.0051327964817677405
2012-05-09,0.40121272731133034,0.3294817391428425,0.26930553354582726,0.003705145778200747,-0.004799312674748984,7.410291556401495e-07,-0.004800053703904624
2012-05-10,0.4004209276684781,0.3303002349867382,0.26927883734478375,0.0008184958438957335,0.0003766030879172066,1.6369916877914671e-07,0.00037643938874842744
2012-05-11,0.39970811472417195,0.3315382906139724,0.2687535946618557,0.0012380556272341692,-0.0005646108567170115,2.4761112544683384e-07,-0.0005648584678424582
2012-05-14,0.4002814032396914,0.33291077872501335,0.26680781803529524,0.0019457766265604526,-0.003649639936596166,3.891553253120905e-07,-0.003650029091921478
2012-05-15,0.4012908677874457,0.3312262776156203,0.26748285459693394,0.0016845011093930273,-0.0037752225166807858,3.369002218786055e-07,-0.0037755594169026642
2012-05-16,0.4006410941693614,0.33247293267723393,0.2668859731534047,0.0012466550616136163,-0.001075048941650385,2.4933101232272325e-07,-0.0010752982726627077
2012-05-17,0.4004579742085877,0.3320428637884297,0.2674991620029825,0.0006131888495778948,0.005916918156766216,1.2263776991557895e-07,0.0059167955189963
2012-05-18,0.4040642205198215,0.33239966193438397,0.2635361175457946,0.003963044457188009,-0.0003593363133768297,7.926088914376018e-07,-0.0003601289222682673
2012-05-21,0.4032696106600965,0.33421765674108866,0.26251273259881475,0.0018179948067047758,0.006401439677881287,3.6359896134095516e-07,0.006401076078919946
2012-05-22,0.3880971916814173,0.3398397611077318,0.272063047210851,0.01517241897867927,-0.007628720974747127,3.034483795735854e-06,-0.007631755458542863
2012-05-23,0.3887874000772797,0.3396741557700764,0.2715384441526439,0.0006902083958624239,0.001740365020536548,1.3804167917248477e-07,0.0017402269788573755
2012-05-24,0.3898652306995545,0.33852648420939874,0.2716082850910468,0.0011476715606776877,-0.0008988472745098228,2.2953431213553754e-07,-0.0008990768088219584
2012-05-25,0.3897560381784711,0.33864733781892226,0.27159662400260665,0.00012085360952351909,0.002280406120863755,2.417072190470382e-08,0.0022803819501418503
2012-05-29,0.3896196907032706,0.3405068488960122,0.2698734604007172,0.001859511077089926,0.0007365689317219547,3.719022154179852e-07,0.0007361970295065367
2012-05-30,0.3847746909729075,0.3425414018035776,0.2726839072235148,0.004844999730363092,0.0047110911401757735,9.689999460726184e-07,0.004710122140229701
2012-05-31,0.3643974803918852,0.31552941231326476,0.3200731072948501,0.047389200071335236,0.0022390788317610743,9.477840014267047e-06,0.0022296009917468075
2012-06-01,0.36247812119961575,0.3131823674264423,0.32433951137394207,0.004266404079091929,0.010887141336208706,8.532808158183858e-07,0.010886288055392887
2012-06-04,0.3667781318028287,0.32623790197098634,0.30698396622618496,0.017355545147757057,-0.003099994733968038,3.4711090295514114e-06,-0.0031034658429975894
2012-06-05,0.3669088393719486,0.32605137095771486,0.30703978967033657,0.00018653101327151256,-0.0019345124104174379,3.730620265430251e-08,-0.001934549716620092
2012-06-06,0.368558564865502,0.32023478960104607,0.31120664553345195,0.005816581356668765,0.0020198757639120937,1.163316271333753e-06,0.00201871244764076
2012-06-07,0.36075434700270503,0.31873155929793034,0.32051409369936457,0.00930744816591264,-0.004822191246548143,1.8614896331825283e-06,-0.004824052736181326
2012-06-08,0.3633505988896801,0.32083544967787647,0.3158139514324434,0.00470014226692117,0.0032827515739055233,9.40028453384234e-07,0.003281811545452139
2012-06-11,0.36172822554127804,0.3209871736795862,0.3172846007791358,0.0016223733484020675,-0.0018401868555009116,3.244746696804135e-07,-0.001840511330170592
2012-06-12,0.358303428330611,0.3223589611164433,0.31933761055294557,0.0034247972106669633,0.0034308992103611958,6.849594421333927e-07,0.0034302142509190624
2012-06-13,0.35878872838855824,0.32286328093141375,0.31834799068002795,0.000989619872917652,0.0022350768725606426,1.979239745835304e-07,0.002234878948586059
2012-06-14,0.34922327627351557,0.33368894775714697,0.3170877759693374,0.010825666825733216,0.004548868152799656,2.165133365146643e-06,0.00454670301943451
2012-06-15,0.34673552999270324,0.33378337070621894,0.3194810993010778,0.0024877462808123585,0.005586982690094651,4.975492561624717e-07,0.005586485140838488
2012-06-18,0.3443580925038196,0.3347975404098261,0.3208443670863542,0.0023774374888836103,0.002651844039241931,4.7548749777672207e-07,0.002651368551744154
2012-06-19,0.34258634681637173,0.3385484659340414,0.3188651872495868,0.0037509255242152983,-0.0026632929506344707,7.501851048430597e-07,-0.002664043135739314
2012-06-20,0.3424400421982085,0.33438295978840615,0.3231769980133854,0.0043118107637985514,-0.0013492277859689526,8.623621527597103e-07,-0.0013500901481217123
2012-06-21,0.34212839625769126,0.3363787953148854,0.32149280842742345,0.0019958355264792227,-0.01403052728887215,3.9916710529584455e-07,-0.014030926455977446
2012-06-22,0.3385829589928124,0.3458769870668819,0.3155400539403057,0.009498191751996565,-0.0007186384680535781,1.8996383503993131e-06,-0.0007205381064039774
2012-06-25,0.3381497220054732,0.34168068855255324,0.3201695894419735,0.004629535501667809,0.0019009705494587217,9.259071003335618e-07,0.001900044642358388
2012-06-26,0.336651393179605,0.3372010854676355,0.3261475213527596,0.005977931910786022,-0.0020554588018321133,1.1955863821572044e-06,-0.0020566543882142704
2012-06-27,0.33615517396310335,0.3374071848977724,0.32643764113912416,0.0004962192165015589,0.004014459300992318,9.924384330031178e-08,0.004014360057149017
2012-06-28,0.3337661093316489,0.3375885351970889,0.32864535547126217,0.002389064631454496,-0.003953009627705429,4.778129262908993e-07,-0.00395348744063172
2012-06-29,0.3344089877712346,0.3392525902161455,0.32633842201261987,0.002306933458642302,0.012867176657698225,4.613866917284604e-07,0.012866715271006496
2012-07-02,0.32811955324336034,0.3539854253836217,0.31789502137301795,0.0147328351674762,0.004435857230742773,2.94656703349524e-06,0.004432910663709278
2012-07-03,0.3292667573646875,0.352146990701318,0.31858625193399437,0.001838434682303658,0.004333001660635789,3.676869364607316e-07,0.0043326339736993276
2012-07-05,0.3251170999831242,0.3575196964604965,0.3173632035563793,0.005372705759178448,-0.0032278732067940554,1.0745411518356896e-06,-0.0032289477479458912
2012-07-06,0.3238562133217851,0.3583118797608636,0.3178319069173514,0.001260886661339139,-0.0037694242988400464,2.5217733226782783e-07,-0.0037696764761723143
2012-07-09,0.32348286819143485,0.3593514594109426,0.31716567239762256,0.0010395796500790588,0.0034428189707710983,2.0791593001581178e-07,0.0034426110548410826
2012-07-10,0.3204302372107894,0.36723358156008346,0.31233618122912726,0.007882122149140802,-0.005881859597556337,1.5764244298281605e-06,-0.005883436021986164
2012-07-11,0.32280851671284677,0.3675616433214137,0.3096298399657397,0.0027063412633876183,0.0022156464799429703,5.412682526775237e-07,0.0022151052116902927
2012-07-12,0.3219159067392015,0.3718721182297418,0.30621197503105674,0.0043104749083281435,0.0002709497750902497,8.620949816656287e-07,0.0002700876801085841
2012-07-13,0.3237688764136189,0.3696029165010347,0.30662820708534644,0.002269201728707093,0.0075765683435292264,4.5384034574141866e-07,0.0075761145031834854
2012-07-16,0.31864254196108677,0.3759214305623626,0.3054360274765507,0.0063185140613278845,0.0011339123708787285,1.263702812265577e-06,0.0011326486680664628
2012-07-17,0.3185086117923718,0.37601091389795605,0.30548047430967207,0.00013393016871490748,-0.002234030875362611,2.6786033742981497e-08,-0.002234057661396354
2012-07-18,0.32289938664228557,0.37217519003976973,0.30492542331794475,0.004390774849913709,0.0017595805984611623,8.781549699827419e-07,0.0017587024434911796
2012-07-19,0.3219060880863455,0.37243646981146084,0.30565744210219364,0.0009932985559400198,0.0005485175873973003,1.9865971118800398e-07,0.0005483189276861123
2012-07-20,0.3228144785614298,0.37169026498481306,0.3054952564537572,0.0009083904750842586,0.002165816007818943,1.8167809501685174e-07,0.002165634329723926
2012-07-23,0.3227751371762627,0.3698029228893458,0.3074219399343914,0.001926683480634267,-0.002468705533882747,3.853366961268534e-07,-0.002469090870578874
2012-07-24,0.32207457644056003,0.37055238757574266,0.30737303598369725,0.0007494646863968335,0.0011368169018090644,1.498929372793667e-07,0.001136667008871785
2012-07-25,0.32060167688852875,0.37229072657423123,0.30710759653724007,0.00173833899848852,0.00533275313674066,3.47667799697704e-07,0.005332405468940962
2012-07-26,0.324904872419291,0.3733427892174351,0.3017523383632739,0.005355258173966121,0.004074450180318713,1.0710516347932242e-06,0.0040733791286839205
2012-07-27,0.32199463939863127,0.37260977376569776,0.3053955868356709,0.003643248472397026,0.00040697555238577163,7.286496944794052e-07,0.00040624690269129224
2012-07-30,0.3214721252870351,0.36582583899480486,0.31270203571815997,0.007306448882489047,0.0025148705248293,1.4612897764978096e-06,0.002513409235052802
2012-07-31,0.3219785026952471,0.3648818255195811,0.3131396717851717,0.0009440134752237428,-0.0033886778767728627,1.8880269504474857e-07,-0.0033888666794679076
2012-08-01,0.32145445574021425,0.3662252841635778,0.31232026009620795,0.0013434586439966534,-0.00480526207269622,2.6869172879933067e-07,-0.0048055307644250195
2012-08-02,0.3221331515301837,0.3661817599919,0.3116850884779164,0.0006786957899693746,-0.002177523646035365,1.3573915799387493e-07,-0.002177659385193359
2012-08-03,0.32204122862837997,0.3653543252911418,0.3126044460804782,0.0009193576025618433,0.0033711193904966863,1.8387152051236867e-07,0.003370935518976174
2012-08-06,0.32362955168235663,0.3610757511263384,0.3152946971913049,0.004278574164803373,0.002289032930412225,8.557148329606745e-07,0.0022881772155792643
2012-08-07,0.3237425381956358,0.361277758144644,0.3149797036597202,0.0003149935315847341,-0.0030652432560968547,6.299870631694682e-08,-0.0030653062548031715
2012-08-08,0.3228681442860879,0.35438292026982793,0.32274893544408406,0.0077692317843639225,-0.0010828294998247987,1.5538463568727845e-06,-0.0010843833461816716
2012-08-09,0.3232042033541971,0.35235020156424685,0.324445595081556,0.0020327187055811102,0.0010802581439990637,4.065437411162221e-07,0.0010798516002579475
2012-08-10,0.3231566531736626,0.3526430768461757,0.32420026998016177,0.00029287528192878387,0.002697065646773766,5.8575056385756775e-08,0.0026970070717173803
2012-08-13,0.322466940255641,0.35271122630497487,0.3248218334393842,0.0006897129180216122,-0.0032085632815401833,1.3794258360432244e-07,-0.0032087012241237877
2012-08-14,0.32175097239916844,0.3535691012954213,0.32467992630541015,0.0008578749904465111,-0.006534056895184922,1.7157499808930223e-07,-0.006534228470183011
2012-08-15,0.32372048512145724,0.3485130534128922,0.3277664614656505,0.005056047882529141,-0.0034742948324570405,1.0112095765058283e-06,-0.0034753060420335464
2012-08-16,0.3261039382738054,0.34432860038425656,0.3295674613419381,0.004184453028635682,0.0014412477501020856,8.368906057271364e-07,0.0014404108594963585
2012-08-17,0.32357721481778556,0.3430656286607022,0.33335715652151227,0.0037896951795741707,0.002446390115216179,7.579390359148341e-07,0.0024456321761802645
2012-08-20,0.32448886261838306,0.3404142504896824,0.3350968868919347,0.0026513781710198747,0.0018772509990714022,5.30275634203975e-07,0.0018767207234371983
2012-08-21,0.32912028045071146,0.33820695307960114,0.33267276646968735,0.004631417832328483,0.0038250295300792858,9.262835664656966e-07,0.0038241032465128203
2012-08-22,0.32573821642923817,0.3384520988254513,0.33580968474531064,0.003382064021473369,0.009339171797333595,6.764128042946738e-07,0.009338495384529301
2012-08-23,0.32875009769494523,0.33486418952305447,0.3363857127820003,0.0035879093023967745,0.001539297740516843,7.17581860479355e-07,0.0015385801586563636
2012-08-24,0.3275909406533813,0.336203961289881,0.3362050980567377,0.0013397717668265363,0.0018228984735946152,2.679543533653073e-07,0.0018226305192412498
2012-08-27,0.32688611060150047,0.33589877952494707,0.3372151098735526,0.0010100118168148153,0.0007638946844671839,2.0200236336296307e-07,0.0007636926821038209
2012-08-28,0.32810684509043875,0.3332275061631551,0.3386656487464063,0.002671273361791987,0.0010595784506885508,5.342546723583974e-07,0.0010590441960161923
2012-08-29,0.32603715312829834,0.343740715083389,0.3302221317883127,0.01051320892023394,-0.0033940179799580475,2.1026417840467884e-06,-0.0033961206217420943
2012-08-30,0.3254295049306347,0.3467391816576971,0.3278313134116683,0.0029984665743080785,-0.0006895001703928182,5.996933148616157e-07,-0.0006900998637076798
2012-08-31,0.31548045048848994,0.33573917567500083,0.3487803738365092,0.020949060424840987,0.014288981025756951,4.189812084968198e-06,0.014284791213671983
2012-09-04,0.3235955066709862,0.3388389228683143,0.33756557046069957,0.011214803375809684,-0.0001037992948339421,2.242960675161937e-06,-0.00010604225550910404
2012-09-05,0.32200283285767706,0.3429846349945948,0.33501253214772814,0.004145712126280537,-0.0022365746606885233,8.291424252561075e-07,-0.0022374038031137793
2012-09-06,0.3271298094077683,0.3482205817163273,0.3246496088759044,0.010362923271823754,0.0019875917006127444,2.072584654364751e-06,0.0019855191159583794
2012-09-07,0.31859375442416266,0.34054369198831613,0.3408625535875212,0.016212944711616828,0.006994440009188204,3.242588942323366e-06,0.006991197420245881
2012-09-10,0.3247070061076484,0.3448901979525152,0.33040279593983646,0.010459757647684781,-0.003266516106914785,2.091951529536956e-06,-0.003268608058444322
2012-09-11,0.32864699655616125,0.34421924997365416,0.3271337534701846,0.00393999044851287,-5.0580573830293985e-05,7.879980897025741e-07,-5.136857191999656e-05
2012-09-12,0.3300978794034268,0.3438357172213263,0.326066403375247,0.0014508828472654944,-0.003145906686128801,2.901765694530989e-07,-0.003146196862698254
2012-09-13,0.3320865957100878,0.3416789253797973,0.3262344789101149,0.002156791841528949,0.010301806885301633,4.313583683057898e-07,0.010301375526933327
2012-09-14,0.3335882839927837,0.3467252301505954,0.3196864858566208,0.0065479930534940445,-0.006821785451339518,1.309598610698809e-06,-0.006823095049950217
2012-09-17,0.34315936392128,0.3304248080206484,0.32641582805807173,0.016300422129947145,0.00014088241502660092,3.260084425989429e-06,0.00013762233060061148
2012-09-18,0.34500812287045884,0.3288477367860978,0.32614414034344336,0.001848758949178908,0.0038925391552532586,3.697517898357816e-07,0.003892169403463423
2012-09-19,0.34524881266260216,0.3307652970055937,0.3239858903318041,0.0021582500116392456,0.00239791375984061,4.316500023278491e-07,0.002397482109838282
2012-09-20,0.3447926841852752,0.32935824823304244,0.3258490675816824,0.0018631772498782784,0.00032719139559036386,3.726354499756557e-07,0.0003268187601403882
2012-09-21,0.35097999038506744,0.3141003054452955,0.33491970416963707,0.01525794278774692,0.0011724259202632813,3.051588557549384e-06,0.001169374331705732
2012-09-24,0.35001246300111055,0.31726528782419006,0.33272224917469945,0.0031649823788945375,0.00019095465151113813,6.329964757789075e-07,0.00019032165503535923
2012-09-25,0.35766066199285873,0.31659079786120836,0.32574854014593296,0.0076481989917481785,-0.0012123873948993939,1.5296397983496358e-06,-0.0012139170346977435
2012-09-26,0.3534131453259634,0.31573581517055427,0.33085103950348227,0.005102499357549362,-0.00045186805828884295,1.0204998715098724e-06,-0.0004528885581603528
2012-09-27,0.3557913582959321,0.3136347162705032,0.3305739254335646,0.002378212969968707,0.006044736780997427,4.7564259399374146e-07,0.006044261138403433
2012-09-28,0.3546349078409358,0.3131988939772883,0.33216619818177584,0.0015922727482112209,-0.002333282767350581,3.184545496422442e-07,-0.0023336012219002233
2012-10-01,0.3604752555908657,0.3004878335282051,0.3390369108809292,0.012711060449083211,0.0028553780573313406,2.5422120898166424e-06,0.002852835845241524
2012-10-02,0.35934622954534645,0.30252078216942163,0.33813298828523186,0.0020329486412165587,-0.0004128402894047642,4.0658972824331176e-07,-0.0004132468791330075
2012-10-03,0.3567178318098486,0.3007003886380334,0.34258177955211805,0.004448791266886132,0.00217040063006298,8.897582533772265e-07,0.0021695108718096027
2012-10-04,0.354161300565657,0.29846062207091945,0.3473780773634235,0.004796297811305528,0.0012345469409740634,9.592595622611057e-07,0.0012335876814118024
2012-10-05,0.3541706316527489,0.29287632380502165,0.3529530445422293,0.005584298265897764,-0.0057824420298436974,1.1168596531795527e-06,-0.005783558889496877
2012-10-08,0.3562324878928547,0.2922716594182521,0.3514958526888933,0.002061856240105686,8.102841099053124e-05,4.1237124802113724e-07,8.061603974251011e-05
2012-10-09,0.3564865022441477,0.28639624113676637,0.357117256619086,0.005875418281485717,-0.006240448224803262,1.1750836562971434e-06,-0.006241623308459559
2012-10-10,0.3529173791468146,0.2893804506772005,0.357702170175985,0.0035691230973330934,-0.0005247398227393633,7.138246194666187e-07,-0.0005254536473588299
2012-10-11,0.35189892191025046,0.2895191314535908,0.3585819466361588,0.0010184572365641298,0.003207812333683721,2.0369144731282597e-07,0.003207608642236408
2012-10-12,0.3602418547634868,0.28308736916650407,0.3566707760700092,0.00834293285323634,-0.0030945266000765867,1.668586570647268e-06,-0.003096195186647234
2012-10-15,0.36145973912808466,0.2849162559054907,0.3536240049664245,0.003046771103584589,-0.0011891529209143398,6.093542207169179e-07,-0.0011897622751350567
2012-10-16,0.3620696810108874,0.287884139413728,0.3500461795753847,0.0035778253910399016,0.001913908593667408,7.155650782079804e-07,0.0019131930285892
2012-10-17,0.36240289615499705,0.2849712243251857,0.3526258795198172,0.002912915088542245,-0.0007465840940040474,5.82583017708449e-07,-0.0007471666770217559
2012-10-18,0.3627672567008725,0.2837119074499379,0.3535208358491896,0.0012593168752478012,-0.00424404499714723,2.5186337504956026e-07,-0.004244296860522279
2012-10-19,0.3654821999093081,0.28578031022820877,0.3487374898624831,0.004783345986706461,-0.0059727468259706835,9.566691973412923e-07,-0.005973703495168025
2012-10-22,0.3623021718441925,0.28731824211698764,0.35037958603881975,0.0031800280651155532,-0.0005102821149617479,6.360056130231107e-07,-0.000510918120574771
2012-10-23,0.3653113871180048,0.2868495733952291,0.347839039486766,0.0030092152738123157,-0.005429174176306779,6.018430547624632e-07,-0.005429776019361542
2012-10-24,0.3600182696524987,0.2864688174912793,0.353512912856222,0.005673873369455962,-0.005061731530198891,1.1347746738911924e-06,-0.005062866304872782
2012-10-25,0.36842170621850884,0.2820817056519829,0.3494965881295083,0.008403436566010114,0.002090952783653844,1.680687313202023e-06,0.002089272096340642
2012-10-26,0.37856895504033344,0.282759831539926,0.3386712134197406,0.010825374709767716,0.003766316959530022,2.1650749419535434e-06,0.0037641518845880685
2012-10-31,0.3804004398718277,0.27921652161875044,0.34038303850942203,0.0035433099211756303,0.0034857272017304497,7.086619842351261e-07,0.0034850185397462146
2012-11-01,0.38269583050017913,0.2769981953260808,0.34030597417374014,0.00229539062835149,0.00018873841612497143,4.5907812567029807e-07,0.00018827933799930112
2012-11-02,0.37767474266157314,0.2772189407712999,0.3451063165671269,0.005021087838605942,-0.010773172877597924,1.0042175677211886e-06,-0.010774177095165646
2012-11-05,0.3836152322878674,0.2844989390715427,0.3318858286405899,0.013220487926537072,0.003677615630729307,2.6440975853074148e-06,0.0036749715331439994
2012-11-06,0.39744755683421795,0.27992758146014907,0.322624861705633,0.013832324546350555,0.006536807806711536,2.766464909270111e-06,0.006534041341802265
2012-11-07,0.4009015111789911,0.2831474854081325,0.31595100341287646,0.006673858292756546,-0.003586827351951918,1.3347716585513092e-06,-0.0035881621236104693
2012-11-08,0.38069032626856236,0.2897854531544552,0.3295242205769824,0.02021118491042867,0.002691376427882409,4.042236982085734e-06,0.0026873341909003233
2012-11-09,0.37818178792382046,0.2893351553738812,0.33248305670229833,0.0029588361253159168,0.00031429179341576485,5.917672250631834e-07,0.00031370002619070166
2012-11-12,0.37818029115253127,0.2893367241443341,0.33248298470313464,1.568770452875512e-06,5.032681825179971e-05,3.137540905751024e-10,5.032650449770914e-05
2012-11-13,0.37821564977033,0.28983914845435105,0.3319452017753189,0.0005377829278157276,-0.001042287372084344,1.0755658556314552e-07,-0.0010423949286699071
2012-11-14,0.37685214336570544,0.28911882619968216,0.33402903043461246,0.0020838286592935185,-0.004733023017671542,4.167657318587037e-07,-0.0047334397834034
2012-11-15,0.367762852702901,0.2954014869532579,0.33683566034384105,0.009089290662804395,-0.0033207862359228937,1.817858132560879e-06,-0.0033226040940554547
2012-11-16,0.3663091593373661,0.30040621255235184,0.33328462811028214,0.005004725599093873,0.0011258023017361252,1.0009451198187748e-06,0.0011248013566163065
2012-11-19,0.3662186891466934,0.3014203286760113,0.33236098217729526,0.0010141161236595087,0.00970566028895574,2.0282322473190175e-07,0.009705457465731007
2012-11-20,0.3541558298384808,0.30920315867588866,0.3366410114856305,0.012062859308212603,-0.0039102930438915,2.412571861642521e-06,-0.003912705615753143
2012-11-21,0.35552015113618424,0.3069362032432946,0.33754364562052114,0.002266955432594031,0.0008341876916410907,4.5339108651880623e-07,0.0008337343005545718
2012-11-23,0.3542491662510048,0.30615882162016256,0.33959201212883255,0.002048366508311472,0.008685837499259282,4.096733016622944e-07,0.008685427825957619
2012-11-26,0.34602789991307287,0.31521922592260215,0.3387528741643251,0.009060404302439484,0.0004033558237427463,1.812080860487897e-06,0.0004015437428822584
2012-11-27,0.3471868256764221,0.3134692358488822,0.3393439384746957,0.0017499900737198981,-0.0019836638151639607,3.499980147439796e-07,-0.0019840138131787047
2012-11-28,0.3479759313892236,0.313362883825398,0.33866118478537843,0.0007891057128014689,-0.001983975451115491,1.578211425602938e-07,-0.0019841332722580515
2012-11-29,0.3480202782820372,0.3171047453541429,0.33487497636381997,0.003786208421558468,0.0029411204620624805,7.572416843116937e-07,0.002940363220378169
2012-11-30,0.3475173421357581,0.3176252305059677,0.33485742735827423,0.0005204851518248177,-0.0030527534887502487,1.0409703036496355e-07,-0.0030528575857806137
2012-12-03,0.34743878410619994,0.3179471953676665,0.3346140205261336,0.00032196486169880356,-0.0012561314321533291,6.439297233976072e-08,-0.0012561958251256688
2012-12-04,0.34795784389582374,0.31813688816955227,0.3339052679346239,0.000708752591509626,-0.0020919194892361657,1.417505183019252e-07,-0.0020920612397544677
2012-12-05,0.340488839881201,0.31641839072970074,0.3430927693890984,0.00918750145447439,-0.00017438490256687863,1.837500290894878e-06,-0.0001762224028577735
2012-12-06,0.3404521801781814,0.31646886154593445,0.3430789582758842,5.0470816233744165e-05,0.0026310154962565606,1.0094163246748834e-08,0.002631005402093314
2012-12-07,0.3400502548798212,0.3170571306112512,0.34289261450892766,0.0005882690653167266,-0.0005229501034125384,1.1765381306334533e-07,-0.0005230677572256018
2012-12-10,0.3501637224370742,0.3159113429703001,0.33392493459262584,0.010113467557252953,0.0028378538447912894,2.0226935114505906e-06,0.002835831151279839
2012-12-11,0.3430434587753751,0.3089626886639031,0.3479938525607217,0.014068917968095979,-0.00032761996250990904,2.813783593619196e-06,-0.00033043374610352823
2012-12-12,0.3424695413362717,0.3070794752172664,0.3504509834464618,0.002457130885740094,-0.003144220290112895,4.914261771480189e-07,-0.003144711716290043
2012-12-13,0.343620750519245,0.3043791313954448,0.3520001180853103,0.002700343821821688,-0.004856436393560808,5.400687643643376e-07,-0.004856976462325172
2012-12-14,0.34204261369782957,0.30980441343602483,0.3481529728661457,0.005425282040580015,0.0005437634007526909,1.0850564081160031e-06,0.0005426783443445749
2012-12-17,0.3418302461510305,0.29796031143900126,0.36020944240996816,0.012056469543822529,0.00023815368493392951,2.4112939087645057e-06,0.000235742391025165
2012-12-18,0.3311052456386047,0.31297566736361787,0.35591908699777736,0.015015355924616614,-0.004611089072777052,3.003071184923323e-06,-0.004614092143961975
2012-12-19,0.3295533479529348,0.31794135975209914,0.3525052922949661,0.004965692388481241,-0.002241069171677973,9.931384776962482e-07,-0.0022420623101556693
2012-12-20,0.32627321945005666,0.3177845341521745,0.35594224639776884,0.0034369541028027584,-0.0023852944515072114,6.873908205605517e-07,-0.002385981842327772
2012-12-21,0.3269667024322314,0.3218153519866143,0.3512179455811541,0.004724300816614652,0.0018639276229088211,9.448601633229303e-07,0.0018629827627454983
2012-12-24,0.32650627083069994,0.3201563791741549,0.3533373499951452,0.0021194044139909995,-0.0009427808402599758,4.2388088279819994e-07,-0.000943204721142774
2012-12-26,0.32616787470656244,0.32005716604247625,0.3537749592509613,0.00043760925581612375,0.00012881120891072953,8.752185116322475e-08,0.0001287236870595663
2012-12-27,0.32481546512582427,0.3213682888227413,0.3538162460514344,0.0013524095807381786,0.0014788633702404155,2.7048191614763576e-07,0.0014785928883242678
2012-12-28,0.32707871419701456,0.3225371447369008,0.35038414106608473,0.0034321049853497376,-0.0030414751189228335,6.864209970699476e-07,-0.0030421615399199033
2012-12-31,0.3230337980496112,0.32606819233194295,0.35089800961844597,0.004044916147403377,0.0030928404794807094,8.089832294806754e-07,0.0030920314962512288
2013-01-02,0.3177057450186958,0.3187647089068742,0.36352954607443005,0.01263153645598411,0.006461590731650801,2.5263072911968222e-06,0.006459064424359604
2013-01-03,0.30472964647230827,0.3228499954904214,0.3724203580372703,0.01297609854638751,-0.00955915586364521,2.595219709277502e-06,-0.009561751083354489
2013-01-04,0.3086596855545835,0.321087215970263,0.37025309847515353,0.003930039082275211,0.0008622053739195197,7.860078164550421e-07,0.0008614193661030646
2013-01-07,0.30877289324718327,0.32097104200027465,0.370256064752542,0.00011617396998830909,-0.003039027260237428,2.3234793997661818e-08,-0.0030390504950314257
2013-01-08,0.30922471968484017,0.32124680194513067,0.3695284783700292,0.000727586382512857,0.0038444691295310245,1.455172765025714e-07,0.003844323612254522
2013-01-09,0.30909146567375423,0.32331885404122124,0.36758968028502453,0.0020720520960905986,0.0003273812203167335,4.144104192181197e-07,0.0003269668098975154
2013-01-10,0.3065502880005955,0.3274628618680983,0.3659868501313062,0.004144007826877044,0.004927734298628563,8.288015653754089e-07,0.004926905497063188
2013-01-11,0.3063177480719569,0.33190978634695145,0.36177246558109166,0.00444692447885317,0.0008860202502203626,8.893848957706341e-07,0.000885130865324592
2013-01-14,0.3098625679180137,0.3282463920713814,0.36189104001060496,0.003663394275570081,-3.5717643361074915e-05,7.326788551140162e-07,-3.645032221618893e-05
2013-01-15,0.31063673382819573,0.32933201722248656,0.3600312489493177,0.0018597910612872248,0.004000022808594116,3.71958212257445e-07,0.003999650850381858
2013-01-16,0.3109093798461804,0.3308469725193356,0.3582436476344841,0.001787601314833659,0.0008449456032088153,3.575202629667318e-07,0.0008445880829458486
2013-01-17,0.31050996378193607,0.3299698357770021,0.3595202004410618,0.0012765528065777632,0.00026241589425050806,2.5531056131555265e-07,0.0002621605836891925
2013-01-18,0.31113201823333875,0.32592283896662905,0.3629451428000322,0.004046996810373071,0.002633410729950693,8.093993620746143e-07,0.002632601330588618
2013-01-22,0.3110179559138253,0.32733344116025626,0.36164860292591844,0.0014106021936272084,0.00359065999579233,2.821204387254417e-07,0.0035903778753536048
2013-01-23,0.3099958945118447,0.330100554007343,0.3599035514808122,0.002767112847086778,-0.001006811973629923,5.534225694173556e-07,-0.0010073653961993403
2013-01-24,0.3095313318020652,0.3308834847080246,0.3595851834899102,0.0007829307006815556,-0.005017939146199468,1.5658614013631113e-07,-0.005018095732339605
2013-01-25,0.315079972841409,0.3324799206901909,0.3524401064684001,0.007145077021510071,-0.004466203744693253,1.4290154043020142e-06,-0.004467632760097555
2013-01-28,0.31655427429728744,0.328317600353558,0.3551281253491544,0.004162320336632802,-0.00237107731710281,8.324640673265605e-07,-0.0023719097811701366
2013-01-29,0.3169188870671992,0.32898900837040423,0.3540921045623966,0.0010360207867578797,0.0009735577218800023,2.0720415735157595e-07,0.0009733505177226507
2013-01-30,0.31645515264148927,0.33116648959584194,0.3523783577626689,0.0021774812254376497,0.0008212855318882879,4.3549624508752994e-07,0.0008208500356432003
2013-01-31,0.3156078605055655,0.3322653644246703,0.3521267750697642,0.0010988748288284222,-0.001305476961155808,2.1977496576568446e-07,-0.0013056967361215737
2013-02-01,0.3126028395856369,0.34005990572142913,0.34733725469293397,0.007794541296758828,-0.000661114691795176,1.5589082593517656e-06,-0.0006626736000545278
2013-02-04,0.31143110446504757,0.3369164508160842,0.3516524447188683,0.004315190025934307,0.002013169637665709,8.630380051868614e-07,0.002012306599660522
2013-02-05,0.31167686758267465,0.33339408565776707,0.3549290467595584,0.0035223651583171367,9.653085002668416e-05,7.044730316634273e-07,9.582637699502073e-05
2013-02-06,0.30440718404659944,0.32171826675594595,0.37387454919745466,0.018945502437896306,0.003849419493121285,3.7891004875792613e-06,0.0038456303926337056
2013-02-07,0.30478982735237564,0.3202987826973724,0.37491138995025186,0.001419484058573478,-0.0023850201850402373,2.838968117146956e-07,-0.002385304081851952
2013-02-08,0.296235793557623,0.31310199722159765,0.39066220922077943,0.01575081927052749,0.0022041643547469937,3.150163854105498e-06,0.002201014190892888
2013-02-11,0.30784719502378893,0.3167356762768526,0.3754171286993586,0.015245080521420873,-0.004649163845479081,3.049016104284175e-06,-0.004652212861583366
2013-02-12,0.31051494942868374,0.3237907057288845,0.3656943448424318,0.009722783856926764,0.00014404774064098117,1.944556771385353e-06,0.00014210318386959582
2013-02-13,0.31058505066996056,0.32398580256979687,0.36542914676024246,0.0002651980821892497,-0.004290763317879803,5.303961643784994e-08,-0.00429081635749624
2013-02-14,0.31176928044728985,0.32289622264787665,0.36533449690483344,0.0011842297773292654,0.0016070892752966337,2.3684595546585308e-07,0.0016068524293411678
2013-02-15,0.314444595561485,0.3195729100651685,0.3659824943733463,0.003323312582708071,-0.007287752408407997,6.646625165416143e-07,-0.007288417070924539
2013-02-19,0.32856480194498555,0.32137599071053324,0.3500592073444812,0.01592328702886517,-0.00010374651439971916,3.1846574057730338e-06,-0.00010693117180549219
2013-02-20,0.3275878196171638,0.32063447438818016,0.3517777059946561,0.0017184986501748434,-0.011924930489216183,3.436997300349687e-07,-0.011925274188946218
2013-02-21,0.33216290999530734,0.3352770113051977,0.3325600786994949,0.019217627295161133,0.0025330146653675125,3.843525459032227e-06,0.0025291711399084804
2013-02-22,0.34210603534000994,0.3268768385117729,0.3310171261482172,0.009943125344702541,0.004326404870694285,1.9886250689405083e-06,0.004324416245625344
2013-02-25,0.33805976519432634,0.33146466477626285,0.33047557002941086,0.004587826264489947,0.003041648076155564,9.175652528979895e-07,0.0030407305109026663
2013-02-26,0.33189085994915557,0.3263079265949279,0.3418012134559165,0.011325643426505688,0.004548665079444444,2.265128685301138e-06,0.004546399950759143
2013-02-27,0.33664361090385003,0.32327698614207173,0.34007940295407824,0.004752750954694462,-0.00030439988373485646,9.505501909388925e-07,-0.00030535043392579533
2013-02-28,0.33362328980439826,0.327634367594825,0.33874234260077674,0.004357381452753273,-0.0034903876558103684,8.714762905506546e-07,-0.003491259132100919
2013-03-01,0.335645927507945,0.32879312458396553,0.33556094790808966,0.0031813946926871617,0.0016692329461737438,6.362789385374323e-07,0.0016685966672352064
2013-03-04,0.33546585542949925,0.32466678164996876,0.339867362920532,0.004306415012442416,-0.0002460194440153462,8.612830024884832e-07,-0.00024688072701783465
2013-03-05,0.33512327130606595,0.3235998706769871,0.34127685801694696,0.00140949509641497,0.0022514015972428915,2.81899019282994e-07,0.0022511196982236085
2013-03-06,0.33269410113805437,0.3240761050353168,0.3432297938266287,0.0024291701680115296,-0.0005728264578899868,4.858340336023059e-07,-0.0005733122919235891
2013-03-07,0.3359919992583254,0.32209586296181997,0.3419121377798545,0.0032978981202710367,-0.0030767115929099973,6.595796240542073e-07,-0.0030773711725340515
2013-03-08,0.33481499698174666,0.32056731276677375,0.3446176902514795,0.0027055524716249613,-0.0018722744262199178,5.411104943249923e-07,-0.0018728155367142428
2013-03-11,0.3358945658499147,0.3180581281129324,0.3460473060371529,0.0025091846538413953,0.0022145148187493174,5.018369307682791e-07,0.002214012981818549
2013-03-12,0.335676256272481,0.31823608090362543,0.3460876628238936,0.00021830957743371182,0.0042614158253216055,4.366191548674237e-08,0.004261372163406119
2013-03-13,0.33634369662205865,0.3192837899928131,0.3443725133851282,0.0017151494387653565,-0.0010398101715805635,3.430298877530713e-07,-0.0010401532014683167
2013-03-14,0.3355528812149872,0.31983591815557827,0.34461120062943446,0.0007908154070714324,0.0008625396214957454,1.5816308141428648e-07,0.0008623814584143312
2013-03-15,0.33545575685179896,0.3208521219462686,0.34369212120193243,0.001016203790690312,0.0017764815084925667,2.0324075813806244e-07,0.0017762782677344287
2013-03-18,0.3340272649568314,0.32375788337726585,0.3422148516659027,0.0029057614309972724,0.0036846015484693997,5.811522861994545e-07,0.0036840203961832
2013-03-19,0.33623826228661247,0.3222475956701718,0.34151414204321584,0.0022109973297810004,0.002939827617077507,4.421994659562001e-07,0.002939385417611551
2013-03-20,0.3370284711018548,0.32288846938459465,0.3400830595135505,0.0014310825296652563,-0.0027949149716504497,2.8621650593305127e-07,-0.0027952011881563826
2013-03-21,0.33831216655175106,0.32474662769773677,0.33694120575051223,0.003141853763038327,0.0021507677209915395,6.283707526076654e-07,0.0021501393502389317
2013-03-22,0.33565963028820356,0.3218786651513386,0.3424617045604578,0.005520498809945623,0.0014093203526013265,1.1040997619891247e-06,0.0014082162528393375
2013-03-25,0.33679998537835,0.3219587723933213,0.3412412422283288,0.0012204623321290797,-0.002388598119237011,2.4409246642581597e-07,-0.002388842211703437
2013-03-26,0.3337743867104597,0.3196234089032376,0.3466022043863028,0.005360962157973992,0.0018912429931080335,1.0721924315947984e-06,0.0018901708006764388
2013-03-27,0.33391830336479256,0.32247699873067,0.34360469790453757,0.002997506481765222,0.004169276259048136,5.995012963530444e-07,0.004168676757751783
2013-03-28,0.33625783449147617,0.3198199333460322,0.34392223216249157,0.002657065384637697,-0.0026023197799445305,5.314130769275394e-07,-0.002602851193021458
2013-04-01,0.3380764286319121,0.31954946629375536,0.34237410507433264,0.001818594140435864,0.001556400200127153,3.6371882808717283e-07,0.001556036481299066
2013-04-02,0.3379267089932141,0.3182567167422139,0.343816574264572,0.001442469190239437,-0.004602048807570214,2.8849383804788744e-07,-0.004602337301408262
2013-04-03,0.34680177980948473,0.31959507247852104,0.3336031477119943,0.010213426552577759,-0.004363511135956967,2.042685310515552e-06,-0.004365553821267482
2013-04-04,0.34725856070829697,0.3244028882394499,0.3283385510522531,0.005264596659741133,0.004322880662358956,1.0529193319482267e-06,0.004321827743027008
2013-04-05,0.37316352105308476,0.3107770064351092,0.3160594725118061,0.02590496034478776,0.009896168019647234,5.180992068957552e-06,0.009890987027578277
2013-04-08,0.37932151585051305,0.30803373663792144,0.31264474751156535,0.006157994797428401,-0.0011202447969703778,1.2315989594856804e-06,-0.0011214763959298635
2013-04-09,0.37914629061157407,0.3066473971398257,0.3142063122486001,0.0015615647370347263,0.0029923409553841004,3.123129474069453e-07,0.0029920286424366936
2013-04-10,0.3806007728533058,0.3066942472805002,0.31270497986619394,0.0015013323824061842,-0.00483241424960673,3.0026647648123685e-07,-0.004832714516083212
2013-04-11,0.3815191778010318,0.3072156936692285,0.31126512852973975,0.0014398513364542453,0.0024588646397302326,2.8797026729084906e-07,0.0024585766694629418
2013-04-12,0.38157905569960826,0.3073444111029756,0.31107653319741607,0.00018859533232362669,-0.010977305503617092,3.771906646472534e-08,-0.010977343222683556
2013-04-15,0.41257593671126946,0.32118306699378857,0.26624099629494186,0.04483553690247419,-0.030146878595280178,8.967107380494839e-06,-0.030155845702660673
2013-04-16,0.4258598655255952,0.3727215364379201,0.20141859803648476,0.06482239825845718,0.005511335424413538,1.2964479651691436e-05,0.005498370944761847
2013-04-17,0.42011108113980933,0.37618365247375773,0.20370526638643283,0.005748784385785771,-0.0035332280587462663,1.1497568771571542e-06,-0.0035343778156234234
2013-04-18,0.4107933695640415,0.38146104762279787,0.20774558281316077,0.009317711575767954,0.0005992879625373643,1.8635423151535907e-06,0.0005974244202222107
2013-04-19,0.40956534400189126,0.3831612417306548,0.2072734142674539,0.001700194107857017,0.00455650172729871,3.4003882157140343e-07,0.0045561616884771386
2013-04-22,0.4065595861701117,0.3874179661491605,0.20602244768072778,0.00425672441850572,0.005783856140773417,8.51344883701144e-07,0.005783004795889716
2013-04-23,0.40639848841258225,0.39061666417555013,0.20298484741186756,0.0031986980263896264,0.0013218271761709377,6.397396052779254e-07,0.0013211874365656599
2013-04-24,0.40423318474798875,0.3917121622071842,0.20405465304482728,0.0021653036645936374,0.0034686923246047383,4.330607329187275e-07,0.0034682592638718194
2013-04-25,0.4048084720735052,0.3922275276917442,0.20296400023475075,0.0010906528100764756,0.0047298162568751275,2.1813056201529515e-07,0.0047295981263131125
2013-04-26,0.40638884320429935,0.3938727368752346,0.199738419920466,0.0032255803142846734,0.0018747564815852897,6.451160628569347e-07,0.0018741113655224328
2013-04-29,0.40389037154299445,0.39801871061815497,0.19809091783885074,0.004145973742920264,0.003208091355110487,8.291947485840529e-07,0.0032072621603619032
2013-04-30,0.4032962319096879,0.3990522780643659,0.19765149002594612,0.0010335674462110533,0.0018422765988317775,2.0671348924221067e-07,0.0018420698853425352
2013-05-01,0.40254753343960387,0.4002740301654987,0.19717843639489763,0.0012217521011326504,-0.0017099820479461831,2.443504202265301e-07,-0.0017102263983664098
2013-05-02,0.4018856372461559,0.39927363214695477,0.19884073060688928,0.001662294211991766,0.004358488749787131,3.324588423983532e-07,0.004358156290944732
2013-05-03,0.399908452561202,0.4009598397847125,0.1991317076540855,0.00197718468495392,-0.0051593034060831685,3.9543693699078397e-07,-0.00515969884302016
2013-05-06,0.40866414983908467,0.38790403891328695,0.20343181124762824,0.01305580087142548,0.00016195653556549735,2.611160174285096e-06,0.00015934537539121226
2013-05-07,0.41117235059225177,0.3884640806082262,0.2003635687995219,0.0030682424481063286,-0.0019242224319467663,6.136484896212657e-07,-0.0019248360804363875
2013-05-08,0.4122471729188365,0.38946003026549475,0.19829279681566891,0.0020707719838531508,0.005429853910538922,4.1415439677063015e-07,0.005429439756142152
2013-05-09,0.41139263268821014,0.39219794310909856,0.19640942420269122,0.002737912843603932,-0.004443489486858285,5.475825687207864e-07,-0.0044440370694270055
2013-05-10,0.41131904596634333,0.39260677405285116,0.19607417998080545,0.0004088309437525889,-0.0045657743176843735,8.176618875051778e-08,-0.004565856083873124
2013-05-13,0.41441279967103584,0.38873788377255597,0.19684931655640817,0.0038688902802952035,-0.004299156025504046,7.737780560590408e-07,-0.004299929803560105
2013-05-14,0.4156506102770295,0.3866369040987672,0.19771248562420327,0.00210097967378875,-0.0007898668260392243,4.2019593475775e-07,-0.0007902870219739821
2013-05-15,0.41508812331309186,0.38506214332071254,0.19984973336619563,0.0021372477419923375,0.00020102350692308667,4.274495483984675e-07,0.00020059605737468819
2013-05-16,0.4151418359950378,0.3873307695187755,0.19752739448618678,0.0023223388800088646,0.0012856108773195438,4.6446777600177295e-07,0.0012851464095435421
2013-05-17,0.4143290185399485,0.3874516446709365,0.19821933678911496,0.0008128174550892375,-0.005356729121254364,1.6256349101784752e-07,-0.005356891684745382
2013-05-20,0.4159242061324935,0.3847483892957369,0.19932740457176967,0.002703255375199637,0.005674015937039447,5.406510750399274e-07,0.005673475285964407
2013-05-21,0.41941809986617823,0.3873340020139491,0.19324789811987272,0.006079506451896935,0.000446963496743068,1.215901290379387e-06,0.0004457475954526886
2013-05-22,0.42665228224722873,0.38049689826808375,0.19285081948468752,0.007234182381050516,-0.010179432067093068,1.4468364762101034e-06,-0.010180878903569278
2013-05-23,0.429322428533032,0.3755270645657687,0.19515050690119934,0.004969833702315074,0.004486478797925318,9.939667404630149e-07,0.004485484831184855
2013-05-24,0.43270968319555037,0.37484156325431534,0.1924487535501343,0.0033872546625183797,-0.001067014088439578,6.774509325036759e-07,-0.0010676915393720817
2013-05-28,0.441695666405147,0.37426808888604085,0.18403624470881208,0.008985983209596676,-0.007211762320527392,1.7971966419193354e-06,-0.007213559517169311
2013-05-29,0.4528799075366481,0.3574888772912175,0.18963121517213452,0.016779211594823443,0.002982339263944609,3.355842318964689e-06,0.0029789834216256443
2013-05-30,0.457805084422497,0.3528614501560375,0.18933346542146554,0.004925176885848953,0.0034580533148130753,9.850353771697907e-07,0.0034570682794359056
2013-05-31,0.45857489895846765,0.35302840695772814,0.18839669408380433,0.0009367713376612491,-0.011612143482245683,1.8735426753224982e-07,-0.011612330836513215
2013-06-03,0.44864021438318086,0.3611197550488635,0.1902400305679557,0.009934684575286762,0.008063674687887087,1.9869369150573523e-06,0.00806168775097203
2013-06-04,0.44983471953289844,0.36183179465055576,0.18833348581654585,0.0019065447514098333,-0.007270055969196951,3.8130895028196665e-07,-0.007270437278147233
2013-06-05,0.45227371205960704,0.35948039382072894,0.1882458941196642,0.002438992526708539,-0.0009657684773381337,4.877985053417078e-07,-0.0009662562758434754
2013-06-06,0.44540030925303326,0.36229691335443565,0.19230277739253104,0.00687340280657367,0.0052455025280164595,1.374680561314734e-06,0.005244127847455145
2013-06-07,0.44210718114584413,0.3655046621101055,0.19238815674405035,0.0032931281071891527,-0.0054906741298346795,6.586256214378306e-07,-0.005491332755456118
2013-06-10,0.44203649997712996,0.36457059148166404,0.193392908541206,0.0010047517971556452,-0.0007821375045008996,2.0095035943112906e-07,-0.0007823384548603308
2013-06-11,0.44268970135209557,0.36400604954600196,0.19330424910190241,0.000653201374965634,-0.0012312234005393214,1.306402749931268e-07,-0.0012313540408143144
2013-06-12,0.439794341738188,0.36445483821689895,0.19575082004491304,0.0028953596139075916,-0.007383734121257687,5.790719227815183e-07,-0.007384313193180469
2013-06-13,0.44023251162108495,0.36208181951878016,0.19768566886013492,0.0023730186981188173,0.011617366911105603,4.7460373962376347e-07,0.011616892307365978
2013-06-14,0.43750771061044325,0.3609862369675889,0.20150605242196779,0.00382038356183291,-0.002559005714060506,7.64076712366582e-07,-0.0025597697907728725
2013-06-17,0.43588656859069286,0.3623522295698037,0.20176120183950358,0.0016211420197504711,0.000465125550929065,3.242284039500942e-07,0.0004648013225251149
2013-06-18,0.4349002076730382,0.3629860997650099,0.20211369256195189,0.000986360917654583,0.0011523950764621548,1.972721835309166e-07,0.001152197804278624
2013-06-19,0.43317920542749827,0.3648690387896601,0.20195175578284155,0.0018829390246502403,-0.012107596277200372,3.765878049300481e-07,-0.012107972865005302
2013-06-20,0.42751107031943103,0.36901072653982,0.20347820314074902,0.005668135108067296,-0.02754035907592854,1.1336270216134593e-06,-0.027541492702950154
2013-06-21,0.4192746279742841,0.38108892612157164,0.19963644590414437,0.012078199581751617,-0.0027746467195229677,2.4156399163503237e-06,-0.002777062359439318
2013-06-24,0.4245608747144057,0.3754758111924883,0.19996331409310591,0.005613114929083229,-0.005597110578880952,1.122622985816646e-06,-0.005598233201866768
2013-06-25,0.42108990364419085,0.37753148728108055,0.20137860907472854,0.003470971070214851,-6.32706189656289e-05,6.941942140429702e-07,-6.396481317967186e-05
2013-06-26,0.421137526807695,0.3768827806215062,0.20197969257079876,0.0006487066595743524,-0.001875051648751437,1.2974133191487047e-07,-0.001875181390083352
2013-06-27,0.4211497902661864,0.38154432657657816,0.19730588315723546,0.00467380941356331,0.0024692186232201513,9.34761882712662e-07,0.002468283861337439
2013-06-28,0.4225554900420666,0.38009443116885466,0.1973500787890788,0.0014498954077235282,0.006263069202150922,2.8997908154470567e-07,0.006262779223069378
2013-07-01,0.42411393855515145,0.38190589711005,0.19398016433479864,0.0033699144542801707,0.006544417149392603,6.739828908560342e-07,0.006543743166501747
2013-07-02,0.4244195345721435,0.3825634050852643,0.1930170603425922,0.0009631039922063933,-0.0023579630850686832,1.9262079844127867e-07,-0.0023581557058671245
2013-07-03,0.42590047075766796,0.38255904571356064,0.19154048352877134,0.0014809361855245007,0.00014162968571853262,2.9618723710490015e-07,0.00014133349848142774
2013-07-05,0.4239775486501724,0.38590364423936685,0.1901188071104606,0.00334459852580625,-0.01275316046065543,6.689197051612501e-07,-0.012753829380360591
2013-07-08,0.4296788727881552,0.37587460626724456,0.1944465209446003,0.010029037972122387,0.008432724746952926,2.0058075944244776e-06,0.008430718939358501
2013-07-09,0.4317341961490935,0.37413945643590474,0.19412634741500187,0.002055323360938263,0.005293870388978189,4.1106467218765267e-07,0.005293459324306002
2013-07-10,0.43106191807244987,0.3746043015916564,0.19433378033589369,0.000672278076643551,-0.0022414087164322615,1.344556153287102e-07,-0.00224154317204759
2013-07-11,0.4327774393445625,0.3741601779250878,0.1930623827303497,0.001715521272112594,0.015535508130705575,3.431042544225188e-07,0.015535165026451152
2013-07-12,0.4323959945183793,0.3751091207594042,0.19249488472221668,0.0009489428343163048,-0.00030301546874826526,1.8978856686326095e-07,-0.00030320525731512854
2013-07-15,0.42570240181139035,0.3769264155368743,0.19737118265173534,0.006693592706988827,0.0037006274766066593,1.3387185413977654e-06,0.0036992887580652614
2013-07-16,0.42279241055746014,0.35281303543058506,0.22439455401195488,0.027023371360219484,0.0009044336836731641,5.404674272043897e-06,0.0008990290094011203
2013-07-17,0.4268597733480672,0.3500164719113847,0.223123754740548,0.004067362790607154,-0.0010648265301221693,8.134725581214309e-07,-0.0010656400026802907
2013-07-18,0.4342171962281419,0.34673894993392274,0.2190438538379353,0.007357422880074696,-0.0007278600755154343,1.4714845760149393e-06,-0.0007293315600914492
2013-07-19,0.43646048311530145,0.34391324770807236,0.21962626917662617,0.0028257022258503933,0.008162064029760501,5.651404451700787e-07,0.008161498889315331
2013-07-22,0.4418195544046539,0.33737909318157555,0.22080135241377044,0.006534154526496777,0.007939194351844613,1.3068309052993555e-06,0.007937887520939314
2013-07-23,0.4440122590464926,0.3385540720605124,0.217433668892995,0.0033676835207754885,-0.0008986458372944742,6.735367041550977e-07,-0.0008993193739986293
2013-07-24,0.4463718083015199,0.33714769671373923,0.2164804949847408,0.002359549255027335,-0.00963043760852024,4.7190985100546705e-07,-0.009630909518371245
2013-07-25,0.44711228333749276,0.33621900507784686,0.21666871158466036,0.0009286916358923897,0.002985140181023709,1.8573832717847796e-07,0.00298495444269653
2013-07-26,0.44572949087083913,0.33495811828299404,0.21931239084616683,0.0026436792615064514,0.0027192716281245906,5.287358523012903e-07,0.002718742892272289
2013-07-29,0.4453252417289794,0.3357463549645108,0.21892840330651,0.0007882366815166325,-0.004349175841161715,1.576473363033265e-07,-0.0043493334884980184
2013-07-30,0.44568625138174417,0.33472235996678734,0.2195913886514685,0.0010239949977233348,-0.0007229685389985281,2.0479899954466696e-07,-0.0007231733379980728
2013-07-31,0.4456018390620435,0.334716852275188,0.21968130866276847,8.992001130000982e-05,0.001259449018529622,1.7984002260001963e-08,0.001259431034527362
2013-08-01,0.4471555950662801,0.3345505258968778,0.21829387903684214,0.0015537560042365867,-0.0035811018193771258,3.1075120084731735e-07,-0.0035814125705779733
2013-08-02,0.44907551126773804,0.33061530779465087,0.22030918093761115,0.003935218102226926,0.003968430023643036,7.870436204453852e-07,0.00396764298002259
2013-08-05,0.44858203488069187,0.3337632481875785,0.21765471693172952,0.00314794039292772,-0.004362311426381993,6.295880785855441e-07,-0.004362941014460578
2013-08-06,0.4488648137681021,0.3332814907555472,0.2178536954763506,0.0004817574320313267,-0.004571660656254416,9.635148640626534e-08,-0.004571757007740823
2013-08-07,0.448298715864472,0.333558785567429,0.21814249856809903,0.0005660979036301722,0.001349950109245312,1.1321958072603445e-07,0.001349836889664586
2013-08-08,0.448220557849675,0.3316736068991676,0.22010583525115743,0.0019633366830584115,0.00734773300268267,3.926673366116823e-07,0.007347340335346058
2013-08-09,0.45006537900032617,0.33239024993146,0.21754437106821375,0.002561464182943618,-0.0007713380174655285,5.122928365887236e-07,-0.0007718503103021171
2013-08-12,0.44882594591386626,0.3336835086227014,0.21749054546343238,0.0012932586912413474,0.0010909302075497824,2.586517382482695e-07,0.0010906715558115343
2013-08-13,0.4495771933026873,0.33465465668199895,0.21576815001531374,0.0017223954481186132,-0.005831399911591149,3.4447908962372267e-07,-0.005831744390680773
2013-08-14,0.4538746175280942,0.33158446833439714,0.21454091413750867,0.004297424225406896,0.0002933812980183926,8.594848450813792e-07,0.00029252181317331125
2013-08-15,0.45177380898444125,0.3318347661496063,0.21639142486595256,0.0021008085436529933,-0.006287553938003692,4.2016170873059866e-07,-0.006287974099712422
2013-08-16,0.4468861220606241,0.33674666854606905,0.21636720939330686,0.004911902396462803,-0.0011836330230464256,9.823804792925607e-07,-0.001184615403525718
2013-08-19,0.446811717842355,0.3359749562858604,0.21721332587178463,0.0008461164784777653,-0.006714853051418532,1.6922329569555306e-07,-0.006715022274714228
2013-08-20,0.4428928684896524,0.33367246944664836,0.22343466206369916,0.006221336191914575,0.005494029634502218,1.244267238382915e-06,0.005492785367263836
2013-08-21,0.4411938777035071,0.33349633715014854,0.2253097851463442,0.0018751230826450915,-0.0070135728023223475,3.7502461652901834e-07,-0.007013947826938876
2013-08-22,0.4406252063463674,0.33453615336238995,0.22483864029124265,0.0010398162122413207,0.008682803829778051,2.0796324244826415e-07,0.008682595866535603
2013-08-23,0.43800029407078245,0.33319442629022156,0.22880527963899594,0.003966639347753334,0.008695002587678613,7.933278695506669e-07,0.008694209259809063
2013-08-26,0.44010844638065966,0.33141206382481797,0.22847948979452234,0.0021081523098771954,0.0009460990206730994,4.216304619754391e-07,0.000945677390211124
2013-08-27,0.43457750858114796,0.3404559162934893,0.22496657512536272,0.009043852468671329,-0.0005430027002030153,1.808770493734266e-06,-0.0005448114706967496
2013-08-28,0.42804129459681545,0.3439534935950125,0.22800521180817204,0.0065362139843325034,-0.0013339251201971915,1.3072427968665007e-06,-0.001335232362994058
2013-08-29,0.4279709570781048,0.3425505641830736,0.22947847873882166,0.0014732669306495721,0.002002363935477256,2.9465338612991443e-07,0.002002069282091126
2013-08-30,0.43405025795666496,0.3361282025769254,0.22982153946640974,0.006422361606148244,-0.003869316643060433,1.2844723212296489e-06,-0.0038706011153816625
2013-09-03,0.4331020508994219,0.3356715197315723,0.23122642936900592,0.0014048899025961847,0.0003160039080949595,2.8097798051923696e-07,0.00031572293011444027
2013-09-04,0.43479065486732593,0.33401262319258773,0.2311967219400864,0.0016886039679040593,-0.00012312642472899187,3.3772079358081187e-07,-0.0001234641455225727
2013-09-05,0.4375793642810362,0.3357265440620699,0.22669409165689378,0.004502630283192546,-0.008267988124880565,9.005260566385093e-07,-0.008268888650937204
2013-09-06,0.44293155976062765,0.3322088961776156,0.22485954406175682,0.005352195479591343,0.005182334242495456,1.0704390959182686e-06,0.005181263803399538
2013-09-09,0.44447413358361554,0.33206393569663895,0.2234619307197455,0.001542573822987947,0.004017859903011209,3.0851476459758944e-07,0.004017551388246611
2013-09-10,0.44116028416018505,0.3340493213100218,0.22479039452979316,0.0033138494234305066,-0.0027123969418515336,6.627698846861014e-07,-0.0027130597117362197
2013-09-11,0.4427670141810478,0.3359178821021568,0.2213151037167954,0.0034752908129977444,0.004308338154565962,6.95058162599549e-07,0.004307643096403362
2013-09-12,0.4445667264406905,0.3352643480135182,0.22016892554579118,0.0017997122596427745,-0.008372472652926446,3.599424519285549e-07,-0.008372832595378375
2013-09-13,0.45157751035987753,0.3386142178589014,0.20980827178122116,0.010360653764570127,0.0025751406160027146,2.0721307529140254e-06,0.0025730684852498004
2013-09-16,0.45366942361936125,0.33687044504673724,0.2094601313339016,0.002091913259483713,-0.0018642028018213915,4.1838265189674266e-07,-0.0018646211844732883
2013-09-17,0.45508371890932325,0.33621895839670846,0.2086973226939684,0.0014142952899619948,0.0048918184700051754,2.82859057992399e-07,0.004891535610947183
2013-09-18,0.4574291107640407,0.33315719253819115,0.20941369669776816,0.0030617658585172514,0.018528058673836195,6.123531717034503e-07,0.01852744632066449
2013-09-19,0.46844321721000376,0.3327397312543647,0.19881705153563153,0.011014106445963082,-0.003141774559580948,2.2028212891926165e-06,-0.0031439773808701406
2013-09-20,0.48859569520149376,0.3102099373516792,0.20119436744682706,0.022529793902685516,-0.007568993379104834,4.505958780537103e-06,-0.007573499337885371
2013-09-23,0.48432960944164927,0.31892976136686957,0.19674062919148125,0.00871982401519035,-0.0005308536371124758,1.7439648030380702e-06,-0.0005325976019155138
2013-09-24,0.4936664432789005,0.31238549196240356,0.1939480647586959,0.009336833837251313,0.002374662908051858,1.8673667674502625e-06,0.002372795541284408
2013-09-25,0.49763230044226114,0.30937874666645243,0.19298895289128645,0.003965857163360592,0.0009068544388804713,7.931714326721184e-07,0.0009060612674477991
2013-09-26,0.49407042209463614,0.3035411403150733,0.2023884375902907,0.009399484699004201,-0.0017981786035551213,1.8798969398008404e-06,-0.0018000585004949222
2013-09-27,0.4926058254909325,0.3032281594737665,0.20416601503530085,0.0017775774450102672,0.0003626127117229729,3.5551548900205346e-07,0.0003622571962339708
2013-09-30,0.4889056186113227,0.3026252969826646,0.20846908440601272,0.004303069370711801,-0.004336710120579384,8.606138741423603e-07,-0.0043375707344535264
2013-10-01,0.48712871502263677,0.3026128506018985,0.21025843437546454,0.0017893499694519172,-0.002950519999408105,3.5786999389038345e-07,-0.002950877869401995
2013-10-02,0.48765109787262617,0.306327987029574,0.2060209150977997,0.004237519277664845,0.004086932780675177,8.47503855532969e-07,0.004086085276819644
2013-10-03,0.48887855537122943,0.30740317195560884,0.20371827267316173,0.0023026424246380545,-0.004809000958876501,4.605284849276109e-07,-0.004809461487361428
2013-10-04,0.467727521591718,0.33301156318750175,0.19926091522078032,0.025608391231892874,0.002273582955937036,5.121678246378575e-06,0.002268461277690657
2013-10-07,0.46419632704203234,0.3362422029527774,0.19956147000519028,0.0035311945496856317,-0.0008943241021353977,7.062389099371264e-07,-0.0008950303410453349
2013-10-08,0.46228111430339375,0.33714571015697953,0.2005731755396268,0.001915212738638622,-0.0056657921139862885,3.8304254772772443e-07,-0.0056661751565340165
2013-10-09,0.45305254019133695,0.3439611293308456,0.20298633047781733,0.0092285741120567,-0.004480631912341609,1.8457148224113401e-06,-0.004482477627164021
2013-10-10,0.4596362617590526,0.3376340458817519,0.2027296923591955,0.0065837215677155975,0.007496040352301623,1.3167443135431196e-06,0.007494723607988079
2013-10-11,0.4357081675620719,0.35387900315684956,0.2104128292810786,0.02392809419698072,-0.00012110920513915989,4.785618839396144e-06,-0.00012589482397855602
2013-10-14,0.4346115059655315,0.35618365706418736,0.20920483697028117,0.0023046539073378336,-0.0007423515208727101,4.6093078146756675e-07,-0.0007428124516541777
2013-10-15,0.4355724801979165,0.3546194277791211,0.20980809202296236,0.0015642292850662348,-0.0018596878314125357,3.1284585701324697e-07,-0.001860000677269549
2013-10-16,0.43251481638387973,0.3560030929207038,0.2114820906954164,0.0030576638140367707,0.010176713439166962,6.115327628073541e-07,0.010176101906404155
2013-10-17,0.4254131407419864,0.3600157716436001,0.2145710876144136,0.007101675641893415,0.012847344560830493,1.4203351283786832e-06,0.012845924225702115
2013-10-18,0.4238457585613769,0.3693357573238894,0.20681848411473372,0.009319985680289328,0.002733031833930738,1.8639971360578655e-06,0.0027311678367946805
2013-10-21,0.4189297503071821,0.3673156853946012,0.21375456429821668,0.00693608018348299,-0.0009237236313434174,1.387216036696598e-06,-0.000925110847380114
2013-10-22,0.4188855782577739,0.3671843439816991,0.21393007776052703,0.00017551346231033105,0.010497138915667954,3.510269246206621e-08,0.010497103812975491
2013-10-23,0.4179744862304261,0.3687412672605833,0.21328424650899067,0.0015569232788841952,-0.001637901230463412,3.113846557768391e-07,-0.0016382126151191889
2013-10-24,0.41687183500364844,0.3688488786580098,0.2142792863383419,0.00110265122677769,0.001969219622156152,2.2053024535553802e-07,0.0019689990919107966
2013-10-25,0.4165263220323172,0.36994642750795537,0.2135272504597275,0.0010975488499455899,0.004194808356234743,2.1950976998911798e-07,0.004194588846464753
2013-10-28,0.41560326351273913,0.37141494508871703,0.2129817913985439,0.0014685175807616774,-0.0004445669685093059,2.9370351615233547e-07,-0.0004448606720254582
2013-10-29,0.41584701908934674,0.37095457063172543,0.2131984102789278,0.0004603744569915552,0.0014092682887544227,9.207489139831105e-08,0.0014091762138630243
2013-10-30,0.41492611150596,0.37197500194105954,0.21309888655298057,0.0010204313093340467,-0.004577317214079456,2.0408626186680935e-07,-0.004577521300341322
2013-10-31,0.41024734247347383,0.3810392466481766,0.20871341087834946,0.00906424470711717,-0.0033431446242171703,1.812848941423434e-06,-0.003344957473158594
2013-11-01,0.40790164664839373,0.3861892065175035,0.2059091468341027,0.00514995986932687,-0.004479401016338663,1.029991973865374e-06,-0.004480431008312529
2013-11-04,0.4094591396510531,0.3839837680648109,0.20655709228413593,0.0022054384526925958,0.0015747301091181979,4.4108769053851917e-07,0.0015742890214276593
2013-11-05,0.40992720143027916,0.3826160862594635,0.20745671231025742,0.0013676818053474926,-0.006279021218087768,2.7353636106949856e-07,-0.006279294754448838
2013-11-06,0.41211861991875054,0.3793820719212285,0.2084993081600209,0.0032340143382349057,0.0033394808769443562,6.468028676469811e-07,0.0033388340740767093
2013-11-07,0.4096848133784934,0.37829583756514346,0.21201934905636333,0.003520040896342322,-0.0037089548532016608,7.040081792684644e-07,-0.003709658861380929
2013-11-08,0.40467482531605486,0.38048866140049115,0.21483651328345396,0.005009988062438422,-0.006898859941540637,1.0019976124876846e-06,-0.006899861939153125
2013-11-11,0.4089786668720878,0.36689613362822265,0.22412519949968962,0.013592527772268534,-0.0020535847141819525,2.7185055544537068e-06,-0.0020563032197364064
2013-11-12,0.40492168675785495,0.37226634984299534,0.22281196339914966,0.005370216214772738,-0.0016420038161251782,1.0740432429545476e-06,-0.0016430778593681328
2013-11-13,0.4064399011013274,0.3710015454054262,0.2225585534932464,0.001518214343472421,0.005350627955255168,3.0364286869448423e-07,0.0053503243123864735
2013-11-14,0.4079573468895749,0.3701795858681912,0.2218630672422339,0.0015174457882475012,0.0068805911846597,3.0348915764950024e-07,0.006880287695502051
2013-11-15,0.40914976281009513,0.36970554691932234,0.22114469027058245,0.0011924159205202733,0.002612007519334118,2.3848318410405467e-07,0.0026117690361500143
2013-11-18,0.4095735628493213,0.37095884941664026,0.2194675877340385,0.0016771025365440173,-0.001708658298270236,3.354205073088035e-07,-0.0017089937187775449
2013-11-19,0.4089811068382701,0.37238554011290376,0.2186333530488261,0.0014266906962635273,-0.0036274559135922413,2.8533813925270546e-07,-0.003627741251731494
2013-11-20,0.4094086316547896,0.3734266347408689,0.21716473360434138,0.0014686194444846756,-0.012636160391475828,2.9372388889693513e-07,-0.012636454115364725
2013-11-21,0.4174851762039445,0.3671903659409736,0.21532445785508186,0.008076544549154865,0.0036530957350974043,1.6153089098309732e-06,0.0036514804261875734
2013-11-22,0.4118676082758935,0.37094449708251886,0.21718789464158764,0.005617567928051001,0.005483323851611758,1.1235135856102002e-06,0.0054822003380261474
2013-11-25,0.4136439051300789,0.3683920681352453,0.2179640267346758,0.0025524289472735745,0.001633158772264018,5.10485789454715e-07,0.0016326482864745633
2013-11-26,0.4239127340526795,0.3642722546150901,0.21181501133223044,0.010268828922600545,0.00035521303358147576,2.0537657845201093e-06,0.00035315926779695564
2013-11-27,0.4228615834898267,0.3660041749125853,0.211134241597588,0.001731920297495193,-0.0002342704486526263,3.4638405949903863e-07,-0.00023461683271212535
2013-11-29,0.4213224388219769,0.3681151207900099,0.2105624403880133,0.0021109458774245665,0.002012164642188343,4.221891754849133e-07,0.002011742453012858
2013-12-02,0.42259683364265055,0.36794779449707316,0.2094553718602764,0.0012743948206736522,-0.009373548038879256,2.5487896413473045e-07,-0.00937380291784339
2013-12-03,0.4201772312805637,0.37454648929232615,0.2052762794271102,0.006598694795253018,0.0002254797195185629,1.3197389590506037e-06,0.00022415998055951228
2013-12-04,0.42062089985520335,0.3735392521199589,0.20583984802483773,0.001007237172367198,-0.00012245044044870102,2.0144743447343962e-07,-0.00012265188788317447
2013-12-05,0.4181580029901645,0.3778670148414268,0.20397498216840868,0.004327762721467912,-0.005727822705690541,8.655525442935825e-07,-0.005728688258234835
2013-12-06,0.41570544043665025,0.3789995176111572,0.20529504195219245,0.0024525625535141843,0.006893453960730305,4.905125107028369e-07,0.006892963448219602
2013-12-09,0.41494122414436035,0.37911758834599507,0.20594118750964452,0.0007642162922899265,0.003971307788385616,1.528432584579853e-07,0.003971154945127158
2013-12-10,0.4151110163386154,0.3795318529503097,0.20535713071107486,0.0005840567985696821,0.004837589205671024,1.1681135971393642e-07,0.00483747239431131
2013-12-11,0.41493268296788144,0.3825008349963951,0.20256648203572356,0.002968982046085325,-0.009201582720392683,5.93796409217065e-07,-0.0092021765168019
2013-12-12,0.40660804162969016,0.38106043376759174,0.21233152460271812,0.009765042566994592,-0.007298940956286923,1.9530085133989183e-06,-0.007300893964800322
2013-12-13,0.4076389805236995,0.38316147798303296,0.2091995414932675,0.0031319831094505923,0.0037469546964983367,6.263966218901185e-07,0.0037463282998764467
2013-12-16,0.4081319102509259,0.3834305076121324,0.2084375821369418,0.0007619593563257393,0.0016732811576642965,1.5239187126514788e-07,0.0016731287657930315
2013-12-17,0.4060804978270935,0.38600845209621387,0.20791105007669275,0.002577944484081468,-0.0013715149664462745,5.155888968162936e-07,-0.0013720305553430907
2013-12-18,0.3980597371619798,0.37968893809461896,0.22225132474340134,0.014340274666708605,0.0029363349278303014,2.868054933341721e-06,0.0029334668728969596
2013-12-19,0.3865492676193107,0.38762019424931404,0.22583053813137535,0.0115104695426691,-0.0061812334036938175,2.30209390853382e-06,-0.006183535497602351
2013-12-20,0.3869394678522309,0.38593498001902266,0.22712555212874655,0.0016852142302913875,0.010405305406241367,3.370428460582775e-07,0.01040496836339531
2013-12-23,0.3928579058137168,0.3787340664043438,0.2284080277819393,0.0072009136146787694,-0.0007732189273397362,1.440182722935754e-06,-0.000774659110062672
2013-12-24,0.3903480763524813,0.3824938143540447,0.227158109293474,0.0037597479497008673,-0.001165345139108679,7.519495899401735e-07,-0.001166097088698619
2013-12-26,0.3920246751885889,0.37955441928001227,0.22842090553139885,0.002939395074032458,0.001789612815373419,5.878790148064916e-07,0.0017890249363586126
2013-12-27,0.39094261191979285,0.38107995236632564,0.22797743571388152,0.0015255330863133826,-0.00036203648873183066,3.0510661726267653e-07,-0.00036234159534909334
2013-12-30,0.39183924306457146,0.37977988120195294,0.22838087573347557,0.001300071164372682,-0.000825919676539891,2.6001423287453643e-07,-0.0008261796907727655
2013-12-31,0.39597706161219737,0.3772719773679181,0.22675096101988448,0.004137818547625904,0.0009162203895071693,8.27563709525181e-07,0.0009153928257976441
2014-01-02,0.39426279979926826,0.3716989826429025,0.23403821755782916,0.007287256537944695,0.0011418079784147987,1.457451307588939e-06,0.0011403505271072097
2014-01-03,0.3885128485112253,0.3736702463684449,0.23781690512032966,0.005749951288042926,0.0025361814270021036,1.1499902576085853e-06,0.002535031436744495
2014-01-06,0.39422536445636386,0.3715583437877598,0.2342162917558764,0.005712515945138455,0.0008336995799468804,1.142503189027691e-06,0.0008325570767578527
2014-01-07,0.395546746597505,0.3701524887817662,0.23430076462072877,0.0014058550059935504,0.002034066395363722,2.811710011987101e-07,0.002033785224362523
2014-01-08,0.3985083373186544,0.3679099176576044,0.2335817450237412,0.002961590721149404,-0.0022904364850702876,5.923181442298808e-07,-0.0022910288032145175
2014-01-09,0.4073239599502091,0.36260682834848235,0.2300692117013087,0.00881562263155461,0.0030492451187251325,1.763124526310922e-06,0.0030474819941988217
2014-01-10,0.40633707323566454,0.3630995257251593,0.2305634010391762,0.0009868867145444993,0.008938487372558273,1.9737734290889987e-07,0.008938289995215364
2014-01-13,0.4324378737216939,0.3445464860206113,0.22301564025769485,0.026100800486029363,-0.002628355347253608,5.220160097205873e-06,-0.0026335755073508137
2014-01-14,0.4211431619573966,0.34966039027093665,0.22919644777166667,0.01129471176429725,0.0008497623083235733,2.25894235285945e-06,0.0008475033659707138
2014-01-15,0.41583245924096296,0.35461619320029103,0.229551347558746,0.005310702716433677,0.0014275249134103746,1.0621405432867354e-06,0.001426462772867088
2014-01-16,0.41862956647332344,0.35235971468971555,0.22901071883696097,0.002797107232360499,0.00206876158722634,5.594214464720998e-07,0.002068202165779868
2014-01-17,0.42474510137754445,0.3511669075001258,0.2240879911223297,0.006115534904221023,0.001807172691191059,1.2231069808442048e-06,0.0018059495842102148
2014-01-21,0.4167815128359259,0.34817242127956083,0.23504606588451316,0.010958074762183495,-0.0009011814420663087,2.191614952436699e-06,-0.0009033730570187454
2014-01-22,0.41900480305991744,0.3477483705148649,0.23324682642521763,0.002223290223991495,-0.0015771735321601153,4.4465804479829897e-07,-0.0015776181902049137
2014-01-23,0.419006903070965,0.3479222709942766,0.2330708259347584,0.00017600049045923827,0.006574114940271722,3.5200098091847656e-08,0.006574079740173631
2014-01-24,0.41844128185534907,0.34791528661296384,0.23364343153168718,0.0005726055969287325,-0.005720632724738636,1.145211193857465e-07,-0.005720747245858021
2014-01-27,0.3952014158667942,0.3612508893870402,0.2435476947461656,0.023239865988554834,-0.0071139700604785664,4.647973197710967e-06,-0.007118618033676277
2014-01-28,0.39498648906162126,0.36048715039255136,0.24452636054582733,0.0009786657996617432,0.003210261102789807,1.9573315993234864e-07,0.0032100653696298747
2014-01-29,0.393959561309621,0.3609740541290852,0.24506638456129384,0.0010269277520002923,0.002264823791304148,2.0538555040005847e-07,0.0022646184057537482
2014-01-30,0.3921134323808603,0.3627696631353211,0.24511690448381862,0.0018461289287606958,-0.002289719229834038,3.692257857521392e-07,-0.00229008845561979
2014-01-31,0.39151605242061926,0.36728209537268264,0.241201852206698,0.004512432237361613,0.0008090735349582677,9.024864474723227e-07,0.0008081710485107953
2014-02-03,0.3912567925953171,0.367501704305557,0.24124150309912598,0.00025925982530226876,-0.0018565361653712837,5.185196506045375e-08,-0.0018565880173363441
2014-02-04,0.37403572666178597,0.37410640924606464,0.25185786409214944,0.017221065933531107,-0.002034494429960289,3.4442131867062215e-06,-0.0020379386431469953
2014-02-05,0.3722095302883365,0.37503694571661883,0.25275352399504464,0.0018261963734494402,-0.003307587919298643,3.652392746898881e-07,-0.003307953158573333
2014-02-06,0.3746189274343077,0.37158431261475017,0.25379675995094225,0.003452633101868746,0.0032401734539206375,6.905266203737493e-07,0.0032394829273002636
2014-02-07,0.36625120514698983,0.3795708164275574,0.25417797842545276,0.008367722287317803,0.006810054594702913,1.6735444574635605e-06,0.00680838105024545
2014-02-10,0.36240214906837515,0.382261806008519,0.25533604492310574,0.003849056078614632,0.003306714493313583,7.698112157229265e-07,0.00330594468209786
2014-02-11,0.3666468111061651,0.3809783198863538,0.25237486900748113,0.0042446620377898925,0.004763782684152396,8.489324075579786e-07,0.004762933751744838
2014-02-12,0.35424467138560883,0.40275124548246355,0.24300408313192765,0.021772925596109757,-0.001768741696031181,4.354585119221952e-06,-0.001773096281150403
2014-02-13,0.3545712923168436,0.40201056531538437,0.24341814236777193,0.000740680167079108,0.006181578916115343,1.4813603341582161e-07,0.006181430780081928
2014-02-14,0.3539085083484431,0.4013961339265862,0.24469535772497075,0.001277215357198741,0.005416014914992171,2.554430714397482e-07,0.005415759471920731
2014-02-18,0.3556461103000004,0.40223979426329914,0.24211409543670043,0.0025812622882702696,0.0018072368784313947,5.162524576540539e-07,0.0018067206259737407
2014-02-19,0.3547853453991553,0.4023429615573508,0.24287169304349396,0.0008607649008451207,-0.0061985548601161495,1.7215298016902415e-07,-0.0061987270130963185
2014-02-20,0.35463488916942804,0.40278127141061787,0.24258383941995412,0.0004383098532670937,0.0036632080577299105,8.766197065341874e-08,0.003663120395759257
2014-02-21,0.3532243318391701,0.4039507841756034,0.24282488398522645,0.0014105573302578694,0.0016907681686469417,2.821114660515739e-07,0.0016904860571808902
2014-02-24,0.3522718537947604,0.40573165639074726,0.2419964898144925,0.0017808722151437806,0.0036016694004995633,3.5617444302875615e-07,0.0036013132260565347
2014-02-25,0.339979008899381,0.41792688893758684,0.24209410216303232,0.012292844895379393,0.004015472034333458,2.4585689790758788e-06,0.004013013465354382
2014-02-26,0.34386585785777807,0.41314850641937634,0.2429856357228456,0.004778382518210431,0.00014379240367853917,9.556765036420861e-07,0.0001428367271748971
2014-02-27,0.3434735274866485,0.41622629357257923,0.2403001789407723,0.0030777871532028794,0.004246886619194261,6.155574306405759e-07,0.0042462710617636205
2014-02-28,0.3432696246652578,0.4156256260358487,0.24110474929889356,0.0008045703581212593,7.302877136475044e-06,1.6091407162425187e-07,7.141963064850792e-06
2014-03-03,0.34280597407044844,0.41610949287663,0.24108453305292152,0.00048386684078136066,0.005410562344977306,9.677336815627214e-08,0.0054104655716091495
2014-03-04,0.3440955593887894,0.41844361151464987,0.2374608290965607,0.003623703956360816,-0.004392011003217972,7.247407912721632e-07,-0.004392735744009244
2014-03-05,0.3462316146170689,0.4102423312493846,0.24352605413354655,0.008201280265265343,0.0015901279656701031,1.6402560530530687e-06,0.00158848770961705
2014-03-06,0.33996798495416314,0.40792574320936065,0.2521062718364762,0.008580217702929688,-0.0007355902801039647,1.7160435405859377e-06,-0.0007373063236445507
2014-03-07,0.34401936493641194,0.40305970660808677,0.25292092845550124,0.004866036601273854,-0.004486350542526235,9.73207320254771e-07,-0.00448732374984649
2014-03-10,0.3415192881054778,0.40452087196692343,0.25395983992759863,0.0025000768309340893,0.0004702279741929857,5.000153661868179e-07,0.0004697279588267989
2014-03-11,0.3404255002184443,0.40267235292939796,0.25690214685215784,0.0029423069245591016,0.0008327353001094909,5.884613849118203e-07,0.000832146838724579
2014-03-12,0.34265124483979004,0.401942406554335,0.25540634860587513,0.002225744621345699,0.006626080990891878,4.451489242691398e-07,0.006625635841967609
2014-03-13,0.3445049494678961,0.40095512491585183,0.254539925616252,0.0018537046281061897,0.0023994619633187927,3.7074092562123796e-07,0.0023990912223931715
2014-03-14,0.3418713198298784,0.39561716950363907,0.2625115106664825,0.00797158505023049,0.0008799092941475624,1.594317010046098e-06,0.0008783149771375163
2014-03-17,0.34366638439077246,0.39598135285867525,0.2603522627505522,0.002159247915930279,-0.0027035035958188256,4.3184958318605583e-07,-0.0027039354454020115
2014-03-18,0.3402919911458271,0.3914537247706203,0.2682542840835527,0.007902021333000414,0.0017678467612250483,1.580404266600083e-06,0.001766266356958448
2014-03-19,0.339085849647505,0.3928522335636202,0.26806191678887487,0.0013985087929999085,-0.010051750825638764,2.7970175859998173e-07,-0.010052030527397364
2014-03-20,0.3435018216753325,0.394420913012665,0.26207726531200237,0.00598465147687241,0.0008369247879296366,1.1969302953744822e-06,0.0008357278576342622
2014-03-21,0.34235549008951505,0.3941504974357293,0.2634940124747558,0.0014167471627533068,0.004199265990492541,2.8334943255066137e-07,0.00419898264105999
2014-03-24,0.351551449977146,0.3855326907066905,0.26291585931616357,0.009195959887630972,-0.003397667558329172,1.8391919775261946e-06,-0.0033995067503066983
2014-03-25,0.3495468735811107,0.38213791118066726,0.26831521523822205,0.0053993559220585075,0.0007108614195770426,1.0798711844117015e-06,0.0007097815483926309
2014-03-26,0.34460421134130975,0.3896459765297497,0.2657498121289406,0.00750806534908241,-0.0015308456750911335,1.5016130698164822e-06,-0.0015323472881609498
2014-03-27,0.3441231734983212,0.39072053365891835,0.26515629284276043,0.0010745571291686795,-0.0004956938434737337,2.1491142583373592e-07,-0.0004959087548995674
2014-03-28,0.342641329648847,0.39443803435658764,0.2629206359945654,0.003717500697669268,-0.0005974810025534101,7.435001395338537e-07,-0.000598224502692944
2014-03-31,0.3431246754450904,0.3932312547600384,0.2636440697948712,0.0012067795965492178,-0.00016979468560535376,2.413559193098436e-07,-0.0001700360415246636
2014-04-01,0.34149681876157206,0.3952690908224227,0.2632340904160054,0.002037836062384224,-0.0015821222827797953,4.075672124768448e-07,-0.0015825298499922722
2014-04-02,0.3398027961851324,0.39097023116560886,0.2692269726492587,0.005992882233253394,0.0009195156582684893,1.1985764466506788e-06,0.0009183170818218386
2014-04-03,0.34003375172458195,0.39129976581775555,0.2686664824576624,0.0005604901915962635,0.0004001788164814435,1.120980383192527e-07,0.00040006671844312425
2014-04-04,0.3416942633415665,0.3868796377544395,0.271426098903994,0.004420128063316098,0.0021597032999837477,8.840256126632196e-07,0.0021588192743710846
2014-04-07,0.33790916546509614,0.38896996498330144,0.2731208695516023,0.0037850978764703003,-0.002838884380574806,7.570195752940601e-07,-0.0028396414001501
2014-04-08,0.33477461659309793,0.39091553821670777,0.27430984519019425,0.0031345488719982384,0.004903242019522298,6.269097743996477e-07,0.004902615109747898
2014-04-09,0.33564855267605914,0.39087923428976323,0.2734722130341776,0.0008739360829611853,0.0021773173268969125,1.7478721659223708e-07,0.0021771425396803204
2014-04-10,0.3324114109826654,0.39138358725540473,0.27620500176192986,0.0032371416933937303,-0.0018417257658746484,6.474283386787461e-07,-0.001842373194213327
2014-04-11,0.32079495570695793,0.3970607906823159,0.2821442536107261,0.011616455275707455,0.00014980894049461906,2.323291055141491e-06,0.00014748564943947758
2014-04-14,0.3155244662869887,0.39911408020420674,0.28536145350880454,0.005270489419969243,0.003508873283179369,1.0540978839938486e-06,0.003507819185295375
2014-04-15,0.3186361867191244,0.39755761243387294,0.2838062008470026,0.0031117204321357284,-0.0005601339807732499,6.223440864271457e-07,-0.0005607563248596771
2014-04-16,0.32273400514865225,0.3995185406600707,0.27774745419127705,0.006058746655725561,0.003995364713971098,1.2117493311451123e-06,0.003994152964639953
2014-04-17,0.32041632959006217,0.40092848286561106,0.2786551875443267,0.0023176755585900544,-0.005701886104440786,4.635351117180109e-07,-0.005702349639552504
2014-04-21,0.3235550290518525,0.39638405503090873,0.2800609159172388,0.00454442783470238,-0.0003410071987785461,9.088855669404761e-07,-0.00034191608434548654
2014-04-22,0.3231586697727175,0.39598796649952406,0.2808533637277584,0.0007924478105196253,0.0017612332090463027,1.5848956210392508e-07,0.0017610747194841988
2014-04-23,0.32219641728609877,0.3948575749800149,0.28294600773388645,0.0020926440061279916,0.0014544968691324511,4.1852880122559835e-07,0.0014540783403312256
2014-04-24,0.322070612020226,0.3942120625343064,0.28371732544546757,0.0007713177115811765,0.0032329162683148813,1.542635423162353e-07,0.0032327620047725653
2014-04-25,0.3160216775725468,0.39635897326956826,0.2876193491578849,0.006048934447679205,-1.1495888144453202e-05,1.2097868895358411e-06,-1.2705675033989043e-05
2014-04-28,0.327145928152322,0.39146005072696927,0.2813940211207087,0.011124250579775202,-0.002096512290043856,2.2248501159550407e-06,-0.002098737140159811
2014-04-29,0.3262468342132246,0.3911094968147187,0.2826436689720567,0.0012496478513480125,0.0009439771142821822,2.4992957026960253e-07,0.0009437271847119125
2014-04-30,0.3266362670362171,0.3908448347389144,0.28251889822486853,0.0003894328229925026,0.001150960187358705,7.788656459850052e-08,0.0011508823007941066
2014-05-01,0.32768155537675897,0.38969154845479254,0.2826268961684486,0.001153286284121896,0.003260159492639511,2.306572568243792e-07,0.0032599288353826867
2014-05-02,0.3275922460338187,0.3776237730245518,0.29478398094162944,0.01215708477318092,0.004856453519832895,2.4314169546361844e-06,0.004854022102878258
2014-05-05,0.3297873374278285,0.3783056613620278,0.2919070012101436,0.002876979731485818,0.0010563624584389792,5.753959462971637e-07,0.0010557870624926821
2014-05-06,0.3480439905502894,0.3705053370605517,0.28145067238915894,0.01825665312246083,-0.0020762800454253148,3.651330624492166e-06,-0.002079931376049807
2014-05-07,0.3422153602295017,0.37764050820914,0.2801441315613583,0.007135171148588304,-0.0033523202346157537,1.427034229717661e-06,-0.0033537472688454713
2014-05-08,0.34159575855363233,0.38495677855088345,0.27344746289548416,0.0073162703417434805,-0.002012208834872892,1.4632540683486962e-06,-0.0020136720889412404
2014-05-09,0.3473765127708943,0.3815714568713254,0.27105203035778036,0.00578075421726193,-0.0008656116253332064,1.156150843452386e-06,-0.0008667677761766588
2014-05-12,0.3530115946534054,0.37675899964954707,0.2702294056970475,0.005635081882511134,0.0037422012233698787,1.1270163765022269e-06,0.0037410742069933765
2014-05-13,0.3502306950911256,0.37787176408177503,0.27189754082709944,0.002780899562279865,0.0028478087059357377,5.56179912455973e-07,0.0028472525260232816
2014-05-14,0.35388015090524894,0.3728256155543225,0.27329423354042853,0.005046148527452499,0.005014289252962753,1.0092297054904997e-06,0.005013280023257263
2014-05-15,0.3552145513213204,0.371773003360404,0.2730124453182755,0.0013344004160714962,-0.0024137720323726443,2.6688008321429923e-07,-0.0024140389124558586
2014-05-16,0.3529933075246012,0.3721521113036669,0.27485458117173195,0.0022212437967192855,-0.00041604382968001745,4.442487593438571e-07,-0.0004164880784393613
2014-05-19,0.35212124141817097,0.368859912573674,0.279018846008155,0.0041642648364230705,-0.0012579358593955677,8.328529672846141e-07,-0.0012587687123628523
2014-05-20,0.3535254829620682,0.3656752209466474,0.2807992960912844,0.0031846916270266146,-0.001169507156220802,6.369383254053229e-07,-0.0011701440945462074
2014-05-21,0.3521442309062597,0.36589976820870207,0.2819560008850382,0.0013812520558084962,5.288332063663301e-05,2.7625041116169924e-07,5.260707022547131e-05
2014-05-22,0.35032768389209434,0.3634234665299294,0.28624884957797636,0.004292848692938084,0.0009782374179591819,8.585697385876168e-07,0.0009773788482205943
2014-05-23,0.3500538450724748,0.3641255153634874,0.2858206395640378,0.0007020488335580666,0.002985272271393788,1.404097667116133e-07,0.0029851318616270764
2014-05-27,0.3490996995875107,0.3617546256217975,0.28914567479069186,0.003325035226654033,-0.0019126472877914573,6.650070453308066e-07,-0.0019133122948367881
2014-05-28,0.3519507392354782,0.3697077575972162,0.2783415031673055,0.010804171623386288,0.00282373825375925,2.1608343246772576e-06,0.0028215774194345726
2014-05-29,0.3543007851064472,0.3641469713036962,0.28155224358985664,0.005560786293520054,-0.0007070581813167065,1.1121572587040107e-06,-0.0007081703385754106
2014-05-30,0.3548412918465182,0.363184912271626,0.2819737958818558,0.0009620590320701672,-0.0007761798890131615,1.9241180641403344e-07,-0.0007763723008195755
2014-06-02,0.3549728857656906,0.3630167144880282,0.2820103997462812,0.00016819778359783433,-0.004002907403524212,3.363955671956687e-08,-0.0040029410430809315
2014-06-03,0.3525176403275761,0.3541393021453656,0.2933430575270584,0.011332657780777133,-0.0037805032256001316,2.2665315561554267e-06,-0.003782769757156287
2014-06-04,0.35715330746428114,0.3517049706833068,0.29114172185241205,0.004635667136705102,2.1320683151608436e-05,9.271334273410203e-07,2.0393549724267415e-05
2014-06-05,0.3569369743159241,0.35171267248078,0.291350353203296,0.0002163331483570896,0.0046753260041050015,4.326662967141792e-08,0.00467528273747533
2014-06-06,0.35184693703036135,0.3571444680557772,0.2910085949138615,0.0054317955749972335,0.0015621777085342372,1.0863591149994468e-06,0.0015610913494192378
2014-06-09,0.34897801434719655,0.35931328961941805,0.29170869603338523,0.0028689226831646875,-6.118186987299544e-05,5.737845366329376e-07,-6.175565440962837e-05
2014-06-10,0.34918813702904644,0.359011413253344,0.29180044971760954,0.00030187636607412194,0.0005043017399513597,6.037527321482438e-08,0.0005042413646781449
2014-06-11,0.35122605100977733,0.35743686908633104,0.2913370799038917,0.00203791398073086,-0.0005290501842128263,4.0758279614617203e-07,-0.0005294577670089725
2014-06-12,0.3457285231850338,0.35590924440980726,0.29836223240515897,0.007025152501267312,0.0037430066455659454,1.4050305002534625e-06,0.003741601615065692
2014-06-13,0.3485860148852823,0.3602932279791343,0.29112075713558333,0.007241475269575609,0.0016295264006737774,1.4482950539151218e-06,0.0016280781056198623
2014-06-16,0.3482959563851306,0.3592624979290712,0.2924415456857982,0.0013207885502148353,-0.00010018515991758008,2.641577100429671e-07,-0.00010044931762762304
2014-06-17,0.3484401697536936,0.3594619795312523,0.2920978507150541,0.00034369497074407396,-0.002211327540080076,6.873899414881479e-08,-0.0022113962790742247
2014-06-18,0.3514546079847274,0.35428652492417023,0.29425886709110244,0.005175454607082103,0.0062498253824397046,1.0350909214164207e-06,0.006248790291518288
2014-06-19,0.34495758713435776,0.35008201106198283,0.3049604018036595,0.010701534712557054,0.006516989066827506,2.140306942511411e-06,0.0065148487598849945
2014-06-20,0.36931131184484794,0.35856442251523457,0.2721242656399175,0.03283613616374198,0.0025209284452770296,6.567227232748396e-06,0.002514361218044281
2014-06-23,0.3686829882228839,0.3604969801144134,0.2708200316627027,0.001932557599178819,-0.0004920603017601558,3.8651151983576385e-07,-0.0004924468132799915
2014-06-24,0.3652316006248131,0.35741643206886403,0.2773519673063229,0.006531935643620201,0.0017079017952705724,1.3063871287240404e-06,0.0017065954081418484
2014-06-25,0.3654980270320854,0.35482435077956154,0.279677622188353,0.002592081289302467,0.002588097071197931,5.184162578604934e-07,0.0025875786549400706
2014-06-26,0.36603394538790623,0.35476148674843055,0.2792045678636633,0.0005359183558207581,0.0008635031221026604,1.0718367116415162e-07,0.0008633959384314962
2014-06-27,0.3657718511369101,0.35412236261155083,0.2801057862515391,0.000901218387875824,2.5632775377278268e-05,1.802436775751648e-07,2.54525316997031e-05
2014-06-30,0.36557933482409344,0.3554218573924713,0.2789988077834353,0.0012994947809204516,0.0037321820005545596,2.5989895618409034e-07,0.0037319221015983755
2014-07-01,0.3687684474036442,0.3547961697515583,0.2764353828447976,0.003189112579550707,-0.001236642328916558,6.378225159101414e-07,-0.0012372801514324682
2014-07-02,0.3687032716714839,0.35504250503927093,0.2762542232892451,0.00024633528771267343,-0.003420004817464709,4.926705754253469e-08,-0.0034200540845222517
2014-07-03,0.3708624295905365,0.3498673495259592,0.2792702208835041,0.005175155513311658,-0.0006170277622747648,1.0350311026623317e-06,-0.0006180627933774272
2014-07-07,0.3704183834013141,0.3501648243877757,0.2794167922109102,0.0004440461892224745,0.0009656518673888809,8.88092378444949e-08,0.0009655630581510364
2014-07-08,0.37643381823029604,0.34303148948747547,0.28053469228222855,0.007133334900300242,0.0015358515842632764,1.4266669800600486e-06,0.0015344249172832163
2014-07-09,0.38370514296762465,0.3357552184923997,0.28053963853997566,0.007276270995075745,0.0036883897478745156,1.4552541990151492e-06,0.0036869344936755004
2014-07-10,0.3827036002390981,0.33528797655877063,0.2820084232021313,0.0014687846621556366,0.00011906591143773758,2.937569324311273e-07,0.00011877215450530645
2014-07-11,0.3868067101389685,0.3345689907150451,0.2786242991459864,0.004103109899870422,0.0031865851585004563,8.206219799740844e-07,0.0031857645365204823
2014-07-14,0.42266829810024564,0.3157316961111038,0.26160000578865045,0.0358615879612772,-0.005449714839612841,7.17231759225544e-06,-0.005456887157205096
2014-07-15,0.4387678399954962,0.318327115215236,0.24290504478926775,0.018694960999382712,-0.003768265972241204,3.7389921998765426e-06,-0.0037720049644410806
2014-07-16,0.44227272881319324,0.3169162803977209,0.2408109907890858,0.0035048888176970466,0.004172593162682783,7.009777635394094e-07,0.004171892184919243
2014-07-17,0.44025120191053396,0.3127495727276848,0.24699922536178126,0.0061882345726954335,0.0031278014680758874,1.2376469145390869e-06,0.0031265638211613483
2014-07-18,0.44169320842752596,0.3128454034984399,0.2454613880740342,0.0015378372877471042,0.0016522534435677153,3.0756745754942086e-07,0.001651945876110166
2014-07-21,0.43032776468186273,0.3230098967344258,0.24666233858371142,0.011365443745663173,0.0012130603919379567,2.273088749132635e-06,0.001210787303188824
2014-07-22,0.43036454718994943,0.32226764689361465,0.24736780591643592,0.000742249840811185,0.0013727915199284152,1.4844996816223698e-07,0.0013726430699602529
2014-07-23,0.43046946441485784,0.32251223439546567,0.2470183011896765,0.0003495047267594309,0.0003004921364553302,6.990094535188618e-08,0.0003004222355099783
2014-07-24,0.43077107070807263,0.3229503679352471,0.2462785613566802,0.0007397398329962723,-0.004879507954416461,1.4794796659925448e-07,-0.00487965590238306
2014-07-25,0.4335079077218528,0.3206275377826334,0.24586455449551384,0.002736837013780122,0.004604125885910762,5.473674027560244e-07,0.004603578518508006
2014-07-28,0.4430167472048234,0.31323705910730093,0.24374619368787562,0.009508839482970655,-0.0006610807253769647,1.901767896594131e-06,-0.0006629824932735588
2014-07-29,0.4424749207579246,0.31399493293470165,0.2435301463073737,0.0007578738274007235,-0.001496934493271106,1.515747654801447e-07,-0.001497086068036586
2014-07-30,0.4414047469996018,0.31467550577438036,0.24391974722601786,0.0010701737583228288,-0.005023578299014438,2.1403475166456577e-07,-0.0050237923337661024
2014-07-31,0.4468907387089414,0.30603521146372675,0.24707404982733186,0.008640294310653607,-0.012585344051567592,1.7280588621307214e-06,-0.012587072110429722
2014-08-01,0.4116224655922228,0.33016114521783596,0.2582163891899413,0.03526827311671861,0.003369392443743735,7.053654623343722e-06,0.0033623387891203913
2014-08-04,0.4110365198016577,0.32925373345726516,0.2597097467410771,0.0014933575511358876,0.0012916194999743255,2.9867151022717756e-07,0.0012913208284640984
2014-08-05,0.40617128191471646,0.33148972456694864,0.26233899351833495,0.004865237886941265,-0.0031190081432232743,9.73047577388253e-07,-0.0031199811908006626
2014-08-06,0.40468889352092635,0.33241692863389727,0.2628941778451763,0.0014823883937900573,0.0041498800423415295,2.964776787580115e-07,0.0041495835646627715
2014-08-07,0.40634360592016316,0.33203774708714023,0.2616186469926966,0.0016547123992367851,0.001959052568483456,3.3094247984735706e-07,0.0019587216260036084
2014-08-08,0.40567244629870747,0.3312180818990229,0.2631094718022695,0.001490824809572966,0.003998564043771995,2.981649619145932e-07,0.00399826587881008
2014-08-11,0.3974258473063282,0.33600700667353284,0.2665671460201389,0.008246598992379311,0.0006369991894999904,1.6493197984758623e-06,0.0006353498697015146
2014-08-12,0.4015451678129581,0.33366036027784524,0.26479447190919664,0.004119320506629914,-0.002663083072268822,8.238641013259829e-07,-0.0026639069363701483
2014-08-13,0.4009290294761166,0.33419559293355794,0.26487537759032553,0.0006161383368415707,0.005339694399631141,1.2322766736831415e-07,0.0053395711719637735
2014-08-14,0.39714346659694416,0.3367138316009441,0.2661427018021118,0.0037855628791724216,0.004818107633448203,7.571125758344844e-07,0.004817350520872368
2014-08-15,0.4011467054332834,0.33315090769275985,0.26570238687395675,0.004003238836339268,0.0018060849246773554,8.006477672678536e-07,0.0018052842769100876
2014-08-18,0.40455996600023336,0.32930605693873855,0.26613397706102804,0.003844850754021273,-0.0009865949047498676,7.689701508042546e-07,-0.0009873638749006719
2014-08-19,0.4026196962830349,0.32938380989298993,0.26799649382397517,0.0019402697171984895,0.00048358841770764947,3.880539434396979e-07,0.00048320036376420976
2014-08-20,0.405196985773931,0.32773525757376065,0.2670677566523083,0.002577289490896112,-0.0004389460845376418,5.154578981792224e-07,-0.000439461542435821
2014-08-21,0.407986242974974,0.32744266401827815,0.26457109300674786,0.0027892572010429773,0.00017050997614604215,5.578514402085954e-07,0.00016995212470583357
2014-08-22,0.4097726444925148,0.32785459487732277,0.26237276063016246,0.002198332376585427,0.001852217053220201,4.396664753170854e-07,0.001851777386744884
2014-08-25,0.4101949850648082,0.327668092455062,0.2621369224801297,0.0004223405722934559,0.0023515370927472933,8.446811445869119e-08,0.0023514526246328346
2014-08-26,0.4044040759485648,0.3230912078439228,0.27250471620751243,0.010367793727382668,0.0005739704684952812,2.0735587454765336e-06,0.0005718969097498047
2014-08-27,0.4013455707715147,0.32809137148277867,0.2705630577457066,0.005000163638855887,0.0025699301537343506,1.0000327277711773e-06,0.0025689301210065794
2014-08-28,0.4032566894640249,0.32613081688232903,0.2706124936536461,0.0019605546004496377,0.002979030832338938,3.9211092008992757e-07,0.002978638721418848
2014-08-29,0.40374267265965497,0.32542097294723865,0.2708363543931064,0.0007098439350903818,0.0010630631369650517,1.4196878701807636e-07,0.0010629211681780337
2014-09-02,0.4010488829321337,0.32808525394250054,0.2708658631253658,0.002693789727521295,-0.010692571633438126,5.387579455042591e-07,-0.01069311039138363
2014-09-03,0.4096515940743844,0.32523327168083854,0.2651151342447771,0.008602711142250696,0.002676143665470594,1.7205422284501393e-06,0.002674423123242144
2014-09-04,0.410292494960391,0.3244862060556348,0.2652212989839743,0.0007470656252037688,-0.006001396954944633,1.4941312504075377e-07,-0.006001546368069674
2014-09-05,0.4163004990085319,0.3163892146912032,0.267310286300265,0.008096991364431594,0.002547254606730851,1.6193982728863187e-06,0.0025456352084579645
2014-09-08,0.4169086147821502,0.31627213579936675,0.26681924941848306,0.0006081157736183285,-0.003848530004606664,1.216231547236657e-07,-0.003848651627761388
2014-09-09,0.417760825456413,0.31807570726219864,0.2641634672813883,0.0026557821370947476,-0.0025858253660648407,5.311564274189496e-07,-0.0025863565224922597
2014-09-10,0.41356682053942534,0.3201729921816491,0.26626018727892564,0.004194004916987737,-0.0018081144352165724,8.388009833975474e-07,-0.00180895323619997
2014-09-11,0.4153277433083184,0.31841983247618266,0.26625242421549905,0.0017609227688930307,-0.0023240464973606316,3.5218455377860615e-07,-0.00232439868191441
2014-09-12,0.41738743905219566,0.31747467763935094,0.26513788330845334,0.002059695743877349,-0.008182107748996284,4.119391487754698e-07,-0.00818251968814506
2014-09-15,0.41839285337460447,0.3151525586162586,0.26645458800913696,0.0023221190230923727,0.000742470872408451,4.6442380461847456e-07,0.0007420064486038325
2014-09-16,0.4181123185904635,0.31525332642042736,0.2666343549891091,0.0002805347841409178,0.0023023385546996726,5.6106956828183566e-08,0.002302282447742844
2014-09-17,0.41389434592034113,0.318817206034367,0.267288448045292,0.004217972670122444,-0.0031619573061567848,8.435945340244888e-07,-0.003162800900690809
2014-09-18,0.4173290901301795,0.31973537967271365,0.2629355301971068,0.004352917848185117,0.003781703588325255,8.705835696370235e-07,0.0037808330047556177
2014-09-19,0.3917053464771585,0.3112605801443884,0.29703407337845306,0.03409854318134625,0.0018676827222492102,6.819708636269251e-06,0.001860863013612941
2014-09-22,0.39427337430923004,0.3076214198880096,0.29810520580276045,0.003639160256378865,-0.0032802516178450417,7.27832051275773e-07,-0.0032809794498963175
2014-09-23,0.38916194682778943,0.31018395805902366,0.3006540951131868,0.0051114274814405,0.001621476757118663,1.0222854962881e-06,0.001620454471622375
2014-09-24,0.3891329637188998,0.31323554024063005,0.2976314960404701,0.003051582181606338,-8.242451610188605e-05,6.103164363212676e-07,-8.303483253820732e-05
2014-09-25,0.3874789319617324,0.3134503233798803,0.29907074465838723,0.0016540317571674124,-0.001670177393722344,3.308063514334825e-07,-0.0016705082000737774
2014-09-26,0.37375605174578863,0.31780291074348727,0.30844103751072416,0.013722880215943811,0.0016373512521597028,2.7445760431887625e-06,0.0016346066761165142
2014-09-29,0.37062532348759125,0.3194510246084359,0.3099236519039729,0.0031307282581973794,0.001807628683731895,6.261456516394759e-07,0.0018070025380802555
2014-09-30,0.3685869537225152,0.3151244755115756,0.31628857076590916,0.006364918861936297,-0.0049650853719312785,1.2729837723872596e-06,-0.004966358355703666
2014-10-01,0.3702582134840296,0.31622704307171695,0.31351474344425345,0.0027738273216557363,0.002624989024200714,5.547654643311473e-07,0.0026244342587363827
2014-10-02,0.36536141925365584,0.3141334260945071,0.32050515465183693,0.006990411207583536,-0.002762592398891239,1.398082241516707e-06,-0.0027639904811327556
2014-10-03,0.36791355721954644,0.31080358047283413,0.3212828623076194,0.0033298456216730166,-0.00048551867970514015,6.659691243346033e-07,-0.00048618464882947476
2014-10-06,0.3670421957233937,0.31917557322832185,0.31378223104828445,0.008371992755487695,0.0036478869517921303,1.6743985510975392e-06,0.0036462125532410327
2014-10-07,0.3702643003855424,0.32475250919178394,0.3049831904226735,0.008799040625610877,-0.0004636302701216909,1.7598081251221754e-06,-0.00046539007824681304
2014-10-08,0.36234507410097205,0.3238842928845906,0.3137706330144375,0.008787442591763867,0.009411902555424914,1.7574885183527733e-06,0.009410145066906562
2014-10-09,0.3510239531688271,0.331358234400571,0.317617812430602,0.011321120932144907,-0.007945589203141758,2.2642241864289817e-06,-0.007947853427328186
2014-10-10,0.33640874254994607,0.33879316289168965,0.32479809455836434,0.01461521061888102,-0.0006148718883661413,2.923042123776204e-06,-0.0006177949304899175
2014-10-13,0.3253303155821852,0.3296706627780856,0.3449990216397292,0.020200927081364867,-0.0006108820356659677,4.040185416272974e-06,-0.0006149222210822407
2014-10-14,0.3177307353802606,0.3331343964338718,0.34913486818586753,0.007599580201924611,0.0028767563219789178,1.5199160403849223e-06,0.002875236405938533
2014-10-15,0.31804199549648815,0.3321948211858668,0.3497631833176451,0.0009395752480050867,0.0016510994580202563,1.8791504960101735e-07,0.0016509115429706553
2014-10-16,0.3129625447860466,0.32764559017396877,0.3593918650399846,0.009628681722339522,-0.0016598520684968122,1.9257363444679046e-06,-0.0016617778048412801
2014-10-17,0.31661107717719317,0.32375427455820954,0.35963464826459735,0.0038913156157592554,0.0012375513432525448,7.782631231518512e-07,0.001236773080129393
2014-10-20,0.31202513634690726,0.32499198431915316,0.3629828793339396,0.004585940830285878,0.006681745791722206,9.171881660571757e-07,0.006680828603556149
2014-10-21,0.31058482260203546,0.32693667040294955,0.362478506995015,0.0019446860837963875,0.00420863762843001,3.8893721675927753e-07,0.00420824869121325
2014-10-22,0.3005967142005189,0.32990932753387003,0.369493958265611,0.00998810840151651,-0.0038751385183853496,1.997621680303302e-06,-0.003877136140065653
2014-10-23,0.2969692876607411,0.3313508072913816,0.3716799050478773,0.0036274265397778505,-0.002039801418294397,7.254853079555701e-07,-0.0020405269036023526
2014-10-24,0.29096800935511313,0.3308397316755104,0.3781922589693765,0.006512353921499209,0.00202865268266607,1.3024707842998417e-06,0.00202735021188177
2014-10-27,0.2894234149199879,0.3316657226683568,0.37891086241165534,0.0015445944351252239,-0.0007169074178120568,3.089188870250448e-07,-0.0007172163366990818
2014-10-28,0.28967508029159494,0.33167502112289726,0.37864989858550774,0.0002609638261475422,0.0013768335401504095,5.2192765229508445e-08,0.00137678134738518
2014-10-29,0.2839845232149493,0.338951850450904,0.37706362633414675,0.007276829328006662,-0.005057141625431008,1.4553658656013324e-06,-0.005058596991296609
2014-10-30,0.29523810524705396,0.33634922042189214,0.3684126743310538,0.01125358203210472,-0.0016869442307197702,2.250716406420944e-06,-0.0016891949471261913
2014-10-31,0.2940441788407699,0.33854924554609267,0.3674065756131373,0.002200025124200561,-0.00558476932187443,4.400050248401122e-07,-0.00558520932689927
2014-11-03,0.30036669035166896,0.34901258839650195,0.350620721251829,0.016785854361308306,-0.0014235090529307881,3.357170872261661e-06,-0.0014268662238030498
2014-11-04,0.3033562209835387,0.34794211886329124,0.34870166015316995,0.002989530631869769,0.0002476187897268874,5.979061263739538e-07,0.0002470208836005135
2014-11-05,0.2981187140850219,0.3424204600586957,0.3594608258562825,0.010759165703112444,-0.006388737407797031,2.151833140622489e-06,-0.006390889240937653
2014-11-06,0.30362553311843393,0.35243997427768514,0.3439344926038809,0.01552633325240152,-0.0007798798592490198,3.105266650480304e-06,-0.0007829851258995002
2014-11-07,0.3072956215742706,0.34945292810578116,0.3432514503199482,0.0036700884558366897,0.013954485471444764,7.34017691167338e-07,0.013953751453753598
2014-11-10,0.32306056384894927,0.3600728274422277,0.3168666087088231,0.026384841611125143,-0.00933105205044529,5.276968322225028e-06,-0.009336329018767514
2014-11-11,0.32895019561599204,0.363909580220393,0.30714022416361497,0.009726384545208105,0.004960979597064388,1.9452769090416213e-06,0.004959034320155347
2014-11-12,0.3320788954959355,0.3677745326104694,0.3001465718935953,0.006993652270019773,-0.002114088950960004,1.3987304540039548e-06,-0.0021154876814140078
2014-11-13,0.33133092771464695,0.36969744967620805,0.29897162260914495,0.0019229170657387717,0.0017019757977627607,3.845834131477544e-07,0.0017015912143496128
2014-11-14,0.3290278208844167,0.37377379029474245,0.29719838882084076,0.00407634061853443,0.00935581307239616,8.15268123706886e-07,0.009354997804272453
2014-11-17,0.33566801486012726,0.38413631205553544,0.2801956730843373,0.017002715736503526,-0.0017788096562476826,3.4005431473007054e-06,-0.0017822101993949834
2014-11-18,0.3362617651667646,0.3839728932550892,0.27976534157814625,0.0005937503066373029,0.005457452829613457,1.1875006132746058e-07,0.005457334079552129
2014-11-19,0.33641050999404565,0.3853206514363532,0.2782688385696013,0.0014965030085450082,-0.006303782512598196,2.9930060170900167e-07,-0.0063040818131999046
2014-11-20,0.3371153740664156,0.38464037548784974,0.27824425044573464,0.0007048640723700261,0.005487636067889079,1.4097281447400524e-07,0.005487495095074605
2014-11-21,0.33814478169477424,0.38588779563128506,0.2759674226739407,0.0022768277717939434,0.005409919837357381,4.553655543587887e-07,0.005409464471803023
2014-11-24,0.3387373251726996,0.3853232557271131,0.27593941910018727,0.0005925434779253669,0.0006019253790549168,1.1850869558507338e-07,0.0006018068703593317
2014-11-25,0.3379999939781509,0.3856533507870396,0.27634665523480945,0.0007373311945486904,0.003611949532403897,1.474662389097381e-07,0.0036118020661649874
2014-11-26,0.33799379063787605,0.3859039046661535,0.27610230469597047,0.00025055387911385174,0.0013892378750855246,5.011077582277035e-08,0.001389187764309702
2014-11-28,0.3371673246161739,0.3862630123938836,0.27656966298994246,0.000826466021702138,-0.004988312711356943,1.6529320434042762e-07,-0.004988478004561283
2014-12-01,0.343357434965548,0.38978174959179657,0.2668608154426555,0.009708847547287014,0.005980190160297941,1.941769509457403e-06,0.005978248390788484
2014-12-02,0.34361571223808374,0.41350090236654424,0.2428833853953719,0.023977430047283504,-0.004794912826348033,4.795486009456701e-06,-0.0047997083123574895
2014-12-03,0.3454600983711817,0.41105347951112636,0.24348642211769195,0.0024474228554179356,0.005456375059123188,4.894845710835871e-07,0.005455885574552104
2014-12-04,0.3416108549394315,0.4189982049756997,0.23939094008486886,0.007944725464573296,0.0021998018475622417,1.5889450929146592e-06,0.002198212902469327
2014-12-05,0.3432089607492295,0.41633948420779227,0.2404515550429782,0.00265872076790738,-0.004874004189473299,5.31744153581476e-07,-0.004874535933626881
2014-12-08,0.3449156702814231,0.41428788490916435,0.2407964448094125,0.0020515992986279152,0.005599552602113922,4.103198597255831e-07,0.005599142282254196
2014-12-09,0.3488800833131621,0.4097556586059994,0.24136425808083845,0.004532226303164952,0.006894078987897282,9.064452606329905e-07,0.006893172542636649
2014-12-10,0.3502764605614124,0.4139528248769959,0.23577071456159163,0.005593543519246805,-0.003050511249202811,1.118708703849361e-06,-0.0030516299579066604
2014-12-11,0.34262096951755755,0.41808144210333575,0.23929758837910667,0.007655491043854851,0.0029074046097931168,1.5310982087709701e-06,0.002905873511584346
2014-12-12,0.33902611374549674,0.42359942189794186,0.23737446435656145,0.005517979794606068,-0.00029877454033740505,1.1035959589212136e-06,-0.0002998781362963263
2014-12-15,0.33548760104752745,0.4218255706815733,0.24268682827089932,0.00531236391433787,-0.009415511150671223,1.062472782867574e-06,-0.009416573623454091
2014-12-16,0.3381363605898907,0.4264148085663146,0.23544883084379467,0.007237997427104612,0.0037185704996573446,1.4475994854209223e-06,0.0037171229001719238
2014-12-17,0.33846314432476055,0.4230875067921977,0.23844934888304162,0.003327301774116831,0.0014118931476507955,6.654603548233662e-07,0.001411227687295972
2014-12-18,0.3328228826149976,0.4236791323091918,0.2434979850758107,0.005640261709763061,0.002566901808809482,1.1280523419526123e-06,0.002565773756467529
2014-12-19,0.3257392024714507,0.42185985336123644,0.25240094416731296,0.008902959091502252,0.006225392709509605,1.7805918183004505e-06,0.0062236121176913045
2014-12-22,0.3299526968287737,0.41582433426318294,0.25422296890804336,0.0060355190980534434,-0.0028382209881824385,1.2071038196106888e-06,-0.002839428092002049
2014-12-23,0.3315376605688246,0.4180563312777354,0.25040600815344005,0.0038169607546033324,-0.0074217246693554,7.633921509206666e-07,-0.007422488061506321
2014-12-24,0.34050402784172457,0.40335699604157005,0.2561389761167054,0.014699335236165317,0.0022961666782223182,2.9398670472330637e-06,0.002293226811175085
2014-12-26,0.34512964408826563,0.4024475786577568,0.25242277725397755,0.004625616246541064,0.0072179266217815615,9.251232493082129e-07,0.0072170014985322535
2014-12-29,0.3477077184291653,0.4037234916332075,0.2485687899376272,0.003853987316350338,0.0009736924810942577,7.707974632700677e-07,0.0009729216836309876
2014-12-30,0.3481837108275132,0.40435098678199644,0.2474653023904904,0.001103487547136836,0.002559542270195253,2.2069750942736722e-07,0.0025593215726858257
2014-12-31,0.34724639585992845,0.4070649969472123,0.24568860719285926,0.0027140101652158855,-0.006123434028674098,5.428020330431772e-07,-0.006123976830707142
2015-01-02,0.3432056880324668,0.41830934328467756,0.2384849686828557,0.01124434633746521,0.005517210183929417,2.2488692674930424e-06,0.005514961314661924
2015-01-05,0.3431804246236896,0.4185795605041041,0.23824001487220642,0.00027021721942653565,0.003969164308970915,5.404344388530713e-08,0.00396911026552703
2015-01-06,0.3411742463712717,0.4145828209900106,0.2442429326387177,0.006002917766511351,0.007040400117265252,1.2005835533022702e-06,0.00703919953371195
2015-01-07,0.3441887796690876,0.4067963091217959,0.24901491120911648,0.007786511868214704,0.0020183462586627044,1.557302373642941e-06,0.0020167889562890617
2015-01-08,0.34455350080910524,0.40942921776612223,0.24601728142477255,0.0029976297843439526,-0.0003430115029098653,5.995259568687905e-07,-0.00034361102886673405
2015-01-09,0.3482137798550328,0.4020013994808083,0.24978482066415886,0.0074278182853139,0.004456264350136302,1.4855636570627802e-06,0.004454778786479239
2015-01-12,0.3580725873434203,0.3958549349983058,0.24607247765827386,0.00985880748838748,0.002188237061652296,1.9717614976774962e-06,0.0021862653001546188
2015-01-13,0.3595353671359838,0.3968999768871365,0.24356465597687982,0.002507821681394115,-0.001832936901345542,5.01564336278823e-07,-0.0018334384656818207
2015-01-14,0.36666359552060096,0.3924739191167781,0.24086248536262095,0.007128228384617241,0.00037660243677526995,1.4256456769234483e-06,0.0003751767910983465
2015-01-15,0.36546782744486506,0.39300181531839934,0.2415303572367355,0.001195768075735848,0.008916683982875625,2.391536151471696e-07,0.008916444829260477
2015-01-16,0.36995695909339965,0.39157714689921935,0.23846589400738105,0.004489131648534511,0.0029749980455818317,8.978263297069023e-07,0.0029741002192521246
2015-01-20,0.3696472788826826,0.39021252771529896,0.24014019340201853,0.0016742993946374518,0.009266619479725409,3.348598789274904e-07,0.009266284619846481
2015-01-21,0.37461115128502237,0.38681113698203795,0.2385777117329396,0.00496387240233985,-0.002522575211640913,9.9277448046797e-07,-0.002523567986121381
2015-01-22,0.3789689299177217,0.3808525550228778,0.24017851505940055,0.005958581959160214,0.00619875792543451,1.1917163918320428e-06,0.006197566209042678
2015-01-23,0.38250110919538377,0.3801560206778354,0.23734287012678096,0.0035321792776620425,0.0012984838721825016,7.064358555324086e-07,0.001297777436326969
2015-01-26,0.38578654589170375,0.37590192732119315,0.23831152678710302,0.004254093356642133,-0.002618992924293037,8.508186713284266e-07,-0.0026198437429643655
2015-01-27,0.3876682426856964,0.3766619929324753,0.23566976438182816,0.0026417624052748334,-0.0018228065748722624,5.283524810549667e-07,-0.0018233349273533174
2015-01-28,0.3838747465067785,0.3797301815318724,0.2363950719613492,0.003793496178917999,-0.0005772971064989323,7.586992357835998e-07,-0.000578055805734716
2015-01-29,0.382672214480591,0.3775351507791192,0.23979263474028983,0.003397562778940641,-0.004115379545459551,6.795125557881282e-07,-0.004116059058015339
2015-01-30,0.38592910560255334,0.37858555126221893,0.23548534313522784,0.004307291605062019,0.0071080766685086595,8.614583210124039e-07,0.007107215210187647
2015-02-02,0.38621281632869714,0.37615743717036376,0.2376297465009391,0.002428114091855116,0.0013800111056475619,4.856228183710232e-07,0.0013795254828291908
2015-02-03,0.3837581805376334,0.37683384485512494,0.23940797460724164,0.002454635791063739,-0.005106086407824216,4.909271582127479e-07,-0.005106577334982429
2015-02-04,0.38771872113721406,0.364386608727682,0.247894670135104,0.012447236127442973,0.00023178073799343243,2.489447225488595e-06,0.00022929129076794383
2015-02-05,0.38712542173909253,0.36464175378002633,0.24823282448088127,0.0005932993981215551,0.00033319441770233066,1.1865987962431102e-07,0.00033307575782270634
2015-02-06,0.38734644776367827,0.3622059094548513,0.25044764278147036,0.0024358443251749212,-0.013960135479521091,4.871688650349843e-07,-0.013960622648386127
2015-02-09,0.3934146218717291,0.3551683454076207,0.25141703272065014,0.0070375640472306045,-0.0012076049331405394,1.4075128094461209e-06,-0.0012090124459499855
2015-02-10,0.3925554949412597,0.35643496003220493,0.25100954502653533,0.001266614624584217,-0.00012718603673835828,2.533229249168434e-07,-0.00012743935966327513
2015-02-11,0.38686008905466635,0.3553954597995649,0.2577444511457687,0.006734906119233386,-0.0021637749205117573,1.3469812238466771e-06,-0.002165121901735604
2015-02-12,0.38395400050518486,0.35598291515854624,0.2600630843362689,0.002906088549481517,0.003114207316220363,5.812177098963034e-07,0.0031136260985104667
2015-02-13,0.38136044567010974,0.3559037135817459,0.2627358407481443,0.0026727564118754488,-0.0006517747271098447,5.345512823750898e-07,-0.0006523092783922198
2015-02-17,0.38261447640165214,0.3533619349765503,0.26402358862179753,0.0025417786051956104,-0.009126864866759588,5.083557210391221e-07,-0.009127373222480627
2015-02-18,0.3870745686541561,0.3496532651512855,0.2632721661945585,0.0044600922525039055,0.002862772090486613,8.920184505007811e-07,0.002861880072036112
2015-02-19,0.3842314862361129,0.3468291325575212,0.2689393812063658,0.005667215011807392,-0.0034928836570806586,1.1334430023614785e-06,-0.00349401710008302
2015-02-20,0.3846880270120896,0.3459847501967102,0.2693272227912002,0.0008443823608110246,0.0017896916157856587,1.6887647216220493e-07,0.0017895227393134965
2015-02-23,0.3844424656323595,0.3458314423865429,0.2697260919810976,0.0003988691898973995,0.004259224295623046,7.97738379794799e-08,0.004259144521785066
2015-02-24,0.38430469935097744,0.3442124967954239,0.2714828038535988,0.0017567118725011488,0.005210232061157819,3.5134237450022976e-07,0.0052098807187833185
2015-02-25,0.3849825270113568,0.34157384641330985,0.2734436265753334,0.0026386503821139995,0.0021917022744368606,5.277300764228e-07,0.002191174544360438
2015-02-26,0.3853178202798308,0.3414908939019686,0.2731912858182005,0.0003352932684740628,-0.004248974130404471,6.705865369481257e-08,-0.004249041189058166
2015-02-27,0.3876942531108806,0.33753994839074797,0.27476579849837135,0.003950945511220633,0.0017305466013835254,7.901891022441266e-07,0.0017297564122812812
2015-03-02,0.3873645303530389,0.3376740337495957,0.27496143589736544,0.0003297227578417661,-0.004980473477476316,6.594455156835322e-08,-0.004980539422027885
2015-03-03,0.3904443179105592,0.33176800078700114,0.2777876813024396,0.00590603296259451,-0.003309513909353663,1.181206592518902e-06,-0.003310695115946182
2015-03-04,0.38570148616598193,0.32894676465887623,0.28535174917514183,0.007564067872702224,-0.002411643146921011,1.5128135745404448e-06,-0.0024131559604955517
2015-03-05,0.3755744836377909,0.3202549722383843,0.30417054412382477,0.018818794948682965,-0.00028471929966754963,3.763758989736593e-06,-0.00028848305865728625
2015-03-06,0.3743318401258109,0.3205586729827045,0.3051094868914846,0.0012426435119800294,-0.020677517327279127,2.485287023960059e-07,-0.020677765855981523
2015-03-09,0.37883957057422685,0.31879509373363746,0.30236533569213575,0.004507730448415931,0.004810260753167888,9.015460896831863e-07,0.0048093592070782044
2015-03-10,0.37856356611818637,0.31869602527884805,0.3027404086029656,0.00037507291082986005,-0.0034347242245687318,7.501458216597201e-08,-0.0034347992391508975
2015-03-11,0.3727594654016917,0.3192144572748093,0.3080260773234989,0.00580410071649462,-0.00039964154789922475,1.1608201432989242e-06,-0.00040080236804252367
2015-03-12,0.3719936504447716,0.31934526693929294,0.3086610826159354,0.0007658149569201023,0.00441993534312617,1.5316299138402047e-07,0.004419782180134785
2015-03-13,0.3648801802167541,0.3182441107780778,0.31687570900516804,0.008214626389232649,-0.0027559396679075424,1.6429252778465299e-06,-0.002757582593185389
2015-03-16,0.369482003710315,0.31633937623241815,0.3141786200572669,0.004601823493560836,0.007783715977224032,9.203646987121673e-07,0.00778279561252532
2015-03-17,0.3668637375683415,0.3168708067387063,0.3162654556929521,0.002618266141973441,-0.00017763168251386545,5.236532283946883e-07,-0.00017815533574226013
2015-03-18,0.3719907040300035,0.315687407125972,0.3123218888440246,0.005126966461661914,0.016686553083681523,1.0253932923323827e-06,0.016685527690389192
2015-03-19,0.37137818625185587,0.30992236603076645,0.3186994477173776,0.00637755887335309,-0.0035001690440041536,1.275511774670618e-06,-0.0035014445557788243
2015-03-20,0.3714919315814669,0.3106570225370114,0.3178510458815216,0.0008484018358560219,0.008540736127913727,1.696803671712044e-07,0.008540566447546555
2015-03-23,0.3784001353962382,0.3091038559013592,0.3124960087024027,0.006908203814771169,0.000867890996006359,1.3816407629542337e-06,0.0008665093552434048
2015-03-24,0.3900925703906418,0.3067530924375347,0.30315433717182355,0.011692434994403644,0.0015165718124955188,2.338486998880729e-06,0.0015142333254966381
2015-03-25,0.3888057418926805,0.3082240935771272,0.30297016453019227,0.0014710011395925593,-0.00787709860443842,2.942002279185119e-07,-0.00787739280466634
2015-03-26,0.38104191671994136,0.3069545529764853,0.31200353030357325,0.009033365773381041,-0.0036533961268461427,1.8066731546762084e-06,-0.003655202800000819
2015-03-27,0.3799325232117286,0.3096773023143622,0.31039017447390915,0.0027227493378768897,0.0035927075934788022,5.445498675753779e-07,0.003592163043611227
2015-03-30,0.3808811625216128,0.308136470240891,0.310982367237496,0.00154083207347111,-0.0004221894874527955,3.08166414694222e-07,-0.0004224976538674897
2015-03-31,0.3758765604464488,0.3080586449957882,0.3160647945577631,0.005082427320266952,-0.0028736063030042674,1.0164854640533905e-06,-0.002874622788468321
2015-04-01,0.37276471532449795,0.30887152266627643,0.3183637620092257,0.0031118451219508403,0.008172830219765477,6.223690243901681e-07,0.008172207850741088
2015-04-02,0.3753545132961632,0.30725772851189304,0.31738775819194376,0.0025897979716653086,-0.0027841475837818413,5.179595943330617e-07,-0.0027846655433761743
2015-04-06,0.3767905862602132,0.3028292451058991,0.3203801686338877,0.004428483405993944,0.004764833082075345,8.856966811987888e-07,0.004763947385394146
2015-04-07,0.3763268834813054,0.30532354439988807,0.3183495721188066,0.0024942992939889497,-1.8225589765817965e-05,4.988598587977899e-07,-1.8724449624615753e-05
2015-04-08,0.38175604856645373,0.30223252478916024,0.31601142664438603,0.005429165085148374,-0.0003604496592080548,1.0858330170296748e-06,-0.00036153549222508444
2015-04-09,0.380666256933086,0.30512075310311687,0.31421298996379715,0.002888228313956631,-0.004448591723852847,5.776456627913263e-07,-0.004449169369515638
2015-04-10,0.3856944034323798,0.30093485850346663,0.31337073806415355,0.00502814649929384,0.00609907998995214,1.005629299858768e-06,0.006098074360652281
2015-04-13,0.3933073066326129,0.3005079762524544,0.3061847171149326,0.007612903200233112,-0.003552999976940016,1.5225806400466225e-06,-0.003554522557580063
2015-04-14,0.3929368032805601,0.3010589443301107,0.30600425238932927,0.0005509680776562276,0.0010251870368822237,1.1019361553124552e-07,0.0010250768432666926
2015-04-15,0.39429127474391773,0.2989946099109871,0.3067141153450953,0.0020643344191236535,0.0041710076043928145,4.128668838247307e-07,0.004170594737508989
2015-04-16,0.3949352536307517,0.29955425577813727,0.305510490591111,0.0012036247539842226,-0.002662224431449113,2.4072495079684456e-07,-0.0026624651563999097
2015-04-17,0.3961421288169533,0.29946092649093925,0.30439694469210743,0.0012068751862016058,0.00038468805317041273,2.413750372403212e-07,0.00038444667813317243
2015-04-20,0.38704214064604586,0.2973264548720999,0.3156314044818542,0.011234459789746798,-0.0014900628462778697,2.2468919579493596e-06,-0.001492309738235819
2015-04-21,0.3873031106208212,0.2961876166667498,0.31650927271242896,0.0011388382053500734,1.8054456442973682e-05,2.2776764107001468e-07,1.7826688801903666e-05
2015-04-22,0.3837795414852912,0.29754191356399484,0.31867854495071396,0.003523569135530008,-0.006937222880042317,7.047138271060016e-07,-0.006937927593869422
2015-04-23,0.38634649467502324,0.29718711832923,0.3164663869957468,0.0025669531897320186,0.004559484934280156,5.133906379464037e-07,0.00455897154364221
2015-04-24,0.3929389592733167,0.2936461741989864,0.31341486652769696,0.006592464598293435,-0.001657607660571353,1.3184929196586871e-06,-0.0016589261534910116
2015-04-27,0.393835961784156,0.29678342695710996,0.3093806112587341,0.004034255268962839,0.004602118127743297,8.068510537925677e-07,0.004601311276689505
2015-04-28,0.3970856193750618,0.3002028583021558,0.30271152232278237,0.0066690889359517225,-0.00025321219764574575,1.3338177871903445e-06,-0.0002545460154329361
2015-04-29,0.40462028434160846,0.29364723057493564,0.30173248508345596,0.007534664966546617,-0.007390552485625014,1.5069329933093234e-06,-0.0073920594186183235
2015-04-30,0.40892082859946427,0.2934514036841991,0.2976277677163367,0.0043005442578558095,-0.008840420906593692,8.601088515711619e-07,-0.008841281015445264
2015-05-01,0.4055251252146496,0.2935585191437524,0.3009163556415979,0.0033957033848145968,-0.0005894203966133385,6.791406769629194e-07,-0.0005900995372903014
2015-05-04,0.40029923178835797,0.29144164655869326,0.30825912165294883,0.007342766011350865,0.0011704642685047275,1.468553202270173e-06,0.0011689957153024574
2015-05-05,0.4065700841680574,0.2884387631048337,0.3049911527271088,0.006270852379699515,-0.004199782194616142,1.254170475939903e-06,-0.004201036365092082
2015-05-06,0.40340590271421656,0.2937399956011206,0.3028541016846628,0.005301232496286862,-0.006848608724273879,1.0602464992573725e-06,-0.006849668970773136
2015-05-07,0.40541646793664454,0.2892674589470711,0.30531607311628434,0.00447253665404948,0.0029949574151580385,8.945073308098961e-07,0.0029940629078272288
2015-05-08,0.4106690221162013,0.2856995660033327,0.3036314118804661,0.005252554179556723,0.007650752005861934,1.0505108359113447e-06,0.007649701495026022
2015-05-11,0.3942490478477694,0.2879666839976195,0.31778426815461114,0.01641997426843189,-0.010112937325520167,3.2839948536863784e-06,-0.010116221320373854
2015-05-12,0.3990426584260116,0.27858098936149944,0.32237635221248906,0.009385694636120101,0.002283201686518514,1.8771389272240204e-06,0.00228132454759129
2015-05-13,0.40329061793311693,0.277891739864514,0.31881764220236913,0.004247959507105353,0.003558638612032969,8.495919014210707e-07,0.003557789020131548
2015-05-14,0.40628404879983465,0.2791052712789959,0.3146106799211694,0.004206962281199683,0.006688480732047006,8.413924562399366e-07,0.006687639339590766
2015-05-15,0.4060499370297954,0.2794481508607784,0.31450191210942624,0.00034287958178244593,0.006982501543097436,6.857591635648919e-08,0.006982432967181079
2015-05-18,0.409474037868782,0.27344480713568103,0.31708115499553696,0.006003343725097338,-0.003342776254204874,1.2006687450194676e-06,-0.003343976922949894
2015-05-19,0.40574870445759476,0.27016674440369953,0.32408455113870566,0.007003396143168722,-0.007023721124982085,1.4006792286337444e-06,-0.0070251218042107185
2015-05-20,0.4085241972173285,0.27164873212156687,0.31982707066110455,0.0042574804776011055,0.0006952179508376906,8.514960955202211e-07,0.0006943664547421704
2015-05-21,0.40817733470623896,0.2719561324129216,0.31986653288083944,0.00034686251108959065,0.003917756563030831,6.937250221791814e-08,0.003917687190528613
2015-05-22,0.41063145271110646,0.2682744548121268,0.3210940924767666,0.0036816776007947416,-0.001119222626484578,7.363355201589483e-07,-0.0011199589620047368
2015-05-26,0.40912621550124906,0.27055638039216895,0.32031740410658205,0.00228192558004206,-0.004452328203718758,4.5638511600841203e-07,-0.004452784588834767
2015-05-27,0.4084912064496214,0.2726505192084576,0.31885827434192104,0.002094138816288671,0.004444600991393218,4.188277632577342e-07,0.004444182163629961
2015-05-28,0.4046948243372105,0.27434254039409756,0.3209626352686919,0.0037963821124108454,-0.0007606925263649291,7.592764224821692e-07,-0.0007614518027874112
2015-05-29,0.403192601602585,0.2767233317128074,0.32008406668460765,0.002380791318709774,-0.0016701767458093078,4.761582637419548e-07,-0.0016706529040730496
2015-06-01,0.40148433987740345,0.27835475541377047,0.320160904708826,0.0017082617251815146,-0.0024545162099047168,3.4165234503630296e-07,-0.002454857862249753
2015-06-02,0.40069700084749854,0.2810736381161313,0.3182293610363702,0.0027188827023607864,-0.003035347889916843,5.437765404721574e-07,-0.0030358916664573153
2015-06-03,0.4030063845502458,0.27825689089157457,0.3187367245581797,0.0028167472245567426,-0.005688685210925053,5.633494449113485e-07,-0.005689248560369965
2015-06-04,0.40600072933739656,0.27488736633228156,0.319111904330322,0.003369524559293041,-0.002096803682220456,6.739049118586082e-07,-0.0020974775871323145
2015-06-05,0.40535294083122586,0.2737621854495259,0.3208848737192481,0.0017729693889262377,-0.005735255543530115,3.5459387778524754e-07,-0.0057356101374079005
2015-06-08,0.40049033413123997,0.26818585342396506,0.3313238124447951,0.010438938725546854,-0.0017850609056930683,2.0877877451093706e-06,-0.0017871486934381777
2015-06-09,0.39879322874383394,0.27019780887247713,0.33100896238368904,0.0020119554485120705,-0.0014614026988919928,4.023910897024141e-07,-0.001461805089981695
2015-06-10,0.4086998688825286,0.26710467842836766,0.32419545268910377,0.009906640138694717,0.005322566212050947,1.9813280277389436e-06,0.0053205848840232085
2015-06-11,0.4034954127699771,0.2701003859033446,0.32640420132667824,0.005204456112551492,0.005490692500968117,1.0408912225102984e-06,0.005489651609745606
2015-06-12,0.4142028831091525,0.2601802118153887,0.3256169050754588,0.010707470339175379,-0.00325706167638269,2.1414940678350757e-06,-0.0032592031704505252
2015-06-15,0.41316038711732217,0.26066569952774427,0.32617391335493356,0.0010424959918303167,8.953010907331656e-05,2.0849919836606336e-07,8.93216098749505e-05
2015-06-16,0.41950877772865075,0.25923300143260364,0.3212582208387456,0.00634839061132858,0.0031693710914294975,1.269678122265716e-06,0.0031681014133072317
2015-06-17,0.41833207378001813,0.259542162549579,0.3221257636704029,0.0011767039486326458,0.0001779469257332869,2.353407897265292e-07,0.00017771158494356038
2015-06-18,0.41612237020713544,0.2587071457948309,0.3251704839980336,0.0030447203276307566,0.007255890990748722,6.089440655261513e-07,0.0072552820466831956
2015-06-19,0.414739212841447,0.2621301843713939,0.3231306027871591,0.003423038576562981,0.0009651840513853633,6.846077153125962e-07,0.0009644994436700507
2015-06-22,0.41669196186370494,0.25736680416334035,0.3259412339729547,0.004763380208053558,-0.007307747593885085,9.526760416107116e-07,-0.007308700269926696
2015-06-23,0.42073198598102335,0.254012305071937,0.3252557089470396,0.004040024117318436,-0.003373098855566951,8.080048234636872e-07,-0.003373906860390415
2015-06-24,0.4221115164173436,0.2552313274290274,0.32265715615362905,0.002598552793410591,-0.0017217528199290398,5.197105586821182e-07,-0.0017222725304877218
2015-06-25,0.43140760065095163,0.2504909322526177,0.3181014670964308,0.009296084233607976,-0.00261360649411013,1.8592168467215955e-06,-0.0026154657109568515
2015-06-26,0.42886210967711097,0.2528636003218677,0.31827429000102125,0.002545490973840575,-0.0025843186122325415,5.09098194768115e-07,-0.0025848277104273095
2015-06-29,0.4279729025501207,0.2542914321476898,0.3177356653021895,0.0014278318258220402,-0.0008045540214385346,2.8556636516440807e-07,-0.0008048395878036991
2015-06-30,0.41716842439185636,0.24910296596787174,0.33372860964027184,0.015992944338082377,-0.002919774206398842,3.1985888676164754e-06,-0.0029229727952664584
2015-07-01,0.42133675971164997,0.24779665044748356,0.3308665898408665,0.004168335319793576,-0.0011156742930934459,8.336670639587152e-07,-0.0011165079601574046
2015-07-02,0.41318522480913855,0.24676659596144424,0.34004817922941727,0.009181589388550765,-0.00023557853498374812,1.8363178777101531e-06,-0.00023741485286145827
2015-07-06,0.41325943719948105,0.2471805951120865,0.33955996768843255,0.0004882115409847454,0.004316881911254036,9.764230819694908e-08,0.004316784268945838
2015-07-07,0.41470656285966356,0.2398600601073663,0.3454333770329701,0.007320535004720144,0.0008540839099122066,1.4641070009440289e-06,0.0008526198029112626
2015-07-08,0.41532020361599226,0.2413660976721916,0.3433136987118162,0.0021196783211539505,-0.0038604525505835856,4.2393566423079013e-07,-0.0038608764862478164
2015-07-09,0.4035336486233259,0.24511389835442074,0.35135245302225343,0.011786554992666343,-0.003245422063965931,2.357310998533269e-06,-0.003247779374964464
2015-07-10,0.4049454609721646,0.2420041580940015,0.3530503809338339,0.0031097402604192,0.0016732445537334447,6.2194805208384e-07,0.0016726226056813609
2015-07-13,0.39791143246033134,0.2402742193810443,0.36181434815862434,0.008763967224790462,0.0020236545695493527,1.7527934449580924e-06,0.0020219017761043947
2015-07-14,0.39325535202375983,0.24161553162367816,0.36512911635256196,0.004656080436571494,0.0016773525398297172,9.312160873142989e-07,0.0016764213237424029
2015-07-15,0.3918072523745508,0.24208796698621945,0.36610478063922985,0.0014480996492091253,0.0005178463102578196,2.8961992984182505e-07,0.0005175566903279778
2015-07-16,0.39207094083743366,0.23928016638863608,0.36864889277393015,0.0028078005975832737,0.003459549689136634,5.615601195166547e-07,0.0034589881290171174
2015-07-17,0.3900256317366325,0.23959283071052065,0.370381537552847,0.0020453091008012653,-0.0021775152167952494,4.090618201602531e-07,-0.0021779242786154097
2015-07-20,0.39597271553753205,0.23944910149746917,0.36457818296499883,0.005947083800899575,-0.010702274365106708,1.189416760179915e-06,-0.010703463781866889
2015-07-21,0.4108901490971319,0.2459242340633047,0.3431856168395635,0.021392566125435344,-0.0013633556359509355,4.278513225087069e-06,-0.0013676341491760226
2015-07-22,0.40962878183434914,0.24531237150842736,0.3450588466572235,0.001873229817660027,-0.001074475383974672,3.746459635320054e-07,-0.001074850029938204
2015-07-23,0.40715431472190694,0.2453533891336849,0.34749229614440813,0.0024744671124422024,-0.0007942108901590153,4.948934224884405e-07,-0.0007947057835815038
2015-07-24,0.405771260965916,0.2433593546264252,0.3508693844076588,0.0033770882632506716,-0.00017543124209946958,6.754176526501343e-07,-0.0001761066597521197
2015-07-27,0.40066950726576933,0.24502995907844213,0.3543005336557886,0.005101753700146705,-0.0026666143177779943,1.020350740029341e-06,-0.002667634668518024
2015-07-28,0.3912970372183529,0.23938338408010762,0.3693195787015395,0.015019045045750898,0.0036240828574568597,3.0038090091501797e-06,0.0036210790484477095
2015-07-29,0.38296451099637735,0.24174620992576365,0.3752892790778589,0.008332526221975514,0.0022725405704554997,1.666505244395103e-06,0.0022708740652111047
2015-07-30,0.38062621848207145,0.24336805173547388,0.37600572978245456,0.0023382925143058814,-0.0012521806179222241,4.676585028611763e-07,-0.0012526482764250854
2015-07-31,0.3800397509923998,0.23802277031451538,0.38193747869308486,0.0059317489106302385,0.003602054633890444,1.1863497821260477e-06,0.0036008682841083177
2015-08-03,0.384931496516227,0.23848974486433105,0.37657875861944207,0.005358720073642839,-0.0017667395818097027,1.0717440147285678e-06,-0.0017678113258244312
2015-08-04,0.38340270756135664,0.23741704562829918,0.37918024681034423,0.002601488190902196,-0.0018674870217667407,5.202976381804392e-07,-0.0018680073194049212
2015-08-05,0.3888832322101016,0.23456852865492375,0.37654823913497465,0.005480524648745003,-0.001850896022133629,1.0961049297490005e-06,-0.001851992127063378
2015-08-06,0.3879118249472046,0.23731358144605577,0.37477459360673954,0.0027450527911320743,0.0005895265357177587,5.490105582264149e-07,0.0005889775251595323
2015-08-07,0.3847138988535606,0.23921195087709843,0.376074150269341,0.0031979260936440546,0.003336030991366717,6.395852187288109e-07,0.003335391406147988
2015-08-10,0.3923980350492767,0.23414663868037683,0.3734553262703465,0.007684136195716104,0.005862199054372418,1.5368272391432209e-06,0.005860662227133275
2015-08-11,0.38661800986285777,0.2437928163761415,0.3695891737610007,0.009646177695764716,0.0022706658167249366,1.929235539152943e-06,0.002268736581185784
2015-08-12,0.3838059588003704,0.2413099793995113,0.37488406180011824,0.005294888039117568,0.004401127368368258,1.0589776078235137e-06,0.0044000683907604345
2015-08-13,0.3803018639767509,0.23979176379007772,0.3799063722331715,0.005022310433053137,-0.004384288359075409,1.0044620866106275e-06,-0.00438529282116202
2015-08-14,0.38493422274097217,0.23794079049180136,0.37712498676722644,0.004632358764221314,0.0019247596783145277,9.264717528442629e-07,0.0019238332065616833
2015-08-17,0.38154500114352813,0.24264613955337996,0.3758088593030919,0.004705349061578601,0.004212421276760317,9.410698123157203e-07,0.004211480206948001
2015-08-18,0.37902710023894054,0.24713535726545086,0.3738375424956086,0.004489217712070892,-0.0031124185059200394,8.978435424141784e-07,-0.0031133163494624534
2015-08-19,0.37469668421772906,0.24497778292061964,0.3803255328616513,0.006487990366042723,0.004570201518670677,1.2975980732085446e-06,0.004568903920597468
2015-08-20,0.3778971925962751,0.24813852216825458,0.37396428523547043,0.006361247626180927,0.001126162365970274,1.2722495252361854e-06,0.0011248901164450378
2015-08-21,0.3692633594056824,0.2605175225184155,0.370219118075902,0.012379000350160999,-0.008017170813992688,2.4758000700321997e-06,-0.008019646614062721
2015-08-24,0.34401711349408925,0.27203380946538136,0.38394907704052933,0.025246245911593163,-0.016644630717506055,5.049249182318632e-06,-0.016649679966688372
2015-08-25,0.3037331630765965,0.2876356281538243,0.40863120876957926,0.04028395041749283,-0.013260017943212146,8.056790083498566e-06,-0.013268074733295644
2015-08-26,0.3087081604851249,0.2857236076559414,0.40556823185893376,0.004974997408528414,0.0008011548152881244,9.94999481705683e-07,0.0008001598158064188
2015-08-27,0.28823801063853705,0.29360686273031095,0.418155126631152,0.02047014984658782,0.007530999088695696,4.094029969317564e-06,0.007526905058726378
2015-08-28,0.2797315311473288,0.2971577261512876,0.4231107427013836,0.008506479491208252,0.004700849138704335,1.7012958982416505e-06,0.004699147842806094
2015-08-31,0.28076500843363306,0.3005061632266254,0.41872882833974157,0.004381914361642036,-0.00411477183509107,8.763828723284073e-07,-0.004115648217963399
2015-09-01,0.2789296374233306,0.30257987482311577,0.4184904877535535,0.0020737115964904462,-0.0046837328599717044,4.147423192980893e-07,-0.004684147602291002
2015-09-02,0.26753778305750325,0.3098560337439748,0.42260618319852195,0.011391854365827403,0.00016735078641418608,2.2783708731654808e-06,0.0001650724155410206
2015-09-03,0.262928555060568,0.31228020601115236,0.42479123892827964,0.00460922799693525,-0.0013390550184549197,9.2184559938705e-07,-0.0013399768640543067
2015-09-04,0.2623190562321013,0.3150868473710448,0.422594096396854,0.0028066413598923923,-0.002465363417807934,5.613282719784785e-07,-0.0024659247460799127
2015-09-08,0.2608482519189114,0.3146146072052474,0.4245371408758411,0.0019430444789871604,0.00203214621930782,3.8860889579743207e-07,0.0020317576104120225
2015-09-09,0.25506435265142446,0.31456065663797833,0.4303749907105972,0.005837849834756076,-0.007465185491329952,1.1675699669512152e-06,-0.007466353061296903
2015-09-10,0.2555616141303435,0.3168436907226892,0.4275946951469674,0.002780295563629853,0.0002587379295951374,5.560591127259706e-07,0.0002581818704824114
2015-09-11,0.2530266631072385,0.32304052256133636,0.42393281433142516,0.006196831838647221,0.002308568363545329,1.2393663677294442e-06,0.002307328997177599
2015-09-14,0.25338631048010457,0.32241758792053377,0.4241961015993616,0.0006229346408025693,-0.00019603909387327044,1.2458692816051386e-07,-0.00019616368080143095
2015-09-15,0.253010900545429,0.3218845511120421,0.4251045483425289,0.0009084467431672572,-0.004286854154905054,1.8168934863345144e-07,-0.004287035844253688
2015-09-16,0.2537567451108718,0.316796415918722,0.4294468389704062,0.0050881351933201036,0.006721611977815747,1.0176270386640207e-06,0.0067205943507770835
2015-09-17,0.2552711180195808,0.3211407483425651,0.42358813363785414,0.005858705332552089,0.007687978205258709,1.1717410665104179e-06,0.007686806464192199
2015-09-18,0.25613044851785327,0.3175600727855126,0.4263094786966342,0.0035806755570525206,0.0038457945840578898,7.161351114105041e-07,0.0038450784489464794
2015-09-21,0.25545923701109496,0.31856416697400997,0.42597659601489496,0.0010040941884974508,-0.006524116037283784,2.0081883769949017e-07,-0.006524316856121483
2015-09-22,0.25276698798844344,0.3189710453347489,0.42826196667680777,0.0026922490226516382,-0.001766059798843365,5.384498045303277e-07,-0.0017665982486478953
2015-09-23,0.2523414720929506,0.3174577751069302,0.43020075280011927,0.0019387861233115256,0.0012867640472624658,3.8775722466230513e-07,0.0012863762900378036
2015-09-24,0.25257262886828763,0.31862443922537337,0.42880293190633917,0.001397820893780155,0.010252963549445413,2.79564178756031e-07,0.010252683985266657
2015-09-25,0.2590593954129261,0.3264482513679737,0.4144923532191001,0.014310578687238923,-0.005440601185048811,2.8621157374477847e-06,-0.005443463300786259
2015-09-28,0.259117283689465,0.32793551852192726,0.41294719778860767,0.0015451554304924675,-0.0061180747158754495,3.090310860984935e-07,-0.006118383746961548
2015-09-29,0.2563849150735575,0.33752456148815807,0.4060905234382844,0.00958904296623081,-0.0005422823766481229,1.917808593246162e-06,-0.000544200185241369
2015-09-30,0.25580524378737013,0.3382483790231065,0.4059463771895232,0.0007238175349484899,-0.0006109821843453189,1.4476350698969799e-07,-0.0006111269478523086
2015-10-01,0.25273494064566565,0.34450861392769033,0.402756445426644,0.006260234904583745,0.0016391925463834249,1.252046980916749e-06,0.0016379404994025081
2015-10-02,0.2526405157662812,0.3444429837190396,0.40291650051467925,0.0001600550880352103,0.014392202500325841,3.201101760704206e-08,0.014392170489308234
2015-10-05,0.253469757196993,0.3580692573003658,0.3884609855026413,0.014455515012037984,-0.0011319007082527407,2.8911030024075967e-06,-0.0011347918112551484
2015-10-06,0.25078335657038003,0.3546997208816872,0.39451692254793275,0.006055937045291504,0.004624378239385636,1.2111874090583008e-06,0.004623167051976578
2015-10-07,0.25351784482157746,0.35610861290266826,0.3903735422757542,0.004143380272178504,0.0003245955713284934,8.286760544357009e-07,0.0003237668952740577
2015-10-08,0.24959575423035144,0.3647027207913737,0.3857015249782747,0.008594107888705502,-0.002770130498675147,1.7188215777411005e-06,-0.0027718493202528883
2015-10-09,0.2487587998339636,0.36905301839340476,0.3821881817726316,0.0043502976020309975,0.007174743889158843,8.700595204061996e-07,0.007173873829638437
2015-10-12,0.2520338967355473,0.37225012724641293,0.37571597601803974,0.00647220575459187,0.004560154436875052,1.2944411509183741e-06,0.0045588599957241335
2015-10-13,0.2526582362323915,0.3714274235635521,0.3759143402040563,0.0008227036828607759,0.0008983996584669931,1.6454073657215518e-07,0.000898235117730421
2015-10-14,0.2514679004187453,0.3735692434919891,0.37496285608926555,0.002141819928436983,0.00859974570243513,4.283639856873967e-07,0.008599317338449443
2015-10-15,0.25471757902890585,0.3764216265505372,0.368860794420557,0.0061020616687085805,0.0003814488417131887,1.2204123337417162e-06,0.00038022842937944696
2015-10-16,0.2518954430504346,0.37597076557293285,0.37213379137663266,0.003272996956075608,-0.0013610403140668702,6.545993912151216e-07,-0.0013616949134580853
2015-10-19,0.24435102300234834,0.3660326133488082,0.3896163636488434,0.01748257227221081,-0.0025118823703919723,3.4965144544421622e-06,-0.0025153788848464144
2015-10-20,0.24447148569390753,0.36633874546211703,0.38918976884397544,0.0004265948048679802,-9.860675263991892e-05,8.531896097359604e-08,-9.869207160089252e-05
2015-10-21,0.24445813564744814,0.3657385449844085,0.38980331936814333,0.0006135505241679079,-0.0013416463499913932,1.2271010483358159e-07,-0.0013417690600962269
2015-10-22,0.2446556579747934,0.36810223854995405,0.38724210347525256,0.0025612158928907947,0.004617407810165452,5.122431785781589e-07,0.0046168955669868735
2015-10-23,0.24229997997718128,0.36772533639460775,0.38997468362821097,0.002732580152958422,-0.0011439938274335354,5.465160305916845e-07,-0.001144540343464127
2015-10-26,0.24186594640316408,0.36636804194795075,0.3917660116488852,0.0017913280206742072,0.0015978913802136598,3.5826560413484143e-07,0.001597533114609525
2015-10-27,0.24284266771196045,0.3663240250387262,0.3908333072493134,0.0009767213087963494,0.0013235201014469206,1.953442617592699e-07,0.0013233247571851614
2015-10-28,0.24309037661349092,0.36650792067998483,0.39040170270652436,0.00043160454278909355,-0.0018551474435932616,8.632090855781872e-08,-0.0018552337645018195
2015-10-29,0.24166838521230605,0.3675852688104788,0.39074634597721514,0.001421991401184819,-0.0097256091704285,2.843982802369638e-07,-0.009725893568708737
2015-10-30,0.24436306039268066,0.36406973778889984,0.3915672018184196,0.0035155310215790186,0.00019667098315622215,7.031062043158038e-07,0.00019596787695190635
2015-11-02,0.24326254130396985,0.36443154924333243,0.39230590945269783,0.0011005190887108246,-0.0013451984909767195,2.2010381774216494e-07,-0.0013454185947944616
2015-11-03,0.2423906279275803,0.36670567381621044,0.39090369825620913,0.002274124572878136,-0.008099791445442303,4.5482491457562726e-07,-0.00810024627035688
2015-11-04,0.24476584408344518,0.3698650638035272,0.38536909211302767,0.005534606143181547,-0.003952738415006332,1.1069212286363094e-06,-0.003953845336234969
2015-11-05,0.24534791460561922,0.3726211337758039,0.3820309516185769,0.0033381404944507614,-0.00241919532794678,6.676280988901524e-07,-0.0024198629560456698
2015-11-06,0.24384504998395748,0.37675979667706294,0.37939515333897966,0.004138662901259013,-0.011180170530186752,8.277325802518026e-07,-0.011180998262767004
2015-11-09,0.24666337958667856,0.37629249926056024,0.37704412115276126,0.0028183296027210897,-0.0033337326181467584,5.63665920544218e-07,-0.0033342962840673027
2015-11-10,0.24407991956482863,0.3820135735516723,0.37390650688349897,0.005721074291112141,0.0009048507392317004,1.1442148582224282e-06,0.000903706524373478
2015-11-11,0.24199406721105202,0.379227515576746,0.3787784172122019,0.004871910328702933,-0.0030227394658565955,9.743820657405867e-07,-0.003023713847922336
2015-11-12,0.2413138861300023,0.37859358828249867,0.3800925255874991,0.001314108375297135,-0.0014733123681270627,2.62821675059427e-07,-0.0014735751898021221
2015-11-13,0.24008833301900728,0.37879807560906836,0.38111359137192435,0.0012255531109949674,-0.001595528710615941,2.451106221989935e-07,-0.00159577382123814
2015-11-16,0.23952006406750764,0.37872569108848486,0.38175424484400755,0.0006406534720831691,0.003847288154168216,1.2813069441663383e-07,0.0038471600234737994
2015-11-17,0.23723102895105921,0.38106639829892264,0.3817025727500181,0.0023407072104378174,-0.004577840225502541,4.681414420875635e-07,-0.004578308366944628
2015-11-18,0.2362630801704107,0.3827843050200257,0.38095261480956366,0.0017179067211030158,0.004882483051451572,3.435813442206032e-07,0.004882139470107351
2015-11-19,0.23329737534694248,0.37924135291144884,0.38746127174160866,0.00650865693204504,0.006601199048196469,1.301731386409008e-06,0.0065998973168100595
2015-11-20,0.24237466992147502,0.3759670774341104,0.3816582526444146,0.009077294574532518,-0.002000153874361924,1.8154589149065038e-06,-0.0020019693332768308
2015-11-23,0.26050113269070796,0.36670544520192244,0.3727934221073696,0.01812646276923295,-0.0021737779509549103,3.62529255384659e-06,-0.002177403243508757
2015-11-24,0.2589938721979399,0.3706320105863087,0.3703741172157513,0.0039265653843862935,0.0027789909493032595,7.853130768772587e-07,0.002778205636226382
2015-11-25,0.2697887299267004,0.3711222878690779,0.3590889822042218,0.011285135011529612,-0.0008529337757061581,2.2570270023059225e-06,-0.0008551908027084641
2015-11-27,0.27785871321469696,0.36720591916033923,0.3549353676249638,0.00806998328799663,-0.004236824212815292,1.613996657599326e-06,-0.004238438209472891
2015-11-30,0.2779995194733434,0.3677453920401003,0.35425508848655624,0.0006802791384075413,0.0026491961094566455,1.3605582768150828e-07,0.002649060053628964
2015-12-01,0.2788702217382286,0.36949908664498154,0.3516306916167898,0.0026243968697664544,0.008892259477857182,5.248793739532909e-07,0.008891734598483228
2015-12-02,0.2953524763048223,0.35816255121236135,0.3464849724828164,0.016482254566593635,-0.008283780070755219,3.2964509133187273e-06,-0.008287076521668537
2015-12-03,0.299710367157359,0.3615893245112394,0.3387003083314017,0.007784664151414711,-0.010426714583960786,1.5569328302829422e-06,-0.01042827151679107
2015-12-04,0.3058517307217214,0.34548985943966076,0.34865840983861784,0.016099465071578584,0.016743388487798844,3.219893014315717e-06,0.01674016859478453
2015-12-07,0.31027495920471093,0.35275333050671,0.33697171028857914,0.011686699550038732,-0.0028303648393299408,2.3373399100077463e-06,-0.0028327021792399487
2015-12-08,0.32014291261051725,0.35261178957234884,0.3272452978171339,0.009867953405806346,-0.0014355636673049894,1.973590681161269e-06,-0.0014375372579861507
2015-12-09,0.321363418850605,0.3499307628419539,0.32870581830744117,0.0026810267303949697,-0.0035128646291130777,5.362053460789939e-07,-0.0035134008344591566
2015-12-10,0.31953548921147085,0.35167531979953887,0.32878919098899023,0.001827929639134085,0.0009989985164419468,3.65585927826817e-07,0.00099863293051412
2015-12-11,0.31927124064105816,0.35246449902513644,0.3282642603338053,0.0007891792255975971,0.0011587827316602121,1.5783584511951942e-07,0.0011586248958150927
2015-12-14,0.3150205645301868,0.3507177863459177,0.33426164912389544,0.005997388790090125,-0.007221577275917382,1.199477758018025e-06,-0.0072227767536754
2015-12-15,0.31628572781497855,0.35638506427566197,0.32732920790935943,0.0069324412145360115,0.0003514377300528102,1.3864882429072025e-06,0.00035005124180990303
2015-12-16,0.313970730738593,0.3539201606159154,0.33210910864549154,0.004779900736132103,0.00786013524491677,9.559801472264207e-07,0.007859179264769544
2015-12-17,0.30920039781380637,0.35979751544790806,0.33100208673828574,0.005877354831992532,-0.007892212449708915,1.1754709663985065e-06,-0.007893387920675314
2015-12-18,0.3119682249481559,0.3664779272944472,0.32155384775739687,0.009448238980888785,0.0014032774141264515,1.889647796177757e-06,0.0014013877663302738
2015-12-21,0.3048289589394124,0.37941892366399,0.31575211739659753,0.012940996369542795,0.005856874154379153,2.588199273908559e-06,0.005854285955105245
2015-12-22,0.30512359996587907,0.3848210711588101,0.31005532887531084,0.005696788521286716,-0.0016345084669768615,1.1393577042573434e-06,-0.0016356478246811188
2015-12-23,0.30488451036551106,0.383653268641118,0.3114622209933709,0.0014068921180600824,-2.082175436960809e-05,2.813784236120165e-07,-2.1103132793220106e-05
2015-12-24,0.2990891707146584,0.37904007232469317,0.3218707569606483,0.010408535967277449,0.00400587903488229,2.08170719345549e-06,0.004003797327688834
2015-12-28,0.29871160581641726,0.3809717983536033,0.3203165958299794,0.0019317260289100913,-0.001981265242835135,3.863452057820183e-07,-0.0019816515880409172
2015-12-29,0.3059003018318659,0.3822208785192532,0.3118788196488809,0.008437776181098505,-0.003298812166684086,1.687555236219701e-06,-0.003300499721920306
2015-12-30,0.308426987170509,0.37447631526949804,0.317096697559993,0.007744563249755143,-0.004980014498753918,1.5489126499510286e-06,-0.004981563411403869
2015-12-31,0.3122329859949679,0.37189567975484367,0.3158713342501885,0.003805998824458895,-0.0013260990653397482,7.611997648917791e-07,-0.00132686026510464
2016-01-04,0.3098221483635767,0.37316904734669004,0.31700880428973327,0.0024108376313911883,0.0028292944336246227,4.821675262782377e-07,0.0028288122660983443
2016-01-05,0.30709426112085403,0.36982328786592933,0.3230824510132166,0.006073646723483345,-6.1777309247301e-05,1.214729344696669e-06,-6.299203859199766e-05
2016-01-06,0.3106567057195544,0.3719563014660409,0.31738699281440463,0.0056954581988119535,0.0056767347096692376,1.1390916397623907e-06,0.005675595618029475
2016-01-07,0.3112347955758223,0.3697985334641992,0.3189666709599785,0.0021577680018417256,-0.002293439643030766,4.3155360036834515e-07,-0.0022938711966311344
2016-01-08,0.30346344514716295,0.3778004560597729,0.3187360987930641,0.008001922595573724,-0.00304993054387186,1.6003845191147448e-06,-0.003051530928390975
2016-01-11,0.30217548367098335,0.3796937706911247,0.31813074563789195,0.0018933146313517557,-0.006685983893925867,3.7866292627035116e-07,-0.006686362556852137
2016-01-12,0.30202179615064995,0.37359493382729503,0.324383270022055,0.006252524384163072,0.006184373022833867,1.2505048768326144e-06,0.006183122517957034
2016-01-13,0.3028023465771236,0.3697484251189806,0.3274492283038958,0.0038465087083144334,-0.002304825213633883,7.693017416628867e-07,-0.002305594515375546
2016-01-14,0.2945758290145322,0.37213001758278125,0.3332941534026865,0.008226517562591379,-0.004057890634241832,1.645303512518276e-06,-0.004059535937754351
2016-01-15,0.2893052303402215,0.37227774784439543,0.338417021815383,0.005270598674310734,0.0030742612096718532,1.0541197348621468e-06,0.003073207089936991
2016-01-19,0.29069884846522476,0.3693456191354456,0.3399555323993297,0.002932128708949877,-0.0010848674068162573,5.864257417899754e-07,-0.0010854538325580474
2016-01-20,0.29090163774135286,0.3684039762531651,0.3406943860054821,0.0009416428822804912,0.0047055054993957,1.8832857645609825e-07,0.004705317170819244
2016-01-21,0.2920001050205039,0.36938907086604233,0.33861082411345383,0.0020835618920282406,-0.0004861432279761381,4.1671237840564813e-07,-0.00048655994035454376
2016-01-22,0.2909559273103867,0.36891909449579646,0.3401249781938168,0.0015141540803630116,0.0029817841208237116,3.0283081607260233e-07,0.0029814812900076392
2016-01-25,0.28348619056260566,0.3734519583232391,0.3430618511141554,0.007469736747781119,0.001269064439764325,1.493947349556224e-06,0.0012675704924147689
2016-01-26,0.28661921061341383,0.3734539611968532,0.33992682818973285,0.003135022924422415,0.007965652399062464,6.27004584884483e-07,0.00796502539447758
2016-01-27,0.2859325607797803,0.3779001485719575,0.3361672906482623,0.004446187375104188,-0.0019482930109169499,8.892374750208376e-07,-0.0019491822483919707
2016-01-28,0.28437691763797357,0.3798228205948631,0.3358002617671634,0.001922672022905636,-0.0015621929211798854,3.8453440458112723e-07,-0.0015625774555844665
2016-01-29,0.2845839972095772,0.38131115640463303,0.33410484638578986,0.0016954153813735495,0.011455291163179235,3.390830762747099e-07,0.01145495208010296
2016-02-01,0.2784377668621809,0.38307587310605784,0.33848636003176136,0.006146230347396309,0.0022079561381237174,1.2292460694792618e-06,0.002206726892054238
2016-02-02,0.2752922165871309,0.39090747733961,0.33380030607325917,0.007831604233552197,0.002414396919882863,1.5663208467104395e-06,0.0024128305990361526
2016-02-03,0.2753039115242811,0.38484307913398375,0.3398530093417353,0.006064398205626292,0.002105770311440012,1.2128796411252586e-06,0.002104557431798887
2016-02-04,0.2780368181025362,0.38343992653966336,0.3385232553578004,0.002732906578255201,0.0063843551050392945,5.465813156510402e-07,0.006383808523723644
2016-02-05,0.27649545741952475,0.38420327977316465,0.3393012628073107,0.0015413606830115278,0.0005512453192880211,3.082721366023056e-07,0.0005509370471514188
2016-02-08,0.2738887841959135,0.38759440158401126,0.33851681422007524,0.0033911218108466645,0.00920489101226062,6.782243621693329e-07,0.00920421278789845
2016-02-09,0.27809373317529695,0.37954111112540934,0.34236515569929366,0.008053290458601897,-0.0003326977666519239,1.6106580917203795e-06,-0.00033430842474364424
2016-02-10,0.272965599677213,0.38364116828150985,0.34339323204127703,0.005128133498083914,0.005805686531208316,1.0256266996167829e-06,0.005804660904508699
2016-02-11,0.2738486957084157,0.3839458844946144,0.34220541979696995,0.0011878122443071681,0.01287967884973112,2.3756244886143365e-07,0.012879441287282259
2016-02-12,0.28364836134323185,0.39909022876105565,0.3172614098957126,0.024944009901257364,-0.0026428093639178593,4.988801980251473e-06,-0.0026477981658981106
2016-02-16,0.2822875847472254,0.39393444587542303,0.32377796937735165,0.006516559481639067,-0.009220314778035081,1.3033118963278134e-06,-0.009221618089931409
2016-02-17,0.28833334387285386,0.4001696852342812,0.311496970892865,0.01228099848448666,0.0041763574976827825,2.4561996968973324e-06,0.004173901297985885
2016-02-18,0.2867856412321051,0.4003205288068073,0.31289382996108767,0.0015477026407487715,0.01136148385491637,3.0954052814975433e-07,0.01136117431438822
2016-02-19,0.2934565903035435,0.39986489533186137,0.3066785143645952,0.006670949071438392,-0.0016423373332732688,1.3341898142876786e-06,-0.0016436715230875565
2016-02-22,0.2925516738356498,0.3986146970197038,0.30883362914464646,0.0021551147800512593,-0.001466611739730497,4.310229560102519e-07,-0.0014670427626865073
2016-02-23,0.2951699833886443,0.4010580844017069,0.3037719322096489,0.0050616969349976115,0.0024458456135345963,1.0123393869995224e-06,0.0024448332741475965
2016-02-24,0.2938751210699023,0.40299709720890314,0.3031277817211946,0.0019390128071962442,0.0015562543372890925,3.878025614392489e-07,0.0015558665347276531
2016-02-25,0.2934503145725369,0.40297238262683943,0.3035773028006236,0.0004495210794290827,0.005797830374825927,8.990421588581654e-08,0.0057977404706100405
2016-02-26,0.29106482235498027,0.4032486042770215,0.3056865733679983,0.0023854922175567117,-0.006658810234560061,4.770984435113424e-07,-0.0066592873330035725
2016-02-29,0.29281829371652285,0.4008148369338682,0.3063668693496089,0.0024337673431532314,0.003458389329215059,4.867534686306463e-07,0.0034579025757464285
2016-03-01,0.29276745879641114,0.4013854840190255,0.30584705718456345,0.0005706470851572221,-0.002428930491704997,1.1412941703144442e-07,-0.002429044621122029
2016-03-02,0.2899122917336066,0.3961549891067586,0.31393271915963483,0.008085661975071406,0.005363086081609738,1.6171323950142814e-06,0.005361468949214724
2016-03-03,0.28983419288024037,0.3962881510731038,0.3138776560466558,0.00013316196634521882,0.008002034317090604,2.6632393269043766e-08,0.008002007684697334
2016-03-04,0.2901753526884044,0.40062089767125664,0.30920374964033887,0.004673906406316902,-0.002111417756831913,9.347812812633804e-07,-0.0021123525381131765
2016-03-07,0.2899158603556238,0.39673481106201497,0.31334932858236136,0.004145578942022388,0.0016674410342185295,8.291157884044775e-07,0.001666611918430125
2016-03-08,0.28223745311548465,0.41455337777720397,0.3032091691073114,0.017818566715189055,9.607140940335658e-05,3.5637133430378112e-06,9.250769606031876e-05
2016-03-09,0.2840414198941737,0.4093275242844397,0.30663105582138667,0.005225853492764304,-0.0036277976971345596,1.045170698552861e-06,-0.0036288428678331124
2016-03-10,0.2831314560187512,0.4089013461132523,0.3079671978679965,0.0013361420466098395,0.0034945125119395116,2.672284093219679e-07,0.0034942452835301898
2016-03-11,0.28481290532954995,0.40936874145951,0.3058183532109401,0.00214884465705642,-0.004800978012277238,4.2976893141128405e-07,-0.00480140778120865
2016-03-14,0.2859665281579793,0.4103381227489357,0.3036953490930851,0.002123004117855015,-0.002994553783219393,4.2460082357100307e-07,-0.0029949783840429642
2016-03-15,0.28718396661726947,0.411754807249016,0.3010612261337146,0.0026341229593704607,0.00014863131992485368,5.268245918740922e-07,0.00014810449533297958
2016-03-16,0.2882709982702159,0.4152422610833497,0.2964867406464344,0.004574485487280205,0.00951248096166037,9.148970974560411e-07,0.009511566064562913
2016-03-17,0.2864580050229203,0.421395818435191,0.2921461765418885,0.006153557351841393,0.00244433754298663,1.2307114703682787e-06,0.0024431068315162617
2016-03-18,0.28674846009509186,0.42210029776642166,0.2911512421384866,0.0009949344034020646,0.001211900163790628,1.9898688068041293e-07,0.0012117011769099476
2016-03-21,0.28852205313677065,0.4206579459749158,0.29082000088831356,0.0017735930416788448,-0.004856793963575601,3.5471860833576896e-07,-0.004857148682183937
2016-03-22,0.28826940166706233,0.41643280453539044,0.29529779379754717,0.004477792909233641,0.0006164741917790311,8.955585818467283e-07,0.0006155786331971844
2016-03-23,0.29102749589599464,0.41361394977400423,0.295358554330001,0.002818854761386186,-0.003920494627705986,5.637709522772372e-07,-0.003921058398658263
2016-03-24,0.29545318446677843,0.414300975122851,0.29024584041037055,0.005112713919630529,-0.0006680239904273593,1.0225427839261058e-06,-0.0006690465332112854
2016-03-28,0.2953011814257367,0.41539177116641124,0.28930704740785224,0.0010907960435601327,0.0013911017510909484,2.1815920871202656e-07,0.0013908835918822365
2016-03-29,0.2959893054726562,0.41623339648221686,0.2877772980451269,0.001529749362725208,0.012433505212607525,3.059498725450416e-07,0.01243319926273498
2016-03-30,0.2970600883552166,0.416573309032455,0.28636660261232844,0.0014106954327985088,-0.007085683163726477,2.8213908655970177e-07,-0.007085965302813037
2016-03-31,0.299590482118064,0.41403110616623645,0.28637841171569967,0.0025422028662185903,0.0035308630190485015,5.08440573243718e-07,0.0035303545784752576
2016-04-01,0.29674878503716917,0.421315663502332,0.2819355514604989,0.007284557336095565,0.0014186951892287412,1.456911467219113e-06,0.001417238277761522
2016-04-04,0.29663347504248977,0.42121118823346343,0.28215533672404686,0.00021978526354796135,-0.0025846524803392994,4.3957052709592274e-08,-0.002584696437392009
2016-04-05,0.2980281250433571,0.42125132283060035,0.28072055212604247,0.0014347845980043072,0.0052796197878572475,2.8695691960086147e-07,0.005279332830937646
2016-04-06,0.3000398048364934,0.4186670081857865,0.2812931869777201,0.002584314644813901,-0.001485173428274286,5.168629289627802e-07,-0.0014856902912032488
2016-04-07,0.29964961308575844,0.41859498926423805,0.2817553976500034,0.00046221067228335855,0.0056056268239099444,9.244213445667171e-08,0.005605534381775488
2016-04-08,0.29945639099932586,0.41919507621015767,0.2813485327905164,0.0006000869459195923,-0.00226975153864718,1.2001738918391848e-07,-0.0022698715560363638
2016-04-11,0.3078402829044909,0.4117896349894886,0.28037008210602055,0.008383891905164975,0.0025348015066484326,1.6767783810329951e-06,0.0025331247282673994
2016-04-12,0.3100942652666936,0.41136810267939555,0.27853763205391086,0.0022539823622027277,9.495258063151407e-05,4.507964724405456e-07,9.450178415907353e-05
2016-04-13,0.30736005546516126,0.41355050824104683,0.27908943629379185,0.0027342098015323,0.0015818358818770542,5.468419603064601e-07,0.0015812890399167477
2016-04-14,0.3047696252562863,0.4196027152269183,0.27562765951679546,0.006052206985871389,-0.005849579147413751,1.2104413971742779e-06,-0.005850789588810926
2016-04-15,0.3154353081188941,0.41626618628405254,0.2682985055970535,0.010665682862607745,0.005072265709235323,2.133136572521549e-06,0.0050701325726628015
2016-04-18,0.3166246640204032,0.4138689829456938,0.2695063530339031,0.0023972033383587166,2.474893011896194e-05,4.794406676717433e-07,2.4269489451290198e-05
2016-04-19,0.3216955093538998,0.41427248539957373,0.2640320052465264,0.005474347787376599,0.0038472680829085663,1.0948695574753198e-06,0.003846173213351091
2016-04-20,0.32246166459815606,0.41529642398452504,0.26224191141731895,0.0017900938292075286,-0.005598982088452111,3.5801876584150573e-07,-0.005599340107217952
2016-04-21,0.32675124036966635,0.41122938033114737,0.26201937929918623,0.0042895757715103455,-0.0032122506511034796,8.579151543020691e-07,-0.0032131085662577817
2016-04-22,0.32578834367632276,0.41208367318953043,0.2621279831341469,0.0009628966933436789,-0.004415203021124685,1.925793386687358e-07,-0.004415395600463353
2016-04-25,0.3330571990318294,0.40931962941154465,0.25762317155662606,0.007268855355506643,-0.0015206569329777953,1.4537710711013286e-06,-0.0015221107040488966
2016-04-26,0.3381549495264988,0.4056951502670517,0.2561499002064495,0.005097750494669456,-0.00032002083948721636,1.0195500989338913e-06,-0.00032104038958615026
2016-04-27,0.34118821126854393,0.4026010387162119,0.2562107500152441,0.003094111550839773,0.0054541190338790735,6.188223101679547e-07,0.005453500211568906
2016-04-28,0.346328752360372,0.39754301731597025,0.2561282303236577,0.005140541091828071,0.0033374488300700936,1.0281082183656143e-06,0.0033364207218517282
2016-04-29,0.34487459604090515,0.39926838465080516,0.2558570193082896,0.0017253673348349707,0.004137384457021271,3.450734669669942e-07,0.004137039383554304
2016-05-02,0.3563389634803242,0.39583581768079285,0.24782521883888303,0.011464367439418949,-0.0019747056634716194,2.2928734878837897e-06,-0.001976998536959503
2016-05-03,0.3568987123858556,0.3933157516363933,0.2497855359777511,0.0025200660443994993,0.0012805053837385816,5.040132088798999e-07,0.0012800013705297018
2016-05-04,0.36043507075417003,0.39492819099578036,0.24463673825004956,0.005148797727701521,-0.0013362863939198081,1.0297595455403043e-06,-0.0013373161534653484
2016-05-05,0.35882980803167197,0.3967890156103111,0.24438117635801704,0.0018608246145306595,0.0023023154791453537,3.721649229061319e-07,0.0023019433142224474
2016-05-06,0.3587145267921535,0.3956792037627002,0.2456062694451463,0.0012250930871293142,0.001854645568744725,2.4501861742586283e-07,0.0018544005501272992
2016-05-09,0.3695956777656969,0.387389319131807,0.24301500310249602,0.010881150973543446,-0.003468316692601953,2.1762301947086892e-06,-0.003470492922796662
2016-05-10,0.3684788636543057,0.4001227445908476,0.2313983917548467,0.012733425459040562,0.005245307079663732,2.5466850918081126e-06,0.005242760394571924
2016-05-11,0.3651942061657507,0.40217019744276433,0.2326355963914849,0.0032846574885549568,0.0010499105742214285,6.569314977109914e-07,0.0010492536427237176
2016-05-12,0.36082971805548697,0.40617317430803174,0.23299710763648135,0.004364488110263798,-0.0035788229817566297,8.728976220527596e-07,-0.0035796958793786826
2016-05-13,0.3594606228306597,0.39540055299460286,0.2451388241747374,0.01214171653825609,0.0018136619441698023,2.428343307651218e-06,0.001811233600862151
2016-05-16,0.36263904862522794,0.39765119772141483,0.23970975365335725,0.005429070521380169,0.0003277904960034186,1.0858141042760338e-06,0.0003267046818991426
2016-05-17,0.36166321866968376,0.3898343124590162,0.24850246887129998,0.008792715217942781,-0.0018648887803608674,1.7585430435885563e-06,-0.001866647323404456
2016-05-18,0.36449824676277587,0.38890683804670506,0.24659491519051904,0.002835028093092079,-0.009706923697569968,5.670056186184159e-07,-0.009707490703188586
2016-05-19,0.3653340143721749,0.38433319328302123,0.25033279234480393,0.004573644763683868,-8.311364079761685e-05,9.147289527367736e-07,-8.402836975035361e-05
2016-05-20,0.36488482287006885,0.38376349700238716,0.25135168012754394,0.0010188877827400633,0.0022645688696691126,2.0377755654801268e-07,0.0022643650921125645
2016-05-23,0.3681372693619726,0.3781218671598979,0.2537408634781295,0.00564162984248931,-0.00037977792586000876,1.128325968497862e-06,-0.00038090625182850664
2016-05-24,0.3733284961604718,0.37301127728674455,0.25366022655278364,0.005191226798499204,-0.001217989657036577,1.038245359699841e-06,-0.001219027902396277
2016-05-25,0.3709370657794736,0.37743828323998124,0.2516246509805451,0.004427005953236723,0.0004054290521589471,8.854011906473447e-07,0.00040454365096829976
2016-05-26,0.37427838312129724,0.3754382432376284,0.2502833736410744,0.0033413173418235798,0.0011956726134392968,6.682634683647159e-07,0.0011950043499709322
2016-05-27,0.3729418445800229,0.37749090500461596,0.24956725041536112,0.002052661766987582,-0.0010032791688097719,4.105323533975164e-07,-0.0010036897011631693
2016-05-31,0.3747242475361024,0.37559712017186914,0.24967863229202839,0.0018937848327467977,0.0011341781347469064,3.7875696654935957e-07,0.001133799377780357
2016-06-01,0.3878752461566063,0.37552197077934807,0.23660278306404559,0.013150998620503881,0.0020735594337059405,2.6301997241007763e-06,0.0020709292339818395
2016-06-02,0.3879585206410884,0.37478647862188164,0.23725500073703004,0.0007354921574664885,0.003329720435874154,1.470984314932977e-07,0.003329573337442661
2016-06-03,0.3868948632987779,0.37084672831797555,0.24225840838324658,0.00500340764621654,0.010846463620998252,1.0006815292433081e-06,0.010845462939469008
2016-06-06,0.395756824832055,0.37041132942957355,0.23383184573837137,0.008861961533277132,-0.0006598568398488374,1.7723923066554265e-06,-0.0006616292321554928
2016-06-07,0.39638392650308624,0.3681251028484473,0.23549097064846655,0.002286226581126344,0.0013115121369860216,4.572453162252688e-07,0.0013110548916697965
2016-06-08,0.4005913973719548,0.3681015517700774,0.23130705085796768,0.004207470868868662,0.006703668808959569,8.414941737737326e-07,0.006702827314785795
2016-06-09,0.40155474453614903,0.3695499785965226,0.22889527686732844,0.0024117739906393265,0.003108356743672858,4.823547981278653e-07,0.00310787438887473
2016-06-10,0.4000340001669856,0.3679403478317158,0.23202565200129868,0.0031303751339702424,-0.0010707223803547302,6.260750267940485e-07,-0.0010713484553815243
2016-06-13,0.40189531544712886,0.36655829959212083,0.23154638496075025,0.0018613152801433414,0.00024428082743031083,3.722630560286683e-07,0.00024390856437428215
2016-06-14,0.39759460940305563,0.36753839648295983,0.23486699411398462,0.004300706044073302,-0.0008046172451501466,8.601412088146604e-07,-0.0008054773863589613
2016-06-15,0.39759716638985076,0.36745394036631956,0.23494889324382962,8.445611664019415e-05,0.0025998953088569197,1.689122332803883e-08,0.0025998784176335917
2016-06-16,0.3957983269695324,0.36351627373116424,0.24068539929930322,0.005736506055473656,0.0004179424657974637,1.1473012110947312e-06,0.0004167951645863689
2016-06-17,0.39827342567093255,0.36309056963598185,0.23863600469308557,0.0024750987014000997,-0.0006833741196684961,4.950197402800199e-07,-0.0006838691394087761
2016-06-20,0.400551292528176,0.3620075005000438,0.23744120697178023,0.0022778668572434185,-0.002708748831934474,4.555733714486837e-07,-0.0027092044053059227
2016-06-21,0.4000837326568839,0.36051847493362216,0.23939779240949394,0.001956585437713737,-0.005135384493628834,3.9131708754274743e-07,-0.005135775810716376
2016-06-22,0.4033600832610286,0.36203004587062293,0.23460987086834842,0.004787921541145504,5.5004969369507086e-05,9.575843082291008e-07,5.404738506127799e-05
2016-06-23,0.3988591387749333,0.3616943847933857,0.23944647643168107,0.004836605563332597,-0.0005077748488970333,9.673211126665194e-07,-0.0005087421700096999
2016-06-24,0.39484928162042676,0.360804929790602,0.24434578858897116,0.004899312157290156,0.00749013369067153,9.798624314580313e-07,0.007489153828240072
2016-06-27,0.3727827913963845,0.38159569500465645,0.2456215135989592,0.022066490224042376,0.004176484430240206,4.413298044808475e-06,0.004172071132195397
2016-06-28,0.37317697437014297,0.3690248727143239,0.25779815291553315,0.012570822290332503,0.004732036801094889,2.514164458066501e-06,0.004729522636636822
2016-06-29,0.36134586524596063,0.3778460148775511,0.26080811987648833,0.011831109124182365,0.004335846280205004,2.3662218248364733e-06,0.004333480058380168
2016-06-30,0.3546336217240269,0.3809239397436522,0.26444243853232074,0.006712243521933614,0.007566906487301907,1.342448704386723e-06,0.0075655640385975205
2016-07-01,0.35107923142932,0.38255805192837367,0.2663627166423065,0.003554390294707055,0.010134873213510734,7.10878058941411e-07,0.010134162335451793
2016-07-05,0.3547733929521108,0.3784215931005886,0.2668050139473006,0.004136458827784989,0.004388530212002639,8.272917655569978e-07,0.004387702920237082
2016-07-06,0.3560733769686559,0.3762030507899099,0.2677235722414341,0.0022185423106786395,0.004315047925726888,4.437084621357279e-07,0.004314604217264753
2016-07-07,0.3565944711406947,0.3769134755016691,0.26649205335763626,0.0012315188837979385,-0.0012501651836565079,2.463037767595877e-07,-0.0012504114874332675
2016-07-08,0.35777333205425127,0.3772855226609796,0.26494114528476925,0.0015509080728670355,0.009699372614121462,3.1018161457340713e-07,0.009699062432506888
2016-07-11,0.35231281696685307,0.3810566429894423,0.2666305400437045,0.005460515087398088,-0.0046136580701565,1.0921030174796177e-06,-0.004614750173173979
2016-07-12,0.3538449598703148,0.3779519085017655,0.26820313162791976,0.003104734487676869,-0.008082386135337571,6.209468975353739e-07,-0.008083007082235107
2016-07-13,0.36050635114244906,0.3723781861314067,0.2671154627261443,0.006661391272134276,0.006796138527853346,1.3322782544268553e-06,0.006794806249598919
2016-07-14,0.363986007720222,0.3677325867661306,0.26828140551364743,0.004645599365276115,-0.005385216635104211,9.291198730552231e-07,-0.005386145754977267
2016-07-15,0.36562524573338157,0.36159225330178457,0.27278250096483375,0.006140333464345948,-0.004648871291728767,1.2280666928691897e-06,-0.004650099358421636
2016-07-18,0.3660914387868895,0.360665913769158,0.2732426474439525,0.0009263395326266077,0.001076043708883423,1.8526790652532157e-07,0.0010758584409768976
2016-07-19,0.3666457177233983,0.3606856993022372,0.27266858297436447,0.0005740644695880204,0.0020267621657355022,1.1481289391760409e-07,0.0020266473528415844
2016-07-20,0.3654695820651963,0.3592090668304282,0.2753213511043755,0.0026527681300110295,-0.0043810777095982575,5.30553626002206e-07,-0.00438160826322426
2016-07-21,0.3648729813904223,0.36328821307852505,0.27183880553105266,0.004079146248096854,0.0034984628330384446,8.158292496193709e-07,0.003497647003788825
2016-07-22,0.36574273006582436,0.3655640424087582,0.2686932275254174,0.0031455780056352523,0.00026826616468799466,6.291156011270505e-07,0.0002676370490868676
2016-07-25,0.3644168620430208,0.3654380328144533,0.2701451051425259,0.0014518776171084657,-0.0031346513214747557,2.903755234216932e-07,-0.0031349416969981775
2016-07-26,0.36424151019454715,0.3665947738268047,0.2691637159786482,0.0011567410123513866,0.0018863405178787488,2.3134820247027733e-07,0.0018861091696762786
2016-07-27,0.36370936287630246,0.36756215726421976,0.26872847985947784,0.000967383437415037,0.00852133153307081,1.934766874830074e-07,0.008521138056383326
2016-07-28,0.3657386295363287,0.36762987336322545,0.2666314971004458,0.0020969827590319734,-0.0010279199595627502,4.193965518063947e-07,-0.0010283393561145565
2016-07-29,0.3665354602542576,0.364216301290334,0.2692482384554084,0.0034135720728914742,0.006411265281537101,6.827144145782948e-07,0.006410582567122523
2016-08-01,0.36664794409567564,0.3608220958271897,0.27252996007713465,0.003394205463144284,-0.003709141786009794,6.788410926288569e-07,-0.003709820627102423
2016-08-02,0.3681203136545501,0.3595026814606438,0.2723770048848061,0.0014723695588744756,-0.0038491727439357,2.9447391177489514e-07,-0.003849467217847475
2016-08-03,0.369601418557982,0.3589079739920811,0.27149060744993697,0.001481104903431868,-4.236194880731688e-06,2.962209806863736e-07,-4.532415861418061e-06
2016-08-04,0.37026538332523046,0.35868125440751486,0.2710533622672546,0.0006639647672485038,0.00354907013720565,1.3279295344970078e-07,0.0035489373442522004
2016-08-05,0.3704242072519237,0.3583758358211341,0.27119995692694215,0.000305418586380779,-0.005541559808675298,6.108371727615581e-08,-0.0055416208923925745
2016-08-08,0.3724982629227507,0.35817232883133343,0.2693294082459159,0.002074055670826941,0.00022064782026076575,4.148111341653882e-07,0.00022023300912660037
2016-08-09,0.36945124092141457,0.3555015441982686,0.27504721488031686,0.00571780663440094,0.004839201782001782,1.1435613268801882e-06,0.004838058220674902
2016-08-10,0.3743126327192383,0.35155523791557575,0.274132129365186,0.004861391797823744,0.0017188034939989456,9.722783595647488e-07,0.0017178312156393809
2016-08-11,0.37646125306244355,0.34997308047403125,0.27356566646352526,0.002148620343205232,-0.003267967867128891,4.297240686410464e-07,-0.003268397591197532
2016-08-12,0.37694289589089003,0.34841461267238133,0.27464249143672853,0.0015584678016498377,0.0020262587638371628,3.1169356032996756e-07,0.0020259470702768327
2016-08-15,0.37936636723103895,0.34734296143751553,0.27329067133144563,0.0024234713401488084,-0.0012353519855916677,4.846942680297617e-07,-0.0012358366798596975
2016-08-16,0.3818970991568407,0.3457329862258846,0.2723699146172746,0.00253073192580186,-0.0015490981982141869,5.061463851603721e-07,-0.0015496043445993473
2016-08-17,0.38431169923192826,0.34427293960547667,0.2714153611625951,0.0024146000750874808,0.002850887699485014,4.829200150174961e-07,0.0028504047794699968
2016-08-18,0.37888657342884047,0.3473619239146349,0.2737515026565246,0.005425125803087738,0.0026986344549877863,1.0850251606175476e-06,0.0026975494298271687
2016-08-19,0.37940963227429614,0.3472620357649351,0.2733283319607688,0.0005230588454556429,-0.00478603058315376,1.0461176909112858e-07,-0.004786135194922851
2016-08-22,0.3813137651373534,0.3464851550062888,0.2722010798563579,0.0019041328630572119,0.002501225418966828,3.808265726114424e-07,0.0025008445923942165
2016-08-23,0.38215138307995716,0.34505724722047276,0.2727913696995701,0.0014279077858160016,0.0010963880646251726,2.8558155716320036e-07,0.0010961024830680095
2016-08-24,0.3837292247588068,0.34103920324903253,0.2752315719921607,0.004018043971440233,-0.005825400337264593,8.036087942880466e-07,-0.005826203946058881
2016-08-25,0.3845833983000954,0.3422803031189024,0.2731362985810022,0.0020952734111585047,-0.001801189130366165,4.1905468223170097e-07,-0.0018016081850483966
2016-08-26,0.384544585127361,0.3419370586112329,0.2735183562614061,0.0003820576804038911,-0.0031045240897829294,7.641153608077822e-08,-0.00310460050131901
2016-08-29,0.38473083844957223,0.34021631340985886,0.27505284814056885,0.0017207452013740243,0.006988921809592094,3.441490402748049e-07,0.006988577660551819
2016-08-30,0.386377751543598,0.33685039657304516,0.2767718518833568,0.0033659168368136982,-0.004717320047674056,6.731833673627397e-07,-0.004717993231041419
2016-08-31,0.38744358902724824,0.3373109307303462,0.27524548024240564,0.0015263716409512074,-0.0011691095317964278,3.052743281902415e-07,-0.0011694148061246181
2016-09-01,0.38670657595928704,0.3382851776280792,0.2750082464126337,0.0009742468977330665,0.0015149439335711147,1.948493795466133e-07,0.0015147490841915681
2016-09-02,0.3790771125189974,0.3374030508818064,0.2835198365991962,0.008511590186562473,0.00185336223838193,1.7023180373124947e-06,0.0018516599203446174
2016-09-06,0.38012665250642375,0.33763755607871015,0.282235791414866,0.0012840451843301737,0.008380621799403725,2.5680903686603473e-07,0.00838036499036686
2016-09-07,0.3824845870657043,0.33852913798873013,0.2789862749455656,0.0032495164693004674,-0.0012308322813419776,6.499032938600936e-07,-0.0012314821846358375
2016-09-08,0.3811245691709638,0.3376606299716895,0.28121480085734674,0.002228525911781132,-0.006595637391063437,4.4570518235622635e-07,-0.0065960830962457934
2016-09-09,0.383103583842535,0.3344290955020691,0.2824673206553959,0.0032315344696203785,-0.016538559820047524,6.463068939240758e-07,-0.016539206126941448
2016-09-12,0.3716403247567276,0.3368778307131608,0.29148184453011167,0.01146325908580742,0.005138061448715408,2.292651817161484e-06,0.005135768796898247
2016-09-13,0.36759612594755925,0.3388301787095383,0.29357369534290234,0.004044198809168259,-0.01108089579007778,8.088397618336519e-07,-0.011081704629839614
2016-09-14,0.3637435463222267,0.33944373463229366,0.29681271904547957,0.0038525796253325584,0.0013850690286652649,7.705159250665117e-07,0.0013842985127401983
2016-09-15,0.36333574380123557,0.3393800819810882,0.29728417421767617,0.0004714551721965998,0.00025604726766125874,9.429103443931998e-08,0.00025595297662681945
2016-09-16,0.36049851521337534,0.3401253170758882,0.2993761677107364,0.00283722858786023,0.0006145220838418671,5.67445717572046e-07,0.000613954638124295
2016-09-19,0.3595637666897138,0.33831960578255366,0.3021166275277326,0.002740459816996166,-0.00040948124113944484,5.480919633992332e-07,-0.0004100293331028441
2016-09-20,0.3588660143073833,0.33991156810658635,0.3012224175860303,0.0015919623240327474,0.001494865008301191,3.183924648065495e-07,0.0014945466158363845
2016-09-21,0.3554017340169661,0.33685813719312974,0.30774012878990403,0.006517711203873761,0.0112105023152973,1.3035422407747522e-06,0.011209198773056525
2016-09-22,0.35507757972695514,0.33863527098457363,0.30628714928847117,0.001777133791443869,0.0056510190473303,3.554267582887738e-07,0.005650663620572011
2016-09-23,0.35661853132820437,0.33854299916455666,0.304838469507239,0.001540951601249202,-0.002084172248028534,3.081903202498404e-07,-0.0020844804383487836
2016-09-26,0.3602652802147085,0.30979533801298836,0.3299393817723031,0.028747661151568266,-0.001207443325888183,5.749532230313654e-06,-0.0012131928581184967
2016-09-27,0.3621978137510172,0.32003648565972354,0.3177657005892593,0.012173681183043822,0.0022791203727262153,2.4347362366087646e-06,0.0022766856364896063
2016-09-28,0.3730943638904252,0.3121623490039074,0.3147432871056674,0.010896550139408046,0.00018234767153013816,2.1793100278816094e-06,0.00018016836150225654
2016-09-29,0.3836891182126587,0.30792863589846986,0.30838224588887136,0.01059475432223353,-0.003059009342340659,2.118950864446706e-06,-0.003061128293205106
2016-09-30,0.3869900386742966,0.30593235129559126,0.3070776100301122,0.003300920461637824,-0.0008612874366055131,6.601840923275648e-07,-0.0008619476206978406
2016-10-03,0.37876224779979467,0.30745819867403734,0.3137795535261681,0.008227790874501956,-0.002724426996535441,1.6455581749003912e-06,-0.0027260725547103414
2016-10-04,0.37748955131704487,0.31002624540466484,0.31248420327829024,0.0025680467306275767,-0.016396552806692014,5.136093461255153e-07,-0.01639706641603814
2016-10-05,0.39604439430585253,0.31989812325323896,0.2840574824409085,0.028426720837381764,-0.0001841390789216663,5.685344167476353e-06,-0.00018982442308914264
2016-10-06,0.3954892170436519,0.3197588286608725,0.2847519542954756,0.0006944718545670858,-0.00414768905892257,1.3889437091341716e-07,-0.004147827953293484
2016-10-07,0.40629485601642806,0.315243162536663,0.27846198144690887,0.0108056389727762,-0.0009951299623246661,2.16112779455524e-06,-0.0009972910901192213
2016-10-10,0.4042007844253001,0.316571881906063,0.2792273336686369,0.002094071591127983,0.0012171537622626505,4.1881431822559655e-07,0.001216734947944425
2016-10-11,0.39845050903062673,0.32074215593897853,0.2808073350303946,0.005750275394673321,-0.00718056255827491,1.1500550789346643e-06,-0.007181712613353845
2016-10-12,0.38503821094593305,0.33013531573673865,0.28482647331732824,0.013412298084693713,0.0012809918983574925,2.6824596169387427e-06,0.001278309438740554
2016-10-13,0.3820596733697818,0.3358982500579218,0.28204207657229635,0.005762934321183133,0.0006947134725392311,1.1525868642366267e-06,0.0006935608856749945
2016-10-14,0.38058102859129955,0.3379984564340597,0.2814205149746408,0.0021002063761378365,-0.006110129346186355,4.2004127522756733e-07,-0.006110549387461583
2016-10-17,0.38522169523104655,0.33097117848692287,0.28380712628203053,0.007027277947136756,0.0015359469953236393,1.4054555894273513e-06,0.001534541539734212
2016-10-18,0.3849908168123938,0.3309905641032311,0.2840186190843751,0.00023087841865276904,0.005241639911953524,4.617568373055381e-08,0.0052415937362697935
2016-10-19,0.3817303553361193,0.3303692331497463,0.2879004115141345,0.0038817924297593065,0.0029415783099213944,7.763584859518614e-07,0.0029408019514354424
2016-10-20,0.37885370960692044,0.32770623069669386,0.2934400596963856,0.005539648182251222,-0.0012585368931330079,1.1079296364502445e-06,-0.0012596448227694581
2016-10-21,0.3791475069409012,0.32677818560876704,0.29407430745033175,0.0009280450879268765,0.0008872392152006435,1.856090175853753e-07,0.0008870536061830581
2016-10-24,0.37898754445804345,0.3259398219248894,0.29507263361706726,0.0009983261667354526,-0.0004655757157067305,1.9966523334709052e-07,-0.0004657753809400776
2016-10-25,0.37788143247711126,0.3258178404680531,0.29630072705483557,0.0012280934377683905,0.0018294764743312538,2.456186875536781e-07,0.0018292308556437
2016-10-26,0.3704847908947745,0.32923477785495736,0.3002804312502681,0.0073966415823367715,-0.004651467237776796,1.4793283164673544e-06,-0.004652946566093263
2016-10-27,0.3714220367077221,0.3282193109141706,0.3003586523781072,0.0010154669407867467,-0.004019117181975805,2.0309338815734935e-07,-0.004019320275363962
2016-10-28,0.3694851841243451,0.3261207722841717,0.3043940435914832,0.004035391213375955,-0.0003814669628959854,8.070782426751911e-07,-0.00038227404113866056
2016-10-31,0.3674996126321359,0.3303699765952074,0.3021304107726567,0.004249204311035731,0.002937996950198844,8.498408622071463e-07,0.002937147109336637
2016-11-01,0.3675186601774684,0.32986742093319193,0.3026139188893396,0.0005025556620154581,-0.0006772362415113468,1.0051113240309162e-07,-0.0006773367526437499
2016-11-02,0.3660938823411269,0.3316214683060461,0.302284649352827,0.001754047372854145,0.0014807906185058896,3.50809474570829e-07,0.0014804398090313188
2016-11-03,0.3645948464061884,0.33512101754440154,0.30028413604941007,0.003499549238355437,-0.0026381459701526745,6.999098476710875e-07,-0.0026388458800003455
2016-11-04,0.3620617964063494,0.3312357601160159,0.3067024434776346,0.006418307428224579,0.0027912676055949553,1.2836614856449159e-06,0.0027899839441093105
2016-11-07,0.3640066643600916,0.3276744638365626,0.30831887180334583,0.0035612962794533687,-0.0003089344776767986,7.122592558906737e-07,-0.00030964673693268925
2016-11-08,0.34405948688712507,0.34682431597161173,0.3091161971412631,0.019947177472966454,-0.0011484390098814253,3.989435494593291e-06,-0.0011524284453760187
2016-11-09,0.34273114014524525,0.3475239227786158,0.3097449370761389,0.0013283467418798711,-0.011316235771684065,2.6566934837597425e-07,-0.011316501441032441
2016-11-10,0.3655848451005075,0.2965756902137462,0.3378394646857463,0.05094823256486963,-0.008498568567246819,1.0189646512973928e-05,-0.008508758213759793
2016-11-11,0.36970539378286804,0.29799767100006325,0.3322969352170687,0.005542529468677615,-0.00988112520531376,1.1085058937355231e-06,-0.009882233711207496
2016-11-14,0.37617063884212043,0.304508231416569,0.31932112974131055,0.012975805475758162,-0.0042257918177459304,2.5951610951516326e-06,-0.004228386978841082
2016-11-15,0.3775663721201574,0.303699296532954,0.3187343313468886,0.0013957332780369647,0.007220837625970011,2.791466556073929e-07,0.0072205584793144035
2016-11-16,0.3765214510400218,0.3064745701388807,0.3170039788210975,0.0027752736059266925,0.0011107128228213703,5.550547211853385e-07,0.0011101577681001849
2016-11-17,0.377429465421243,0.3033934851224783,0.3191770494562786,0.003081085016402335,-0.00416394064710478,6.162170032804671e-07,-0.00416455686410806
2016-11-18,0.37779533956832423,0.2997895507819343,0.32241510964974157,0.003603934340544096,-0.004541840052483707,7.207868681088192e-07,-0.004542560839351816
2016-11-21,0.3769709977102023,0.3031139059773233,0.31991509631247433,0.003324355195389067,0.00479385334292809,6.648710390778135e-07,0.0047931884718890126
2016-11-22,0.3754340508741798,0.3041770515565494,0.32038889756927086,0.001536946836022568,0.000522021612351855,3.073893672045136e-07,0.0005217142229846504
2016-11-23,0.37512221963481,0.3024721307538825,0.32240564961130763,0.002016752042036718,-0.007359926564868306,4.033504084073436e-07,-0.0073603299152767135
2016-11-25,0.38005487826477896,0.3063895704576572,0.3135555512775638,0.008850098333743728,9.725036034590059e-05,1.7700196667487455e-06,9.548034067915184e-05
2016-11-28,0.3800036347685349,0.30671374978911914,0.31328261544234604,0.0003241793314618935,0.0037858565077632978,6.48358662923787e-08,0.003785791671897005
2016-11-29,0.3796900442107606,0.31194255563383944,0.30836740015539993,0.005228805844720352,0.0006115543401509175,1.0457611689440705e-06,0.0006105085789819734
2016-11-30,0.379381768606924,0.31035312081401084,0.3102651105790651,0.0018977104236651554,-0.010101615370645255,3.795420847330311e-07,-0.010101994912729988
2016-12-01,0.3837969910228906,0.30735692082763233,0.30884608814947695,0.004415222415966619,-0.0052362790468168646,8.830444831933238e-07,-0.005237162091300058
2016-12-02,0.38341823601826497,0.30602804901045094,0.31055371497128403,0.0017076268218070567,0.004105107668789289,3.4152536436141136e-07,0.0041047661434249275
2016-12-05,0.3836447662848195,0.3032964585643404,0.3130587751508401,0.002731590446110571,0.0003006140339359951,5.463180892221142e-07,0.000300067715846773
2016-12-06,0.3764655743866178,0.30186501761892043,0.3216694079944618,0.008610632843621707,0.0006477617902525825,1.7221265687243415e-06,0.0006460396636838581
2016-12-07,0.3761355797179508,0.30202837037853036,0.32183604990351883,0.000329994668666983,0.008655917070923913,6.599893373339661e-08,0.00865585107199018
2016-12-08,0.3706379221786665,0.3050005738150074,0.3243615040063262,0.005497657539284356,-0.0034437330958818502,1.0995315078568713e-06,-0.003444832627389707
2016-12-09,0.39462739066564445,0.29489321617631725,0.3104793931580384,0.023989468486977944,-0.004540279467897725,4.797893697395589e-06,-0.004545077361595121
2016-12-12,0.4046979936699887,0.28960061579865176,0.30570139053135953,0.010070603004344314,0.0012405352453538183,2.0141206008688628e-06,0.0012385211247529493
2016-12-13,0.41651686263615095,0.285241501394704,0.29824163596914505,0.011818868966162244,0.0028018579586042034,2.363773793232449e-06,0.002799494184810971
2016-12-14,0.41467514185093923,0.2853426886584918,0.2999821694905689,0.0018417207852116924,-0.011010877563504232,3.683441570423385e-07,-0.011011245907661274
2016-12-15,0.4175063183346634,0.28512365779088505,0.29737002387445155,0.002831176483724135,-0.0009123791048329189,5.66235296744827e-07,-0.0009129453401296637
2016-12-16,0.41942250073624804,0.28721441589844904,0.2933630833653029,0.0040069405091486265,0.00045956906125653625,8.013881018297253e-07,0.0004587676731547065
2016-12-19,0.4198021707767391,0.28805631427479195,0.2921415149484689,0.0012215684168339902,0.005472603460429563,2.4431368336679805e-07,0.005472359146746196
2016-12-20,0.4220946069355497,0.2855338627932654,0.29237153027118484,0.002522451481526522,-0.0019485805297514312,5.044902963053044e-07,-0.0019490850200477364
2016-12-21,0.4227934124806586,0.28222033056995366,0.29498625694938774,0.0033135322233117936,0.00023361865693482007,6.627064446623588e-07,0.0002329559504901577
2016-12-22,0.42285109463019965,0.2828753341707607,0.29427357119903963,0.0007126857503481077,-0.0019458006264786237,1.4253715006962154e-07,-0.0019459431636286934
2016-12-23,0.42466668697960736,0.2818229007494431,0.2935104122709495,0.0018155923494077297,0.00212363954544139,3.63118469881546e-07,0.0021232764269715084
2016-12-27,0.42939940987878267,0.2809059915244538,0.2896945985967635,0.004732722899175312,0.0018519995316337418,9.465445798350625e-07,0.0018510529870539067
2016-12-28,0.4304658488600958,0.2826768200330631,0.28685733110684103,0.002837267489922468,-0.0006989321106599631,5.674534979844936e-07,-0.0006994995641579476
2016-12-29,0.4280201919774275,0.28280463182584914,0.2891751761967233,0.00244565688266829,0.004705543837440323,4.891313765336581e-07,0.004705054706063789
2016-12-30,0.4376012549895522,0.28165767483997356,0.28074107017047417,0.009581063012124691,-0.0029044018318265434,1.9162126024249384e-06,-0.0029063180444289685
2017-01-03,0.4392038614827676,0.2815863222399147,0.2792098162773178,0.0016026064932153083,0.0067560330751244915,3.205212986430617e-07,0.0067557125538258486
2017-01-04,0.4384769628408822,0.2828476716977898,0.27867536546132804,0.001261349457875094,0.004680091950424278,2.522698915750188e-07,0.004679839680532703
2017-01-05,0.42177617575411736,0.27330904859737376,0.3049147756485089,0.026239410187180873,0.00867377838186617,5.247882037436175e-06,0.008668530499828735
2017-01-06,0.43094878442737294,0.2698890146836915,0.2991622008889355,0.009172608673255617,-0.0031417501823998396,1.8345217346511234e-06,-0.0031435847041344908
2017-01-09,0.4305358866836561,0.2689268877549307,0.3005372255614132,0.0013750246724776594,0.0032115163282784263,2.7500493449553187e-07,0.0032112413233439307
2017-01-10,0.43302726673762265,0.26801470257659393,0.2989580306857835,0.0024913800539664854,0.0010976999797068711,4.982760107932971e-07,0.0010972017036960779
2017-01-11,0.4340934760374647,0.2679437236139317,0.29796280034860356,0.001066209299842108,0.003050684754764839,2.132418599684216e-07,0.0030504715129048704
2017-01-12,0.4471719269420827,0.26142495286096,0.2914031201969573,0.013078450904617983,-0.000647558805997444,2.615690180923597e-06,-0.0006501744961783676
2017-01-13,0.44640638171157415,0.2620838787802358,0.29150973950819,0.0007655452305085075,0.0005454649330362858,1.531090461017015e-07,0.0005453118239901841
2017-01-17,0.447567895015886,0.26175488987066275,0.29067721511345124,0.0011615133043118286,0.005337207304112121,2.3230266086236575e-07,0.005336975001451258
2017-01-18,0.44886240111324366,0.26498214984943186,0.2861554490373245,0.004521766076126754,-0.004822432760902657,9.043532152253509e-07,-0.004823337114117882
2017-01-19,0.4521395936877373,0.26314692900838504,0.28471347730387764,0.003277192574493659,-0.003727845414590893,6.554385148987319e-07,-0.0037285008531057918
2017-01-20,0.451832034823383,0.2623907661999748,0.2857771989766423,0.0010637216727645837,0.0018332213554894256,2.1274433455291675e-07,0.0018330086111548727
2017-01-23,0.4509372492711692,0.2623554830532947,0.2867072676755361,0.0009300686988938933,0.0032955168579265398,1.8601373977877868e-07,0.003295330844186761
2017-01-24,0.45279270479774425,0.26050103793593643,0.28670625726631943,0.0018554555265750117,-0.00016917799750462812,3.7109110531500235e-07,-0.00016954908860994313
2017-01-25,0.45111458799873855,0.2612206013562766,0.2876648106449848,0.001678116799005619,-0.0017447305739494686,3.356233598011238e-07,-0.0017450661973092696
2017-01-26,0.44985556245321306,0.2611735435312146,0.28897089401557247,0.0013060833705876018,-0.002270163955476843,2.612166741175204e-07,-0.0022704251721509605
2017-01-27,0.45101103740152976,0.26049020024956987,0.2884987623489003,0.0011554749483167759,0.0008174968219035959,2.3109498966335518e-07,0.0008172657269139325
2017-01-30,0.4510040883784259,0.2603175331163844,0.2886783785051897,0.00017961615628933614,-0.002359361171003031,3.592323125786723e-08,-0.002359397094234289
2017-01-31,0.44744239781349454,0.26351422457387214,0.28904337761263343,0.003561690564931441,0.005801570338736975,7.123381129862883e-07,0.005800858000623989
2017-02-01,0.45210994141276517,0.2633587068695593,0.28453135171767546,0.004667543599270713,-0.0023115527227381867,9.335087198541425e-07,-0.002312486231458041
2017-02-02,0.45166240528083806,0.263836962326397,0.2845006323927649,0.0004782554568376618,0.0017675889066208763,9.565109136753236e-08,0.0017674932555295088
2017-02-03,0.4567234044655875,0.26121956009994507,0.2820570354344674,0.005060999184749421,0.003744466674201343,1.0121998369498842e-06,0.003743454474364393
2017-02-06,0.45740100699536257,0.2604196265458868,0.2821793664587506,0.0007999335540582464,0.004572825289241274,1.5998671081164928e-07,0.0045726653025304625
2017-02-07,0.4620774715602488,0.2605764796236712,0.2773460488160798,0.004833317642670698,0.0013701159642416248,9.666635285341397e-07,0.0013691493007130906
2017-02-08,0.4620742143348821,0.2609652836936037,0.27696050197151423,0.00038880406993241357,0.005875553109647583,7.776081398648272e-08,0.005875475348833596
2017-02-09,0.49870500404753965,0.2375809259140014,0.26371407003845887,0.03663078971265761,-0.0017899532965247968,7.326157942531522e-06,-0.0017972794544673283
2017-02-10,0.49924329778583854,0.2366536593850545,0.2641030428291069,0.0009272665289469101,0.0025309015682091385,1.85453305789382e-07,0.002530716114903349
2017-02-13,0.4832813323445376,0.27016483184776163,0.24655383580770082,0.03351117246270709,0.00010296587507447664,6.702234492541418e-06,9.626364058193522e-05
2017-02-14,0.4752119912498766,0.2755830063051646,0.24920500244495886,0.008069341094660967,0.00018435603098264976,1.6138682189321935e-06,0.00018274216276371758
2017-02-15,0.468668919228951,0.27032771720749443,0.2610033635635546,0.011798361118595752,0.0023631061685535294,2.3596722237191502e-06,0.00236074649632981
2017-02-16,0.46585673881483214,0.27102222914203494,0.263121032043133,0.0028121804141188755,0.0024958937086638506,5.624360828237751e-07,0.0024953312725810267
2017-02-17,0.4693286342519606,0.26829149195036267,0.2623798737976768,0.003471895437128447,0.001443514859907813,6.943790874256895e-07,0.0014428204808203875
2017-02-21,0.4696091276465217,0.2691437039848903,0.261247168368588,0.0011327054290887484,0.0024823313414139288,2.2654108581774968e-07,0.002482104800328111
2017-02-22,0.464142122548735,0.2757824123507666,0.2600754651004984,0.006638708365876322,0.00040030330256502806,1.3277416731752645e-06,0.0003989755608918528
2017-02-23,0.4634758454600329,0.2746566556224986,0.2618674989174684,0.0017920338169700734,0.003423298860737049,3.584067633940147e-07,0.003422940453973655
2017-02-24,0.46909377206107133,0.27284376000853067,0.25806246793039805,0.005617926601038353,0.0052740588902734226,1.1235853202076707e-06,0.005272935304953215
2017-02-27,0.47216318879969943,0.26940003058462353,0.25843678061567693,0.003443729423907055,-0.0021041885038836127,6.88745884781411e-07,-0.002104877249768394
2017-02-28,0.4652555610182188,0.2645602416301048,0.2701841973516763,0.011747416735999383,-2.4703780587561925e-05,2.349483347199877e-06,-2.7053263934761802e-05
2017-03-01,0.4635449726618628,0.26425992515785196,0.27219510218028525,0.0020109048286088838,0.0016723505884619007,4.0218096572177676e-07,0.0016719484074961789
2017-03-02,0.4517842352822003,0.263331378496097,0.2848843862217027,0.012689284041417448,-0.0073340388736117135,2.5378568082834895e-06,-0.007336576730419997
2017-03-03,0.4486851069399122,0.2682206427682771,0.2830942502918108,0.0048892642721800605,0.0008123197489180039,9.778528544360122e-07,0.0008113418960635679
2017-03-06,0.4413191634878076,0.27247535818636787,0.2862054783258246,0.00736594345210459,-0.004539577164173837,1.473188690420918e-06,-0.004541050352864258
2017-03-07,0.4413189810252375,0.2756248408733131,0.28305617810144945,0.0031494826869452597,-0.004433271411839298,6.29896537389052e-07,-0.004433901308376687
2017-03-08,0.43976286943369786,0.27861540203994595,0.28162172852635625,0.0029905611666328213,-0.004073512533284543,5.981122333265643e-07,-0.00407411064551787
2017-03-09,0.4418414492504997,0.2772144489605155,0.2809441017889849,0.0020785798168018177,-0.0030927036656858437,4.1571596336036354e-07,-0.003093119381649204
2017-03-10,0.4440328848686764,0.275447147601285,0.2805199675300385,0.002191435618176807,0.0031352337059465723,4.382871236353614e-07,0.003134795418822937
2017-03-13,0.4575506366786488,0.26996361586470596,0.27248574745664517,0.01351775180997239,-0.0014252338189944848,2.703550361994478e-06,-0.0014279373693564792
2017-03-14,0.45565593449901126,0.27288666387615146,0.27145740162483717,0.0029230480114455226,-0.0018991165111849298,5.846096022891046e-07,-0.001899701120787219
2017-03-15,0.451637128649024,0.2759484294270882,0.27241444192388775,0.004018805849987289,0.012363619258388237,8.037611699974578e-07,0.01236281549721824
2017-03-16,0.45454519572571905,0.2780789084672983,0.26737589580698246,0.00503854611690524,-0.0011980546632641372,1.0077092233810481e-06,-0.0011990623724875183
2017-03-17,0.45753449447925376,0.27606225212403346,0.2664032533967127,0.0029892987535346527,0.0015226428165748388,5.978597507069305e-07,0.0015220449568241318
2017-03-20,0.4596775541320545,0.2718079227741194,0.2685145230938261,0.004254329349914099,0.0018577101089142648,8.508658699828198e-07,0.001856859243044282
2017-03-21,0.4557054039551968,0.268912838146141,0.2753817578986623,0.00686723480483617,-0.001203061625907166,1.373446960967234e-06,-0.0012044350728681332
2017-03-22,0.4376142556590544,0.27723178517208624,0.2851539591688594,0.01809114829614239,0.0028351442390390745,3.6182296592284783e-06,0.002831526009379846
2017-03-23,0.4353765120812805,0.2802842710311435,0.28433921688757613,0.003052485859057208,-0.0012426691048020126,6.104971718114416e-07,-0.001243279601973824
2017-03-24,0.4340123671608452,0.279805913423571,0.28618171941558396,0.0018425025280078278,0.0011418173941533695,3.685005056015656e-07,0.001141448893647768
2017-03-27,0.43487365181657106,0.27950069932603355,0.28562564885739544,0.000861284655725908,0.0024356080963239537,1.722569311451816e-07,0.0024354358393928084
2017-03-28,0.43539368721596733,0.27896760724507996,0.2856387055389526,0.0005330920809535067,0.00013652552807351154,1.0661841619070134e-07,0.00013641890965732084
2017-03-29,0.4327409471999239,0.2798654181960237,0.28739363460405243,0.0026527400160434866,0.0027750909706548655,5.305480032086974e-07,0.002774560422651657
2017-03-30,0.4329794334147247,0.27891011113223174,0.2881104554530435,0.0009553070637919048,-0.002950223920189384,1.9106141275838098e-07,-0.002950414981602142
2017-03-31,0.4431251653151595,0.27513464405032617,0.2817401906345143,0.010145731900434773,0.00036311988825795717,2.0291463800869546e-06,0.0003610907418778702
2017-04-03,0.43889367931946927,0.2737568389042711,0.28734948177625963,0.005609291141745326,0.003522942764025025,1.1218582283490653e-06,0.0035218209057966757
2017-04-04,0.4412763939382739,0.2694166298171517,0.28930697624457447,0.004340209087119434,-0.0005256853809009451,8.680418174238869e-07,-0.000526553422718369
2017-04-05,0.4457463045800114,0.26574940198372937,0.28850429343625933,0.00446991064173749,-0.0005126370301844923,8.93982128347498e-07,-0.0005135310123128398
2017-04-06,0.44713637869206607,0.2650995500277313,0.28776407128020254,0.0013900741120547733,-0.0001946166449736061,2.7801482241095467e-07,-0.00019489465979601704
2017-04-07,0.4373437990197698,0.27025193687978316,0.2924042641004472,0.009792579672296409,-0.0008514755273965805,1.958515934459282e-06,-0.0008534340433310397
2017-04-10,0.4347121751006985,0.27122492376143403,0.2940629011378674,0.0026316239190712076,0.0015170740826777709,5.263247838142415e-07,0.0015165477578939566
2017-04-11,0.43419785068986483,0.27101175531023974,0.29479039399989543,0.000727492862027973,0.00632250766105249,1.4549857240559461e-07,0.006322362162480085
2017-04-12,0.44027261715922594,0.27090352188201106,0.2888238609587631,0.006074766469361059,0.0015314469592766261,1.214953293872212e-06,0.0015302320059827539
2017-04-13,0.4390825480721275,0.2718513440944396,0.2890661078334328,0.0011900690870983444,-0.00063849125555646,2.3801381741966888e-07,-0.0006387292693738797
2017-04-17,0.43482438929762335,0.27406738920071,0.2911082215016666,0.004258158774504167,0.002154231969930615,8.516317549008334e-07,0.0021533803381757143
2017-04-18,0.427872148219614,0.27821133018204264,0.2939165215983434,0.006952241078009402,0.0037566606301497763,1.3904482156018806e-06,0.0037552701819341745
2017-04-19,0.4252588438796795,0.27315283618354097,0.30158831993677954,0.007671798338436148,-0.0049478763713310305,1.5343596676872296e-06,-0.004949410730998718
2017-04-20,0.42221241739986404,0.27847166799014106,0.2993159146099948,0.005318831806600144,0.002924044223088646,1.0637663613200289e-06,0.002922980456727326
2017-04-21,0.41759759487528636,0.2815637355269723,0.3008386695977413,0.004614822524577705,-0.0004675237383813339,9.229645049155411e-07,-0.00046844670288624944
2017-04-24,0.4169147480335289,0.28210780468555047,0.30097744728092063,0.000682846841757484,0.0011499746131737511,1.365693683514968e-07,0.0011498380438053997
2017-04-25,0.4073385922615549,0.28933210552798505,0.3033293022104601,0.009576155771974043,-0.004184456845930103,1.915231154394809e-06,-0.004186372077084498
2017-04-26,0.4124459004807228,0.28679581721079167,0.3007582823084855,0.005107308219167966,0.002798246570854271,1.0214616438335933e-06,0.002797225109210437
2017-04-27,0.413331763164332,0.2883420144453708,0.29832622239029716,0.0024320599181883173,-0.0008584216422966289,4.864119836376635e-07,-0.0008589080542802666
2017-04-28,0.41130248050515844,0.28699138874450153,0.3017061307503401,0.0033799083600428714,0.0006907818398756863,6.759816720085743e-07,0.0006901058582036777
2017-05-01,0.4109404423232189,0.2874741514420069,0.3015854062347741,0.00048276269750544,-0.004101275212759065,9.6552539501088e-08,-0.004101371765298566
2017-05-02,0.41920009012932036,0.28435544821109143,0.29644446165958815,0.008259647806101417,0.0015645723212895132,1.6519295612202834e-06,0.001562920391728293
2017-05-03,0.41417388693406115,0.2819862438777157,0.3038398691882231,0.007395407528634934,-0.0045583891688949,1.4790815057269869e-06,-0.004559868250400627
2017-05-04,0.41797670614305127,0.2874425036931398,0.29458079016380884,0.009259079024414224,-0.0038967900867490665,1.8518158048828448e-06,-0.0038986419025539495
2017-05-05,0.4205804852513585,0.2876827890122089,0.29173672573643267,0.0028440644273762528,0.0024665611552374283,5.688128854752506e-07,0.002465992342351953
2017-05-08,0.4232704173899079,0.2862870601434631,0.2904425224666289,0.0026899321385494834,-0.0022740212755406066,5.379864277098967e-07,-0.0022745592619683166
2017-05-09,0.4193656346079641,0.282930102160052,0.2977042632319839,0.007261740765354963,-0.002193228919755121,1.4523481530709925e-06,-0.002194681267908192
2017-05-10,0.4187401717140433,0.2856245677854214,0.29563526050053535,0.0026944656253693744,0.0003951593987016738,5.388931250738749e-07,0.00039462050557659994
2017-05-11,0.4130995940084306,0.2925851116964662,0.29431529429510317,0.006960543911044864,0.0003227933884936855,1.3921087822089728e-06,0.00032140127971147655
2017-05-12,0.41059601916575206,0.29686855982276017,0.29253542101148794,0.0042834481262938595,0.002384712191322023,8.566896252587719e-07,0.0023838555016967643
2017-05-15,0.41268657334545006,0.29407953498233047,0.2932338916722194,0.002789024840429588,0.0022580724445195907,5.578049680859176e-07,0.0022575146395515046
2017-05-16,0.4114969524209085,0.2935038383275514,0.2949992092515403,0.0017653175793207465,0.0019984845898382113,3.530635158641493e-07,0.001998131526322347
2017-05-17,0.41177596039516123,0.29537416407800876,0.29284987552683006,0.0021493337247101563,0.002323004989660628,4.2986674494203126e-07,0.0023225751229156858
2017-05-18,0.3956822145165686,0.30739168214001567,0.29692610334341574,0.016093745878592608,-0.0004859431393903872,3.218749175718522e-06,-0.0004891618885661058
2017-05-19,0.3949695085067137,0.30976102131866146,0.29526947017462485,0.0023693391786457907,0.004762909809396932,4.738678357291582e-07,0.004762435941561203
2017-05-22,0.39154686664085947,0.31262046280343164,0.29583267055570894,0.0034226418658542535,0.0023677315449134716,6.845283731708508e-07,0.002367047016540301
2017-05-23,0.39275177660678984,0.31225623757724774,0.2949919858159625,0.0012049099659303675,-0.003101463415226818,2.409819931860735e-07,-0.0031017043972200037
2017-05-24,0.39478251719200474,0.3108096994833283,0.2944077833246669,0.002030740585214963,0.0038323816075699684,4.061481170429926e-07,0.0038319754594529254
2017-05-25,0.39369519488069254,0.3090447262128511,0.2972600789064563,0.002852295581789399,0.0016588519267355677,5.704591163578799e-07,0.0016582814676192098
2017-05-26,0.3884232586541243,0.31429702190210046,0.2972797194437753,0.005271936226568297,0.0030926435519956726,1.0543872453136595e-06,0.003091589164750359
2017-05-30,0.3886632621597034,0.31692720054570794,0.29440953729458874,0.0028701821491865787,0.00025091172841467833,5.740364298373157e-07,0.000250337691984841
2017-05-31,0.38979949152418153,0.316352126361533,0.2938483821142854,0.001136229364478214,0.0018676534036722555,2.272458728956428e-07,0.0018674261577993599
2017-06-01,0.39711789766484534,0.3232757367459514,0.2796063655892032,0.014242016525082196,0.0034236506890436592,2.8484033050164394e-06,0.003420802285738643
2017-06-02,0.3916853218085674,0.3221430779906767,0.2861716002007559,0.006565234611552645,0.007227737996893633,1.313046922310529e-06,0.0072264249499713225
2017-06-05,0.395595271062842,0.3170992842323184,0.2873054447048395,0.005043793758358228,-0.0019771448711259332,1.0087587516716456e-06,-0.001978153629877605
2017-06-06,0.3958560402831977,0.31470143593519545,0.289442523781607,0.002397848297123112,0.0037060987999714195,4.795696594246224e-07,0.003705619230311995
2017-06-07,0.396504816195666,0.31510036056175295,0.288394823242581,0.0010477005390259198,-0.00229517745284457,2.0954010780518396e-07,-0.002295386992952375
2017-06-08,0.3963384779546435,0.3150823210063648,0.2885792010389917,0.00018437779641070073,-0.0025225666038570984,3.687555928214015e-08,-0.0025226034794163807
2017-06-09,0.3947551423269498,0.3189624836843192,0.2862823739887311,0.003880162677954352,-0.0036977383131870795,7.760325355908704e-07,-0.0036985143457226705
2017-06-12,0.397381906726277,0.3204029013266922,0.2822151919470308,0.004067182041700229,-0.0006061048539394516,8.134364083400459e-07,-0.0006069182903477916
2017-06-13,0.3957732773046783,0.3233664566824307,0.280860266012891,0.002963555355738501,0.00226724282378892,5.927110711477002e-07,0.0022666501127177724
2017-06-14,0.39451571480949305,0.3234062754376369,0.28207800975287006,0.0012575624951852715,0.0029468735544558007,2.515124990370543e-07,0.002946622041956764
2017-06-15,0.3962845763660428,0.31068818283759836,0.29302724079635895,0.012718092600038589,-0.0024773324823085044,2.5436185200077177e-06,-0.002479876100828512
2017-06-16,0.3955529896782629,0.31245887622434376,0.29198813409739327,0.0017706933867454866,0.0007549163808065954,3.5413867734909736e-07,0.0007545622421292463
2017-06-19,0.39513455271410697,0.3135185675755158,0.2913468797103772,0.0010596913511720374,0.0006212960134718169,2.1193827023440748e-07,0.0006210840752015825
2017-06-20,0.3907258288136267,0.3173936625349389,0.2918805086514345,0.004408723900480305,-0.00040859329910306757,8.81744780096061e-07,-0.0004094750438831636
2017-06-21,0.401395873174791,0.3091895951844758,0.28941453164073316,0.010670044361164338,0.0013648490007984195,2.134008872232868e-06,0.0013627149919261867
2017-06-22,0.4014060422504392,0.30955019382726656,0.28904376392229436,0.0003707677184388858,0.001473328143524019,7.415354368777716e-08,0.001473253989980331
2017-06-23,0.40167733659836136,0.3098883217835636,0.2884343416180751,0.0006094223042192592,0.001571236344577683,1.2188446084385184e-07,0.0015711144601168391
2017-06-26,0.4021083349270629,0.3103195727583053,0.2875720923146317,0.0008622493034432799,-0.0011460153758564835,1.7244986068865598e-07,-0.0011461878257171723
2017-06-27,0.4034340770974328,0.31133659090294397,0.2852293319996232,0.0023427603150085463,-0.005491231620241227,4.685520630017093e-07,-0.0054917001723042294
2017-06-28,0.4027170001551976,0.3088363229622773,0.28844667688252507,0.003217344882901846,0.002800684692113594,6.434689765803692e-07,0.0028000412231370137
2017-06-29,0.39556810045249907,0.31268602170915577,0.29174587783834516,0.007148899702698552,-0.007520412557956539,1.4297799405397105e-06,-0.007521842337897079
2017-06-30,0.38789844855075967,0.31553835960946935,0.296563191839771,0.007669651901739405,-0.0007585258007146736,1.533930380347881e-06,-0.0007600597310950215
2017-07-03,0.3885747979725506,0.3150765167059666,0.29634868532148284,0.0006763494217909283,-0.005201736207429651,1.3526988435818567e-07,-0.005201871477314009
2017-07-05,0.3918571853260947,0.3232914211003568,0.28485139357354855,0.01149729174793429,0.0020390752955666207,2.299458349586858e-06,0.0020367758372170338
2017-07-06,0.39066667140265315,0.32556617578374614,0.28376715281360076,0.002274754683389335,-0.006387792351953868,4.54950936677867e-07,-0.006388247302890546
2017-07-07,0.38598751177628127,0.3253814156272112,0.2886310725965076,0.004863919782906845,-0.00239612576848476,9.72783956581369e-07,-0.0023970985524413412
2017-07-10,0.38644526708501276,0.326238480324689,0.28731625259029825,0.001314820006209333,0.0013671854642405066,2.629640012418666e-07,0.0013669225002392647
2017-07-11,0.3859918781486552,0.3270523334104903,0.2869557884408544,0.0008138530858013415,0.0006446469981169559,1.627706171602683e-07,0.0006444842274997956
2017-07-12,0.3854108951298382,0.32806315209266884,0.2865259527774928,0.0010108186821785603,0.0061775863605175296,2.0216373643571206e-07,0.006177384196781094
2017-07-13,0.37609473632611173,0.3282187116401987,0.2956865520336896,0.009316158803726576,-0.001968516274561776,1.8632317607453153e-06,-0.0019703795063225216
2017-07-14,0.37722218269240476,0.32524028468217986,0.2975375326254154,0.002978426958018837,0.004595908355103665,5.956853916037674e-07,0.004595312669712062
2017-07-17,0.3813326530269089,0.3249841496393858,0.2936831973337051,0.004110470334504207,0.002157361744248809,8.220940669008415e-07,0.002156539650181908
2017-07-18,0.3869304725589905,0.3228478592490672,0.2902216681919423,0.005597819532081522,0.005053073983634181,1.1195639064163044e-06,0.005051954419727765
2017-07-19,0.3858134328500759,0.32800795696009627,0.2861786101898278,0.005160097711029044,0.0021476740542297245,1.0320195422058089e-06,0.0021466420346875187
2017-07-20,0.3821277651491434,0.3290911603669868,0.28878107448386986,0.0036856677009325656,0.001510750078188298,7.371335401865132e-07,0.0015100129446481115
2017-07-21,0.386239288188517,0.3272521073499068,0.2865086044615763,0.004111523039373621,0.0035135071762092034,8.223046078747243e-07,0.0035126848716013287
2017-07-24,0.38954376734868035,0.32707769842041956,0.2833785342309002,0.003304479160163326,-0.0012510806380836923,6.608958320326652e-07,-0.001251741533915725
2017-07-25,0.3979411993310484,0.32173232669479296,0.2803264739741588,0.008397431982368031,-0.004137648621742025,1.6794863964736064e-06,-0.0041393281081384984
2017-07-26,0.39903793168952073,0.31737370685055305,0.28358836145992633,0.004358619844239908,0.002819154125619972,8.717239688479817e-07,0.002818282401651124
2017-07-27,0.39931067912922136,0.31954222771942714,0.28114709315135145,0.002441268308574801,-0.0021572884612689053,4.882536617149603e-07,-0.00215777671493062
2017-07-28,0.3996700189916212,0.31788228654615003,0.2824476944622287,0.001659941173277113,0.003537480576328922,3.319882346554226e-07,0.003537148588094267
2017-07-31,0.4021735845516794,0.31689537885943236,0.28093103658888835,0.002503565560058124,0.0002953338995406606,5.007131120116248e-07,0.000294833186428649
2017-08-01,0.39786070222800823,0.31953759728067427,0.28260170049131744,0.00431288232367108,0.0028963029528226367,8.625764647342161e-07,0.0028954403763579023
2017-08-02,0.39835861882530144,0.318441769482364,0.28319961169233443,0.0010958277983102171,-0.00021487259504031142,2.1916555966204345e-07,-0.00021509176059997346
2017-08-03,0.39375584850891543,0.31430440073115334,0.2919397507599312,0.008740139067596742,0.002948270104596097,1.7480278135193483e-06,0.0029465220767825777
2017-08-04,0.39216314014933046,0.30862742092204,0.2992094389286295,0.007269688168698302,-0.004238660329824976,1.4539376337396605e-06,-0.004240114267458716
2017-08-07,0.39756450363331614,0.30506499097575723,0.29737050539092663,0.0054013634839856495,0.0007329758828609021,1.08027269679713e-06,0.000731895610164105
2017-08-08,0.39622542791525,0.3069776231681973,0.2967969489165526,0.0019126321924401168,-0.0012103528753453618,3.825264384880234e-07,-0.0012107354017838498
2017-08-09,0.3950493628955681,0.30562221174239146,0.2993284253620406,0.0025314764454878735,0.005272663949877561,5.062952890975747e-07,0.005272157654588463
2017-08-10,0.39934612278322085,0.3073190059472307,0.2933348712695484,0.005993554092492109,-0.0008360399762606975,1.1987108184984218e-06,-0.000837238687079196
2017-08-11,0.3829788560316339,0.3146428330404928,0.3023783109278733,0.01636726675158698,0.002149877938194919,3.273453350317396e-06,0.0021466044848446014
2017-08-14,0.38220446799973423,0.3171349476033964,0.3006605843968695,0.002492114562903547,2.7976578317154017e-05,4.984229125807093e-07,2.7478155404573308e-05
2017-08-15,0.3790538525465654,0.3198398656459758,0.30110628180745874,0.003150615453168748,-0.0037151894605608827,6.301230906337496e-07,-0.0037158195836515164
2017-08-16,0.38092620451406095,0.3201160055629045,0.2989577899230345,0.0021484918844242584,0.004039577444988365,4.296983768848517e-07,0.00403914774661148
2017-08-17,0.39949323682252236,0.30862427435111045,0.2918824888263672,0.01856703230846138,-0.0024359097506589174,3.7134064616922757e-06,-0.0024396231571206096
2017-08-18,0.3754412945140428,0.3170487746139353,0.3075099308720219,0.024051942308479568,-0.001138870788238826,4.810388461695914e-06,-0.0011436811767005217
2017-08-21,0.3777202187051164,0.3153808990252925,0.3068988822695911,0.002278924191073617,0.0022221287993538785,4.557848382147234e-07,0.002221673014515664
2017-08-22,0.37938097429024115,0.31470669644184546,0.30591232926791334,0.001660755585124768,0.0013816810970715527,3.321511170249536e-07,0.0013813489459545277
2017-08-23,0.36928209472085666,0.3203836880131886,0.3103342172659548,0.010098879569384545,0.002023222511988455,2.019775913876909e-06,0.002021202736074578
2017-08-24,0.3686676394700963,0.32009902668348494,0.3112333338464187,0.0008991165804639878,-0.0030051984275211215,1.7982331609279756e-07,-0.0030053782508372142
2017-08-25,0.37061226793152713,0.3187474832626044,0.31064024880586855,0.0019446284614307863,0.0032402984704924882,3.889256922861573e-07,0.003239909544800202
2017-08-28,0.36876942474551944,0.3168385169975595,0.31439205825692107,0.0037518094510525513,0.004810896673542194,7.503618902105103e-07,0.004810146311651983
2017-08-29,0.37454304508738995,0.3231548911273971,0.30230206378521296,0.01208999447170811,0.0008154413044045585,2.417998894341622e-06,0.0008130233055102169
2017-08-30,0.3745020232011991,0.3228794240754458,0.3026185527233552,0.00031648893814220647,0.001527043136712345,6.32977876284413e-08,0.0015269798389247167
2017-08-31,0.37780974974618414,0.321181208493981,0.30100904175983484,0.0033077265449850957,0.006763261334362017,6.615453089970192e-07,0.00676259978905302
2017-09-01,0.37371956100903114,0.3313023095502953,0.2949781294406736,0.01012110105631428,-0.0014428719332353482,2.024220211262856e-06,-0.001444896153446611
2017-09-05,0.3744763842676596,0.3300461754039769,0.2954774403283634,0.0012561341463183662,0.005825654549179405,2.5122682926367325e-07,0.005825403322350141
2017-09-06,0.37759105627078177,0.31964567676638955,0.30276326696282874,0.010400498637587408,-0.0022159923459773977,2.080099727517482e-06,-0.002218072445704915
2017-09-07,0.3774248289799822,0.3190382654263275,0.3035369055936903,0.0007736386308615784,0.006379481027671203,1.547277261723157e-07,0.006379326299945031
2017-09-08,0.3808576787313357,0.3156325084602422,0.3035098128084222,0.0034328497513534395,-0.0015098044337720521,6.86569950270688e-07,-0.0015104910037223229
2017-09-11,0.37855471651595035,0.31336162033963316,0.30808366314441643,0.004573850335994306,-0.003988542354322182,9.147700671988613e-07,-0.003989457124389381
2017-09-12,0.3799310353869325,0.314328940206077,0.3057400244069905,0.0023436387374259626,0.000524785864353361,4.6872774748519256e-07,0.0005243171366058758
2017-09-13,0.38173942879099904,0.31245814203921124,0.3058024291697898,0.001870798166865778,-0.003344533207337699,3.741596333731556e-07,-0.003344907366971072
2017-09-14,0.3768497906151823,0.32338465986551307,0.2997655495193047,0.01092651782630183,0.002523507924330713,2.185303565260366e-06,0.002521322620765453
2017-09-15,0.37731563879882624,0.3222758418078732,0.30040851939330065,0.0011088180576398765,-0.0008648650397767843,2.2176361152797532e-07,-0.0008650868033883123
2017-09-18,0.3779592827753645,0.32313356036909846,0.2989071568555371,0.0015013625377635342,-0.00384169840252241,3.0027250755270686e-07,-0.0038419986750299626
2017-09-19,0.3842231187181444,0.31968451535177667,0.2960923659300791,0.0062638359427798496,0.00021814998259320136,1.25276718855597e-06,0.0002168972154046454
2017-09-20,0.3861213134947317,0.3211678817395223,0.292710804765746,0.0033815611643330246,-0.0019801575069300394,6.763122328666049e-07,-0.001980833819162906
2017-09-21,0.3876844282321688,0.32270394428151017,0.289611627486321,0.003099177279424964,-0.0034203479565370594,6.198354558849928e-07,-0.0034209677919929443
2017-09-22,0.3880440595008531,0.3244613259484372,0.2874946145507098,0.0021170129356112566,0.00231816140182108,4.234025871222513e-07,0.0023177379992339576
2017-09-25,0.38838679262507236,0.32402146653523034,0.2875917408396972,0.00043985941320676125,0.004244767387364817,8.797188264135225e-08,0.004244679415482176
2017-09-26,0.3887006680494544,0.32301534128710696,0.2882839906634385,0.0010061252481233796,-0.0035686567045328382,2.0122504962467592e-07,-0.003568857929582463
2017-09-27,0.3941529699397297,0.3279408622093647,0.2779061678509055,0.010377822812533022,-0.006024329331072137,2.0755645625066045e-06,-0.006026404895634644
2017-09-28,0.40811868979934757,0.31533559259306887,0.27654571760758345,0.013965719859617864,7.657840091184625e-05,2.793143971923573e-06,7.378525693992268e-05
2017-09-29,0.4141416368146384,0.3134939326016174,0.2723644305837441,0.006022947015290825,0.0007569044317341743,1.204589403058165e-06,0.0007556998423311162
2017-10-02,0.4139210656082809,0.31421935048732996,0.2718595839043891,0.0007254178857125371,-0.0005907407451527689,1.4508357714250742e-07,-0.0005908858287299114
2017-10-03,0.4076459798522063,0.3115115652941865,0.28084245485360726,0.008982870949218125,0.0013126725504008438,1.796574189843625e-06,0.0013108759762110002
2017-10-04,0.40750985123821953,0.31128961027837293,0.2812005384834075,0.0003580836298002765,0.0012997267349904558,7.161672596005531e-08,0.0012996551182644957
2017-10-05,0.4154892823936808,0.30968438955870486,0.2748263280476143,0.007979431155461264,-0.00018230507781579787,1.5958862310922529e-06,-0.0001839009640468901
2017-10-06,0.41357509718653646,0.3091722803634191,0.2772526224500444,0.0024262944024301125,-3.2683993879994945e-05,4.852588804860225e-07,-3.316925276048097e-05
2017-10-09,0.4137350665774739,0.3092388631512071,0.277026070271319,0.00022655217872541433,0.0025573305681058115,4.531043574508287e-08,0.0025572852576700666
2017-10-10,0.4147379624219744,0.3100065335053399,0.2752555040726856,0.001770566198633361,0.002315938781256697,3.541132397266722e-07,0.00231558466801697
2017-10-11,0.4177875770859662,0.3098202864886416,0.2723921364253923,0.003049614663991701,0.0021231058076930332,6.099229327983402e-07,0.002122495884760235
2017-10-12,0.41647614439586716,0.3118943837574699,0.27162947184666303,0.00207409726882829,0.0009291296522716758,4.14819453765658e-07,0.0009287148328179101
2017-10-13,0.41697193637116303,0.3095693361450189,0.2734587274838181,0.0023250476124509756,0.004806786402635143,4.6500952249019514e-07,0.004806321393112652
2017-10-16,0.4190542522658215,0.3078868854421772,0.27305886229200144,0.002082315894658432,-0.0015355876547368929,4.164631789316864e-07,-0.0015360041179158246
2017-10-17,0.41716726025704265,0.31198712134382,0.27084561839913723,0.004100235901642935,-0.0011591948372769907,8.20047180328587e-07,-0.0011600148844573192
2017-10-18,0.4209266456691756,0.31144009523648286,0.2676332590943416,0.0037593854121328596,-0.0026490287008682275,7.51877082426572e-07,-0.002649780577950654
2017-10-19,0.4225730602544865,0.30962740791455556,0.267799531830958,0.0018126873219272976,0.002244992695156719,3.625374643854595e-07,0.0022446301576923336
2017-10-20,0.42155902445271154,0.30968805683389755,0.26875291871339096,0.0010140358017749485,-0.0028244096592354093,2.028071603549897e-07,-0.0028246124663957642
2017-10-23,0.423514591677546,0.3064163587858119,0.270069049536642,0.0032716980480855806,-0.0006813667733709216,6.543396096171162e-07,-0.0006820211129805388
2017-10-24,0.4157332348248011,0.31639455710125075,0.2678722080739481,0.009978198315438808,-0.00226468378798049,1.9956396630877615e-06,-0.0022666794276435774
2017-10-25,0.4160169359179931,0.3136294110777348,0.2703536530042721,0.002765146023515963,-0.0035138553456973854,5.530292047031927e-07,-0.0035144083749020887
2017-10-26,0.4128329312419096,0.3153683213427957,0.2717987474152948,0.0031840046760835405,-0.0028035801052261593,6.368009352167082e-07,-0.002804216906161376
2017-10-27,0.4126874647378673,0.31683794142559135,0.27047459383654143,0.001469620082795664,0.00675157077827817,2.9392401655913284e-07,0.006751276854261612
2017-10-30,0.4089236797405951,0.31786834958295396,0.273207970676451,0.0037637849972721737,0.0020400205943561516,7.527569994544348e-07,0.002039267837356697
2017-10-31,0.4085777959453727,0.3165588313940645,0.27486337266056293,0.0016554019841119316,-0.00030552632109468033,3.3108039682238633e-07,-0.00030585740149150273
2017-11-01,0.4087191404869655,0.3167766917289343,0.27450416778410014,0.0003592048764627098,0.0029517808974418307,7.184097529254197e-08,0.0029517090564665383
2017-11-02,0.40672159906575805,0.3214180453920504,0.27186035554219157,0.004641353663116049,0.0017547513759914588,9.282707326232099e-07,0.0017538231052588356
2017-11-03,0.40363898369943046,0.32344965881276033,0.2729113574878092,0.00308261536632759,0.0009415756612363886,6.16523073265518e-07,0.0009409591381631231
2017-11-06,0.4037450011199904,0.32379561363490383,0.2724593852451058,0.00045197224270340786,0.004162835705716317,9.039444854068157e-08,0.004162745311267776
2017-11-07,0.405933198227891,0.32441884355575396,0.26964795821635495,0.0028114270287507848,0.00010573306302475197,5.622854057501569e-07,0.00010517077761900182
2017-11-08,0.4026797660942436,0.3230149537369872,0.2743052801687692,0.004657321952414195,0.0009212850980250601,9.314643904828391e-07,0.0009203536336345773
2017-11-09,0.42490055723347997,0.3122897470289095,0.2628096957376105,0.02222079113923639,-0.0013507295068455865,4.4441582278472785e-06,-0.0013551736650734337
2017-11-10,0.42241860466174846,0.31313735328898695,0.2644440420492645,0.002481952571731505,-0.007018207916381783,4.96390514346301e-07,-0.00701870430689613
2017-11-13,0.44009454202743653,0.29664683432349626,0.2632586236490671,0.017675937365688094,0.0014220629231931343,3.535187473137619e-06,0.0014185277357199968
2017-11-14,0.438476658420322,0.2963600668324989,0.26516327474717905,0.0019046510981119147,0.0015297356581169836,3.8093021962238293e-07,0.0015293547278973612
2017-11-15,0.43713535233788214,0.29452692575340134,0.26833772190871646,0.0031744471615374192,0.0006803549530795153,6.348894323074839e-07,0.0006797200636472078
2017-11-16,0.47541686105447767,0.27184265160248583,0.25274048734303634,0.03828150871659558,0.0016579304874447028,7.656301743319117e-06,0.0016502741857013837
2017-11-17,0.4689254481586569,0.2727641269927207,0.2583104248486225,0.006491412895820892,0.0037502879985986644,1.2982825791641784e-06,0.0037489897160195
2017-11-20,0.47087612598867484,0.2737894917317693,0.2553343822795559,0.0029760425690665837,-0.0025260364648171836,5.952085138133168e-07,-0.002526631673330997
2017-11-21,0.48959357976172485,0.26793928738443507,0.24246713285384017,0.018717453773049994,0.004451389204726132,3.743490754609999e-06,0.004447645713971522
2017-11-22,0.4863189844850907,0.270425354519226,0.24325566099568324,0.003274595276634082,0.002686688898502103,6.549190553268164e-07,0.0026860339794467763
2017-11-24,0.4893026440887278,0.2707856948093576,0.23991166110191456,0.0033439998937686982,-0.00022151820837644672,6.687999787537397e-07,-0.00022218700835520045
2017-11-27,0.4889808054042419,0.2709723014752776,0.24004689312048055,0.00032183868448597275,0.000371984616072634,6.436773689719455e-08,0.0003719202483357368
2017-11-28,0.48334716267848543,0.26803098832060374,0.24862184900091075,0.008574955880430266,0.005222876816595577,1.714991176086053e-06,0.005221161825419491
2017-11-29,0.4685323180905579,0.275877423747668,0.2555902581617742,0.01481484458792763,-0.004607543715679759,2.9629689175855264e-06,-0.004610506684597344
2017-11-30,0.4738549382053973,0.27118464297617423,0.2549604188184284,0.005322620114839499,0.0012773954163332376,1.0645240229679e-06,0.0012763308923102697
2017-12-01,0.46582474209107655,0.2727573713910051,0.2614178865179185,0.008030196114320848,0.0037718036204974813,1.6060392228641696e-06,0.0037701975812746173
2017-12-04,0.46803676853134113,0.2683655591835436,0.2635976722851153,0.00439181220746146,-0.0013279490873424353,8.78362441492292e-07,-0.0013288274497839276
2017-12-05,0.4682291473121479,0.2721156438304891,0.259655208857363,0.003942463427752285,-0.0021727433921394403,7.884926855504571e-07,-0.002173531884824991
2017-12-06,0.4654129619529012,0.2745295099941786,0.26005752805292015,0.002816185359246659,0.0004974529268600333,5.632370718493319e-07,0.000496889689788184
2017-12-07,0.459238376368461,0.2770005686884171,0.26376105494312196,0.006174585584440284,-0.004192362634819979,1.234917116888057e-06,-0.004193597551936867
2017-12-08,0.4650453336199524,0.2764660040569576,0.25848866232309003,0.0058069572514914125,0.0025360628565838433,1.1613914502982826e-06,0.002534901465133545
2017-12-11,0.46919359666985466,0.27425012598102483,0.25655627734912057,0.004148263049902262,-0.00016689036555197687,8.296526099804525e-07,-0.00016772001816195732
2017-12-12,0.46848112592674396,0.2752262121532367,0.2562926619200193,0.0009760861722119263,0.0010219789825688273,1.9521723444238527e-07,0.001021783765334385
2017-12-13,0.4668857070575985,0.27547730606592274,0.25763698687647874,0.0015954188691454374,0.004242389249582209,3.190837738290875e-07,0.00424207016580838
2017-12-14,0.47004556842905504,0.2744208950303083,0.25553353654063665,0.0031598613714565182,-0.0012714495841081236,6.319722742913037e-07,-0.001272081556382415
2017-12-15,0.4652101487889694,0.2758832898774581,0.2589065613335726,0.004835419640085686,0.0054538924687240805,9.670839280171373e-07,0.005452925384796063
2017-12-18,0.4534653655514274,0.2807660544859551,0.2657685799626175,0.01174478323754194,0.0015425339843487937,2.3489566475083877e-06,0.0015401850277012852
2017-12-19,0.4522297477364625,0.2791776441471151,0.26859260811642244,0.0028240281538049194,-0.0051566974212046346,5.648056307609839e-07,-0.005157262226835395
2017-12-20,0.45190637233059666,0.2718824832408811,0.2762111444285223,0.007618536312099855,-0.0025096507838042077,1.523707262419971e-06,-0.0025111744910666276
2017-12-21,0.45585649963247843,0.2647909826203903,0.2793525177471314,0.007091500620490826,0.0028774242961034373,1.4183001240981653e-06,0.002876005995979339
2017-12-22,0.455922217048746,0.2632827816316565,0.2807950013195974,0.0015082009887336933,0.0017102331755257363,3.016401977467387e-07,0.0017099315353279897
2017-12-26,0.4534980386351043,0.2626258476165699,0.28387611374832583,0.003081112428728411,0.002184626837259106,6.162224857456822e-07,0.0021840106147733604
2017-12-27,0.450531948593554,0.2614711311068681,0.28799692029957785,0.004120806551252049,0.004712973555789861,8.241613102504098e-07,0.00471214939447961
2017-12-28,0.44732728497788865,0.2623173230868431,0.29035539193526816,0.0032046636156653208,0.0021654225258878933,6.409327231330642e-07,0.00216478159316476
2017-12-29,0.44771122549082565,0.2632640019523849,0.2890247725567895,0.0013306193784787534,0.0006095891303075727,2.661238756957507e-07,0.0006093230064318769
2018-01-02,0.44517764779110647,0.26496585851749327,0.2898564936914003,0.0025335776997191806,0.0038412126546169345,5.067155399438361e-07,0.003840705939076991
2018-01-03,0.44715467900170486,0.263548283677033,0.28929703732126205,0.0019770312105984733,0.003325620852879838,3.954062421196947e-07,0.0033252254466377184
2018-01-04,0.4440615386992673,0.26480452430269774,0.29113393699803514,0.003093140302437708,0.003322332222781264,6.186280604875416e-07,0.003321713594720776
2018-01-05,0.44323282836268235,0.26576049479363945,0.2910066768436782,0.0009559704909417877,0.0018933268139020463,1.9119409818835754e-07,0.001893135619803858
2018-01-08,0.4408648287338368,0.2659039981903818,0.2932311730757813,0.002367999628845485,0.000590068664765431,4.7359992576909707e-07,0.0005895950648396619
2018-01-09,0.4408501466056951,0.2655821566667325,0.2935676967275723,0.0003365236517910153,-0.0039121780623644405,6.730473035820307e-08,-0.003912245367094799
2018-01-10,0.44507285594114837,0.25725905709326957,0.29766808696558206,0.008323099573462972,-0.00027655030833981535,1.6646199146925944e-06,-0.00027821492825450797
2018-01-11,0.4441176588427701,0.25768426181101667,0.2981980793462131,0.0009551970983782132,0.005279884541002604,1.9103941967564264e-07,0.005279693501582928
2018-01-12,0.43928369659338257,0.2595872259479535,0.3011290774586638,0.004833962249387536,0.0069509332977888486,9.667924498775071e-07,0.006949966505338971
2018-01-16,0.44110982076202004,0.26405628676935666,0.29483389246862335,0.006295184990040531,8.252204298093583e-05,1.2590369980081062e-06,8.126300598292773e-05
2018-01-17,0.43550163070160575,0.2659408003058504,0.298557568992544,0.005608190060414325,0.001371479041889436,1.121638012082865e-06,0.0013703574038773532
2018-01-18,0.42778510284712307,0.27024685670420384,0.30196804044867315,0.007716527854482652,-0.003899789252545629,1.5433055708965306e-06,-0.003901332558116525
2018-01-19,0.4269711625704396,0.26658210940867166,0.30644672802088885,0.004478687572215673,0.0019053345354355696,8.957375144431346e-07,0.0019044387979211266
2018-01-22,0.42541789595860896,0.26760747222634607,0.30697463181504503,0.0015532666118306115,0.0042784250132462155,3.1065332236612234e-07,0.00427811435992385
2018-01-23,0.41958953302967855,0.26937363424433564,0.31103683272598587,0.005828362928930408,0.0035966162753297438,1.1656725857860818e-06,0.0035954506027439576
2018-01-24,0.41782386098943725,0.2717342658396335,0.3104418731709293,0.0023606315952978685,0.00214680309778657,4.721263190595737e-07,0.0021463309714675107
2018-01-25,0.4259374896783875,0.2719317090552103,0.302130801266402,0.008311071904527179,0.00039590539890415775,1.6622143809054359e-06,0.0003942431845232523
2018-01-26,0.4274779942584795,0.2716671916524883,0.3008548140890321,0.0015405045800919448,0.004177099383839788,3.08100916018389e-07,0.0041767912829237695
2018-01-29,0.42128236423632237,0.27486721081995014,0.30385042494372766,0.006195630022157256,-0.00641399167522156,1.2391260044314513e-06,-0.006415230801225992
2018-01-30,0.41275726059464957,0.2761773875383086,0.31106535186704176,0.008525103641672693,-0.007197429626872245,1.7050207283345388e-06,-0.007199134647600579
2018-01-31,0.4027442080273408,0.2815498154879688,0.3157059764846904,0.010013052567308806,0.00397786827824223,2.0026105134617613e-06,0.003975865667728768
2018-02-01,0.40512595799897727,0.28337881777021323,0.3114952242308096,0.004210752253880845,-0.003541970337450244,8.42150450776169e-07,-0.00354281248790102
2018-02-02,0.40841471224522186,0.2753335586855948,0.31625172906918353,0.008045259084618478,-0.015594575101332584,1.6090518169236957e-06,-0.015596184153149508
2018-02-05,0.3715334151129616,0.2978584022113566,0.3306081826756817,0.03688129713226013,-0.011886757058106752,7.376259426452026e-06,-0.011894133317533204
2018-02-06,0.29391001279115814,0.3323768504921461,0.3737131367166958,0.07762340232180354,-0.00019701223536982247,1.5524680464360707e-05,-0.0002125369158341832
2018-02-07,0.2867678289031544,0.3388430722323464,0.37438909886449917,0.007142183888003695,-0.006537321968301785,1.4284367776007391e-06,-0.006538750405079385
2018-02-08,0.285919416338925,0.33601039558221607,0.3780701880788589,0.003681089214359723,-0.01051669805929174,7.362178428719446e-07,-0.010517434277134611
2018-02-09,0.2546769655036376,0.3509067249574146,0.3944163095389479,0.031242450835287455,0.0009455563154274802,6.2484901670574915e-06,0.0009393078252604227
2018-02-12,0.2512495135697221,0.35144309503530285,0.3973073913949751,0.0034274519339154985,0.007149690108923036,6.854903867830998e-07,0.007149004618536252
2018-02-13,0.24867032806738895,0.3520881821989421,0.39924148973366885,0.0025791855023330618,0.004454652183321201,5.158371004666124e-07,0.004454136346220734
2018-02-14,0.24470310255283373,0.3578797740936089,0.39741712335355733,0.005791591894666756,0.006109462021889046,1.1583183789333513e-06,0.006108303703510112
2018-02-15,0.2492620398238949,0.3629198312065242,0.38781812896958084,0.009598994383976489,0.004867979880258253,1.919798876795298e-06,0.004866060081381458
2018-02-16,0.2465962755007363,0.3654846725096463,0.3879190519896174,0.002665764323158612,0.0007845253533955167,5.331528646317224e-07,0.000783992200530885
2018-02-20,0.24577204880792503,0.36975950678203684,0.384468444410038,0.004274834272390601,-0.008326747624089725,8.549668544781204e-07,-0.008327602590944203
2018-02-21,0.24862492122020452,0.37742341760769643,0.3739516611720991,0.010516783237939004,-0.007584930237254428,2.1033566475878007e-06,-0.007587033593902016
2018-02-22,0.24741496092897736,0.3721884674721311,0.3803965715988917,0.006444910426792544,0.0033738416729107365,1.2889820853585088e-06,0.003372552690825378
2018-02-23,0.24482176386806218,0.3671514863517039,0.3880267497802339,0.007630178181342276,0.006671848424546395,1.5260356362684552e-06,0.0066703223889101266
2018-02-26,0.24329101634204667,0.3652094860071518,0.39149949765080144,0.0034727478705675885,0.003910926264223145,6.945495741135177e-07,0.003910231714649032
2018-02-27,0.2400630265640395,0.36448189426937144,0.3954550791665891,0.003955581515787607,-0.007650220052402222,7.911163031575214e-07,-0.00765101116870538
2018-02-28,0.23959209372378218,0.3691376015168918,0.39127030475932606,0.00465570724752036,-0.0004873998666537742,9.311414495040721e-07,-0.0004883310081032783
2018-03-01,0.23854371606390454,0.36733182418331495,0.3941244597527805,0.0028541549934544552,-0.0018439113369745825,5.708309986908911e-07,-0.0018444821679732735
2018-03-02,0.23762167064584758,0.36620120855512295,0.3961771207990294,0.0020526610462489325,0.00037632941411574203,4.1053220924978655e-07,0.00037591888190649227
2018-03-05,0.23655265734544703,0.3669295175536095,0.39651782510094347,0.001069013300400573,0.001077871383651118,2.1380266008011464e-07,0.001077657580991038
2018-03-06,0.23457843904931122,0.36548677750771985,0.39993478344296884,0.0034169583420254057,0.005248340043673888,6.833916684050812e-07,0.005247656652005483
2018-03-07,0.2331532506978913,0.37693132799049955,0.38991542131160917,0.011444550482779647,-0.0029963995093570685,2.2889100965559298e-06,-0.0029986884194536244
2018-03-08,0.23376201585412784,0.37800101020035604,0.38823697394551604,0.001678447366093072,0.0023829585840603896,3.3568947321861444e-07,0.002382622894587171
2018-03-09,0.23301523501403587,0.37603588901269014,0.39094887597327393,0.0027119020277578815,0.0019579308804377736,5.423804055515764e-07,0.001957388500032222
2018-03-12,0.2295960666411863,0.37704972464195535,0.39335420871685833,0.0034191683728495847,0.0018861890315553442,6.83833674569917e-07,0.0018855051978807743
2018-03-13,0.22580319658124262,0.3708320218419688,0.4033647815767887,0.010010572859930303,0.0011881662388540414,2.0021145719860606e-06,0.0011861641242820553
2018-03-14,0.2259343496109426,0.36951569436712123,0.4045499560219362,0.0013163274748475423,0.0018386071153763698,2.6326549496950847e-07,0.0018383438498814004
2018-03-15,0.22649623718527556,0.3651190452962377,0.40838471751848676,0.004396649070883524,-0.0028458770882831535,8.793298141767048e-07,-0.0028467564180973304
2018-03-16,0.22758382699949817,0.3668918388874296,0.4055243341130722,0.0028603834054145433,-0.0020395805551421263,5.720766810829086e-07,-0.002040152631823209
2018-03-19,0.22562898644093246,0.3677646813297467,0.40660633222932085,0.0019548405585657347,-0.0033380366775368382,3.9096811171314694e-07,-0.0033384276456485513
2018-03-20,0.22307498737062534,0.3694932770055366,0.40743173562383805,0.0025539990703070947,-0.0029329370593282078,5.10799814061419e-07,-0.002933447859142269
2018-03-21,0.22409553580187463,0.3706127135270131,0.4052917506711122,0.0021399849527258125,0.007049963355407326,4.2799699054516254e-07,0.007049535358416781
2018-03-22,0.22848105152628137,0.38145311052553643,0.3900658379481822,0.015225912722930043,-0.0034734331973394527,3.045182544586009e-06,-0.0034764783798840386
2018-03-23,0.2212461908009691,0.38727595163440165,0.39147785756462933,0.007234860725312292,5.965149651506775e-05,1.4469721450624585e-06,5.820452437000529e-05
2018-03-26,0.2169839913086528,0.3990874323274509,0.3839285763638964,0.011811480693049256,0.006424295228973172,2.3622961386098514e-06,0.006421932932834562
2018-03-27,0.2095029450323495,0.40470301870156883,0.3857940362660816,0.0074810462763032215,-0.0016125972110214658,1.4962092552606443e-06,-0.0016140934202767264
2018-03-28,0.20948689989349678,0.40109316829491615,0.389419931811587,0.0036258955455054087,-0.004934060234671755,7.251791091010818e-07,-0.004934785413780856
2018-03-29,0.21189335971718676,0.40599927202584535,0.3821073682569679,0.00731256355461915,0.00486461423983736,1.4625127109238302e-06,0.004863151727126436
2018-04-02,0.2076136631009905,0.4139612475810569,0.37842508931795266,0.007961975555211526,0.0007576449207949429,1.5923951110423052e-06,0.0007560525256839006
2018-04-03,0.20535562775569083,0.41840074562177904,0.3762436266225302,0.004439498040722134,-0.003432849883386712,8.878996081444268e-07,-0.003433737782994856
2018-04-04,0.20522508745979065,0.41749759052400304,0.37727732201620645,0.0010336953936762178,0.001780566728780728,2.0673907873524355e-07,0.0017803599897019927
2018-04-05,0.20107880853704782,0.4191778431326576,0.37974334833029466,0.004146278922742802,-0.0034909893197674325,8.292557845485604e-07,-0.003491818575551981
2018-04-06,0.2014923694957957,0.4189005623338523,0.3796070681703521,0.00041356095874785226,0.001870931816871682,8.271219174957046e-08,0.0018708491046799324
2018-04-09,0.20019606064277146,0.41399667435868587,0.38580726499854257,0.006200196828190563,0.0029830129141457697,1.2400393656381126e-06,0.0029817728747801317
2018-04-10,0.20046322113281445,0.41420953935363797,0.3853272395135476,0.00048002548499503916,0.003347706728920525,9.600509699900783e-08,0.003347610723823526
2018-04-11,0.1986135902110825,0.4152476985356267,0.38613871125329075,0.0018496309217319318,0.0034407326890019173,3.6992618434638635e-07,0.003440362762817571
2018-04-12,0.1962537012299861,0.4239128673428415,0.3798334314271724,0.008665168807214768,-0.005907983282815901,1.7330337614429537e-06,-0.005909716316577344
2018-04-13,0.19831971050358332,0.425382525288796,0.3762977642076206,0.003535667219551758,0.0028722931536637078,7.071334439103517e-07,0.0028715860202197974
2018-04-16,0.19884758415130774,0.42661896061260723,0.374533455236085,0.0017643089715356358,0.0023051950153825875,3.528617943071272e-07,0.00230484215358828
2018-04-17,0.19685757948030932,0.42318596609602294,0.3799564544236677,0.005422999187582711,0.003617807739797786,1.0845998375165422e-06,0.0036167231399602696
2018-04-18,0.195841111775838,0.4241277939459464,0.38003109427821574,0.0010164677044714188,-0.0029500629834669813,2.0329354089428377e-07,-0.0029502662770078754
2018-04-19,0.19662387071131773,0.419031064197744,0.3843450650909383,0.0050967297482023555,-0.00525590034131253,1.019345949640471e-06,-0.0052569196872621704
2018-04-20,0.19611004573422403,0.4200379993699958,0.3838519548957802,0.0010069351722517966,-0.0076080916204668255,2.0138703445035934e-07,-0.007608293007501276
2018-04-23,0.19676663262447364,0.42019355805732805,0.38303980931819825,0.0008121455775819131,-0.0029783805115568985,1.6242911551638262e-07,-0.002978542940672415
2018-04-24,0.19805736966992604,0.4216021746140487,0.38034045571602526,0.0026993536021730213,-0.0027417087467816064,5.398707204346043e-07,-0.002742248617502041
2018-04-25,0.19684751885012308,0.4225201398283763,0.38063234132150064,0.00120985081980296,-0.004815864788614124,2.41970163960592e-07,-0.004816106758778084
2018-04-26,0.1955169986644211,0.41868911259623787,0.38579388873934106,0.005161547417840404,0.00356449355161997,1.0323094835680807e-06,0.003563461242136402
2018-04-27,0.19394659060745525,0.4192843569121775,0.38676905248036714,0.0015704080569657886,0.005056105494981599,3.1408161139315774e-07,0.005055791413370206
2018-04-30,0.196256936105409,0.4163502261832809,0.38739283771131017,0.002934130728896714,-0.0035828272756814306,5.868261457793429e-07,-0.00358341410182721
2018-05-01,0.19579824889740893,0.4188285669872186,0.3853731841153724,0.002478340803937773,-0.00388253373653673,4.956681607875546e-07,-0.0038830294046975178
2018-05-02,0.19640911127773017,0.4203458361426003,0.38324505257966957,0.00212813153570289,-0.001966769260821852,4.2562630714057807e-07,-0.001967194887128993
2018-05-03,0.19485401457007284,0.42101865214525114,0.384127333284676,0.0015550967076573136,0.0034142303101285737,3.110193415314627e-07,0.003413919290787042
2018-05-04,0.19183768337038468,0.43106154529136087,0.3771007713382544,0.010042893146109746,0.003925693845704867,2.0085786292219493e-06,0.003923685267075645
2018-05-07,0.19005081341687505,0.43020177519096703,0.37974741139215784,0.002646640053903443,4.755535580170094e-05,5.293280107806886e-07,4.7026027790920254e-05
2018-05-08,0.20186392781317752,0.42785691808091136,0.37027915410591106,0.011813114396302463,-0.00033669608096605313,2.362622879260493e-06,-0.0003390587038453136
2018-05-09,0.20301965321291573,0.4250717631005178,0.37190858368656643,0.00278515498039357,-0.001356315908156279,5.57030996078714e-07,-0.0013568729391523577
2018-05-10,0.20102387233994026,0.42821151554520437,0.37076461211485534,0.003139752444686561,0.007862368684429273,6.279504889373122e-07,0.007861740733940336
2018-05-11,0.2171182161492336,0.41816758678984356,0.3647141970609229,0.016094343809293296,0.0011928704545421044,3.218868761858659e-06,0.0011896515857802458
2018-05-14,0.21851123583898122,0.4192277884280944,0.3622609757329244,0.002453221327998481,-0.00358920246665358,4.906442655996962e-07,-0.00358969311091918
2018-05-15,0.22105477965996187,0.41699281229059126,0.36195240804944695,0.0025435438209805983,-0.012113016406468422,5.087087641961197e-07,-0.012113525115232619
2018-05-16,0.22614376363765423,0.4167109989194596,0.3571452374428861,0.005088983977692418,-0.0012023634099185912,1.0177967955384838e-06,-0.0012033812067141296
2018-05-17,0.22098372690991056,0.41341784962253253,0.3655984234675569,0.008453186024670767,-0.002065639165790603,1.6906372049341535e-06,-0.002067329802995537
2018-05-18,0.22323373428470938,0.4115272835884748,0.3652389821268159,0.0022500073747987875,0.0031324635018432937,4.5000147495975755e-07,0.003132013500368334
2018-05-21,0.22409813933500863,0.4086926622634524,0.367209198401539,0.0028346213250223656,0.002104155593108567,5.669242650044731e-07,0.0021035886688435626
2018-05-22,0.22073566676998932,0.4048121710449979,0.3744521621850128,0.0072429637834738325,-0.0014491159494122272,1.4485927566947667e-06,-0.0014505645421689218
2018-05-23,0.21721418099593326,0.413441350696797,0.3693444683072698,0.008629179651799088,0.003991369831695752,1.7258359303598176e-06,0.003989643995765392
2018-05-24,0.21765548993869535,0.4098585725084254,0.37248593755287923,0.003582778188371563,0.0060121485083541515,7.165556376743126e-07,0.006011431952716477
2018-05-25,0.22181541428191015,0.4117081673182141,0.36647641839987577,0.006009519153003476,0.000907584908687614,1.2019038306006952e-06,0.0009063830048570133
2018-05-29,0.2244254726048705,0.408516840102744,0.3670576872923855,0.00319132721547008,0.006306788551257986,6.38265443094016e-07,0.006306150285814892
2018-05-30,0.23236089261442724,0.37990193444113346,0.3877371729444392,0.0286149056616105,0.0011189606597436915,5.7229811323221e-06,0.0011132376786113693
2018-05-31,0.23170647565449828,0.37952642021061805,0.3887671041348837,0.001029931190444422,-0.002895484068795157,2.059862380888844e-07,-0.0028956900550332456
2018-06-01,0.23351030234074716,0.3801105286790378,0.386379168980215,0.002387935154668633,-0.0016304085298293224,4.775870309337266e-07,-0.001630886116860256
2018-06-04,0.23161622476385407,0.3822776035347086,0.38610617170143735,0.0021670748556707753,-0.0020425040265274123,4.334149711341551e-07,-0.0020429374414985464
2018-06-05,0.23400737801522917,0.3790734055541905,0.3869192164305803,0.0032041979805180615,0.0025766632607499068,6.408395961036123e-07,0.002576022421153803
2018-06-06,0.23198118965503509,0.37534852262731394,0.39267028771765095,0.0057510712870706415,-0.0008780990260612127,1.1502142574141283e-06,-0.0008792492403186268
2018-06-07,0.23154645489221595,0.37128510423515865,0.3971684408726255,0.004498153154974482,0.0033769798387079837,8.996306309948965e-07,0.003376080208076989
2018-06-08,0.23275309593450494,0.3682503902246686,0.39899651384082646,0.0030347140104900056,6.962942374539081e-05,6.069428020980012e-07,6.90224809432928e-05
2018-06-11,0.23636149717967453,0.36794437596427143,0.395694126856054,0.003608401245169618,0.00034461625485541076,7.216802490339236e-07,0.00034389457460637683
2018-06-12,0.23600568646594614,0.36929669879639004,0.3946976147376638,0.0013523228321185993,-0.0009152326100912926,2.7046456642371986e-07,-0.0009155030746577163
2018-06-13,0.23631429235527784,0.3702594639136347,0.39342624373108737,0.0012713710065763856,0.000245090645742709,2.542742013152771e-07,0.0002448363715413937
2018-06-14,0.2354130987460861,0.3742326647978085,0.39035423645610545,0.00397320088417373,0.004300710686136849,7.946401768347461e-07,0.004299916045960014
2018-06-15,0.23587441577491586,0.3697577073335261,0.39436787689155806,0.004474957464282378,-0.006483158924700212,8.949914928564756e-07,-0.0064840539161930685
2018-06-18,0.24091768998755178,0.37877842812430773,0.3803038818881405,0.014063995003417554,-0.0015627606928679044,2.812799000683511e-06,-0.001565573491868588
2018-06-19,0.24357822599068327,0.37766950715429903,0.37875226685501756,0.0026605360031315695,0.000295291800830534,5.321072006263139e-07,0.00029475969362990765
2018-06-20,0.24330537602082003,0.37687880883030916,0.3798158151488709,0.001063548293853231,-0.004585307928736938,2.127096587706462e-07,-0.004585520638395709
2018-06-21,0.23823958397233427,0.3627919184950353,0.39896849753263053,0.019152682383759626,-0.00028380451242636634,3.830536476751925e-06,-0.00028763504890311827
2018-06-22,0.24702809756117333,0.36081946277663135,0.39215243966219526,0.008788513588839128,0.0013675531556208093,1.7577027177678258e-06,0.0013657954529030414
2018-06-25,0.25191878287009284,0.3499642378204976,0.39811697930940954,0.010855224956133752,-0.004134061367790505,2.1710449912267506e-06,-0.004136232412781732
2018-06-26,0.26164132340466767,0.3443301942181976,0.39402848237713467,0.009722540534574858,-0.0010066479981976552,1.944508106914972e-06,-0.00100859250630457
2018-06-27,0.26676036508437606,0.34575004736150117,0.3874895875541229,0.00653889482301187,-0.0011609546964182738,1.3077789646023742e-06,-0.0011622624753828761
2018-06-28,0.2623868720400454,0.3372592524803707,0.4003538754795839,0.012864287925461071,0.00036748416505788723,2.5728575850922145e-06,0.00036491130747279504
2018-06-29,0.2651144523586958,0.3369819628532228,0.3979035847880815,0.0027275803186503356,0.0006702269212959431,5.455160637300672e-07,0.000669681405232213
2018-07-02,0.27445633187519364,0.3245632623530876,0.40098040577171873,0.012418700500135132,-0.0036886373469675075,2.4837401000270265e-06,-0.0036911210870675345
2018-07-03,0.2790123547532479,0.3270166476874858,0.39397099755926634,0.007009408212452439,0.00475763242115379,1.401881642490488e-06,0.0047562305395112995
2018-07-05,0.2861722398580204,0.3294495318187136,0.38437822832326596,0.00959276923600036,0.004575668640665329,1.918553847200072e-06,0.004573750086818129
2018-07-06,0.28492756422191273,0.3322029440173244,0.38286949176076285,0.002753412198610805,0.002884887741020858,5.50682439722161e-07,0.002884337058581136
2018-07-09,0.2989089842461561,0.32816071048012496,0.3729303052737189,0.01398142002424338,0.0014893915569244463,2.796284004848676e-06,0.0014865952729195976
2018-07-10,0.29770732563004904,0.3266062622443033,0.37568641212564763,0.00275610685192873,0.0003508839025273769,5.51221370385746e-07,0.0003503326811569912
2018-07-11,0.30616962657098845,0.32227473288770186,0.3715556405413098,0.008462300940939332,-0.005027727335846039,1.6924601881878665e-06,-0.0050294197960342275
2018-07-12,0.30536474104666017,0.32322106220003644,0.3714141967533034,0.0009463293123346261,0.004289154623377126,1.8926586246692524e-07,0.004288965357514659
2018-07-13,0.3007381304705935,0.3234461968769016,0.37581567265250504,0.004626610576066753,-0.0005984429337776219,9.253221152133507e-07,-0.0005993682558928352
2018-07-16,0.2995957372143812,0.3211968139900838,0.3792074487955348,0.0033917761430299342,-0.001796080013969563,6.783552286059869e-07,-0.0017967583691981689
2018-07-17,0.30199727589362746,0.31891476669616137,0.3790879574102112,0.002401538679246168,-0.0034741460157402446,4.803077358492336e-07,-0.0034746263234760938
2018-07-18,0.3089352594128391,0.32034351667196187,0.370721223915199,0.008366733495012157,-0.0005414207121514308,1.6733466990024316e-06,-0.0005430940588504332
2018-07-19,0.30761681455664286,0.32284648947235967,0.3695366959709976,0.0025029728003977403,-0.0007026189275429315,5.005945600795481e-07,-0.000703119522103011
2018-07-20,0.3078648364598348,0.3246816199005509,0.3674535436396142,0.0020831523313832867,-0.001955619170590159,4.1663046627665736e-07,-0.0019560358010564357
2018-07-23,0.31501081228654315,0.31844173186101704,0.36654745585243986,0.007145975826708256,-0.005104324746878986,1.4291951653416513e-06,-0.005105753942044328
2018-07-24,0.31737302195585126,0.30964307583447787,0.37298390220967076,0.008798656026539092,0.0027900935587172214,1.7597312053078186e-06,0.0027883338275119136
2018-07-25,0.3257037169860136,0.3045180392341741,0.3697782437798124,0.008330695030162233,0.004331738783102973,1.6661390060324467e-06,0.004330072644096941
2018-07-26,0.32262277961809993,0.3085339770820902,0.3688432432998098,0.004015937847916179,-0.004231560741978155,8.031875695832359e-07,-0.004232363929547738
2018-07-27,0.32683409516584655,0.3100357621681916,0.3631301426659618,0.005713100633848028,-0.0015067591760489802,1.1426201267696057e-06,-0.0015079017961757498
2018-07-30,0.32139367750570746,0.3131858215272505,0.36542050096704204,0.005440417660139113,-0.003321365083102848,1.0880835320278227e-06,-0.003322453166634876
2018-07-31,0.32222244784115783,0.31048532258934664,0.3672922295694956,0.002700498937903889,0.004363106643187075,5.400997875807779e-07,0.004362566543399495
2018-08-01,0.32100263256518174,0.3094847729040232,0.3695125945307951,0.0022203649612995147,-0.005765361837488171,4.4407299225990293e-07,-0.005765805910480431
2018-08-02,0.32685662096414864,0.3063538851644981,0.36678949387135334,0.005853988398966892,0.0002451907745803718,1.1707976797933783e-06,0.0002440199769005784
2018-08-03,0.3252673336732821,0.3065398382309399,0.368192828095778,0.00158928729086652,0.0042044610565947155,3.1785745817330406e-07,0.004204143199136542
2018-08-06,0.3334952584141299,0.30261686878930444,0.3638878727965657,0.008227924740847797,-0.0004675563801943873,1.6455849481695595e-06,-0.00046920196514255684
2018-08-07,0.3338170424071639,0.30321621868751975,0.36296673890531617,0.000921133891249426,0.0003518190413984941,1.8422677824988522e-07,0.0003516348146202442
2018-08-08,0.33462970370863404,0.3024143956320559,0.36295590065930994,0.0008126613014700912,0.0011786821107418756,1.6253226029401824e-07,0.0011785195784815817
2018-08-09,0.3387115987547927,0.3027011770664767,0.3585872241787307,0.004368676480579342,0.0015549338919526481,8.737352961158684e-07,0.0015540601566565323
2018-08-10,0.3404419778491638,0.29828629432847303,0.36127172782236316,0.004414882738003639,-0.00027188208744745844,8.829765476007279e-07,-0.00027276506399505915
2018-08-13,0.33826392787991794,0.297758477685349,0.36397759443473304,0.0027058666123698782,-0.007373547625878108,5.411733224739757e-07,-0.0073740887992005824
2018-08-14,0.3431451211735087,0.3053629485005692,0.3514919303259221,0.012485664108810968,0.0018470541543211053,2.497132821762194e-06,0.001844557021499343
2018-08-15,0.3337899966593792,0.3038347424041581,0.3623752609364628,0.01088333061054067,-0.006747402649553837,2.1766661221081343e-06,-0.006749579315675946
2018-08-16,0.33910277281718937,0.31280226675187406,0.34809496043093663,0.014280300505526144,0.0024363772894747055,2.856060101105229e-06,0.0024335212293736
2018-08-17,0.33506540713889266,0.31578143165897643,0.34915316120213086,0.004037365678296656,0.004808446471664087,8.074731356593312e-07,0.004807638998528428
2018-08-20,0.3372753668989517,0.3222832665145256,0.34044136658652274,0.00871179461560817,0.004579803251536303,1.7423589231216341e-06,0.004578060892613181
2018-08-21,0.341908399063406,0.3202052265751731,0.3378863743614209,0.00463303216445432,0.0007131484812184401,9.266064328908641e-07,0.0007122218747855493
2018-08-22,0.34338037319126163,0.31978035129930615,0.3368392755094322,0.0014719741278556298,0.0018057934997253715,2.9439482557112595e-07,0.0018054991048998003
2018-08-23,0.3428261375825611,0.32160373369496664,0.3355701287224721,0.0018233823956605721,-0.0031237158174713103,3.646764791321144e-07,-0.003124080493950442
2018-08-24,0.34060497354259905,0.32336431175179287,0.3360307147056081,0.0022211640399621146,0.008555901003699434,4.4423280799242294e-07,0.008555456770891442
2018-08-27,0.34839119167931104,0.33467049591282483,0.3169383124078642,0.01909240229774392,0.002028698161962103,3.8184804595487845e-06,0.002024879681502554
2018-08-28,0.34153850324486507,0.3589346350267439,0.299526861728391,0.024264139113919114,-0.00436856002903532,4.852827822783823e-06,-0.004373412856858104
2018-08-29,0.3521027919763854,0.354982718128227,0.29291448989538754,0.010564288731520322,0.003704416673394023,2.1128577463040645e-06,0.003702303815647719
2018-08-30,0.3553225767924013,0.3544153433355023,0.2902620798720965,0.0032197848160158415,-0.002100387179793364,6.439569632031683e-07,-0.002101031136756567
2018-08-31,0.3579053269076244,0.3542906792943227,0.28780399379805305,0.002582750115223076,-0.0011348888996658632,5.165500230446152e-07,-0.0011354054496889078
2018-09-04,0.35684317945278443,0.3574688789854032,0.2856879415618123,0.003178199691080602,-0.004141056767905335,6.356399382161205e-07,-0.004141692407843551
2018-09-05,0.3573835020487915,0.3551018458110723,0.2875146521401362,0.002367033174330929,-0.000915911052635695,4.7340663486618587e-07,-0.0009163844592705612
2018-09-06,0.35865177715595375,0.3582737632052816,0.28307445963876465,0.004440192501371565,0.0007870834670371786,8.88038500274313e-07,0.0007861954285369043
2018-09-07,0.3542944032240788,0.3653846608004596,0.2803209359754615,0.007110897595178078,-0.004555705390718864,1.4221795190356157e-06,-0.0045571275702379
2018-09-10,0.35702755628241184,0.36011222004610816,0.28286022367147984,0.005272440754351432,0.0017508753111588732,1.0544881508702864e-06,0.001749820823008003
2018-09-11,0.3571688493324331,0.35922654993847924,0.2836046007290877,0.0008856701076290219,-0.0013809427344835899,1.7713402152580438e-07,-0.0013811198685051156
2018-09-12,0.3591925948395852,0.3549277660161077,0.28587963914430703,0.004298783922371485,0.0033234820005203906,8.597567844742971e-07,0.0033226222437359163
2018-09-13,0.36216936761560004,0.35549121531078326,0.28233941707361676,0.0035402220706903242,0.0016659677848492004,7.080444141380649e-07,0.0016652597404350623
2018-09-14,0.3574052850317932,0.3616065058040842,0.2809882091641225,0.006115290493301034,-0.0034964605260494218,1.223058098660207e-06,-0.003497683584148082
2018-09-17,0.3540483018187667,0.35517669866709706,0.29077499951413616,0.009786790350013674,-0.0003565423079901842,1.957358070002735e-06,-0.00035849966606018696
2018-09-18,0.3527286769643288,0.35732875747138754,0.2899425655642837,0.0021520588042903965,-0.0022575332903772578,4.3041176085807935e-07,-0.002257963702138116
2018-09-19,0.3555058432880188,0.35213515621269614,0.292359000499285,0.005193601258691338,-0.0005883720958344879,1.0387202517382678e-06,-0.0005894108160862261
2018-09-20,0.3541764055766867,0.3552895555509065,0.29053403887240675,0.003154399338210351,0.005510389648202194,6.308798676420702e-07,0.005509758768334552
2018-09-21,0.35442351836070973,0.35610561849582895,0.2894708631434614,0.0010631757289454036,-0.0024518068165735275,2.1263514578908072e-07,-0.0024520194517193166
2018-09-24,0.3547334889259796,0.35682206951965206,0.2884444415543682,0.0010264215890930795,-0.002143308535856793,2.052843178186159e-07,-0.0021435138201746115
2018-09-25,0.37061872392553225,0.3478854882581742,0.2814957878162936,0.01588523499955255,-0.000254610473626145,3.17704699991051e-06,-0.0002577875206260555
2018-09-26,0.3698602290063509,0.34797962705936564,0.2821601439342835,0.0007584949191813406,-0.0001509694970881167,1.5169898383626812e-07,-0.00015112119607195296
2018-09-27,0.3745236880340606,0.34745721542066266,0.27801909654527684,0.004663459027709677,-0.001176117007704737,9.326918055419354e-07,-0.001177049699510279
2018-09-28,0.37759368396895115,0.3477116300574621,0.27469468597358665,0.003324410571690084,0.0008629843535997357,6.648821143380169e-07,0.0008623194714853977
2018-10-01,0.37799211566628005,0.3487307700455619,0.2732771142881581,0.0014175716854286369,-0.001707502560928712,2.835143370857274e-07,-0.0017077860752657977
2018-10-02,0.37771428005763075,0.34361893888524847,0.2786667810571208,0.005389666768962714,0.005098533626188641,1.077933353792543e-06,0.005097455692834848
2018-10-03,0.38073563120148657,0.3425525718862782,0.2767117969122353,0.003021351143855794,-0.006835224906429365,6.042702287711588e-07,-0.006835829176658136
2018-10-04,0.3958319073580503,0.321875482201846,0.2822926104401038,0.020677089684432215,-0.005214836419570307,4.135417936886443e-06,-0.005218971837507193
2018-10-05,0.3943017879230248,0.3219084810508827,0.2837897310260925,0.0015301194350254843,-0.0041735832145160905,3.0602388700509686e-07,-0.004173889238403096
2018-10-08,0.39816499121054866,0.3187789480922009,0.2830560606972503,0.003863203287523931,-0.004205603459700695,7.726406575047862e-07,-0.0042063761003582
2018-10-09,0.40169041250596005,0.32006134617970056,0.27824824131433923,0.004807819382911055,0.0028008710723365525,9.615638765822111e-07,0.00279990950845997
2018-10-10,0.40902532575737904,0.30902923548014916,0.28194543876247163,0.0110321106995514,-0.013091856657390386,2.20642213991028e-06,-0.013094063079530297
2018-10-11,0.33602508051467206,0.3466377299325065,0.3173371895528213,0.07300024524270701,0.004966507919589843,1.4600049048541403e-05,0.0049519078705413016
2018-10-12,0.33074076965948584,0.3640173884859567,0.3052418418545575,0.01737965855345011,0.0018756062736426803,3.4759317106900223e-06,0.0018721303419319902
2018-10-15,0.32263490912093185,0.3691522262465638,0.30821286463250436,0.008105860538553972,8.611280743794567e-05,1.6211721077107944e-06,8.449163533023487e-05
2018-10-16,0.32101619758793815,0.36815886803009956,0.31082493438196224,0.002612069749457907,0.007320169079713374,5.224139498915814e-07,0.0073196466657634825
2018-10-17,0.30375693718347846,0.3776153938498773,0.31862766896664424,0.017259260404459714,-0.0022124936604727688,3.451852080891943e-06,-0.0022159455125536605
2018-10-18,0.3031980583306607,0.37849695639056075,0.31830498527877854,0.0008815625406834449,-0.0041540643898803145,1.7631250813668898e-07,-0.004154240702388451
2018-10-19,0.29222528664600944,0.38891637636702153,0.3188583369869691,0.0109727716846513,-0.0007640770226235996,2.19455433693026e-06,-0.0007662715769605298
2018-10-22,0.28789327028925366,0.39691578341422695,0.31519094629651945,0.00799940704720542,-0.002631098538459012,1.599881409441084e-06,-0.002632698419868453
2018-10-23,0.28774043480467365,0.39801815899094184,0.31424140620438445,0.0011023755767149424,0.0016438454932318775,2.2047511534298848e-07,0.0016436250181165347
2018-10-24,0.2900045161882497,0.39619351376426293,0.3138019700474874,0.0022640813835760054,-0.00506789078146553,4.528162767152011e-07,-0.005068343597742245
2018-10-25,0.2676940809909876,0.4036414582252175,0.3286644607837948,0.02231043519726203,0.002382080530472672,4.462087039452406e-06,0.0023776184434332196
2018-10-26,0.26105030019911246,0.407063360697809,0.3318863391030785,0.006643780791875192,-0.0010789002029131444,1.3287561583750385e-06,-0.0010802289590715194
2018-10-29,0.25662114131211927,0.40803448069992,0.33534437798796085,0.004429158886993245,-0.0036654553163311767,8.858317773986491e-07,-0.0036663411481085754
2018-10-30,0.2560663694042442,0.41020214408684047,0.3337314865089153,0.0021676633869205375,0.000293285155168851,4.3353267738410754e-07,0.00029285162249146685
2018-10-31,0.24976987311812143,0.41444337392289865,0.3357867529589799,0.006296496286122777,-0.0013227864086133377,1.2592992572245555e-06,-0.0013240457078705621
2018-11-01,0.24859851764324953,0.4143358648405969,0.3370656175161535,0.0012788645571736035,0.007361901625411782,2.557729114347207e-07,0.007361645852500347
2018-11-02,0.24811267843182358,0.4209495370998854,0.3309377844682909,0.006613672259288508,-0.00664643260170165,1.3227344518577017e-06,-0.006647755336153508
2018-11-05,0.2512032834628682,0.41166904814969707,0.33712766838743485,0.009280488950188445,0.002193937488993497,1.856097790037689e-06,0.0021920813912034596
2018-11-06,0.25093683522962973,0.4117787357633807,0.33728442900698963,0.00026644823323843103,0.00037516261444466134,5.328964664768621e-08,0.00037510932479801367
2018-11-07,0.25005828716810125,0.41249596524562715,0.33744574758627166,0.0008785480615284835,0.005875060934491554,1.757096123056967e-07,0.005874885224879249
2018-11-08,0.23998446408223692,0.4219287062010897,0.33808682971667336,0.010073823085864284,-0.0012017237617860616,2.0147646171728566e-06,-0.0012037385264032344
2018-11-09,0.2388621156838413,0.42612360984454606,0.33501427447161264,0.0041949036434563575,-0.0029133483081347613,8.389807286912715e-07,-0.0029141872888634526
2018-11-12,0.23803139776752702,0.4196564263185936,0.3423121759138794,0.0072979014422667465,-0.004159932521978814,1.4595802884533494e-06,-0.0041613921022672674
2018-11-13,0.2356944408487844,0.4201672797678305,0.34413827938338515,0.002336956918742625,-0.0005777260566717953,4.6739138374852497e-07,-0.0005781934480555438
2018-11-14,0.23100210563618015,0.4149167189466736,0.35408117541714634,0.009942896033761195,0.0016028324568936343,1.988579206752239e-06,0.001600843877686882
2018-11-15,0.2324980318553313,0.4162172718054736,0.3512846963391951,0.0027964790779511778,0.002642576923030214,5.592958155902356e-07,0.002642017627214624
2018-11-16,0.22963734395280916,0.4151235859822613,0.3552390700649295,0.0039543737257344,0.005630467245865122,7.908747451468801e-07,0.005629676371119975
2018-11-19,0.2297122493977967,0.4167823913370409,0.35350535926516247,0.0017337107997670992,-0.002569924945289309,3.4674215995341985e-07,-0.0025702716874492623
2018-11-20,0.22619606303538783,0.4181368475559827,0.3556670894086295,0.0035161863624088296,-0.0040405505727070185,7.03237272481766e-07,-0.0040412538099795
2018-11-21,0.22153461365737298,0.42162827403222675,0.35683711231040016,0.004661449378014784,0.0011944416888165317,9.322898756029569e-07,0.0011935093989409286
2018-11-23,0.21962659360228798,0.41924511463867226,0.36112829175903977,0.004291179448639548,-0.001309846515172898,8.582358897279097e-07,-0.001310704751062626
2018-11-26,0.21480230576226236,0.4098603867065556,0.3753373075311821,0.0142090157721423,0.002120737223213973,2.84180315442846e-06,0.0021178954200595447
2018-11-27,0.21137204315518038,0.4123492635996342,0.3762786932451854,0.0034302626070819436,-0.0010671509688722942,6.860525214163887e-07,-0.0010678370213937107
2018-11-28,0.21005154038623428,0.4130967220213194,0.37685173759244633,0.0013205027689461163,0.004234822738940415,2.6410055378922325e-07,0.004234558638386626
2018-11-29,0.20412175838443503,0.41516405249489363,0.3807141891206713,0.005929782001799208,0.0023740288718057286,1.1859564003598416e-06,0.0023728429154053687
2018-11-30,0.20419919688102225,0.41353182119633963,0.38226898192263814,0.0016322312985540405,0.0021317427142146174,3.2644625971080813e-07,0.0021314162679549067
2018-12-03,0.20412721419774937,0.4127387535219852,0.38313403228026544,0.0008650503576273089,0.00851866043073761,1.730100715254618e-07,0.008518487420666083
2018-12-04,0.20317569037969757,0.4125289699454914,0.3842953396748111,0.0011613073945456465,0.002666499361873631,2.322614789091293e-07,0.002666267100394722
2018-12-06,0.19953767907176323,0.4012528622930823,0.3992094586351544,0.014914118960343337,0.001025548741769117,2.9828237920686677e-06,0.0010225659179770483
2018-12-07,0.19946954882033824,0.40137736754819675,0.399153083631465,0.0001245052551143988,-0.0006505995661903199,2.490105102287976e-08,-0.0006506244672413428
2018-12-10,0.19464704028700117,0.4091085444513611,0.3962444152616377,0.007731176903164369,0.0006866491434736315,1.546235380632874e-06,0.0006851029080929986
2018-12-11,0.1949697646141913,0.40946753859240537,0.3955626967934032,0.0006817184682344352,-0.0004951467875623766,1.3634369364688705e-07,-0.0004952831312560234
2018-12-12,0.19402612110661646,0.413015822020706,0.39295805687267754,0.0035482834283005887,-2.8674449937590024e-05,7.096566856601178e-07,-2.938410662325014e-05
2018-12-13,0.19299512404425556,0.41006495774943413,0.39693991820631036,0.003981861333632805,-0.001911776065748311,7.96372266726561e-07,-0.0019125724380150376
2018-12-14,0.19332500341256503,0.4092858641041132,0.39738913248332186,0.000779093645320944,-0.0037376136523743944,1.5581872906418882e-07,-0.0037377694711034585
2018-12-17,0.1901848417353105,0.41008916932697276,0.39972598893771677,0.003140161677254491,0.0014232817100693893,6.280323354508982e-07,0.0014226536777339385
2018-12-18,0.18865601307464572,0.41015518280911156,0.40118880411624264,0.0015288286606647272,0.0032024687066420617,3.0576573213294547e-07,0.0032021629409099287
2018-12-19,0.18741384498291191,0.41498498072013124,0.39760117429695685,0.0048297979110196315,0.0002526581331166633,9.659595822039264e-07,0.0002516921735344594
2018-12-20,0.1889695443063406,0.41002413404392307,0.4010063216497363,0.004960846676208164,0.0016158938178652046,9.921693352416327e-07,0.001614901648529963
2018-12-21,0.19187075569960216,0.41772777609964845,0.3904014682007494,0.010604853448986928,-0.005702917498528678,2.1209706897973858e-06,-0.005705038469218475
2018-12-24,0.18898414788855483,0.4179194563502409,0.39309639576120425,0.002886607811047326,0.0013879568238621392,5.773215622094653e-07,0.0013873795022999297
2018-12-26,0.18670967729253998,0.42300323571988063,0.3902870869875793,0.00508377936963976,0.003730133697194507,1.016755873927952e-06,0.003729116941320579
2018-12-27,0.17191251979248093,0.42522133478904556,0.40286614541847354,0.01479715750005911,0.0044544018288891615,2.9594315000118224e-06,0.004451442397389149
2018-12-28,0.17078025436694713,0.4280007220216187,0.40121902361143424,0.0027793872325731217,0.005011506288850525,5.558774465146244e-07,0.00501095041140401
2018-12-31,0.170624236224855,0.4213208170800065,0.4080549466951385,0.006835923083704273,0.0037358855286262443,1.3671846167408547e-06,0.0037345183440095036
2019-01-02,0.16962678870174946,0.4207448337606013,0.4096283775376492,0.0015734308425107424,0.0026628380423375816,3.146861685021485e-07,0.0026625233561690794
2019-01-03,0.16886358251614153,0.4229837012234719,0.4081527162603866,0.002238867462870553,0.004484125607089847,4.4777349257411063e-07,0.004483677833597273
2019-01-04,0.1672092604996764,0.41799916273241217,0.4147915767679114,0.00663886050752481,-0.0025915945707081804,1.3277721015049622e-06,-0.0025929223428096853
2019-01-07,0.15933443357246208,0.4332533534795005,0.4074122129480374,0.015254190747088323,0.0013879130013351563,3.0508381494176646e-06,0.0013848621631857387
2019-01-08,0.15829482300735095,0.4365697932708451,0.40513538372180385,0.003316439791344647,-0.000757490232081706,6.632879582689294e-07,-0.000758153520039975
2019-01-09,0.15658508555996403,0.4422430900786985,0.40117182436133736,0.0056732968078534035,0.00261477500171936,1.1346593615706808e-06,0.0026136403423577892
2019-01-10,0.15453090578970957,0.438450022718379,0.4070190714919114,0.005847247130573996,-0.004671725337426912,1.1694494261147993e-06,-0.004672894786853027
2019-01-11,0.15472842214285687,0.44191419566075235,0.4033573821963907,0.0036616892955206592,0.002480759511176249,7.323378591041319e-07,0.0024800271733171446
2019-01-14,0.15859807716896793,0.4401883249800488,0.4012135978509832,0.0038696550261110713,-0.001650240858685295,7.739310052222143e-07,-0.0016510147896905173
2019-01-15,0.14896707671344386,0.418768970119291,0.4322639531672651,0.03105035531628189,-0.0005657942802637174,6.210071063256379e-06,-0.0005720043513269738
2019-01-16,0.1488054292687428,0.417197373322698,0.4339971974085592,0.001733244241294049,0.0021658411472190576,3.4664884825880986e-07,0.0021654944983707986
2019-01-17,0.1482952431930999,0.41574708001053007,0.4359576767963701,0.0019604793878108817,0.0006586467354724165,3.9209587756217635e-07,0.0006582546395948543
2019-01-18,0.15021567733749375,0.41477133858161225,0.43501298408089395,0.0019204341443939121,-0.004058101371317437,3.8408682887878247e-07,-0.004058485458146316
2019-01-22,0.15095306475851772,0.4207664882358399,0.42828044700564244,0.006732537075251566,0.002332996030856032,1.3465074150503132e-06,0.002331649523440982
2019-01-23,0.15177416264798027,0.4189524649516289,0.42927337240039076,0.0018140232842109305,-0.0004573202007560238,3.628046568421861e-07,-0.00045768300541286597
2019-01-24,0.1516836799670151,0.4197468349716584,0.4285694850613265,0.000794370020029439,0.002165270143280452,1.5887400400588782e-07,0.002165111269276446
2019-01-25,0.15206211859682722,0.41782551181511224,0.43011236958806054,0.0019213231565461397,0.005572666021991842,3.8426463130922795e-07,0.005572281757360533
2019-01-28,0.15526407557525357,0.424039145089917,0.4206967793348294,0.009415590253231132,-0.00012984929162332209,1.8831180506462265e-06,-0.00013173240967396832
2019-01-29,0.15878930227481336,0.4247613881734336,0.416449309551753,0.004247469783076385,0.004271817944821081,8.494939566152771e-07,0.004270968450864466
2019-01-30,0.16046024959022775,0.4250838675033108,0.41445588290646157,0.0019934266452915073,0.004597681101571664,3.9868532905830146e-07,0.004597282416242605
2019-01-31,0.16066371668123175,0.427214813658815,0.4121214696599532,0.0023344132465082656,0.005283318245324592,4.6688264930165314e-07,0.00528285136267529
2019-02-01,0.16092816637564777,0.42306503272983775,0.4160068008945144,0.00414978092897722,-0.0033112914662264603,8.299561857954441e-07,-0.0033121214224122557
2019-02-04,0.16191710847332075,0.4206466121911906,0.4174362793354886,0.002418420538647159,-0.0025494148520654363,4.836841077294318e-07,-0.002549898536173166
2019-02-05,0.16184143335389103,0.42022272744659467,0.4179358391995143,0.000499559864025681,0.003676629002585912,9.99119728051362e-08,0.003676529090613107
2019-02-06,0.16001793644060416,0.41265346385788304,0.4273285997015128,0.009392760501998498,-0.002894466403908711,1.8785521003996998e-06,-0.0028963449560091103
2019-02-07,0.15782410688392967,0.4282026770169048,0.4139732160991655,0.015549213159021788,0.0023318425368922353,3.1098426318043578e-06,0.002328732694260431
2019-02-08,0.1577326831098231,0.426436541075473,0.41583077581470385,0.0018575597155383455,0.003592411059462403,3.7151194310766914e-07,0.0035920395475192955
2019-02-11,0.15787748148809838,0.42569739640934506,0.4164251221025565,0.0007391446661279416,-0.0036277074924248127,1.4782893322558834e-07,-0.0036278553213580384
2019-02-12,0.1616242584638542,0.42405083461035115,0.41432490692579466,0.003746776975755789,0.0018712383038117452,7.493553951511579e-07,0.001870488948416594
2019-02-13,0.1607617910334103,0.42317246750900706,0.4160657414575826,0.0017408345317879853,-0.0027252588708113748,3.4816690635759706e-07,-0.0027256070377177323
2019-02-14,0.1585499920520596,0.41747144650103696,0.4239785614469034,0.007912819989320766,0.004398213742291452,1.5825639978641532e-06,0.004396631178293588
2019-02-15,0.15927025586811946,0.4142581769875957,0.42647156714428486,0.003213269513441294,0.004925754316859926,6.426539026882589e-07,0.004925111662957238
2019-02-19,0.15901077115911574,0.4157916540377633,0.4251975748031209,0.0015334770501676254,0.007805198797346957,3.066954100335251e-07,0.007804892101936923
2019-02-20,0.16210290722966603,0.4227533659264286,0.4151437268439054,0.010053847959215559,-0.001604246252737683,2.010769591843112e-06,-0.001606257022329526
2019-02-21,0.16312742982863326,0.42203120225440527,0.4148413679169614,0.0010245225989672646,-0.009042603879073713,2.0490451979345292e-07,-0.009042808783593507
2019-02-22,0.16685448800049452,0.42259584273493844,0.410549669264567,0.004291698652394427,0.0050296016072053345,8.583397304788853e-07,0.005028743267474855
2019-02-25,0.16900069476832838,0.4205422010404248,0.4104571041912469,0.0021462067678337943,-0.0014404897005926667,4.292413535667589e-07,-0.0014409189419462335
2019-02-26,0.1717204126704926,0.41852521645000845,0.4097543708794988,0.0027197179021643397,0.002635301545183794,5.439435804328679e-07,0.002634757601603361
2019-02-27,0.17200190311565877,0.417620059222893,0.41037803766144815,0.0009051572271154829,-0.007713482684326513,1.8103144542309658e-07,-0.007713663715771936
2019-02-28,0.17633169066951623,0.41091388551995267,0.4127544238105311,0.006706173702940396,-0.004044790003584216,1.3412347405880793e-06,-0.004046131238324804
2019-03-01,0.1786956329394675,0.4113626079653168,0.40994175909521563,0.002812664715315452,-0.009662415449411462,5.625329430630905e-07,-0.009662977982354526
2019-03-04,0.18497388139564866,0.4162427923880373,0.39878332621631396,0.011158432878901656,0.0015423924019841088,2.231686575780331e-06,0.0015401607154083286
2019-03-05,0.18882831758948632,0.41359192292333696,0.3975797594871767,0.0038544361938376154,0.001131163804244088,7.708872387675231e-07,0.0011303929170053204
2019-03-06,0.1886306834867554,0.4138508931092115,0.3975184234040331,0.0002589701858745491,1.7643644957140124e-05,5.1794037174909824e-08,1.7591850919965215e-05
2019-03-07,0.18850406642813616,0.4137811955869822,0.3977147379848817,0.0001963145808486083,0.0007793941935714964,3.9262916169721664e-08,0.0007793549306553267
2019-03-08,0.18841614109764734,0.41227223525970225,0.3993116236426505,0.0015968856577687623,0.005730534539926235,3.1937713155375246e-07,0.005730215162794681
2019-03-11,0.1931705201790943,0.4253248248798153,0.3815046549410904,0.017806968701560053,-0.00032162974717576324,3.5613937403120106e-06,-0.00032519114091607526
2019-03-12,0.19218567384817611,0.4268576610328604,0.3809566651189635,0.0015328361530451001,0.006024296643099817,3.0656723060902006e-07,0.0060239900758692075
2019-03-13,0.19756658157386014,0.4208337646072688,0.38159965381887107,0.006023896425591604,0.0031832486945519477,1.204779285118321e-06,0.003182043915266829
2019-03-14,0.19749069156879767,0.4221217557457711,0.38038755268543123,0.001287991138502309,-0.007567873571840439,2.5759822770046184e-07,-0.007568131170068139
2019-03-15,0.20097886950359403,0.42329041595398076,0.3757307145424253,0.0046568381430059785,0.005511842468207011,9.313676286011958e-07,0.00551091110057841
2019-03-18,0.2014589289454106,0.42289466858673913,0.37564640246785025,0.00048005944181661597,0.000701033636015617,9.601188836332319e-08,0.0007009376241272537
2019-03-19,0.20114199858509532,0.42309233021680853,0.3757656711980961,0.00031693036031527066,0.00014948500142948238,6.338607206305413e-08,0.00014942161535741932
2019-03-20,0.20449360115756504,0.4206051560733894,0.3749012427690455,0.0033516025724697335,0.006214987167863337,6.703205144939467e-07,0.006214316847348843
2019-03-21,0.21019731911630155,0.41398631362086935,0.3758163672628291,0.006618842452520049,0.0017721909130181824,1.3237684905040098e-06,0.0017708671445276784
2019-03-22,0.20913398606018,0.41663970355068136,0.3742263103891385,0.0026533899298120667,0.0033246646602763073,5.306779859624134e-07,0.003324133982290345
2019-03-25,0.20812353645345102,0.41233315135469506,0.37954331219185383,0.005317001802715299,0.0034125995191875156,1.0634003605430598e-06,0.0034115361188269723
2019-03-26,0.20835538033657433,0.4061822988743848,0.38546232078904086,0.006150852480310304,-0.000652418182202287,1.2301704960620608e-06,-0.0006536483526983491
2019-03-27,0.213865886094416,0.4035738432584141,0.3825602706471699,0.005510505757841649,0.0005950341621402495,1.10210115156833e-06,0.0005939320609886812
2019-03-28,0.22319361429115736,0.3932305713752287,0.3835758143336138,0.010343271883185332,-0.0032109960467270405,2.0686543766370665e-06,-0.0032130647011036776
2019-03-29,0.2629459253884457,0.3864845555343835,0.3505695190771708,0.03975231109728827,0.0016079742594539582,7.950462219457655e-06,0.0016000237972345005
2019-04-01,0.2622949819578251,0.3846672271610917,0.3530377908810832,0.002468271803912403,-0.00374203439909581,4.936543607824806e-07,-0.0037425280534565926
2019-04-02,0.26447386637424164,0.3764281758801972,0.35909795774556114,0.008239051280894472,0.0021553682287334098,1.6478102561788945e-06,0.0021537204184772308
2019-04-03,0.2653266613086856,0.3767790983693733,0.35789424032194117,0.0012037174236199932,-0.0033763864980713887,2.4074348472399867e-07,-0.003376627241556113
2019-04-04,0.26671999158423865,0.3737081144021617,0.3595718940135997,0.003070983967211588,0.002681661754191964,6.141967934423176e-07,0.002681047557398522
2019-04-05,0.27947889378640234,0.36920942798094386,0.3513116782326538,0.012758902202163691,0.0014557140350209199,2.551780440432738e-06,0.0014531622545804871
2019-04-08,0.30543138495285826,0.35936554634135426,0.3352030687057874,0.025952491166455954,0.00041442429894840947,5.190498233291191e-06,0.0004092338007151183
2019-04-09,0.30689996379829576,0.358672969732753,0.3344270664689514,0.0014685788454374127,0.0013061194282188726,2.9371576908748253e-07,0.0013058257124497852
2019-04-10,0.3074054871012455,0.3591353859312378,0.3334591269675168,0.0009679395014345615,0.002946501544214569,1.9358790028691233e-07,0.002946307956314282
2019-04-11,0.30692916995227665,0.35825413642112774,0.33481669362659566,0.0013575666590788793,-0.006471982645742266,2.715133318157759e-07,-0.006472254159074082
2019-04-12,0.3095153320301898,0.3620575668224597,0.3284271011473505,0.006389592479245143,-0.0008077634779759721,1.2779184958490287e-06,-0.0008090413964718211
2019-04-15,0.3098698004032532,0.3598671315199253,0.33026306807682154,0.0021904353025344048,8.294737437196723e-05,4.38087060506881e-07,8.250928731146034e-05
2019-04-16,0.3117780038211235,0.35932225636446524,0.3288997398144111,0.0019082034178703744,-0.004993591615311747,3.816406835740749e-07,-0.004993973255995321
2019-04-17,0.317856854759395,0.3576184897653833,0.32452465547522164,0.006078850938271485,-0.001251005860077236,1.215770187654297e-06,-0.0012522216302648902
2019-04-18,0.3169382363240381,0.3578170976082835,0.32524466606767843,0.0009186184353569549,0.0027406802180152115,1.83723687071391e-07,0.00274049649432814
2019-04-22,0.3190281237588668,0.35576087645095933,0.32521099979017387,0.0020898874348287133,-0.0014329684851484199,4.179774869657427e-07,-0.0014333864626353855
2019-04-23,0.3232608741403673,0.3510618602503164,0.32567726560931637,0.004699016200642975,0.0029765758039215088,9.39803240128595e-07,0.00297563600068138
2019-04-24,0.330239348992476,0.3486348383006487,0.32112581270687535,0.0069784748521087014,0.0030473062396680806,1.3956949704217405e-06,0.0030459105446976587
2019-04-25,0.33126655707456437,0.34599184990985504,0.32274159301558053,0.0026429883907936047,-0.00044029806760126925,5.28597678158721e-07,-0.00044082666527942797
2019-04-26,0.3301093270205812,0.34789118289159787,0.321999490087821,0.0018993329817427462,0.004857981564635837,3.7986659634854925e-07,0.004857601698039489
2019-04-29,0.3273987877951114,0.34382887091187775,0.3287723412930108,0.0067728512051898615,-0.003143623460339935,1.3545702410379723e-06,-0.0031449780305809727
2019-04-30,0.3331328652240758,0.3392003073012517,0.32766682747467235,0.005734077428964451,0.002910606976199534,1.1468154857928903e-06,0.002909460160713741
2019-05-01,0.3329871925250231,0.3383627773673244,0.32865003010765254,0.0009832026329801014,-0.003276412830615356,1.966405265960203e-07,-0.003276609471141952
2019-05-02,0.3395925326388446,0.3345481925063634,0.3258592748547919,0.006605340113821551,-0.003571385598879546,1.3210680227643102e-06,-0.0035727066669023104
2019-05-03,0.34111014426130787,0.3357185530616205,0.32317130267707156,0.002687972177720349,0.006204757956722533,5.375944355440699e-07,0.0062042203622869885
2019-05-06,0.33717212560215304,0.34065292712823675,0.3221749472696101,0.0049343740666162594,-2.3544216555918343e-05,9.86874813323252e-07,-2.4531091369241596e-05
2019-05-07,0.33644053743520913,0.341408296982656,0.32215116558213497,0.0007553698544191523,-0.0019361447766113276,1.5107397088383046e-07,-0.0019362958505822114
2019-05-08,0.32208174735071815,0.3475398788795518,0.33037837376973006,0.014358790084490924,-0.002767148723800377,2.871758016898185e-06,-0.002770020481817275
2019-05-09,0.3218480744035117,0.3452545829525885,0.3328973426438999,0.0025189688741698024,0.001239746141137873,5.037937748339605e-07,0.001239242347363039
2019-05-10,0.3256646127017876,0.3443079472551579,0.3300274400430544,0.0038165382982759954,0.001793897963281822,7.633076596551992e-07,0.0017931346556221668
2019-05-13,0.3243026151727642,0.3450025960290034,0.33069478879823233,0.001361997529023412,-0.002062690017625697,2.7239950580468245e-07,-0.002062962417131502
2019-05-14,0.29932425747087715,0.35969375318180075,0.3409819893473221,0.024978357701887083,0.0010646585252508463,4.995671540377417e-06,0.001059662853710469
2019-05-15,0.30217690672892855,0.35801924169179633,0.33980385157927506,0.0028526492580514262,0.003774936867789992,5.705298516102853e-07,0.003774366337938382
2019-05-16,0.30136193167328895,0.3574650648867542,0.3411730034399567,0.0013691518606816777,-0.0008525183067192861,2.7383037213633555e-07,-0.0008527921370914224
2019-05-17,0.29918792901118646,0.35953753293847346,0.34127453805034,0.00217400266210252,-0.0035486662939121136,4.3480053242050403e-07,-0.003549101094444534
2019-05-20,0.3011921466753143,0.35857866395225796,0.34022918937242785,0.0020042176641277554,-0.0027597916152753018,4.008435328255511e-07,-0.002760192458808127
2019-05-21,0.29348035117596294,0.3520597800509912,0.3544598687730458,0.014230679400618035,0.0012632589056884819,2.846135880123607e-06,0.0012604127698083582
2019-05-22,0.2909059065318353,0.3537148211137012,0.35537927235446354,0.0025744446441277047,0.0007806701869328004,5.14888928825541e-07,0.0007801552980039748
2019-05-23,0.2863699726115958,0.3538647819527666,0.35976524543563754,0.004535933920239432,0.003264018492365917,9.071867840478865e-07,0.0032631113055818692
2019-05-24,0.28562315279406447,0.35298506522760303,0.36139178197833244,0.0016265365426949008,0.0013396439916160705,3.2530730853898016e-07,0.0013393186843075316
2019-05-28,0.28522118439349514,0.3539454758381748,0.36083333976833,0.0009604106105717825,-0.0015023465677244945,1.920821221143565e-07,-0.001502538649846609
2019-05-29,0.28308733026211924,0.354278265492714,0.36263440424516663,0.002133854131375873,-0.0007063262934943942,4.267708262751746e-07,-0.0007067530643206694
2019-05-30,0.2767707025455007,0.362300635718954,0.3609286617355454,0.008022370226239889,0.006319971375908351,1.6044740452479778e-06,0.006318366901863103
2019-05-31,0.2780870807750657,0.3613150654288269,0.36059785379610737,0.0013163782295650683,0.0056357765641287085,2.632756459130137e-07,0.005635513288482796
2019-06-03,0.2711840882789986,0.359601234945014,0.36921467677598746,0.008616822979880062,0.007044671898490644,1.7233645959760124e-06,0.0070429485338946675
2019-06-04,0.2759007573743879,0.3667099359805038,0.35738930664510843,0.01182537013087906,0.0019220368805482326,2.365074026175812e-06,0.0019196718065220568
2019-06-05,0.2673357754678319,0.36332806474800855,0.3693361597841596,0.011946853139051222,0.0012067028654408633,2.3893706278102444e-06,0.001204313494813053
2019-06-06,0.26769033996109465,0.3613029255483865,0.37100673449051885,0.0020251391996220225,0.004118482425053407,4.050278399244045e-07,0.004118077397213483
2019-06-07,0.2684071270470535,0.3621734659814381,0.3694194069715085,0.0015873275190104175,0.007902976443903361,3.174655038020835e-07,0.00790265897839956
2019-06-10,0.2654178501079973,0.35796373949269383,0.3766184103993089,0.007199003427800443,-0.005899934539177529,1.4398006855600887e-06,-0.005901374339863089
2019-06-11,0.273956597452534,0.3534500155851942,0.37259338696227184,0.00853874734453669,-0.0002955222031583754,1.7077494689073382e-06,-0.00029722995262728276
2019-06-12,0.27272920975847514,0.3540274573666427,0.37324333287488204,0.0012273876940587791,0.0017275666144647506,2.4547753881175584e-07,0.0017273211369259389
2019-06-13,0.2728217286202127,0.35341557592138956,0.37376269545839785,0.0006118814452532595,0.004629970938698748,1.223762890506519e-07,0.004629848562409698
2019-06-14,0.2681304717126474,0.35333892928954597,0.3785305989978066,0.004767903539408813,0.0004732791513191915,9.535807078817626e-07,0.0004723255706113097
2019-06-17,0.2675670845412993,0.35395424244773305,0.3784786730109676,0.0006153131581871085,0.0004819923590540304,1.230626316374217e-07,0.000481869296422393
2019-06-18,0.267785407376863,0.3540597995776899,0.37815479304544697,0.00032387996552060705,0.006491910395931203,6.477599310412142e-08,0.006491845619938099
2019-06-19,0.2656264421447017,0.3558978310666958,0.3784757267886024,0.0021589652321613306,0.0034027849623688173,4.3179304643226613e-07,0.003402353169322385
2019-06-20,0.263908975026281,0.3600881788510602,0.37600284612265883,0.004190347784364334,0.01293951143148577,8.380695568728669e-07,0.012938673361928896
2019-06-21,0.2778626059733792,0.3773457643008202,0.3447916297258007,0.031211216396858144,-0.002261762470390712,6.242243279371629e-06,-0.0022680047136700836
2019-06-24,0.28809408322652436,0.3757219889487027,0.33618392782477297,0.010231477253145188,0.007441447699211409,2.0462954506290376e-06,0.00743940140376078
2019-06-25,0.2919382832722479,0.37691759655640633,0.3311441201713457,0.005039807653427236,-0.0010533606434783161,1.0079615306854474e-06,-0.0010543686050090016
2019-06-26,0.28924478247820495,0.3770469044636695,0.33370831305812565,0.002693500794043041,-0.005760217467380603,5.387001588086082e-07,-0.005760756167539412
2019-06-27,0.29104518482445946,0.3789129520785486,0.33004186309699196,0.003666449961133633,0.003379683324150377,7.332899922267266e-07,0.0033789500341581506
2019-06-28,0.2874743948320307,0.3713134914392787,0.34121211372869054,0.011170250631698603,0.002152518047820565,2.234050126339721e-06,0.0021502839976942256
2019-07-01,0.2878302978176219,0.37122204950129106,0.340947652681087,0.00035590298559121103,-0.004859096664541868,7.118059711824221e-08,-0.004859167845138986
2019-07-02,0.2904494921060824,0.39328655186664396,0.3162639560272736,0.024683696653813397,0.010545174348268582,4.936739330762679e-06,0.01054023760893782
2019-07-03,0.29765562009813995,0.3986338017827255,0.3037105781191346,0.01255337790813904,0.0057225805158706445,2.5106755816278083e-06,0.005720069840289017
2019-07-05,0.29381682122271613,0.4036640233066899,0.3025191554705941,0.0050302215239643455,-0.00906122744410566,1.0060443047928692e-06,-0.009062233488410452
2019-07-08,0.3024873030327162,0.393355123939271,0.3041575730280128,0.0103088993674188,-0.0030839221338248815,2.06177987348376e-06,-0.0030859839136983653
2019-07-09,0.30259802261315877,0.3946418508907527,0.3027601264960885,0.0013974465319242513,0.0012890368545411526,2.7948930638485026e-07,0.0012887573652347677
2019-07-10,0.30192612762388127,0.3957636971003609,0.3023101752757578,0.0011218462096082016,0.004036060838314118,2.2436924192164034e-07,0.004035836469072196
2019-07-11,0.30615973919410727,0.3963797067355167,0.297460554070376,0.004849621205381793,-0.007085921593127714,9.699242410763587e-07,-0.00708689151736879
2019-07-12,0.31320461444835834,0.38644340451462367,0.300351981037018,0.009936302220893034,0.0037265621476285423,1.9872604441786067e-06,0.0037245748871843638
2019-07-15,0.30928627868051,0.38629780413314124,0.30441591718634875,0.00406393614933076,0.0023275745303860617,8.127872298661521e-07,0.0023267617431561955
2019-07-16,0.30914416362954017,0.38803418918745497,0.3028216471830049,0.0017363850543136994,-0.004715037055297622,3.472770108627399e-07,-0.004715384332308485
2019-07-17,0.31027138897401385,0.38888675891063434,0.30084185211535186,0.0019797950676530562,0.007041290520076314,3.9595901353061127e-07,0.007040894561062784
2019-07-18,0.3109796347032926,0.3896199403351513,0.29940042496155606,0.001441427153795749,0.005394830518397808,2.882854307591498e-07,0.005394542232967049
2019-07-19,0.3126272717118852,0.3916501301579675,0.29572259813014745,0.003677826831408715,-0.007011638565144372,7.35565366281743e-07,-0.0070123741305106535
2019-07-22,0.3146224051870809,0.39639149595333956,0.2889860988595795,0.006736499270567853,0.0014824152060921541,1.3472998541135707e-06,0.0014810679062380405
2019-07-23,0.31347294752923227,0.39846408359917795,0.2880629688715898,0.0020725876458383696,-0.0015613729260440874,4.1451752916767395e-07,-0.0015617874435732552
2019-07-24,0.3160453931829777,0.3960862230265055,0.2878683837905168,0.0025724456537454254,0.004669826134556916,5.144891307490851e-07,0.004669311645426167
2019-07-25,0.3147393196017977,0.3985180709950336,0.28674260940316876,0.002431847968528106,-0.005435675270916083,4.863695937056212e-07,-0.0054361616405097886
2019-07-26,0.3155232065068852,0.39849208944464726,0.2859847040484676,0.0007838869050875164,0.0035273789974262304,1.5677738101750328e-07,0.003527222220045213
2019-07-29,0.3145026872356766,0.39873238729945953,0.2867649254648639,0.0010205192712085809,0.001458316556198088,2.041038542417162e-07,0.0014581124523438463
2019-07-30,0.3126238952839938,0.40173296308026946,0.28564314163573673,0.003000575780809922,0.0011656523586866627,6.001151561619845e-07,0.0011650522435305006
2019-07-31,0.3119533144754102,0.40269485077258216,0.2853518347520077,0.000961887692312674,-0.0039167519638179426,1.923775384625348e-07,-0.003916944341356405
2019-08-01,0.3126490005962238,0.4037031182737244,0.28364788113005174,0.0017039536219559115,0.012109097921368267,3.407907243911823e-07,0.012108757130643875
2019-08-02,0.3232113840687573,0.3948959015232251,0.2818927144080175,0.01056238347253352,0.00014102646285904042,2.1124766945067045e-06,0.00013891398616453372
2019-08-05,0.32582852315950267,0.39182659468603986,0.2823448821544574,0.0030693068371852594,0.000922942472762295,6.13861367437052e-07,0.000922328611394858
2019-08-06,0.30942513417452805,0.39616463337922264,0.2944102324462494,0.016403388984974704,0.009898912742178446,3.280677796994941e-06,0.009895632064381451
2019-08-07,0.31158309783117855,0.3953817365999278,0.2930351655688938,0.002157963656650469,0.0047761673679287955,4.315927313300938e-07,0.004775735775197466
2019-08-08,0.3120626623674396,0.39856738455214624,0.28936995308041413,0.003665212488479591,0.008433746928611124,7.330424976959183e-07,0.008433013886113429
2019-08-09,0.3036911749108836,0.40366106032584753,0.2926477647632689,0.008371487456556054,-0.003844924468085928,1.6742974913112108e-06,-0.0038465987655772393
2019-08-12,0.30340761066545724,0.40422568461569847,0.29236670471884424,0.0005646242898509901,0.007570121335701922,1.1292485797019803e-07,0.007570008410843951
2019-08-13,0.32173186631195727,0.3842766423916628,0.2939914912963799,0.01994904222403568,0.0019343433585051366,3.989808444807136e-06,0.0019303535500603294
2019-08-14,0.3185551057555856,0.3867820176569798,0.29466287658743456,0.003176760556371644,0.0013111001040375108,6.353521112743288e-07,0.0013104647519262365
2019-08-15,0.30710031917045816,0.3830623173525315,0.30983736347701035,0.015174486889575761,0.007132816199140265,3.0348973779151522e-06,0.00712978130176235
2019-08-16,0.30862050947699887,0.37994988057484763,0.31142960994815355,0.0031124367776838857,-0.0004835448702159538,6.224873555367772e-07,-0.00048416735757149057
2019-08-19,0.30694904456106253,0.37794985942124476,0.31510109601769276,0.0036714860695392093,-0.005393406869594424,7.342972139078419e-07,-0.005394141166808332
2019-08-20,0.3111511608702943,0.3729292384166219,0.3159196007130838,0.005020621004622833,0.003936404744259423,1.0041242009245667e-06,0.003935400620058499
2019-08-21,0.31203242019102784,0.37144280849211747,0.3165247713168548,0.0014864299245044843,-0.0009387756303542809,2.9728598490089686e-07,-0.0009390729163391818
2019-08-22,0.3123373110550864,0.3700764594279564,0.31758622951695725,0.0013663490641610265,-0.0033602426842683246,2.7326981283220534e-07,-0.0033605159540811566
2019-08-23,0.31544463929877664,0.3685256313396477,0.31602972936157564,0.0031073282436902827,0.00414455187015623,6.214656487380566e-07,0.004143930404507491
2019-08-26,0.3081775163520815,0.37256153344337367,0.3192609502045449,0.0072671229466951814,0.0019463104716617079,1.4534245893390364e-06,0.001944857047072369
2019-08-27,0.30768890724594206,0.37198674444396057,0.3203243483100974,0.0010633981055525044,0.007590194318415922,2.1267962111050087e-07,0.007589981638794811
2019-08-28,0.3109317833540395,0.3673043640176516,0.3217638526283089,0.004682380426308974,0.0017560403289215917,9.364760852617948e-07,0.00175510385283633
2019-08-29,0.30992068523500665,0.3689091879249935,0.32117012683999985,0.0016048239073419013,0.0002598171522024944,3.209647814683803e-07,0.00025949618742102603
2019-08-30,0.3098656754884396,0.37018208604861125,0.3199522384629492,0.0012728981236177495,-0.000858692007412674,2.545796247235499e-07,-0.0008589465870373975
2019-09-03,0.3087078508694459,0.36938679055921014,0.321905358571344,0.0019531201083947958,0.003151135226180283,3.906240216789592e-07,0.0031507446021586043
2019-09-04,0.3144810637466267,0.37189279241398293,0.3136261438393904,0.008279214731953588,0.006083497622134638,1.6558429463907177e-06,0.006081841779188248
2019-09-05,0.31279755136374043,0.37426652413941486,0.3129359244968448,0.002373731725431899,-0.010267790326792144,4.7474634508637985e-07,-0.010268265073137231
2019-09-06,0.3219554551670563,0.3708619708709423,0.30718257396200127,0.009157903803315992,0.0002691879957503352,1.8315807606631985e-06,0.00026735641498967203
2019-09-09,0.3240591656728337,0.3713313616104974,0.3046094727166688,0.002573101245332471,-0.00757108493008949,5.146202490664942e-07,-0.007571599550338557
2019-09-10,0.3269017321731131,0.36362224153592404,0.30947602629096277,0.0077091200745733335,-0.009099063654816858,1.5418240149146667e-06,-0.009100605478831772
2019-09-11,0.33214023156577194,0.35585757330360923,0.3120021951306187,0.007764668232314809,0.0036214711927489464,1.5529336464629618e-06,0.0036199182591024836
2019-09-12,0.3316215821370044,0.3560655177633831,0.3123129000996126,0.0005186494287676424,-0.0005416491418678628,1.0372988575352849e-07,-0.0005417528717536163
2019-09-13,0.3321977684140063,0.3546130860587975,0.31318914552719623,0.0014524317045855606,-0.01038741959327903,2.904863409171121e-07,-0.010387710079619947
2019-09-16,0.3384815960891502,0.3447887520759457,0.31672965183490415,0.00982433398285179,0.0059925253165644616,1.9648667965703584e-06,0.005990560449767891
2019-09-17,0.3399770685984736,0.3424110522952543,0.31761187910627203,0.002377699780691356,0.0033472610419083256,4.755399561382712e-07,0.0033467855019521874
2019-09-18,0.34175472529144774,0.3413048735597179,0.3169404011488345,0.0017776566929740556,-0.0003394162508685518,3.5553133859481114e-07,-0.0003397717822071466
2019-09-19,0.3422810358392321,0.3414240920421619,0.3162948721186059,0.0006455290302284644,0.0022855175053358833,1.2910580604569288e-07,0.0022853883995298378
2019-09-20,0.3391342446610364,0.33578447776878106,0.32508127757018246,0.008786405451576523,0.006676425898278203,1.7572810903153047e-06,0.006674668617187888
2019-09-23,0.3393989210310183,0.33679609193703014,0.3238049870319516,0.0012762905382309175,0.0016611512444941019,2.5525810764618353e-07,0.0016608959863864557
2019-09-24,0.3375783062902698,0.3359815851105277,0.3264401085992024,0.0026351215672508754,0.003126909765575987,5.270243134501751e-07,0.0031263827412625366
2019-09-25,0.3395656008386816,0.33357256084443787,0.32686183831688054,0.002409024266089882,-0.00893248953469465,4.818048532179764e-07,-0.008932971339547867
2019-09-26,0.3434343069539753,0.33265407671149255,0.32391161633453214,0.0038687061152937186,0.0013329232265003577,7.737412230587438e-07,0.001332149485277299
2019-09-27,0.3434102230466407,0.3327283195604526,0.32386145739290667,7.424284896007105e-05,-0.0026995289434131853,1.4848569792014211e-08,-0.0026995437919829775
2019-09-30,0.34350702905592,0.3331693567057175,0.3233236142383624,0.0005378431545442208,-0.0026096920501028596,1.0756863090884417e-07,-0.0026097996187337685
2019-10-01,0.34332293799744457,0.3315693614601479,0.32510770054240745,0.0017840863040450294,-0.0013060577180578669,3.568172608090059e-07,-0.0013064145353186758
2019-10-02,0.3365123623770967,0.3300245338623045,0.3334631037605986,0.008355403218191226,-0.001245352862027137,1.6710806436382454e-06,-0.0012470239426707753
2019-10-03,0.3328002582432538,0.33400393026271075,0.3331958114940353,0.003979396400406204,0.007283040731185235,7.958792800812409e-07,0.007282244851905153
2019-10-04,0.32866583868541116,0.33634641091345985,0.33498775040112894,0.004134419557842689,0.006930713876599963,8.268839115685379e-07,0.006929886992688395
2019-10-07,0.3255512634927023,0.3365778543397172,0.3378708821675805,0.003114575192708885,-0.007075350498019883,6.22915038541777e-07,-0.007075973413058425
2019-10-08,0.3269962214794594,0.3357960687186373,0.3372077098019033,0.0014449579867570894,-0.001223825739263623,2.889915973514179e-07,-0.0012241147308609745
2019-10-09,0.3213823132822475,0.33696746818151224,0.3416502185362402,0.0056139081972118865,0.001461499499080348,1.1227816394423774e-06,0.0014603767174409057
2019-10-10,0.31734207101923906,0.3401830088586005,0.34247492012216046,0.004040242263008448,-0.0059099705606355905,8.080484526016896e-07,-0.005910778609088192
2019-10-11,0.3201084273462749,0.33578855175237216,0.344103020901353,0.00439445710622835,-0.002743816015966817,8.7889142124567e-07,-0.0027446949073880625
2019-10-14,0.3201783200535942,0.3339374760150546,0.3458842039313513,0.0018510757373175757,0.003452098051982295,3.7021514746351513e-07,0.0034517278368348314
2019-10-15,0.31969924088325014,0.33275792284188144,0.3475428362748683,0.0016586323435171246,-0.0032799231743993232,3.3172646870342494e-07,-0.0032802549008680267
2019-10-16,0.3177415703223613,0.32965848100771156,0.3525999486699272,0.0050571123950588215,0.0019113597289962645,1.0114224790117643e-06,0.0019103483065172526
2019-10-17,0.3162254878021184,0.3278805109111193,0.3558940012867623,0.0032940526168351025,0.0006424614206131255,6.588105233670205e-07,0.0006418026100897585
2019-10-18,0.31404642949756223,0.3249903129888482,0.3609632575135897,0.005069256226827357,-0.001759564282562599,1.0138512453654714e-06,-0.0017605781338079645
2019-10-21,0.31382297376089635,0.32513346975583135,0.36104355648327247,0.00022345573666590623,-0.002040536076875766,4.469114733318125e-08,-0.0020405807680230993
2019-10-22,0.3140417247565538,0.32442163541329005,0.36153663983015616,0.0007118343425412121,0.0019314070331997888,1.4236686850824244e-07,0.0019312646663312805
2019-10-23,0.31415185463586903,0.323958307395599,0.3618898379685319,0.00046332801769102816,0.0020914253969219337,9.266560353820564e-08,0.0020913327313183956
2019-10-24,0.3134390392472792,0.32374180011551307,0.3628191606372077,0.0009293226686757639,0.002443971131697203,1.858645337351528e-07,0.002443785267163468
2019-10-25,0.31462029944292164,0.3237332205510098,0.3616464800060686,0.0011812601956424085,0.0005502949286782108,2.3625203912848172e-07,0.0005500586766390823
2019-10-28,0.31433871743197156,0.3228599154639524,0.362801367104076,0.0011548870980074566,-0.004285315609347373,2.3097741960149133e-07,-0.004285546586766975
2019-10-29,0.31569116603139447,0.322305550622504,0.36200328334610143,0.001352448599422934,-0.0008861860146867822,2.704897198845868e-07,-0.0008864565044066668
2019-10-30,0.3152608073445519,0.320108819004428,0.36463037365102013,0.0026270903049186167,0.007653434533247587,5.254180609837234e-07,0.007652909115186604
2019-10-31,0.3085956512983801,0.31583731913784757,0.3755670295637722,0.010936655912752141,0.007194008595499072,2.1873311825504283e-06,0.007191821264316521
2019-11-01,0.31116069643819344,0.3147095973975714,0.37412970616423513,0.002565045139813288,0.002255295396871359,5.130090279626576e-07,0.0022547823878433966
2019-11-04,0.3231036240749961,0.30953118781234473,0.3673651881126591,0.011942927636802658,-0.003832369104324644,2.388585527360532e-06,-0.0038347576898520043
2019-11-05,0.3265918511328058,0.3053730516833076,0.3680350971838866,0.0041581361290371766,-0.009750523000274687,8.316272258074353e-07,-0.009751354627500495
2019-11-06,0.3280914403193193,0.30380733614711264,0.3681012235335681,0.0015657155361949726,0.0034927304122516533,3.1314310723899453e-07,0.0034924172691444145
2019-11-07,0.335801775060674,0.2997371714246587,0.36446105351466723,0.007710334741354741,-0.009906950651911942,1.5420669482709482e-06,-0.009908492718860214
2019-11-08,0.34274705697585417,0.29681089218585915,0.3604420508382867,0.0069452819151801515,-0.002697372200768658,1.3890563830360303e-06,-0.002698761257151694
2019-11-11,0.3422580130799335,0.30157866414178214,0.35616332277828444,0.004767771955922956,-0.0013080002610898513,9.535543911845912e-07,-0.0013089538154810358
2019-11-12,0.346766188535538,0.2990935718814124,0.3541402395830496,0.004508175455604557,0.0030606911731037617,9.016350911209115e-07,0.0030597895380126408
2019-11-13,0.36846621078959124,0.2953754211855567,0.33615836802485205,0.021700022254053236,0.0033811896972668004,4.340004450810648e-06,0.00337684969281599
2019-11-14,0.36711284463412536,0.2967372753860048,0.3361498799798698,0.001361854200448126,0.005012623895377601,2.723708400896252e-07,0.0050123515245375115
2019-11-15,0.3737908218946139,0.292288334771507,0.33392084333387917,0.006677977260488466,0.0015435693020580802,1.3355954520976932e-06,0.0015422337066059826
2019-11-18,0.37293834208085136,0.29303490690769846,0.33402675101145013,0.0008524798137624634,0.0017976566548959755,1.7049596275249268e-07,0.001797486158933223
2019-11-19,0.37371453750902667,0.2933129368109644,0.3329725256800089,0.0010542253314412275,0.0025044348695716814,2.1084506628824553e-07,0.002504224024505393
2019-11-20,0.3757433205096517,0.2915868216120488,0.3326698578782995,0.0020287830006250063,0.001787665797369435,4.0575660012500126e-07,0.00178726004076931
2019-11-21,0.3756625740181336,0.2904447046803507,0.3338927213015158,0.0012228634232162583,-0.004250745638898966,2.4457268464325166e-07,-0.00425099021158361
2019-11-22,0.3970241029848437,0.27673360153211113,0.32624229548304506,0.02136152896671023,0.0006246797789354162,4.272305793342046e-06,0.0006204074731420741
2019-11-25,0.4015376675033247,0.27481033700528185,0.32365199549139356,0.004513564518480895,0.0023665178868409985,9.02712903696179e-07,0.0023656151739373022
2019-11-26,0.396580119937811,0.27886260939878643,0.32455727066340273,0.004957547565513726,0.004091067901768594,9.915095131027451e-07,0.004090076392255492
2019-11-27,0.3990690899723861,0.27771433296982856,0.3232165770577852,0.0024889700345752386,-0.0007410610569414254,4.977940069150478e-07,-0.0007415588509483405
2019-11-29,0.40496258120099815,0.2746458250954029,0.32039159370359893,0.005893491228611991,-9.96343798460495e-05,1.1786982457223983e-06,-0.0001008130780917719
2019-12-02,0.4046093498930901,0.2756959428350466,0.3196947072718633,0.0010501177396436967,-0.007275223988509432,2.1002354792873936e-07,-0.007275434012057361
2019-12-03,0.3999918455785941,0.27095797804178307,0.3290501763796228,0.009355469107759556,0.006150941538952704,1.8710938215519113e-06,0.006149070445131152
2019-12-04,0.40831302479389164,0.2619663782611601,0.32972059694494826,0.008991599780623,-0.0005467699299095152,1.7983199561246e-06,-0.0005485682498656398
2019-12-05,0.4008367494223459,0.2556770934896348,0.3434861570880194,0.013765560143071093,-0.00032499687671447937,2.7531120286142187e-06,-0.0003277499887430936
2019-12-06,0.39883603489965186,0.255418680924202,0.34574528417614614,0.0022591270881267833,-0.001203428184439798,4.518254176253567e-07,-0.0012038800098574233
2019-12-09,0.39424861451912707,0.2633938146735958,0.34235757080727713,0.007975133749393792,-0.0007678071938507855,1.5950267498787585e-06,-0.0007694022206006642
2019-12-10,0.38870789946579176,0.268617529731171,0.34267457080303726,0.00554071505333531,0.0005573282778800202,1.1081430106670621e-06,0.0005562201348693531
2019-12-11,0.3898663002254265,0.2673452742780713,0.3427884254965021,0.001272255453099641,0.005568578516488172,2.544510906199282e-07,0.005568324065397552
2019-12-12,0.39130234271547826,0.2676327150694653,0.34106494221505657,0.0017234832814456424,-0.002235021576616662,3.446966562891285e-07,-0.0022353662732729515
2019-12-13,0.3847905743249471,0.2721535339747687,0.34305589170028405,0.006511768390531025,0.004915227514021499,1.3023536781062051e-06,0.0049139251603433935
2019-12-16,0.38410847937580855,0.27154324695713544,0.3443482736670559,0.0012923819667718384,0.0001728135861178401,2.584763933543677e-07,0.00017255510972448573
2019-12-17,0.3829305387854324,0.27101238160135815,0.34605707961320953,0.001708805946153552,-0.0003644949572949709,3.417611892307104e-07,-0.00036483671848420166
2019-12-18,0.3818257175782072,0.2707649891268056,0.34740929329498715,0.0013522136817776809,-0.0021746942227708595,2.704427363555362e-07,-0.002174964665507215
2019-12-19,0.382013579582747,0.269276051024494,0.34871036939275907,0.0014889381023116544,0.0028996637040382307,2.977876204623309e-07,0.0028993659164177686
2019-12-20,0.3777627174312201,0.27021885329790346,0.3520184292708764,0.0042508621515268685,0.002366158832160473,8.501724303053738e-07,0.0023653086597301676
2019-12-23,0.3764957079426047,0.26969381258138425,0.3538104794760109,0.0017920502051345655,0.0012709819518893942,3.5841004102691313e-07,0.0012706235418483672
2019-12-24,0.3785624461399181,0.2709921507945321,0.3504454030655499,0.003365076410461132,0.004091803499510584,6.730152820922264e-07,0.004091130484228492
2019-12-26,0.3706533061537028,0.2702269506477435,0.3591197431985538,0.008674340133003888,0.005446385824893944,1.7348680266007778e-06,0.005444650956867343
2019-12-27,0.3717186111460001,0.2725605763413705,0.3557208125126295,0.003398930685924284,8.104247165417394e-05,6.797861371848568e-07,8.036268551698908e-05
2019-12-30,0.3732793343602423,0.27109136477231144,0.3556293008674464,0.0015607232142421934,-0.0022955762178388786,3.121446428484387e-07,-0.002295888362481727
2019-12-31,0.3636750315964878,0.2664525802440819,0.36987238815943024,0.014243087291983952,-0.001025935108635871,2.8486174583967906e-06,-0.001028783726094268
2020-01-02,0.3738095835288812,0.26002479837873,0.36616561809238884,0.010134551932393376,0.009123035036531732,2.0269103864786755e-06,0.009121008126145254
2020-01-03,0.3937549679155469,0.24645949537790576,0.35978553670654734,0.019945384386665724,0.005587649379453098,3.989076877333145e-06,0.0055836603025757655
2020-01-06,0.3972129089065081,0.2476157846097235,0.3551713064837683,0.004614230222778973,0.0038348851665624514,9.228460445557946e-07,0.003833962320517896
2020-01-07,0.4100721534096878,0.24624095138935737,0.34368689520095475,0.012859244503179684,-0.0010109603638073941,2.571848900635937e-06,-0.0010135322127080302
2020-01-08,0.4083836011647352,0.2451293623038689,0.3464870365313959,0.002800141330441097,-0.0020433431721135747,5.600282660882194e-07,-0.002043903200379663
2020-01-09,0.4338678105135584,0.23428466978724777,0.3318475196991939,0.025484209348823145,0.0018887437589714935,5.0968418697646296e-06,0.0018836469171017289
2020-01-10,0.4384139689035073,0.23368473491343733,0.3279012961830553,0.004546158389948984,0.002792080811138132,9.092316779897969e-07,0.0027911715794601425
2020-01-13,0.43529292064928643,0.23510058168217765,0.32960649766853584,0.003121048254220868,-0.0001651084360853425,6.242096508441736e-07,-0.00016573264573618667
2020-01-14,0.43940168447358763,0.2365715369415695,0.3240267785848429,0.00557971908369298,0.00025810955870603355,1.115943816738596e-06,0.00025699361488929493
2020-01-15,0.4384881532854974,0.23712692300128177,0.3243849237132208,0.0009135311880902053,0.0044560138189644145,1.8270623761804107e-07,0.004455831112726796
2020-01-16,0.44345775084318867,0.23572556996251953,0.3208166791942919,0.004969597557691205,0.0024426250369609355,9.93919511538241e-07,0.002441631117449397
2020-01-17,0.4391849975633958,0.23673361964395478,0.3240813827926494,0.004272753279792818,-5.8486184487017414e-05,8.545506559585637e-07,-5.934073514297598e-05
2020-01-21,0.44004615439952843,0.2352390142131573,0.3247148313873144,0.0014946054307975465,0.0019640358504868756,2.9892108615950933e-07,0.0019637369294007163
2020-01-22,0.44395827229249646,0.23165575502575633,0.3243859726817471,0.003912117892968123,0.0009780155409612073,7.824235785936246e-07,0.0009772331173826137
2020-01-23,0.4448743144184773,0.23108916244455138,0.3240365231369713,0.0009160421259808149,0.0028567428320524606,1.83208425196163e-07,0.0028565596236272642
2020-01-24,0.44775893565758335,0.22957285853925116,0.32266820580316546,0.0028846212391060444,-0.00023881251818885698,5.769242478212089e-07,-0.00023938944243667818
2020-01-27,0.4372634063308993,0.23370214415759424,0.3290344495115067,0.010495529326684183,-0.0011281469880242935,2.0991058653368366e-06,-0.0011302460938896303
2020-01-28,0.4116614287718129,0.2405215491718564,0.34781702205633075,0.025601977559086303,-0.0006746696402807513,5.120395511817261e-06,-0.0006797900357925686
2020-01-29,0.40912005209351865,0.24395296708322864,0.34692698082325274,0.0034314179113722476,0.0039274807815753415,6.862835822744495e-07,0.003926794497993067
2020-01-30,0.4078193145874763,0.2425444877687456,0.34963619764377807,0.0027092168205253703,0.0013805065445535922,5.418433641050741e-07,0.0013799647011894871
2020-01-31,0.4072899419542086,0.24231405803624884,0.3503960000095426,0.0007598023657644781,-0.003153649252251461,1.5196047315289563e-07,-0.003153801212724614
2020-02-03,0.38040349090512504,0.25551944728569875,0.3640770618091761,0.026886451049083493,0.0002538866385136422,5.377290209816699e-06,0.00024850934830382545
2020-02-04,0.3758540353255416,0.2591648708281191,0.3649810938463393,0.0045494555795835,-0.0025095681560872414,9.098911159167001e-07,-0.002510478047203158
2020-02-05,0.3761146408125516,0.26222319782628456,0.36166216136116386,0.0033189324851754243,0.0019205189473830968,6.637864970350849e-07,0.0019198551608860617
2020-02-06,0.369758810338463,0.26553929890501377,0.3647018907565233,0.006355830474088636,0.004406075041592768,1.2711660948177273e-06,0.004404803875497951
2020-02-07,0.3599611749473367,0.2623015885852639,0.3777372364673993,0.013035345710876056,0.002353917994398871,2.6070691421752114e-06,0.002351310925256696
2020-02-10,0.3585959516077484,0.26047835830830385,0.38092569008394783,0.003188453616548459,0.004377931247630486,6.376907233096918e-07,0.004377293556907177
2020-02-11,0.342726394480641,0.2623857727488091,0.3948878327705499,0.01586955712710733,-0.002087679907563234,3.1739114254214663e-06,-0.0020908538189886557
2020-02-12,0.34145984838073273,0.2610277548829563,0.39751239673631084,0.0026245639657609954,0.0005543240856901992,5.249127931521991e-07,0.000553799172897047
2020-02-13,0.34086102926463113,0.2600675763634273,0.39907139437194156,0.0015589976356306656,0.002906169620000899,3.1179952712613316e-07,0.0029058578204737727
2020-02-14,0.3412315464128171,0.2608704201558453,0.3978980334313377,0.0011733609406038847,0.00335132456728856,2.3467218812077696e-07,0.0033510898951004393
2020-02-18,0.3411250283866129,0.26133937994134177,0.3975355916720452,0.0004689597854966032,0.006006687434621009,9.379195709932065e-08,0.006006593642663909
2020-02-19,0.3445385894934087,0.26674516792101327,0.3887162425855779,0.00881934908646731,0.003895617445461301,1.763869817293462e-06,0.003893853575644008
2020-02-20,0.3457612896154311,0.2664725171279539,0.38776619325661504,0.00122270012202233,0.002250761815365237,2.44540024404466e-07,0.0022505172753408327
2020-02-21,0.34501141874222085,0.2660304988664339,0.3889580823913451,0.001191889134730173,0.004776085854401203,2.383778269460346e-07,0.004775847476574256
2020-02-24,0.34518909375832363,0.27312666961335735,0.3816842366283191,0.007273845763026143,-0.003941388943964841,1.4547691526052287e-06,-0.003942843713117446
2020-02-25,0.30558272968747036,0.28946501200950125,0.40495225830302833,0.03960636407085322,-0.01495679108637963,7.921272814170644e-06,-0.0149647123591938
2020-02-26,0.28970370982644394,0.310224672327046,0.40007161784651,0.020759660317544726,-0.0009601281633095698,4.151932063508946e-06,-0.0009642800953730788
2020-02-27,0.2897982362154988,0.3089912524508745,0.4012105113336266,0.0012334198761714543,-0.00958508979765941,2.4668397523429085e-07,-0.009585336481634645
2020-02-28,0.25452321811362877,0.32070581805217396,0.42477096383419727,0.03527501810187006,-0.009328065615672024,7.055003620374012e-06,-0.009335120619292397
2020-03-02,0.2849100200360115,0.34159109892045963,0.37349888104352874,0.05127208279066847,0.011889376338771431,1.0254416558133695e-05,0.011879121922213298
2020-03-03,0.2596526254624479,0.3517947049518579,0.38855266958569434,0.02525739457356374,0.010241261368612455,5.051478914712749e-06,0.010236209889697742
2020-03-04,0.2631493449065604,0.36595559199709965,0.37089506309634,0.0176576064893543,0.007825658235391459,3.53152129787086e-06,0.007822126714093589
2020-03-05,0.24601324430910043,0.3758706994139282,0.3781160562769714,0.017136100597459958,0.00934585951383378,3.4272201194919917e-06,0.009342432293714288
2020-03-06,0.24219620422492544,0.3810254804122619,0.37677831536281264,0.005154780998333747,0.015969772461556075,1.0309561996667494e-06,0.015968741505356408
2020-03-09,0.25797682431783314,0.3366680250735561,0.4053551506086109,0.04435745533870589,-0.010352964858110186,8.871491067741177e-06,-0.010361836349177927
2020-03-10,0.22448163878846708,0.3452175112597959,0.430300849951737,0.03349518552936599,-0.01515921758610391,6.699037105873199e-06,-0.015165916623209782
2020-03-11,0.2280628980988008,0.32055896788573457,0.45137813401546467,0.024658543374061342,-0.024520505410245363,4.931708674812269e-06,-0.024525437118920176
2020-03-12,0.22424129342367827,0.30978736252282296,0.4659713440534988,0.01459321003803414,-0.03812190800759309,2.9186420076068283e-06,-0.03812482664960069
2020-03-13,0.21090826789485714,0.34173113928083726,0.4473605928243056,0.03194377675801431,-0.003346204323241505,6.388755351602862e-06,-0.0033525930785931078
2020-03-16,0.2004612561111979,0.3541646091342447,0.44537413475455745,0.01243346985340743,-0.0040953729675042416,2.486693970681486e-06,-0.004097859661474923
2020-03-17,0.18985161688631025,0.33588234850115023,0.4742660346125395,0.028891899857982087,-0.005718281263813436,5.778379971596418e-06,-0.005724059643785032
2020-03-18,0.1937476754066108,0.3114553471875201,0.49479697740586903,0.024427001313630098,-0.03723728788285345,4.88540026272602e-06,-0.03724217328311618
2020-03-19,0.19742389436512128,0.3010142292659222,0.5015618763689565,0.01044111792159795,-0.0008675441450758416,2.0882235843195904e-06,-0.0008696323686601612
2020-03-20,0.2002467187624971,0.30121633402583975,0.4985369472116631,0.003024929157293424,0.021496577300966862,6.049858314586848e-07,0.021495972315135402
2020-03-23,0.2050631777671597,0.2839375477975913,0.5109992744352491,0.01727878622824852,0.029033472063910312,3.4557572456497046e-06,0.02903001630666466
2020-03-24,0.21584851923393822,0.29277312243784087,0.49137835832822097,0.019620916107028097,0.037953586260217095,3.924183221405619e-06,0.03794966207699569
2020-03-25,0.21369282549602747,0.30916509806686066,0.47714207643711193,0.016391975629019784,-0.0040349635130815685,3.278395125803957e-06,-0.004038241908207373
2020-03-26,0.21415742144498226,0.31053964755043006,0.4753029310045877,0.0018391454325242113,0.02012731717054653,3.678290865048423e-07,0.020126949341460025
2020-03-27,0.20984028717374067,0.31269351918341665,0.47746619364284276,0.004317134271241613,-0.0009882451363631309,8.634268542483226e-07,-0.0009891085632173792
2020-03-30,0.20969384290656964,0.3112658059833444,0.4790403511100859,0.001574157467243209,0.0063565430309823175,3.1483149344864184e-07,0.006356228199488869
2020-03-31,0.20842534185428807,0.3114398179880992,0.48013484015761265,0.0012685010522815593,-0.020925240288217385,2.5370021045631186e-07,-0.020925493988427843
2020-04-01,0.21212681251870127,0.31687664609640304,0.47099654138489566,0.009138298772717005,-0.0006530435540315878,1.827659754543401e-06,-0.0006548712137861312
2020-04-02,0.21036878856247135,0.318247814575266,0.47138339686226266,0.0017580239562299538,0.014601263524241468,3.5160479124599077e-07,0.014600911919450222
2020-04-03,0.21037403616711822,0.31965677240305596,0.4699691914298258,0.001414205432436838,4.042185716711909e-05,2.8284108648736765e-07,4.013901608063172e-05
2020-04-06,0.2096627839294759,0.319490499942824,0.4708467161277,0.0008775246978742351,0.026295386708740816,1.7550493957484704e-07,0.026295211203801242
2020-04-07,0.20645193531017259,0.32484854795098556,0.4686995167388418,0.005358048008161531,-0.0057011980326444125,1.0716096016323063e-06,-0.005702269642246045
2020-04-08,0.20666848504601723,0.3245962840107824,0.46873523094320035,0.00025226394020318177,0.00040032949963606564,5.045278804063635e-08,0.000400279046848025
2020-04-09,0.20552613121251287,0.3251820177635993,0.469291851023888,0.0011423538335044447,0.015977988642666023,2.2847076670088896e-07,0.015977760171899322
2020-04-13,0.20705196396863987,0.32802183321636086,0.4649262028149993,0.004365648208888628,0.0030838973250352595,8.731296417777258e-07,0.003083024195393482
2020-04-14,0.20778299639163372,0.3286885648697852,0.46352843873858113,0.001397764076418187,0.00969467401311505,2.7955281528363743e-07,0.009694394460299766
2020-04-15,0.206718109789797,0.3289337810960127,0.46434810911419033,0.0010648866018367065,0.0019519678417624703,2.129773203673413e-07,0.001951754864442103
2020-04-16,0.20701372893343728,0.3274770199112154,0.4655092511553474,0.0014567611847973172,0.004315158647746808,2.913522369594635e-07,0.004314867295509848
2020-04-17,0.20701112682898046,0.3272678841002537,0.46572098907076576,0.000211737915418439,-0.007837628403520279,4.23475830836878e-08,-0.007837670751103363
2020-04-20,0.20779019349991576,0.3287448585167785,0.4634649479833058,0.0022560410874600256,0.002286608894546815,4.5120821749200514e-07,0.002286157686329323
2020-04-21,0.20752938645312816,0.32938941109863074,0.463081202448241,0.000644552581852309,-0.005314361105467465,1.289105163704618e-07,-0.005314490015983835
2020-04-22,0.20697679001723215,0.32991145273654016,0.4631117572462278,0.0005525964358960855,0.010333158063958549,1.1051928717921712e-07,0.01033304754467137
2020-04-23,0.2075225664722295,0.33099203699094626,0.46148539653682413,0.0016263607094035432,0.0063360699057348376,3.2527214188070863e-07,0.006335744633592957
2020-04-24,0.2077051496246288,0.3313180039390313,0.4609768464363398,0.0005085501004843535,0.0016970960833065027,1.0171002009687069e-07,0.0016969943732864058
2020-04-27,0.20754576904520722,0.33155336801447577,0.46090086294031707,0.00023536407544437477,-0.006239509857667197,4.7072815088874956e-08,-0.006239556930482285
2020-04-28,0.20793642135247928,0.330719337984429,0.46134424066309165,0.0008340300300467146,0.0007948680843702679,1.6680600600934292e-07,0.0007947012783642586
2020-04-29,0.20781525080495478,0.3304796497824054,0.4617050994126398,0.0003608587495481236,0.006280231248825612,7.217174990962472e-08,0.006280159077075702
2020-04-30,0.20712106255633556,0.33072147299762245,0.462157464446042,0.0006941882486192208,-0.014162874577797635,1.3883764972384417e-07,-0.01416301341544736
2020-05-01,0.2083096750493558,0.3317351500030602,0.45995517494758403,0.0022022894984579794,0.00016465419682951815,4.404578996915959e-07,0.00016421373892982656
2020-05-04,0.20797706442471112,0.3319142966198535,0.4601086389554354,0.0003326106246446803,0.0006248840242921436,6.652212492893606e-08,0.0006248175021672147
2020-05-05,0.20792470922718942,0.33151397850381237,0.4605613122689984,0.00045267331356289853,0.0017522588845486251,9.053466271257972e-08,0.0017521683498859125
2020-05-06,0.2073454948650266,0.33114056846200673,0.46151393667296675,0.0009526244039684134,-0.012681808720470873,1.905248807936827e-07,-0.012681999245351667
2020-05-07,0.20822004720210166,0.3314361951530701,0.4603437576448282,0.001170179028138485,0.015116320839706598,2.34035805627697e-07,0.015116086803900971
2020-05-08,0.20873866189575807,0.3316322436560426,0.4596290944481993,0.000714663196628898,-0.0036205102094211917,1.429326393257796e-07,-0.0036206531420605176
2020-05-11,0.20873941144222638,0.3315268044895246,0.45973378406824894,0.00010543916651796492,-0.005410599720394417,2.1087833303592986e-08,-0.0054106208082277205
2020-05-12,0.20906393142310942,0.3314110694486178,0.4595249991282728,0.0003245199808829674,0.0010219909159290908,6.490399617659349e-08,0.0010219260119329141
2020-05-13,0.20871567993280324,0.33144127659010836,0.4598430434770885,0.0003482514903061923,0.003052553830000789,6.965029806123846e-08,0.003052484179702728
2020-05-14,0.20866866656809735,0.33189173431580105,0.4594395991161016,0.00045045772569272946,0.009811468377273303,9.00915451385459e-08,0.009811378285728164
2020-05-15,0.20863020032501176,0.3319614845980299,0.4594083150769583,6.975028222887258e-05,0.002697772596524972,1.3950056445774518e-08,0.002697758646468526
2020-05-18,0.20865220396898432,0.3319350932425569,0.45941270278845875,2.6391355473012745e-05,-0.004406935831607521,5.2782710946025495e-09,-0.004406941109878616
2020-05-19,0.2081346546019277,0.3303206339639907,0.46154471143408166,0.0021320086456228515,0.0035521545434624964,4.264017291245703e-07,0.0035517281417333717
2020-05-20,0.20822483122687221,0.3305508250063609,0.4612243437667669,0.0003203676673147332,0.005622058963023994,6.407353346294665e-08,0.005621994889490531
2020-05-21,0.20787050460372455,0.3307512082551578,0.46137828714111767,0.0003543266231476605,-0.007334273543493622,7.086532462953211e-08,-0.007334344408818251
2020-05-22,0.20800895280741905,0.3311259616141418,0.46086508557843914,0.0005132015626785197,0.0051140454108236635,1.0264031253570394e-07,0.005113942770511128
2020-05-26,0.20872055592929747,0.3310318849014842,0.4602475591692182,0.0007116031218784707,-0.008410044258082923,1.4232062437569416e-07,-0.0084101865787073
2020-05-27,0.20930809532788328,0.3295268676374413,0.4611650370346755,0.0015050172640429793,0.003340108945446572,3.010034528085959e-07,0.0033398079419937636
2020-05-28,0.20905284185936665,0.32967093202304015,0.46127622611759317,0.0002552534685165697,-5.327165864720267e-05,5.1050693703313945e-08,-5.332270934090598e-05
2020-05-29,0.211010840361521,0.32904864817640056,0.4599405114620785,0.0019579985021543206,0.006674406218775282,3.915997004308641e-07,0.006674014619074851
2020-06-01,0.20669567116734197,0.3242375243917265,0.4690668044409315,0.009126292978853076,0.0008119839725709605,1.8252585957706153e-06,0.0008101587139751898
2020-06-02,0.20841745040780704,0.32352524122625104,0.46805730836594206,0.0017217792404649879,-0.0024822280024171554,3.4435584809299757e-07,-0.0024825723582652484
2020-06-03,0.20646706099257836,0.31979764705927116,0.47373529194815067,0.0056779835822085845,-0.010245082168408639,1.135596716441717e-06,-0.01024621776512508
2020-06-04,0.20923349090504167,0.32072581613005874,0.4700406929648996,0.003694598983250988,-0.000245621778269544,7.389197966501976e-07,-0.0002463606980661942
2020-06-05,0.20899896743769725,0.3197879898409205,0.47121304272138237,0.0011723497564827268,-0.006475220107587219,2.3446995129654538e-07,-0.0064754545775385156
2020-06-08,0.20724678022032103,0.33096239507776803,0.4617908247019109,0.01117440523684761,0.00877448986384946,2.234881047369522e-06,0.008772254982802092
2020-06-09,0.21367112500416466,0.33129036178404736,0.455038513211788,0.006752311490122925,0.006556996421893052,1.3504622980245852e-06,0.006555645959595027
2020-06-10,0.21221744797960698,0.3375211149197779,0.4502614371006152,0.006230753135730488,0.010270492547747007,1.2461506271460977e-06,0.01026924639711986
2020-06-11,0.21425586695497054,0.3416825216142295,0.44406161143080003,0.0061998256698151955,-0.009097032032100797,1.2399651339630392e-06,-0.00909827199723476
2020-06-12,0.21730629660544287,0.3290149846323846,0.45367871876217253,0.012667536981844876,7.267541532721535e-05,2.5335073963689753e-06,7.014190793084637e-05
2020-06-15,0.2226670839400666,0.3211463058598823,0.4561866102000509,0.007868678772502205,0.0014434353728306377,1.573735754500441e-06,0.0014418616370761373
2020-06-16,0.238656462784027,0.32880602153250715,0.4325375156834659,0.023649094516585145,-0.0006611642917886065,4.729818903317029e-06,-0.0006658941106919235
2020-06-17,0.23471262105352692,0.34924495329833155,0.4160424256481415,0.02043893176582444,0.001261321337745708,4.087786353164888e-06,0.0012572335513925431
2020-06-18,0.23123969977852338,0.36620624467144103,0.4025540555500355,0.016961291373109505,0.0031740341913002405,3.392258274621901e-06,0.0031706419330256187
2020-06-19,0.22793765113915054,0.368046949834435,0.40401539902641437,0.0033020486393728343,0.0034497026306086554,6.604097278745669e-07,0.003449042220880781
2020-06-22,0.21212614860941453,0.42161607296948944,0.36625777842109614,0.05356912313505435,0.003779555067853454,1.071382462701087e-05,0.003768841243226443
2020-06-23,0.199357930480791,0.4334470409454698,0.36719502857373915,0.012768218128623457,0.0010471194221921575,2.5536436257246915e-06,0.0010445657785664328
2020-06-24,0.20781662736711426,0.4097336604835774,0.38244971214930834,0.023713380461892433,-0.0022392052268665353,4.742676092378487e-06,-0.002243947902958914
2020-06-25,0.20524773495737728,0.40701670217936936,0.3877355628632534,0.005285850713945037,0.003140099415957913,1.0571701427890073e-06,0.003139042245815124
2020-06-26,0.21376928923733818,0.4012849465795762,0.3849457641830855,0.008521554279960972,0.0009360041808832496,1.7043108559921945e-06,0.0009342998700272575
2020-06-29,0.21093401487080152,0.41065474814182656,0.37841123698737206,0.009369801562250243,0.002012069019642796,1.8739603124500487e-06,0.002010195059330346
2020-06-30,0.21303193760051797,0.4103203972603144,0.3766476651391676,0.002097922729716553,0.002408917953187874,4.1958454594331065e-07,0.002408498368641931
2020-07-01,0.20717000697480853,0.3985168839060561,0.3943131091191355,0.017665443979967804,-0.0010895496296726823,3.533088795993561e-06,-0.0010930827184686758
2020-07-02,0.21434736221382858,0.3976872568332465,0.3879653809529248,0.007177355239020147,0.0024323588066289393,1.4354710478040295e-06,0.002430923335581135
2020-07-06,0.2141170586564498,0.3951810286748363,0.39070191266871396,0.0027365317157890673,0.004026729224995056,5.473063431578135e-07,0.004026181918651899
2020-07-07,0.21502575412095942,0.3947516836150343,0.39022256226400637,0.0009086954645095846,0.005793398282710468,1.8173909290191692e-07,0.005793216543617566
2020-07-08,0.22907982938943355,0.373969243915758,0.3969509266948084,0.02078243969927626,0.002723718160879668,4.156487939855253e-06,0.002719561672939813
2020-07-09,0.22820194579990735,0.3754384237510288,0.3963596304490639,0.0014691798352707702,0.003606711098293137,2.9383596705415407e-07,0.003606417262326083
2020-07-10,0.2334571286994907,0.36845609586371686,0.39808677543679255,0.00698232788731197,-0.0005002559073901819,1.396465577462394e-06,-0.0005016523729676443
2020-07-13,0.22886532457606643,0.3593556911059601,0.41177898431797344,0.013692208881180959,-0.000282321182005305,2.738441776236192e-06,-0.00028505962378154123
2020-07-14,0.22587841186661045,0.3567287733059914,0.41739281482739815,0.005613830509424697,0.005386751130041229,1.1227661018849394e-06,0.005385628363939344
2020-07-15,0.22902122286634166,0.3545572074955977,0.41642156963806076,0.003142810999731141,0.0008162066507413221,6.285621999462282e-07,0.0008155780885413759
2020-07-16,0.2271194742386624,0.3651914940607344,0.4076890317006032,0.01063428656513675,-0.002866972094365658,2.1268573130273502e-06,-0.002869098951678685
2020-07-17,0.2271729344965031,0.36905941671939346,0.4037676487841034,0.003921382916499794,0.0032118664155650067,7.842765832999587e-07,0.003211082138981707
2020-07-20,0.22591849407248416,0.36504058954285046,0.40904091638466544,0.005273267600562015,0.004694895904202144,1.054653520112403e-06,0.004693841250682031
2020-07-21,0.2274481636014989,0.3648645642186023,0.40768727217989886,0.0015296695290147322,0.00561523988879503,3.0593390580294644e-07,0.005614933954889227
2020-07-22,0.23387903305262212,0.36581003320282757,0.4003109337445503,0.007376338435348531,0.008510350961151995,1.4752676870697062e-06,0.008508875693464925
2020-07-23,0.23416853766211573,0.3641796627815916,0.40165179955629277,0.0016303704212360381,0.005004586672718738,3.260740842472076e-07,0.00500426059863449
2020-07-24,0.23340697310992187,0.36216966629967445,0.40442336059040357,0.0027715610341109004,0.0019450136601341873,5.543122068221801e-07,0.0019444593479273652
2020-07-27,0.23397228032764703,0.36241217597241543,0.4036155436999374,0.0008078168904661481,0.008333890813898981,1.6156337809322963e-07,0.008333729250520889
2020-07-28,0.23471956905842675,0.3737936900013295,0.39148674094024377,0.012128802759693719,0.004362854392928978,2.425760551938744e-06,0.004360428632377039
2020-07-29,0.2337703870742387,0.37580303630952794,0.39042657661623337,0.002009346308198448,0.0051673398072747834,4.018692616396896e-07,0.005166937938013144
2020-07-30,0.2371977121781362,0.37497710241182064,0.3878251854100432,0.0034273251038974967,-0.0012456815075811939,6.854650207794993e-07,-0.0012463669726019734
2020-07-31,0.2335625157836282,0.37185635399862116,0.3945811302177507,0.006755944807707512,0.0051925853453310055,1.3511889615415024e-06,0.005191234156369464
2020-08-03,0.23937703505872288,0.37102177635049866,0.38960118859077836,0.0058145192750947705,0.0002374386991198671,1.162903855018954e-06,0.00023627579526484815
2020-08-04,0.23925250078198698,0.371019323469759,0.3897281757482541,0.00012698715747562483,0.01275319274880687,2.5397431495124967e-08,0.012753167351375376
2020-08-05,0.24359932273879256,0.3756541477436703,0.3807465295175372,0.008981646230716872,0.0017631637952825311,1.7963292461433746e-06,0.0017613674660363877
2020-08-06,0.24021564110134258,0.3770170498063044,0.382767309092353,0.0033836816374499673,0.008792771246212534,6.767363274899935e-07,0.008792094509885044
2020-08-07,0.23792828301424346,0.38215330228749556,0.3799184146982611,0.005136252481191095,-0.00841150595678894,1.027250496238219e-06,-0.008412533207285178
2020-08-10,0.24083373652681295,0.38940177242419666,0.36976449104899034,0.010153923649270674,-0.002301597502564869,2.030784729854135e-06,-0.002303628287294723
2020-08-11,0.23994654349695047,0.3900189995201457,0.37003445698290377,0.0008871930298624681,-0.02648468633735976,1.7743860597249362e-07,-0.02648486377596573
2020-08-12,0.26648647737319914,0.4224278444750429,0.31108567815175786,0.058948778831145895,-0.0015791183100832894,1.178975576622918e-05,-0.0015909080658495186
2020-08-13,0.2697069285990792,0.419485594924136,0.31080747647678486,0.0032204512258799667,0.0023691294420244173,6.440902451759934e-07,0.002368485351779241
2020-08-14,0.2727373056148489,0.42217950253627584,0.3050831918488753,0.005724284627909554,-0.0029561056535944916,1.1448569255819107e-06,-0.0029572505105200735
2020-08-17,0.2729251802191281,0.42216002970687283,0.304914790073999,0.0001878746042792423,0.00854269929761408,3.757492085584846e-08,0.008542661722693225
2020-08-18,0.2753928190954293,0.4341560940566928,0.2904510868478778,0.0144637032261212,0.006316167881715663,2.89274064522424e-06,0.006313275141070439
2020-08-19,0.2776362644937241,0.4318974332204979,0.2904663022857782,0.0022586608361950533,-0.013024637423464578,4.517321672390107e-07,-0.013025089155631817
2020-08-20,0.2850372506133605,0.43741255535230056,0.27755019403433895,0.012916108251439157,0.006760616231792181,2.5832216502878316e-06,0.006758033010141893
2020-08-21,0.2861256207957037,0.43292941121458445,0.28094496798971186,0.004483144137716111,0.0013586478206030852,8.966288275432222e-07,0.001357751191775542
2020-08-24,0.28646065728488246,0.4334825118562273,0.28005683085889027,0.0008881371308216146,0.0006139371767170656,1.7762742616432293e-07,0.0006137595492909012
2020-08-25,0.2830820646397944,0.4377502390066594,0.27916769635354627,0.004267727150432055,-0.0020208299423703138,8.535454300864109e-07,-0.0020216834878004
2020-08-26,0.28586257544057114,0.43473894132907737,0.27939848323035166,0.00301129767758207,0.004501994102689784,6.02259535516414e-07,0.004501391843154268
2020-08-27,0.28577666331477447,0.4356308711425625,0.2785924655426631,0.0008919298134851816,-0.01000590221914444,1.7838596269703634e-07,-0.010006080605107137
2020-08-28,0.29030035945383276,0.4290552811393112,0.2806443594068561,0.006575590003251308,0.0064337799183249444,1.3151180006502617e-06,0.006432464800324294
2020-08-31,0.2904430330703104,0.431946578769249,0.2776103881604406,0.0030339712464154955,0.002478521638560925,6.067942492830991e-07,0.0024779148443116418
2020-09-01,0.29063643652957966,0.4305606333466989,0.2788029301237215,0.0013859454225501333,0.007994030128866562,2.7718908451002667e-07,0.007993752939782052
2020-09-02,0.28867189731189213,0.4291907517312206,0.28213735095688736,0.0033344208331658465,0.00455655184838942,6.668841666331693e-07,0.004555884964222787
2020-09-03,0.2855001957640755,0.4359816119308702,0.2785181923050543,0.00679086019964964,-0.010843783675352162,1.3581720399299281e-06,-0.010845141847392091
2020-09-04,0.2746166490407714,0.4402861481865629,0.2850972027726656,0.01088354672330405,-0.009815778008177477,2.17670934466081e-06,-0.009817954717522137
2020-09-08,0.28046778604830097,0.4275922864113879,0.2919399275403111,0.012693861775175064,-0.005598043048395489,2.538772355035013e-06,-0.005600581820750523
2020-09-09,0.27177520743822225,0.43414567461318077,0.29407911794859687,0.00869257861007866,0.007055001187829629,1.7385157220157322e-06,0.007053262672107613
2020-09-10,0.2655423281582853,0.4412992710858499,0.29315840075586475,0.007153596472669083,-0.003312720669667376,1.4307192945338165e-06,-0.00331415138896191
2020-09-11,0.29505383032461274,0.43042668911588045,0.2745194805595068,0.02951150216632739,0.001053025142359352,5.902300433265478e-06,0.0010471228419260865
2020-09-14,0.29481912091677187,0.43283756996414385,0.27234330911908416,0.0024108808482634636,0.006006620266735301,4.821761696526927e-07,0.006006138090565648
2020-09-15,0.2938905379704974,0.4336070327991808,0.2725024292303218,0.0009285829462745143,-0.0002218611236413314,1.8571658925490288e-07,-0.0002220468402305863
2020-09-16,0.29357808136491453,0.4399214995728014,0.26650041906228394,0.006314466773620686,-0.0017236704311654337,1.2628933547241372e-06,-0.0017249333245201578
2020-09-17,0.2935706943878289,0.4399830843573537,0.2664462212548174,6.158478455225991e-05,-0.0026998941200798788,1.2316956910451983e-08,-0.0026999064370367893
2020-09-18,0.2902803828877941,0.4450002891400576,0.2647193279721483,0.005017204782703871,-0.004377715000474134,1.0034409565407743e-06,-0.004378718441430674
2020-09-21,0.28853747322305334,0.4450135219838321,0.2664490047931145,0.0017429096647407216,-0.006305316428876976,3.4858193294814436e-07,-0.0063056650108099235
2020-09-22,0.2892820958452855,0.4480929737128807,0.2626249304418336,0.0038240743512808484,0.0013188574870071335,7.648148702561697e-07,0.0013180926721368773
2020-09-23,0.28722037786031285,0.45060563202915765,0.26217399011052944,0.0025126583162768945,-0.011721969466336482,5.025316632553789e-07,-0.011722471997999737
2020-09-24,0.288456340034619,0.4570653326209822,0.25447832734439874,0.007695662766130706,0.003465685471634951,1.5391325532261413e-06,0.003464146339081725
2020-09-25,0.2898744327534901,0.45603771284925043,0.25408785439725956,0.001418092718871028,0.00396235460632838,2.836185437742056e-07,0.003962070987784606
2020-09-28,0.2931351889106515,0.4570332075142126,0.2498316035751359,0.004256250822123608,0.006081081279358058,8.512501644247218e-07,0.0060802300291936335
2020-09-29,0.2926129640653938,0.45811706107504174,0.2492699748595645,0.001083853560829115,0.0010374837687300246,2.1677071216582302e-07,0.0010372669980178587
2020-09-30,0.2934213603102429,0.458615439594655,0.24796320009510212,0.0013067747644623928,-0.0036603738590771733,2.6135495289247855e-07,-0.0036606352140300656
2020-10-01,0.29547348057638884,0.45495113146332805,0.2495753879602831,0.0036643081313269404,0.00487385646646288,7.328616262653882e-07,0.004873123604836614
2020-10-02,0.29560877240958006,0.4553133819544051,0.24907784563601487,0.0004975423242682686,-0.004729992068254236,9.950846485365372e-08,-0.00473009157671909
2020-10-05,0.2968439471237655,0.45443057799133485,0.24872547488489957,0.001235174714185508,-0.002403464618481978,2.470349428371016e-07,-0.002403711653424815
2020-10-06,0.2984305514035016,0.44876439310233096,0.2528050554941674,0.005666184889003903,-0.0047968119626549295,1.1332369778007807e-06,-0.00479794519963273
2020-10-07,0.2964938357407484,0.450547760188392,0.2529584040708597,0.0019367156627532744,0.0017610504560050075,3.873431325506549e-07,0.0017606631128724568
2020-10-08,0.2884819894115019,0.4616423009274413,0.24987570966105685,0.011094540739049322,0.00593766819039046,2.2189081478098644e-06,0.00593544928224265
2020-10-09,0.2891505678051269,0.460711246802126,0.25013818539274707,0.0009310541253152588,0.0070385957200875,1.8621082506305176e-07,0.007038409509262437
2020-10-12,0.2905422439770113,0.4625777516717713,0.2468800043512173,0.003258181041529737,0.005439104833888271,6.516362083059474e-07,0.0054384531976799655
2020-10-13,0.28966843355983085,0.46289070916802616,0.24744085727214293,0.0008738104171804734,-0.002467857028291524,1.7476208343609467e-07,-0.0024680317903749602
2020-10-14,0.2914383843275559,0.4627756108701706,0.2457860048022735,0.0017699507677250287,-1.2115449408737372e-05,3.5399015354500576e-07,-1.2469439562282378e-05
2020-10-15,0.2901389276379036,0.46336863232742626,0.24649244003467008,0.0012994566896522702,-0.0002601328813085619,2.5989133793045406e-07,-0.00026039277264649233
2020-10-16,0.28989218423505875,0.46320184755840066,0.2469059682065405,0.00041352817187044477,-0.0023187150574041503,8.270563437408896e-08,-0.0023187977630385243
2020-10-19,0.290420807694438,0.46295618244418857,0.24662300986137348,0.0005286234593791933,-0.006040930362111624,1.0572469187583866e-07,-0.0060410360868035
2020-10-20,0.2866165134564248,0.46415812213337326,0.24922536441020196,0.0038042942380131922,-0.0020670555118023565,7.608588476026385e-07,-0.002067816370649959
2020-10-21,0.2875425730554347,0.4601875721767279,0.25226985476783725,0.003970549956645267,-0.00023350860400223115,7.941099913290534e-07,-0.00023430271399356022
2020-10-22,0.2861829320201422,0.4650856704210803,0.2487313975587776,0.00489809824435225,-0.00570366651583686,9.7961964887045e-07,-0.00570464613548573
2020-10-23,0.2887960933429595,0.4612417654318776,0.24996214122516275,0.0038439049892025623,0.0035344845724103796,7.687809978405125e-07,0.003533715791412539
2020-10-26,0.2887837223181461,0.4567754418431557,0.25444083583869825,0.004478694613535422,-0.0012154686641733337,8.957389227070845e-07,-0.0012163644030960406
2020-10-27,0.2850528913720375,0.45734616938181955,0.25760093924614286,0.0037308309461085154,0.0027639280601738153,7.461661892217032e-07,0.002763181893984594
2020-10-28,0.28753622735831225,0.4537593110926441,0.25870446154904353,0.003586858289175432,-0.013579894828372078,7.173716578350864e-07,-0.013580612200029913
2020-10-29,0.27272492605541326,0.4663445811387913,0.2609304928057955,0.014811301302899066,-0.0028371558797463878,2.9622602605798134e-06,-0.0028401181400069674
2020-10-30,0.27353782833887186,0.46303005470123976,0.2634321169598884,0.003314526437551507,-0.00621801148011812,6.629052875103014e-07,-0.00621867438540563
2020-11-02,0.27413173741621716,0.4612303978035582,0.2646378647802248,0.001799656897681634,0.009095692128552078,3.599313795363268e-07,0.009095332197172542
2020-11-03,0.27069575656578,0.4610885491620628,0.26821569427215713,0.003577829491932444,0.0036271122608718146,7.155658983864888e-07,0.0036263966949734282
2020-11-04,0.2668889465731607,0.46391809241280685,0.26919296101403245,0.0038068099926193144,0.015877721141700024,7.613619985238629e-07,0.0158769597797015
2020-11-05,0.2701998781698691,0.44775091772056885,0.28204920410956213,0.01616717469223805,0.012530604211141091,3.2334349384476105e-06,0.012527370776202643
2020-11-06,0.2676748966698676,0.4532463949237456,0.27907870840638677,0.005495477203176807,-0.005141924780048945,1.0990954406353615e-06,-0.00514302387548958
2020-11-09,0.2696073429474746,0.4492786936569017,0.2811139633956236,0.0039677012668438705,-0.01849886163093032,7.935402533687741e-07,-0.01849965517118369
2020-11-10,0.2695653155333014,0.43379293996667434,0.2966417445000244,0.0155277811044007,-0.0019143904151703525,3.1055562208801405e-06,-0.0019174959713912326
2020-11-11,0.27045721974358927,0.43416517237624286,0.2953776078801678,0.0012641366198564985,0.0022979403873855373,2.528273239712997e-07,0.002297687560061566
2020-11-12,0.2661826574245553,0.4323316152779621,0.30148572729748263,0.006108119417314761,0.006602358683788428,1.2216238834629522e-06,0.006601137059904965
2020-11-13,0.2695490576865169,0.4240411843456466,0.30640975796783654,0.00829043093231549,0.005259021595268254,1.658086186463098e-06,0.005257363509081791
2020-11-16,0.26551454044729017,0.42137119678814555,0.3131142627645643,0.006704504796727739,0.002284324076939918,1.3409009593455479e-06,0.0022829831759805723
2020-11-17,0.263029117703827,0.42284964076138337,0.3141212415347897,0.0024854227434632226,0.00019330639937679105,4.970845486926445e-07,0.0001928093148280984
2020-11-18,0.25735173551115614,0.41317692416066415,0.3294713403281796,0.015350098793389971,-0.0037858913903649856,3.0700197586779945e-06,-0.0037889614101236637
2020-11-19,0.25460730444000435,0.41608283424927295,0.32930986131072276,0.0029059100886087152,0.002594949747665164,5.81182017721743e-07,0.0025943685656474426
2020-11-20,0.25408586318269516,0.4158396495029149,0.3300744873143899,0.0007646260036671682,0.0029473751582026237,1.5292520073343364e-07,0.00294722223300189
2020-11-23,0.2553458099099468,0.4129867731288038,0.3316674169612494,0.002852876374111163,-0.00689331233537265,5.705752748222326e-07,-0.006893882910647473
2020-11-24,0.2570444216096478,0.4179598698860718,0.3249957085042803,0.006671708456969072,-0.004999359810925401,1.3343416913938144e-06,-0.005000694152616794
2020-11-25,0.2570402887899933,0.41674766819265874,0.32621204301734796,0.0012163345130676295,-0.0018330165590856864,2.4326690261352594e-07,-0.0018332598259883
2020-11-27,0.25266396354277176,0.42398316013529885,0.32335287632192944,0.007235491942640088,0.0015373961008058558,1.4470983885280176e-06,0.0015359490024173278
2020-11-30,0.2525185391674093,0.4180165101309643,0.3294649507016264,0.006112074379696991,-0.0038389717357029665,1.2224148759393983e-06,-0.003840194150578906
2020-12-01,0.2519373801028989,0.419533958572797,0.328528661324304,0.0015174484418327416,0.0034883409757814274,3.034896883665483e-07,0.003488037486093061
2020-12-02,0.25574480143072326,0.42271933688354724,0.3215358616857295,0.006992799638574548,-0.00039817992458121565,1.3985599277149098e-06,-0.0003995784845089306
2020-12-03,0.2562893676748133,0.4226683844791362,0.32104224784605057,0.0005445662440900223,0.005866071139167491,1.0891324881800447e-07,0.005865962225918673
2020-12-04,0.2693491391366476,0.4140619101676967,0.31658895069565557,0.013059771461834374,-0.004649118468041663,2.611954292366875e-06,-0.00465173042233403
2020-12-07,0.2676558895728657,0.41812445168640594,0.3142196587407283,0.0040625415187091896,0.007908107018526036,8.125083037418379e-07,0.007907294510222294
2020-12-08,0.2789476718742939,0.4136665912555349,0.3073857368701713,0.01129178230142816,0.003843131113610101,2.258356460285632e-06,0.0038408727571498155
2020-12-09,0.28268795648359774,0.4098709266589368,0.3074411168574655,0.003795664596598053,-0.009145417671427174,7.591329193196106e-07,-0.009146176804346493
2020-12-10,0.287038370757337,0.41116166400467075,0.30179996523799224,0.005641151619473234,0.002973179407553593,1.1282303238946468e-06,0.0029720511772296987
2020-12-11,0.28824043925084347,0.4086578493722269,0.30310171137692965,0.002503814632443868,0.001671673505276946,5.007629264887736e-07,0.0016711727423504572
2020-12-14,0.2897334709900815,0.4066006862390154,0.3036658427709032,0.002057163133211526,-0.004096156795845116,4.114326266423052e-07,-0.004096568228471758
2020-12-15,0.2896140858230574,0.40686264758554985,0.30352326659139284,0.00026196134653444503,0.0067998957453178875,5.239226930688901e-08,0.006799843353048581
2020-12-16,0.28935068675829917,0.40946382566009465,0.3011854875816063,0.0026011780745447965,0.001026556021471618,5.202356149089593e-07,0.001026035785856709
2020-12-17,0.29072624535084557,0.40904961857953637,0.30022413606961806,0.0013755585925464553,0.0037016970319320892,2.7511171850929107e-07,0.00370142192021358
2020-12-18,0.29356328219761724,0.40884630284476414,0.2975904149576187,0.00283703684677164,-0.002902667418185801,5.674073693543281e-07,-0.0029032348255551552
2020-12-21,0.2926771548275691,0.40536859882676507,0.3019542463456659,0.004363831388047218,-0.0003971691434531726,8.727662776094436e-07,-0.00039804190973078205
2020-12-22,0.2934311568307537,0.40431349791653687,0.30225534525270936,0.0010551009102281184,-0.0007966002429046579,2.1102018204562367e-07,-0.0007968112630867036
2020-12-23,0.3002280998106187,0.3947833692928291,0.3049885308965522,0.009530128623707806,-0.0004304455907001171,1.9060257247415614e-06,-0.0004323516164248586
2020-12-24,0.30069563256412773,0.3944947569242968,0.30480961051157546,0.0004675327535090257,0.003945701666497184,9.350655070180514e-08,0.003945608159946482
2020-12-28,0.30408222496224735,0.39220956223281467,0.303708212804938,0.0033865923981196144,0.0016848271282748632,6.77318479623923e-07,0.0016841498097952393
2020-12-29,0.3061780482907377,0.3900073039287825,0.3038146477804798,0.0022022583040321453,2.6667042370730155e-05,4.404516608064291e-07,2.6226590709923727e-05
2020-12-30,0.3063619411339422,0.38920803581774827,0.3044300230483096,0.0007992681110342847,0.00360947494659441,1.5985362220685696e-07,0.0036093150929722034
2020-12-31,0.3059530770451295,0.39131149486516764,0.3027354280897028,0.002103459047419459,0.0032506275733817916,4.2069180948389186e-07,0.0032502068815723076
2021-01-04,0.30565714764090857,0.3906492065867692,0.3036936457723222,0.0009582176826193889,0.0021277901139834547,1.9164353652387778e-07,0.0021275984704469306
2021-01-05,0.3070048119023499,0.39619288183009665,0.2968023062675534,0.006891339504768806,5.1098180884054227e-05,1.3782679009537615e-06,4.9719912983100467e-05
2021-01-06,0.30558033901151427,0.40397732427454874,0.2904423367139368,0.007784442444452144,-0.01118327131455243,1.556888488890429e-06,-0.01118482820304132
2021-01-07,0.3164342677994013,0.3910894303548709,0.2924763018457277,0.012887893919677873,0.000571509432448779,2.577578783935575e-06,0.0005689318536648434
2021-01-08,0.3181241850865869,0.38972763831891,0.29214817659450315,0.0016899172871855384,-0.009439693163933966,3.379834574371077e-07,-0.009440031147391403
2021-01-11,0.3250932515112555,0.39868728684333177,0.2762194616454127,0.0159287149490904,-0.0033918502937197404,3.1857429898180803e-06,-0.0033950360367095587
2021-01-12,0.32286870549828783,0.39650436608587625,0.2806269284158359,0.004407466770423196,0.0015699675632523914,8.814933540846393e-07,0.0015690860698983067
2021-01-13,0.3268462957387456,0.39496935437090297,0.2781843498903515,0.003977590240457712,0.0041300053262318375,7.955180480915425e-07,0.004129209808183746
2021-01-14,0.32804206849723266,0.39031773302391765,0.2816401984788496,0.004651621346985241,-0.004951297233492583,9.303242693970482e-07,-0.004952227557761981
2021-01-15,0.32960308663028487,0.3880688715973757,0.28232804177233944,0.002248861426542015,-0.00436685782924634,4.4977228530840296e-07,-0.004367307601531648
2021-01-19,0.3293881300669533,0.3890145849065362,0.28159728502651055,0.0009457133091604897,0.006227660736982617,1.8914266183209793e-07,0.0062274715943207845
2021-01-20,0.32930848078626973,0.38954900632118095,0.2811425128925492,0.0005344214146448256,0.009518771111080048,1.0688428292896513e-07,0.009518664226797119
2021-01-21,0.333479409039171,0.38998885260904453,0.27653173835178446,0.004610774540764806,-0.0026068400025964613,9.221549081529613e-07,-0.0026077621575046144
2021-01-22,0.3328092784378135,0.3908671003729772,0.2763236211892092,0.0008782477639327213,-0.0020882507400203153,1.7564955278654426e-07,-0.0020884263895731016
2021-01-25,0.33258952279111303,0.3907752148976964,0.2766352623111906,0.0003116411219813431,0.006155961153311513,6.232822439626862e-08,0.0061558988250871175
2021-01-26,0.3330644151627376,0.3886635827268219,0.27827200211044045,0.0021116321708744556,-0.0019409645142507734,4.2232643417489116e-07,-0.0019413868406849483
2021-01-27,0.33230439474193807,0.38990927569546113,0.27778632956260074,0.0012456929686392448,-0.008890280335496914,2.49138593727849e-07,-0.008890529474090641
2021-01-28,0.3258936056485114,0.3957269712837477,0.278379423067741,0.006410789093426739,0.0008734636153225105,1.2821578186853478e-06,0.0008721814575038252
2021-01-29,0.3250290650981681,0.3967459866017822,0.2782249483000498,0.0010190153180344996,-0.009006574777176837,2.0380306360689993e-07,-0.009006778580240444
2021-02-01,0.34046380395469966,0.3847020582085332,0.2748341378367673,0.015434738856531516,0.0086924866874793,3.0869477713063034e-06,0.008689399739707993
2021-02-02,0.33650638967430274,0.38932900516317653,0.27416460516252067,0.0046269469546434405,-0.0010875327665800642,9.253893909286881e-07,-0.001088458155970993
2021-02-03,0.33688827292081136,0.39137111390688,0.2717406131723087,0.0024239919902120377,-0.0036186056976131482,4.847983980424076e-07,-0.0036190904960111906
2021-02-04,0.337862420261958,0.38980197857488075,0.2723356011631612,0.0015691353319992052,-0.003065026180349494,3.1382706639984105e-07,-0.0030653400074158936
2021-02-05,0.3430406269259093,0.3909949544086514,0.2659644186654392,0.006371182497721978,0.0007018738252165717,1.2742364995443957e-06,0.0007005995887170274
2021-02-08,0.34443837674761313,0.401152906945946,0.25440871630644085,0.011555702358998388,0.006810990284693195,2.3111404717996776e-06,0.006808679144221395
2021-02-09,0.34956008000410416,0.39330464287324246,0.2571352771226534,0.007848264072703559,0.0008976789111919759,1.5696528145407119e-06,0.0008961092583774352
2021-02-10,0.34719990871153245,0.39753437203895253,0.25526571924951497,0.0042297291657101,0.0034282341262674653,8.459458331420201e-07,0.0034273881804343233
2021-02-11,0.33061646049395127,0.3951696825032136,0.274213857002835,0.018948137753320077,-0.004010914494808315,3.7896275506640157e-06,-0.004014704122358979
2021-02-12,0.33122760633959797,0.3956462100747865,0.2731261835856156,0.0010876734172195202,-0.004107142760364585,2.1753468344390404e-07,-0.0041073602950480285
2021-02-16,0.3343198709795076,0.39054922532084857,0.27513090369964377,0.005096984753937883,-0.010185205325251969,1.0193969507875766e-06,-0.010186224722202757
2021-02-17,0.33592952845145263,0.39488396763303346,0.26918650391551396,0.005944399784129861,-0.0004713798969074091,1.1888799568259722e-06,-0.0004725687768642351
2021-02-18,0.34167686119176705,0.39058152654245687,0.2677416122657761,0.0057473327403144425,-0.003050882291997894,1.1494665480628886e-06,-0.003052031758545957
2021-02-19,0.3444248924436331,0.38877957846375305,0.2667955290926138,0.0027480312518660954,-0.004669194736721508,5.496062503732191e-07,-0.004669744342971882
2021-02-22,0.3473046401753213,0.38526851825904984,0.2674268415656289,0.0035110602047032646,-0.001598982811285076,7.022120409406529e-07,-0.0015996850233260167
2021-02-23,0.35211684234327556,0.38465987765703824,0.2632232799996862,0.004812202167954277,-0.0012875104707481626,9.624404335908554e-07,-0.0012884729111817535
2021-02-24,0.351342728290223,0.38631860868773055,0.2623386630220465,0.0016587310306922787,0.0011511941180609466,3.3174620613845573e-07,0.0011508623718548081
2021-02-25,0.3484571563110445,0.3903881588505411,0.2611546848384144,0.004069550162810576,-0.019685710452961396,8.139100325621152e-07,-0.019686524362993958
2021-02-26,0.33496176095007835,0.393017690837667,0.2720205482122548,0.013495395360966222,0.004688616098827953,2.6990790721932447e-06,0.00468591701975576
2021-03-01,0.36278346663624667,0.356195095073774,0.2810214382899794,0.03682259576389296,0.003603237748855199,7.364519152778593e-06,0.00359587322970242
2021-03-02,0.3509481450078594,0.36043986521167826,0.2886119897804624,0.011835321628387241,-0.0011404680521022725,2.3670643256774483e-06,-0.00114283511642795
2021-03-03,0.3468292674876075,0.3644618156147127,0.2887089168976798,0.00411887752025189,-0.011729096944912906,8.237755040503781e-07,-0.011729920720416957
2021-03-04,0.34444757221723094,0.36519653200330215,0.2903558957794668,0.002381695270376516,-0.009474015325513075,4.7633905407530324e-07,-0.009474491664567151
2021-03-05,0.33795010587424396,0.36674446365683155,0.2953054304689245,0.006497466342987035,0.007117027852764203,1.299493268597407e-06,0.007115728359495605
2021-03-08,0.330403616053267,0.37046498622621105,0.2991313977205219,0.007546489820976915,-0.00762678791089429,1.509297964195383e-06,-0.007628297208858485
2021-03-09,0.3287914898186353,0.3726196268870008,0.29858888329436395,0.002154640660789686,0.016209415581302573,4.3092813215793724e-07,0.016208984653170416
2021-03-10,0.33113795815080427,0.3758992029715171,0.29296283887767854,0.005626044416685322,0.004308071643979261,1.1252088833370645e-06,0.0043069464350959236
2021-03-11,0.3277389016737731,0.37716364783831374,0.29509745048791325,0.0033990564770312592,0.00034674353206736656,6.798112954062519e-07,0.0003460637207719603
2021-03-12,0.3258172628392715,0.3782282856593914,0.29595445150133703,0.0019216388345015545,-0.00764281735833214,3.843277669003109e-07,-0.00764320168609904
2021-03-15,0.33115268530517883,0.3650744689239638,0.30377284577085745,0.013153816735427704,0.005456934290440965,2.630763347085541e-06,0.00545430352709388
2021-03-16,0.3302102358522598,0.36699350289517163,0.3027962612525686,0.0019190339712078786,-0.0016113080274903545,3.838067942415757e-07,-0.001611691834284596
2021-03-17,0.329750135081437,0.36776413181491474,0.3024857331036482,0.0007706289197431382,0.0005337167942846817,1.5412578394862763e-07,0.0005335626685007331
2021-03-18,0.331035305873618,0.3670931882451035,0.3018715058812784,0.0012851707921809896,-0.010287718075308684,2.5703415843619795e-07,-0.01028797510946712
2021-03-19,0.32832039964150717,0.36498872484699785,0.30669087551149493,0.004819369630216508,0.0029375872600437168,9.638739260433017e-07,0.0029366233861176736
2021-03-22,0.32902250605236877,0.3630373166017131,0.30794017734591805,0.0019514082452847248,0.006242779675980836,3.90281649056945e-07,0.006242389394331779
2021-03-23,0.3296738727745975,0.3576632373955706,0.312662889829832,0.005374079206142579,-0.001648930160243275,1.0748158412285158e-06,-0.0016500049760845036
2021-03-24,0.33040719479248354,0.35564861816802906,0.31394418703948734,0.002014619227541481,0.0013210460885214922,4.029238455082962e-07,0.0013206431646759838
2021-03-25,0.3304773569676013,0.35554105925168933,0.3139815837807094,0.00010755891633976167,-0.002085260921259384,2.1511783267952336e-08,-0.002085282433042652
2021-03-26,0.3296608678351938,0.3557558397619473,0.31458329240285876,0.0008164891324073942,0.004961756985896675,1.6329782648147885e-07,0.004961593688070194
2021-03-29,0.3247988231134742,0.35809062204223097,0.31711055484429485,0.004862044721719694,-0.006975920839841479,9.724089443439388e-07,-0.006976893248785823
2021-03-30,0.325578467545173,0.3587617132687223,0.31565981918610464,0.0014507356581901776,-0.004379159392041197,2.901471316380355e-07,-0.0043794495391728345
2021-03-31,0.3288341655974894,0.3592799754994332,0.3118858589030773,0.0037739602830273167,0.004059000351903853,7.547920566054633e-07,0.004058245559847248
2021-04-01,0.3309033342236554,0.3611653833431931,0.3079312824331515,0.003954576469925863,0.013456177438064246,7.909152939851727e-07,0.01345538652277026
2021-04-05,0.3339392258025639,0.3555076794405997,0.3105530947568364,0.005657703902593403,0.0031267406314150576,1.1315407805186806e-06,0.003125609090634539
2021-04-06,0.3308153501325583,0.3569862123605177,0.31219843750692394,0.003123875670005577,0.004736245689618558,6.247751340011154e-07,0.004735620914484556
2021-04-07,0.3320663949215214,0.34911851470802274,0.31881509037045597,0.007867697652495037,-0.0029456045567717855,1.5735395304990075e-06,-0.0029471780963022847
2021-04-08,0.33236623169411816,0.34876192287879604,0.31887184542708585,0.00035659182922667676,0.007885190725887295,7.131836584533535e-08,0.00788511940752145
2021-04-09,0.329226144883727,0.35360479267724937,0.3171690624390237,0.004842869798453331,-0.0012781904948783104,9.685739596906662e-07,-0.001279159068838001
2021-04-12,0.3317498311496443,0.35356176494067654,0.3146884039096791,0.0025236862659173687,-0.0019414583220496674,5.047372531834737e-07,-0.001941963059302851
2021-04-13,0.3223341693701543,0.34306306112715196,0.3346027695026938,0.019914365593014627,0.005897253969434569,3.982873118602925e-06,0.005893271096315966
2021-04-14,0.32506177053875246,0.34138402586335714,0.33355420359789056,0.002727601168598104,-0.0036438272229236107,5.455202337196208e-07,-0.0036443727431573303
2021-04-15,0.32422579170428256,0.3410630955986795,0.33471111269703807,0.001156909099147535,0.0146001773958572,2.3138181982950702e-07,0.014599946014037371
2021-04-16,0.3271601536705269,0.3411739417704302,0.33166590455904293,0.003045208137995109,0.00044977195176102987,6.090416275990218e-07,0.0004491629101334308
2021-04-19,0.32778457537659733,0.34190551884739684,0.33030990577600594,0.0013559987830370213,-0.003505945353005526,2.7119975660740426e-07,-0.0035062165527621337
2021-04-20,0.3269076296999317,0.3406892444272695,0.33240312587279885,0.0020932200967929415,0.0003589833700774062,4.1864401935858834e-07,0.00035856472605804763
2021-04-21,0.325663251820922,0.3400998858521519,0.3342368623269261,0.0018337364541272938,0.00707685436732868,3.667472908254588e-07,0.007076487620037855
2021-04-22,0.3256746555460205,0.3372534787803018,0.3370718656736778,0.002846407071850132,-0.0036879857706533705,5.692814143700265e-07,-0.0036885550520677404
2021-04-23,0.32389607587389513,0.33873541362844894,0.33736851049765587,0.0017785796721252745,0.0014229479369341025,3.5571593442505493e-07,0.0014225922209996774
2021-04-26,0.3220138835858805,0.33929346143220995,0.33869265498190954,0.0018821922880146447,0.001083311015100103,3.7643845760292897e-07,0.0010829345766425
2021-04-27,0.3203913252631083,0.3430673526109365,0.3365413221259551,0.0037738911787265905,-0.003908878671238043,7.547782357453181e-07,-0.003909633449473788
2021-04-28,0.3210796054009714,0.3418427390880467,0.33707765551098184,0.001224613522889828,0.0011222512672853413,2.4492270457796564e-07,0.0011220063445807633
2021-04-29,0.3343962852266468,0.33499455318606175,0.3306091615872915,0.01331667982567536,-0.00022578855796765883,2.663335965135072e-06,-0.0002284518939327939
2021-04-30,0.33490928173340356,0.33513897595903724,0.3299517423075593,0.000657419279732202,-0.002536776762922255,1.314838559464404e-07,-0.0025369082467782017
2021-05-03,0.34428855191901975,0.330647341769296,0.3250641063116842,0.009379270185616267,0.005159549882962712,1.8758540371232536e-06,0.005157674028925589
2021-05-04,0.3505556026982431,0.32882295276634205,0.3206214445354148,0.006267050779223349,-0.0022813482081091045,1.2534101558446698e-06,-0.002282601618264949
2021-05-05,0.3525251050676591,0.32585706965713995,0.32161782527520094,0.002965883109202122,0.0019797765304678696,5.931766218404244e-07,0.001979183353846029
2021-05-06,0.3521117561031934,0.32721937273813656,0.32066887115867,0.0013623030809966352,0.008699227109469694,2.724606161993271e-07,0.008698954648853495
2021-05-07,0.3516635997566983,0.3245836006251929,0.3237527996181087,0.003083928459438723,0.0038715623990924937,6.167856918877446e-07,0.003870945613400606
2021-05-10,0.35029652690450336,0.3256480648039958,0.32405540829150087,0.0013670728521949782,-0.0057844930956694775,2.7341457043899565e-07,-0.0057847665102399165
2021-05-11,0.3475495858105302,0.32468019547453847,0.3277702187149313,0.0037148104234304424,-0.004882241564489846,7.429620846860886e-07,-0.004882984526574532
2021-05-12,0.34515872326578956,0.32543248690717175,0.3294087898270387,0.002390862544740663,-0.014024944734854787,4.781725089481326e-07,-0.014025422907363735
2021-05-13,0.3348547824307721,0.33160860168806205,0.33353661588116584,0.010303940835017456,0.0059058887323309795,2.0607881670034912e-06,0.005903827944163976
2021-05-14,0.3314010500899129,0.33251193195661366,0.33608701795347345,0.003453732340859217,0.01126198493602446,6.907464681718434e-07,0.011261294189556289
2021-05-17,0.3279761633675876,0.3356430005172059,0.3363808361152064,0.0034248867223252433,0.002370698191096782,6.849773444650487e-07,0.0023700132137523173
2021-05-18,0.32452847750423264,0.3392444579804075,0.33622706451535994,0.0036014574632015073,-0.0030097069897248277,7.202914926403015e-07,-0.003010427281217468
2021-05-19,0.3205219824239801,0.3396111524798971,0.33986686509612285,0.004006495080252526,-0.001428798241855318,8.012990160505052e-07,-0.0014295995408713685
2021-05-20,0.32071208451342265,0.3396331732953368,0.33965474219124053,0.00021212290488228924,0.0077963667041224295,4.242458097645785e-08,0.007796324279541453
2021-05-21,0.31812908941096874,0.3423376453878527,0.33953326520117866,0.0027044720925158416,0.000991248414795384,5.408944185031683e-07,0.0009907075203768809
2021-05-24,0.3168652927330777,0.3399918112800237,0.3431428959868986,0.0036096307857200194,0.005094225580468664,7.219261571440039e-07,0.00509350365431152
2021-05-25,0.3153189728181264,0.34043692769809747,0.3442440994837762,0.0015463199149513274,0.005577202912676072,3.092639829902655e-07,0.005576893648693081
2021-05-26,0.3183009783326016,0.3393029762337554,0.34239604543364305,0.00298200551447525,-0.000548916350129489,5.964011028950501e-07,-0.0005495127512323841
2021-05-27,0.3243307281949089,0.3339016681927897,0.34176760361230146,0.006029749862307254,-0.0010378563475697616,1.2059499724614508e-06,-0.001039062297542223
2021-05-28,0.3017433770681641,0.354807114428677,0.34344950850315886,0.02258735112674473,0.0012716572066459636,4.5174702253489465e-06,0.0012671397364206146
2021-06-01,0.31131245833964233,0.3540373001508458,0.33465024150951184,0.009569081271478236,-0.0012542359693715256,1.913816254295647e-06,-0.0012561497856258211
2021-06-02,0.3133682415193827,0.35304478331684114,0.33358697516377633,0.002055783179740256,0.0029414446955226548,4.111566359480512e-07,0.0029410335388867065
2021-06-03,0.3151328105167532,0.3514924393910552,0.33337475009219164,0.0017645689973705692,-0.00901570842117647,3.5291379947411385e-07,-0.009016061334975943
2021-06-04,0.32396595756976515,0.3550405612792202,0.32099348115101456,0.012381268941177026,0.011286486891962585,2.4762537882354053e-06,0.01128401063817435
2021-06-07,0.33512138814984505,0.34627721960732005,0.3186013922428349,0.01115543058007984,-0.00011260517019950618,2.231086116015968e-06,-0.00011483625631552215
2021-06-08,0.33333978849161167,0.3454185521467573,0.3212416593616312,0.002640267118796197,0.0015048128653705702,5.280534237592394e-07,0.001504284811946811
2021-06-09,0.3306643544073371,0.342142987445866,0.32719265814679693,0.005950998785165806,0.001899869139884426,1.1901997570331613e-06,0.0018986789401273928
2021-06-10,0.33241784094360405,0.3393468645618644,0.32823529449453154,0.0027961228840015784,0.00499080096727552,5.592245768003157e-07,0.00499024174269872
2021-06-11,0.3342508094364481,0.3391559236962615,0.3265932668672904,0.0018329684928440337,-0.003669996006588346,3.665936985688068e-07,-0.003670362600286915
2021-06-14,0.3272737537491641,0.360149249212694,0.31257699703814196,0.02099332551643243,-0.003857733295059718,4.198665103286486e-06,-0.0038619319601630045
2021-06-15,0.3295316954316248,0.3585833412897024,0.31188496327867277,0.00225794168246074,-0.0022143090553073145,4.5158833649214804e-07,-0.0022147606436438067
2021-06-16,0.3293762792778238,0.35978564102893584,0.3108380796932404,0.0012022997392334145,-0.007395783591849131,2.404599478466829e-07,-0.0073960240517969775
2021-06-17,0.33034181044001387,0.3674288869108559,0.3022293026491303,0.008608777044110116,-0.003898884197048474,1.7217554088220235e-06,-0.003900605952457296
2021-06-18,0.3514345226859091,0.37082177623641044,0.2777437010776803,0.024485601571449855,0.000691830169407951,4.8971203142899714e-06,0.000686933049093661
2021-06-21,0.3505354762873301,0.3637206350968415,0.28574388861582845,0.008000187538148018,0.0024280080997912544,1.6000375076296038e-06,0.002426408062283625
2021-06-22,0.35200541297689975,0.3595781770554393,0.288416409967661,0.004142458041402175,0.0015510472700568524,8.284916082804351e-07,0.001550218778448572
2021-06-23,0.35264399954252734,0.360222210710655,0.28713378974681775,0.0012826202208432724,-0.0015429912589678396,2.565240441686545e-07,-0.0015432477830120083
2021-06-24,0.35358010932031164,0.3598470706450865,0.28657282003460177,0.0009361097777844107,0.002496760640998933,1.8722195555688216e-07,0.002496573419043376
2021-06-25,0.35182815526330574,0.36246467629975354,0.2857071684369408,0.0026176056546669824,-0.0015674471090034955,5.235211309333965e-07,-0.001567970630134429
2021-06-28,0.3617675895233015,0.3542757403931639,0.28395667008353453,0.009939434259995827,0.004354714810225287,1.9878868519991655e-06,0.004352726923373288
2021-06-29,0.36026509788218947,0.3525580153587929,0.2871768867590176,0.0032202166754830563,-0.002233438174657778,6.440433350966113e-07,-0.0022340822179928747
2021-06-30,0.35837721985740495,0.3508127599710486,0.2908100201715465,0.003633133412528855,0.003275383897820577,7.266266825057711e-07,0.0032746572711380715
2021-07-01,0.35578330508762035,0.34962298447613954,0.2945937104362402,0.00378369026469369,0.0030030110475782195,7.56738052938738e-07,0.0030022543095252806
2021-07-02,0.35186773088755785,0.35568915399101236,0.2924431151214298,0.006066169514872877,0.006753955637096798,1.2132339029745754e-06,0.006752742403193824
2021-07-06,0.3574973168894418,0.35331698402204564,0.28918569908851244,0.005629586001884013,0.004924832328255446,1.1259172003768026e-06,0.004923706411055069
2021-07-07,0.35856346443494214,0.34985502696922083,0.291581508595837,0.0034619570528248433,0.005476714298022831,6.923914105649688e-07,0.005476021906612266
2021-07-08,0.35813862872584695,0.3502942125657082,0.2915671587084448,0.0004391855964873681,-0.0017358557924357883,8.783711929747362e-08,-0.0017359436295550858
2021-07-09,0.35316805072617224,0.3521752718498502,0.29465667742397755,0.004970577999674736,-0.00020413136029978,9.941155999349472e-07,-0.00020512547589971494
2021-07-12,0.3545833929739969,0.34474448687428544,0.30067212015171774,0.0074307849755647915,0.0004498272001399514,1.4861569951129584e-06,0.00044834104314483845
2021-07-13,0.3538675996730208,0.3442263986737336,0.3019060016532456,0.0012338815015278948,-0.003447707462235448,2.4677630030557896e-07,-0.0034479542385357537
2021-07-14,0.35334585485477304,0.3428730725065233,0.30378107263870363,0.0018750709854580272,0.007690269706469404,3.7501419709160545e-07,0.0076898946922723125
2021-07-15,0.35679755029009114,0.34025688728095077,0.30294556242895804,0.0034516954353181195,0.0025874052632110438,6.903390870636239e-07,0.00258671492412398
2021-07-16,0.3538452590566544,0.3407020783666038,0.3054526625767418,0.0029522912334367657,-0.006381650466528882,5.904582466873532e-07,-0.0063822409247755695
2021-07-19,0.35089595033234555,0.3455562315728823,0.30354781809477216,0.004854153206278494,0.002753793687235079,9.708306412556989e-07,0.0027528228565938235
2021-07-20,0.3506834492613797,0.33524763309532113,0.3140689176432992,0.010521099548527035,0.0013862951017225979,2.104219909705407e-06,0.0013841908818128924
2021-07-21,0.3479963111110589,0.33390766883214196,0.3180960200567992,0.004027102413499989,-0.0025951374605898024,8.054204826999978e-07,-0.0025959428810725022
2021-07-22,0.3506141784147117,0.32669951963276067,0.32268630195252773,0.007208149199381314,0.0044538008142061035,1.4416298398762628e-06,0.0044523591843662275
2021-07-23,0.35440969827584157,0.32265333060790385,0.3229369711162545,0.004046189024856733,0.0004756467314905382,8.092378049713467e-07,0.00047483749368556685
2021-07-26,0.35544154484922136,0.32100911522865916,0.32354933992211965,0.0016442153792448067,-0.000846486056009583,3.2884307584896133e-07,-0.000846814899085432
2021-07-27,0.3555606634662348,0.3207567610769934,0.3236825754567718,0.0002523541516656902,0.0023414703240447585,5.047083033313804e-08,0.0023414198532144253
2021-07-28,0.35434160145012616,0.32140161855769,0.32425677999218383,0.0012190620161086352,0.0015124480789706722,2.4381240322172707e-07,0.0015122042665674505
2021-07-29,0.35458589644371374,0.321592453811717,0.32382164974456934,0.0004351302476145458,0.003283127108929482,8.702604952290915e-08,0.003283040082879959
2021-07-30,0.3571313219814239,0.32170635701558614,0.32116232100299,0.0026593287415792866,-0.0027542296084962794,5.318657483158573e-07,-0.002754761474244595
2021-08-02,0.3589149529687653,0.3217169395892753,0.3193681074419594,0.001794213561030572,0.0017216984721213368,3.5884271220611445e-07,0.0017213396294091306
2021-08-03,0.3571390706109861,0.3181750122950757,0.3246859170939381,0.005317809651978728,0.0028446739269789895,1.0635619303957455e-06,0.0028436103650485937
2021-08-04,0.35578205656901085,0.31822068238566265,0.32599726104532656,0.0013570140419753018,-0.001018860152285128,2.714028083950604e-07,-0.001019131555093523
2021-08-05,0.354309366749466,0.3186159919110246,0.3270746413395093,0.0014726898195447646,-0.0006728484078521231,2.945379639089529e-07,-0.0006731429458160321
2021-08-06,0.3514107206399134,0.31336716847658147,0.3352221108835051,0.008147469543995756,-0.01303038879523528,1.6294939087991512e-06,-0.01303201828914408
2021-08-09,0.36495958786657456,0.31246378695458127,0.3225766251788443,0.013548867226661099,-0.007138554071551164,2.70977344533222e-06,-0.0071412638449964965
2021-08-10,0.371717210210097,0.3162808615191883,0.3120019282707146,0.010574696908129594,-0.0009018932843455664,2.1149393816259187e-06,-0.0009040082237271922
2021-08-11,0.375479750103088,0.3146400272948456,0.3098802226020664,0.003762539892990968,0.005011463334493241,7.525079785981936e-07,0.005010710826514643
2021-08-12,0.39802515189600346,0.30799389723009424,0.29398095087390236,0.02254540179291542,0.0007599309609648576,4.509080358583085e-06,0.0007554218806062746
2021-08-13,0.40348896771190934,0.30467319481829025,0.2918378374698004,0.005463815815905909,0.009727804351363594,1.0927631631811819e-06,0.009726711588200413
2021-08-16,0.41840727745843215,0.29657399901691517,0.28501872352465274,0.014918309746522779,0.003125651327703145,2.983661949304556e-06,0.0031226676657538405
2021-08-17,0.4173727747271635,0.2953529113037113,0.2872743139691253,0.002255590444472544,-0.003284382514935535,4.511180888945088e-07,-0.0032848336330244293
2021-08-18,0.41925228971735684,0.29451869634656774,0.28622901393607536,0.0018795149901933983,-0.00337663209709234,3.759029980386797e-07,-0.0033770080000903786
2021-08-19,0.41140256943279035,0.29872162559868126,0.28987580496852844,0.007849720284566541,0.0019871799823799915,1.5699440569133083e-06,0.0019856100383230783
2021-08-20,0.4162834948318683,0.296036479320819,0.28768002584731267,0.004880925399077973,0.0036645374499244725,9.761850798155947e-07,0.0036635612648446567
2021-08-23,0.41369791776437903,0.29738782651024226,0.28891425572537865,0.002585577067489242,0.006959828434747553,5.171154134978484e-07,0.006959311319334056
2021-08-24,0.4172074921999835,0.29825963338446443,0.2845328744155522,0.004381381309826543,-0.0017921644753405733,8.762762619653087e-07,-0.0017930407516025385
2021-08-25,0.4168535186204517,0.29652433815645207,0.2866221432230962,0.0020892688075440646,-0.003576721421232237,4.1785376150881294e-07,-0.003577139274993746
2021-08-26,0.4185309148063175,0.2948532619876923,0.2866158232059902,0.0016773961858657649,-0.0013289761498766323,3.35479237173153e-07,-0.0013293116291138054
2021-08-27,0.4153988807728409,0.2968967684884447,0.2877043507387145,0.003132034033476644,0.010058179118166583,6.264068066953288e-07,0.010057552711359887
2021-08-30,0.4153178213180799,0.30021642449689545,0.2844657541850247,0.0033196560084507443,0.0012057106343670652,6.639312016901489e-07,0.001205046703165375
2021-08-31,0.41516304492639716,0.30052610375417604,0.28431085131942685,0.00030967925728059287,-0.0020900773525254534,6.193585145611858e-08,-0.0020901392883769096
2021-09-01,0.4154039456014406,0.2989109670794843,0.2856850873190751,0.0016151366746917362,0.0007384476824664697,3.2302733493834725e-07,0.0007381246551315313
2021-09-02,0.4115911122170625,0.29541588994622636,0.2929929978367111,0.007307910517636018,0.0017789742409144832,1.4615821035272038e-06,0.001777512658810956
2021-09-03,0.41102464727295424,0.29610761102580024,0.29286774170124563,0.000691721079573826,0.00033933404239282856,1.3834421591476522e-07,0.0003391956981769138
2021-09-07,0.4139673785199352,0.29494246547984543,0.2910901560002194,0.002942731246980995,-0.009668853855827908,5.88546249396199e-07,-0.009669442402077304
2021-09-08,0.4181796879648169,0.2976538128373859,0.2841664991977972,0.006923656802422212,0.0008047757668786576,1.3847313604844426e-06,0.0008033910355181731
2021-09-09,0.4178577188199764,0.2983336140622595,0.2838086671177641,0.0006798012248735996,0.0030767390431174733,1.3596024497471993e-07,0.0030766030828724986
2021-09-10,0.4184532668550675,0.29633468672014757,0.2852120464247849,0.0019989273421119336,-0.007354830597800225,3.997854684223867e-07,-0.007355230383268647
2021-09-13,0.4142427617834223,0.295566400980956,0.29019083723562167,0.0049787908108367696,0.0038247845382295316,9.95758162167354e-07,0.0038237887800673643
2021-09-14,0.4134075357431065,0.29658594158259344,0.29000652267430005,0.0010195406016374198,0.0032317778708290355,2.0390812032748397e-07,0.003231573962708708
2021-09-15,0.4138274221090333,0.2950420757517708,0.29113050213919583,0.0015438658308225828,0.0007147055556850487,3.087731661645166e-07,0.0007143967825188842
2021-09-16,0.41004550593545186,0.29263225355697897,0.29732224050756917,0.006191738368373306,-0.008722997162281018,1.2383476736746612e-06,-0.008724235509954693
2021-09-17,0.40119001810012056,0.29203110189657194,0.3067788800033076,0.009456639495738384,-0.0057970220991161265,1.891327899147677e-06,-0.005798913427015274
2021-09-20,0.4015909742888796,0.29669922781282587,0.3017097978982946,0.005069082105012973,-0.0008609996579064289,1.0138164210025946e-06,-0.0008620134743274315
2021-09-21,0.3909588190089147,0.30321448985369215,0.3058266911373931,0.010632155279964806,0.0014090879829427748,2.1264310559929612e-06,0.0014069615518867817
2021-09-22,0.39252075269758996,0.30299393633428806,0.30448531096812204,0.0015619336886751878,0.004499302913500855,3.123867377350376e-07,0.00449899052676312
2021-09-23,0.3887587050680262,0.30488366436204895,0.3063576305699248,0.003762047629563725,-0.005703417688403047,7.52409525912745e-07,-0.00570417009792896
2021-09-24,0.39345238051721404,0.295025978866977,0.3115216406158089,0.009857685495071933,-0.0026353690957449907,1.9715370990143865e-06,-0.0026373406328440052
2021-09-27,0.39344581816388735,0.29503113345954,0.3115230483765727,6.5623533267444856e-06,-0.0015614152108587133,1.3124706653488972e-09,-0.0015614165233293787
2021-09-28,0.3919850389750242,0.2972004244197137,0.31081453660526215,0.0021692909601737087,-0.015548704961387137,4.3385819203474175e-07,-0.01554913881957917
2021-09-29,0.3762740161702397,0.3001981604079694,0.3235278234217909,0.01571102280478448,-0.0003033028300707635,3.1422045609568963e-06,-0.0003064450346317204
2021-09-30,0.3758669286298986,0.3004898273847557,0.32364324398534555,0.0004070875403409946,0.0011822571390960905,8.141750806819892e-08,0.0011821757215880223
2021-10-01,0.375656506718122,0.30669205668431854,0.3176514365975595,0.006202229299562739,0.0077610636560605,1.240445859912548e-06,0.007759823210200587
2021-10-04,0.372388430167724,0.30698047191711053,0.3206310979151656,0.0032680765503980413,-0.004083614101205148,6.536153100796083e-07,-0.004084267716515227
2021-10-05,0.36475936823263666,0.312949502432663,0.3222911293347004,0.007629061935087306,-0.0007275547820643216,1.5258123870174612e-06,-0.000729080594451339
2021-10-06,0.3615207502989942,0.3144834116076947,0.3239958380933111,0.0032386179336424403,0.004142811932365884,6.477235867284881e-07,0.004142164208779156
2021-10-07,0.36367401821803874,0.31327596169967376,0.3230500200822875,0.002153267919044549,-0.0018348824781807029,4.3065358380890983e-07,-0.0018353131317645117
2021-10-08,0.36405269930534767,0.31482439162807047,0.32112290906658186,0.0019271110157056404,-0.0027304469061676627,3.854222031411281e-07,-0.002730832328370804
2021-10-11,0.36489492867077017,0.31363020450887247,0.32147486682035725,0.0011941871191979425,-0.0040443439831385685,2.388374238395885e-07,-0.0040445828205624085
2021-10-12,0.36279976427170535,0.3155221705627798,0.32167806516551484,0.002095164399064875,0.005954578206668395,4.19032879812975e-07,0.005954159173788582
2021-10-13,0.3633419222735521,0.3103480622260705,0.3263100155003774,0.005174108336709338,0.010132187494766385,1.0348216673418675e-06,0.010131152673099043
2021-10-14,0.36752544986336294,0.3149156175054691,0.317558932631168,0.00875108286920942,0.00812900378724533,1.7502165738418841e-06,0.008127253570671488
2021-10-15,0.35958201062627965,0.31713430074533727,0.32328368862838314,0.007943439237083294,-0.004247365369602587,1.5886878474166589e-06,-0.004248954057450003
2021-10-18,0.3627062217494739,0.3285710327590771,0.3087227454914489,0.014560943136934179,0.001848852415979678,2.912188627386836e-06,0.0018459402273522912
2021-10-19,0.36831204214881913,0.32685673155199396,0.30483122629918696,0.005605820399345152,-0.0006877484677524682,1.1211640798690304e-06,-0.0006888696318323373
2021-10-20,0.36896257178466085,0.3259716794363324,0.3050657487790068,0.0008850521156615609,0.0019222830422756657,1.770104231323122e-07,0.0019221060318525334
2021-10-21,0.3686512417946313,0.3286096065405628,0.3027391516648057,0.0026379271042305252,0.0002981386253630715,5.275854208461051e-07,0.0002976110399422254
2021-10-22,0.37133470529560825,0.3278004208663522,0.30086487383803956,0.0026834635009768404,0.0050656113482255415,5.366927001953681e-07,0.005065074655525346
2021-10-25,0.3736702646973888,0.32469192685212145,0.3016378084504898,0.0031084940142307727,0.0035938603397772115,6.216988028461546e-07,0.0035932386409743655
2021-10-26,0.3724787057811509,0.3284322271445749,0.2990890670742743,0.0037403002924534245,0.0008380005043773313,7.48060058490685e-07,0.0008372524443188406
2021-10-27,0.37402527366683763,0.326606925869888,0.2993678004632744,0.001825301274686858,0.005070922026177405,3.6506025493737164e-07,0.005070556965922467
2021-10-28,0.3765847461315941,0.31752015374868486,0.30589510011972115,0.00908677212120318,0.002486317710599343,1.817354424240636e-06,0.002484500356175102
2021-10-29,0.3737839697811876,0.31816471478244945,0.308051315436363,0.0028007763504064587,-0.000890007685279995,5.601552700812918e-07,-0.0008905678405500764
2021-11-01,0.373876291406418,0.3205907154124094,0.30553299318117255,0.002518322255190386,-6.992995592672454e-05,5.036644510380773e-07,-7.043362037776261e-05
2021-11-02,0.3768977259233168,0.3186721947731745,0.3044300793035088,0.0030214345168987355,0.0022838580275961404,6.042869033797471e-07,0.0022832537406927604
2021-11-03,0.37804316641589325,0.31783942152394556,0.3041174120601612,0.001145440492576505,-0.003505353058618139,2.29088098515301e-07,-0.0035055821467166546
2021-11-04,0.379827085966905,0.3164017481972799,0.30377116583581515,0.0017839195510117312,0.00856066047800053,3.5678391020234626e-07,0.008560303694090327
2021-11-05,0.370714605047045,0.31523645382955207,0.3140489411234029,0.010277775287587804,0.010103122191246355,2.055555057517561e-06,0.010101066636188837
2021-11-08,0.37080129787392385,0.3081115078427355,0.32108719428334076,0.007124945986816622,0.000892136817889819,1.4249891973633244e-06,0.0008907118286924557
2021-11-09,0.3706554067556057,0.30867294023366615,0.32067165301072814,0.0005614323909307051,0.0043737337436101,1.1228647818614103e-07,0.004373621457131914
2021-11-10,0.36976721968309445,0.303395748342524,0.32683703197438163,0.006165378963653462,-0.004972651019002154,1.2330757927306925e-06,-0.004973884094794884
2021-11-11,0.3726215059621997,0.29828307371407836,0.3290954203237221,0.00511267462844564,0.0015210993495457501,1.0225349256891281e-06,0.001520076814620061
2021-11-12,0.3674110850481608,0.3015512166725028,0.33103769827933643,0.005210420914038838,0.0020757492817597826,1.0420841828077676e-06,0.002074707197576975
2021-11-15,0.3657031288627003,0.30179982423336743,0.3324970469039322,0.001707956185460463,-0.0041791526590666634,3.415912370920926e-07,-0.004179494250303756
2021-11-16,0.3694753500469376,0.2974798969823862,0.3330447529706762,0.004319927250981265,-0.0017034891913831557,8.639854501962529e-07,-0.001704353176833352
2021-11-17,0.37546245815643947,0.2960294930974443,0.32850804874611617,0.0059871081095018985,0.0044357835533572615,1.1974216219003799e-06,0.004434586131735361
2021-11-18,0.3760036934809756,0.2967832840107002,0.32721302250832424,0.0012950262377919852,0.0013428177074385856,2.5900524755839705e-07,0.0013425587021910273
2021-11-19,0.37808538375465683,0.29584382606427134,0.3260707901810718,0.0020816902736812415,-4.5879458063180674e-05,4.163380547362483e-07,-4.629579611791692e-05
2021-11-22,0.38052710657811406,0.291540596174914,0.32793229724697204,0.004303229889357385,-0.011842812797527837,8.60645977871477e-07,-0.011843673443505709
2021-11-23,0.3884511285516221,0.2959925961912691,0.31555627525710866,0.012376021989863262,-0.006494998984122788,2.4752043979726524e-06,-0.00649747418852076
2021-11-24,0.39041940386185076,0.29345887953977273,0.3161217165983765,0.0025337166514964315,0.005451635837234997,5.067433302992863e-07,0.005451129093904698
2021-11-26,0.39485280790642274,0.2876990979073683,0.3174480941862089,0.005759781632404398,-0.0020495665625579708,1.1519563264808798e-06,-0.0020507185188844515
2021-11-29,0.3798016198673082,0.28288154684151307,0.33731683329117873,0.019868739104969807,0.0019199399726993892,3.973747820993962e-06,0.0019159662248783953
2021-11-30,0.37574489870566974,0.2835788316218549,0.3406762696724754,0.004056721161638466,-0.0052900515424671515,8.113442323276932e-07,-0.005290862886699479
2021-12-01,0.3653787176419529,0.2867327040317069,0.3478885783263401,0.010366181063716812,-0.0009021467538325037,2.0732362127433624e-06,-0.0009042199900452471
2021-12-02,0.36219524077560916,0.28811999950429,0.3496847597201009,0.003183476866343793,0.003970765983526216,6.366953732687586e-07,0.003970129288152948
2021-12-03,0.35616164125838146,0.2914365720876554,0.35240178665396316,0.006033599517227678,0.0033427096602839184,1.2067199034455356e-06,0.003341502940380473
2021-12-06,0.35366922721816413,0.29127531495414005,0.3550554578276958,0.0026536711737326635,-0.0006856966489293676,5.307342347465327e-07,-0.0006862273831641141
2021-12-07,0.3457618328970957,0.2859293154945677,0.3683088516083366,0.013253393780640776,0.006149149946268291,2.6506787561281556e-06,0.006146499267512162
2021-12-08,0.33629801299571616,0.2897659231373603,0.3739360638669236,0.009463819901379594,-0.00391623560096165,1.892763980275919e-06,-0.0039181283649419255
2021-12-09,0.337697915465017,0.2867056746894249,0.37559640984555803,0.003060248447935343,-0.002971778528365551,6.120496895870687e-07,-0.002972390578055138
2021-12-10,0.3379596926077369,0.28743556807703186,0.37460473931523114,0.0009916705303268658,0.004068678039309534,1.9833410606537318e-07,0.004068479705203468
2021-12-13,0.3362274530292489,0.28868479495472993,0.37508775201602124,0.0017322395784880873,0.0022337649567135197,3.464479156976175e-07,0.002233418508797822
2021-12-14,0.33488880901484613,0.28763049267715357,0.3774806983080004,0.002392946291979142,-0.006515565413018648,4.785892583958285e-07,-0.0065160440022770435
2021-12-15,0.3356705577300382,0.28846368537845624,0.37586575689150553,0.0016149414164947917,0.004082348334223749,3.2298828329895835e-07,0.00408202534594045
2021-12-16,0.3228294918697081,0.2819243612733311,0.3952461468569607,0.019380389965455186,0.0020442351728102597,3.8760779930910376e-06,0.0020403590948171687
2021-12-17,0.3255323762781948,0.2842669837390654,0.3902006399827399,0.005045506874220895,-0.0010787411862118019,1.0091013748441792e-06,-0.001079750287586646
2021-12-20,0.3285216112095366,0.2823988766836921,0.38907951210677133,0.0029892349313418165,-0.0072553945001653615,5.978469862683633e-07,-0.00725599234715163
2021-12-21,0.32563132482724993,0.2824098221329252,0.3919588530398248,0.002890286382286611,0.0045434616037470475,5.780572764573222e-07,0.00454288354647059
2021-12-22,0.32084369672679147,0.2843407312389465,0.394815572034262,0.004787628100458463,0.008234809514281401,9.575256200916927e-07,0.00823385198866131
2021-12-23,0.317151012730171,0.29082088522477323,0.3920281020450558,0.006480153985826714,0.00033364295051721354,1.296030797165343e-06,0.0003323469197200482
2021-12-27,0.31642966310657883,0.2914004237397354,0.39216991315368566,0.0007213496235921046,0.006112813614797446,1.4426992471842094e-07,0.006112669344872728
2021-12-28,0.31325933720631643,0.2929368628244879,0.3938037999691956,0.0031703259002624218,-0.003114214288941663,6.340651800524844e-07,-0.0031148483541217154
2021-12-29,0.3196000894018173,0.29147596212609966,0.388923948472083,0.006340752195500843,-0.00289065590797882,1.2681504391001685e-06,-0.00289192405841792
2021-12-30,0.3201036315315605,0.2888231803719477,0.3910731880964919,0.0026527817541520393,0.004343932041606392,5.305563508304079e-07,0.004343401485255562
2021-12-31,0.31933235857116715,0.28156108213082814,0.3991065592980047,0.008033371201512873,0.0024739734934216915,1.6066742403025747e-06,0.002472366819181389
2022-01-03,0.32166391961781626,0.2823947295499361,0.3959413508322476,0.0031652084657571022,-0.011641690508585318,6.330416931514204e-07,-0.01164232355027847
2022-01-04,0.3360514527707197,0.2735612048630197,0.3903873423662606,0.014387533152903392,0.0016257801875468026,2.8775066305806785e-06,0.001622902680916222
2022-01-05,0.33776206956529436,0.27432762724249377,0.38791030319221187,0.002477039174048734,-0.009141444410971864,4.954078348097469e-07,-0.009141939818806673
2022-01-06,0.32778119826087915,0.27865388241067585,0.39356491932844495,0.00998087130441519,-0.00440532118958467,1.996174260883038e-06,-0.0044073173638455535
2022-01-07,0.33062716640211204,0.281789602415791,0.38758323118209687,0.005981688146348058,-0.0015688022577870035,1.1963376292696115e-06,-0.0015699985954162731
2022-01-10,0.33058046150918424,0.2821924157879737,0.3872271227028421,0.0004028133721826477,0.0014601037342666468,8.056267443652953e-08,0.0014600231715922102
2022-01-11,0.3320972509673599,0.2816212792571024,0.38628146977553773,0.0015167894581756824,0.009561283990265863,3.033578916351365e-07,0.009560980632374228
2022-01-12,0.3313023807574632,0.2877730264373194,0.3809245928052174,0.006151747180217021,0.0007998066929818262,1.2303494360434042e-06,0.0007985763435457828
2022-01-13,0.3253469018320142,0.2843337961705341,0.3903193019974517,0.009394709192234285,-0.003283854766647074,1.8789418384468572e-06,-0.003285733708485521
2022-01-14,0.32658729254905244,0.28316251736204023,0.3902501900889074,0.0012403907170382145,-0.005268569625264782,2.480781434076429e-07,-0.00526881770340819
2022-01-18,0.3239251817781649,0.27532953125280957,0.4007452869690256,0.010495096880118238,-0.01027312688427476,2.0990193760236476e-06,-0.010275225903650783
2022-01-19,0.3175483425120797,0.2757834328524269,0.4066682246354933,0.006376839266085094,0.005070306174740737,1.2753678532170188e-06,0.00506903080688752
2022-01-20,0.3200322708070903,0.28227464108167855,0.3976930881112312,0.008975136524262156,-0.002795099656499262,1.7950273048524312e-06,-0.0027968946838041147
2022-01-21,0.31659395106035637,0.2822986600939992,0.4011073888456445,0.00343831974673392,-0.004162303222831831,6.876639493467841e-07,-0.004162990886781178
2022-01-24,0.310413868403467,0.28342439487351356,0.4061617367230193,0.006180082656889269,0.0012212341503054132,1.2360165313778538e-06,0.0012199981337740354
2022-01-25,0.30953705782049595,0.28425230860913225,0.4062106335703718,0.0008768105829711215,-0.002939297657354222,1.753621165942243e-07,-0.002939473019470816
2022-01-26,0.30692531450929506,0.2844217186713898,0.4086529668193152,0.002611743311200926,-0.01081638505523205,5.223486622401852e-07,-0.01081690740389429
2022-01-27,0.3113697238075952,0.2870868830109295,0.40154339318147525,0.007109573637839872,-0.0014449780676141226,1.4219147275679746e-06,-0.0014463999823416905
2022-01-28,0.3142376044708977,0.28969727976117254,0.39606511576792974,0.005478277413545535,0.006724045806098635,1.095655482709107e-06,0.006722950150615926
2022-01-31,0.3046037379871106,0.2940798508230092,0.40131641118988015,0.009633866483787085,0.006343372325073879,1.926773296757417e-06,0.006341445551777122
2022-02-01,0.29855463551691247,0.2955716495679189,0.4058737149151686,0.006049102470198159,0.0013742794843993435,1.2098204940396319e-06,0.001373069663905304
2022-02-02,0.2971654086715489,0.29602147543548935,0.40681311589296165,0.0013892268453635226,0.005364520351341697,2.7784536907270454e-07,0.005364242505972625
2022-02-03,0.29598145322535113,0.29680553407982363,0.40721301269482524,0.0011839554461978152,-0.009852790694744483,2.3679108923956307e-07,-0.009853027485833723
2022-02-04,0.28705845384899786,0.2993903842733488,0.41355116187765323,0.008922999376353213,-0.0024263048342123665,1.7845998752706428e-06,-0.002428089434087637
2022-02-07,0.2854188911300856,0.29594947146261497,0.41863163740729936,0.005080475529646106,0.0023745501121139037,1.0160951059292212e-06,0.0023735340170079745
2022-02-08,0.2818702313800187,0.29768100053404867,0.4204487680859327,0.0035486597500669625,0.0016142305430709304,7.097319500133926e-07,0.001613520811120917
2022-02-09,0.28095115474707943,0.2975463863265712,0.42150245892634924,0.001053690840416649,0.006104756668786594,2.107381680833298e-07,0.0061045459306185105
2022-02-10,0.2765009087266573,0.3016952772274466,0.42180381404589623,0.004450246020422266,-0.01136369819391871,8.900492040844532e-07,-0.011364588243122795
2022-02-11,0.27073845705977057,0.30218657379187625,0.4270749691483532,0.005762451666886659,0.007280143700855874,1.1524903333773317e-06,0.007278991210522497
2022-02-14,0.2737026287710357,0.30646923316330643,0.41982813806565794,0.007246831082695276,-0.0024614012476004738,1.4493662165390553e-06,-0.0024628506138170128
2022-02-15,0.27566780225175513,0.3046630073556178,0.419669190392627,0.0019651734807195065,-0.002999958451360226,3.930346961439013e-07,-0.00300035148605637
2022-02-16,0.2734796930381822,0.3081563538541178,0.41836395310769997,0.0034933464984999996,0.006435567525836745,6.986692997e-07,0.006434868856537045
2022-02-17,0.2748098380243564,0.3082412130226152,0.41694894895302853,0.0014150041546714953,0.0021213754612834,2.8300083093429907e-07,0.0021210924604524654
2022-02-18,0.2714283084828568,0.31226278131244195,0.4163089102047012,0.004021568289826832,0.001224385156211935,8.043136579653665e-07,0.0012235808425539697
2022-02-22,0.2718388376432307,0.31035332734311855,0.4178078350136509,0.001909453969323488,-0.0012361387704366363,3.818907938646976e-07,-0.001236520661230501
2022-02-23,0.269105590509585,0.31161546909567867,0.4192789403947365,0.0027332471336457276,-0.0071784210124474016,5.466494267291456e-07,-0.007178967661874131
2022-02-24,0.2577722483817266,0.30185006662655045,0.4403776849917228,0.021098744596986463,0.0012375085636095306,4.219748919397293e-06,0.0012332888146901332
2022-02-25,0.25329181291189307,0.30509872759719175,0.4416094594909151,0.004480435469833566,0.004340855739402683,8.960870939667132e-07,0.004339959652308717
2022-02-28,0.2466909212117687,0.31235080603098286,0.4409582727572484,0.007252078433791095,0.010785739288610555,1.450415686758219e-06,0.010784288872923797
2022-03-01,0.25149638983175515,0.3151975532922034,0.43330605687604146,0.007652215881206972,0.007684337188060729,1.5304431762413946e-06,0.007682806744884487
2022-03-02,0.2564677573369022,0.3192188636420529,0.4243133790210448,0.008992677854996578,-0.010609206790743429,1.7985355709993158e-06,-0.010611005326314428
2022-03-03,0.2625910001926191,0.3070472316555058,0.430361768151875,0.012171631986547082,0.0043821298944939,2.4343263973094166e-06,0.004379695568096591
2022-03-04,0.26423114687003996,0.3057253021524899,0.43004355097747016,0.0016401466774207951,0.00998150965566398,3.2802933548415903e-07,0.009981181626328495
2022-03-07,0.27072543663446447,0.3026778987675412,0.42659666459799445,0.006494289764424455,-0.003949788673106216,1.298857952884891e-06,-0.003951087531059101
2022-03-08,0.26413193904424126,0.31015216468909734,0.4257158962666615,0.007474265921556145,0.006524547757656436,1.494853184311229e-06,0.006523052904472125
2022-03-09,0.27340509289846754,0.3206129857735298,0.40598192132800276,0.01973397493865875,-0.007873498008698212,3.94679498773175e-06,-0.007877444803685943
2022-03-10,0.28164342228425987,0.3348233640595242,0.383533213656216,0.022448707671786722,-0.004885315577974926,4.489741534357344e-06,-0.004889805319509283
2022-03-11,0.28115172844221836,0.33611258011549233,0.38273569144228936,0.0012892160559681565,-0.0051396960509246074,2.578432111936313e-07,-0.005139953894135801
2022-03-14,0.28014273530861955,0.3371756207213719,0.38268164397000853,0.0010630406058796116,-0.01568865972303995,2.1260812117592232e-07,-0.015688872331161126
2022-03-15,0.2867573883987615,0.332651074139037,0.3805915374622016,0.00661465309014192,-0.001393682362108838,1.322930618028384e-06,-0.0013950052927268663
2022-03-16,0.2836123758525349,0.3435230331478854,0.37286459099957975,0.010871959008848436,0.011992262466909175,2.1743918017696875e-06,0.011990088075107404
2022-03-17,0.27905151307900666,0.34270423634204344,0.3782442505789498,0.005379659579370116,0.002785955499347916,1.0759319158740232e-06,0.002784879567432042
2022-03-18,0.27974301579326866,0.34278606999356304,0.37747091421316836,0.0007733363657815018,0.003932362229918194,1.5466727315630037e-07,0.003932207562645037
2022-03-21,0.28016645834913895,0.3400204313591452,0.37981311029171566,0.0027656386344176997,-0.005053515870309036,5.5312772688354e-07,-0.00505406899803592
2022-03-22,0.28309556581232664,0.33590142714990545,0.38100300703776785,0.004119004209239829,-0.0037534772103716076,8.238008418479659e-07,-0.0037543010112134553
2022-03-23,0.28366253882423903,0.3352938341581749,0.3810436270175862,0.00060759299173066,0.008899871313236642,1.2151859834613198e-07,0.008899749794638296
2022-03-24,0.2899033892585424,0.32831784797206615,0.3817787627693915,0.006975986186108701,0.004570231601636999,1.3951972372217403e-06,0.004568836404399777
2022-03-25,0.2883397142891641,0.32871823953789037,0.38294204617294547,0.0015636749693782592,-0.004720458313984696,3.1273499387565184e-07,-0.0047207710489785715
2022-03-28,0.2892731579513851,0.32769964045970174,0.3830272015889131,0.0010185990781886312,-0.002113207597596708,2.0371981563772625e-07,-0.002113411317412346
2022-03-29,0.2944814337211444,0.32940566407674104,0.3761129022021146,0.006914299386798578,0.006298755032438343,1.3828598773597156e-06,0.006297372172560984
2022-03-30,0.2931587984314609,0.32877472397560387,0.3780664775929352,0.001953575390820639,0.003793895672302941,3.9071507816412775e-07,0.003793504957224777
2022-03-31,0.2933025021387914,0.3292605470251643,0.37743695083604445,0.0006295267568908192,-0.003568325655010869,1.2590535137816383e-07,-0.0035684515603622473
2022-04-01,0.29053922535723176,0.3309136018722912,0.37854717277047717,0.0027632767815596315,-0.00032673663562271223,5.526553563119263e-07,-0.00032728929097902416
2022-04-04,0.29070571861532785,0.33091065158529254,0.3783836297993795,0.00016649325809620086,0.00202462795105225,3.3298651619240175e-08,0.002024594652400631
2022-04-05,0.2848429426601567,0.33638169756539443,0.3787753597744488,0.005862775955171179,-0.013570629847997416,1.1725551910342358e-06,-0.01357180240318845
2022-04-06,0.28618734415898023,0.33124113943655875,0.3825715164044611,0.005140558128835737,-0.004646285013735651,1.0281116257671474e-06,-0.0046473131253614176
2022-04-07,0.2885428069872006,0.3296719425010439,0.38178525051175566,0.0023554628282203005,0.00041569422833721316,4.7109256564406014e-07,0.0004152231357715691
2022-04-08,0.28682154837276774,0.32789021379056726,0.38528823783666494,0.00350298732490939,-0.001904153421347525,7.005974649818781e-07,-0.001904854018812507
2022-04-11,0.2872982450196959,0.32733643320773237,0.3853653217725717,0.0005537805828349229,-0.008179309096238891,1.1075611656698458e-07,-0.008179419852355457
2022-04-12,0.2858576689341583,0.3264155783144885,0.38772675275135315,0.0023614309787814702,0.0014667114678839912,4.722861957562941e-07,0.0014662391816882348
2022-04-13,0.285579673958094,0.3262621851408388,0.38815814090106726,0.00043138814971402373,0.0057929619990448695,8.627762994280474e-08,0.005792875721414926
2022-04-14,0.2845156715616293,0.3267351137615875,0.3887492146767831,0.0010640023964645917,-0.01137653553195726,2.1280047929291836e-07,-0.011376748332436553
2022-04-18,0.2857519865581856,0.32433727237451787,0.3899107410672965,0.0023978413870696658,-0.00028659880656258657,4.795682774139332e-07,-0.00028707837484000053
2022-04-19,0.28482547790545554,0.32606168884721454,0.38911283324733,0.0017244164726966382,-0.0037251439183633725,3.448832945393277e-07,-0.003725488801657912
2022-04-20,0.2866773348660218,0.3300097535920097,0.3833129115419684,0.005799921705361505,0.008305403647256076,1.159984341072301e-06,0.008304243662915003
2022-04-21,0.28802419651946953,0.3223404077764467,0.3896353957040837,0.007669345815563,-0.00807783020278088,1.5338691631126e-06,-0.008079364071943993
2022-04-22,0.28696441780241144,0.32339311249573277,0.3896424697018558,0.0010597787170581463,-0.013697689326750383,2.1195574341162928e-07,-0.013697901282493794
2022-04-25,0.283601869928772,0.32823312755889406,0.3881650025123341,0.0048400150631612016,-0.0020490375065980665,9.680030126322404e-07,-0.002050005509610699
2022-04-26,0.2868971666809461,0.32992580472461713,0.38317702859443664,0.00498797391789732,-0.004402963599277673,9.975947835794641e-07,-0.004403961194061252
2022-04-27,0.2819823132639575,0.3305990649664944,0.38741862176954817,0.00491485341698869,-0.006375077775886326,9.82970683397738e-07,-0.006376060746569724
2022-04-28,0.2802061894852078,0.32833727274140717,0.391456537773385,0.004037916003836878,0.009680155811864547,8.075832007673756e-07,0.00967934822866378
2022-04-29,0.2717700463313559,0.3340446405142571,0.3941853131543872,0.008436143153852022,-0.014421600848484747,1.6872286307704044e-06,-0.014423288077115518
2022-05-02,0.2671017796288141,0.3349552191387847,0.3979430012324011,0.00466826670254164,-0.011576263278853065,9.336533405083281e-07,-0.011577196932193574
2022-05-03,0.27329057184680994,0.3349248763432693,0.39178455180992083,0.006188792217995759,0.0045488034967924,1.2377584435991519e-06,0.004547565738348801
2022-05-04,0.27400747754211024,0.3337379153446553,0.39225460711323445,0.0011869609986139562,0.014036107479269309,2.3739219972279126e-07,0.014035870087069587
2022-05-05,0.26854946352004977,0.3369769778058473,0.39447355867410294,0.005458014022060476,-0.020281087845442074,1.0916028044120951e-06,-0.020282179448246486
2022-05-06,0.26683356902487726,0.3324012859316071,0.4007651450435157,0.0062915863694127105,-0.0058271044391611185,1.2583172738825422e-06,-0.005828362756435001
2022-05-09,0.2669028294589922,0.33237443878674194,0.4007227317542658,6.926043411498162e-05,-0.011423776143722569,1.3852086822996324e-08,-0.011423789995809392
2022-05-10,0.26299877267182525,0.3353503934661624,0.40165083386201234,0.0039040567871669596,0.0002570891784059882,7.808113574333919e-07,0.00025630836704855476
2022-05-11,0.2645791825008771,0.3343632626550652,0.4010575548440577,0.001580409829051832,0.005516331862343736,3.160819658103664e-07,0.0055160157803779255
2022-05-12,0.26748976321926354,0.3296749201012154,0.40283531667952105,0.004688342553849811,-0.00707121198959357,9.376685107699623e-07,-0.00707214965810434
2022-05-13,0.26995405686362756,0.33304764765451234,0.3969982954818601,0.005837021197660941,-0.0016881694741559886,1.1674042395321883e-06,-0.0016893368783955206
2022-05-16,0.26495697698246645,0.3326257171986514,0.4024173058188821,0.0054190103370219955,0.0024191475608445643,1.0838020674043992e-06,0.00241806375877716
2022-05-17,0.2650161105617917,0.3343325163224131,0.40065137311579524,0.001765932703086892,-0.0011042357315717943,3.5318654061737844e-07,-0.0011045889181124117
2022-05-18,0.26364036885380193,0.33419129179434304,0.402168339351855,0.0015169662360597913,-0.0032898302097556665,3.033932472119583e-07,-0.0032901336030028783
2022-05-19,0.2562792902509094,0.3315956115184436,0.4121250982306469,0.009956758878791966,0.00528167977092456,1.9913517757583933e-06,0.005279688419148802
2022-05-20,0.2582268675603468,0.3317683474949576,0.4100047849446956,0.0021203132859513585,0.0041645162465841976,4.240626571902717e-07,0.004164092183927008
2022-05-23,0.25843581309531927,0.3314987495645635,0.4100654373401173,0.00026959793039413316,0.0012877754962320365,5.3919586078826636e-08,0.0012877215766459577
2022-05-24,0.25755869156516603,0.33065673287905645,0.4117845755557775,0.0017191382156602486,0.007655830704810877,3.4382764313204974e-07,0.007655486877167745
2022-05-25,0.2605685490762811,0.32681994796194425,0.4126115029617746,0.0038367849171121737,0.0011063144548923505,7.673569834224348e-07,0.001105547097908928
2022-05-26,0.2615419359197582,0.3260864935016207,0.41237157057862106,0.0009733868434771142,0.0029879432486471015,1.9467736869542287e-07,0.0029877485712784062
2022-05-27,0.2620036819474273,0.32580559931876546,0.41219071873380725,0.00046174602766907435,0.007442139225642918,9.234920553381487e-08,0.007442046876437384
2022-05-31,0.25532188382271775,0.3320360888874868,0.4126420272897953,0.0066817981247094815,-0.012541471376899604,1.3363596249418963e-06,-0.012542807736524546
2022-06-01,0.25475617376458254,0.32730976018906166,0.4179340660463558,0.005292038756560424,0.0002270891036437071,1.058407751312085e-06,0.000226030695892395
2022-06-02,0.25194897303006364,0.3370484180696157,0.4110026089003206,0.009738657880554086,0.010031042751279952,1.947731576110817e-06,0.010029095019703841
2022-06-03,0.2502342676577578,0.341064761312971,0.4087009710292713,0.004016343243355203,-0.008989047837636807,8.032686486710406e-07,-0.008989851106285479
2022-06-06,0.2458856774411882,0.34435162143912984,0.40976270111968194,0.004348590216569567,-0.007406897059610988,8.697180433139135e-07,-0.007407766777654302
2022-06-07,0.24941732101043285,0.3368881735061107,0.41369450548345643,0.007463447933019132,0.008727434044161517,1.4926895866038265e-06,0.008725941354574914
2022-06-08,0.24289056052985317,0.32603031131269183,0.431079128157455,0.01738462267399858,-0.0059283299079060615,3.4769245347997164e-06,-0.0059318068324408614
2022-06-09,0.23760714501112495,0.31332512790060424,0.44906772708827075,0.017988598930815766,-0.006037036340236475,3.5977197861631532e-06,-0.006040634060022638
2022-06-10,0.23417073183429196,0.31549654616827344,0.4503327219974345,0.003436413176832978,-0.002706573207486721,6.872826353665956e-07,-0.0027072604901220874
2022-06-13,0.23265567382059005,0.3198155782983371,0.44752874788107266,0.004319032130063724,-0.030689324898127417,8.638064260127449e-07,-0.03069018870455343
2022-06-14,0.23246469589520793,0.3244406112081886,0.44309469289660336,0.004625032909851459,-0.008338914422536219,9.250065819702919e-07,-0.008339839429118189
2022-06-15,0.23280477927894827,0.31845708565081177,0.4487381350702399,0.00598352555737687,0.015116535865482665,1.196705111475374e-06,0.01511533916037119
2022-06-16,0.23704096228714217,0.3165345173460932,0.4464245203667646,0.004236183008193867,-0.0003128066230240617,8.472366016387734e-07,-0.0003136538596257005
2022-06-17,0.2349503527342252,0.3186396564975783,0.44640999076819654,0.0021051391514850526,-0.0021373906487323225,4.2102783029701054e-07,-0.0021378116765626196
2022-06-21,0.23496869778345225,0.3201830139141294,0.44484828830241835,0.0015617024657781642,-0.0011751113756500154,3.1234049315563287e-07,-0.0011754237161431711
2022-06-22,0.22986617584148178,0.3232525786884889,0.44688124547002933,0.005102521941970473,0.010253717568908749,1.0205043883940946e-06,0.010252697064520354
2022-06-23,0.23342685351962292,0.31432030824619955,0.45225283823417756,0.00893227044228935,0.0020983464431020516,1.78645408845787e-06,0.0020965599890135937
2022-06-24,0.22963337172979242,0.31670230328753113,0.4536643249826765,0.003793481789830508,0.0024639208247015636,7.586963579661016e-07,0.0024631621283435975
2022-06-27,0.2253988331215403,0.3161292691617467,0.458471897716713,0.004807572734036508,-0.004069228344476497,9.615145468073017e-07,-0.004070189859023304
2022-06-28,0.2251631575716187,0.31695223237846903,0.45788461004991216,0.0008229632167223722,-0.0038785212668482915,1.6459264334447443e-07,-0.003878685859491636
2022-06-29,0.22062310670066188,0.3134497410275874,0.4659271522717508,0.008042542221838561,0.004355573308746228,1.6085084443677123e-06,0.0043539648003018605
2022-06-30,0.22232951343027138,0.3106853696718765,0.46698511689785216,0.002764371355710879,-0.0019156521784568568,5.528742711421758e-07,-0.001916205052727999
2022-07-01,0.22169126223075397,0.3096163746426637,0.46869236312658225,0.0017072462287301277,0.005133907945756628,3.4144924574602553e-07,0.005133566496510882
2022-07-05,0.22204336546815726,0.308251874982927,0.4697047595489157,0.0013644996597367426,-0.007120936662871576,2.728999319473485e-07,-0.007121209562803523
2022-07-06,0.22649799264032505,0.3134197221594194,0.4600822852002557,0.009622474348660107,-0.011786416761631092,1.9244948697320214e-06,-0.011788341256500825
2022-07-07,0.22932605075774157,0.3136816153436908,0.4569923338985677,0.0030899513016879737,0.0009278618101491803,6.179902603375948e-07,0.0009272438198888427
2022-07-08,0.22696746433320622,0.31774757846598395,0.45528495720080986,0.004065963122293154,-0.003509517671612738,8.131926244586308e-07,-0.0035103308642371964
2022-07-11,0.22728560072230797,0.3169795146017667,0.4557348846759254,0.0007680638642172527,0.0004267352994510461,1.5361277284345053e-07,0.0004265816866782027
2022-07-12,0.22806820921611934,0.31349130200885755,0.45844048877502314,0.003488212592909143,-0.00185925429909809,6.976425185818286e-07,-0.0018599519416166717
2022-07-13,0.22709558560453277,0.3130669314690092,0.45983748292645804,0.001396994151434905,0.0045985831302706275,2.79398830286981e-07,0.00459830373144034
2022-07-14,0.22777394748232524,0.313350294439315,0.4588757580783597,0.0009617248480983109,-0.009555507041557549,1.9234496961966219e-07,-0.009555699386527169
2022-07-15,0.22849478571266216,0.31351211822483593,0.457993096062502,0.0008826620158577658,0.005210034068533758,1.7653240317155317e-07,0.005209857536130587
2022-07-18,0.22690519783354682,0.31291621254193447,0.4601785896245187,0.0021854935620167493,-0.004699478369412347,4.370987124033499e-07,-0.004699915468124751
2022-07-19,0.2263560473377422,0.3158297246882787,0.4578142279739791,0.0029135121463442215,0.00550514168689005,5.827024292688443e-07,0.005504558984460781
2022-07-20,0.22278803287206236,0.3171141059233918,0.4600978612045458,0.0035680144656798363,-0.0020737101225588744,7.136028931359673e-07,-0.0020744237254520102
2022-07-21,0.2224877733891658,0.3153588167603158,0.46215340985051845,0.0020555486459725852,0.014234833457303126,4.1110972919451704e-07,0.014234422347573931
2022-07-22,0.22377938841041833,0.31996375327483223,0.45625685831474944,0.005896551535768985,0.00444148005888751,1.179310307153797e-06,0.004440300748580356
2022-07-25,0.2253205760789379,0.3174357365684714,0.45724368735259074,0.0025280167063608527,-0.004084451397267771,5.056033412721706e-07,-0.004084957000609043
2022-07-26,0.22783875657391484,0.3147701280265915,0.4573911153994936,0.0026656085418798603,-0.0029966070507969917,5.331217083759721e-07,-0.0029971401725053678
2022-07-27,0.22431823517892913,0.3119961958117243,0.4636855690093467,0.006294453609853007,0.008794533119140246,1.2588907219706013e-06,0.008793274228418276
2022-07-28,0.22576493624514163,0.3146816304059708,0.45955343334888765,0.004132135660459044,0.01093658755039923,8.264271320918087e-07,0.010935761123267138
2022-07-29,0.22629456814054136,0.31795486598123707,0.4557505658782215,0.003802867470666077,0.0037161397072448007,7.605734941332155e-07,0.0037153791337506676
2022-08-01,0.2279308873905979,0.3167423817225639,0.45532673088683817,0.0016363192500565144,0.009533736957723544,3.272638500113029e-07,0.009533409693873533
2022-08-02,0.2362153174740068,0.3105058969429712,0.45327878558302204,0.008284430083408859,-0.010820267342331203,1.6568860166817718e-06,-0.010821924228347884
2022-08-03,0.23350744190801406,0.3048777024278099,0.461614855664176,0.008336070081153973,0.009582440092771576,1.6672140162307948e-06,0.009580772878755346
2022-08-04,0.23305275318756277,0.30335663860514134,0.46359060820729586,0.0019757525431198797,0.007408531468632821,3.9515050862397596e-07,0.007408136318124197
2022-08-05,0.23978275268457042,0.30450882719363354,0.4557084201217961,0.007882188085499814,-0.012778452278749151,1.5764376170999628e-06,-0.012780028716366252
2022-08-08,0.24708687110957378,0.3049848064114292,0.447928322478997,0.007780097642799064,0.008429976271095832,1.5560195285598129e-06,0.008428420251567273
2022-08-09,0.24821212350725824,0.30591308704915576,0.445874789443586,0.0020535330354110037,-0.0008105805698781156,4.1070660708220077e-07,-0.0008109912764851977
2022-08-10,0.2522220654637481,0.3014121414854004,0.44636579305085144,0.004500945563755326,0.0022077312148464107,9.001891127510654e-07,0.00220683102573366
2022-08-11,0.24898509980308922,0.30180704585070217,0.44920785434620863,0.003236965660658911,-0.008219991003011998,6.473931321317822e-07,-0.00822063839614413
2022-08-12,0.25050963720045655,0.29841027247765634,0.4510800903218871,0.003396773373045822,0.011415957847258767,6.793546746091645e-07,0.011415278492584158
2022-08-15,0.2478425735706815,0.2960600177722316,0.4560974086570868,0.005017318335199722,-0.005103430830431213,1.0034636670399444e-06,-0.005104434294098253
2022-08-16,0.2513381858419912,0.2983668412614034,0.4502949728966055,0.005802435760481367,0.0009447321648770374,1.1604871520962735e-06,0.0009435716777249411
2022-08-17,0.25039855075137296,0.2967713844431608,0.45283006480546617,0.002535091908860726,-0.007803926675368098,5.070183817721452e-07,-0.00780443369374987
2022-08-18,0.25226337507597374,0.296392004659775,0.4513446202642513,0.0018648243246007223,-8.547718769858327e-06,3.729648649201445e-07,-8.920683634778472e-06
2022-08-19,0.2625399014594923,0.2961966427071217,0.44126345583338605,0.010276526383518558,-0.011527771505180695,2.0553052767037117e-06,-0.011529826810457399
2022-08-22,0.2597623546042201,0.29145766199699835,0.4487799833987816,0.007516527565395559,-0.009367296519306277,1.5033055130791119e-06,-0.009368799824819356
2022-08-23,0.256199979554542,0.2946036300864112,0.4491963903590468,0.0035623750496780737,0.0008991552091242717,7.124750099356147e-07,0.0008984427341143361
2022-08-24,0.2579064041732633,0.2965434870762936,0.4455501087504432,0.003646281608603641,-3.095821470495454e-05,7.292563217207283e-07,-3.168747102667527e-05
2022-08-25,0.2562213043603011,0.29943134472190974,0.44434735091778915,0.002887857645616221,0.009151259177256506,5.775715291232442e-07,0.009150681605727384
2022-08-26,0.25605493383852224,0.297520585815073,0.44642448034640475,0.0020771294286155983,-0.011849864785534459,4.154258857231197e-07,-0.011850280211420181
2022-08-29,0.2522686152178103,0.30108193153227253,0.4466494532499171,0.0037863186207119093,-0.003882802747728683,7.572637241423818e-07,-0.0038835600114528255
2022-08-30,0.2562883528991972,0.29903056147879287,0.4446810856220101,0.0040197376813868035,-0.005779334211978923,8.039475362773607e-07,-0.0057801381595152
2022-08-31,0.25375247675703505,0.30336318693965786,0.4428843363033071,0.004332625460865075,-0.008252649346104417,8.66525092173015e-07,-0.00825351587119659
2022-09-01,0.2539873322616081,0.3022579830761559,0.44375468466223583,0.0011052038635018524,-0.008637615450572272,2.2104077270037048e-07,-0.008637836491344973
2022-09-02,0.2560867190212362,0.29591732148294514,0.4479959594958186,0.006340661593210839,0.002918147381578433,1.2681323186421678e-06,0.002916879249259791
2022-09-06,0.25767292152664334,0.2954970850211498,0.4468299934522068,0.0015862025054071416,-0.010900540728422618,3.172405010814283e-07,-0.0109008579689237
2022-09-07,0.2588294883904306,0.2929566905809361,0.4482138210286334,0.0025403944402137557,0.013840903438494707,5.080788880427512e-07,0.013840395359606664
2022-09-08,0.25852479326964933,0.2932727489919192,0.4482024577384316,0.0003160584109830611,-0.004008698493711648,6.321168219661222e-08,-0.0040087617053938445
2022-09-09,0.2593489809142335,0.2931813771017408,0.4474696419840257,0.0008241876445841956,0.007044370246242477,1.6483752891683912e-07,0.007044205408713561
2022-09-12,0.2622138632840322,0.29286218385021556,0.4449239528657523,0.002864882369798677,0.002666732266722767,5.729764739597354e-07,0.002666159290248807
2022-09-13,0.26598441042065235,0.2877096542507349,0.4463059353286128,0.005152529599480649,-0.016703034892363786,1.0305059198961298e-06,-0.01670406539828368
2022-09-14,0.251851504042303,0.2909109910211981,0.45723750493649895,0.014132906378349352,0.0002013645729425559,2.8265812756698706e-06,0.00019853799166688605
2022-09-15,0.25074235823412283,0.29176359032106036,0.4574940514448169,0.0011091458081801953,-0.01158136958409319,2.2182916163603907e-07,-0.011581591413254827
2022-09-16,0.25102837896362207,0.2973329115129922,0.45163870952338575,0.005855341921431112,-0.0018872948818409248,1.1710683842862224e-06,-0.001888465950225211
2022-09-19,0.2577402509567887,0.2921281517830724,0.4501315972601389,0.00671187199316664,0.0030274242180139102,1.3423743986333282e-06,0.003026081843615277
2022-09-20,0.25675405962679665,0.29164874672560476,0.4515971936475986,0.001465596387459689,-0.008432024026780872,2.931192774919378e-07,-0.008432317146058365
2022-09-21,0.2598819290419148,0.2925109546674911,0.4476071162905941,0.003990077357004518,0.0024454051334155402,7.980154714009036e-07,0.0024446071179441394
2022-09-22,0.25521196501737325,0.29957387586855166,0.4452141591140751,0.007062921201060557,-0.010054742558780425,1.4125842402121115e-06,-0.010056155143020638
2022-09-23,0.2573764745442064,0.2927647451169365,0.449858780338857,0.006809130751615128,-0.010888351400674269,1.3618261503230256e-06,-0.010889713226824593
2022-09-26,0.2671417889374793,0.2959041623592772,0.4369540487032435,0.012904731635613537,-0.013381018746720732,2.5809463271227073e-06,-0.013383599693047855
2022-09-27,0.2690955092847562,0.294529355102823,0.436375135612421,0.001953720347276783,-0.007547576428252771,3.9074406945535655e-07,-0.007547967172322227
2022-09-28,0.2754115241807252,0.28676000750385866,0.43782846831541605,0.007769347598964221,0.024121290312654767,1.5538695197928444e-06,0.024119736443134972
2022-09-29,0.2821793818116999,0.28600698973299865,0.4318136284553014,0.006767857630974677,-0.0074584847745036665,1.3535715261949356e-06,-0.007459838346029862
2022-09-30,0.2782704865855287,0.287892275775892,0.4338372376385794,0.003908895226171244,-0.00799194804042921,7.817790452342488e-07,-0.007992729819474445
2022-10-03,0.27741802438676016,0.28837626497959234,0.4342057106336475,0.0008524621987684999,0.022461694549066158,1.704924397537e-07,0.022461524056626405
2022-10-04,0.27489236186708843,0.29176575826157225,0.4333418798713393,0.003389493281979905,0.01391212541792759,6.77898656395981e-07,0.013911447519271192
2022-10-05,0.26611444071207074,0.2967675402467642,0.43711801904116504,0.008777921155017687,-0.005878010526862653,1.7555842310035375e-06,-0.005879766111093657
2022-10-06,0.2682169501122919,0.296338608085485,0.43544444180222314,0.0021025094002211364,-0.004904308154929291,4.205018800442273e-07,-0.004904728656809336
2022-10-07,0.26718122888488,0.297411031412207,0.435407739702913,0.0010724233267219996,-0.015113381963525893,2.1448466534439992e-07,-0.015113596448191238
2022-10-10,0.2624637803113457,0.30345169751101064,0.43408452217764365,0.00604066609880366,-0.013320235043161828,1.208133219760732e-06,-0.013321443176381589
2022-10-11,0.26543000006451767,0.30484297220086565,0.4297270277346165,0.004357494443027049,-0.0012161794546581173,8.714988886054098e-07,-0.0012170509535467228
2022-10-12,0.2644898518676673,0.3060342775945367,0.42947587053779585,0.0011913053936710438,0.0029265995429167374,2.3826107873420878e-07,0.002926361281838003
2022-10-13,0.26281124879294515,0.30392643276727577,0.4332623184397792,0.0037864479019832364,0.001028618800472933,7.572895803966474e-07,0.0010278615108925363
2022-10-14,0.26083282379947725,0.30552582214092255,0.4336413540596002,0.001978424993467842,-0.013867413495849513,3.9568499869356845e-07,-0.013867809180848206
2022-10-17,0.2593378698779786,0.30892399326918046,0.431738136852841,0.003398171128257882,0.006401582557507882,6.796342256515764e-07,0.00640090292328223
2022-10-18,0.2598466518380679,0.30879384183796327,0.43135950632396874,0.0005087819600893828,0.004705046511636921,1.0175639201787657e-07,0.004704944755244903
2022-10-19,0.25832375582326234,0.30817493445184024,0.4335013097248974,0.0021418034009286213,-0.013249380026736339,4.283606801857243e-07,-0.013249808387416524
2022-10-20,0.257723310023743,0.3087972494811866,0.43347944049507037,0.0006223150293463708,-0.008125306704568448,1.2446300586927417e-07,-0.008125431167574316
2022-10-21,0.2568851253489591,0.3107916392627827,0.43232323538825823,0.0019943897815960787,0.008348785176666988,3.988779563192158e-07,0.008348386298710668
2022-10-24,0.257084640256415,0.3150627376807466,0.4278526220628384,0.004470613325419814,-0.0008458741691047009,8.941226650839629e-07,-0.0008467682917697848
2022-10-25,0.2569490894840417,0.3152014255388332,0.42784948497712516,0.0001386878580865447,0.01425402447005478,2.7737571617308945e-08,0.014253996732483162
2022-10-26,0.26264578401577077,0.30189539252892694,0.4354588234553022,0.013306033009906154,0.00514188767274466,2.661206601981231e-06,0.0051392264661426785
2022-10-27,0.262855480051319,0.29832418820821877,0.43882033174046225,0.0035712043207082322,0.0010404565292749094,7.142408641416464e-07,0.0010397422884107677
2022-10-28,0.2648494926111801,0.2958870961704294,0.43926341121839046,0.002437092037789357,-0.0002180726725337966,4.874184075578714e-07,-0.00021856009094135446
2022-10-31,0.2586402294206949,0.30497082294083955,0.4363889476384656,0.009083726770410111,-0.007603639836140316,1.8167453540820223e-06,-0.007605456581494399
2022-11-01,0.257699436638977,0.3084830933300174,0.4338174700310056,0.0035122703891778684,0.006181717620201092,7.024540778355737e-07,0.006181015166123256
2022-11-02,0.25985218624832834,0.31134565692373795,0.4288021568279337,0.005015313203071914,-0.01086251568988235,1.0030626406143828e-06,-0.010863518752522965
2022-11-03,0.253077897214518,0.30926620673602484,0.437655896049457,0.008853739221523355,-0.005940637209885697,1.770747844304671e-06,-0.0059424079577300015
2022-11-04,0.2498857014497331,0.31284757612978475,0.4372667224204822,0.0035813693937598035,0.011763094650982448,7.162738787519607e-07,0.011762378377103696
2022-11-07,0.256797683345871,0.32734587368260215,0.4158564429715268,0.02141027944895535,-0.0024572255004724044,4.28205588979107e-06,-0.0024615075563621954
2022-11-08,0.2562451208104821,0.32705765842791323,0.4166972207616046,0.0008407777900777957,0.014584190187228431,1.6815555801555915e-07,0.014584022031670415
2022-11-09,0.2649635192507306,0.32984848381421633,0.40518799693505314,0.011509223826551507,-0.0064074689873343475,2.3018447653103014e-06,-0.006409770832099658
2022-11-10,0.2610560092324747,0.3353934932437642,0.4035504975237611,0.005545009429547915,0.0395358640255174,1.109001885909583e-06,0.03953475502363149
2022-11-11,0.25801408609619225,0.33442984250837854,0.4075560713954292,0.004005573871668111,0.003964162497792658,8.011147743336222e-07,0.003963361383018325
2022-11-14,0.25672373014362976,0.33357083331975873,0.40970543653661157,0.00214936514118233,-0.002105322542565604,4.29873028236466e-07,-0.002105752415593841
2022-11-15,0.2563195686821783,0.3341508476515379,0.4095295836662838,0.000580014331779205,0.009033042442275447,1.1600286635584102e-07,0.00903292643940909
2022-11-16,0.25689051258688483,0.33117184093369806,0.4119376464794171,0.0029790067178398494,0.004336523626595248,5.958013435679699e-07,0.00433592782525168
2022-11-17,0.25879834833192883,0.3258217841353756,0.4153798675326956,0.005350056798322483,-0.007248647883642105,1.0700113596644966e-06,-0.00724971789500177
2022-11-18,0.2591137963272165,0.32669014313306616,0.4141960605397173,0.0011838069929782646,-0.003925637116473132,2.3676139859565294e-07,-0.003925873877871728
2022-11-21,0.2612465486619859,0.3256056387739666,0.4131478125640474,0.002132752334769422,-0.0018870105991953129,4.265504669538845e-07,-0.0018874371496622668
2022-11-22,0.26116652510506344,0.32528083509077504,0.4135526398041615,0.00040482724011403626,0.008616265705809688,8.096544802280726e-08,0.008616184740361665
2022-11-23,0.2609085985794493,0.32366377643169963,0.415427624988851,0.0018749851846895094,0.009878148539071104,3.749970369379019e-07,0.009877773542034165
2022-11-25,0.2624495192315034,0.3224540964853874,0.41509638428310913,0.0015409206520540786,-0.0007954314219882064,3.0818413041081574e-07,-0.0007957396061186173
2022-11-28,0.26739611479489706,0.31894917554214125,0.4136547096629618,0.00494659556339358,-0.006637122665854857,9.89319112678716e-07,-0.006638111984967536
2022-11-29,0.26655991656472594,0.3203832654712241,0.4130568179640499,0.0014340899290829212,-0.0021739727766417103,2.8681798581658425e-07,-0.002174259594627527
2022-11-30,0.2671922634499297,0.3187529015545615,0.4140548349955088,0.0016303639166626305,0.016053323963249537,3.260727833325261e-07,0.016052997890466204
2022-12-01,0.26279505715597945,0.32171995278133186,0.4154849900626887,0.00439720629395024,0.017722832523989207,8.79441258790048e-07,0.01772195308273042
2022-12-02,0.26710224556729123,0.3169401763024192,0.4159575781302896,0.004779776478912673,0.002240150265909703,9.559552957825345e-07,0.0022391943106139203
2022-12-05,0.2678930840024798,0.3151503428158867,0.41695657318163337,0.0017898334865324161,-0.016387980195854815,3.5796669730648326e-07,-0.01638833816255212
2022-12-06,0.26674779593872466,0.3219859505402197,0.41126625352105556,0.006835607724332976,0.00142783712704481,1.3671215448665952e-06,0.0014264700054999434
2022-12-07,0.26633581705972886,0.3217438665127875,0.41192031642748356,0.000654062906427999,0.010851379957059136,1.308125812855998e-07,0.01085124914447785
2022-12-08,0.2682556502016306,0.3180374917210745,0.4137068580772949,0.0037063747917130685,0.0015781530327275948,7.412749583426137e-07,0.0015774117577692522
2022-12-09,0.26913319745288256,0.31736379564236716,0.41350300690475017,0.0008775472512519977,-0.008801000284756524,1.7550945025039957e-07,-0.008801175794206775
2022-12-12,0.27147325417901164,0.31197877898913995,0.4165479668318483,0.005385016653227215,0.001470539647329802,1.077003330645443e-06,0.0014694626439991567
2022-12-13,0.28068858118480483,0.3067198052480931,0.41259161356710206,0.009215327005793139,0.012134047519602368,1.8430654011586278e-06,0.01213220445420121
2022-12-14,0.2825424378191699,0.3082035074440308,0.40925405473679927,0.0033375588303027615,-0.0014858695172681555,6.675117660605523e-07,-0.001486537029034216
2022-12-15,0.2801883930112293,0.3045611640484803,0.41525044294029034,0.0059963882034910765,-0.012458715793612112,1.1992776406982153e-06,-0.012459915071252811
2022-12-16,0.27878819955529915,0.3090224763467267,0.41218932409797415,0.004461312298246339,-0.0031537643126388066,8.922624596492679e-07,-0.003154656575098456
2022-12-19,0.27912797479587853,0.30871598347548196,0.41215604172863957,0.0003397752405793486,-0.008716364425851459,6.795504811586972e-08,-0.008716432380899575
2022-12-20,0.27984345398745775,0.3068401488669851,0.4133163971455572,0.001875834608496857,0.0017931536321710148,3.751669216993714e-07,0.0017927784652493155
2022-12-21,0.2835375347154472,0.30767855523285753,0.40878391005169545,0.004532487093861809,0.0043359523670469385,9.064974187723618e-07,0.004335045869628166
2022-12-22,0.280689445299832,0.3131567572832839,0.4061537974168842,0.005478202050426428,-0.008973206359995576,1.0956404100852858e-06,-0.008974302000405662
2022-12-23,0.2798949851123572,0.3116933925320235,0.4084116223556193,0.002257824938735137,-0.0017350192970756993,4.5156498774702735e-07,-0.0017354708620634463
2022-12-27,0.27865850299690553,0.3112316626047049,0.41010983439838955,0.001698212042770264,-0.0037955737768632113,3.396424085540528e-07,-0.0037959134192717655
2022-12-28,0.2778927813586664,0.3142114702030722,0.40789574843826143,0.0029798075983672734,-0.007142835371922009,5.959615196734547e-07,-0.007143431333441683
2022-12-29,0.272498918203566,0.32067681745210574,0.4068242643443284,0.0064653472490334984,0.010822633811502646,1.2930694498066998e-06,0.01082134074205284
2022-12-30,0.2741298498683299,0.31926000112350056,0.40661014900816944,0.0016309316647640237,-0.002371216712241905,3.261863329528048e-07,-0.0023715428985748577
2023-01-03,0.2757114833305289,0.318991314579725,0.405297202089746,0.0015816334621990003,0.008319475736770133,3.163266924398001e-07,0.008319159410077692
2023-01-04,0.27631088295478445,0.3117311767076576,0.41195794033755795,0.007260137872067446,0.010281207427254664,1.4520275744134892e-06,0.01027975539968025
2023-01-05,0.28216256658166006,0.306469492843229,0.41136794057511106,0.005851683626875548,-0.007061330653129271,1.1703367253751096e-06,-0.007062500989854646
2023-01-06,0.28214268449278623,0.3089263497342035,0.4089309657730103,0.0024568568909745514,0.01980341776677827,4.913713781949103e-07,0.019802926395400076
2023-01-09,0.2829795045296371,0.3103136845390481,0.4067068109313148,0.002224154841695497,0.0024048834234419057,4.4483096833909943e-07,0.002404438592473567
2023-01-10,0.2873973143708203,0.3071093066827748,0.40549337894640497,0.004417809841183146,-0.0015766037552382246,8.835619682366291e-07,-0.0015774873172064612
2023-01-11,0.2854175661810255,0.304013918555993,0.4105685152629815,0.005075136316576551,0.008268790754865746,1.0150272633153103e-06,0.008267775727602431
2023-01-12,0.2856900106098863,0.30218826839952817,0.41212172099058547,0.0018256501564648253,0.01175513984406072,3.651300312929651e-07,0.011754774714029427
2023-01-13,0.2877246763756138,0.30009137000158803,0.4121839536227982,0.0020968983979401667,0.0032504897537421465,4.193796795880334e-07,0.0032500703740625586
2023-01-17,0.2925025733010757,0.29828453369133945,0.40921289300758473,0.0047778969254619885,-0.005142080774272809,9.555793850923978e-07,-0.005143036353657902
2023-01-18,0.2958959678460348,0.2952381272927974,0.40886590486116775,0.003393394544959044,0.0013081319606807714,6.786789089918089e-07,0.0013074532817717796
2023-01-19,0.300176334173877,0.2906593738259888,0.40916429200013416,0.004578753466808638,0.002488261234254696,9.157506933617277e-07,0.002487345483561334
2023-01-20,0.30245170815284766,0.29159914676956833,0.40594914507758395,0.003215146922550205,-0.000446873624060213,6.43029384510041e-07,-0.00044751665344472304
2023-01-23,0.298085240830369,0.2910664952806457,0.4108482638889851,0.004899118811401204,0.0029855268933655092,9.798237622802408e-07,0.002984547069603229
2023-01-24,0.296729711521469,0.29349765398388156,0.4097726344946495,0.0024311587032357362,0.0053847327874850925,4.862317406471473e-07,0.005384246555744445
2023-01-25,0.29809003610583995,0.2916297153238554,0.41028024857030465,0.0018679386600261305,0.0027077619797143118,3.735877320052261e-07,0.0027073883919823067
2023-01-26,0.2984722590280165,0.29186498718220044,0.40966275378978306,0.000617494780521588,-0.0017868434143151007,1.234989561043176e-07,-0.001786966913271205
2023-01-27,0.29842463916123774,0.29850303878229306,0.40307232205646915,0.006638051600092648,-0.0006291989004362787,1.3276103200185297e-06,-0.0006305265107562972
2023-01-30,0.29854234930161133,0.2994463311792236,0.4020113195191651,0.0010610025373040954,-0.005872115293129795,2.122005074608191e-07,-0.005872327493637256
2023-01-31,0.2971389892742208,0.300529827849617,0.40233118287616226,0.0014033600273905822,0.008234618095610382,2.8067200547811643e-07,0.008234337423604904
2023-02-01,0.29851361972338347,0.2980298533558158,0.4034565269208008,0.002499974493801238,0.011837485478469018,4.999948987602476e-07,0.011836985483570258
2023-02-02,0.2981476831138255,0.2977562327115948,0.4040960841745797,0.0006395572537789274,-0.0036603500611583654,1.2791145075578548e-07,-0.0036604779726091214
2023-02-03,0.3011882130785656,0.30338799257257104,0.3954237943488635,0.008672289825716273,-0.01760770110429635,1.7344579651432546e-06,-0.017609435562261494
2023-02-06,0.3131019587184816,0.30432215057179685,0.3825758907097215,0.012847903639141928,-0.0033725896911520727,2.5695807278283855e-06,-0.003375159271879901
2023-02-07,0.313763355428319,0.3033767457404476,0.38285989883123345,0.0009454048313493058,0.0020211598587979197,1.8908096626986116e-07,0.0020209707778316498
2023-02-08,0.3058376015336598,0.29851877169508556,0.39564362677125464,0.012783727940021222,-0.0009456033672686169,2.5567455880042447e-06,-0.0009481601128566212
2023-02-09,0.3040841505982641,0.29987924678910083,0.3960366026126352,0.0017534509353957506,-0.00861068072925077,3.506901870791501e-07,-0.008611031419437849
2023-02-10,0.29991046196668975,0.2961851358757358,0.40390440215757456,0.00786779954493938,-0.0018440147644241099,1.573559908987876e-06,-0.0018455883243330977
2023-02-13,0.3048525328678065,0.29229413183071545,0.402853335301478,0.004942070901116841,0.00399331670491702,9.884141802233682e-07,0.0039923282907367965
2023-02-14,0.32318049376515035,0.2827228558844259,0.3940966503504237,0.018327960897343842,-0.000502531156852063,3.6655921794687686e-06,-0.0005061967490315318
2023-02-15,0.32382803703639,0.28201892109342,0.39415304187019,0.0007039347910059446,-0.0055057279342463515,1.4078695820118892e-07,-0.005505868721204552
2023-02-16,0.3267762994215605,0.2817601661618391,0.39146353441660053,0.002948262385170458,-0.00881211153818322,5.896524770340916e-07,-0.008812701190660254
2023-02-17,0.32452365025383445,0.28269324651480227,0.3927831032313634,0.0022526491677260507,0.0025607317626886662,4.5052983354521015e-07,0.0025602812328551212
2023-02-21,0.32344670756402366,0.28644409894775774,0.39010919348821865,0.0037508524329555037,-0.013514178569773584,7.501704865911008e-07,-0.013514928740260175
2023-02-22,0.3185291337302919,0.28557011814772565,0.3959007481219825,0.005791554633763851,-4.945361580274265e-05,1.1583109267527703e-06,-5.0611926729495417e-05
2023-02-23,0.31863999884449756,0.2850307205309834,0.39632928062451905,0.0005393976167422376,0.0042699541517932735,1.0787952334844753e-07,0.004269846272269925
2023-02-24,0.31836701834897263,0.2839424602569346,0.3976905213940928,0.0013612407695737239,-0.009953659076887719,2.722481539147448e-07,-0.009953931325041633
2023-02-27,0.31984079215294636,0.2844329310681773,0.3957262767788763,0.001964244615216465,0.003429563879544561,3.92848923043293e-07,0.0034291710306215174
2023-02-28,0.31862432648419514,0.2870751349052138,0.39430053861059117,0.002642203837036422,0.0019231067157132141,5.284407674072844e-07,0.0019225782749458069
2023-03-01,0.3186771434233339,0.28721173119300597,0.3941111253836601,0.00018941322693100116,-0.002033154493175825,3.788264538620023e-08,-0.002033192375821211
2023-03-02,0.3218568754041327,0.2841998768345397,0.3939432477613276,0.0031797319807987945,-0.000247603050253859,6.35946396159759e-07,-0.00024823899665001877
2023-03-03,0.3206494325453404,0.28495112520787697,0.39439944224678264,0.001207442858792318,0.01627487525701498,2.414885717584636e-07,0.016274633768443222
2023-03-06,0.3332785791388461,0.27469732349157816,0.3920240973695756,0.01262914659350578,-0.0038762719506557856,2.525829318701156e-06,-0.0038787977799744867
2023-03-07,0.325084346685656,0.2814240887286094,0.3934915645857347,0.008194232453190231,-0.010135721903367041,1.6388464906380464e-06,-0.01013736074985768
2023-03-08,0.32477565070319414,0.28764383844251706,0.3875805108542888,0.006219749713907707,0.0006290961520340298,1.2439499427815416e-06,0.0006278522020912483
2023-03-09,0.3248961815342931,0.2841727422802735,0.39093107618543327,0.0034710961622435033,-0.001446358015749305,6.942192324487007e-07,-0.0014470522349817538
2023-03-10,0.3230367701604469,0.28789662198785215,0.3890666078517009,0.00372387970757862,0.013656700132382595,7.447759415157241e-07,0.013655955356441079
2023-03-13,0.32771609833418003,0.28612873168768405,0.3861551699781359,0.004679328173733094,0.00904492478564493,9.358656347466189e-07,0.009043988920010184
2023-03-14,0.3342142371830287,0.29051742754766985,0.3752683352693015,0.010886834708834447,-0.0014252325010106828,2.1773669417668896e-06,-0.0014274098679524496
2023-03-15,0.32922045169974923,0.29678960864227205,0.37398993965797867,0.0062721810946022305,0.006590655250888741,1.2544362189204462e-06,0.006589400814669821
2023-03-16,0.3332279931747181,0.2912534478503489,0.37551855897493297,0.00553616079192315,0.004326661100056249,1.1072321583846302e-06,0.004325553867897864
2023-03-17,0.32647197799472233,0.290752418618466,0.3827756033868118,0.007257044411878744,0.01169317159058179,1.4514088823757487e-06,0.011691720181699415
2023-03-20,0.33422102949552335,0.2962816141085836,0.36949735639589304,0.013278246990918702,0.000747942029780371,2.6556493981837404e-06,0.0007452863803821873
2023-03-21,0.33895009011737703,0.2894080360608089,0.371641873821814,0.006873578047774692,-0.005050871707059205,1.3747156095549384e-06,-0.00505224642266876
2023-03-22,0.3423261531187656,0.29314691453634695,0.3645269323448874,0.007114941476926595,0.004277634788378259,1.422988295385319e-06,0.0042762118000828735
2023-03-23,0.3403634804219359,0.2977809985964908,0.3618555209815732,0.004634084060143873,0.005457150467663156,9.268168120287746e-07,0.005456223650851127
2023-03-24,0.3375429494018688,0.3005864627315315,0.36187058786659976,0.002820531020067185,-0.0005856727405274468,5.641062040134371e-07,-0.0005862368467314603
2023-03-27,0.34163691305804034,0.300549496620271,0.35781359032168875,0.00409396365617154,-0.009733470679982864,8.18792731234308e-07,-0.009734289472714099
2023-03-28,0.3475195507571063,0.2922204381855392,0.36026001105735456,0.008329058434731751,0.002702154839898178,1.6658116869463504e-06,0.0027004890282112315
2023-03-29,0.34703365474802983,0.29481359263068857,0.3581527526212816,0.002593154445149376,0.0026752423763305687,5.186308890298752e-07,0.0026747237454415387
2023-03-30,0.34207513556905644,0.3004712964126622,0.3574535680182814,0.005657703781973611,0.006616701824692747,1.1315407563947221e-06,0.006615570283936352
2023-03-31,0.3446470311314627,0.29986434199997997,0.35548862686855737,0.002571895562406251,0.0074970417655475215,5.143791124812503e-07,0.0074965273864350404
2023-04-03,0.34727832185301033,0.2982207991426414,0.3545008790043483,0.0026312907215476355,0.005279779141719357,5.262581443095272e-07,0.005279252883575047
2023-04-04,0.3468507240590412,0.299905869244233,0.3532434066967257,0.0016850701015916625,0.006151515372099802,3.370140203183325e-07,0.006151178358079484
2023-04-05,0.34702543150185267,0.3055441889103901,0.3474303795877571,0.0058130271089685825,0.002008501647735925,1.1626054217937166e-06,0.0020073390423141313
2023-04-06,0.3465627662612102,0.3057317350763026,0.3477054986624873,0.0004626652406425902,-0.0003378039647284753,9.253304812851805e-08,-0.0003378964977766038
2023-04-10,0.3479796508163374,0.30370716963224365,0.34831317955141894,0.0020245654440589067,-0.007117574121802826,4.0491308881178136e-07,-0.007117979034891638
2023-04-11,0.354026128272756,0.2983723816335315,0.3476014900937126,0.006046477456418509,0.00290693203273666,1.2092954912837019e-06,0.002905722737245376
2023-04-12,0.35417756388267185,0.2988202590953471,0.3470021770219809,0.0005993130717315831,-5.564287154242054e-05,1.1986261434631662e-07,-5.576273415676686e-05
2023-04-13,0.35270690019034445,0.30228703134750495,0.34500606846215054,0.0034667722521578015,0.006972331495118382,6.933544504315604e-07,0.006971638140667951
2023-04-14,0.35261125025218293,0.30586988830670186,0.3415188614411153,0.0035828569591968285,-0.009707481742938104,7.165713918393657e-07,-0.009708198314329943
2023-04-17,0.35271866819012876,0.31175681922967824,0.33552451258019306,0.005994348860922233,-0.003937155880923466,1.1988697721844466e-06,-0.00393835475069565
2023-04-18,0.3522551677638558,0.3102871954051105,0.3374576368310338,0.0019331242508407176,0.0026449297243360623,3.866248501681435e-07,0.002644543099485894
2023-04-19,0.3518255587467506,0.31023805831001977,0.33793638294322953,0.00047874611219583807,-0.00197193205978604,9.574922243916762e-08,-0.001972027809008479
2023-04-20,0.35285561522336617,0.3162488285377359,0.3308955562388978,0.007040826704331704,0.002081359575130917,1.4081653408663408e-06,0.0020799514097900504
2023-04-21,0.35177501204426753,0.3136153842673286,0.334609603688404,0.0037140474495060416,-0.004797643599616575,7.428094899012083e-07,-0.004798386409106476
2023-04-24,0.3571189508334224,0.3146527115837414,0.32822833758283626,0.00638126610556769,0.004414134762017303,1.276253221113538e-06,0.004412858508796189
2023-04-25,0.36036516575706257,0.312339820867302,0.3272950133756354,0.003246214923640245,0.0005372788043612649,6.49242984728049e-07,0.0005366295613765368
2023-04-26,0.35513672290822806,0.31492605670527857,0.32993722038649326,0.005228442848834475,-0.00665478149764411,1.045688569766895e-06,-0.006655827186213877
2023-04-27,0.35570350034506953,0.31367263961593433,0.3306238600389961,0.0012534170893442609,0.003986865403704316,2.5068341786885217e-07,0.003986614720286447
2023-04-28,0.3502609742086721,0.3144002358726117,0.3353387899187162,0.005442526136397452,0.008151739498080735,1.0885052272794904e-06,0.008150650992853455
2023-05-01,0.350894683549294,0.31135234343109874,0.3377529730196074,0.003047892441513017,-0.010849042510171976,6.095784883026034e-07,-0.010849652088660278
2023-05-02,0.3596923601619732,0.2993463277560428,0.34096131208198394,0.012006015675055853,0.009996430772517564,2.4012031350111707e-06,0.009994029569382553
2023-05-03,0.36747500745104766,0.2946586914723779,0.33786630107657456,0.007782647289074379,0.001987244802696988,1.5565294578148758e-06,0.001985688273239173
2023-05-04,0.36728357588825594,0.2948139730120388,0.3379024510997051,0.00019143156279161078,-0.0031373604661466665,3.8286312558322154e-08,-0.0031373987524592247
2023-05-05,0.3671943131742633,0.28895129829237054,0.3438543885333661,0.005951937433660931,0.00045611370154929453,1.1903874867321863e-06,0.00045492331406256234
2023-05-08,0.35718968885537156,0.2902447501860573,0.35256556095857117,0.010004624318891792,-0.0035399603666737382,2.0009248637783583e-06,-0.0035419612915375165
2023-05-09,0.358762920852625,0.28828929830877487,0.3529477808386001,0.0019554518772824103,-0.00010363545716462162,3.9109037545648207e-07,-0.0001040265475400781
2023-05-10,0.3617992387294757,0.28779704360241803,0.35040371766810624,0.0030363178768507137,0.003982709439309706,6.072635753701428e-07,0.0039821021757343355
2023-05-11,0.36432793260442414,0.28610909331757167,0.34956297407800413,0.0025286938749484456,-0.0006108567980927081,5.057387749896891e-07,-0.0006113625368676978
2023-05-12,0.3661366715594079,0.28531189560724185,0.3485514328333502,0.0018087389549837352,-0.0034635849791794637,3.61747790996747e-07,-0.0034639467269704603
2023-05-15,0.3659334322608888,0.28600499827196,0.3480615694671512,0.0006931026647181149,-0.0009545727980584883,1.3862053294362298e-07,-0.0009547114185914319
2023-05-16,0.36838445789973795,0.2840144717846963,0.34760107031556575,0.0024510256388491636,-0.007659745257187652,4.902051277698327e-07,-0.007660235462315422
2023-05-17,0.3693930782526844,0.28592431642893645,0.344682605318379,0.002918464997186676,0.002457041091261051,5.836929994373352e-07,0.0024564573982616134
2023-05-18,0.36501861656859047,0.2872923916138865,0.347688991817523,0.004374461684093972,-0.0031228143973306486,8.748923368187945e-07,-0.0031236892896674673
2023-05-19,0.36849327363596973,0.2894750481654645,0.3420316781985658,0.005657313618957244,0.0008024764609947683,1.1314627237914488e-06,0.0008013449982709768
2023-05-22,0.3692899982416926,0.2900811274569782,0.3406288743013292,0.0014028038972365986,-0.0016804269950775178,2.805607794473197e-07,-0.001680707555856965
2023-05-23,0.376496867508063,0.289927413640585,0.3335757188513521,0.007206869266370347,-0.002990226542225052,1.4413738532740696e-06,-0.002991667916078326
2023-05-24,0.37235117978353177,0.2919569650995674,0.33569185511690086,0.004145687724531194,-0.006851035559995978,8.291375449062388e-07,-0.006851864697540884
2023-05-25,0.371815349220836,0.29388236199504614,0.3343022887841179,0.0019253968954787426,-0.0007262239263198839,3.8507937909574853e-07,-0.0007266090056989796
2023-05-26,0.3726417415265389,0.2955975794596201,0.3317606790138411,0.0025416097702768425,0.008539172693136404,5.083219540553685e-07,0.008538664371182348
2023-05-30,0.3699053673153454,0.29635252524280375,0.3337421074418508,0.0027363742111934097,0.005167727138533163,5.47274842238682e-07,0.005167179863690924
2023-05-31,0.3710277218854429,0.2952614081251572,0.3337108699893999,0.0011223545700974613,0.001029666227323336,2.2447091401949227e-07,0.0010294417564093166
2023-06-01,0.3700266438749695,0.2959940250986727,0.3339793310263577,0.001001078010473333,0.007314745549910294,2.002156020946666e-07,0.007314545334308199
2023-06-02,0.3693148929112156,0.2976075851712016,0.3330775219175829,0.0016135600725288024,-0.002832560752587214,3.2271201450576047e-07,-0.0028328834646017195
2023-06-05,0.3687069679322453,0.3040351812806668,0.3272578507870879,0.00642759610946525,0.000697428866520188,1.28551922189305e-06,0.0006961433472982949
2023-06-06,0.3680044017320511,0.30487338992690427,0.3271222083410446,0.0008382086462374594,0.002957334897867209,1.676417292474919e-07,0.0029571672561379612
2023-06-07,0.37084830659255014,0.29933091872527257,0.32982077468217735,0.005542471201631732,-0.009686752373055378,1.1084942403263465e-06,-0.009687860867295705
2023-06-08,0.37359340755770254,0.29786601356623915,0.32854057887605825,0.0027451009651524583,0.010084252747087016,5.490201930304916e-07,0.010083703726893985
2023-06-09,0.38418480028252006,0.29240992492260287,0.3234052747948771,0.010591392724817489,-0.0005799007994031903,2.118278544963498e-06,-0.0005820190779481538
2023-06-12,0.377857481081495,0.3029156919986677,0.31922682691983745,0.010505767076064765,0.004038919089732848,2.101153415212953e-06,0.004036817936317635
2023-06-13,0.3716829984320712,0.2992508550270438,0.32906614654088506,0.009839319621047643,-0.0029307204670018217,1.9678639242095287e-06,-0.002932688330926031
2023-06-14,0.3757129568877486,0.29957933023626965,0.3247077128759817,0.004358433664903294,0.003024781389484315,8.716867329806588e-07,0.003023909702751334
2023-06-15,0.3741864353734757,0.3033456304046021,0.32246793422192227,0.0037663001683324038,0.009820104829606269,7.532600336664808e-07,0.009819351569572603
2023-06-16,0.37886786456871613,0.3011484654546531,0.3199836699766307,0.004681429195240505,-0.00295257517794872,9.362858390481011e-07,-0.002953511463787768
2023-06-20,0.37168423212228785,0.2948139266319473,0.3335018412457649,0.013518171269134155,-0.0033402094349207724,2.703634253826831e-06,-0.003342913069174599
2023-06-21,0.3731218365338762,0.2960114027163549,0.3308667607497688,0.002635080495996034,-0.001673959010147916,5.270160991992069e-07,-0.0016744860262471151
2023-06-22,0.3706566366912951,0.2922601738404996,0.3370831894682052,0.00621642871843639,-0.005532561319720215,1.243285743687278e-06,-0.005533804605463902
2023-06-23,0.37856519434310804,0.28561257445395216,0.3358222312029398,0.007908557651812892,0.0009114858869901809,1.5817115303625785e-06,0.0009099041754598183
2023-06-26,0.3742507545889692,0.28332969191075097,0.34241955350027986,0.00659732229734003,-0.0006318228771344528,1.3194644594680062e-06,-0.0006331423415939209
2023-06-27,0.3721718866851508,0.2824473916556351,0.34538072165921413,0.0029611681589342964,0.0017564873998045093,5.922336317868593e-07,0.0017558951661727224
2023-06-28,0.36346937921267597,0.29242862137963793,0.34410199940768604,0.009981229724002866,0.0006364873302784602,1.9962459448005735e-06,0.0006344910843336597
2023-06-29,0.36294142040757277,0.2910630184203334,0.34599556117209374,0.0018935617644077196,-0.004193524514766233,3.787123528815439e-07,-0.004193903227119114
2023-06-30,0.37090186932526636,0.2827257880785388,0.34637234259619476,0.008337230341794594,0.010019520037932153,1.6674460683589187e-06,0.010017852591863793
2023-07-03,0.3683981092030747,0.2814918153081356,0.35011007548878975,0.003737732892594936,-0.0007791652850942978,7.475465785189873e-07,-0.0007799128316728168
2023-07-05,0.3716590866523286,0.28229788688067003,0.34604302646700136,0.004067049021788366,-0.004456714666946315,8.134098043576732e-07,-0.004457528076750672
2023-07-06,0.3712390377934414,0.28079277286442167,0.34796818934213697,0.0019251628751355832,-0.007915392548215588,3.8503257502711667e-07,-0.007915777580790614
2023-07-07,0.3646014887573502,0.27392543073672443,0.36147308050592547,0.013504891163788474,0.00014209452410413352,2.700978232757695e-06,0.00013939354587137582
2023-07-10,0.3650104364935547,0.27672377206128024,0.358265791445165,0.003207289060760371,0.0015677646676750306,6.414578121520743e-07,0.0015671232098628785
2023-07-11,0.36439738900349683,0.2762286718925676,0.35937393910393556,0.0011081476587705141,0.005087409652353824,2.2162953175410284e-07,0.00508718802282207
2023-07-12,0.3613626585213983,0.2794372601392133,0.3592000813393884,0.0032085882466456606,0.010882016663177906,6.417176493291321e-07,0.010881374945528577
2023-07-13,0.363827042007346,0.27983841706240975,0.35633454093024425,0.0028655404091441627,0.006084195064180773,5.731080818288326e-07,0.006083621956098945
2023-07-14,0.3640981172123773,0.27748880130539544,0.35841308148222717,0.002349615757014256,-0.0030028980343411774,4.6992315140285126e-07,-0.0030033679574925803
2023-07-17,0.3648501472161935,0.27322277586311916,0.36192707692068726,0.0042660254422763055,0.0016610397559754888,8.532050884552611e-07,0.0016601865508870336
2023-07-18,0.35862840976161453,0.2698014429385081,0.37157014729987736,0.009643070379190072,0.00814631214089932,1.9286140758380146e-06,0.00814438352682348
2023-07-19,0.35914904620948385,0.27404756877627745,0.36680338501423876,0.004766762285638632,0.003954389553647566,9.533524571277264e-07,0.003953436201190439
2023-07-20,0.3598060287097716,0.27181188387107685,0.3683820874191515,0.002235684905200541,-0.007552741908352708,4.4713698104010825e-07,-0.007553189045333748
2023-07-21,0.3588744468722314,0.27038259485856714,0.37074295826920145,0.0023608708500499065,-0.0010563125634872547,4.7217417000998134e-07,-0.0010567847376572648
2023-07-24,0.35961644423953215,0.2708405699621925,0.36954298579827527,0.0011999724709261528,-0.0009607258708659275,2.3999449418523056e-07,-0.0009609658653601127
2023-07-25,0.3576122929794509,0.2700202237857168,0.37236748323483243,0.0028244974365570774,0.0025434806229817034,5.648994873114155e-07,0.002542915723494392
2023-07-26,0.35725239447719126,0.27205864389236895,0.37068896163043974,0.0020384201066522556,0.0021323559696701457,4.0768402133045115e-07,0.002131948285648815
2023-07-27,0.3662618210878165,0.2713230978969727,0.3624150810152108,0.009009426610625232,-0.013400564901089138,1.8018853221250464e-06,-0.013402366786411263
2023-07-28,0.37146255135496736,0.27074151603182156,0.3577959326132112,0.005200730267150788,0.00788296446782983,1.0401460534301577e-06,0.0078819243217764
2023-07-31,0.38277812541147216,0.26804631489192426,0.3491755596966035,0.011315574056504879,0.002314187259791656,2.263114811300976e-06,0.0023119241449803553
2023-08-01,0.38241789434223705,0.27205091030998163,0.3455311953477813,0.004004595418057338,-0.009133752368054159,8.009190836114677e-07,-0.00913455328713777
2023-08-02,0.3779777102313261,0.28384669274652197,0.33817559702215194,0.011795782436540336,-0.0099064823377699,2.359156487308067e-06,-0.009908841494257208
2023-08-03,0.3613599017296842,0.292186018108582,0.3464540801617339,0.016617808501641962,-0.007892471710784629,3.3235617003283924e-06,-0.007895795272484957
2023-08-04,0.36643020182516484,0.28061034900057963,0.35295944917425565,0.011575669108002395,0.004590785934671308,2.3151338216004793e-06,0.004588470800849708
2023-08-07,0.37010486366665635,0.2733341940960666,0.3565609422372769,0.007276154904512916,-0.0002708301686484151,1.4552309809025833e-06,-0.0002722853996293177
2023-08-08,0.37601835673569717,0.26396971965833765,0.36001192360596507,0.009364474437728948,-0.0008524736842834872,1.8728948875457896e-06,-0.0008543465791710329
2023-08-09,0.37518288470543143,0.26515976330352753,0.35965735199104104,0.00119004364518982,-0.0028483710399367693,2.38008729037964e-07,-0.0028486090486658073
2023-08-10,0.37287335234175245,0.2644166172436137,0.36271003041463395,0.0030526784235928583,-0.004606701666455156,6.105356847185717e-07,-0.004607312202139875
2023-08-11,0.374494259340456,0.26190939022007415,0.36359635043946986,0.0025072270235395044,-0.0008211806909863887,5.014454047079009e-07,-0.0008216821363910966
2023-08-14,0.3720105080796499,0.2633341963936586,0.36465529552669146,0.0024837512608060774,0.0003649348481348262,4.967502521612155e-07,0.00036443809788266494
2023-08-15,0.37120880286566904,0.2645065976398741,0.36428459949445685,0.001172401246215482,-0.00690326547469586,2.3448024924309641e-07,-0.0069034999549451035
2023-08-16,0.36347998138437476,0.2684894688340731,0.36803054978155214,0.007728821481294279,-0.006893776267893682,1.545764296258856e-06,-0.0068953220321899406
2023-08-17,0.3606053562972722,0.2658370690069693,0.37355757469575857,0.0055270249142063965,-0.004455411296223628,1.1054049828412794e-06,-0.004456516701206469
2023-08-18,0.36252483582729883,0.26474998884651846,0.3727251753261828,0.0019194795300266076,0.001173271262710565,3.8389590600532155e-07,0.0011728873668045597
2023-08-21,0.3616480479746598,0.26073028546370086,0.37762166656163926,0.004896491235456518,-8.881021482103936e-05,9.792982470913038e-07,-8.978951306813067e-05
2023-08-22,0.358632284136961,0.25708757302755314,0.3842801428354857,0.0066584762738464975,0.0016354228723505768,1.3316952547692995e-06,0.0016340911770958075
2023-08-23,0.3588050210752709,0.25604781845603974,0.38514716046868924,0.001039754571513396,0.014255301719245089,2.0795091430267922e-07,0.014255093768330786
2023-08-24,0.3692330294619155,0.24676242804452136,0.3840045424935632,0.01042800838664451,-0.006830768268412803,2.085601677328902e-06,-0.006832853870090133
2023-08-25,0.36113728457294075,0.2478873743089627,0.3909753411180966,0.008095744888974757,0.0028500415387689914,1.6191489777949514e-06,0.0028484223897911965
2023-08-28,0.3595466580084888,0.2455777500181031,0.3948755919734081,0.003900250855311524,0.0036716349446960714,7.800501710623048e-07,0.003670854894525009
2023-08-29,0.3635749696772026,0.24470051828820766,0.3917245120345898,0.004028311668713785,0.011623262770073136,8.056623337427571e-07,0.011622457107739393
2023-08-30,0.3579308832179557,0.24866181509516697,0.3934073016868773,0.005644086459246869,0.002200391628028652,1.128817291849374e-06,0.002199262810736803
2023-08-31,0.358873406952146,0.24960971091711004,0.3915168821307441,0.0018904195561332965,-6.0929804945961596e-05,3.780839112266593e-07,-6.130788885718825e-05
2023-09-01,0.35952717922233746,0.24720385138253562,0.3932689693951269,0.0024058595345743533,-0.0029838949772411864,4.811719069148706e-07,-0.0029843761491481014
2023-09-05,0.36125788245856133,0.23786501564931753,0.4008771018921211,0.009338835733218087,-0.008168496945978099,1.8677671466436175e-06,-0.008170364713124743
2023-09-06,0.36245325099731646,0.23625277471603978,0.40129397428664376,0.0016122409332777615,-0.0036751212174048033,3.224481866555523e-07,-0.0036754436655914587
2023-09-07,0.36031694595416863,0.23804034874940044,0.4016427052964309,0.0021363050431478237,-1.6987751493810206e-05,4.2726100862956474e-07,-1.741501250243977e-05
2023-09-08,0.35446823415924666,0.23746935411944115,0.40806241172131225,0.006419706424881294,0.001580775394733733,1.2839412849762588e-06,0.0015794914534487568
2023-09-11,0.3478097993606221,0.2345323550541435,0.4176578455852344,0.00959543386392217,0.0013714346178651873,1.919086772784434e-06,0.0013695155310924029
2023-09-12,0.34661966382204523,0.23445113917992322,0.41892919699803155,0.0012713514127971615,-0.0027103645980062793,2.542702825594323e-07,-0.0027106188682888385
2023-09-13,0.3491909762077587,0.2340674418769886,0.4167415819152527,0.0025713123857134673,-0.0006052541690212789,5.142624771426935e-07,-0.0006057684314984216
2023-09-14,0.34843275422655673,0.23346590115961177,0.4181013446138316,0.001359762698578848,0.0015316496128365334,2.719525397157696e-07,0.0015313776602968177
2023-09-15,0.3452797344220161,0.23517920202115772,0.4195410635568262,0.003153019804540594,-0.0028227514056491463,6.306039609081188e-07,-0.0028233820096100542
2023-09-18,0.34396345359567765,0.23668385164387823,0.4193526947604442,0.001504649622720483,0.00402021642023402,3.009299245440966e-07,0.004019915490309476
2023-09-19,0.34625449795909413,0.23676850297961283,0.416976999061293,0.002375695699151137,-0.0028606849766434446,4.751391398302274e-07,-0.0028611601157832746
2023-09-20,0.3428008176717727,0.2340324275801499,0.42316675474807747,0.00618975568678444,-0.002113136768675754,1.2379511373568882e-06,-0.002114374719813111
2023-09-21,0.34023170773089545,0.23480053410525453,0.42496775816385,0.0025691099408772095,-0.014732156020934294,5.138219881754419e-07,-0.01473266984292247
2023-09-22,0.3310098855540579,0.22994892779638254,0.43904118664955954,0.014073428485709527,0.00251197333563633,2.8146856971419056e-06,0.0025091586499391885
2023-09-25,0.33281273770178327,0.2299567660621713,0.43723049623604543,0.0018106904135141155,-0.006511485623960287,3.621380827028231e-07,-0.00651184776204299
2023-09-26,0.33684529675902974,0.22366143439916283,0.4394932688418074,0.006295331663008455,-0.009238130015186502,1.2590663326016911e-06,-0.009239389081519103
2023-09-27,0.3352209863941137,0.22601327812507133,0.438765735480815,0.0023518437259084785,-0.006462178769295575,4.703687451816957e-07,-0.006462649138040757
2023-09-28,0.34082981330064854,0.23038436255917677,0.4287858241401747,0.009979911340640302,0.0005368771847548337,1.9959822681280605e-06,0.0005348812024867056
2023-09-29,0.3395502142516754,0.2343204245798493,0.4261293611684754,0.003936062020672482,-0.005176296304252245,7.872124041344964e-07,-0.00517708351665638
2023-10-02,0.3455628243500122,0.23621904196735957,0.4182181336826283,0.007911227485847064,-0.008482565226613965,1.5822454971694128e-06,-0.008484147472111134
2023-10-03,0.3503319064620669,0.2355917333172577,0.41407636022067534,0.004769082112054776,-0.010953373826350265,9.538164224109553e-07,-0.010954327642772675
2023-10-04,0.3459360108853208,0.23342790706444447,0.4206360820502347,0.00655972182955937,0.0057625612793342565,1.3119443659118742e-06,0.005761249334968344
2023-10-05,0.3461976581271761,0.23171354577652944,0.42208879609629446,0.0017143612879150505,-0.002059137016507654,3.428722575830101e-07,-0.002059479888765237
2023-10-06,0.343837990729444,0.23009170115077485,0.4260703081197811,0.003981512023486677,0.0034898201646103894,7.963024046973355e-07,0.003489023862205692
2023-10-09,0.3404309655010336,0.23159222404811755,0.42797681045084884,0.0034070252284104374,0.015483448189127893,6.814050456820875e-07,0.01548276678408221
2023-10-10,0.35539793563682315,0.23180201826453278,0.41280004609864407,0.015176764352204788,0.0008365430645956471,3.035352870440958e-06,0.0008335077117252062
2023-10-11,0.3492630106514351,0.22907974495234673,0.4216572443962182,0.008857198297574115,0.009294609050821634,1.771439659514823e-06,0.00929283761116212
2023-10-12,0.35518341357478495,0.22547836093996457,0.4193382254852505,0.005920402923349846,-0.009560823365871874,1.1840805846699693e-06,-0.009562007446456544
2023-10-13,0.3570033189911262,0.2192653983588927,0.4237312826499811,0.00621296258107186,0.015767143645831212,1.2425925162143721e-06,0.015765901053314997
2023-10-16,0.3881568803554457,0.23298751600835468,0.37885560363619963,0.04487567901378149,-0.0015088112797779745,8.9751358027563e-06,-0.0015177864155807308
2023-10-17,0.38394692089179216,0.23071034880850436,0.38534273029970345,0.006487126663503845,-0.0018456865071063448,1.297425332700769e-06,-0.0018469839324390456
2023-10-18,0.38372465166231257,0.23191884781859698,0.3843565005190905,0.0012084990100925952,-0.0015915562079050292,2.416998020185191e-07,-0.0015917979077070476
2023-10-19,0.3832843081958311,0.23687381178508454,0.37984188001908437,0.004954963966487577,-0.0035552078733689712,9.909927932975156e-07,-0.0035561988661622686
2023-10-20,0.3855881025903916,0.23652033103631112,0.3778915663732973,0.002303794394560507,-0.0023630691874644396,4.6075887891210145e-07,-0.002363529946343352
2023-10-23,0.3822837277192509,0.2369087815685643,0.3808074907121848,0.003304374871140686,0.0008976022536781746,6.608749742281373e-07,0.0008969413787039464
2023-10-24,0.3835133271144528,0.23433609438274797,0.38215057850279927,0.0025726871858163525,0.0059374144677635,5.145374371632705e-07,0.005936899930326337
2023-10-25,0.3816494462009408,0.2327146043742198,0.38563594942483936,0.0034853709220401125,-0.009035018778536325,6.970741844080226e-07,-0.009035715852720732
2023-10-26,0.3721636100821026,0.23030000992034538,0.39753637999755204,0.011900430572712672,-0.00029657538477141025,2.3800861145425345e-06,-0.0002989554708859528
2023-10-27,0.3723260516067516,0.22697378075164681,0.4007001676416015,0.0033262291686985135,0.0020080752615385692,6.652458337397027e-07,0.0020074100157048296
2023-10-30,0.37520206198633865,0.22885124625068853,0.3959466917629728,0.004753475878628732,0.001221758593126615,9.506951757257465e-07,0.0012208078979508892
2023-10-31,0.3669247996512838,0.231531097742504,0.4015441026062122,0.008277262335054866,-0.0010169364682337135,1.6554524670109734e-06,-0.0010185919207007245
2023-11-01,0.3700195227022398,0.23106673350855778,0.3989137437892026,0.0030947230509559415,0.007699424356934882,6.189446101911883e-07,0.00769880541232469
2023-11-02,0.366701452833228,0.23176909027935316,0.4015294568874188,0.0033180698690117028,0.013645740196339158,6.636139738023406e-07,0.013645076582365356
2023-11-03,0.35677902533638056,0.23367155416012064,0.4095494205034987,0.009922427496847408,0.006329413787022797,1.9844854993694815e-06,0.006327429301523427
2023-11-06,0.35661386445323906,0.2338680096980697,0.4095181258486912,0.0001964555379490307,-0.004639246936249406,3.929110758980614e-08,-0.0046392862273569955
2023-11-07,0.3569074440441904,0.23500121617235586,0.40809133978345374,0.0014267860652374675,0.0027903545501811707,2.853572130474935e-07,0.0027900691929681233
2023-11-08,0.35853462321186225,0.23262950884245762,0.40883586794568016,0.002371707329898262,0.00014996220824571495,4.7434146597965244e-07,0.0001494878667797353
2023-11-09,0.36124041620885194,0.23334334669966866,0.40541623709147945,0.003419630854200731,-0.006569581201974772,6.839261708401462e-07,-0.006570265128145612
2023-11-10,0.3619549867521808,0.2299111658392917,0.40813384740852754,0.003432180860376957,0.002482955443708583,6.864361720753915e-07,0.002482269007536508
2023-11-13,0.3588389265983044,0.23322417848351176,0.4079368949181838,0.003313012644220098,0.0014004870219461879,6.626025288440196e-07,0.0013998244194173438
2023-11-14,0.36261434865437314,0.23242307411609014,0.4049625772295367,0.0037754220560687196,0.01591545968070862,7.55084411213744e-07,0.01591470459629741
2023-11-15,0.3572117987703856,0.23166329517635367,0.41112490605326074,0.006162328823724014,-0.0035786459473874732,1.2324657647448028e-06,-0.003579878413152218
2023-11-16,0.3595319828913947,0.22983776718197566,0.41063024992662955,0.00232018412100915,0.007930272814920607,4.6403682420183004e-07,0.007929808778096405
2023-11-17,0.3623961909294912,0.23013053623242427,0.4074732728380844,0.0031569770885451487,0.0014848406034518229,6.313954177090298e-07,0.0014842092080341138
2023-11-20,0.36268574021354183,0.23089513614690677,0.4064191236395513,0.001054149198533097,0.003538374871464681,2.108298397066194e-07,0.0035381640416249746
2023-11-21,0.3616904623759312,0.23149351511295893,0.40681602251110993,0.0009952778376107058,0.0035023298764433938,1.9905556752214118e-07,0.0035021308208758716
2023-11-22,0.3621306391620632,0.2358973377862735,0.4019720230516633,0.00484399945944658,0.000518443240782508,9.68799891889316e-07,0.0005174744408906187
2023-11-24,0.36774657741805117,0.2344318686150312,0.39782155396691754,0.005615938255988023,-0.0004648703802257047,1.1231876511976046e-06,-0.0004659935678769023
2023-11-27,0.36963245880156503,0.23329998968851687,0.39706755150991807,0.0018858813835138377,0.005906682956763651,3.7717627670276755e-07,0.005906305780486948
2023-11-28,0.372195156545097,0.23097334164900846,0.39683150180589444,0.0025626977435320025,0.00611436577655307,5.125395487064006e-07,0.006113853237004364
2023-11-29,0.3788615422169026,0.23074284572457823,0.39039561205851914,0.006666385671805566,0.003211779475876772,1.3332771343611133e-06,0.003210446198742411
2023-11-30,0.3799029674234811,0.22918886276911635,0.3909081698074025,0.0015539829554618856,-0.00278089851954631,3.107965910923771e-07,-0.0027812093161374025
2023-12-01,0.38034083209621344,0.22874352139223963,0.39091564651154687,0.0004453413768766984,0.013309950904377883,8.906827537533968e-08,0.013309861836102508
2023-12-04,0.385059354999604,0.23100541235865346,0.3839352326417425,0.006980413869804358,-0.011238602423493716,1.3960827739608718e-06,-0.011239998506267676
2023-12-05,0.39133062029440857,0.23695567653835387,0.3717137031672375,0.012221529474505,0.003609182901441012,2.444305894901e-06,0.003606738595546111
2023-12-06,0.3945191851075626,0.2327572283544006,0.37272358653803667,0.004198448183953235,0.0028841159573435938,8.396896367906471e-07,0.002883276267706803
2023-12-07,0.3950510963426402,0.23169453001175655,0.3732543736456033,0.001062698342644136,0.0023011927689249425,2.1253966852882724e-07,0.0023009802292564135
2023-12-08,0.3936862564360433,0.23205296814822463,0.3742607754157321,0.0013648399065968597,-0.005199216612043237,2.7296798131937194e-07,-0.005199489580024556
2023-12-11,0.3975793889604775,0.23354368460877314,0.3688769264307493,0.005383848984982745,-0.003021065761831607,1.076769796996549e-06,-0.003022142531628604
2023-12-12,0.3998314345227742,0.2343549472621348,0.36581361821509106,0.0030633082156582975,0.0023224661205542264,6.126616431316595e-07,0.0023218534589110945
2023-12-13,0.3993066619737078,0.23441171195121976,0.36628162607507253,0.000524772549066424,0.01927056402911516,1.0495450981328481e-07,0.019270459074605346
2023-12-14,0.4048424368198287,0.2361912946285583,0.35896626855161307,0.007315357523459451,0.009547708806239124,1.4630715046918902e-06,0.009546245734734433
2023-12-15,0.41174711777843565,0.23012526795407628,0.3581276142674882,0.00690468095860694,-0.0037050672382941963,1.3809361917213882e-06,-0.0037064481744859177
2023-12-18,0.41249471043851443,0.23091896329191908,0.35658632626956643,0.0015412879979216643,0.00210128043000109,3.082575995843329e-07,0.0021009721724015054
2023-12-19,0.41235483428402775,0.2310681776880959,0.3565769880278763,0.0001492143961768222,0.006182200741789141,2.984287923536444e-08,0.0061821708989099056
2023-12-20,0.41550748292370643,0.23021805236305484,0.35427446471323853,0.0031526486396787484,-0.006127420260660985,6.305297279357497e-07,-0.0061280507903889204
2023-12-21,0.4151578961063566,0.23403838711589192,0.3508037167777515,0.003820334752836954,0.004935964445906197,7.640669505673908e-07,0.004935200378955629
2023-12-22,0.4141186376090252,0.23474311723279007,0.3511382451581848,0.0010392584973314412,0.001321605690659453,2.0785169946628824e-07,0.0013213978389599867
2023-12-26,0.4112417568424364,0.2394873570925857,0.3492708860649779,0.004744239859795649,0.005079111062821553,9.488479719591298e-07,0.0050781622148495945
2023-12-27,0.4190340462374225,0.23590319430042286,0.34506275946215464,0.007792289394986107,0.006503607130944306,1.5584578789972215e-06,0.006502048673065309
2023-12-28,0.4173631510044895,0.23297144084486143,0.3496654081506491,0.004602648688494457,-0.003567855061129556,9.205297376988914e-07,-0.0035687755908672546
2023-12-29,0.41836458463581244,0.2321871907946763,0.3494482245695112,0.00100143363132299,-0.0038530121010055,2.00286726264598e-07,-0.0038532123877317646
2024-01-02,0.4168014477779233,0.23027450815813047,0.35292404406394623,0.0034758194944350257,-0.004490744847076543,6.951638988870052e-07,-0.00449144001097543
2024-01-03,0.41194644514842443,0.2320529227996075,0.356000632051968,0.004855002629498825,-0.005364427344433218,9.710005258997652e-07,-0.005365398344959117
2024-01-04,0.41512225230103916,0.23552011882088766,0.34935762887807315,0.006643003173894893,-0.004564759483171049,1.3286006347789788e-06,-0.004566088083805828
2024-01-05,0.41607960183628384,0.23399953102767834,0.34992086713603787,0.001520587793209363,-0.001613074952410766,3.0411755864187266e-07,-0.001613379069969408
2024-01-08,0.4164345642309815,0.2331652909545478,0.3504001448144706,0.0008342400731304878,0.005506558751507504,1.6684801462609757e-07,0.005506391903492878
2024-01-09,0.4150645262698392,0.23578024748171975,0.349155226248441,0.0026149565271719605,-0.002021445756477489,5.229913054343921e-07,-0.002021968747782923
2024-01-10,0.4096023742997214,0.23635492230381883,0.3540427033964597,0.005462151970117804,0.0004055323896839278,1.092430394023561e-06,0.0004044399592899043
2024-01-11,0.40969257202051124,0.23616471056361144,0.3541427174158774,0.00019021174020744658,0.001844394087610854,3.804234804148932e-08,0.0018443560452628125
2024-01-12,0.4076262318569827,0.23883441540895503,0.35353935273406234,0.0026697048453435818,0.003275697027715678,5.339409690687163e-07,0.0032751630867466092
2024-01-16,0.40626590543084123,0.246133773484594,0.3476003210845648,0.007299358075639001,-0.009124666304305033,1.4598716151278002e-06,-0.00912612617592016
2024-01-17,0.39332724127079866,0.2363286005583854,0.370344158170816,0.022743837086251203,-0.006639899738526779,4.548767417250241e-06,-0.00664444850594403
2024-01-18,0.3948844679965025,0.23998048615535383,0.3651350458481436,0.005209112322672349,0.004287120556014195,1.0418224645344698e-06,0.004286078733549661
2024-01-19,0.39380011695153705,0.2417079250772857,0.3644919579711774,0.0017274389219317648,0.0067716294501331655,3.4548778438635297e-07,0.006771283962348779
2024-01-22,0.3937337605612445,0.23926695917155447,0.366999280267201,0.002507322296023712,0.0008700317791466251,5.014644592047424e-07,0.0008695303146874203
2024-01-23,0.3930156245540674,0.24132897886289642,0.36565539658303625,0.0020620196913418987,0.0006596626712274632,4.1240393826837975e-07,0.0006592502672891949
2024-01-24,0.40158113375764387,0.23729891292412483,0.3611199533182312,0.008565509203576543,-0.003929112582148772,1.7131018407153088e-06,-0.003930825683989487
2024-01-25,0.40310693732888275,0.23813789969203292,0.3587551629790842,0.00236479033914698,0.005172876809219759,4.72958067829396e-07,0.005172403851151929
2024-01-26,0.4034426524253525,0.23912616880376628,0.35743117877088126,0.0013239842082030245,-0.0012189928301649167,2.647968416406049e-07,-0.0012192576270065574
2024-01-29,0.4110467099950626,0.24067947701915354,0.3482738129857839,0.009157365785097363,0.008485264608163895,1.8314731570194725e-06,0.008483433135006876
2024-01-30,0.4198951867876546,0.238615754766513,0.3414890584458325,0.008848476792591972,0.002309968376795907,1.7696953585183946e-06,0.0023081986814373883
2024-01-31,0.41954716810222975,0.23636151019794155,0.3440913216998288,0.0026022632539963036,-0.004780132900474225,5.204526507992607e-07,-0.004780653353125024
2024-02-01,0.40639977968833246,0.2409824678131554,0.3526177524985121,0.013147388413897232,0.013713510004529686,2.6294776827794466e-06,0.013710880526846906
2024-02-02,0.4049068355794941,0.24076801620447025,0.3543251482160356,0.0017073957175235133,-0.004405127532695957,3.4147914350470265e-07,-0.004405469011839461
2024-02-05,0.40799388553399824,0.23909627075512058,0.35290984371088113,0.0030870499545041508,-0.008259804254343106,6.174099909008302e-07,-0.008260421664334007
2024-02-06,0.41943130898044023,0.23459331021507485,0.345975380804485,0.011437423446441941,0.005318238731426375,2.2874846892883884e-06,0.005315951246737087
2024-02-07,0.4221261618960109,0.2334028655571828,0.3444709725468064,0.0026948529155706308,0.0022998297227092963,5.389705831141262e-07,0.002299290752126182
2024-02-08,0.4186079628861705,0.23432576365295701,0.34706627346087243,0.003518199009840295,-0.0014906520866168954,7.03639801968059e-07,-0.0014913557264188634
2024-02-09,0.4173825167133424,0.2355094146227747,0.34710806866388283,0.0012254461728280902,0.0005909961423272074,2.4508923456561806e-07,0.0005907510530926418
2024-02-12,0.4136935759672719,0.23739741723084143,0.34890900680188663,0.0036889407460705265,-0.0008146421636639768,7.377881492141053e-07,-0.0008153799518131908
2024-02-13,0.4143374560267774,0.2424197613020861,0.34324278267113645,0.005666224130750172,-0.014593483644026111,1.1332448261500345e-06,-0.01459461688885226
2024-02-14,0.414445202831087,0.24084055777289318,0.3447142393960198,0.0015792035291929268,0.004786546378895879,3.158407058385854e-07,0.00478623053819004
2024-02-15,0.41208999326992585,0.24128165015767167,0.34662835657240243,0.0023552095611611285,0.006421763727540566,4.710419122322257e-07,0.006421292685628333
2024-02-16,0.42187671674348115,0.2408502068419147,0.3372730764146042,0.009786723473555262,-0.0022597285972963785,1.9573446947110524e-06,-0.0022616859419910896
2024-02-20,0.41834236113381496,0.24408799515803947,0.3375696437081457,0.003534355609666237,-4.547662933276344e-05,7.068711219332475e-07,-4.618350045469669e-05
2024-02-21,0.413195418317665,0.24592612560575344,0.3408784560765816,0.005146942816149941,-0.001355742649647709,1.0293885632299882e-06,-0.001356772038210939
2024-02-22,0.41349414665958095,0.24534890107286733,0.3411569522675518,0.0005772245328861392,0.009900736781107956,1.1544490657722784e-07,0.00990062133620138
2024-02-23,0.3986196466393996,0.2516158681753003,0.3497644851853001,0.014874500020181314,0.005619851918932423,2.974900004036263e-06,0.005616877018928387
2024-02-26,0.398808090943083,0.24826415461813492,0.3529277544387821,0.0033517135571653894,-0.002986987119579232,6.703427114330779e-07,-0.002987657462290665
2024-02-27,0.397452491173339,0.2484674357757995,0.35408007305086153,0.0013555997697440175,-0.001390158561296921,2.7111995394880353e-07,-0.0013904296812508696
2024-02-28,0.3964114164737776,0.24941073747942877,0.3541778460467936,0.0010410746995613562,0.0017001117453355977,2.0821493991227125e-07,0.0016999035303956855
2024-02-29,0.39416584593604714,0.2518512208622758,0.3539829332016771,0.0024404833828469696,0.005017506640355274,4.880966765693939e-07,0.005017018543678704
2024-03-01,0.3912847730894742,0.24940751864110697,0.3593077082694187,0.005324775067741691,0.012022281818392938,1.0649550135483384e-06,0.01202121686337939
2024-03-04,0.39533982837084686,0.2562182486568648,0.3484419229722884,0.010865785297130434,0.0041814499983354745,2.1731570594260868e-06,0.004179276841276048
2024-03-05,0.3981992454498764,0.26073345441998896,0.34106730013013475,0.00737462284215365,0.0017869908951465793,1.47492456843073e-06,0.0017855159705781486
2024-03-06,0.38766016122276464,0.2620125045910126,0.3503273341862228,0.010539084227111722,0.006379907060021622,2.1078168454223446e-06,0.0063777992431762
2024-03-07,0.380448974273806,0.2554092211566838,0.3641418045695103,0.01381447038328748,0.005606770492657108,2.762894076657496e-06,0.005604007598580451
2024-03-08,0.3747464717329343,0.26292425605807374,0.36232927220899186,0.007515034901390022,0.0003472754576496315,1.5030069802780044e-06,0.0003457724506693535
2024-03-11,0.37331217181962806,0.2667210084173062,0.3599668197630657,0.003796752359232436,0.0002001430916401363,7.593504718464872e-07,0.00019938374116828983
2024-03-12,0.37399822491724555,0.26688213627093277,0.3591196388118217,0.0008471809512440309,-0.002137205861323752,1.694361902488062e-07,-0.002137375297514001
2024-03-13,0.3699226219075835,0.2670673284425524,0.3630100496498641,0.004075603009662032,0.0006691235420869177,8.151206019324065e-07,0.0006683084214849852
2024-03-14,0.3672118937519516,0.264997129614976,0.36779097663307225,0.0047809269832082,-0.006330973614050943,9.561853966416402e-07,-0.0063319297994475846
2024-03-15,0.36940146960018305,0.2618695557467283,0.3687289746530886,0.003127573868247746,-0.0037989170594822054,6.255147736495492e-07,-0.003799542574255855
2024-03-18,0.3575698863907323,0.2625007277891641,0.37992938582010366,0.011831583209450797,0.0019430757665182584,2.3663166418901594e-06,0.0019407094498763682
2024-03-19,0.3499585276403331,0.27551208303152236,0.3745293893281445,0.013011355242358302,0.0022870762351956857,2.6022710484716606e-06,0.002284473964147214
2024-03-20,0.34733409008489713,0.27346175264256917,0.37920415727253365,0.0046747679443891466,0.007641353231667104,9.349535888778294e-07,0.007640418278078226
2024-03-21,0.34789918087984506,0.2772208972581707,0.3748799218619843,0.004324235410549382,0.0013571461788507908,8.648470821098764e-07,0.0013562813317686809
2024-03-22,0.3475565310451083,0.27702044759750605,0.37542302135738564,0.0005430994954013502,-0.001021553463226312,1.0861989908027004e-07,-0.0010216620831253922
2024-03-25,0.357825111106361,0.27303708376326785,0.36913780513037114,0.010268580061252697,-0.0011749423115122394,2.0537160122505396e-06,-0.0011769960275244899
2024-03-26,0.3585703252224175,0.2719856513199157,0.36944402345766686,0.0010514324433521793,0.0012887705244662784,2.1028648867043587e-07,0.001288560237977608
2024-03-27,0.3579087457311832,0.2721055074220381,0.3699857468467787,0.000661579491234271,0.008385346792002233,1.323158982468542e-07,0.008385214476103986
2024-03-28,0.35714618388496033,0.2707185030261329,0.37213531308890685,0.0021495662421281148,0.00450372282851858,4.29913248425623e-07,0.004503292915270155
2024-04-01,0.35670412669148255,0.28019037674763814,0.36310549656087937,0.009471873721505264,-0.0021370059906072668,1.894374744301053e-06,-0.002138900365351568
2024-04-02,0.35992624827855546,0.275193865550708,0.3648798861707365,0.004996511196930092,0.001585060662802236,9.993022393860186e-07,0.0015840613605628499
2024-04-03,0.361596807125341,0.27975508521489945,0.35864810765975963,0.006231778510976921,0.0034827424663255945,1.2463557021953843e-06,0.003481496110623399
2024-04-04,0.3641103474219455,0.27992359699448394,0.35596605558357064,0.00268205207618899,-0.0044780137770507045,5.36410415237798e-07,-0.0044785501874659425
2024-04-05,0.3597709170314672,0.27998951216810253,0.36023957080043034,0.004339430390478294,0.006026571260497087,8.678860780956588e-07,0.006025703374418992
2024-04-08,0.3621096334732122,0.28541657658786507,0.3524737899389227,0.007765780861507587,0.0023667272939844955,1.5531561723015175e-06,0.002365174137812194
2024-04-09,0.3614887364265839,0.28729803891439204,0.3512132246590241,0.001881462326526917,0.005021233302761279,3.762924653053834e-07,0.005020857010295973
2024-04-10,0.3658292473229441,0.2832724004007749,0.3508983522762811,0.004340510896360172,-0.013157551406615738,8.681021792720345e-07,-0.013158419508795009
2024-04-11,0.3679511021704292,0.2791820022622686,0.3528668955673022,0.004090398138506285,0.00836562306614282,8.18079627701257e-07,0.008364804986515118
2024-04-12,0.37231093656492475,0.28344600947380255,0.34424305396127286,0.008623841606029442,-0.008181777947603858,1.7247683212058885e-06,-0.008183502715925063
2024-04-15,0.36814355433326557,0.29067091527322736,0.34118553039350713,0.007224905799424863,-0.002732474925921426,1.4449811598849727e-06,-0.0027339199070813107
2024-04-16,0.3672260309715111,0.2922889972015224,0.3404849718269665,0.0016180819282950731,-0.002193644190682946,3.2361638565901466e-07,-0.002193967807068605
2024-04-17,0.36293158682078885,0.2950348788866738,0.34203353429253747,0.004294444150722276,-0.0013936946122364538,8.588888301444553e-07,-0.0013945535010665984
2024-04-18,0.3627879917450224,0.2911416233648265,0.3460703848901512,0.004036850597613717,-0.0010318678351306963,8.073701195227434e-07,-0.001032675205250219
2024-04-19,0.36359744542002986,0.29094866270379616,0.3454538918761739,0.0008094536750075376,-0.0010437435870959144,1.6189073500150753e-07,-0.0010439054778309158
2024-04-22,0.3654225873738162,0.2900675836034152,0.34450982902276867,0.0018251419537862745,-0.005633152902088582,3.6502839075725494e-07,-0.00563351793047934
2024-04-23,0.3731029115024869,0.3006607878709976,0.3262363006265155,0.018273528396253125,0.0037268205446735763,3.654705679250625e-06,0.0037231658389943255
2024-04-24,0.3687236388135384,0.3038776964834473,0.32739866470301426,0.004379272688948499,-0.002934357028051423,8.758545377896998e-07,-0.0029352328825892125
2024-04-25,0.36754933498768605,0.3025511437404765,0.3298995212718374,0.0025008565688231787,-0.0015508786350931407,5.001713137646358e-07,-0.0015513788064069054
2024-04-26,0.3676479104503575,0.30292147023266547,0.32943061931697704,0.00046890195486040676,0.0061384114343567,9.378039097208136e-08,0.006138317653965728
2024-04-29,0.3654781571522895,0.303260728297227,0.33126111455048346,0.0021697532980679834,0.0031647273462655882,4.339506596135967e-07,0.0031642933956059745
2024-04-30,0.36613733574820795,0.30390908384715776,0.32995358040463424,0.0013075341458492207,-0.014974111862919765,2.6150682916984414e-07,-0.014974373369748935
2024-05-01,0.3634756851350782,0.3142640574044649,0.32226025746045683,0.010354973557307134,0.004056518161554791,2.070994711461427e-06,0.004054447166843329
2024-05-02,0.3720470122846606,0.311471342384879,0.31648164533046047,0.008571327149582308,0.0038393825965179155,1.7142654299164618e-06,0.003837668331087999
2024-05-03,0.36923134940978014,0.31874736577293494,0.31202128481728486,0.007276023388055997,0.0075532966738305896,1.4552046776111995e-06,0.007551841469152979
2024-05-06,0.36227052473206983,0.3258240318673734,0.31190544340055676,0.0070766660944384385,0.008291170188178808,1.4153332188876878e-06,0.00828975485495992
2024-05-07,0.35483942741192415,0.33688518699102227,0.30827538559705353,0.011061155123648886,0.0010277331001021476,2.2122310247297774e-06,0.0010255208690774177
2024-05-08,0.35443926828294314,0.33898766538145714,0.3065730663355997,0.002102478390434842,-0.002922064476063235,4.2049567808696845e-07,-0.002922484971741322
2024-05-09,0.35671594092693804,0.3378747899558503,0.3054092691172117,0.002276672643994865,0.008522703528864839,4.55334528798973e-07,0.00852224819433604
2024-05-10,0.3578610118576588,0.34017640192451304,0.3019625862178281,0.0034466828993835463,0.0009963508069824247,6.893365798767093e-07,0.000995661470402548
2024-05-13,0.3590026900458706,0.3389674595218732,0.3020298504322563,0.001208942402639912,-0.002469989224776836,2.417884805279824e-07,-0.002470231013257364
2024-05-14,0.3608610013314705,0.34039813994715457,0.29874085872137507,0.003288991710881234,0.006104993096432847,6.577983421762468e-07,0.006104335298090671
2024-05-15,0.3611016884020976,0.34182873529346247,0.29706957630443986,0.0016712824169351215,0.012950602856186065,3.342564833870243e-07,0.012950268599702677
2024-05-16,0.362488512592117,0.3391366577770194,0.29837482963086354,0.00269207751644307,-0.0022388767234628477,5.38415503288614e-07,-0.002239415138966136
2024-05-17,0.36330128355347807,0.339712853708641,0.29698586273788097,0.0013889668929826238,0.003132780263708388,2.777933785965248e-07,0.0031325024703297913
2024-05-20,0.36668810640018856,0.3405475168194561,0.2927643767803553,0.004221485957525639,0.000594448971382031,8.442971915051279e-07,0.000593604674190526
2024-05-21,0.36824667653115967,0.33942617639025663,0.2923271470785837,0.0015585701309710764,0.0022242496254656534,3.117140261942153e-07,0.002223937911439459
2024-05-22,0.36791089075362216,0.3402611496474596,0.2918279595989183,0.00083497325720297,-0.006012740293771229,1.66994651440594e-07,-0.006012907288422669
2024-05-23,0.3863374718932096,0.3370080349467776,0.2766544931600128,0.018426581139587478,-0.010507877712522231,3.6853162279174957e-06,-0.010511563028750148
2024-05-24,0.38557011536775504,0.3466776762268931,0.2677522084053518,0.00966964128011552,0.0038267296360346642,1.9339282560231043e-06,0.003824795707778641
2024-05-28,0.3848344608690021,0.3468119464111524,0.26835359271984544,0.0007356544987529579,-0.0018816834626140862,1.4713089975059158e-07,-0.0018818305935138367
2024-05-29,0.3880817544096135,0.3425820899207104,0.2693361556696761,0.00422985649044208,-0.009369260369129929,8.45971298088416e-07,-0.009370106340428017
2024-05-30,0.38855595801266524,0.3422016259264179,0.26924241606091676,0.00047420360305178155,0.0012404900423295896,9.484072061035631e-08,0.0012403952016089793
2024-05-31,0.38757706085818,0.3417449980140675,0.2706779411277525,0.0014355250668356967,0.004263250905579752,2.8710501336713933e-07,0.004262963800566386
2024-06-03,0.38597415292468457,0.33971739612298857,0.2743084509523268,0.0036305098245743295,0.008255702261391315,7.261019649148659e-07,0.0082549761594264
2024-06-04,0.38883418296273214,0.33127552456512854,0.2798902924721393,0.008441871557860053,0.0017917746281394288,1.6883743115720108e-06,0.0017900862538278567
2024-06-05,0.3931072612589804,0.3313410891691848,0.2755516495718348,0.004338642900304501,0.010367623803465807,8.677285800609003e-07,0.010366756074885746
2024-06-06,0.3897952362622932,0.33356403153894737,0.2766407321987595,0.0033120249966872295,0.0015370954515196587,6.624049993374459e-07,0.0015364330465203213
2024-06-07,0.39328829564193346,0.3318484726765949,0.2748632316814717,0.0034930593796402842,-0.016374094583271857,6.986118759280569e-07,-0.016374793195147785
2024-06-10,0.41040469586423595,0.3313001874068899,0.2582951167288742,0.017116400222302514,0.0014275019398925753,3.423280044460503e-06,0.0014240786598481148
2024-06-11,0.41134457585790307,0.33083604152337837,0.25781938261871856,0.0009398799936671254,0.005148622453933035,1.8797599873342508e-07,0.005148434477934301
2024-06-12,0.4152645739309572,0.32638870719467566,0.25834671887436705,0.004447334328702673,0.006550688041030132,8.894668657405347e-07,0.006549798574164391
2024-06-13,0.4134521995690949,0.3264721822312865,0.2600756181996185,0.0018123743618622956,0.0035119154079788334,3.6247487237245916e-07,0.003511552933106461
2024-06-14,0.4137694329346572,0.3272861481203826,0.2589444189449602,0.0011311992546583494,0.00636153636247479,2.262398509316699e-07,0.006361310122623858
2024-06-17,0.4182000675099394,0.32499846362072193,0.2568014688693387,0.004430634575282172,-0.001231737285936946,8.861269150564344e-07,-0.0012326234128520026
2024-06-18,0.4188490413484373,0.3235695245510797,0.25758143410048295,0.0014289390696422266,0.005065212777751195,2.8578781392844533e-07,0.005064926989937267
2024-06-20,0.4206591710218068,0.32152052730556646,0.2578203016726268,0.0020489972455132732,-6.541022049014406e-05,4.0979944910265467e-07,-6.582001993924671e-05
2024-06-21,0.42392758805193487,0.31909272491258545,0.25697968703547974,0.00326841703012809,-0.004549865188722489,6.53683406025618e-07,-0.004550518872128515
2024-06-24,0.42590887475165345,0.3205726309661717,0.25351849428217466,0.0034611927533049758,0.0009153418501025201,6.922385506609952e-07,0.0009146496115518591
2024-06-25,0.4239655174742447,0.32201754506522445,0.2540169374605307,0.0019433572774087693,0.000918279389799851,3.886714554817539e-07,0.0009178907183443692
2024-06-26,0.423952573024432,0.3227252852740279,0.25332214170154005,0.0007077402088034035,-0.00641885854823066,1.415480417606807e-07,-0.006419000096272421
2024-06-27,0.42783357099076724,0.31848766956688684,0.2536787594423459,0.004237615707141068,0.004815467722306588,8.475231414282136e-07,0.0048146201991651595
2024-06-28,0.42973318536660754,0.3192168297456232,0.2510499848877693,0.002628774554576635,-0.007607031093061148,5.25754910915327e-07,-0.007607556847972064
2024-07-01,0.43236434604718926,0.3117144943209289,0.2559211596318819,0.007502335424694306,-0.003823414408132858,1.5004670849388614e-06,-0.003824914875217797
2024-07-02,0.4313035716867987,0.31216612207496847,0.2565303062382328,0.0010607743603905095,0.005321055177135433,2.121548720781019e-07,0.005320843022263355
2024-07-03,0.4310650963253888,0.3099376843463178,0.25899721932829345,0.002466913090060613,0.008913853552998284,4.933826180121226e-07,0.008913360170380271
2024-07-05,0.433032940208228,0.3070435055759899,0.259923554215782,0.0028941787703278266,0.00854456261826872,5.788357540655653e-07,0.008543983782514654
2024-07-08,0.44157976809216076,0.30335465125025196,0.2550655806575874,0.008546827883932656,-0.00199834636166644,1.7093655767865312e-06,-0.0020000557272432267
2024-07-09,0.4424314914864801,0.3045027396594481,0.2530657688540717,0.00199981180351555,-0.0004865376277549835,3.9996236070311e-07,-0.0004869375901156866
2024-07-10,0.44249384496779554,0.30385251704374605,0.25365363798845836,0.0006502226157020508,0.006261252318361697,1.3004452314041015e-07,0.006261122273838557
2024-07-11,0.4377266901702815,0.30727983231117867,0.25499347751853996,0.004767154797514134,0.003732783630010571,9.534309595028268e-07,0.0037318301990510684
2024-07-12,0.43494008802896594,0.3165352348232306,0.24852467714780335,0.009255402512052036,0.003941035082971014,1.851080502410407e-06,0.0039391840024686035
2024-07-15,0.43276749062630476,0.31465163486341785,0.25258087451027744,0.004056197362474007,-0.0016121113078781902,8.112394724948014e-07,-0.001612922547350685
2024-07-16,0.4452193175252518,0.3041776869156103,0.2506029955591379,0.012451826898947055,0.011924807635829223,2.490365379789411e-06,0.011922317270449434
2024-07-17,0.45483334892372734,0.3006499517986034,0.24451669927766928,0.009614031398475553,-0.007448807733637474,1.922806279695111e-06,-0.007450730539917169
2024-07-18,0.4408165912801351,0.30951267378880665,0.24967073493105835,0.014016757643592281,-0.007346659438323102,2.8033515287184564e-06,-0.00734946278985182
2024-07-19,0.43876422766407885,0.3108717821015602,0.25036399023436084,0.002052363616056152,-0.009234025659926592,4.104727232112304e-07,-0.009234436132649803
2024-07-22,0.4384921020164899,0.31392016078703383,0.2475877371964762,0.003048378685473613,0.0036868573325725233,6.096757370947226e-07,0.0036862476568354286
2024-07-23,0.44036230605622745,0.31269412649378575,0.24694356744998677,0.0018702040397375191,-0.00026099323534606073,3.7404080794750386e-07,-0.0002613672761540082
2024-07-24,0.4379326912102423,0.3081092413759003,0.2539580674138575,0.007014499963870671,-0.014144830300078558,1.4028999927741342e-06,-0.014146233200071332
2024-07-25,0.417188432894815,0.3175348473340983,0.2652767197710868,0.02074425831542731,-0.00372178683650714,4.148851663085462e-06,-0.0037259356881702253
2024-07-26,0.4174675066173784,0.32007945360828227,0.2624530397743394,0.0028236799967473747,0.00993801829164467,5.64735999349475e-07,0.00993745355564532
2024-07-29,0.4145791966063213,0.32266300020829763,0.2627578031853811,0.002888310011057077,0.0016094770837921449,5.776620022114154e-07,0.0016088994217899335
2024-07-30,0.41740838873430336,0.321034856180851,0.2615567550848455,0.002829192127982161,0.001733127310039975,5.658384255964322e-07,0.0017325614716143785
2024-07-31,0.4160314886638322,0.32333673964035936,0.2606317716958085,0.0023018834595082693,0.014790117876715941,4.603766919016539e-07,0.014789657500024039
2024-08-01,0.4178513091361285,0.32121646301275325,0.26093222785111836,0.002120276627606138,-0.004045101783413742,4.2405532552122764e-07,-0.004045525838739262
2024-08-02,0.40848137499205806,0.32567105297140087,0.265847572036541,0.009369934144070363,0.0020368426049448248,1.8739868288140728e-06,0.002034968618116011
2024-08-05,0.40706530492872056,0.3139960695555913,0.27893862551568827,0.013091053479147158,-0.013734247307090363,2.6182106958294317e-06,-0.013736865517786193
2024-08-06,0.3837632082062056,0.32904992092979557,0.2871868708639988,0.023302096722514903,-0.006119848119534706,4.660419344502981e-06,-0.0061245085388792085
2024-08-07,0.3902448689679033,0.31798720392191254,0.2917679271101842,0.011062717007883055,-0.005045333551190731,2.212543401576611e-06,-0.005047546094592308
2024-08-08,0.38914056354872817,0.31776333263179946,0.2930961038194725,0.0013281767092882535,0.011639205267137279,2.656353418576507e-07,0.01163893963179542
2024-08-09,0.37671061760132013,0.32646175286931467,0.2968276295293652,0.012429945947407983,0.005609266664094746,2.4859891894815967e-06,0.005606780674905265
2024-08-12,0.3759273438380198,0.3237145442226165,0.3003581119393636,0.003530482409998481,0.006524154235291473,7.060964819996963e-07,0.006523448138809473
2024-08-13,0.3771906824325843,0.32586343126516076,0.2969458863022549,0.0034122256371087734,0.008007961736860289,6.824451274217547e-07,0.008007279291732868
2024-08-14,0.3702296642163013,0.32764681997948303,0.30212351580421576,0.00696101821628306,0.0007585487831148099,1.3922036432566122e-06,0.0007571565794715534
2024-08-15,0.3706595131005519,0.32757083979472507,0.3017696471047231,0.00042984888425059986,0.004656721367839426,8.596977685011997e-08,0.004656635398062576
2024-08-16,0.365732530289196,0.32943635357539375,0.30483111613541025,0.004926982811355868,0.008798095649608172,9.853965622711735e-07,0.0087971102530459
2024-08-19,0.3692556690989429,0.33236093978524384,0.29838339111581325,0.006447725019597006,0.004576722154718977,1.2895450039194013e-06,0.004575432609715058
2024-08-20,0.36524044928074206,0.33259241637602055,0.3021671343432374,0.004015219818200855,0.003165241908036097,8.03043963640171e-07,0.0031644388640724567
2024-08-21,0.36531603661684325,0.3322106642911338,0.3024732990920228,0.000381752084886694,0.0010540423968985147,7.635041697733881e-08,0.0010539660464815375
2024-08-22,0.36509081381006464,0.33249322834148887,0.30241595784844655,0.0002825640503549831,-0.009787329603333547,5.6512810070996624e-08,-0.009787386116143618
2024-08-23,0.3633662517722233,0.32956366873186915,0.3070700794959076,0.00465412164746104,0.009566407127902368,9.308243294922081e-07,0.009565476303572877
2024-08-26,0.3599363642502995,0.3280647930763097,0.31199884267339073,0.0049287631774831975,-0.0006964817195889159,9.857526354966395e-07,-0.0006974674722244126
2024-08-27,0.36050861320341304,0.32764912547582065,0.3118422613207662,0.0005722489531135577,0.000771514116476797,1.1444979062271155e-07,0.0007713996666861743
2024-08-28,0.357498171246507,0.33133765134061804,0.31116417741287494,0.003688525864797343,-0.004667752522445611,7.377051729594686e-07,-0.004668490227618571
2024-08-29,0.3557324047277774,0.33420661105195726,0.31006098422026535,0.002868959711339214,0.0005443678723411835,5.737919422678428e-07,0.0005437940803989156
2024-08-30,0.35675631478780323,0.33442934758216025,0.30881433763003663,0.0012466465902287727,-0.002361109603640058,2.4932931804575453e-07,-0.002361358932958104
2024-09-03,0.35793442088536587,0.33245704016439176,0.3096085389502424,0.0019723074177684374,-0.0032672242338454924,3.944614835536875e-07,-0.003267618695329046
2024-09-04,0.3477122539688615,0.3372884868988783,0.31499925913226023,0.010222166916504377,0.0038274524070257073,2.0444333833008754e-06,0.0038254079736424066
2024-09-05,0.34699116677810793,0.33606749150108856,0.3169413417208036,0.0019420825885433646,0.0036977861666412635,3.884165177086729e-07,0.0036973977501235547
2024-09-06,0.3487078495141431,0.33465110149285965,0.3166410489929973,0.0017166827360352022,-0.00824639306279579,3.4333654720704045e-07,-0.008246736399342997
2024-09-09,0.34286718860356813,0.33808756820726926,0.3190452431891625,0.005840660910574891,0.006640831703326855,1.1681321821149783e-06,0.00663966357114474
2024-09-10,0.3243201494409167,0.3340376691507859,0.3416421814082974,0.022596938219134832,0.005255834548740105,4.519387643826966e-06,0.005251315161096277
2024-09-11,0.323208646202537,0.3344173942193376,0.3423739595781255,0.0011115032383797463,0.00250548261441641,2.2230064767594928e-07,0.002505260313768734
2024-09-12,0.32091874484340777,0.33671337755092606,0.3423678776056661,0.002295983331588536,0.007144698853143175,4.591966663177072e-07,0.007144239656476857
2024-09-13,0.32353761970352474,0.3394538805292432,0.33700849976723213,0.005359377838434043,0.005956074236685011,1.0718755676868087e-06,0.005955002361117324
2024-09-16,0.321067750552033,0.343053309416554,0.3358789400314131,0.0035994288873107683,0.0035892518152260957,7.198857774621537e-07,0.0035885319294486338
2024-09-17,0.31994605925399494,0.3415058969202674,0.3385480438257377,0.00266910379432464,-0.0033931997863527012,5.33820758864928e-07,-0.0033937336071115662
2024-09-18,0.32004704672039824,0.342983703585414,0.3369692496941878,0.001578794131549932,-0.007798974305755031,3.157588263099864e-07,-0.007799290064581341
2024-09-19,0.32197667924308193,0.3413031285922213,0.3367201921646968,0.0019296325226837163,0.009596352152419699,3.8592650453674327e-07,0.009595966225915162
2024-09-20,0.31764680341042467,0.34533956799957755,0.3370136285899977,0.004329875832657232,0.002412535058045528,8.659751665314464e-07,0.0024116690828789966
2024-09-23,0.3160990408718707,0.3429653487824898,0.34093561034563946,0.003921981755641735,0.0007230150397083052,7.843963511283469e-07,0.0007222306433571769
2024-09-24,0.31629852684716875,0.3427998659648671,0.3409016071879642,0.00019948597529800827,0.005597599219705927,3.9897195059601654e-08,0.005597559322510867
2024-09-25,0.31731888562827837,0.3437493611990961,0.33893175317262564,0.0019698540153385846,-0.004025555348541034,3.939708030677169e-07,-0.0040259493193441015
2024-09-26,0.31442682426463214,0.34571337103574035,0.33985980469962757,0.002892061363646198,0.0037881901290315943,5.784122727292396e-07,0.003787611716758865
2024-09-27,0.31343282108223786,0.34512309614906034,0.34144408276870175,0.0015842780690742408,-0.001369249112490315,3.168556138148482e-07,-0.0013695659681041297
2024-09-30,0.31056783824562817,0.3547310053915008,0.33470115636287096,0.009607909242440482,-0.0031242938567673556,1.9215818484880966e-06,-0.0031262154386158436
2024-10-01,0.3076016846052834,0.3637654821544425,0.32863283324027415,0.009034476762941612,0.0033185545051555897,1.8068953525883225e-06,0.0033167476098030016
2024-10-02,0.3071178158074932,0.3652209232176412,0.3276612609748656,0.0014554410631987535,-0.002881461195438834,2.910882126397507e-07,-0.002881752283651474
2024-10-03,0.3060516148464796,0.36533313800261547,0.32861524715090495,0.0010662009610136192,-0.004228517610234072,2.1324019220272384e-07,-0.0042287308504262745
2024-10-04,0.305915531769366,0.3621764881783773,0.33190798005225675,0.0032927329013517914,-0.002337660248716298,6.585465802703583e-07,-0.0023383187952965684
2024-10-07,0.3048796916553413,0.35630456618186584,0.33881574216279287,0.00690776211053612,-0.006588919086394892,1.381552422107224e-06,-0.006590300638816999
2024-10-08,0.30411228648908206,0.35638685351688915,0.3395008599940287,0.0007674051662591719,0.0009746729781463194,1.534810332518344e-07,0.0009745194971130675
2024-10-09,0.3049760651108201,0.35737490946827766,0.3376490254209023,0.0018518345731264596,-0.0017581825258919691,3.7036691462529193e-07,-0.0017585528928065945
2024-10-10,0.3029227206078717,0.3555856625820119,0.34149161681011647,0.003842591389214167,0.0005845473018260775,7.685182778428335e-07,0.0005837787835482347
2024-10-11,0.3037311308608979,0.35570989589576185,0.3405589732433403,0.0009326435667761923,0.0040986166911149155,1.8652871335523848e-07,0.00409843016240156
2024-10-14,0.3027587824254187,0.3600184981562188,0.3372227194183624,0.004308602260457012,0.002195593798538985,8.617204520914024e-07,0.0021947320780868937
2024-10-15,0.29639656729920827,0.3611496905412427,0.34245374215954916,0.006362215126210546,0.0032755662988248734,1.2724430252421093e-06,0.0032742938557996314
2024-10-16,0.30026152788623056,0.3557424475246788,0.34399602458909073,0.005407243016563867,0.004524751915023264,1.0814486033127736e-06,0.004523670466419952
2024-10-17,0.30015575704582725,0.3559198800690049,0.34392436288516776,0.00017743254432617261,-0.003553482380806579,3.548650886523452e-08,-0.0035535178673154443
2024-10-18,0.29950415439863526,0.3446941546149772,0.3558016909863876,0.011877328101219747,0.005187269071687667,2.3754656202439495e-06,0.005184893606067423
2024-10-21,0.3016539899674672,0.34530463385945215,0.35304137617308073,0.0027603148133068522,-0.006598544674504201,5.520629626613705e-07,-0.006599096737466862
2024-10-22,0.3051020595161003,0.33790961639186684,0.3569883240920328,0.007395017467585252,0.004018596905842143,1.4790034935170505e-06,0.004017117902348626
2024-10-23,0.31489513368088096,0.33618019592760945,0.34892467039150965,0.00979307416478059,-0.007992397304301667,1.9586148329561183e-06,-0.007994355919134624
2024-10-24,0.3115302039218458,0.3365433341654843,0.35192646191266985,0.0033649297590351013,0.0055379008671204745,6.729859518070203e-07,0.005537227881168667
2024-10-25,0.31278525897252824,0.3354992574990144,0.3517154835284574,0.0012550550506824076,-0.0012674182252325555,2.5101101013648155e-07,-0.001267669236242692
2024-10-28,0.31262103928941626,0.33524707328723286,0.3521318874233508,0.00041640389489344676,7.080041548624046e-05,8.328077897868936e-08,7.071713470726178e-05
2024-10-29,0.3124759775335469,0.3343268241274092,0.3531971983390439,0.001065310915693063,0.004863063610479007,2.1306218313861258e-07,0.004862850548295868
2024-10-30,0.31357475384370603,0.3319963925499351,0.35442885360635884,0.0023304315774740902,0.001976906373467334,4.6608631549481805e-07,0.001976440287151839
2024-10-31,0.31713967416930483,0.3311896235696395,0.35167070226105573,0.0035649203255987694,-0.011128056390096747,7.129840651197539e-07,-0.011128769374161867
2024-11-01,0.30633492894526737,0.3643928895843877,0.32927218147034487,0.03320326601474827,-0.0051950558997385515,6.640653202949654e-06,-0.005201696552941501
2024-11-04,0.32855775275305277,0.3460520758693171,0.3253901713776301,0.022222823807785397,0.0051275963161075905,4.444564761557079e-06,0.005123151751346033
2024-11-05,0.32531168204630867,0.3502649239047702,0.3244233940489211,0.004212848035453104,0.00652546790548395,8.425696070906208e-07,0.006524625335876859
2024-11-06,0.32391277661040746,0.3510674794582288,0.3250197439313638,0.0013989054359012376,-0.011437220737900797,2.7978108718024756e-07,-0.011437500518987977
2024-11-07,0.3426733159745846,0.3420814988085476,0.31524518521686784,0.018760539364177153,0.012003234863418501,3.752107872835431e-06,0.011999482755545667
2024-11-08,0.34506759400840453,0.34303012635497965,0.31190227963661576,0.0033429055802520202,0.0037400988836555123,6.685811160504041e-07,0.003739430302539462
2024-11-11,0.3452247797935997,0.33702979060323823,0.31774542960316216,0.006000335751741498,-0.008768702522142279,1.2000671503482997e-06,-0.008769902589292626
2024-11-12,0.3570639580073743,0.34094809048416524,0.3019879515084605,0.015757478094701627,-0.008827802219479007,3.1514956189403254e-06,-0.008830953715097947
2024-11-13,0.35863982656664256,0.3375188797845806,0.3038412936487768,0.0034292106995846283,-0.0060905314799614575,6.858421399169257e-07,-0.0060912173221013746
2024-11-14,0.36752746900764893,0.3340903680742023,0.29838216291814884,0.008887642441006344,-0.001207135296944735,1.777528488201269e-06,-0.0012089128254329363
2024-11-15,0.3612901617338738,0.330014434425139,0.30869540384098726,0.010313240922838418,-0.0060515980047873685,2.062648184567684e-06,-0.006053660652971936
2024-11-18,0.35737756851220803,0.33257886658259683,0.3100435649051952,0.003912593221665761,0.007952019991142176,7.825186443331522e-07,0.007951237472497843
2024-11-19,0.35967688332256575,0.33775426994613184,0.3025688467313024,0.007474718173892753,0.005747263921272538,1.4949436347785505e-06,0.00574576897763776
2024-11-20,0.36077584791661116,0.3374450863787359,0.3017790657046529,0.0010989645940454318,0.0007430798561791966,2.1979291880908636e-07,0.0007428600632603875
2024-11-21,0.3606421567035441,0.33674531189132867,0.3026125314051272,0.0008334657004742951,0.004198905683640451,1.6669314009485904e-07,0.004198738990500356
2024-11-22,0.3614996929059891,0.3365198309256927,0.30198047616831813,0.000857536202445025,0.005199880857489696,1.71507240489005e-07,0.005199709350249207
2024-11-25,0.36308702244035257,0.33764790500172925,0.2992650725579182,0.0027154036103999857,0.0011565537581079924,5.430807220799972e-07,0.0011560106773859124
2024-11-26,0.3809952952838939,0.32823838719307,0.2907663175230361,0.017908272843541323,0.001278729225742156,3.5816545687082647e-06,0.0012751475711734479
2024-11-27,0.3816194875590686,0.3270450983353781,0.29133541410555325,0.0011932888576918765,0.0017571630403299466,2.386577715383753e-07,0.0017569243825584081
2024-11-29,0.3815537513422364,0.32610113271504154,0.29234511594272206,0.0010097018371687805,0.008257478167871866,2.019403674337561e-07,0.008257276227504433
2024-12-02,0.38306610738411967,0.32511508688142393,0.29181880573445634,0.0015123560418832949,-0.001086948403744359,3.02471208376659e-07,-0.0010872508749527356
2024-12-03,0.3968716375884429,0.3227432900148753,0.28038507239668176,0.013805530204323235,-0.0020365089448779582,2.761106040864647e-06,-0.0020392700509188227
2024-12-04,0.3957194824893366,0.3252405337909751,0.27903998371968847,0.0024972437760997224,0.006798625691395172,4.994487552199445e-07,0.006798126242639952
2024-12-05,0.3963236819404545,0.3228753658327533,0.2808009522267923,0.002365167958221781,-0.0020771713784785107,4.730335916443562e-07,-0.002077644412070155
2024-12-06,0.4098241574203454,0.31554648497569265,0.274629357603962,0.013500475479890917,0.00134737370822888,2.7000950959781836e-06,0.0013446736131329019
2024-12-09,0.41324260922661676,0.3139016731696174,0.2728557176037658,0.0034184518062713998,-0.0023146743447384713,6.8369036125428e-07,-0.0023153580350997256
2024-12-10,0.41224349169126284,0.3151070903506101,0.272649417958127,0.0012054171809926795,0.0008250742892704061,2.410834361985359e-07,0.0008248332058342076
2024-12-11,0.4160822419575297,0.31442598116131854,0.26949177688115183,0.0038387502662667883,0.0028131514880110433,7.677500532533577e-07,0.00281238373795779
2024-12-12,0.41550659207997703,0.3116029720945805,0.2728904358254425,0.0033986589442906723,-0.009927682330371949,6.797317888581345e-07,-0.009928362062160807
2024-12-13,0.4170906435693927,0.31099025101222355,0.2719191054183839,0.0015840514894155944,-0.006546335151397822,3.168102978831189e-07,-0.0065466519616957045
2024-12-16,0.4178727427849873,0.312879721602375,0.26924753561263765,0.002671569805746149,0.003371676655084608,5.343139611492298e-07,0.003371142341123459
2024-12-17,0.4173582590837712,0.3126458143441462,0.26999592657208255,0.0007483909594449001,-0.0019952470297943583,1.4967819188898003e-07,-0.0019953967079862473
2024-12-18,0.41503512716228647,0.314927536908168,0.2700373359295455,0.0023231319214847557,-0.021488095865070878,4.646263842969512e-07,-0.021488560491455175
2024-12-19,0.39158032162490025,0.3274008089925431,0.28101886938255655,0.023454805537386186,-0.004678221966504971,4.690961107477237e-06,-0.004682912927612449
2024-12-20,0.39266648969348755,0.3222866432700052,0.2850468670365072,0.005114165722537922,0.009525691095748209,1.0228331445075844e-06,0.009524668262603701
2024-12-23,0.3899098666761156,0.3241977981125009,0.28589233521138363,0.0027566230173720063,-0.0019849540835853562,5.513246034744012e-07,-0.0019855054081888306
2024-12-24,0.3882959995751915,0.322169583862577,0.2895344165622315,0.0036420813508479255,0.006255024464984701,7.284162701695851e-07,0.006254296048714531
2024-12-26,0.3850349151285532,0.3241164968185912,0.2908485880528555,0.0032610844466382793,0.0018047098324037007,6.522168893276559e-07,0.001804057615514373
2024-12-27,0.38532517142825584,0.324406746300421,0.2902680822713232,0.0005805057815323478,-0.008710017229549666,1.1610115630646956e-07,-0.008710133330705973
2024-12-30,0.38128001612896273,0.32639669290992,0.2923232909611173,0.004045155299293113,-0.0026602994639947737,8.090310598586226e-07,-0.0026611084950546324
2024-12-31,0.37777386794608153,0.3263917949453929,0.2958343371085255,0.00351104614740827,-0.0012774652967494043,7.02209229481654e-07,-0.001278167505978886
2025-01-02,0.37857762937703243,0.3260312844938743,0.29539108612909326,0.0008037614309508723,0.0039795472654082075,1.6075228619017445e-07,0.003979386513122018
2025-01-03,0.3795864978503852,0.32814595336470076,0.2922675487849142,0.003123537344179139,0.0013985061883292787,6.247074688358279e-07,0.001397881480860443
2025-01-06,0.3753578125592875,0.33201296038302536,0.2926292270576871,0.0042286852910976,0.0003182874113209891,8.457370582195201e-07,0.0003174416742627696
2025-01-07,0.3752933905658284,0.3337054458087826,0.29100116362538897,0.0016924854257572564,-0.006366301414975271,3.3849708515145127e-07,-0.006366639912060422
2025-01-08,0.37476782347569104,0.3332916825401134,0.29194049398419547,0.0009393303588065283,0.002526091737613607,1.8786607176130566e-07,0.002525903871541846
2025-01-10,0.3767781647857303,0.33189582748649293,0.29132600772777667,0.002010341310039243,-0.005166895731837152,4.0206826200784866e-07,-0.00516729780009916
2025-01-13,0.3714809458973214,0.33516616631495133,0.29335288778772717,0.005297218888408894,-0.0024608621674955325,1.059443777681779e-06,-0.002461921611273214
2025-01-14,0.37194418815976016,0.3356877933846109,0.292368018455629,0.0009848693320982649,0.001496409173225997,1.96973866419653e-07,0.0014962121993595773
2025-01-15,0.37203411611439385,0.33470510499977596,0.2932607788858303,0.0009826883848349788,0.01473227621728947,1.9653767696699576e-07,0.014732079679612504
2025-01-16,0.36924570141640767,0.33176177168593896,0.2989925268976533,0.005731748011823107,0.002426884448212219,1.1463496023646215e-06,0.0024257380986098544
2025-01-17,0.36934717378347265,0.33441463603144245,0.29623819018508485,0.0027543367125684726,0.002712380151651498,5.508673425136946e-07,0.0027118292843089846
2025-01-21,0.36712065212034184,0.3360088613884604,0.29687048649119774,0.002226521663130837,0.010963501439304482,4.4530433262616745e-07,0.010963056134971855
2025-01-22,0.3653213470276649,0.3411230496148541,0.293555603357481,0.005114188226393701,0.001777474515415038,1.0228376452787402e-06,0.0017764516777697592
2025-01-23,0.3644962351607384,0.34035351335817765,0.295150251481084,0.0015946481236029653,-0.0010729448525603035,3.189296247205931e-07,-0.001073263782185024
2025-01-24,0.3612424750926005,0.34574930661966863,0.293008218287731,0.00539579326149095,0.002320585750820687,1.07915865229819e-06,0.002319506592168389
2025-01-27,0.3606522280272988,0.3447878666651885,0.29455990530751264,0.0015516870197817278,-0.004094704905387204,3.103374039563456e-07,-0.00409501524279116
2025-01-28,0.35907482440900473,0.342820477452458,0.2981046981385372,0.0035447928310245735,0.005432784593198996,7.089585662049147e-07,0.005432075634632791
2025-01-29,0.35713237812948756,0.34480185950214887,0.29806576236836363,0.0019813820496908108,-0.0034495897280568105,3.962764099381622e-07,-0.0034499860044667485
2025-01-30,0.35630527348377855,0.34576635162878694,0.29792837488743457,0.0009644921266380724,0.007721175073798931,1.928984253276145e-07,0.007720982175373603
2025-01-31,0.35779341928479846,0.3473566497521854,0.2948499309630161,0.003078443924418417,-0.003602047476310041,6.156887848836834e-07,-0.0036026631650949246
2025-02-03,0.3565069731265234,0.34625585279638,0.2972371740770965,0.002387243114080423,0.0020065513655362984,4.774486228160846e-07,0.0020060739169134824
2025-02-04,0.35628341134151237,0.34536417926398466,0.2983524093945031,0.0011152353174064822,0.006386094728985181,2.2304706348129644e-07,0.0063858716819217
2025-02-05,0.36459412446070333,0.3388690234293214,0.2965368521099752,0.008310713119191043,0.008914432518645734,1.6621426238382086e-06,0.008912770376021896
2025-02-06,0.36570843216925947,0.3370510582845897,0.2972405095461509,0.001817965144731759,0.0003332564780246717,3.635930289463518e-07,0.00033289288499572535
2025-02-07,0.36294308948086346,0.3424450494064349,0.29461186111270177,0.00539399112184516,-0.005007120296229534,1.078798224369032e-06,-0.0050081990944539035
2025-02-10,0.36364179769402605,0.341952622755948,0.294405579550026,0.0006987082131626188,0.00642204024781536,1.3974164263252377e-07,0.006421900506172727
2025-02-11,0.3629809063486025,0.3456752152768441,0.2913438783745535,0.003722592520896073,-0.00300167251700541,7.445185041792146e-07,-0.0030024170355095895
2025-02-12,0.3610293354808163,0.3464243950955835,0.2925462694236003,0.0019515708677861898,-0.005557599464837993,3.90314173557238e-07,-0.00555798977901155
2025-02-13,0.3605069215085886,0.345911060442683,0.29358201804872847,0.0010357486251281744,0.0124513752612692,2.071497250256349e-07,0.012451168111544174
2025-02-14,0.3558076213094397,0.33501762151210174,0.30917475717845855,0.01559273912973011,-0.0028398931597804194,3.1185478259460223e-06,-0.0028430117076063653
2025-02-18,0.35528541105277167,0.34139242103552175,0.3033221679117066,0.006374799523420016,0.002045545576037714,1.2749599046840033e-06,0.00204427061613303
2025-02-19,0.3565149793353287,0.3408904285642268,0.3025945921004444,0.0012295682825570753,0.001432881181329909,2.459136565114151e-07,0.0014326352676733976
2025-02-20,0.3571781283015721,0.34086900661807307,0.30195286508035485,0.0006631489662433376,-5.464116138967869e-05,1.3262979324866755e-07,-5.477379118292735e-05
2025-02-21,0.36202140119177406,0.3379511289127887,0.30002746989543727,0.0048432728902019495,-0.002384847376272997,9.6865457804039e-07,-0.0023858160308510372
2025-02-24,0.3521008048025194,0.3361931271578131,0.3117060680396675,0.011678598144230279,0.0010656861145847388,2.335719628846056e-06,0.0010633503949558927
2025-02-25,0.3510908800441887,0.33643376448914425,0.312475355466667,0.0010099247583306714,-6.451351645443259e-05,2.019849516661343e-07,-6.471550140609872e-05
2025-02-26,0.35618843695521724,0.33201737209566956,0.31179419094911326,0.005097556911028478,0.0026168998812129344,1.0195113822056957e-06,0.0026158803698307287
2025-02-27,0.3568248382270623,0.3304720094899983,0.31270315228293943,0.0015453626056712577,-0.01279718115925404,3.0907252113425153e-07,-0.012797490231775174
2025-02-28,0.35216322418288204,0.33394571738989876,0.3138910584272193,0.004661614044180307,0.007625142387754074,9.323228088360614e-07,0.007624210064945238
2025-03-03,0.32956807516451014,0.3400893964188804,0.3303425284166095,0.02259514901837187,0.00016712754468100645,4.519029803674374e-06,0.00016260851487733208
2025-03-04,0.3247651521890798,0.3450412066921034,0.3301936411188168,0.004951810273223001,-0.005221476275811534,9.903620546446002e-07,-0.0052224666378661785
2025-03-05,0.32396870388811144,0.3442071271112304,0.3318241690006582,0.0016305278818413704,0.0014242948265967299,3.261055763682741e-07,0.0014239687210203615
2025-03-06,0.3209547314426708,0.3457945362385862,0.3332507323187431,0.0030139724454406602,-0.008534250198258275,6.027944890881321e-07,-0.008534852992747363
2025-03-07,0.3140881072245753,0.3480978402212029,0.33781405255422187,0.006866624218095474,0.0008199691799376714,1.373324843619095e-06,0.0008185958550940523
2025-03-10,0.31253278197406004,0.3501291006454001,0.3373381173805398,0.0020312604241972676,-0.007625624885207492,4.0625208483945355e-07,-0.007626031137292331
2025-03-11,0.301944221342986,0.3576057589403079,0.3404500197167063,0.010588560631074162,-0.0010703986212283094,2.1177121262148323e-06,-0.0010725163333545242
2025-03-12,0.3018362861045684,0.35730242138071866,0.34086129251471287,0.0004112727980066788,0.0009490699752749212,8.225455960133577e-08,0.0009489877207153199
2025-03-13,0.3016335104993069,0.3569755937732485,0.34139089572744463,0.0005296032127317107,0.005179174644063045,1.0592064254634215e-07,0.005179068723420499
2025-03-14,0.30150074249642855,0.36034462721769267,0.3381546302858789,0.0033690334444441417,0.004454910026541067,6.738066888888283e-07,0.0044542362198521784
2025-03-17,0.29241516828358216,0.3625458721900266,0.3450389595263913,0.009085574212846365,0.005932087514232038,1.817114842569273e-06,0.005930270399389469
2025-03-18,0.29116611134741577,0.3635086258343582,0.34532526281822606,0.0012490569361663928,0.001244542393781889,2.498113872332786e-07,0.0012442925823946556
2025-03-19,0.28617600845289853,0.3658653029917336,0.3479586885553679,0.004990102894517207,0.006441745858029417,9.980205789034414e-07,0.006440747837450514
2025-03-20,0.2807101018334065,0.36651442760423314,0.3527754705623603,0.005465906619492006,-0.0010224382906313001,1.0931813238984011e-06,-0.0010235314719551985
2025-03-21,0.28111413377093264,0.3667205353314073,0.35216533089766,0.0006101396647003043,-0.0049125309249981285,1.2202793294006089e-07,-0.004912652952931068
2025-03-24,0.2824524900300531,0.3666911459802159,0.350856363989731,0.0013383562591204323,-0.0002637730630152546,2.6767125182408645e-07,-0.00026404073426707867
2025-03-25,0.28481847583271247,0.35776070051754205,0.35742082364974537,0.00893044546267377,0.0022175282226419074,1.7860890925347539e-06,0.0022157421335493727
2025-03-26,0.28154526930547524,0.3650922955995659,0.35336243509495896,0.007331595082023745,-0.006052731930550806,1.4663190164047492e-06,-0.006054198249567211
2025-03-27,0.28140400858045783,0.3634056997104723,0.3551902917090699,0.0018278566141109731,0.002954638980602804,3.6557132282219465e-07,0.0029542734092799817
2025-03-28,0.2818243334686113,0.36674953061106963,0.3514261359203191,0.003764155788750778,0.002002995983948754,7.528311577501556e-07,0.002002243152791004
2025-03-31,0.28075914017903775,0.3638564536200099,0.35538440620095235,0.003958270280633253,0.010581738913302705,7.916540561266506e-07,0.010580947259246578
2025-04-01,0.28241174067888797,0.3637145201380286,0.3538737391830834,0.0016526004998502486,0.0032494095710906656,3.305200999700497e-07,0.0032490790509906954
2025-04-02,0.28250232462611713,0.36259611612137466,0.35490155925250816,0.0011184040166539178,0.0022780897746178803,2.2368080333078357e-07,0.0022778660938145494
2025-04-03,0.28245703764194147,0.36294607938467455,0.354596882973384,0.0003499632632998628,-0.01439373903983571,6.999265265997257e-08,-0.01439380903248837
2025-04-04,0.25224095335702745,0.3803894044024388,0.36736964224053364,0.030216084284913958,-0.019219037448889253,6.043216856982792e-06,-0.019225080665746238
2025-04-07,0.22994903512226453,0.4013457049115102,0.36870525996622533,0.022291918234763022,-0.020434419675890395,4.458383646952604e-06,-0.020438878059537348
2025-04-08,0.2458779817992125,0.381391599550882,0.37273041864990547,0.01995410536062818,-0.009022265731539013,3.990821072125636e-06,-0.009026256552611139
2025-04-09,0.24836308631781467,0.373571531471115,0.3780653822110703,0.007820068079766984,0.04226686310914649,1.564013615953397e-06,0.04226529909553054
2025-04-10,0.19809558614143466,0.42191093075383107,0.37999348310473424,0.05026750017638003,-0.011030927209775334,1.0053500035276006e-05,-0.01104098070981061
2025-04-11,0.20081934872412543,0.41328637033621646,0.38589428093965816,0.008624560417614655,0.01319618893325587,1.724912083522931e-06,0.013194464021172346
2025-04-14,0.2013204761881708,0.41659657698845654,0.38208294682337274,0.003811334116285439,0.0027455444699576678,7.622668232570879e-07,0.0027447822031344106
2025-04-15,0.20076706564458688,0.414834181827049,0.3843987525283641,0.0023158057049914027,0.002918553438931634,4.6316114099828056e-07,0.002918090277790636
2025-04-16,0.20079721668318318,0.41476166345541826,0.3844411198613985,7.251837163073371e-05,0.010360855874219286,1.4503674326146743e-08,0.01036084137054496
2025-04-17,0.20314513123445088,0.4293457030844392,0.36750916568111,0.01693195418028859,-0.00511595021331902,3.3863908360577178e-06,-0.005119336604155078
2025-04-21,0.20393321888468938,0.4281795310452806,0.36788725007003,0.0011661720391585445,-0.0009578230381025871,2.332344078317089e-07,-0.0009580562725104187
2025-04-22,0.2082888080442655,0.42886234552279334,0.36284884643294113,0.005038403637088851,0.002662147782647734,1.0076807274177702e-06,0.002661140101920316
2025-04-23,0.20659567789912844,0.43259829953887935,0.36080602256199223,0.0037359540160859794,-0.0012485697528777442,7.471908032171959e-07,-0.0012493169436809614
2025-04-24,0.2093442463690892,0.43800622523558325,0.35264952839532765,0.008156494166664613,0.014154554816003953,1.6312988333329228e-06,0.01415292351717062
2025-04-25,0.2086507903900086,0.438948506976727,0.35240070263326434,0.0009422817411438161,0.0009203514547161283,1.8845634822876324e-07,0.0009201629983678995
2025-04-28,0.20936389763848623,0.43990839951135513,0.35072770285015875,0.001672999783105672,0.007846341206198692,3.3459995662113444e-07,0.00784600660624207
2025-04-29,0.20893828201690748,0.4410915881707799,0.34997012981231257,0.0011831886594248636,0.0016061174175217158,2.3663773188497273e-07,0.0016058807797898309
2025-04-30,0.21003326611832468,0.44086139372602834,0.34910534015564704,0.0010949841014171596,-0.006096505294024036,2.1899682028343194e-07,-0.0060967242908443195
2025-05-01,0.21081055534820534,0.43997808708491376,0.34921135756688093,0.0008833066411145646,-0.007991019667068666,1.7666132822291291e-07,-0.007991196328396889
2025-05-02,0.21231422564224683,0.442647964360381,0.3450378099973722,0.0041735475695087315,-0.0010363305269218176,8.347095139017463e-07,-0.0010371652364357194
2025-05-05,0.21219107975354776,0.4415232964037288,0.3462856238427235,0.0012478138453512894,0.006660023696952047,2.495627690702579e-07,0.006659774134182977
2025-05-06,0.21455489032068692,0.4474539211285731,0.33799118855074006,0.00829443529198344,0.009165850771695393,1.6588870583966882e-06,0.009164191884636996
2025-05-07,0.21644931464506617,0.4513521538454896,0.3321985315094443,0.005792657041295779,-0.0021624039291429373,1.1585314082591559e-06,-0.0021635624605511965
2025-05-08,0.21531961268071,0.45853424655002084,0.3261461407692691,0.007182092704531282,-0.010035156337868925,1.4364185409062565e-06,-0.010036592756409831
2025-05-09,0.2175345764332655,0.4590520740314658,0.3234133495352686,0.00273279123400047,0.0027555989054192545,5.46558246800094e-07,0.0027550523471724544
2025-05-12,0.2175262483335346,0.4597863131146282,0.3226874385518371,0.0007342390831623913,-0.006186470010725485,1.4684781663247827e-07,-0.006186616858542117
2025-05-13,0.21676105855759706,0.46433004019966806,0.31890890124273485,0.004543727085039834,0.0009054459806218346,9.087454170079667e-07,0.0009045372352048266
2025-05-14,0.21636538793674745,0.46474783438600475,0.31888677767724777,0.0004177941863366952,-0.00951646415486124,8.355883726733903e-08,-0.009516547713698508
2025-05-15,0.21657324809669556,0.47046411288369766,0.3129626390196068,0.005924138657640993,0.0101894575074232,1.1848277315281985e-06,0.010188272679691671
2025-05-16,0.2154249700128234,0.47534870543810837,0.3092263245490683,0.004884592554410691,-0.0011027903989113512,9.769185108821382e-07,-0.0011037673174222333
2025-05-19,0.2148904231119656,0.47545562706248623,0.30965394982554817,0.0005345469008577741,0.0028462121346502995,1.0690938017155483e-07,0.002846105225270128
2025-05-20,0.2135437174256555,0.4776882024773589,0.3087680800969857,0.002232575414872609,0.0015902434173316405,4.4651508297452184e-07,0.0015897969022486658
2025-05-21,0.2146409021657142,0.47819616397078946,0.30716293386349647,0.0016051462334892436,-0.00952273358684081,3.210292466978487e-07,-0.009523054616087509
2025-05-22,0.21622640237520765,0.4732333190568753,0.31054027856791694,0.004962844913914036,-0.0001868513508787007,9.925689827828073e-07,-0.0001878439198614835
2025-05-23,0.21621310446788386,0.47602568533119366,0.30776121020092245,0.0027923662743183086,0.006055574633081615,5.584732548636618e-07,0.0060550161598267515
2025-05-27,0.2169759049696882,0.4782283364064734,0.30479575862383845,0.0029654515770840273,0.00601931593757917,5.930903154168054e-07,0.006018722847263753
2025-05-28,0.21507462598151064,0.4819860422299523,0.30293933178853705,0.003757705823478924,-0.004010964084295182,7.515411646957848e-07,-0.004011715625459877
2025-05-29,0.2146974478464202,0.4829042933728469,0.302398258780733,0.0009182511428945522,0.007108350002639174,1.8365022857891045e-07,0.007108166352410595
2025-05-30,0.2153462556040236,0.4795677163255474,0.30508602807042895,0.0033365770472994216,-0.0015238020101893028,6.673154094598844e-07,-0.0015244693255987627
2025-06-02,0.21453618317390521,0.4828397582244635,0.30262405860163133,0.003272041898916056,0.004759103525149117,6.544083797832113e-07,0.0047584491167693335
2025-06-03,0.21681902265688183,0.48383213106386047,0.29934884627925773,0.0032752123223735857,-0.0022667916666012132,6.550424644747171e-07,-0.002267446709065688
2025-06-04,0.2162031724129129,0.4869025013365037,0.2968943262505835,0.0030703702726432025,0.009758498743374693,6.140740545286405e-07,0.009757884669320163
2025-06-05,0.21878029387237669,0.48150188554737255,0.29971782058025076,0.005400615789131105,-0.002236459542682115,1.080123157826221e-06,-0.002237539665839941
2025-06-06,0.2196903890898506,0.4810400604962765,0.2992695504138728,0.0009100952174739552,-0.007879714144789236,1.8201904349479105e-07,-0.007879896163832731
2025-06-09,0.22132131312736367,0.4792908679989548,0.2993878188736816,0.0017491924973217637,0.0021175677025142775,3.4983849946435275e-07,0.002117217864014813
2025-06-10,0.22241415862498246,0.4798375004646609,0.29774834091035657,0.0016394779633249479,0.0038194415285439003,3.278955926649896e-07,0.003819113632951235
2025-06-11,0.22240485335407092,0.47943236503924125,0.29816278160668785,0.0004144406963312308,0.0024309001505073303,8.288813926624617e-08,0.002430817262368064
2025-06-12,0.222243584306673,0.4798441672015978,0.29791224849172926,0.0004118021623565338,0.010321038205736165,8.236043247130676e-08,0.010320955845303695
2025-06-13,0.2232781040378361,0.4772398268582535,0.2994820691039103,0.002604340343344211,-0.0031717249831930685,5.208680686688422e-07,-0.0031722458512617375
2025-06-16,0.2248046756220071,0.47605197168747815,0.29914335269051473,0.001526571584170952,-0.0069241445857841375,3.053143168341904e-07,-0.006924449900100971
2025-06-17,0.2258451562807676,0.4760914239027501,0.2980634198164824,0.0010799328740324077,0.004016934789663684,2.1598657480648154e-07,0.004016718803088877
2025-06-18,0.22725500282979585,0.472169123118055,0.3005758740521492,0.003922300784695104,-0.0008342867102410181,7.844601569390209e-07,-0.0008350711703979571
2025-06-20,0.2274262267870595,0.4727683843826001,0.2998053888303404,0.000770485221808781,-0.0015327539316379165,1.540970443617562e-07,-0.0015329080286822783
2025-06-23,0.22742930759277902,0.4727404664237749,0.29983022598344616,2.7917958825243727e-05,0.0046953001355537136,5.583591765048746e-09,0.004695294551961948
2025-06-24,0.22682710364747774,0.47274185295402715,0.30043104339849513,0.0006022039453012634,0.001215562560523741,1.204407890602527e-07,0.0012154421197346807
2025-06-25,0.22768941140026772,0.47447655522065696,0.29783403337907527,0.0025970100194198237,0.0016294110068196888,5.194020038839648e-07,0.0016288916048158048
2025-06-26,0.2277006537657467,0.474403688933453,0.2978956573008003,7.28662872039737e-05,0.003836975845215599,1.4573257440794741e-08,0.0038369612719581585
2025-06-27,0.22800724561840424,0.47446866916284636,0.29752408521874935,0.0003715720820509222,-0.0072804426564725055,7.431441641018444e-08,-0.007280516970888916
2025-06-30,0.22884655665491552,0.47489521856728023,0.2962582247778042,0.0012658604409451352,0.009318054744273722,2.5317208818902704e-07,0.009317801572185532
2025-07-01,0.22976945563222992,0.47625321445004853,0.29397732991772146,0.002280894860082733,0.0037296553087766363,4.561789720165466e-07,0.0037291991298046196
2025-07-02,0.22870229373996107,0.47770772103342307,0.29358998522661583,0.0014545065833745097,-0.0003754040427388797,2.9090131667490193e-07,-0.0003756949440555546
2025-07-03,0.2282679339912378,0.4787433972744182,0.292988668734344,0.0010356762409951398,-0.0035344688556302297,2.0713524819902797e-07,-0.0035346759908784285
2025-07-07,0.22874518842054056,0.4781689824870375,0.293085829092422,0.0005744147873807531,-0.006048637807416979,1.1488295747615064e-07,-0.006048752690374455
2025-07-08,0.23869813154776348,0.4709083014245936,0.2903935670276429,0.009952943127222932,-0.0037648238014282164,1.9905886254445866e-06,-0.003766814390053661
2025-07-09,0.25311239757479775,0.4613494994781093,0.2855381029470928,0.014414266027034328,0.007621041045882248,2.882853205406866e-06,0.007618158192676841
2025-07-10,0.24374697926901936,0.4764147068433638,0.2798383138876169,0.015065207365254393,0.0016390564322607414,3.013041473050879e-06,0.0016360433907876904
2025-07-11,0.24129380326092972,0.48433173277645847,0.27437446396261195,0.007917025933094624,-0.004895086967545021,1.5834051866189248e-06,-0.00489667037273164
2025-07-14,0.32308535166772656,0.4227657389866216,0.2541489093456518,0.08179154840679691,-0.001199428721673944,1.635830968135938e-05,-0.0012157870313553032
2025-07-15,0.3435309856400313,0.4200513423879575,0.23641767197201116,0.02044563397230477,-0.005394333025731183,4.0891267944609544e-06,-0.005398422152525644
2025-07-16,0.34631979392477225,0.41601702020059617,0.23766318587463167,0.004034322187361383,0.002930430079381349,8.068644374722767e-07,0.0029296232149438766
2025-07-17,0.34633652982192575,0.4168440447731308,0.23681942540494344,0.0008437604696881901,0.001506871227343683,1.6875209393763802e-07,0.0015067024752497453
2025-07-18,0.34632341052931176,0.4170506663470134,0.23662592312367486,0.00020662157388257052,0.0009987925447142577,4.132431477651411e-08,0.0009987512203994812
2025-07-21,0.35496465514507775,0.405548260574306,0.23948708428061624,0.011502405772707378,0.007969883912950722,2.3004811545414754e-06,0.00796758343179618
2025-07-22,0.3559292405022172,0.406132887232749,0.23793787226503388,0.0015492120155824046,0.004763418143773677,3.0984240311648096e-07,0.004763108301370561
2025-07-23,0.3647552655888908,0.4001774890116947,0.23506724539941456,0.008826025086673614,-0.0020320138757262225,1.7652050173347228e-06,-0.002033779080743557
2025-07-24,0.37862059019862243,0.39102461052380344,0.23035479927757405,0.013865324609731694,-0.0019658351080350444,2.773064921946339e-06,-0.001968608172956991
2025-07-25,0.37911793562773805,0.38865118850041025,0.23223087587185168,0.002373422023393218,0.001896902918803779,4.746844046786436e-07,0.0018964282343991003
2025-07-28,0.388244184403369,0.3835751342373906,0.22818068135924024,0.009126248775631021,-0.00405984790820097,1.8252497551262044e-06,-0.004061673157956096
2025-07-29,0.38804118650159597,0.3835322670891597,0.22842654640924429,0.0002458650500039711,0.006081074857102154,4.9173010000794215e-08,0.006081025684092153
2025-07-30,0.3915669181366948,0.37487133148788687,0.23356175037541818,0.00866093560127279,-0.006459431008740192,1.7321871202545582e-06,-0.006461163195860446
2025-07-31,0.39161565188548775,0.37734029859071383,0.2310440495237986,0.0025177008516197447,0.0002834894187582369,5.03540170323949e-07,0.00028298587858791296
2025-08-01,0.3892419855780881,0.37992026023252795,0.23083775418938388,0.0025799616418142463,0.0037072412357040587,5.159923283628493e-07,0.003706725243375696
2025-08-04,0.3823233440774813,0.3802989522397513,0.23737770368276742,0.006918641500606837,0.008232831934361308,1.3837283001213675e-06,0.008231448206061186
2025-08-05,0.37991330164875925,0.38421230784200455,0.23587439050923606,0.003913355602253338,-0.0005583685939102501,7.826711204506676e-07,-0.0005591512650307008
2025-08-06,0.3754712564141677,0.3806711420326136,0.24385760155321876,0.007983211043982613,0.00016074769476766791,1.5966422087965228e-06,0.00015915105255887138
2025-08-07,0.3740612222965667,0.37407937023077686,0.2518594074726565,0.008001805919437735,0.0011729889040252184,1.600361183887547e-06,0.001171388542841331
2025-08-08,0.37281585869941175,0.37363472105251727,0.253549420248071,0.0016900127754145011,0.0012307895599103446,3.3800255508290027e-07,0.0012304515573552616
2025-08-11,0.3679927440366124,0.3748553118496475,0.25715194411374004,0.004823114662799305,-0.003994728494449477,9.64622932559861e-07,-0.003995693117382037
2025-08-12,0.36885750876799445,0.37603372814639374,0.25510876308561176,0.0020431810281282825,0.0018020831860029289,4.0863620562565653e-07,0.0018016745497973032
2025-08-13,0.3951533968029269,0.35353176474091336,0.25131483845615976,0.026295888034932408,0.005046475481276279,5.2591776069864815e-06,0.005041216303669293
2025-08-14,0.396861186993719,0.3515888298756994,0.25154998313058163,0.0019429348652139633,-0.004164394884040921,3.885869730427927e-07,-0.004164783471013964
2025-08-15,0.3938157023565599,0.3484408518441584,0.25774344579928177,0.006193462668700106,-0.003253527848947065,1.2386925337400214e-06,-0.003254766541480805
2025-08-18,0.39153211188124826,0.3473060329723517,0.26116185514639995,0.003418409347118262,-0.0014978652967529028,6.836818694236524e-07,-0.0014985489786223263
2025-08-19,0.39124107777390743,0.345487701755897,0.2632712204701956,0.0021093653237955756,-0.0015583586297744359,4.2187306475911516e-07,-0.001558780502839195
2025-08-20,0.38872775088136996,0.34503480361386324,0.2662374455047668,0.0029662250345712238,0.002418507350539989,5.932450069142448e-07,0.0024179141055330746
2025-08-21,0.3858324392652277,0.3447553326166376,0.2694122281181346,0.0031747826133678436,-0.004189737959942723,6.349565226735688e-07,-0.004190372916465397
2025-08-22,0.39348058967681987,0.34621910232455616,0.260300307998624,0.009111920119510647,0.011393774368971776,1.8223840239021296e-06,0.011391951984947874
2025-08-25,0.3855121678552565,0.35053054873433803,0.26395728341040553,0.007968421821563376,-0.003340772766309623,1.5936843643126753e-06,-0.003342366450673936
2025-08-26,0.38297843611515475,0.34530088782384544,0.27172067606099987,0.007763392650594336,0.003377850963383255,1.5526785301188673e-06,0.003376298284853136
2025-08-27,0.39420205512307976,0.33968283068469984,0.26611511419222045,0.011223619007925012,0.0010439000409239773,2.2447238015850026e-06,0.0010416553171223922
2025-08-28,0.39651284432630096,0.33879655883989224,0.26469059683380686,0.0023107892032211974,0.005596598987180774,4.621578406442395e-07,0.00559613682934013
2025-08-29,0.3959083163812174,0.34039493810322746,0.2636967455155551,0.0015983792633352811,-0.002236071072083156,3.1967585266705624e-07,-0.002236390747935823
2025-09-02,0.39478644846620964,0.340129521609737,0.2650840299240534,0.0013872844084982516,0.000810537222308551,2.7745688169965034e-07,0.0008102597654268514
2025-09-03,0.38948699185596314,0.34173817976016607,0.26877482838387073,0.005299456610246472,0.007967483118353973,1.0598913220492944e-06,0.007966423227031925
2025-09-04,0.3914230392938868,0.3373305599115427,0.2712464007945704,0.00440761984862334,0.004644366259283786,8.81523969724668e-07,0.004643484735314061
2025-09-05,0.38473447155760915,0.34595218754508045,0.2693133408973103,0.008621627633537743,0.007754699149727738,1.7243255267075486e-06,0.0077529748242010305
2025-09-08,0.39177027229107475,0.33841162650819734,0.26981810120072797,0.007540561036883192,0.008544301656064714,1.5081122073766384e-06,0.008542793543857338
2025-09-09,0.39397826997165863,0.336035550067759,0.26998617996058244,0.002376076440438357,-0.0016117321613479344,4.7521528808767145e-07,-0.0016122073766360221
2025-09-10,0.39489638994611403,0.3345339396055923,0.2705696704482936,0.0015016104621666249,0.004025488930197415,3.00322092433325e-07,0.004025188608104982
2025-09-11,0.3959036594865819,0.33390894240533736,0.27018739810808085,0.0010072695404677867,0.0051196291738416656,2.0145390809355737e-07,0.005119427719933572
2025-09-12,0.3948504224427799,0.33369873991574456,0.2714508376414756,0.0012634395333947779,-0.0010375387437804254,2.526879066789556e-07,-0.0010377914316871044
2025-09-15,0.3916042768772549,0.3358545766501481,0.27254114647259703,0.0032461455655249938,0.005704732268793822,6.492291131049987e-07,0.005704083039680717
2025-09-16,0.3966222471073807,0.33477442817571884,0.2686033247169004,0.0050179702301258455,0.0006982899820008773,1.0035940460251692e-06,0.0006972863879548521
2025-09-17,0.39412623273579445,0.3352845009924296,0.2705892662717759,0.0024960143715862526,-0.0034307778594993947,4.992028743172505e-07,-0.003431277062373712
2025-09-18,0.39795424369404725,0.337485174380845,0.26456058192510773,0.006028684346668173,-0.0026832501764763573,1.2057368693336346e-06,-0.002684455913345691
2025-09-19,0.40028794400133844,0.332725911448555,0.2669861445501065,0.0047592629322899815,0.0041803579257016586,9.518525864579963e-07,0.004179406073115201
2025-09-22,0.4016605646243963,0.33329423849188744,0.26504519688371625,0.0019409476663902747,0.005289236794854593,3.8818953327805496e-07,0.005288848605321314
2025-09-23,0.40817226468222223,0.33320651252978734,0.25862122278799043,0.00651170005782592,0.0011640057810645517,1.302340011565184e-06,0.0011627034410529864
2025-09-24,0.40712295406886284,0.3291368048908117,0.26374024104032545,0.005119018252335017,-0.004938507568337339,1.0238036504670035e-06,-0.004939531371987806
2025-09-25,0.4076270810393589,0.33030399927557486,0.26206891968506624,0.0016713213552592143,-0.0007890077674945807,3.342642710518429e-07,-0.0007893420317656325
2025-09-26,0.40756027851113746,0.33081524664804013,0.26162447484082235,0.000511247372465301,0.0035477271452412714,1.0224947449306021e-07,0.003547624895766778
2025-09-29,0.4013499207436363,0.3288420440160282,0.2698080352403356,0.008183560399513179,0.008279093324605276,1.6367120799026358e-06,0.008277456612525373
2025-09-30,0.4026923241389822,0.3306849389968761,0.2666227368641417,0.0031852983761938847,0.0028345683158798292,6.37059675238777e-07,0.0028339312562045906
2025-10-01,0.4025332307389117,0.33051653568268635,0.26695023357840186,0.00032749671426024474,0.0026457739621519993,6.549934285204895e-08,0.0026457084628091474
2025-10-02,0.40181519636729124,0.33183564149797534,0.2663491621347334,0.0013191058152889346,0.0005014395125656319,2.6382116305778694e-07,0.000501175691402574
2025-10-03,0.4028153216412192,0.3318037193286073,0.26538095903017345,0.001000125273927982,0.0014959107684128573,2.000250547855964e-07,0.0014957107433580716
2025-10-06,0.40556097186510465,0.3334627721299832,0.2609762560049121,0.004404703025261358,0.003723847004126068,8.809406050522717e-07,0.003722966063521016
2025-10-07,0.4083208442671583,0.3314722164203136,0.26020693931252803,0.0027598724020536647,0.001735174282866514,5.51974480410733e-07,0.0017346223083861032
2025-10-08,0.40644125668132464,0.334489105684479,0.2590696376341963,0.003016889264165379,0.006958507130763828,6.033778528330758e-07,0.0069579037529109945
2025-10-09,0.4071967508424108,0.33698902600948577,0.2558142231481033,0.0032554144860929835,-0.006164463835345833,6.510828972185968e-07,-0.006165114918243051
2025-10-10,0.40620926466258084,0.3497238290621211,0.24406690627529795,0.012734803052635343,-0.002867396469693726,2.5469606105270688e-06,-0.002869943430304253
2025-10-13,0.36950323966245874,0.3648433844671654,0.2656533758703758,0.036706025000122114,0.011924000780330148,7.341205000024423e-06,0.011916659575330123
2025-10-14,0.363660232308356,0.37595916685861763,0.26038060083302655,0.011115782391452111,0.002618998010822816,2.2231564782904222e-06,0.0026167748543445258
2025-10-15,0.3638717757185251,0.3758825133077946,0.2602457109736802,0.0002115434101692404,0.00529873605014225,4.230868203384808e-08,0.005298693741460216
2025-10-16,0.3660791898509593,0.37648364941461115,0.25743716073442946,0.002808550239250751,0.0063514510110942324,5.617100478501502e-07,0.0063508893010463825
2025-10-17,0.36780730441108844,0.3793333485859874,0.2528593470029242,0.004577813731505342,-0.003251677813851178,9.155627463010686e-07,-0.003252593376597479
2025-10-20,0.36833288112946716,0.3851352901071923,0.24653182876334068,0.006327518239583552,0.014283172253992693,1.2655036479167103e-06,0.014281906750344776
2025-10-21,0.37105854611313027,0.39520113666357826,0.23374031722329147,0.01279151154004915,-0.01308524666442041,2.55830230800983e-06,-0.01308780496672842
2025-10-22,0.3911784822062852,0.41523673424079016,0.19358478355292466,0.040155533670366825,-0.0017423626375300122,8.031106734073365e-06,-0.0017503937442640855
2025-10-23,0.38911780087618036,0.4164347772809615,0.19444742184285818,0.002060681330104855,0.0002359336444579573,4.12136266020971e-07,0.00023552150819193632
2025-10-24,0.38924091997218013,0.414440649095728,0.19631843093209184,0.001994128185233479,0.002704151669691789,3.9882563704669585e-07,0.0027037528440547426
2025-10-27,0.38521343071358327,0.4183846590315309,0.1964019102548858,0.004027489258596861,0.0004947922715677891,8.054978517193723e-07,0.0004939867737160697
2025-10-28,0.37600216558166766,0.43687078187953426,0.18712705253879808,0.018486122848003356,0.0008000088906394431,3.6972245696006713e-06,0.0007963116660698425
2025-10-29,0.37398452079521854,0.4376720801262148,0.18834339907856681,0.0020176447864491825,-0.004956921344589439,4.035289572898365e-07,-0.004957324873546729
2025-10-30,0.37946625790081945,0.43049117356280064,0.19004256853637996,0.007180906563414094,-0.0029454491240221074,1.4361813126828188e-06,-0.0029468853053347902
2025-10-31,0.38100028962974547,0.43321842087868295,0.18578128949157155,0.004261279044808372,-0.0010507488388974845,8.522558089616745e-07,-0.0010516010947064461
2025-11-03,0.38944958697261156,0.4273934030000972,0.18315701002729123,0.008449297342866077,-9.529869774481154e-06,1.6898594685732156e-06,-1.1219729243054369e-05
2025-11-04,0.39135456014480613,0.42597953921315523,0.18266590064203858,0.0019049731721945962,-0.006889401336905545,3.8099463443891924e-07,-0.0068897823315399835
2025-11-05,0.38535396381813514,0.4332418313247853,0.18140420485707975,0.007262292111629931,-0.001287442484479559,1.4524584223259864e-06,-0.001288894942901885
2025-11-06,0.390029414832101,0.42665292397564614,0.1833176611922529,0.006588907349139084,-0.0005680484512093379,1.3177814698278169e-06,-0.0005693662326791657
2025-11-07,0.38787054468415866,0.4268765500929515,0.18525290522288976,0.0021588701479422906,0.0006118862842679469,4.3177402958845815e-07,0.0006114545102383585
2025-11-10,0.3876426838045929,0.42537180447207806,0.18698551172332897,0.0017326065004392155,0.011066297802449972,3.465213000878431e-07,0.011065951281149884
2025-11-11,0.3832754472321436,0.43221186597302574,0.18451268679483074,0.006840061500947611,0.0035827952671057613,1.3680123001895224e-06,0.003581427254805572
2025-11-12,0.3819115031523837,0.4343646557033366,0.18372384114427967,0.0021527897303108973,0.003945021301154005,4.305579460621795e-07,0.0039445907432079435
2025-11-13,0.37974797796651655,0.4380109420884001,0.18224107994508343,0.003646286385063438,-0.011371273250923235,7.292572770126877e-07,-0.011372002508200247
2025-11-14,0.3696984789929047,0.44522281790968093,0.18507870309741417,0.010049498973611723,-0.005941213489264246,2.0098997947223445e-06,-0.005943223389058968
2025-11-17,0.37185120865508353,0.4450387005943605,0.183110090750556,0.0021527296621787068,-0.004461784622320358,4.305459324357414e-07,-0.004462215168252794
2025-11-18,0.3691326275499605,0.4483029851500383,0.18256438730000119,0.0032642845556778155,-0.0019244146117544736,6.528569111355632e-07,-0.0019250674686656093
2025-11-19,0.3665480182588991,0.45003600086172685,0.18341598087937416,0.002584609291061468,0.0008053647469433228,5.169218582122936e-07,0.0008048478250851105
2025-11-20,0.3659616440214527,0.45094637639999846,0.18309197957854878,0.000910375538271696,-0.003856048488522821,1.820751076543392e-07,-0.0038562305636304756
2025-11-21,0.36364366438285545,0.45341417462126477,0.18294216099587962,0.0024677982212663596,0.004711243004033122,4.935596442532719e-07,0.004710749444388869
2025-11-24,0.36105466446344436,0.4554103114894809,0.1835350240470747,0.002588999919411153,0.010817278257044559,5.177999838822306e-07,0.010816760457060677
2025-11-25,0.356246658378648,0.45884658086872526,0.18490676075262674,0.004808006084796382,0.004464856466196647,9.616012169592765e-07,0.004463894864979688
2025-11-26,0.35398438552071476,0.4605358926907349,0.18547972178855038,0.002262272857933262,0.005968686699035987,4.524545715866524e-07,0.0059682342444644
2025-11-28,0.3523480650222245,0.4623314868443495,0.18532044813342602,0.0017955941536146047,0.002032381887296665,3.5911883072292096e-07,0.0020320227684659424
2025-12-01,0.3520551315794592,0.46371598687287974,0.1842288815476611,0.0013845000285302167,-0.006491723385271523,2.769000057060434e-07,-0.006492000285277228
2025-12-02,0.35620191824490344,0.4554943464328562,0.18830373532224026,0.008221640440023464,-0.0003477050561579805,1.6443280880046929e-06,-0.00034934938424598523
2025-12-03,0.35304642216714405,0.46121947304963684,0.18573410478321908,0.00572512661678061,0.002348175465838063,1.145025323356122e-06,0.002347030440514707
2025-12-04,0.35275965241917695,0.46262013872151175,0.18462020885931135,0.0014006656718748706,-0.0021161161679289562,2.801331343749741e-07,-0.0021163963010633314
2025-12-05,0.34532876304255006,0.47355750397087887,0.18111373298657096,0.010937365249367198,-0.0018587542115619626,2.18747304987344e-06,-0.001860941684611836
2025-12-08,0.3384080906595034,0.483730093690967,0.1778618156495297,0.010172589720088027,-0.0030772114452102175,2.0345179440176056e-06,-0.003079245963154235
2025-12-09,0.3370283611798624,0.48553404561990887,0.17743759320022875,0.0018039519289419076,0.0011179370242105264,3.6079038578838154e-07,0.0011175762338247381
2025-12-10,0.33555289690075146,0.4878595980195601,0.1765875050796884,0.002325552399651251,0.004863109146585452,4.6511047993025023e-07,0.0048626440361055215
2025-12-11,0.3347434754744105,0.48955599180843096,0.1757005327171585,0.001696393788870862,0.0020059964960730363,3.392787577741724e-07,0.0020056572173152622
2025-12-12,0.33408812210338484,0.49097551956404917,0.17493635833256604,0.001419527755618169,-0.007345644668251499,2.8390555112363384e-07,-0.007345928573802623
2025-12-15,0.3345593987197755,0.48727524278294937,0.1781653584972751,0.0037002767810997705,-8.449804853461683e-06,7.400553562199542e-07,-9.189860209681636e-06
2025-12-16,0.3343206932959463,0.4876443958541,0.17803491084995357,0.0003691530711506935,0.00180507893381641,7.38306142301387e-08,0.0018050051032021798
2025-12-17,0.3351633454450175,0.4854835576779566,0.1793530968770259,0.002160838176143487,-0.002589517596553766,4.321676352286974e-07,-0.002589949764188995
2025-12-18,0.3270253017058635,0.49528600530536093,0.17768869298877557,0.009802447627404343,0.004518171655927902,1.9604895254808688e-06,0.004516211166402421
2025-12-19,0.32698726218608565,0.49435608434780137,0.17865665346611298,0.0009679604773374234,0.0013202243000297465,1.935920954674847e-07,0.0013200307079342792
2025-12-22,0.3249559915440003,0.4947036659832952,0.1803403424727045,0.002031270642085345,0.005113420120564364,4.06254128417069e-07,0.005113013866435947
2025-12-23,0.3238010705618322,0.4994244149582195,0.17677451447994827,0.004720748974924305,0.004622927992559075,9.44149794984861e-07,0.00462198384276409
2025-12-24,0.32315481537820373,0.5001699207509746,0.17667526387082172,0.0007455057927550496,0.003435996677556544,1.491011585510099e-07,0.003435847576397993
2025-12-26,0.3256341975385485,0.497155328312193,0.17721047414925853,0.003014592438781563,0.00039841953508510763,6.029184877563127e-07,0.0003978166165973513
2025-12-29,0.3269409996468795,0.49612664359109043,0.17693235676203012,0.0013068021083309928,-0.007000680607618735,2.6136042166619856e-07,-0.007000941968040401
2025-12-30,0.32773047976817365,0.5062418254833533,0.16602769474847304,0.01090466201355704,-0.0014865288718630876,2.180932402711408e-06,-0.0014887098042657989
2025-12-31,0.3277081246857228,0.5061934306107357,0.16609844470354143,7.074995506839432e-05,-0.007535202326603603,1.4149991013678866e-08,-0.007535216476594617
2026-01-02,0.32904356134975704,0.5034213520658862,0.16753508658435678,0.0027720785448495516,0.0006849655217474711,5.544157089699104e-07,0.0006844111060385012
2026-01-05,0.3285601622052406,0.5040127460973802,0.16742709169737913,0.0005913940314940525,0.00908406614463469,1.182788062988105e-07,0.00908394786582839
2026-01-06,0.3296335646770168,0.5045551477729157,0.1658112875500675,0.0016158041473116475,0.002714995023903633,3.231608294623295e-07,0.002714671863074171
2026-01-07,0.3258769753230262,0.508723073007145,0.16539995166982877,0.004167925234229375,0.00034089399923055083,8.33585046845875e-07,0.00034006041418370496
2026-01-08,0.326250765750876,0.5088938377205492,0.16485539652857475,0.0005445551412540106,-0.0016732789473729577,1.0891102825080213e-07,-0.0016733878584012085
2026-01-09,0.32787356915651267,0.505987224838617,0.16613920600487028,0.002906612881932169,0.006731318453478606,5.813225763864338e-07,0.00673073713090222
2026-01-12,0.3286763102656759,0.5021281576282821,0.16919553210604213,0.0038590672103349932,0.0021991523403100607,7.718134420669986e-07,0.002198380526867994
2026-01-13,0.3392394119151387,0.5050429600082945,0.15571762807656678,0.013477904029475268,-3.5425597083268794e-05,2.695580805895054e-06,-3.8121177889163845e-05
2026-01-14,0.34579796608852587,0.4979694190491888,0.15623261486228535,0.007073540959105742,0.0027893437204999138,1.4147081918211486e-06,0.0027879290123080927
2026-01-15,0.3462797205382169,0.49676277039017286,0.1569575090716102,0.001206648659015902,-0.00013140024492415154,2.413297318031804e-07,-0.0001316415746559547
2026-01-16,0.3460866837153729,0.49632652418017414,0.15758679210445303,0.0006292830328427645,-0.003915622285768607,1.258566065685529e-07,-0.003915748142375176
2026-01-20,0.34542278914221225,0.49626617781235205,0.15831103304543573,0.0007242409409827094,-0.00754187983549981,1.448481881965419e-07,-0.007542024683688007
2026-01-21,0.34129867285657456,0.4968903331377234,0.1618109940057021,0.004124116285637705,0.01008103663783393,8.24823257127541e-07,0.010080211814576802
2026-01-22,0.3409853547196491,0.49094419618330576,0.16807044909704516,0.006259455091343097,0.007020873314880517,1.2518910182686194e-06,0.0070196214238622484
2026-01-23,0.3293634468015448,0.4766163068783747,0.19402024632008041,0.02594979722303531,0.004090782100273559,5.189959444607062e-06,0.004085592140828952
2026-01-26,0.33120340183659697,0.4756442790913694,0.19315231907203362,0.001839955035052132,0.006779353243481315,3.6799100701042645e-07,0.006778985252474305
2026-01-27,0.3312317700179196,0.47706276979645335,0.19170546018562698,0.0014468588864065962,0.0030528854381289623,2.8937177728131927e-07,0.003052596066351681
2026-01-28,0.3355399437171732,0.47520160954246843,0.1892584467403584,0.004308173699253556,0.006221870580999812,8.616347398507114e-07,0.006221008946259961
2026-01-29,0.33981906128429884,0.4736013414158203,0.18657959729988097,0.004279117567125609,-6.062775056245534e-05,8.558235134251219e-07,-6.148357407588047e-05
2026-01-30,0.3389607259344691,0.47371405868832445,0.18732521537720664,0.0008583353498298057,-0.022906383480370315,1.7166706996596115e-07,-0.02290655514744028
2026-02-02,0.35552147178501986,0.5078353001209328,0.13664322809404725,0.05068198728315927,-0.005156055058390296,1.0136397456631855e-05,-0.005166191455846928
2026-02-03,0.3596784565455072,0.5089693830891157,0.13135216036537725,0.005291067728670079,0.0065460298638652225,1.0582135457340159e-06,0.0065449716503194885
2026-02-04,0.36054874888328103,0.5154866063982313,0.12396464471848768,0.007387515646889532,-0.0031409612136076314,1.4775031293779066e-06,-0.003142438716737009
2026-02-05,0.3597636896410634,0.5161423278840874,0.12409398247484926,0.0007850592422176603,-0.0021916415223316296,1.5701184844353206e-07,-0.002191798534180073
2026-02-06,0.3663569066356757,0.5080411832534879,0.1256019101108365,0.008101144630599522,0.01123694732247938,1.6202289261199044e-06,0.01123532709355326
2026-02-09,0.34868963937330333,0.5270284344219727,0.12428192620472396,0.01898725116848484,0.004718067936290775,3.797450233696968e-06,0.004714270486057078
2026-02-10,0.3474465059588706,0.5315110189664327,0.12104247507469672,0.004482584544460003,0.004017452008766505,8.965169088920006e-07,0.0040165554918576134
2026-02-11,0.355071639800423,0.5214512113226836,0.12347714887689339,0.0100598076437491,-0.0014538328893814042,2.01196152874982e-06,-0.001455844850910154
2026-02-12,0.36407948015668,0.5124633850020954,0.12345713484122454,0.009007840356257,-0.0031032068311586747,1.8015680712514e-06,-0.0031050083992299263
2026-02-13,0.36540862335064045,0.5093644208251505,0.12522695582420917,0.0030989641769449752,0.006170025940616251,6.19792835388995e-07,0.006169406147780862
2026-02-17,0.3669838115996086,0.5078855252830531,0.12513066311733845,0.0015751882489681568,-0.0024591130404454263,3.150376497936314e-07,-0.00245942807809522
2026-02-18,0.3738498052695767,0.5059206130623864,0.12022958166803681,0.006865993669968186,0.0026733026664251085,1.3731987339936372e-06,0.002671929467691115
2026-02-19,0.3719770573723655,0.507863226521548,0.12015971610608647,0.001942613459161531,-0.00013499321666370523,3.8852269183230623e-07,-0.00013538173935553755
2026-02-20,0.37472354966968624,0.5054109038882049,0.11986554644210902,0.0027464922973206643,0.003888834403445217,5.492984594641329e-07,0.003888285104985753
2026-02-23,0.37667543328290654,0.504032206591422,0.11929236012567145,0.0019518836132203649,0.0012366807171815225,3.90376722644073e-07,0.0012362903404588785
2026-02-24,0.3734087981803321,0.5073098405147853,0.11928136130488262,0.0032776339233632837,0.0019654850892816813,6.555267846726568e-07,0.0019648295624970086
2026-02-25,0.38098736806033345,0.50192557294799,0.11708705899167657,0.007578569880001357,0.002977134326059169,1.5157139760002715e-06,0.0029756186120831686
2026-02-26,0.3815775616102718,0.5016678381597164,0.11675460023001182,0.0005901935499383545,0.0008905332969204427,1.1803870998767092e-07,0.000890415258210455
2026-02-27,0.3869933152013869,0.4975217605220677,0.11548492427654536,0.005415753591115131,0.0026894419525830522,1.0831507182230263e-06,0.0026883588018648294
2026-03-02,0.3908760587308016,0.4936918571091614,0.11543208416003697,0.0038827435294146867,-0.0032440993826846343,7.765487058829374e-07,-0.003244875931390517
2026-03-03,0.39747913495439413,0.4861799558678574,0.1163409091777484,0.007511901241303985,-0.009670255637838712,1.5023802482607971e-06,-0.009671758018086972
2026-03-04,0.3958154060532175,0.4911795740183795,0.11300501992840307,0.004999618150522009,0.002138191044976459,9.999236301044018e-07,0.0021371911213463545
2026-03-05,0.3863815414800171,0.5028072624720539,0.11081119604792906,0.011627688453674428,-0.005516388860506001,2.325537690734886e-06,-0.005518714398196736
2026-03-06,0.38628417667307186,0.502580538294434,0.11113528503249409,0.0003240889845650338,-0.005171447276352832,6.481779691300676e-08,-0.005171512094149745
2026-03-09,0.38044324742438973,0.5073387988319584,0.11221795374365186,0.005840929248682132,0.007516557966394898,1.1681858497364264e-06,0.007515389780545161
2026-03-10,0.3797507252636736,0.5068222873717151,0.11342698736461125,0.001209033620959435,-0.004726856732326863,2.41806724191887e-07,-0.0047270985390510546
2026-03-11,0.38497773089048587,0.5001179715609989,0.11490429754851518,0.006704315810716191,-0.007330943135473824,1.3408631621432383e-06,-0.0073322839986359675
2026-03-12,0.3932659246954154,0.4895073204172986,0.11722675488728615,0.01061065114370039,-0.009230702925611428,2.122130228740078e-06,-0.009232825055840168
2026-03-13,0.3854102742480053,0.496501601471133,0.1180881242808617,0.00785565044741001,-0.00616398252962566,1.5711300894820023e-06,-0.006165553659715143
2026-03-16,0.38678760325017575,0.4955331229702243,0.11767927377960008,0.0013773290021703924,0.007667997836631844,2.754658004340785e-07,0.00766772237083141
2026-03-17,0.3857981577311611,0.4948709559375206,0.11933088633131826,0.0016516125517182442,0.0020761894842858735,3.3032251034364885e-07,0.00207585916177553
2026-03-18,0.3852086565860248,0.4974654344417181,0.11732590897225716,0.002594478504197431,-0.011874443951681178,5.188957008394863e-07,-0.011874962847382018
2026-03-19,0.38102776675466676,0.5015907465101707,0.11738148673516256,0.004180889831358017,-0.002719678900451247,8.361779662716035e-07,-0.0027205150784175187
2026-03-20,0.38249069558094856,0.5025707109354756,0.11493859348357599,0.002442893251586635,-0.018531096961938456,4.88578650317327e-07,-0.018531585540588775
2026-03-23,0.39606073837316413,0.48499419839563374,0.11894506323120227,0.01757651253984184,0.004635482978186441,3.5153025079683682e-06,0.004631967675678473
2026-03-24,0.3953364475888866,0.4858165474853722,0.11884700492574127,0.0008223490897384944,-0.0034375390004234923,1.6446981794769888e-07,-0.00343770347024144
2026-03-25,0.3983309068736271,0.4833063806076606,0.11836271251871221,0.0029944592847405624,0.010445171895393589,5.988918569481125e-07,0.01044457300353664
2026-03-26,0.4023849198024872,0.4787347557419545,0.11888032445555832,0.004571624865706163,-0.015679635705947055,9.143249731412326e-07,-0.015680550030920195
2026-03-27,0.39701209678905536,0.48323629518988576,0.11975160802105882,0.005372823013431789,-0.005204835858501103,1.074564602686358e-06,-0.005205910423103789
2026-03-30,0.39010401355594504,0.4903768601119536,0.11951912633210139,0.007140564922067785,0.005188850175488448,1.428112984413557e-06,0.005187422062504034
2026-03-31,0.3962245398884407,0.48215760630397175,0.12161785380758768,0.008219253807981886,0.015625872887371814,1.643850761596377e-06,0.015624229036610218
2026-04-01,0.3714226090225137,0.5014961348026585,0.12708125617482774,0.024801930865926934,0.004528729732652503,4.960386173185387e-06,0.004523769346479318
2026-04-02,0.3698010947130001,0.5031737067651912,0.12702519852180869,0.0016775719625326674,0.0009845429219372385,3.355143925065335e-07,0.0009842074075447319
2026-04-06,0.3701286719550051,0.5038497391245486,0.1260215889204465,0.0010036096013622542,0.00042031643079390847,2.0072192027245084e-07,0.00042011570887363605
2026-04-07,0.3696368402507919,0.5042592836930576,0.12610387605615034,0.0004918317042130471,0.0013311229951435822,9.836634084260942e-08,0.0013310246288027396
2026-04-08,0.36970787975457975,0.5039900840909342,0.1263020361544861,0.00026919960212352934,0.011840630353931837,5.383992042470587e-08,0.011840576514011412
2026-04-09,0.3558905867514518,0.5148540478113648,0.12925536543718338,0.013817293003127937,0.001755450437114689,2.7634586006255877e-06,0.0017526869785140634
2026-04-10,0.35437370721720546,0.5164971047798081,0.12912918800298637,0.0016430569684433571,-0.0017155176215794025,3.2861139368867146e-07,-0.0017158462329730912
2026-04-13,0.35368544735824065,0.517421482590064,0.1288930700516953,0.0009243778102558803,0.004489818162982373,1.8487556205117606e-07,0.004489633287420322
2026-04-14,0.35137063619399844,0.5199635637443689,0.12866580006163267,0.002542081154304862,0.009914179923941172,5.084162308609724e-07,0.009913671507710312
2026-04-15,0.3491800841929547,0.5215194448943786,0.12930047091266672,0.002190552001043747,-0.0008620721147720404,4.381104002087494e-07,-0.0008625102251722492
2026-04-16,0.3487552239379248,0.5216780035221322,0.12956677253994303,0.000424860255029913,-0.0025591575839082575,8.49720510059826e-08,-0.0025592425559592636
2026-04-17,0.3493048047702118,0.52104662725482,0.12964856797496827,0.0006313762673122447,0.01071584737742694,1.2627525346244894e-07,0.010715721102173477
2026-04-20,0.3497641823315485,0.5191162009651954,0.13111961670325623,0.001930426289624615,-0.0019477941659937306,3.86085257924923e-07,-0.0019481802512516554
2026-04-21,0.34857469695708815,0.5207949950871832,0.13063030795572864,0.0016787941219878616,-0.0088532250941753,3.3575882439757234e-07,-0.008853560852999699
2026-04-22,0.35092467722541665,0.5210950221717829,0.12798030060280036,0.002650007352928266,0.00627218096120721,5.300014705856532e-07,0.0062716509597366245
2026-04-23,0.34956223468961184,0.5232288464751774,0.12720891883521096,0.002133824303394344,-0.0037359534249315493,4.267648606788688e-07,-0.003736380189792228
2026-04-24,0.3489434065941577,0.5236931671102416,0.12736342629560063,0.0006188280954540076,0.0043251177977616925,1.2376561909080153e-07,0.0043249940321426015
2026-04-27,0.3476486373219827,0.5246083841182584,0.12774297855975886,0.001294769272174992,-0.0029932689784742316,2.589538544349984e-07,-0.0029935279323286667
2026-04-28,0.3479202338974326,0.524161958242804,0.12791780785976334,0.00044642587545438983,-0.003520797334294775,8.928517509087797e-08,-0.003520886619469866
2026-04-29,0.34602678210295723,0.525986120145246,0.12798709775179667,0.0018934517944753787,-0.005498778397603605,3.7869035889507574e-07,-0.0054991570879624994
2026-04-30,0.3471394642421685,0.52188280605533,0.1309777297025015,0.004103314089916071,0.004927922865213805,8.206628179832143e-07,0.0049271022023958215
2026-05-01,0.34565717241455435,0.5234226610026347,0.13092016658281103,0.0015398549473046586,0.0026803372501162433,3.0797098946093173e-07,0.0026800292791267825
2026-05-04,0.3380111773151762,0.5131736254189015,0.1488151972659223,0.017895030683111268,-0.008113198520623359,3.579006136622254e-06,-0.008116777526759981
2026-05-05,0.3386581641839923,0.5090998198303728,0.15224201598563492,0.004073805588528739,0.006840061273914309,8.14761117705748e-07,0.006839246512796604
2026-05-06,0.33596991550035676,0.5011408603029217,0.16288922419672158,0.01064720821108664,0.013424660473073051,2.129441642217328e-06,0.013422531031430833
2026-05-07,0.3361491996830967,0.5022348130040679,0.16161598731283547,0.001273236883886128,-0.0032694392664900165,2.546473767772256e-07,-0.0032696939138667936
2026-05-08,0.335612493398866,0.5031991778579782,0.1611883287431559,0.0009643648539102712,0.0060774741398560966,1.9287297078205425e-07,0.0060772812668853145
2026-05-11,0.3410262559511488,0.49604825738872244,0.16292548666012877,0.007150920469255723,-0.00188932344408859,1.4301840938511445e-06,-0.0018907536281824412
2026-05-12,0.34163367735633465,0.4929083874948862,0.16545793514877918,0.0031398698938362446,-0.004456106110422935,6.279739787672489e-07,-0.004456734084401702
2026-05-13,0.33830911856859897,0.49769220709217404,0.1639986743392271,0.004783819597287811,-0.00014026744201067775,9.567639194575623e-07,-0.00014122420593013532
2026-05-14,0.3370591234326176,0.49879582151970026,0.1641450550476821,0.0012499951359812717,0.0021122152620088428,2.4999902719625436e-07,0.0021119652629816464
2026-05-15,0.3341273432938608,0.5028435041952151,0.1630291525109241,0.0040476826755148215,-0.015265836083404209,8.095365351029644e-07,-0.015266645619939312
2026-05-18,0.335725867255703,0.4968175608611494,0.16745657188314758,0.006025943334065684,-0.0003726324298796342,1.205188666813137e-06,-0.0003738376185464473
2026-05-19,0.33418975902066556,0.49544060108523,0.17036963989410459,0.0029130680109569346,-0.008249342498211189,5.826136021913869e-07,-0.00824992511181338
2026-05-20,0.3334714195767599,0.4943398358213797,0.17218874460186034,0.0018191047077558697,0.011186072476824243,3.63820941551174e-07,0.011185708655882693
2026-05-21,0.3368278961379404,0.48918210210895674,0.17399000175310278,0.005157733712422938,0.00230428506860881,1.0315467424845877e-06,0.0023032535218663257
2026-05-22,0.3374590563832545,0.48680235692907725,0.17573858668766823,0.0023797451798795305,0.0026496276947107727,4.759490359759061e-07,0.002649151745674797
2026-05-25,0.3395242067464527,0.4820839380073042,0.1783918552462432,0.00471841892177309,0.0,9.436837843546181e-07,-9.436837843546181e-07
2026-05-26,0.3398170516724389,0.4815555233681743,0.17862742495938672,0.0005284146391298233,0.004722034997765243,1.0568292782596468e-07,0.004721929314837417
2026-05-27,0.341309940438715,0.4796921626978951,0.17899789686338996,0.0018633606702792571,-0.0013140539282563183,3.726721340558514e-07,-0.0013144266003903742
2026-05-28,0.341928575561955,0.4795954825987062,0.17847594183933888,0.0006186351232399939,0.006230083379576515,1.237270246479988e-07,0.006229959652551867
2026-05-29,0.34195911190060363,0.47960966804838695,0.1784312200510094,4.472178832942708e-05,0.002844325175856059,8.944357665885416e-09,0.002844316231498393
2026-06-01,0.3390150211443967,0.4837750737531028,0.17720990510250045,0.004165405704715866,-0.001305881754734277,8.330811409431732e-07,-0.0013067148358752202
2026-06-02,0.3385731264792855,0.4779691943810333,0.1834576791396813,0.00624777403718077,0.0017741311302756373,1.2495548074361541e-06,0.0017728815754682011
2026-06-03,0.33903777431016974,0.4773196684386405,0.18364255725118972,0.0006495259423927313,-0.006092688350914691,1.2990518847854626e-07,-0.00609281825610317
2026-06-04,0.3384280953557071,0.4776231420355393,0.18394876260875362,0.0006096789544626641,0.003875933086912582,1.2193579089253282e-07,0.0038758111511216897
2026-06-05,0.34298088895672096,0.47361050750780576,0.18340860353547317,0.004552793601013919,-0.017992146578354587,9.105587202027838e-07,-0.01799305713707479
2026-06-08,0.3275286285753055,0.4909992237333479,0.18147214769134662,0.017388716225542084,-0.0013265032934900826,3.477743245108417e-06,-0.001329981036735191
2026-06-09,0.3246874291808821,0.4947011463103311,0.18061142450878673,0.0037019225769832215,-0.0009805772931387167,7.403845153966443e-07,-0.0009813176776541134
2026-06-10,0.32051587975981627,0.5019081212904255,0.1775759989497582,0.007206974980094399,-0.013829839227679722,1.4413949960188799e-06,-0.01383128062267574
2026-06-11,0.32209875784405845,0.5048606125890187,0.17304062956692284,0.004535369382835372,0.01744087706915201,9.070738765670744e-07,0.017439969995275445
2026-06-12,0.32518663113229423,0.5020656325827692,0.17274773628493661,0.0030878732882357873,0.0006307533195691133,6.175746576471575e-07,0.0006301357449114662
2026-06-15,0.3244489719726845,0.5041060820767136,0.17144494595060175,0.00204044949394451,0.009867265575168453,4.08089898788902e-07,0.009866857485269664
2026-06-16,0.32049325343299323,0.5097841347616916,0.16972261180531523,0.005678052684977911,0.0013467389880800198,1.1356105369955823e-06,0.0013456033775430243
2026-06-17,0.322945118441246,0.5052617419293731,0.17179313962938086,0.00452239283231845,-0.007113500208459789,9.044785664636901e-07,-0.007114404687026253
2026-06-18,0.3165071588674662,0.5072509272225023,0.17624191391003138,0.006437959573779753,0.005087267109159038,1.2875919147559507e-06,0.005085979517244282
2026-06-22,0.3058354303632284,0.5228909076385247,0.17127366199824684,0.015639980416022395,-0.0060600244730945815,3.127996083204479e-06,-0.006063152469177786
2026-06-23,0.30686027185039894,0.5197484879695932,0.17339124018000784,0.0031424196689315564,-0.007069774558307764,6.284839337863113e-07,-0.00707040304224155
2026-06-24,0.3019967272974314,0.5252700635085618,0.17273320919400678,0.005521575538968607,0.0018316645680436722,1.1043151077937213e-06,0.0018305602529358786
2026-06-25,0.3055979349751169,0.5189193655808206,0.1754826994440625,0.006350697927741178,0.0019613201366928514,1.2701395855482356e-06,0.001960049997107303
2026-06-26,0.3081195553155727,0.5150497327464826,0.17683071193794458,0.0038696328343379854,-0.00017329894716989471,7.739265668675971e-07,-0.0001740728737367623
2026-06-29,0.31034773319034337,0.5097411420056029,0.17991112480405366,0.005308590740879679,0.0032063896036086336,1.0617181481759358e-06,0.0032053278854604576
2026-06-30,0.30012494400296824,0.5239578927712316,0.17591716322580017,0.014216750765628644,-0.0039297528631930265,2.843350153125729e-06,-0.003932596213346152
2026-07-01,0.3179361635099449,0.4983243761117381,0.183739460378317,0.025633516659493524,-0.002691073768840077,5.126703331898705e-06,-0.0026962004721719757
2026-07-02,0.31950608918142015,0.49395728347874546,0.18653662733983442,0.0043670926329926335,0.0033125335484064347,8.734185265985268e-07,0.003311660129879836
2026-07-06,0.31818545780827895,0.4973297177256013,0.1844848244661197,0.0033724342468558904,0.004379466418673795,6.744868493711781e-07,0.004378791931824423
2026-07-07,0.3175541282568579,0.4985802734110941,0.183865598332048,0.001250555685492774,-0.00899279127728191,2.5011113709855483e-07,-0.008993041388419007
2026-07-08,0.32087809952777163,0.4922615927102435,0.18686030776198487,0.006318680700850607,-0.0036023580555389683,1.2637361401701214e-06,-0.0036036217916791385
2026-07-09,0.3337079894289671,0.4830542672894208,0.18323774328161202,0.012829889901195518,0.00539454380956204,2.5659779802391037e-06,0.005391977831581801
2026-07-10,0.33295109160792724,0.4839024991440557,0.18314640924801714,0.0008482318546348261,0.0007539624799233015,1.6964637092696522e-07,0.0007537928335523745
2026-07-13,0.3327215605410228,0.484236955421028,0.1830414840379491,0.0003344562769724002,-0.010210521051276232,6.689125539448005e-08,-0.010210587942531626
2026-07-14,0.33429087486817644,0.48501057933986585,0.18069854579195768,0.0023429382459914383,0.004293103402545528,4.685876491982877e-07,0.004292634814896329
2026-07-15,0.33532284008708774,0.48357167892481684,0.1811054809880955,0.0014389004150490714,0.0023466286856452323,2.877800830098143e-07,0.0023463409055622226
2026-07-16,0.3357438464596551,0.4834031785735101,0.1808529749668348,0.00042100637256739515,-0.005580828054917202,8.420127451347904e-08,-0.005580912256191716
2026-07-17,0.33366044056343014,0.48751650428264254,0.17882305515392727,0.004113325709132462,0.00018281544525168038,8.226651418264924e-07,0.00018199278010985387
2026-07-20,0.3304502456351696,0.4918830844219588,0.17766666994287153,0.004366580139316276,-0.004590474593719841,8.733160278632552e-07,-0.004591347909747704
2026-07-21,0.3326229812513025,0.48838074774377044,0.178996271004927,0.0035023366781883752,0.004946328657843182,7.004673356376751e-07,0.004945628190507544
2026-07-22,0.33136390390500736,0.48916565633690956,0.17947043975808316,0.001259077346295226,0.00039207456463078555,2.518154692590452e-07,0.0003918227491615265
2026-07-23,0.3334079466700824,0.4874508356154179,0.17914121771449984,0.0020440427650749993,-0.009285840399991805,4.0880855301499985e-07,-0.00928624920854482
2026-07-24,0.33009596843530276,0.490932657543469,0.17897137402122823,0.0034818219280511598,0.000990675339750079,6.96364385610232e-07,0.000989978975364469
2026-07-27,0.331192849371681,0.4900401317018679,0.1787670189264511,0.0010968809363782195,0.004327186995105292,2.193761872756439e-07,0.004326967618918016
2026-07-28,0.33218001451350787,0.4889202889896609,0.1788996964968313,0.0011198427122070392,0.0011442155193885626,2.2396854244140787e-07,0.0011439915508461211
2026-07-29,0.3341421215456316,0.4856819175305045,0.18017596092386393,0.0032383714591563834,-0.012321459456727761,6.476742918312767e-07,-0.012322107131019593
2026-07-30,0.33553913147790426,0.4777718472813634,0.18668902124073244,0.00791007024914113,0.008396094833559922,1.582014049828226e-06,0.008394512819510093
2026-07-31,0.3312657883833433,0.4810887861179188,0.18764542549873792,0.0042733430945609,-0.0036066871838307903,8.5466861891218e-07,-0.0036075418524497025
2026-08-03,0.33153716782424086,0.48098788342085014,0.18747494875490892,0.00027137944089759836,0.006393169875551262,5.427588817951967e-08,0.006393115599663083
2026-08-04,0.32560801012247365,0.4848744892824312,0.18951750059509523,0.005929157701767301,0.010836161251888504,1.1858315403534603e-06,0.01083497542034815
2026-08-05,0.3211846511843944,0.4869323857315305,0.19188296308407501,0.004423358938079186,0.00835573390251419,8.846717876158372e-07,0.008354849230726574
2026-08-06,0.3243783257143918,0.4903514933449869,0.1852701809406213,0.0066127821434537465,-0.0033398192860895257,1.3225564286907494e-06,-0.0033411418425182164
2026-08-07,0.32487291059742845,0.48970711102461545,0.18541997837795615,0.0006443823203714782,0.007598373567644535,1.2887646407429565e-07,0.007598244691180461
2026-08-10,0.32585938615031756,0.491956068089029,0.18218454576065357,0.0032354326173026082,-0.002397153367180831,6.470865234605217e-07,-0.0023978004537042914
2026-08-11,0.32736082121157045,0.4903421790562597,0.1822969997321698,0.0016138890327691974,-0.0009847075619116297,3.227778065538395e-07,-0.0009850303397181835
2026-08-12,0.3257762435686817,0.49260863613388783,0.1816151202974305,0.0022664570776281118,0.002130160600972581,4.532914155256224e-07,0.0021297073095570556
2026-08-13,0.3263063787368167,0.4927356601275491,0.18095796113563417,0.0006571591617963168,0.0024936827723119025,1.3143183235926337e-07,0.002493551340479543
2026-08-14,0.328188485170165,0.4908917752900117,0.18091973953982327,0.0018821064333482962,-0.002775962642928523,3.7642128666965926e-07,-0.0027763390642151923
2026-08-17,0.32415848931371005,0.4974862265151969,0.17835528417109314,0.0065944512251851495,-0.003935143139457503,1.31889024503703e-06,-0.00393646202970254
2026-08-18,0.326384071309887,0.4940624885691887,0.17955344012092417,0.0034237379460080875,-0.003395294129818361,6.847475892016175e-07,-0.0033959788774075624
2026-08-19,0.3254093687247495,0.4956523295626593,0.17893830171259115,0.001589840993470551,0.015802220962692976,3.179681986941102e-07,0.01580190299449428
2026-08-20,0.33627036966433554,0.48778116737907584,0.17594846295658864,0.010861000939586002,-0.006216220151926878,2.1722001879172004e-06,-0.006218392352114795
2026-08-21,0.33632138587966337,0.48624266833424423,0.17743594578609248,0.0015384990448316371,0.0031245087582034577,3.0769980896632745e-07,0.0031242010583944916
2026-08-24,0.3360378646905008,0.48827360921880847,0.17568852609069066,0.0020309408845643195,0.0034294338445433254,4.0618817691286394e-07,0.0034290276563664125
2026-08-25,0.3374041149176968,0.48625159958075553,0.1763442855015478,0.0020220096380530322,0.007008283220129833,4.0440192761060646e-07,0.0070078788182022225
2026-08-26,0.3417202631336555,0.48031167884279696,0.1779680580235475,0.005939920737958501,-0.00370863396644837,1.1879841475917002e-06,-0.0037098219505959616
2026-08-27,0.3417695480174257,0.48063289931563496,0.17759755266693916,0.00037050535660827777,0.00179817927900094,7.410107132165556e-08,0.0017981051779296182
