Date,GLD,SPY,TLT,^VIX
2010-01-04,109.80000305175781,84.5784683227539,55.28183364868164,20.040000915527344
2010-01-05,109.69999694824219,84.80237579345703,55.638858795166016,19.350000381469727
2010-01-06,111.51000213623047,84.8620834350586,54.89408874511719,19.15999984741211
2010-01-07,110.81999969482422,85.22029876708984,54.98638916015625,19.059999465942383
2010-01-08,111.37000274658203,85.5038833618164,54.96177291870117,18.1299991607666
2010-01-11,112.8499984741211,85.62330627441406,54.660118103027344,17.549999237060547
2010-01-12,110.48999786376953,84.82476043701172,55.59572982788086,18.25
2010-01-13,111.54000091552734,85.54118347167969,54.94947052001953,17.850000381469727
2010-01-14,112.02999877929688,85.7725830078125,55.71887969970703,17.6299991607666
2010-01-15,110.86000061035156,84.80982971191406,56.06359100341797,17.90999984741211
2010-01-19,111.5199966430664,85.86956024169922,55.903564453125,17.579999923706055
2010-01-20,108.94000244140625,84.99641418457031,56.4698600769043,18.68000030517578
2010-01-21,107.37000274658203,83.36202239990234,56.72834777832031,22.270000457763672
2010-01-22,107.16999816894531,81.50373077392578,56.62990188598633,27.309999465942383
2010-01-25,107.4800033569336,81.92161560058594,56.371334075927734,25.40999984741211
2010-01-26,107.55999755859375,81.57833862304688,56.38982009887695,24.549999237060547
2010-01-27,106.52999877929688,81.9664077758789,56.35902786254883,23.139999389648438
2010-01-28,106.4800033569336,81.02606964111328,56.328277587890625,23.729999542236328
2010-01-29,105.95999908447266,80.14543914794922,56.820701599121094,24.6200008392334
2010-02-01,108.3499984741211,81.39176177978516,56.304935455322266,22.59000015258789
2010-02-02,109.12999725341797,82.37686920166016,56.46554946899414,21.479999542236328
2010-02-03,108.69999694824219,81.9664077758789,55.810752868652344,21.600000381469727
2010-02-04,104.37000274658203,79.43643951416016,56.694068908691406,26.079999923706055
2010-02-05,104.68000030517578,79.60065460205078,56.817604064941406,26.110000610351562
2010-02-08,104.04000091552734,79.02600860595703,56.89174270629883,26.510000228881836
2010-02-09,105.41000366210938,80.01854705810547,56.323429107666016,26.0
2010-02-10,105.12000274658203,79.86186981201172,55.7860221862793,25.399999618530273
2010-02-11,107.12999725341797,80.6977310180664,55.483341217041016,23.959999084472656
2010-02-12,107.04000091552734,80.63052368164062,55.711910247802734,22.729999542236328
2010-02-16,109.62000274658203,81.8992919921875,55.816890716552734,22.25
2010-02-17,109.25,82.2873306274414,55.1806640625,21.719999313354492
2010-02-18,109.9800033569336,82.7724380493164,54.95826721191406,20.6299991607666
2010-02-19,109.47000122070312,82.94407653808594,55.25478744506836,20.020000457763672
2010-02-22,109.06999969482422,82.95896911621094,55.02620315551758,19.940000534057617
2010-02-23,107.88999938964844,81.95149993896484,55.8848762512207,21.3700008392334
2010-02-24,107.36000061035156,82.70526885986328,56.020755767822266,20.270000457763672
2010-02-25,108.30999755859375,82.59333038330078,56.33575439453125,20.100000381469727
2010-02-26,109.43000030517578,82.64557647705078,56.62611770629883,19.5
2010-03-01,109.43000030517578,83.50383758544922,56.60133743286133,19.260000228881836
2010-03-02,111.0199966430664,83.73517608642578,56.52701187133789,19.059999465942383
2010-03-03,111.62999725341797,83.80977630615234,56.38442611694336,18.829999923706055
2010-03-04,110.83000183105469,84.06350708007812,56.68183517456055,18.719999313354492
2010-03-05,110.80999755859375,85.26506805419922,55.93827438354492,17.420000076293945
2010-03-08,109.87999725341797,85.28002166748047,55.64702224731445,17.790000915527344
2010-03-09,109.72000122070312,85.42179107666016,55.65941619873047,17.920000076293945
2010-03-10,108.47000122070312,85.80243682861328,55.516937255859375,18.56999969482422
2010-03-11,108.5999984741211,86.16064453125,55.721378326416016,18.059999465942383
2010-03-12,107.94999694824219,86.16812133789062,56.06840133666992,17.579999923706055
2010-03-15,108.36000061035156,86.19049835205078,55.994041442871094,18.0
2010-03-16,110.4000015258789,86.87705993652344,56.440269470214844,17.690000534057617
2010-03-17,109.58999633789062,87.39205169677734,56.68183517456055,16.90999984741211
2010-03-18,110.33999633789062,87.34727478027344,56.4959716796875,16.6200008392334
2010-03-19,108.27999877929688,86.9051284790039,56.55173873901367,16.969999313354492
2010-03-22,107.75,87.36972045898438,56.61373519897461,16.8700008392334
2010-03-23,108.31999969482422,87.98421478271484,56.34730911254883,16.350000381469727
2010-03-24,106.30000305175781,87.55708312988281,55.318603515625,17.549999237060547
2010-03-25,106.77999877929688,87.41468811035156,54.965415954589844,18.399999618530273
2010-03-26,108.58999633789062,87.36227416992188,55.1202392578125,17.770000457763672
2010-03-29,108.75,87.91676330566406,54.90961837768555,17.59000015258789
2010-03-30,107.97000122070312,87.97673797607422,55.083099365234375,17.1299991607666
2010-03-31,108.94999694824219,87.677001953125,55.46114730834961,17.59000015258789
2010-04-01,110.26000213623047,88.27651977539062,55.32548141479492,17.469999313354492
2010-04-05,110.88999938964844,88.99591064453125,54.405029296875,17.020000457763672
2010-04-06,111.02999877929688,89.20571899414062,54.49208068847656,16.229999542236328
2010-04-07,112.48999786376953,88.69613647460938,55.188690185546875,16.6200008392334
2010-04-08,112.6500015258789,89.0033950805664,55.21358108520508,16.479999542236328
2010-04-09,113.63999938964844,89.5878677368164,55.34416198730469,16.139999389648438
2010-04-12,113.01000213623047,89.73027801513672,55.63650131225586,15.579999923706055
2010-04-13,112.69000244140625,89.79772186279297,55.81687927246094,16.200000762939453
2010-04-14,113.02999877929688,90.81690979003906,55.425071716308594,15.59000015258789
2010-04-15,113.6500015258789,90.8918228149414,55.48725128173828,15.890000343322754
2010-04-16,111.23999786376953,89.44550323486328,55.891544342041016,18.360000610351562
2010-04-19,111.1500015258789,89.7827377319336,55.754695892333984,17.34000015258789
2010-04-20,111.45999908447266,90.5845718383789,55.953739166259766,15.729999542236328
2010-04-21,112.30999755859375,90.41970825195312,56.413978576660156,16.31999969482422
2010-04-22,111.83999633789062,90.689453125,56.24606704711914,16.469999313354492
2010-04-23,113.19000244140625,91.281494140625,56.047035217285156,16.6200008392334
2010-04-26,112.75,90.93673706054688,56.1092529296875,17.469999313354492
2010-04-27,114.62999725341797,88.78607177734375,56.899139404296875,22.809999465942383
2010-04-28,114.30999755859375,89.46053314208984,56.413978576660156,21.079999923706055
2010-04-29,114.27999877929688,90.56959533691406,56.6503791809082,18.440000534057617
2010-04-30,115.36000061035156,89.03335571289062,57.30345153808594,22.049999237060547
2010-05-03,115.7300033569336,90.18740844726562,57.228519439697266,20.190000534057617
2010-05-04,114.87000274658203,88.0666732788086,58.258384704589844,23.84000015258789
2010-05-05,115.08999633789062,87.54209899902344,58.601715087890625,24.90999984741211
2010-05-06,118.48999786376953,84.63451385498047,60.41170120239258,32.79999923706055
2010-05-07,118.2699966430664,83.37554931640625,59.65651321411133,40.95000076293945
2010-05-10,117.56999969482422,87.0475082397461,58.420711517333984,28.84000015258789
2010-05-11,120.66000366210938,86.80020904541016,58.2708740234375,28.31999969482422
2010-05-12,121.4000015258789,88.01422119140625,57.82770919799805,25.520000457763672
2010-05-13,120.55999755859375,86.92012786865234,58.20844650268555,26.68000030517578
2010-05-14,120.37000274658203,85.346435546875,59.219581604003906,31.239999771118164
2010-05-17,119.36000061035156,85.39141845703125,59.001121520996094,30.84000015258789
2010-05-18,119.48999786376953,84.22985076904297,59.906150817871094,33.54999923706055
2010-05-19,116.62999725341797,83.750244140625,60.10586929321289,35.31999969482422
2010-05-20,115.83999633789062,80.5879135131836,61.37290573120117,45.790000915527344
2010-05-21,115.22000122070312,81.76441955566406,61.43534469604492,40.099998474121094
2010-05-24,116.83999633789062,80.71529388427734,61.22315216064453,38.31999969482422
2010-05-25,117.36000061035156,80.79772186279297,61.522735595703125,34.61000061035156
2010-05-26,118.47000122070312,80.31061553955078,61.34794235229492,35.02000045776367
2010-05-27,118.69000244140625,83.00086212158203,59.956111907958984,29.68000030517578
2010-05-28,118.87999725341797,81.95923614501953,60.23073959350586,32.06999969482422
2010-06-01,119.91000366210938,80.58037567138672,60.654048919677734,35.540000915527344
2010-06-02,119.77999877929688,82.67866516113281,60.07792282104492,30.170000076293945
2010-06-03,117.95999908447266,82.96342468261719,59.639503479003906,29.459999084472656
2010-06-04,119.19000244140625,80.04835510253906,61.242740631103516,35.47999954223633
2010-06-07,121.48999786376953,79.05168151855469,61.71246337890625,36.56999969482422
2010-06-08,121.0,79.89847564697266,61.405601501464844,33.70000076293945
2010-06-09,120.55999755859375,79.47132110595703,61.336700439453125,33.72999954223633
2010-06-10,118.97000122070312,81.79439544677734,60.24073028564453,30.56999969482422
2010-06-11,120.01000213623047,82.19156646728516,61.004791259765625,28.790000915527344
2010-06-14,119.5999984741211,82.06417083740234,60.69165802001953,28.579999923706055
2010-06-15,120.98999786376953,83.93012237548828,60.44115447998047,25.8700008392334
2010-06-16,120.33000183105469,83.90010070800781,60.78559494018555,25.920000076293945
2010-06-17,121.9000015258789,84.03501892089844,61.28035354614258,25.049999237060547
2010-06-18,122.83000183105469,84.12614440917969,61.18012619018555,23.950000762939453
2010-06-21,120.38999938964844,83.88520050048828,61.004791259765625,24.8799991607666
2010-06-22,121.44999694824219,82.4997787475586,61.73128128051758,27.049999237060547
2010-06-23,120.94999694824219,82.24380493164062,62.15083312988281,26.90999984741211
2010-06-24,121.30000305175781,80.88094329833984,61.78135681152344,29.739999771118164
2010-06-25,122.76000213623047,81.21977233886719,62.031856536865234,28.530000686645508
2010-06-28,121.08999633789062,80.96376037597656,62.61428451538086,29.0
2010-06-29,121.2699966430664,78.46401977539062,63.29692077636719,34.130001068115234
2010-06-30,121.68000030517578,77.71858978271484,63.72281265258789,34.540000915527344
2010-07-01,117.04000091552734,77.37226104736328,63.82328414916992,32.86000061035156
2010-07-02,118.48999786376953,76.95059967041016,63.31443405151367,30.1200008392334
2010-07-06,116.51000213623047,77.45507049560547,63.83586502075195,29.649999618530273
2010-07-07,117.7300033569336,79.89461517333984,63.0882568359375,26.84000015258789
2010-07-08,117.20999908447266,80.6852035522461,62.68634033203125,25.709999084472656
2010-07-09,118.36000061035156,81.28754425048828,62.32820510864258,24.979999542236328
2010-07-12,117.33999633789062,81.34025573730469,62.30308532714844,24.43000030517578
2010-07-13,118.36000061035156,82.5675048828125,61.769126892089844,24.559999465942383
2010-07-14,118.30000305175781,82.55998229980469,62.39101791381836,24.889999389648438
2010-07-15,118.2300033569336,82.58260345458984,63.01292037963867,25.139999389648438
2010-07-16,116.66999816894531,80.3087158203125,63.32076644897461,26.25
2010-07-19,115.7300033569336,80.7830581665039,62.93128204345703,25.969999313354492
2010-07-20,116.6500015258789,81.6790771484375,63.02552032470703,23.93000030517578
2010-07-21,115.8499984741211,80.617431640625,64.09341430664062,25.639999389648438
2010-07-22,116.86000061035156,82.41695404052734,63.352176666259766,24.6299991607666
2010-07-23,116.08999633789062,83.13225555419922,62.68002700805664,23.469999313354492
2010-07-26,115.5199966430664,83.9981460571289,62.573204040527344,22.729999542236328
2010-07-27,113.51000213623047,83.99059295654297,61.97016906738281,23.190000534057617
2010-07-28,113.77999877929688,83.4485092163086,62.17118835449219,24.25
2010-07-29,114.29000091552734,83.04187774658203,62.15233612060547,24.1299991607666
2010-07-30,115.48999786376953,83.0268325805664,63.11970901489258,23.5
2010-08-02,115.54000091552734,84.90164947509766,62.2336540222168,22.010000228881836
2010-08-03,115.98999786376953,84.49507904052734,62.59286880493164,22.6299991607666
2010-08-04,116.72000122070312,85.05977630615234,62.11388397216797,22.209999084472656
2010-08-05,116.9800033569336,84.96939849853516,62.4037971496582,22.100000381469727
2010-08-06,117.83999633789062,84.62310028076172,63.08441162109375,21.739999771118164
2010-08-09,117.4000015258789,85.07481384277344,62.85127639770508,22.139999389648438
2010-08-10,117.7300033569336,84.61552429199219,62.98356628417969,22.3700008392334
2010-08-11,117.33999633789062,82.2965087890625,63.828086853027344,25.389999389648438
2010-08-12,118.7699966430664,81.79203796386719,63.670555114746094,25.729999542236328
2010-08-13,118.73999786376953,81.55105590820312,64.46460723876953,26.239999771118164
2010-08-16,119.7300033569336,81.51342010498047,66.07797241210938,26.100000381469727
2010-08-17,119.75,82.51481628417969,65.69981384277344,24.329999923706055
2010-08-18,120.22000122070312,82.66542053222656,65.87622833251953,24.59000015258789
2010-08-19,120.38999938964844,81.2273178100586,66.90353393554688,26.440000534057617
2010-08-20,119.97000122070312,80.96376037597656,66.82791137695312,25.489999771118164
2010-08-23,119.77999877929688,80.6550521850586,66.84051513671875,25.65999984741211
2010-08-24,120.36000061035156,79.45789337158203,67.91188049316406,27.459999084472656
2010-08-25,121.36000061035156,79.76659393310547,67.6913070678711,26.700000762939453
2010-08-26,120.95999908447266,79.23200988769531,68.32785034179688,27.3700008392334
2010-08-27,121.01000213623047,80.45932006835938,66.39309692382812,24.450000762939453
2010-08-30,120.91000366210938,79.29227447509766,67.66614532470703,27.209999084472656
2010-08-31,122.08000183105469,79.29227447509766,68.41604614257812,26.049999237060547
2010-09-01,121.69000244140625,81.66401672363281,67.00142669677734,23.889999389648438
2010-09-02,122.29000091552734,82.42446899414062,66.29354095458984,23.190000534057617
2010-09-03,121.86000061035156,83.4936752319336,65.47175598144531,21.309999465942383
2010-09-07,122.69999694824219,82.55245971679688,66.81180572509766,23.799999237060547
2010-09-08,122.70999908447266,83.13225555419922,66.28081512451172,23.25
2010-09-09,121.55999755859375,83.5162353515625,64.97244262695312,22.809999465942383
2010-09-10,121.7300033569336,83.9378890991211,64.67535400390625,21.989999771118164
2010-09-13,121.62000274658203,84.87154388427734,64.99140167236328,21.209999084472656
2010-09-14,124.0199966430664,84.81883239746094,65.61714172363281,21.559999465942383
2010-09-15,123.94000244140625,85.142578125,64.64375305175781,22.100000381469727
2010-09-16,124.62999725341797,85.12001037597656,64.00532531738281,21.719999313354492
2010-09-17,124.54000091552734,85.15180206298828,64.26454162597656,22.010000228881836
2010-09-20,124.87000274658203,86.45381927490234,64.63743591308594,21.5
2010-09-21,126.01000213623047,86.27970886230469,65.53500366210938,22.350000381469727
2010-09-22,126.19999694824219,85.85578155517578,66.1228256225586,22.510000228881836
2010-09-23,126.30000305175781,85.15937805175781,66.31245422363281,23.8700008392334
2010-09-24,126.69000244140625,86.9155502319336,65.42118072509766,21.709999084472656
2010-09-27,126.72000122070312,86.49922180175781,66.55897521972656,22.540000915527344
2010-09-28,127.8499984741211,86.80201721191406,67.01407623291016,22.600000381469727
2010-09-29,127.94999694824219,86.65060424804688,66.73597717285156,23.25
2010-09-30,127.91000366210938,86.39324951171875,66.69174194335938,23.700000762939453
2010-10-01,128.91000366210938,86.75658416748047,66.369384765625,22.5
2010-10-04,128.4600067138672,86.10560607910156,66.54075622558594,23.530000686645508
2010-10-05,130.99000549316406,87.83906555175781,66.1409912109375,21.760000228881836
2010-10-06,131.80999755859375,87.83150482177734,66.97213745117188,21.489999771118164
2010-10-07,130.3699951171875,87.72550201416016,66.41381072998047,21.559999465942383
2010-10-08,131.66000366210938,88.2175521850586,66.12197875976562,20.709999084472656
2010-10-11,132.2899932861328,88.3008041381836,66.1346664428711,18.959999084472656
2010-10-12,131.9600067138672,88.57333374023438,65.48117065429688,18.93000030517578
2010-10-13,134.07000732421875,89.26216888427734,65.37968444824219,19.06999969482422
2010-10-14,134.75,88.9139633178711,64.40265655517578,19.8799991607666
2010-10-15,133.67999267578125,89.09562683105469,63.615867614746094,19.030000686645508
2010-10-18,134.27999877929688,89.53467559814453,64.12980651855469,19.09000015258789
2010-10-19,130.11000061035156,88.36134338378906,64.51687622070312,20.6299991607666
2010-10-20,131.32000732421875,89.22431182861328,64.65641784667969,19.790000915527344
2010-10-21,129.47000122070312,89.42110443115234,63.88866424560547,19.270000457763672
2010-10-22,129.72999572753906,89.58766174316406,64.32015991210938,18.780000686645508
2010-10-25,130.85000610351562,89.85259246826172,64.50413513183594,19.850000381469727
2010-10-26,130.8800048828125,89.86771392822266,63.508033752441406,20.219999313354492
2010-10-27,129.52000427246094,89.6103744506836,62.94979476928711,20.709999084472656
2010-10-28,131.24000549316406,89.6255111694336,63.12103271484375,20.8799991607666
2010-10-29,132.6199951171875,89.69363403320312,63.711082458496094,21.200000762939453
2010-11-01,131.9199981689453,89.7238998413086,63.43674087524414,21.829999923706055
2010-11-02,132.49000549316406,90.4354476928711,64.27054595947266,21.56999969482422
2010-11-03,131.57000732421875,90.798828125,62.95943832397461,19.559999465942383
2010-11-04,136.02999877929688,92.54740905761719,63.449493408203125,18.520000457763672
2010-11-05,136.3800048828125,92.89563751220703,62.36115264892578,18.260000228881836
2010-11-08,137.77999877929688,92.72152709960938,62.641178131103516,18.290000915527344
2010-11-09,135.58999633789062,92.05538177490234,61.26007080078125,19.079999923706055
2010-11-10,137.24000549316406,92.42630004882812,61.34281539916992,18.469999313354492
2010-11-11,137.66000366210938,92.07810974121094,61.31096649169922,18.639999389648438
2010-11-12,133.69000244140625,90.988037109375,60.9799919128418,20.610000610351562
2010-11-15,132.4199981689453,90.859375,59.70709228515625,20.200000762939453
2010-11-16,130.97000122070312,89.44384765625,61.1900520324707,22.579999923706055
2010-11-17,130.3800048828125,89.48927307128906,60.85271453857422,21.760000228881836
2010-11-18,132.08999633789062,90.8063735961914,61.10091781616211,18.75
2010-11-19,132.1999969482422,91.05620574951172,61.4764518737793,18.040000915527344
2010-11-22,133.47999572753906,90.98052215576172,61.73734664916992,18.3700008392334
2010-11-23,134.41000366210938,89.66334533691406,62.04289627075195,20.6299991607666
2010-11-24,134.17999267578125,90.988037109375,60.93541717529297,19.559999465942383
2010-11-26,133.11000061035156,89.92829132080078,61.781982421875,22.219999313354492
2010-11-29,133.50999450683594,90.20082092285156,62.310203552246094,21.530000686645508
2010-11-30,135.4199981689453,89.69363403320312,62.63484573364258,23.540000915527344
2010-12-01,135.3800048828125,91.60121154785156,61.24251174926758,21.360000610351562
2010-12-02,135.1999969482422,92.77452850341797,61.08280563354492,19.389999389648438
2010-12-03,138.07000732421875,93.02429962158203,60.603816986083984,18.010000228881836
2010-12-06,139.11000061035156,92.9259033203125,61.45960998535156,18.020000457763672
2010-12-07,136.5,92.97889709472656,60.14400863647461,17.989999771118164
2010-12-08,134.7899932861328,93.31951141357422,59.562801361083984,17.739999771118164
2010-12-09,135.3699951171875,93.6828842163086,59.85659408569336,17.25
2010-12-10,135.41000366210938,94.22791290283203,59.492523193359375,17.610000610351562
2010-12-13,136.0500030517578,94.28846740722656,59.71611404418945,17.549999237060547
2010-12-14,136.17999267578125,94.3717041015625,58.84743881225586,17.610000610351562
2010-12-15,134.6999969482422,93.94026947021484,58.08103561401367,17.940000534057617
2010-12-16,133.80999755859375,94.48526000976562,58.48341369628906,17.389999389648438
2010-12-17,134.1999969482422,94.58647918701172,59.55002975463867,16.110000610351562
2010-12-20,135.11000061035156,94.81474304199219,59.486167907714844,16.40999984741211
2010-12-21,135.32000732421875,95.41592407226562,59.90129089355469,16.489999771118164
2010-12-22,135.0500030517578,95.71268463134766,59.473392486572266,15.449999809265137
2010-12-23,134.66000366210938,95.57569885253906,59.35199737548828,16.469999313354492
2010-12-27,135.02000427246094,95.6137466430664,59.882144927978516,17.670000076293945
2010-12-28,137.22000122070312,95.7507553100586,58.70935821533203,17.520000457763672
2010-12-29,137.7100067138672,95.8192138671875,59.702674865722656,17.280000686645508
2010-12-30,137.02999877929688,95.66703033447266,59.657833099365234,17.520000457763672
2010-12-31,138.72000122070312,95.68986511230469,60.31787872314453,17.75
2011-01-03,138.0,96.67913055419922,59.8629035949707,17.610000610351562
2011-01-04,134.75,96.6258316040039,59.93338394165039,17.3799991607666
2011-01-05,134.3699951171875,97.1280746459961,58.61324691772461,17.020000457763672
2011-01-06,133.8300018310547,96.93781280517578,58.869571685791016,17.399999618530273
2011-01-07,133.5800018310547,96.7475814819336,59.18357467651367,17.139999389648438
2011-01-10,134.1199951171875,96.6258316040039,59.50403594970703,17.540000915527344
2011-01-11,134.91000366210938,96.96825408935547,59.17076873779297,16.889999389648438
2011-01-12,135.4600067138672,97.8433837890625,58.70935821533203,16.239999771118164
2011-01-13,134.0500030517578,97.68355560302734,59.234832763671875,16.389999389648438
2011-01-14,132.69000244140625,98.39124298095703,58.85675048828125,15.460000038146973
2011-01-18,133.42999267578125,98.55864715576172,58.581180572509766,15.869999885559082
2011-01-19,133.72000122070312,97.5922622680664,59.0041389465332,17.309999465942383
2011-01-20,131.1999969482422,97.46287536621094,58.19027328491211,17.989999771118164
2011-01-21,131.02999877929688,97.68355560302734,58.651668548583984,18.469999313354492
2011-01-24,130.36000061035156,98.23908996582031,58.67731475830078,17.649999618530273
2011-01-25,130.10000610351562,98.29232788085938,59.234832763671875,17.59000015258789
2011-01-26,131.16000366210938,98.67281341552734,58.337642669677734,16.639999389648438
2011-01-27,127.93000030517578,98.91631317138672,58.60042953491211,16.149999618530273
2011-01-28,130.27999877929688,97.18895721435547,58.90804672241211,20.040000915527344
2011-01-31,129.8699951171875,97.91944885253906,58.45945739746094,19.530000686645508
2011-02-01,130.8000030517578,99.48700714111328,58.170005798339844,17.6299991607666
2011-02-02,130.4499969482422,99.29678344726562,58.18292999267578,17.299999237060547
2011-02-03,132.1999969482422,99.51746368408203,57.70054244995117,16.690000534057617
2011-02-04,131.66000366210938,99.79899597167969,57.11526107788086,15.930000305175781
2011-02-07,131.67999267578125,100.4229736328125,57.41115951538086,16.280000686645508
2011-02-08,133.13999938964844,100.87954711914062,56.88374710083008,15.8100004196167
2011-02-09,133.07000732421875,100.6512680053711,57.37898254394531,15.869999885559082
2011-02-10,132.85000610351562,100.6893081665039,56.71659851074219,16.09000015258789
2011-02-11,132.32000732421875,101.29046630859375,57.5333251953125,15.6899995803833
2011-02-14,132.9499969482422,101.53398895263672,57.57191467285156,15.949999809265137
2011-02-15,133.97000122070312,101.21436309814453,57.829124450683594,16.3700008392334
2011-02-16,134.10000610351562,101.85358428955078,57.64265823364258,16.719999313354492
2011-02-17,135.0399932861328,102.15797424316406,57.73270034790039,16.59000015258789
2011-02-18,135.41000366210938,102.37102508544922,57.55260467529297,16.43000030517578
2011-02-22,136.2899932861328,100.31645202636719,58.414390563964844,20.799999237060547
2011-02-23,137.50999450683594,99.70008087158203,58.626617431640625,22.1299991607666
2011-02-24,136.47999572753906,99.63156127929688,58.999637603759766,21.31999969482422
2011-02-25,137.3800048828125,100.6969223022461,59.3469123840332,19.219999313354492
2011-02-28,137.66000366210938,101.32087707519531,59.42410659790039,18.350000381469727
2011-03-01,140.02999877929688,99.63156127929688,59.59634017944336,21.010000228881836
2011-03-02,139.9199981689453,99.84467315673828,58.6801872253418,20.700000762939453
2011-03-03,138.08999633789062,101.56437683105469,58.10597229003906,18.600000381469727
2011-03-04,139.35000610351562,100.80348205566406,58.58981704711914,19.059999465942383
2011-03-07,139.72000122070312,100.0120849609375,58.21561813354492,20.65999984741211
2011-03-08,139.36000061035156,100.88716888427734,57.86084747314453,19.81999969482422
2011-03-09,139.41000366210938,100.74256896972656,58.4221076965332,20.219999313354492
2011-03-10,137.77000427246094,98.87825012207031,59.402793884277344,21.8799991607666
2011-03-11,138.22000122070312,99.56312561035156,59.067317962646484,20.079999923706055
2011-03-14,138.86000061035156,98.96196746826172,59.041481018066406,21.1299991607666
2011-03-15,136.27000427246094,97.8281478881836,59.92539596557617,24.31999969482422
2011-03-16,136.24000549316406,96.0170669555664,60.60285568237305,29.399999618530273
2011-03-17,136.97000122070312,97.28787231445312,60.13835144042969,26.3700008392334
2011-03-18,138.3699951171875,97.64169311523438,60.29963684082031,24.440000534057617
2011-03-21,139.13999938964844,99.15495300292969,59.94473648071289,20.610000610351562
2011-03-22,139.0500030517578,98.8110580444336,60.14481735229492,20.209999084472656
2011-03-23,140.33999633789062,99.09378051757812,60.06734085083008,19.170000076293945
2011-03-24,139.22000122070312,100.04146575927734,59.61571502685547,18.0
2011-03-25,139.25999450683594,100.34719848632812,59.46733093261719,17.90999984741211
2011-03-28,138.5399932861328,100.10263061523438,59.55119705200195,19.440000534057617
2011-03-29,138.2100067138672,100.77517700195312,59.09311294555664,18.15999984741211
2011-03-30,138.6699981689453,101.47063446044922,59.564117431640625,17.709999084472656
2011-03-31,139.86000061035156,101.33307647705078,59.441524505615234,17.739999771118164
2011-04-01,139.1999969482422,101.76103973388672,59.7304801940918,17.399999618530273
2011-04-04,139.83999633789062,101.84516143798828,59.79530334472656,17.5
2011-04-05,142.0500030517578,101.8298568725586,59.555538177490234,17.25
2011-04-06,142.3800048828125,102.15087127685547,58.66147994995117,16.899999618530273
2011-04-07,142.50999450683594,101.8909912109375,58.54480743408203,17.110000610351562
2011-04-08,143.66000366210938,101.53943634033203,58.233787536621094,17.8700008392334
2011-04-11,142.63999938964844,101.23373413085938,58.28560256958008,16.59000015258789
2011-04-12,141.61000061035156,100.47711944580078,58.91414260864258,17.09000015258789
2011-04-13,141.89999389648438,100.46946716308594,59.28340530395508,16.920000076293945
2011-04-14,143.80999755859375,100.54589080810547,59.23807144165039,16.270000457763672
2011-04-15,145.0500030517578,100.91272735595703,60.04142761230469,15.319999694824219
2011-04-18,145.92999267578125,99.78163146972656,60.177528381347656,16.959999084472656
2011-04-19,145.92999267578125,100.35481262207031,60.436683654785156,15.829999923706055
2011-04-20,146.5,101.72283935546875,60.04798126220703,15.069999694824219
2011-04-21,146.74000549316406,102.2425537109375,59.99611282348633,14.6899995803833
2011-04-25,146.8699951171875,102.13555145263672,60.22288131713867,15.770000457763672
2011-04-26,146.3800048828125,103.01445007324219,60.806007385253906,15.619999885559082
2011-04-27,149.1999969482422,103.68701171875,60.184059143066406,15.350000381469727
2011-04-28,149.82000732421875,104.02326202392578,60.644012451171875,14.619999885559082
2011-04-29,152.3699951171875,104.2678451538086,60.831932067871094,14.75
2011-05-02,150.41000366210938,104.10734558105469,60.92951202392578,15.989999771118164
2011-05-03,149.8800048828125,103.73281860351562,61.27440643310547,16.700000762939453
2011-05-04,147.72999572753906,103.04499816894531,61.547691345214844,17.079999923706055
2011-05-05,143.47000122070312,102.1126480102539,62.13329315185547,18.200000762939453
2011-05-06,145.3000030517578,102.56351470947266,61.86000061035156,18.399999618530273
2011-05-09,147.3800048828125,102.96095275878906,61.794952392578125,17.15999984741211
2011-05-10,147.89999389648438,103.83983612060547,61.35247039794922,15.90999984741211
2011-05-11,146.5399932861328,102.74697875976562,61.70384216308594,16.950000762939453
2011-05-12,146.58999633789062,103.23605346679688,61.31344985961914,16.030000686645508
2011-05-13,145.6300048828125,102.44124603271484,61.86650466918945,17.06999969482422
2011-05-16,145.3699951171875,101.79165649414062,62.21133041381836,18.239999771118164
2011-05-17,144.74000549316406,101.77635192871094,62.8490104675293,17.549999237060547
2011-05-18,145.60000610351562,102.68585205078125,62.016151428222656,16.229999542236328
2011-05-19,145.64999389648438,102.93035125732422,61.9901008605957,15.520000457763672
2011-05-20,147.49000549316406,102.1126480102539,62.02265930175781,17.43000030517578
2011-05-23,147.8300018310547,100.92802429199219,62.321983337402344,18.270000457763672
2011-05-24,148.58999633789062,100.84394836425781,62.556243896484375,17.81999969482422
2011-05-25,148.5800018310547,101.18024444580078,62.26344299316406,17.06999969482422
2011-05-26,148.22000122070312,101.6464614868164,62.7970085144043,16.09000015258789
2011-05-27,149.6999969482422,102.03618621826172,62.77090072631836,15.979999542236328
2011-05-31,149.63999938964844,103.09851837158203,62.914093017578125,15.449999809265137
2011-06-01,149.91000366210938,100.78282165527344,63.76438522338867,18.299999237060547
2011-06-02,149.5,100.67579650878906,62.5496940612793,18.09000015258789
2011-06-03,150.22000122070312,99.67465209960938,62.90885543823242,17.950000762939453
2011-06-06,150.47999572753906,98.6199722290039,62.43217468261719,18.489999771118164
2011-06-07,150.4199981689453,98.55882263183594,62.7194938659668,18.06999969482422
2011-06-08,149.80999755859375,98.14612579345703,63.20923614501953,18.790000915527344
2011-06-09,150.55999755859375,98.8951187133789,62.95456314086914,17.770000457763672
2011-06-10,149.24000549316406,97.5194091796875,63.4378547668457,18.860000610351562
2011-06-13,147.77000427246094,97.59586334228516,63.11784744262695,19.610000610351562
2011-06-14,148.6699981689453,98.83397674560547,62.16439437866211,18.260000228881836
2011-06-15,149.1199951171875,97.07615661621094,63.294166564941406,21.31999969482422
2011-06-16,148.97000122070312,97.29015350341797,63.5815315246582,22.729999542236328
2011-06-17,149.94000244140625,97.58051300048828,63.281105041503906,21.850000381469727
2011-06-20,150.02999877929688,98.0797119140625,63.35952377319336,19.989999771118164
2011-06-21,150.75999450683594,99.4238052368164,63.07865905761719,18.860000610351562
2011-06-22,150.99000549316406,98.82473754882812,63.11784744262695,18.520000457763672
2011-06-23,148.33999633789062,98.5405502319336,63.60110855102539,19.290000915527344
2011-06-24,146.25999450683594,97.39616394042969,63.33335494995117,21.100000381469727
2011-06-27,145.72999572753906,98.26403045654297,62.46479797363281,20.559999465942383
2011-06-28,146.24000549316406,99.54669952392578,61.96192932128906,19.170000076293945
2011-06-29,147.17999267578125,100.39918518066406,61.55050277709961,17.270000457763672
2011-06-30,146.0,101.35926055908203,61.45254135131836,16.520000457763672
2011-07-01,144.92999267578125,102.85694885253906,61.354278564453125,15.869999885559082
2011-07-05,147.6300048828125,102.77247619628906,61.491844177246094,16.059999465942383
2011-07-06,148.91000366210938,102.89535522460938,61.8064079284668,16.34000015258789
2011-07-07,149.14999389648438,103.96294403076172,61.62295913696289,15.949999809265137
2011-07-08,150.25,103.22561645507812,62.49445724487305,15.949999809265137
2011-07-11,151.58999633789062,101.35926055908203,63.43144226074219,18.389999389648438
2011-07-12,152.77000427246094,100.92146301269531,63.64777374267578,19.8700008392334
2011-07-13,154.13999938964844,101.25943756103516,63.82469177246094,19.90999984741211
2011-07-14,154.5399932861328,100.56047821044922,62.91383361816406,20.799999237060547
2011-07-15,155.1999969482422,101.14423370361328,63.01869201660156,19.530000686645508
2011-07-18,156.57000732421875,100.31472778320312,62.409278869628906,20.950000762939453
2011-07-19,154.66000366210938,101.9429931640625,63.70673370361328,19.209999084472656
2011-07-20,156.02000427246094,101.88153076171875,62.95317459106445,19.09000015258789
2011-07-21,154.8300018310547,103.29476928710938,62.46828079223633,17.559999465942383
2011-07-22,156.1199951171875,103.36387634277344,62.9400520324707,17.520000457763672
2011-07-25,157.33999633789062,102.78782653808594,62.25197219848633,19.350000381469727
2011-07-26,157.77000427246094,102.4037857055664,62.677982330322266,20.229999542236328
2011-07-27,157.19000244140625,100.30706787109375,62.684505462646484,22.979999542236328
2011-07-28,157.32000732421875,100.01520538330078,62.92038345336914,23.739999771118164
2011-07-29,158.2899932861328,99.33162689208984,64.16545104980469,25.25
2011-08-01,157.72000122070312,98.90921020507812,64.81304168701172,23.65999984741211
2011-08-02,161.52000427246094,96.38232421875,66.75914764404297,24.790000915527344
2011-08-03,161.49000549316406,96.9045639038086,66.8906021118164,23.3799991607666
2011-08-04,160.63999938964844,92.36544036865234,69.27059936523438,31.65999984741211
2011-08-05,161.75,92.22721099853516,67.27191162109375,32.0
2011-08-08,167.1199951171875,86.22103881835938,69.39556884765625,48.0
2011-08-09,168.61000061035156,90.2302474975586,69.60594177246094,35.060001373291016
2011-08-10,174.5800018310547,86.24407196044922,71.67693328857422,42.9900016784668
2011-08-11,170.75,90.11508178710938,68.0608901977539,39.0
2011-08-12,169.97000122070312,90.72183990478516,69.40872955322266,36.36000061035156
2011-08-15,171.8000030517578,92.64191436767578,68.70519256591797,31.8700008392334
2011-08-16,173.9199981689453,91.85082244873047,69.84264373779297,32.849998474121094
2011-08-17,174.4199981689453,91.91230773925781,71.06552124023438,31.579999923706055
2011-08-18,177.72000122070312,87.94918823242188,72.52507781982422,42.66999816894531
2011-08-19,179.9499969482422,86.51290130615234,73.11024475097656,43.04999923706055
2011-08-22,184.58999633789062,86.58203887939453,72.92618560791016,42.439998626708984
2011-08-23,177.6699981689453,89.43150329589844,71.9202880859375,36.27000045776367
2011-08-24,171.64999389648438,90.69108581542969,69.87553405761719,35.900001525878906
2011-08-25,172.36000061035156,89.30859375,70.6316146850586,39.7599983215332
2011-08-26,177.47000122070312,90.60661315917969,71.32852935791016,35.59000015258789
2011-08-29,173.88999938964844,93.21028137207031,70.34235382080078,32.279998779296875
2011-08-30,179.10000610351562,93.45609283447266,71.47312927246094,32.88999938964844
2011-08-31,177.72000122070312,93.87081146240234,70.36865997314453,31.6200008392334
2011-09-01,177.8699951171875,92.88768768310547,71.86029052734375,31.81999969482422
2011-09-02,183.24000549316406,90.51441955566406,74.19476318359375,33.91999816894531
2011-09-06,182.89999389648438,89.85391235351562,74.96631622314453,37.0
2011-09-07,177.0800018310547,92.38848114013672,73.53532409667969,33.380001068115234
2011-09-08,181.80999755859375,91.42839813232422,74.19476318359375,34.31999969482422
2011-09-09,180.6999969482422,89.0321273803711,74.98606872558594,38.52000045776367
2011-09-12,176.6699981689453,89.6081314086914,75.06517791748047,38.59000015258789
2011-09-13,178.5399932861328,90.42997741699219,73.99691009521484,36.90999984741211
2011-09-14,177.2100067138672,91.6818618774414,74.62334442138672,34.599998474121094
2011-09-15,174.39999389648438,93.26405334472656,73.48258209228516,31.969999313354492
2011-09-16,176.02999877929688,93.81604766845703,74.0167007446289,30.979999542236328
2011-09-19,173.30999755859375,92.88189697265625,75.42790985107422,32.72999954223633
2011-09-20,175.77999877929688,92.77384185791016,75.74446868896484,32.86000061035156
2011-09-21,173.58999633789062,90.04084014892578,78.25038146972656,37.31999969482422
2011-09-22,169.0500030517578,87.1303482055664,81.19151306152344,41.349998474121094
2011-09-23,159.8000030517578,87.65528869628906,79.68140411376953,41.25
2011-09-26,157.5800018310547,89.7397689819336,78.40206909179688,39.02000045776367
2011-09-27,160.6300048828125,90.74342346191406,77.20182037353516,37.709999084472656
2011-09-28,156.22000122070312,88.89057159423828,77.17546844482422,41.08000183105469
2011-09-29,157.6999969482422,89.59310150146484,77.70956420898438,38.84000015258789
2011-09-30,158.05999755859375,87.35421752929688,79.66159057617188,42.959999084472656
2011-10-03,160.9600067138672,84.86832427978516,81.85384368896484,45.45000076293945
2011-10-04,157.63999938964844,86.72887420654297,80.81593322753906,40.81999969482422
2011-10-05,159.4600067138672,88.33467864990234,80.23414611816406,37.810001373291016
2011-10-06,160.49000549316406,89.93278503417969,78.75323486328125,36.27000045776367
2011-10-07,159.17999267578125,89.33060455322266,78.17144775390625,36.20000076293945
2011-10-10,163.27000427246094,92.31834411621094,77.06730651855469,33.02000045776367
2011-10-11,162.10000610351562,92.41098022460938,76.8095474243164,32.86000061035156
2011-10-12,163.25999450683594,93.22161102294922,75.69220733642578,31.260000228881836
2011-10-13,162.3000030517578,93.03630065917969,76.44589233398438,30.700000762939453
2011-10-14,163.39999389648438,94.62667846679688,75.3351821899414,28.239999771118164
2011-10-17,162.6199951171875,92.82015228271484,76.63761901855469,33.38999938964844
2011-10-18,161.83999633789062,94.63439178466797,76.16160583496094,31.559999465942383
2011-10-19,159.8699951171875,93.51496124267578,76.1351318359375,34.439998626708984
2011-10-20,157.77000427246094,93.92413330078125,75.5930404663086,34.779998779296875
2011-10-21,159.52000427246094,95.70751953125,74.79303741455078,31.31999969482422
2011-10-24,161.02000427246094,96.88097381591797,74.918701171875,29.260000228881836
2011-10-25,165.58999633789062,94.9972152709961,76.82271575927734,32.220001220703125
2011-10-26,167.39999389648438,95.96228790283203,75.48065185546875,29.860000610351562
2011-10-27,169.5500030517578,99.30512237548828,72.92208862304688,25.459999084472656
2011-10-28,169.6199951171875,99.28199768066406,73.68899536132812,24.530000686645508
2011-10-31,167.33999633789062,96.88871002197266,76.61116790771484,29.959999084472656
2011-11-01,167.3800048828125,94.1866226196289,79.17571258544922,34.77000045776367
2011-11-02,169.05999755859375,95.72293090820312,78.18804931640625,32.7400016784668
2011-11-03,171.72000122070312,97.46772003173828,77.1142349243164,30.5
2011-11-04,170.85000610351562,96.87325286865234,77.20703125,30.15999984741211
2011-11-07,174.97999572753906,97.47541809082031,77.69758605957031,29.850000381469727
2011-11-08,173.52999877929688,98.72611236572266,76.70330810546875,27.479999542236328
2011-11-09,172.07000732421875,95.0821533203125,78.29412078857422,36.15999984741211
2011-11-10,171.13999938964844,95.97771453857422,77.1275405883789,32.810001373291016
2011-11-11,173.9600067138672,97.78423309326172,76.65689086914062,30.040000915527344
2011-11-14,173.1999969482422,96.8578109741211,77.8897933959961,31.1299991607666
2011-11-15,173.36000061035156,97.33648681640625,77.78367614746094,31.219999313354492
2011-11-16,171.50999450683594,95.79244995117188,78.49295043945312,33.5099983215332
2011-11-17,167.10000610351562,94.27154541015625,79.12261962890625,34.5099983215332
2011-11-18,167.6199951171875,94.17118835449219,79.10279083251953,32.0
2011-11-21,163.5,92.38007354736328,79.57340240478516,32.90999984741211
2011-11-22,165.30999755859375,92.01725769042969,80.46161651611328,31.969999313354492
2011-11-23,164.8300018310547,89.98683166503906,81.25035095214844,33.97999954223633
2011-11-25,163.39999389648438,89.81698608398438,80.07048797607422,34.470001220703125
2011-11-28,166.6300048828125,92.41865539550781,80.03073120117188,32.130001068115234
2011-11-29,166.8800048828125,92.68119049072266,79.37454986572266,30.639999389648438
2011-11-30,170.1300048828125,96.4949722290039,78.13502502441406,27.799999237060547
2011-12-01,169.6300048828125,96.47950744628906,77.74297332763672,27.40999984741211
2011-12-02,169.82000732421875,96.39460754394531,78.83271026611328,27.520000457763672
2011-12-05,167.32000732421875,97.4445571899414,78.67330169677734,27.84000015258789
2011-12-06,168.17999267578125,97.47541809082031,77.92243194580078,28.1299991607666
2011-12-07,169.39999389648438,97.83827209472656,78.20146179199219,28.670000076293945
2011-12-08,165.97999572753906,95.69204711914062,79.1782455444336,30.59000015258789
2011-12-09,166.39999389648438,97.31328582763672,77.5503158569336,26.3799991607666
2011-12-12,161.99000549316406,95.89279174804688,78.41407012939453,25.670000076293945
2011-12-13,158.4499969482422,94.9972152709961,79.1449966430664,25.40999984741211
2011-12-14,152.88999938964844,93.98588562011719,80.64009094238281,26.040000915527344
2011-12-15,152.3300018310547,94.32557678222656,80.34105682373047,25.110000610351562
2011-12-16,155.22999572753906,94.46540832519531,81.2779541015625,24.290000915527344
2011-12-19,154.8699951171875,93.45542907714844,82.30789184570312,24.920000076293945
2011-12-20,156.97999572753906,96.28339385986328,80.25469207763672,23.219999313354492
2011-12-21,157.16000366210938,96.4698715209961,79.13838195800781,21.43000030517578
2011-12-22,156.0399932861328,97.324462890625,79.47063446044922,21.15999984741211
2011-12-23,156.30999755859375,98.19463348388672,78.58683013916016,20.729999542236328
2011-12-27,154.91000366210938,98.27234649658203,78.96019744873047,21.90999984741211
2011-12-28,151.02999877929688,96.98265838623047,80.4200210571289,23.520000457763672
2011-12-29,150.33999633789062,97.98484802246094,80.56671142578125,22.649999618530273
2011-12-30,151.99000549316406,97.50318908691406,80.8266372680664,23.399999618530273
2012-01-03,155.9199981689453,99.05702209472656,79.61344146728516,22.969999313354492
2012-01-04,156.7100067138672,99.2123794555664,78.66683959960938,22.219999313354492
2012-01-05,157.77999877929688,99.47650909423828,78.5268783569336,21.479999542236328
2012-01-06,157.1999969482422,99.22014617919922,79.14679718017578,20.6299991607666
2012-01-09,156.5,99.46100616455078,79.00677490234375,21.06999969482422
2012-01-10,158.63999938964844,100.32337188720703,78.87353515625,20.690000534057617
2012-01-11,159.6699981689453,100.37775421142578,79.90009307861328,21.049999237060547
2012-01-12,160.3800048828125,100.61860656738281,79.78675842285156,20.469999313354492
2012-01-13,159.25999450683594,100.09808349609375,80.58003234863281,20.90999984741211
2012-01-17,160.5,100.48656463623047,80.9533920288086,22.200000762939453
2012-01-18,161.60000610351562,101.5975341796875,79.97340393066406,20.889999389648438
2012-01-19,161.22000122070312,102.13360595703125,78.87353515625,19.8700008392334
2012-01-20,162.07000732421875,102.51426696777344,77.9802474975586,18.280000686645508
2012-01-23,163.16000366210938,102.2500991821289,77.48693084716797,18.670000076293945
2012-01-24,162.00999450683594,102.13360595703125,77.62689971923828,18.90999984741211
2012-01-25,166.4199981689453,102.98818969726562,77.44027709960938,18.309999465942383
2012-01-26,167.27000427246094,102.45992279052734,78.46684265136719,18.56999969482422
2012-01-27,168.97000122070312,102.41332244873047,78.7135009765625,18.530000686645508
2012-01-30,168.02999877929688,102.06365203857422,79.64009857177734,19.399999618530273
2012-01-31,169.30999755859375,102.02485656738281,80.5600357055664,19.440000534057617
2012-02-01,169.55999755859375,102.91830444335938,79.63724517822266,18.549999237060547
2012-02-02,171.0500030517578,103.08145141601562,79.6038589477539,17.979999542236328
2012-02-03,167.63999938964844,104.5264892578125,77.89320373535156,17.100000381469727
2012-02-06,167.17999267578125,104.45654296875,78.66832733154297,17.760000228881836
2012-02-07,169.6999969482422,104.72071075439453,77.6927261352539,17.649999618530273
2012-02-08,168.5,105.03150177001953,77.75285339355469,18.15999984741211
2012-02-09,168.02000427246094,105.16356658935547,77.17156982421875,18.6299991607666
2012-02-10,167.13999938964844,104.38666534423828,78.17391204833984,20.790000915527344
2012-02-13,167.50999450683594,105.16356658935547,78.27413177490234,19.040000915527344
2012-02-14,167.1199951171875,105.03150177001953,78.68836212158203,19.540000915527344
2012-02-15,168.11000061035156,104.54206085205078,78.54806518554688,21.139999389648438
2012-02-16,168.0,105.69965362548828,77.91996002197266,19.219999313354492
2012-02-17,167.35000610351562,105.97935485839844,77.89987182617188,17.780000686645508
2012-02-21,171.02000427246094,106.02596282958984,77.03797912597656,18.190000534057617
2012-02-22,172.94000244140625,105.68413543701172,78.00679779052734,18.190000534057617
2012-02-23,173.02000427246094,106.15026092529297,78.00679779052734,16.799999237060547
2012-02-24,172.22999572753906,106.38333129882812,78.51466369628906,17.309999465942383
2012-02-27,171.6999969482422,106.56200408935547,79.20960235595703,18.190000534057617
2012-02-28,173.49000549316406,106.87279510498047,78.94896697998047,17.959999084472656
2012-02-29,164.2899932861328,106.4532699584961,78.4678726196289,18.43000030517578
2012-03-01,166.61000061035156,107.0048599243164,77.72915649414062,17.260000228881836
2012-03-02,166.33999633789062,106.67853546142578,78.45916748046875,17.290000915527344
2012-03-05,165.64999389648438,106.24344635009766,77.83637237548828,18.049999237060547
2012-03-06,162.6999969482422,104.68965148925781,78.78057098388672,20.8700008392334
2012-03-07,163.6300048828125,105.41995239257812,78.2984619140625,19.06999969482422
2012-03-08,165.27999877929688,106.46878051757812,77.51484680175781,17.950000762939453
2012-03-09,166.3800048828125,106.88056945800781,77.66888427734375,17.110000610351562
2012-03-12,165.07000732421875,106.88832092285156,77.65547180175781,15.640000343322754
2012-03-13,162.3000030517578,108.81511688232422,76.28926086425781,14.800000190734863
2012-03-14,159.57000732421875,108.69857025146484,74.36713409423828,15.3100004196167
2012-03-15,161.0800018310547,109.3278579711914,74.4809341430664,15.420000076293945
2012-03-16,161.3000030517578,109.47925567626953,74.62828063964844,14.470000267028809
2012-03-19,161.58999633789062,109.90840148925781,73.737548828125,15.039999961853027
2012-03-20,160.1300048828125,109.58853149414062,74.03221130371094,15.579999923706055
2012-03-21,160.2100067138672,109.40899658203125,74.86943817138672,15.130000114440918
2012-03-22,159.57000732421875,108.62088775634766,75.1104736328125,15.569999694824219
2012-03-23,161.52999877929688,108.97200775146484,75.8204345703125,14.819999694824219
2012-03-26,164.39999389648438,110.50143432617188,75.43196868896484,14.260000228881836
2012-03-27,163.24000549316406,110.15812683105469,75.97449493408203,15.59000015258789
2012-03-28,161.50999450683594,109.61190795898438,75.86724853515625,15.470000267028809
2012-03-29,161.27999877929688,109.42464447021484,76.43656921386719,15.479999542236328
2012-03-30,162.1199951171875,109.87722778320312,75.1440200805664,15.5
2012-04-02,162.94000244140625,110.6809310913086,75.56031036376953,15.640000343322754
2012-04-03,159.88999938964844,110.22833251953125,74.25092315673828,15.65999984741211
2012-04-04,157.2100067138672,109.1358871459961,75.27161407470703,16.440000534057617
2012-04-05,158.30999755859375,109.08129119873047,75.81546783447266,16.700000762939453
2012-04-09,159.3699951171875,107.85616302490234,77.58811950683594,18.809999465942383
2012-04-10,161.10000610351562,106.04582977294922,78.46778106689453,20.389999389648438
2012-04-11,161.07000732421875,106.90419006347656,77.52771759033203,20.020000457763672
2012-04-12,162.6999969482422,108.3009262084961,77.20539855957031,17.200000762939453
2012-04-13,160.85000610351562,107.01342010498047,78.45435333251953,19.549999237060547
2012-04-16,160.4600067138672,106.94316101074219,78.3401870727539,19.549999237060547
2012-04-17,160.25,108.52725982666016,78.293212890625,18.459999084472656
2012-04-18,159.30999755859375,108.16050720214844,78.52149200439453,18.639999389648438
2012-04-19,159.42999267578125,107.46601867675781,78.59532928466797,18.360000610351562
2012-04-20,159.5399932861328,107.64547729492188,78.60873413085938,17.440000534057617
2012-04-23,159.07000732421875,106.74029541015625,79.17950439453125,18.969999313354492
2012-04-24,159.3000030517578,107.14604187011719,78.6221694946289,18.100000381469727
2012-04-25,159.6199951171875,108.61308288574219,78.21931457519531,16.81999969482422
2012-04-26,161.02999877929688,109.36998748779297,78.68936920166016,16.239999771118164
2012-04-27,161.3800048828125,109.54949188232422,78.75646209716797,16.31999969482422
2012-04-30,161.8800048828125,109.14369201660156,78.77659606933594,17.149999618530273
2012-05-01,161.32000732421875,109.82254791259766,78.36805725097656,16.600000381469727
2012-05-02,160.58999633789062,109.49488830566406,78.91999053955078,16.8799991607666
2012-05-03,158.97000122070312,108.6598892211914,78.8998031616211,17.559999465942383
2012-05-04,159.47000122070312,106.90419006347656,79.51905059814453,19.15999984741211
2012-05-07,159.0800018310547,106.98223114013672,79.53250885009766,18.940000534057617
2012-05-08,156.0,106.55301666259766,79.95655822753906,19.049999237060547
2012-05-09,154.47000122070312,105.92097473144531,80.01040649414062,20.079999923706055
2012-05-10,154.77000427246094,106.13947296142578,79.77481079101562,18.829999923706055
2012-05-11,153.55999755859375,105.81954956054688,80.4344253540039,19.889999389648438
2012-05-14,151.3300018310547,104.6490249633789,81.5584945678711,21.8700008392334
2012-05-15,149.74000549316406,104.0481948852539,81.8883056640625,21.969999313354492
2012-05-16,149.4600067138672,103.65023040771484,82.1239242553711,22.270000457763672
2012-05-17,152.8000030517578,102.11300659179688,83.57780456542969,24.489999771118164
2012-05-18,154.5500030517578,101.23905944824219,83.59796905517578,25.100000381469727
2012-05-21,154.64999389648438,102.97914123535156,83.4229965209961,22.010000228881836
2012-05-22,152.0800018310547,103.15861511230469,82.49410247802734,22.479999542236328
2012-05-23,151.6199951171875,103.21327209472656,83.06627655029297,22.329999923706055
2012-05-24,151.41000366210938,103.41615295410156,82.74987030029297,21.540000915527344
2012-05-25,152.67999267578125,103.08061218261719,83.05948638916016,21.760000228881836
2012-05-29,151.02000427246094,104.32910919189453,82.80379486083984,21.030000686645508
2012-05-30,151.91000366210938,102.81527709960938,84.9037857055664,24.139999389648438
2012-05-31,151.6199951171875,102.58899688720703,85.886474609375,24.059999465942383
2012-06-01,157.5,100.00613403320312,87.92544555664062,26.65999984741211
2012-06-04,157.32000732421875,99.9593276977539,87.23078918457031,26.1200008392334
2012-06-05,157.13999938964844,100.71622467041016,86.0638656616211,24.68000030517578
2012-06-06,157.2100067138672,102.97914123535156,84.34395599365234,22.15999984741211
2012-06-07,154.5,103.04156494140625,84.47213745117188,21.719999313354492
2012-06-08,154.72999572753906,103.86092376708984,84.45187377929688,21.229999542236328
2012-06-11,155.36000061035156,102.54219055175781,84.83631896972656,23.559999465942383
2012-06-12,156.4600067138672,103.720458984375,84.0606918334961,22.09000015258789
2012-06-13,157.1199951171875,103.05718994140625,84.89031219482422,24.270000457763672
2012-06-14,157.75,104.14960479736328,84.7823715209961,21.68000030517578
2012-06-15,157.83999633789062,105.21482849121094,85.25450134277344,21.110000610351562
2012-06-18,157.92999267578125,105.41871643066406,85.71316528320312,18.31999969482422
2012-06-19,157.16000366210938,106.43841552734375,84.59352111816406,18.3799991607666
2012-06-20,155.97000122070312,106.26582336425781,85.01170349121094,17.239999771118164
2012-06-21,152.02000427246094,103.88135528564453,85.46360778808594,20.079999923706055
2012-06-22,152.63999938964844,104.68145751953125,84.32373809814453,18.110000610351562
2012-06-25,153.75999450683594,103.00291442871094,85.55127716064453,20.3799991607666
2012-06-26,152.6199951171875,103.52056121826172,85.21399688720703,19.719999313354492
2012-06-27,152.8300018310547,104.45394134521484,85.34891510009766,19.450000762939453
2012-06-28,151.0500030517578,104.15589141845703,85.55803680419922,19.709999084472656
2012-06-29,155.19000244140625,106.75215911865234,84.4450912475586,17.079999923706055
2012-07-02,155.08999633789062,107.07376098632812,85.31640625,16.799999237060547
2012-07-03,157.4600067138672,107.77971649169922,84.66077423095703,16.65999984741211
2012-07-05,155.67999267578125,107.2933578491211,85.09334564208984,17.5
2012-07-06,153.7100067138672,106.27369689941406,85.88422393798828,17.100000381469727
2012-07-09,154.0399932861328,106.14036560058594,86.64127349853516,17.979999542236328
2012-07-10,152.14999389648438,105.21482849121094,86.81697845458984,18.719999313354492
2012-07-11,152.99000549316406,105.23047637939453,86.92513275146484,17.950000762939453
2012-07-12,152.58999633789062,104.72066497802734,87.5402603149414,18.329999923706055
2012-07-13,154.13999938964844,106.4776382446289,87.3104248046875,16.739999771118164
2012-07-16,154.2100067138672,106.2266616821289,87.71595001220703,17.110000610351562
2012-07-17,153.47000122070312,106.9560775756836,87.02653503417969,16.479999542236328
2012-07-18,153.0500030517578,107.74829864501953,87.07386016845703,16.15999984741211
2012-07-19,153.3800048828125,108.03070068359375,86.85078430175781,15.449999809265137
2012-07-20,153.6699981689453,107.04238891601562,87.91202545166016,16.270000457763672
2012-07-23,153.02999877929688,105.9599380493164,88.40541076660156,18.6200008392334
2012-07-24,153.52000427246094,105.05010223388672,89.10169982910156,20.469999313354492
2012-07-25,155.6699981689453,105.0736083984375,89.33145141601562,19.34000015258789
2012-07-26,156.77000427246094,106.80705261230469,88.51363372802734,17.530000686645508
2012-07-27,157.5399932861328,108.77584075927734,86.84398651123047,16.700000762939453
2012-07-30,157.42999267578125,108.77584075927734,87.4929428100586,18.030000686645508
2012-07-31,156.49000549316406,108.01500701904297,87.66868591308594,18.93000030517578
2012-08-01,155.13999938964844,107.92085266113281,87.23042297363281,18.959999084472656
2012-08-02,154.1300048828125,107.17572021484375,87.72489166259766,17.56999969482422
2012-08-03,155.5500030517578,109.30136108398438,86.3092041015625,15.640000343322754
2012-08-06,156.3000030517578,109.51309967041016,86.34309387207031,15.949999809265137
2012-08-07,156.27999877929688,110.06221008300781,85.23220825195312,15.989999771118164
2012-08-08,156.47999572753906,110.1955337524414,84.77837371826172,15.319999694824219
2012-08-09,156.99000549316406,110.28970336914062,84.7174072265625,15.279999732971191
2012-08-10,157.17999267578125,110.47007751464844,85.1441421508789,14.739999771118164
2012-08-13,155.99000549316406,110.41514587402344,85.00186920166016,13.699999809265137
2012-08-14,155.1300048828125,110.43082427978516,83.85034942626953,14.850000381469727
2012-08-15,155.6300048828125,110.55635070800781,82.67178344726562,14.630000114440918
2012-08-16,156.55999755859375,111.37208557128906,81.96731567382812,14.289999961853027
2012-08-17,156.72000122070312,111.5210952758789,82.36698150634766,13.449999809265137
2012-08-20,157.25999450683594,111.5289306640625,82.53630828857422,14.020000457763672
2012-08-21,158.8300018310547,111.19166564941406,82.90206146240234,15.020000457763672
2012-08-22,160.5399932861328,111.23875427246094,84.27033233642578,15.109999656677246
2012-08-23,161.88999938964844,110.32888793945312,84.62257385253906,15.960000038146973
2012-08-24,161.97000122070312,110.99555206298828,84.54130554199219,15.180000305175781
2012-08-27,161.36000061035156,111.01911163330078,85.03575134277344,16.350000381469727
2012-08-28,161.63999938964844,110.90933990478516,85.23897552490234,16.489999771118164
2012-08-29,160.58999633789062,110.99555206298828,84.86641693115234,17.059999465942383
2012-08-30,160.52000427246094,110.1955337524414,85.3067855834961,17.829999923706055
2012-08-31,164.22000122070312,110.72107696533203,86.51239013671875,17.469999313354492
2012-09-04,164.47999572753906,110.61908721923828,86.42550659179688,17.979999542236328
2012-09-05,164.30999755859375,110.52499389648438,86.01827239990234,17.739999771118164
2012-09-06,164.88999938964844,112.76825714111328,84.5859603881836,15.600000381469727
2012-09-07,168.44000244140625,113.20750427246094,84.1922836303711,14.380000114440918
2012-09-10,167.2899932861328,112.56434631347656,84.39588165283203,16.280000686645508
2012-09-11,167.89999389648438,112.87808227539062,83.86644744873047,16.40999984741211
2012-09-12,167.9199981689453,113.25456237792969,82.82101440429688,15.800000190734863
2012-09-13,171.30999755859375,114.98019409179688,82.49522399902344,14.050000190734863
2012-09-14,171.8000030517578,115.48998260498047,80.30272674560547,14.510000228881836
2012-09-17,170.39999389648438,115.09783935546875,81.26659393310547,14.59000015258789
2012-09-18,171.72000122070312,115.00366973876953,81.67390441894531,14.180000305175781
2012-09-19,171.74000549316406,115.06645965576172,82.21015167236328,13.880000114440918
2012-09-20,171.47000122070312,115.07427215576172,82.41374969482422,14.069999694824219
2012-09-21,171.9600067138672,115.02616882324219,82.50885009765625,13.979999542236328
2012-09-24,171.0500030517578,114.85269165039062,83.15365600585938,14.149999618530273
2012-09-25,170.77000427246094,113.63041687011719,83.97506713867188,15.430000305175781
2012-09-26,169.80999755859375,112.99170684814453,84.87779235839844,16.809999465942383
2012-09-27,172.33999633789062,114.05626678466797,84.27367401123047,14.84000015258789
2012-09-28,171.88999938964844,113.52796173095703,84.32122039794922,15.729999542236328
2012-10-01,172.2899932861328,113.8276138305664,84.63417053222656,16.31999969482422
2012-10-02,172.10000610351562,113.94588470458984,84.51847076416016,15.710000038146973
2012-10-03,172.41000366210938,114.4111328125,84.54572296142578,15.430000305175781
2012-10-04,173.61000061035156,115.23123931884766,83.49134826660156,14.550000190734863
2012-10-05,172.6199951171875,115.2391128540039,82.40977478027344,14.329999923706055
2012-10-08,172.0500030517578,114.84481048583984,83.10365295410156,15.109999656677246
2012-10-09,170.99000549316406,113.70929718017578,82.95397186279297,16.3700008392334
2012-10-10,170.83999633789062,112.98384857177734,83.53897857666016,16.290000915527344
2012-10-11,171.32000732421875,113.04691314697266,84.11715698242188,15.59000015258789
2012-10-12,170.05999755859375,112.67630004882812,84.32807159423828,16.139999389648438
2012-10-15,168.35000610351562,113.61466979980469,84.13762664794922,15.270000457763672
2012-10-16,169.4199981689453,114.76593017578125,82.974365234375,15.220000267028809
2012-10-17,169.5399932861328,115.2863998413086,82.2057113647461,15.069999694824219
2012-10-18,168.7899932861328,114.98678588867188,81.70231628417969,15.029999732971191
2012-10-19,166.97000122070312,113.07059478759766,82.81108093261719,17.059999465942383
2012-10-22,167.5800018310547,113.08635711669922,82.28054809570312,16.6200008392334
2012-10-23,165.42999267578125,111.51712036132812,83.45731353759766,18.829999923706055
2012-10-24,164.86000061035156,111.20172882080078,82.63421630859375,18.329999923706055
2012-10-25,166.02000427246094,111.52499389648438,82.21256256103516,18.1200008392334
2012-10-26,165.92999267578125,111.46190643310547,83.4233169555664,17.809999465942383
2012-10-31,166.8300018310547,111.46190643310547,83.91309356689453,18.600000381469727
2012-11-01,166.07000732421875,112.62901306152344,83.22605895996094,16.690000534057617
2012-11-02,162.60000610351562,111.62752532958984,83.1648178100586,17.59000015258789
2012-11-05,163.22999572753906,111.85623168945312,83.63421630859375,18.420000076293945
2012-11-06,166.3000030517578,112.73150634765625,82.84512329101562,17.579999923706055
2012-11-07,166.49000549316406,110.17655181884766,84.34841918945312,19.079999923706055
2012-11-08,167.99000549316406,108.85182189941406,85.60006713867188,18.489999771118164
2012-11-09,167.82000732421875,108.94644165039062,85.69528198242188,18.610000610351562
2012-11-12,167.4499969482422,109.03318786621094,85.8381576538086,16.68000030517578
2012-11-13,167.10000610351562,108.65464782714844,86.1238021850586,16.649999618530273
2012-11-14,167.13999938964844,107.18800354003906,86.20545196533203,17.920000076293945
2012-11-15,166.08999633789062,107.00659942626953,86.03539276123047,17.989999771118164
2012-11-16,165.8800048828125,107.534912109375,85.96051788330078,16.40999984741211
2012-11-19,167.8699951171875,109.71133422851562,85.47757720947266,15.239999771118164
2012-11-20,167.38999938964844,109.7586441040039,84.62056732177734,15.079999923706055
2012-11-21,167.55999755859375,109.96368408203125,84.57289123535156,15.3100004196167
2012-11-23,169.61000061035156,111.46190643310547,84.49124908447266,15.140000343322754
2012-11-26,169.42999267578125,111.22539520263672,84.89263916015625,15.5
2012-11-27,168.7100067138672,110.65763092041016,85.22593688964844,15.920000076293945
2012-11-28,166.5500030517578,111.54866790771484,85.10350799560547,15.510000228881836
2012-11-29,167.17999267578125,112.06908416748047,85.11708068847656,15.0600004196167
2012-11-30,166.0500030517578,112.09280395507812,84.88581085205078,15.869999885559082
2012-12-03,166.1300048828125,111.54080200195312,84.9642105102539,16.639999389648438
2012-12-04,164.4199981689453,111.3830795288086,85.45490264892578,17.1200008392334
2012-12-05,164.1199951171875,111.5802001953125,85.41400909423828,16.459999084472656
2012-12-06,164.5,111.95870208740234,85.59805297851562,16.579999923706055
2012-12-07,165.16000366210938,112.29782104492188,84.8074951171875,15.899999618530273
2012-12-10,165.8000030517578,112.3450698852539,85.18230438232422,16.049999237060547
2012-12-11,165.64999389648438,113.11000061035156,84.5348129272461,15.569999694824219
2012-12-12,165.77000427246094,113.16524505615234,83.5533447265625,15.949999809265137
2012-12-13,164.3699951171875,112.4712905883789,83.61470031738281,16.559999465942383
2012-12-14,164.1300048828125,112.0533218383789,84.24172973632812,17.0
2012-12-17,164.44000244140625,113.37023162841797,82.98082733154297,16.34000015258789
2012-12-18,162.0800018310547,114.63188171386719,82.13565826416016,15.569999694824219
2012-12-19,161.69000244140625,113.7802963256836,82.40834045410156,17.360000610351562
2012-12-20,159.72999572753906,114.43478393554688,82.42192840576172,17.670000076293945
2012-12-21,160.3300018310547,113.39604187011719,83.32162475585938,17.84000015258789
2012-12-24,160.6199951171875,113.046630859375,83.17166900634766,17.84000015258789
2012-12-26,160.77999877929688,112.57012176513672,83.47089385986328,19.479999542236328
2012-12-27,161.16000366210938,112.4192123413086,83.75089263916016,19.469999313354492
2012-12-28,160.5399932861328,111.20421600341797,84.22908020019531,22.719999313354492
2012-12-31,162.02000427246094,113.09425354003906,82.77413177490234,18.020000457763672
2013-01-02,163.1699981689453,115.99293518066406,81.6675796508789,14.680000305175781
2013-01-03,161.1999969482422,115.73084259033203,80.56105041503906,14.5600004196167
2013-01-04,160.44000244140625,116.2390365600586,80.8752212524414,13.829999923706055
2013-01-07,159.42999267578125,115.92140197753906,80.90933990478516,13.789999961853027
2013-01-08,160.55999755859375,115.58790588378906,81.44215393066406,13.619999885559082
2013-01-09,160.49000549316406,115.8817367553711,81.36700439453125,13.8100004196167
2013-01-10,161.97999572753906,116.802978515625,81.14163970947266,13.489999771118164
2013-01-11,161.05999755859375,116.79501342773438,81.8656997680664,13.359999656677246
2013-01-14,161.5399932861328,116.715576171875,81.6402587890625,13.520000457763672
2013-01-15,162.55999755859375,116.79501342773438,82.01594543457031,13.550000190734863
2013-01-16,162.64999389648438,116.77910614013672,82.18672180175781,13.420000076293945
2013-01-17,163.35000610351562,117.53356170654297,81.36700439453125,13.569999694824219
2013-01-18,163.08999633789062,117.79557037353516,81.99542999267578,12.460000038146973
2013-01-22,163.6699981689453,118.43090057373047,82.15253448486328,12.430000305175781
2013-01-23,163.2100067138672,118.62149047851562,82.02959442138672,12.460000038146973
2013-01-24,161.4199981689453,118.65325927734375,81.74269104003906,12.6899995803833
2013-01-25,160.64999389648438,119.32037353515625,80.6224365234375,12.890000343322754
2013-01-28,160.2899932861328,119.17745208740234,80.32876586914062,13.569999694824219
2013-01-29,160.99000549316406,119.64599609375,79.8847427368164,13.3100004196167
2013-01-30,162.19000244140625,119.17745208740234,79.74813079833984,14.319999694824219
2013-01-31,161.1999969482422,118.88358306884766,80.1374740600586,14.279999732971191
2013-02-01,161.4499969482422,120.10657501220703,79.096923828125,12.899999618530273
2013-02-04,162.0,118.75653076171875,80.110107421875,14.670000076293945
2013-02-05,161.9600067138672,119.95567321777344,79.39813232421875,13.720000267028809
2013-02-06,162.38999938964844,120.04299926757812,80.04846954345703,13.40999984741211
2013-02-07,161.83999633789062,119.88422393798828,79.87051391601562,13.5
2013-02-08,161.57000732421875,120.55128479003906,80.17855834960938,13.020000457763672
2013-02-11,159.6999969482422,120.52748107910156,80.11701202392578,12.9399995803833
2013-02-12,159.88999938964844,120.72600555419922,79.91844940185547,12.640000343322754
2013-02-13,159.0500030517578,120.82925415039062,79.26803588867188,12.979999542236328
2013-02-14,158.35000610351562,120.9404067993164,79.98693084716797,12.65999984741211
2013-02-15,155.75999450683594,120.79747009277344,79.7541275024414,12.460000038146973
2013-02-19,155.3300018310547,121.70281982421875,79.35706329345703,12.3100004196167
2013-02-20,151.44000244140625,120.18596649169922,79.5966796875,14.680000305175781
2013-02-21,152.6199951171875,119.45539855957031,80.06216430664062,15.220000267028809
2013-02-22,152.97000122070312,120.62274169921875,80.11701202392578,14.170000076293945
2013-02-25,154.33999633789062,118.3276596069336,81.6915054321289,18.989999771118164
2013-02-26,156.22000122070312,119.13772583007812,81.2190933227539,16.8700008392334
2013-02-27,154.57000732421875,120.63863372802734,80.97954559326172,14.729999542236328
2013-02-28,153.0,120.4004135131836,81.13013458251953,15.510000228881836
2013-03-01,152.44000244140625,120.79747009277344,81.5719985961914,15.359999656677246
2013-03-04,152.3000030517578,121.44071197509766,81.1397476196289,14.010000228881836
2013-03-05,152.3800048828125,122.52873229980469,80.90646362304688,13.479999542236328
2013-03-06,153.22999572753906,122.69552612304688,80.17239379882812,13.529999732971191
2013-03-07,152.69000244140625,122.91781616210938,79.5549545288086,13.0600004196167
2013-03-08,152.7100067138672,123.44197082519531,78.72482299804688,12.59000015258789
2013-03-11,152.99000549316406,123.9104995727539,78.80027770996094,11.5600004196167
2013-03-12,154.19000244140625,123.63256072998047,79.36971282958984,12.270000457763672
2013-03-13,153.66000366210938,123.80724334716797,79.28739166259766,11.829999923706055
2013-03-14,153.67999267578125,124.46641540527344,79.04725646972656,11.300000190734863
2013-03-15,154.0,124.30210876464844,79.41773986816406,11.300000190734863
2013-03-18,155.3800048828125,123.6160888671875,80.0215072631836,13.359999656677246
2013-03-19,156.0800018310547,123.32891845703125,80.56344604492188,14.390000343322754
2013-03-20,155.3699951171875,124.19041442871094,79.6646957397461,12.670000076293945
2013-03-21,156.25,123.12956237792969,80.43307495117188,13.989999771118164
2013-03-22,155.5500030517578,124.11863708496094,80.49488830566406,13.569999694824219
2013-03-25,155.24000549316406,123.60014343261719,80.41938781738281,13.739999771118164
2013-03-26,154.72000122070312,124.58929443359375,80.51544189453125,12.770000457763672
2013-03-27,155.36000061035156,124.58929443359375,81.20149993896484,13.149999618530273
2013-03-28,154.4499969482422,124.97211456298828,80.78987121582031,12.699999809265137
2013-04-01,154.6699981689453,124.47761535644531,81.39836883544922,13.579999923706055
2013-04-02,152.42999267578125,125.0918197631836,81.06834411621094,12.779999732971191
2013-04-03,150.72999572753906,123.82347869873047,81.797119140625,14.210000038146973
2013-04-04,150.2899932861328,124.32605743408203,82.7734603881836,13.890000343322754
2013-04-05,152.80999755859375,123.76766204833984,84.44408416748047,13.920000076293945
2013-04-08,152.16000366210938,124.60526275634766,83.79792785644531,13.1899995803833
2013-04-09,153.33999633789062,125.03594207763672,83.59163665771484,12.84000015258789
2013-04-10,150.75,126.56749725341797,82.44340515136719,12.359999656677246
2013-04-11,151.0500030517578,126.98231506347656,82.60154724121094,12.239999771118164
2013-04-12,143.9499969482422,126.67121124267578,83.8322525024414,12.0600004196167
2013-04-15,131.30999755859375,123.73573303222656,84.56103515625,17.270000457763672
2013-04-16,132.8000030517578,125.5624771118164,83.86663055419922,13.960000038146973
2013-04-17,132.8699951171875,123.72777557373047,84.42352294921875,16.510000228881836
2013-04-18,134.3000030517578,122.9540786743164,84.6297607421875,17.559999465942383
2013-04-19,135.47000122070312,124.02291870117188,84.45101928710938,14.970000267028809
2013-04-22,137.89999389648438,124.57329559326172,84.51292419433594,14.390000343322754
2013-04-23,136.8800048828125,125.85759735107422,84.21724700927734,13.479999542236328
2013-04-24,138.3699951171875,125.93733215332031,84.4303970336914,13.609999656677246
2013-04-25,141.6300048828125,126.44786071777344,84.06600952148438,13.619999885559082
2013-04-26,140.91000366210938,126.22454071044922,84.8360595703125,13.609999656677246
2013-04-29,142.3000030517578,127.070068359375,84.52668762207031,13.710000038146973
2013-04-30,142.77000427246094,127.37317657470703,84.57479858398438,13.520000457763672
2013-05-01,141.11000061035156,126.25643920898438,85.44361114501953,14.489999771118164
2013-05-02,141.9199981689453,127.42899322509766,85.33336639404297,13.59000015258789
2013-05-03,142.08999633789062,128.72122192382812,83.32147979736328,12.850000381469727
2013-05-06,142.14999389648438,129.04832458496094,83.11479949951172,12.65999984741211
2013-05-07,140.3800048828125,129.70245361328125,82.79093933105469,12.829999923706055
2013-05-08,142.4600067138672,130.29261779785156,82.92185974121094,12.65999984741211
2013-05-09,140.80999755859375,129.92575073242188,82.70829772949219,13.130000114440918
2013-05-10,139.60000610351562,130.3485107421875,81.81944274902344,12.59000015258789
2013-05-13,138.42999267578125,130.45220947265625,81.19244384765625,12.550000190734863
2013-05-14,137.80999755859375,131.8002471923828,80.31050872802734,12.770000457763672
2013-05-15,134.6300048828125,132.5102081298828,80.84796905517578,12.8100004196167
2013-05-16,134.08999633789062,131.8879852294922,81.68853759765625,13.069999694824219
2013-05-17,131.07000732421875,133.16429138183594,80.65506744384766,12.449999809265137
2013-05-20,135.1199951171875,133.15631103515625,80.55856323242188,13.020000457763672
2013-05-21,132.8800048828125,133.34771728515625,81.19244384765625,13.369999885559082
2013-05-22,131.94000244140625,132.3586883544922,79.98668670654297,13.819999694824219
2013-05-23,134.61000061035156,131.9757843017578,80.36565399169922,14.069999694824219
2013-05-24,133.75999450683594,131.86410522460938,80.47589874267578,13.989999771118164
2013-05-28,133.49000549316406,132.6537628173828,78.4364013671875,14.479999542236328
2013-05-29,134.8300018310547,131.7923583984375,79.318359375,14.829999923706055
2013-05-30,136.6999969482422,132.2788543701172,79.12543487548828,14.529999732971191
2013-05-31,133.9199981689453,130.38043212890625,78.85671997070312,16.299999237060547
2013-06-03,136.50999450683594,131.0983428955078,79.27456665039062,16.280000686645508
2013-06-04,135.22999572753906,130.46812438964844,78.54246520996094,16.270000457763672
2013-06-05,135.52000427246094,128.6414794921875,79.6268539428711,17.5
2013-06-06,136.52999877929688,129.8060760498047,79.57847595214844,16.6299991607666
2013-06-07,133.27999877929688,131.45730590820312,78.15572357177734,15.140000343322754
2013-06-10,133.94000244140625,131.45730590820312,77.78272247314453,15.4399995803833
2013-06-11,133.25,130.1012420654297,78.70824432373047,17.06999969482422
2013-06-12,134.25,129.0243377685547,77.58246612548828,18.59000015258789
2013-06-13,133.74000549316406,130.98667907714844,78.79798889160156,16.40999984741211
2013-06-14,134.42999267578125,130.16500854492188,78.61155700683594,17.149999618530273
2013-06-17,133.77000427246094,131.17007446289062,78.1971435546875,16.799999237060547
2013-06-18,132.1300048828125,132.2071075439453,78.23859405517578,16.610000610351562
2013-06-19,130.58999633789062,130.38043212890625,77.43051147460938,16.639999389648438
2013-06-20,123.5999984741211,127.14984130859375,76.15966796875,20.489999771118164
2013-06-21,125.05000305175781,127.55799865722656,74.86811065673828,18.899999618530273
2013-06-24,123.93000030517578,125.94609832763672,75.17890167236328,20.110000610351562
2013-06-25,123.47000122070312,127.15703582763672,74.50897216796875,18.469999313354492
2013-06-26,118.27999877929688,128.416015625,74.99243927001953,17.209999084472656
2013-06-27,115.94000244140625,129.1697998046875,75.7591323852539,16.860000610351562
2013-06-28,119.11000061035156,128.64051818847656,76.27710723876953,16.860000610351562
2013-07-01,121.12999725341797,129.39437866210938,76.43073272705078,16.3700008392334
2013-07-02,120.05000305175781,129.27410888671875,76.38233184814453,16.440000534057617
2013-07-03,120.73999786376953,129.3301544189453,76.1539077758789,16.200000762939453
2013-07-05,118.08999633789062,130.7255096435547,73.55799865722656,14.890000343322754
2013-07-08,119.51000213623047,131.47125244140625,74.27096557617188,14.779999732971191
2013-07-09,120.62000274658203,132.41749572753906,74.34709930419922,14.350000381469727
2013-07-10,120.94999694824219,132.4656524658203,73.76561737060547,14.210000038146973
2013-07-11,124.23999786376953,134.2698516845703,74.63090515136719,14.010000228881836
2013-07-12,124.12999725341797,134.32598876953125,74.56865692138672,13.84000015258789
2013-07-15,124.18000030517578,134.83926391601562,74.96317291259766,13.789999961853027
2013-07-16,124.88999938964844,134.33399963378906,75.21935272216797,14.420000076293945
2013-07-17,123.31999969482422,134.6788330078125,75.35781860351562,13.779999732971191
2013-07-18,124.01000213623047,135.41659545898438,74.41632080078125,13.770000457763672
2013-07-19,125.11000061035156,135.65721130371094,75.5931396484375,12.539999961853027
2013-07-22,128.83999633789062,135.92178344726562,75.70389556884766,12.289999961853027
2013-07-23,129.7100067138672,135.63307189941406,75.385498046875,12.65999984741211
2013-07-24,127.4800033569336,135.13592529296875,74.4301986694336,13.180000305175781
2013-07-25,128.6699981689453,135.46473693847656,74.40250396728516,12.970000267028809
2013-07-26,128.77999877929688,135.60902404785156,74.85934448242188,12.720000267028809
2013-07-29,128.47000122070312,135.1920166015625,74.31251525878906,13.390000343322754
2013-07-30,128.1199951171875,135.1920166015625,74.28475189208984,13.390000343322754
2013-07-31,127.95999908447266,135.2882843017578,74.55479431152344,13.449999809265137
2013-08-01,126.61000061035156,136.8519744873047,73.11823272705078,12.9399995803833
2013-08-02,126.36000061035156,137.08448791503906,73.92321014404297,11.979999542236328
2013-08-05,125.69999694824219,136.884033203125,73.35417938232422,11.84000015258789
2013-08-06,123.97000122070312,136.10618591308594,73.56932830810547,12.720000267028809
2013-08-07,124.1500015258789,135.66517639160156,74.11759185791016,12.979999542236328
2013-08-08,126.86000061035156,136.16236877441406,74.31885528564453,12.729999542236328
2013-08-09,126.86000061035156,135.7694549560547,74.43682098388672,13.40999984741211
2013-08-12,129.1300048828125,135.60902404785156,73.93020629882812,12.8100004196167
2013-08-13,127.73999786376953,136.0099639892578,72.8614273071289,12.3100004196167
2013-08-14,129.0,135.3123321533203,72.97250366210938,13.039999961853027
2013-08-15,131.69000244140625,133.41990661621094,71.98707580566406,14.729999542236328
2013-08-16,132.5800018310547,132.9788055419922,71.73721313476562,14.369999885559082
2013-08-19,132.00999450683594,132.12876892089844,71.11260986328125,15.100000381469727
2013-08-20,132.4499969482422,132.7783203125,71.6608657836914,14.90999984741211
2013-08-21,132.07000732421875,131.9604034423828,70.87665557861328,15.9399995803833
2013-08-22,132.80999755859375,133.16326904296875,71.5984115600586,14.760000228881836
2013-08-23,134.89999389648438,133.61231994628906,72.37565612792969,13.979999542236328
2013-08-26,135.4499969482422,133.1151580810547,72.73651885986328,14.989999771118164
2013-08-27,136.75,130.9740753173828,73.65260314941406,16.770000457763672
2013-08-28,136.7100067138672,131.43914794921875,73.05577850341797,16.489999771118164
2013-08-29,135.8699951171875,131.647705078125,73.63874816894531,16.809999465942383
2013-08-30,134.6199951171875,131.23068237304688,73.55543518066406,17.010000228881836
2013-09-03,136.4199981689453,131.8240966796875,72.51795959472656,16.610000610351562
2013-09-04,134.66000366210938,132.91470336914062,72.35791778564453,15.880000114440918
2013-09-05,132.1999969482422,133.08316040039062,71.34903717041016,15.770000457763672
2013-09-06,134.14999389648438,133.147216796875,71.70391082763672,15.850000381469727
2013-09-09,133.91000366210938,134.4222412109375,71.7386703491211,15.630000114440918
2013-09-10,131.74000549316406,135.41659545898438,71.23770141601562,14.529999732971191
2013-09-11,131.6999969482422,135.841552734375,71.87088012695312,13.819999694824219
2013-09-12,127.66999816894531,135.4807586669922,71.77346801757812,14.289999961853027
2013-09-13,127.81999969482422,135.7854766845703,72.05182647705078,14.15999984741211
2013-09-16,126.44999694824219,136.5712890625,71.57164764404297,14.380000114440918
2013-09-17,126.5,137.18072509765625,72.16311645507812,14.529999732971191
2013-09-18,132.00999450683594,138.76849365234375,73.05371856689453,13.59000015258789
2013-09-19,131.75,138.5360107421875,72.62239074707031,13.15999984741211
2013-09-20,127.95999908447266,137.56739807128906,73.00506591796875,13.119999885559082
2013-09-23,127.55000305175781,136.93080139160156,73.54088592529297,14.3100004196167
2013-09-24,127.66000366210938,136.60848999023438,74.33404541015625,14.079999923706055
2013-09-25,128.7899932861328,136.21359252929688,74.48714447021484,14.010000228881836
2013-09-26,127.79000091552734,136.73741149902344,73.96527099609375,14.0600004196167
2013-09-27,128.97000122070312,136.10887145996094,74.14622497558594,15.460000038146973
2013-09-30,128.17999267578125,135.38360595703125,74.03490447998047,16.600000381469727
2013-10-01,124.58999633789062,136.4553680419922,73.81024932861328,15.539999961853027
2013-10-02,127.05999755859375,136.3264617919922,73.92182159423828,16.600000381469727
2013-10-03,127.18000030517578,135.0693817138672,73.80328369140625,17.670000076293945
2013-10-04,126.52999877929688,136.09271240234375,73.7474365234375,16.739999771118164
2013-10-07,127.63999938964844,134.91627502441406,74.04741668701172,19.40999984741211
2013-10-08,127.4000015258789,133.34494018554688,74.06839752197266,20.34000015258789
2013-10-09,126.11000061035156,133.4416961669922,73.47539520263672,19.600000381469727
2013-10-10,124.2699966430664,136.31838989257812,73.59398651123047,16.479999542236328
2013-10-11,122.5999984741211,137.19674682617188,73.572998046875,15.720000267028809
2013-10-14,122.83000183105469,137.7446746826172,72.98001098632812,16.06999969482422
2013-10-15,123.7300033569336,136.7454376220703,72.9311752319336,18.65999984741211
2013-10-16,123.54000091552734,138.65524291992188,73.8450698852539,14.710000038146973
2013-10-17,127.41999816894531,139.58192443847656,74.51480865478516,13.479999542236328
2013-10-18,126.8499984741211,140.524658203125,74.67530059814453,13.039999961853027
2013-10-21,126.9800033569336,140.53277587890625,74.43809509277344,13.15999984741211
2013-10-22,129.33999633789062,141.3466339111328,75.26830291748047,13.329999923706055
2013-10-23,128.69000244140625,140.6697540283203,75.56135559082031,13.420000076293945
2013-10-24,129.89999389648438,141.13710021972656,75.26830291748047,13.199999809265137
2013-10-25,130.4600067138672,141.78175354003906,75.54735565185547,13.09000015258789
2013-10-28,130.55999755859375,142.00743103027344,75.28923034667969,13.3100004196167
2013-10-29,129.77000427246094,142.7648468017578,75.38690185546875,13.40999984741211
2013-10-30,129.60000610351562,142.0557098388672,74.93343353271484,13.649999618530273
2013-10-31,127.73999786376953,141.65280151367188,75.09391784667969,13.75
2013-11-01,126.94999694824219,141.99124145507812,74.28104400634766,13.279999732971191
2013-11-04,126.80999755859375,142.49085998535156,74.3510513305664,12.930000305175781
2013-11-05,126.55999755859375,142.0395965576172,73.4626693725586,13.270000457763672
2013-11-06,127.19999694824219,142.7648468017578,73.49757385253906,12.670000076293945
2013-11-07,126.16000366210938,140.95980834960938,74.12012481689453,13.90999984741211
2013-11-08,124.27999877929688,142.86155700683594,72.33639526367188,12.899999618530273
2013-11-11,123.87000274658203,142.88575744628906,72.0636215209961,12.529999732971191
2013-11-12,122.44999694824219,142.59561157226562,72.39937591552734,12.819999694824219
2013-11-13,122.8499984741211,143.73989868164062,72.66519927978516,12.520000457763672
2013-11-14,124.2699966430664,144.45704650878906,73.11288452148438,12.369999885559082
2013-11-15,124.31999969482422,145.08558654785156,73.25975799560547,12.1899995803833
2013-11-18,122.9000015258789,144.57791137695312,73.70047760009766,13.100000381469727
2013-11-19,122.94999694824219,144.26365661621094,73.1408462524414,13.390000343322754
2013-11-20,120.12000274658203,143.81234741210938,71.89574432373047,13.399999618530273
2013-11-21,119.94000244140625,144.9727783203125,72.01461791992188,12.65999984741211
2013-11-22,119.91999816894531,145.69801330566406,72.6861801147461,12.260000228881836
2013-11-25,120.45999908447266,145.55294799804688,72.89603424072266,12.789999961853027
2013-11-26,119.81999969482422,145.59323120117188,73.16883850097656,12.8100004196167
2013-11-27,119.45999908447266,145.94775390625,73.04292297363281,12.979999542236328
2013-11-29,120.69999694824219,145.8510284423828,73.06388092041016,13.699999809265137
2013-12-02,117.58000183105469,145.47238159179688,72.49562072753906,14.229999542236328
2013-12-03,117.95999908447266,144.84385681152344,72.76221466064453,14.550000190734863
2013-12-04,119.95999908447266,144.8277130126953,72.06768035888672,14.699999809265137
2013-12-05,118.30000305175781,144.19114685058594,71.86418914794922,15.079999923706055
2013-12-06,118.55000305175781,145.80270385742188,72.20794677734375,13.789999961853027
2013-12-09,119.72000122070312,146.1734161376953,72.37631225585938,13.489999771118164
2013-12-10,121.81999969482422,145.6496124267578,72.89552307128906,13.90999984741211
2013-12-11,120.86000061035156,144.01385498046875,72.33424377441406,15.420000076293945
2013-12-12,118.29000091552734,143.53843688964844,72.06060028076172,15.539999961853027
2013-12-13,119.37999725341797,143.5222930908203,72.41142272949219,15.760000228881836
2013-12-16,119.69000244140625,144.41673278808594,72.14485168457031,16.030000686645508
2013-12-17,118.6500015258789,143.95742797851562,72.4675521850586,16.209999084472656
2013-12-18,117.61000061035156,146.4151611328125,72.10271453857422,13.800000190734863
2013-12-19,114.81999969482422,146.2459259033203,72.03254699707031,14.149999618530273
2013-12-20,115.94000244140625,147.09658813476562,73.14108276367188,13.789999961853027
2013-12-23,115.56999969482422,147.8824920654297,72.72712707519531,13.039999961853027
2013-12-24,116.0999984741211,148.20655822753906,72.14485168457031,12.479999542236328
2013-12-26,116.73999786376953,148.9600372314453,71.86674499511719,12.329999923706055
2013-12-27,117.12000274658203,148.95196533203125,71.66267395019531,12.460000038146973
2013-12-30,115.38999938964844,148.9276580810547,72.15538024902344,13.5600004196167
2013-12-31,116.12000274658203,149.6324920654297,71.69782257080078,13.720000267028809
2014-01-02,118.0,148.19847106933594,71.91607666015625,14.229999542236328
2014-01-03,119.29000091552734,148.17417907714844,71.91607666015625,13.760000228881836
2014-01-06,119.5,147.74478149414062,72.21866607666016,13.550000190734863
2014-01-07,118.81999969482422,148.6522216796875,72.40172576904297,12.920000076293945
2014-01-08,118.12000274658203,148.68463134765625,72.20465850830078,12.869999885559082
2014-01-09,118.45999908447266,148.78179931640625,72.62698364257812,12.890000343322754
2014-01-10,120.26000213623047,149.18692016601562,73.4927749633789,12.140000343322754
2014-01-13,121.0199966430664,147.201904296875,73.85877227783203,13.279999732971191
2014-01-14,119.88999938964844,148.80609130859375,73.52091217041016,12.279999732971191
2014-01-15,119.66000366210938,149.60821533203125,73.4435043334961,12.279999732971191
2014-01-16,119.79000091552734,149.41372680664062,73.93623352050781,12.529999732971191
2014-01-17,120.93000030517578,148.78179931640625,74.24591827392578,12.4399995803833
2014-01-21,119.69999694824219,149.21929931640625,74.30223083496094,12.869999885559082
2014-01-22,119.19000244140625,149.3165740966797,74.11925506591797,12.84000015258789
2014-01-23,121.79000091552734,148.09312438964844,75.16802978515625,13.770000457763672
2014-01-24,122.29000091552734,144.9334259033203,75.6537094116211,18.139999389648438
2014-01-27,120.95999908447266,144.22047424316406,75.1257553100586,17.420000076293945
2014-01-28,120.94999694824219,145.07923889160156,75.30879211425781,15.800000190734863
2014-01-29,122.47000122070312,143.6857452392578,75.92821502685547,17.350000381469727
2014-01-30,119.7699966430664,145.20887756347656,75.70999908447266,17.290000915527344
2014-01-31,120.08999633789062,144.358154296875,76.21681213378906,18.40999984741211
2014-02-03,121.31999969482422,141.10939025878906,77.14551544189453,21.440000534057617
2014-02-04,120.98999786376953,142.0977325439453,76.32688903808594,19.110000610351562
2014-02-05,121.29000091552734,141.9195098876953,75.62116241455078,19.950000762939453
2014-02-06,121.23999786376953,143.79103088378906,75.29656982421875,17.229999542236328
2014-02-07,122.16999816894531,145.57351684570312,75.3601303100586,15.289999961853027
2014-02-10,122.91999816894531,145.84083557128906,75.57178497314453,15.260000228881836
2014-02-11,124.36000061035156,147.43685913085938,75.13427734375,14.510000228881836
2014-02-12,124.43000030517578,147.50987243652344,74.74615478515625,14.300000190734863
2014-02-13,125.48999786376953,148.27142333984375,75.16952514648438,14.140000343322754
2014-02-14,127.1500015258789,149.08969116210938,75.21187591552734,13.569999694824219
2014-02-18,127.4000015258789,149.26792907714844,75.38133239746094,13.869999885559082
2014-02-19,126.2699966430664,148.27952575683594,75.06371307373047,15.5
2014-02-20,127.5999984741211,149.15451049804688,74.88025665283203,14.789999961853027
2014-02-21,127.58000183105469,148.98435974121094,75.27543640136719,14.680000305175781
2014-02-24,128.99000549316406,149.81076049804688,75.08487701416016,14.229999542236328
2014-02-25,129.2100067138672,149.7539825439453,75.75521087646484,13.670000076293945
2014-02-26,128.11000061035156,149.76217651367188,76.15753173828125,14.350000381469727
2014-02-27,128.1999969482422,150.54798889160156,76.57388305664062,14.039999961853027
2014-02-28,127.62000274658203,150.9288330078125,76.61617279052734,14.0
2014-03-03,130.2899932861328,149.8674774169922,77.1276626586914,16.0
2014-03-04,128.67999267578125,151.97390747070312,75.9675521850586,14.100000381469727
2014-03-05,128.88999938964844,152.1116485595703,76.1302719116211,13.890000343322754
2014-03-06,130.1699981689453,152.4600067138672,75.38040161132812,14.210000038146973
2014-03-07,129.08999633789062,152.5248260498047,74.90645599365234,14.109999656677246
2014-03-10,129.1300048828125,152.44381713867188,75.01253509521484,14.199999809265137
2014-03-11,129.86000061035156,151.6903839111328,75.21063995361328,14.800000190734863
2014-03-12,131.75999450683594,151.7308807373047,75.73409271240234,14.470000267028809
2014-03-13,132.2100067138672,150.02947998046875,76.75275421142578,16.219999313354492
2014-03-14,133.10000610351562,149.60821533203125,76.76689147949219,17.81999969482422
2014-03-17,131.63999938964844,150.96124267578125,76.19389343261719,15.640000343322754
2014-03-18,130.6199951171875,152.03875732421875,76.46975708007812,14.520000457763672
2014-03-19,128.08999633789062,151.22860717773438,75.87561798095703,15.119999885559082
2014-03-20,127.86000061035156,152.1116485595703,75.74118041992188,14.520000457763672
2014-03-21,128.47000122070312,151.5216522216797,76.56169891357422,15.0
2014-03-24,126.18000030517578,150.89505004882812,77.10648345947266,15.09000015258789
2014-03-25,126.41000366210938,151.6111602783203,76.81636810302734,14.020000457763672
2014-03-26,125.41000366210938,150.520751953125,77.41770935058594,14.930000305175781
2014-03-27,124.58999633789062,150.20338439941406,77.80677032470703,14.619999885559082
2014-03-28,124.55999755859375,150.94387817382812,77.36814880371094,14.40999984741211
2014-03-31,123.61000061035156,152.18080139160156,77.17719268798828,13.880000114440918
2014-04-01,123.38999938964844,153.18984985351562,76.51760864257812,13.100000381469727
2014-04-02,124.31999969482422,153.70252990722656,76.07783508300781,13.09000015258789
2014-04-03,123.91999816894531,153.4990997314453,76.41126251220703,13.369999885559082
2014-04-04,125.56999969482422,151.6844482421875,76.92183685302734,13.960000038146973
2014-04-07,124.91000366210938,150.00808715820312,77.38280487060547,15.569999694824219
2014-04-08,126.08999633789062,150.62660217285156,77.56722259521484,14.890000343322754
2014-04-09,126.31999969482422,152.2459259033203,77.18425750732422,13.819999694824219
2014-04-10,127.01000213623047,149.04788208007812,77.90055847167969,15.890000343322754
2014-04-11,126.93000030517578,147.70518493652344,78.53181457519531,17.030000686645508
2014-04-14,127.8499984741211,148.86883544921875,78.32611083984375,16.110000610351562
2014-04-15,125.48999786376953,149.89413452148438,78.8154525756836,15.609999656677246
2014-04-16,125.54000091552734,151.46470642089844,78.91474914550781,14.180000305175781
2014-04-17,124.75,151.67633056640625,78.04950714111328,13.359999656677246
2014-04-21,124.23999786376953,152.20523071289062,77.98567962646484,13.25
2014-04-22,123.77999877929688,152.89694213867188,78.24809265136719,13.1899995803833
2014-04-23,123.76000213623047,152.5388641357422,78.69490051269531,13.270000457763672
2014-04-24,124.55999755859375,152.84808349609375,78.84379577636719,13.319999694824219
2014-04-25,125.43000030517578,151.59486389160156,78.9572982788086,14.0600004196167
2014-04-28,124.87999725341797,152.07504272460938,78.57437133789062,13.970000267028809
2014-04-29,124.86000061035156,152.7830047607422,78.46795654296875,13.710000038146973
2014-04-30,124.22000122070312,153.23873901367188,78.79421997070312,13.40999984741211
2014-05-01,123.80000305175781,153.25497436523438,79.63951110839844,13.25
2014-05-02,125.05999755859375,153.0352783203125,80.13005828857422,12.90999984741211
2014-05-05,126.22000122070312,153.3282012939453,79.6465835571289,13.289999961853027
2014-05-06,125.9800033569336,151.99365234375,79.9665298461914,13.800000190734863
2014-05-07,124.16999816894531,152.88877868652344,79.68214416503906,13.399999618530273
2014-05-08,124.16999816894531,152.7259979248047,79.34092712402344,13.430000305175781
2014-05-09,124.0999984741211,152.95391845703125,79.08496856689453,12.920000076293945
2014-05-12,124.94000244140625,154.44308471679688,78.76506805419922,12.229999542236328
2014-05-13,124.5999984741211,154.5813751220703,79.44754791259766,12.130000114440918
2014-05-14,125.80999755859375,153.84901428222656,80.30778503417969,12.170000076293945
2014-05-15,124.7699966430664,152.4982147216797,80.9476318359375,13.170000076293945
2014-05-16,124.5,153.027099609375,80.72013092041016,12.4399995803833
2014-05-19,124.58000183105469,153.58860778808594,80.1229248046875,12.420000076293945
2014-05-20,124.69000244140625,152.6202392578125,80.30065155029297,12.960000038146973
2014-05-21,124.38999938964844,153.90594482421875,79.81011199951172,11.90999984741211
2014-05-22,124.66999816894531,154.2803192138672,79.69639587402344,12.029999732971191
2014-05-23,124.51000213623047,154.8987579345703,80.1229248046875,11.359999656677246
2014-05-27,121.8499984741211,155.85092163085938,80.5921630859375,11.510000228881836
2014-05-28,121.19999694824219,155.73690795898438,81.58750915527344,11.680000305175781
2014-05-29,120.94000244140625,156.5425567626953,81.15380096435547,11.569999694824219
2014-05-30,120.43000030517578,156.79481506347656,81.11822509765625,11.399999618530273
2014-06-02,119.69999694824219,156.9738311767578,80.51522827148438,11.579999923706055
2014-06-03,120.01000213623047,156.89248657226562,79.52450561523438,11.869999885559082
2014-06-04,119.76000213623047,157.20986938476562,79.50312805175781,12.079999923706055
2014-06-05,120.66000366210938,158.23516845703125,79.53875732421875,11.680000305175781
2014-06-06,120.61000061035156,158.991943359375,79.53875732421875,10.729999542236328
2014-06-09,120.6500015258789,159.1547393798828,79.42471313476562,11.149999618530273
2014-06-10,121.38999938964844,159.17098999023438,79.13247680664062,10.989999771118164
2014-06-11,121.41000366210938,158.61769104003906,79.2750244140625,11.600000381469727
2014-06-12,122.63999938964844,157.49464416503906,79.98068237304688,12.5600004196167
2014-06-13,122.95999908447266,157.9748077392578,79.93791198730469,12.180000305175781
2014-06-16,122.41999816894531,158.10491943359375,80.13748931884766,12.649999618530273
2014-06-17,122.27999877929688,158.54440307617188,79.50312805175781,12.0600004196167
2014-06-18,122.66999816894531,159.7080535888672,80.11614227294922,10.609999656677246
2014-06-19,126.94000244140625,159.8870849609375,79.08973693847656,10.619999885559082
2014-06-20,126.5,160.2117462158203,79.6884765625,10.850000381469727
2014-06-23,126.8499984741211,160.16265869140625,79.43893432617188,10.979999542236328
2014-06-24,126.9800033569336,159.19778442382812,80.24439239501953,12.130000114440918
2014-06-25,126.98999786376953,159.91734313964844,80.45108795166016,11.59000015258789
2014-06-26,126.7300033569336,159.80282592773438,80.83605194091797,11.630000114440918
2014-06-27,126.66000366210938,160.11361694335938,80.71484375,11.260000228881836
2014-06-30,128.0399932861328,160.03179931640625,80.91439056396484,11.569999694824219
2014-07-01,127.69999694824219,161.1029052734375,80.23697662353516,11.149999618530273
2014-07-02,127.69999694824219,161.26649475097656,79.37943267822266,10.819999694824219
2014-07-03,127.16000366210938,162.0596466064453,79.09357452392578,10.319999694824219
2014-07-07,127.0199966430664,161.49542236328125,79.67241668701172,11.329999923706055
2014-07-08,127.06999969482422,160.45700073242188,80.565673828125,11.979999542236328
2014-07-09,127.83999633789062,161.1765899658203,80.62997436523438,11.649999618530273
2014-07-10,128.5399932861328,160.53875732421875,80.65145111083984,12.59000015258789
2014-07-11,128.77999877929688,160.7594757080078,81.16598510742188,12.079999923706055
2014-07-14,125.72000122070312,161.5690155029297,80.81582641601562,11.819999694824219
2014-07-15,124.52999877929688,161.26649475097656,80.65145111083984,11.960000038146973
2014-07-16,124.97000122070312,161.8633575439453,81.08018493652344,11.0
2014-07-17,127.08999633789062,160.02366638183594,82.10211944580078,14.539999961853027
2014-07-18,126.12999725341797,161.65896606445312,81.83769226074219,12.0600004196167
2014-07-21,126.33999633789062,161.35641479492188,82.24504852294922,12.8100004196167
2014-07-22,125.73999786376953,162.0596466064453,82.41653442382812,12.239999771118164
2014-07-23,125.62000274658203,162.41941833496094,82.30935668945312,11.520000457763672
2014-07-24,124.3499984741211,162.4275665283203,81.6948013305664,11.84000015258789
2014-07-25,125.79000091552734,161.66717529296875,82.6595230102539,12.6899995803833
2014-07-28,125.58000183105469,161.7325439453125,82.5451889038086,12.5600004196167
2014-07-29,125.19999694824219,161.0375213623047,82.84529113769531,13.279999732971191
2014-07-30,124.83000183105469,161.06204223632812,81.6948013305664,13.329999923706055
2014-07-31,123.38999938964844,157.8813934326172,81.45178985595703,16.950000762939453
2014-08-01,124.37999725341797,157.39898681640625,82.08231353759766,17.030000686645508
2014-08-04,123.98999786376953,158.53553771972656,81.86737823486328,15.119999885559082
2014-08-05,123.87000274658203,156.99830627441406,82.13248443603516,16.8700008392334
2014-08-06,125.66999816894531,157.04742431640625,82.18263244628906,16.3700008392334
2014-08-07,126.18000030517578,156.197021484375,82.94927215576172,16.65999984741211
2014-08-08,126.19000244140625,158.00404357910156,82.77015686035156,15.770000457763672
2014-08-11,125.95999908447266,158.46192932128906,82.7629623413086,14.229999542236328
2014-08-12,125.98999786376953,158.24122619628906,82.22559356689453,14.130000114440918
2014-08-13,126.19999694824219,159.312255859375,82.7629623413086,12.899999618530273
2014-08-14,126.30999755859375,160.06451416015625,83.42932891845703,12.420000076293945
2014-08-15,125.4800033569336,160.03179931640625,84.33930969238281,13.149999618530273
2014-08-18,124.95999908447266,161.37278747558594,83.5009994506836,12.319999694824219
2014-08-19,124.68000030517578,162.2150115966797,83.24310302734375,12.210000038146973
2014-08-20,124.22000122070312,162.6483154296875,83.10694122314453,11.779999732971191
2014-08-21,122.87999725341797,163.12258911132812,83.57264709472656,11.760000228881836
2014-08-22,123.19000244140625,162.8690948486328,84.03836059570312,11.470000267028809
2014-08-25,122.73999786376953,163.6949462890625,84.35363006591797,11.699999809265137
2014-08-26,123.3499984741211,163.80123901367188,84.08136749267578,11.630000114440918
2014-08-27,123.31999969482422,163.73573303222656,84.79788970947266,11.779999732971191
2014-08-28,124.0,163.64584350585938,85.24209594726562,12.050000190734863
2014-08-29,123.86000061035156,164.11190795898438,85.29943084716797,12.09000015258789
2014-09-02,121.6500015258789,164.03018188476562,83.8280029296875,12.25
2014-09-03,122.1500015258789,163.94020080566406,84.29476165771484,12.359999656677246
2014-09-04,121.4800033569336,163.7030792236328,83.26777648925781,12.640000343322754
2014-09-05,122.05999755859375,164.43902587890625,83.1098403930664,12.09000015258789
2014-09-08,120.7300033569336,164.01377868652344,83.145751953125,12.65999984741211
2014-09-09,120.87000274658203,162.97540283203125,83.08111572265625,13.5
2014-09-10,120.26000213623047,163.58863830566406,82.55683898925781,12.880000114440918
2014-09-11,119.47000122070312,163.7766876220703,82.28396606445312,12.800000190734863
2014-09-12,118.37999725341797,162.82008361816406,81.42220306396484,13.3100004196167
2014-09-15,118.63999938964844,162.6973876953125,81.54423522949219,14.119999885559082
2014-09-16,118.83000183105469,163.9238739013672,81.21395111083984,12.729999542236328
2014-09-17,117.54000091552734,164.1446533203125,81.00567626953125,12.649999618530273
2014-09-18,117.77999877929688,165.01956176757812,81.26421356201172,12.029999732971191
2014-09-19,117.08999633789062,164.87086486816406,82.29833984375,12.109999656677246
2014-09-22,116.8499984741211,163.59756469726562,82.39885711669922,13.6899995803833
2014-09-23,117.5999984741211,162.66107177734375,82.90874481201172,14.930000305175781
2014-09-24,117.05000305175781,163.93434143066406,82.44912719726562,13.270000457763672
2014-09-25,117.38999938964844,161.28921508789062,83.42579650878906,15.640000343322754
2014-09-26,117.05999755859375,162.57070922851562,83.3037338256836,14.850000381469727
2014-09-29,117.02999877929688,162.27491760253906,83.9715805053711,15.979999542236328
2014-09-30,116.20999908447266,161.8477783203125,83.4975814819336,16.309999465942383
2014-10-01,116.7699966430664,159.6544189453125,85.11673736572266,16.709999084472656
2014-10-02,116.73999786376953,159.6791229248047,84.37519836425781,16.15999984741211
2014-10-03,114.61000061035156,161.4370574951172,84.73515319824219,14.550000190734863
2014-10-06,116.02999877929688,161.24810791015625,84.78553771972656,15.460000038146973
2014-10-07,116.36000061035156,158.7590789794922,85.93025970458984,17.200000762939453
2014-10-08,117.47000122070312,161.53562927246094,85.95182037353516,15.109999656677246
2014-10-09,117.63999938964844,158.3318328857422,85.57745361328125,18.760000228881836
2014-10-10,117.58999633789062,156.524658203125,86.42698669433594,21.239999771118164
2014-10-13,118.5199966430664,153.9534454345703,86.95256042480469,24.639999389648438
2014-10-14,118.58999633789062,154.19163513183594,87.52125549316406,22.790000915527344
2014-10-15,118.98999786376953,153.14834594726562,88.21239471435547,25.270000457763672
2014-10-16,119.22000122070312,153.01690673828125,87.65088653564453,25.200000762939453
2014-10-17,118.98999786376953,154.8241729736328,87.16131591796875,21.989999771118164
2014-10-20,119.80000305175781,156.32748413085938,87.47808837890625,18.56999969482422
2014-10-21,120.0199966430664,159.42442321777344,86.77975463867188,16.079999923706055
2014-10-22,119.33999633789062,158.29078674316406,86.87332916259766,17.8700008392334
2014-10-23,118.5199966430664,160.13096618652344,86.10301208496094,16.530000686645508
2014-10-24,118.3499984741211,161.36309814453125,86.18939971923828,16.110000610351562
2014-10-27,118.05999755859375,161.141357421875,86.34780883789062,16.040000915527344
2014-10-28,118.0999984741211,162.98963928222656,85.807861328125,14.390000343322754
2014-10-29,116.41000366210938,162.74319458007812,86.0022201538086,15.149999618530273
2014-10-30,115.19000244140625,163.78651428222656,86.07427215576172,14.520000457763672
2014-10-31,112.66000366210938,165.65951538085938,85.85104370117188,14.029999732971191
2014-11-03,112.1500015258789,165.74984741210938,85.85102844238281,14.729999542236328
2014-11-04,112.22000122070312,165.17474365234375,86.11808776855469,14.890000343322754
2014-11-05,109.79000091552734,166.21804809570312,85.99539947509766,14.170000076293945
2014-11-06,109.87999725341797,166.8834686279297,85.43968963623047,13.670000076293945
2014-11-07,112.97000122070312,167.03952026367188,86.4211654663086,13.119999885559082
2014-11-10,110.45999908447266,167.56529235839844,85.62730407714844,12.670000076293945
2014-11-11,112.04000091552734,167.72958374023438,85.68505096435547,12.920000076293945
2014-11-12,111.5,167.5488739013672,85.61288452148438,13.020000457763672
2014-11-13,111.66999816894531,167.73777770996094,85.81494903564453,13.789999961853027
2014-11-14,114.47000122070312,167.7788848876953,86.23350524902344,13.3100004196167
2014-11-17,114.05000305175781,167.88571166992188,86.01702880859375,13.989999771118164
2014-11-18,115.05000305175781,168.85499572753906,86.25514221191406,13.859999656677246
2014-11-19,113.68000030517578,168.58389282226562,85.70671081542969,13.960000038146973
2014-11-20,114.86000061035156,168.87965393066406,86.1541748046875,13.579999923706055
2014-11-21,115.38999938964844,169.78330993652344,86.67375183105469,12.899999618530273
2014-11-24,115.11000061035156,170.25975036621094,86.74591827392578,12.619999885559082
2014-11-25,115.37999725341797,170.13650512695312,87.46762084960938,12.25
2014-11-26,115.16000366210938,170.57196044921875,87.70573425292969,12.069999694824219
2014-11-28,112.11000061035156,170.21047973632812,88.39856719970703,13.329999923706055
2014-12-01,116.58000183105469,169.02752685546875,87.88287353515625,14.15999984741211
2014-12-02,115.13999938964844,170.12010192871094,87.02937316894531,12.850000381469727
2014-12-03,116.33000183105469,170.7772674560547,87.36930084228516,12.5
2014-12-04,115.87999725341797,170.5883331298828,88.09988403320312,12.380000114440918
2014-12-05,114.43000030517578,170.86761474609375,87.58624267578125,11.890000343322754
2014-12-08,115.77999877929688,169.72581481933594,88.6567611694336,14.210000038146973
2014-12-09,118.19000244140625,169.6107635498047,89.11247253417969,15.350000381469727
2014-12-10,117.95999908447266,166.8916778564453,89.76345825195312,18.530000686645508
2014-12-11,117.69000244140625,167.73777770996094,90.13236999511719,20.079999923706055
2014-12-12,117.41000366210938,165.0269012451172,91.354736328125,21.079999923706055
2014-12-15,114.38999938964844,163.89324951171875,91.1667251586914,20.420000076293945
2014-12-16,114.94999694824219,162.57896423339844,92.29505157470703,23.56999969482422
2014-12-17,114.2699966430664,165.76622009277344,91.46327209472656,19.440000534057617
2014-12-18,115.1500015258789,169.865478515625,89.83580780029297,16.809999465942383
2014-12-19,114.7699966430664,170.58819580078125,91.04373931884766,16.489999771118164
2014-12-22,112.55000305175781,171.3729248046875,91.1667251586914,15.25
2014-12-23,112.73999786376953,171.60415649414062,89.35842895507812,14.800000190734863
2014-12-24,112.7699966430664,171.62071228027344,89.84477233886719,14.369999885559082
2014-12-26,114.83000183105469,172.17416381835938,90.17821502685547,14.5
2014-12-29,113.66999816894531,172.40542602539062,90.85231018066406,15.0600004196167
2014-12-30,115.19999694824219,171.48031616210938,91.09877014160156,15.920000076293945
2014-12-31,113.58000183105469,169.77865600585938,91.2727279663086,19.200000762939453
2015-01-02,114.08000183105469,169.68785095214844,92.28754425048828,17.790000915527344
2015-01-05,115.80000305175781,166.62332153320312,93.73717498779297,19.920000076293945
2015-01-06,117.12000274658203,165.05392456054688,95.42609405517578,21.1200008392334
2015-01-07,116.43000030517578,167.1106719970703,95.23763275146484,19.309999465942383
2015-01-08,115.94000244140625,170.07606506347656,93.97647094726562,17.010000228881836
2015-01-09,117.26000213623047,168.71310424804688,95.00570678710938,17.549999237060547
2015-01-12,118.55999755859375,167.3915252685547,95.54936981201172,19.600000381469727
2015-01-13,118.16000366210938,166.9207000732422,95.54936981201172,20.559999465942383
2015-01-14,117.97000122070312,165.91293334960938,96.2741928100586,21.479999542236328
2015-01-15,120.94000244140625,164.3931121826172,97.7890853881836,22.389999389648438
2015-01-16,122.5199966430664,166.5490264892578,96.54236602783203,20.950000762939453
2015-01-20,124.19999694824219,166.90415954589844,97.8253402709961,19.889999389648438
2015-01-21,124.2300033569336,167.74671936035156,96.69459533691406,18.850000381469727
2015-01-22,125.2300033569336,170.24122619628906,96.3466796875,16.399999618530273
2015-01-23,124.2300033569336,169.30787658691406,97.68762969970703,16.65999984741211
2015-01-26,122.98999786376953,169.704345703125,97.39044189453125,15.520000457763672
2015-01-27,124.4000015258789,167.46585083007812,97.54270935058594,17.219999313354492
2015-01-28,123.41999816894531,165.3181915283203,99.13732147216797,20.440000534057617
2015-01-29,120.76000213623047,166.84629821777344,98.48499298095703,18.760000228881836
2015-01-30,123.44999694824219,164.748291015625,100.23185729980469,20.969999313354492
2015-02-02,122.41999816894531,166.78854370117188,99.8533706665039,19.43000030517578
2015-02-03,121.05000305175781,169.20050048828125,97.73990631103516,17.329999923706055
2015-02-04,121.58000183105469,168.55624389648438,97.90695190429688,18.329999923706055
2015-02-05,121.79000091552734,170.2577362060547,96.83197021484375,16.850000381469727
2015-02-06,118.63999938964844,169.78700256347656,95.11785125732422,17.290000915527344
2015-02-09,119.16999816894531,169.02703857421875,94.96539306640625,18.549999237060547
2015-02-10,118.47000122070312,170.8277587890625,94.20997619628906,17.229999542236328
2015-02-11,117.06999969482422,170.92686462402344,94.38426971435547,16.959999084472656
2015-02-12,117.33999633789062,172.57057189941406,94.07199096679688,15.34000015258789
2015-02-13,117.9800033569336,173.28097534179688,93.10603332519531,14.6899995803833
2015-02-17,116.01000213623047,173.55361938476562,91.70421600341797,15.800000190734863
2015-02-18,116.33999633789062,173.5701141357422,92.24890899658203,15.449999809265137
2015-02-19,115.94000244140625,173.44622802734375,91.63887023925781,15.289999961853027
2015-02-20,115.27999877929688,174.4869842529297,91.90755462646484,14.300000190734863
2015-02-23,115.43000030517578,174.46218872070312,92.96070098876953,14.5600004196167
2015-02-24,115.26000213623047,174.95777893066406,94.18094635009766,13.6899995803833
2015-02-25,115.69999694824219,174.8091278076172,94.58763122558594,13.84000015258789
2015-02-26,116.06999969482422,174.6026153564453,93.29486083984375,13.90999984741211
2015-02-27,116.16000366210938,174.0078582763672,94.07927703857422,13.34000015258789
2015-03-02,115.68000030517578,175.1065216064453,92.3268814086914,13.039999961853027
2015-03-03,115.47000122070312,174.38778686523438,91.99214172363281,13.859999656677246
2015-03-04,115.11000061035156,173.6527099609375,92.021240234375,14.229999542236328
2015-03-05,115.0,173.8427276611328,91.90477752685547,14.039999961853027
2015-03-06,111.86000061035156,171.39772033691406,89.87445831298828,15.199999809265137
2015-03-09,111.97000122070312,172.1080780029297,90.70406341552734,15.0600004196167
2015-03-10,111.41999816894531,169.3161163330078,91.89757537841797,16.690000534057617
2015-03-11,110.75,168.9196319580078,92.56702423095703,16.8700008392334
2015-03-12,110.72000122070312,171.06724548339844,92.50153350830078,15.420000076293945
2015-03-13,110.87999725341797,170.0182647705078,92.21771240234375,16.0
2015-03-16,110.80999755859375,172.28985595703125,93.10558319091797,15.609999656677246
2015-03-17,110.20999908447266,171.77769470214844,93.876953125,15.65999984741211
2015-03-18,112.37000274658203,173.8427276611328,95.68893432617188,13.970000267028809
2015-03-19,112.29000091552734,173.04969787597656,95.20142364501953,14.069999694824219
2015-03-20,113.56999969482422,174.5772247314453,95.70352935791016,13.020000457763672
2015-03-23,114.29000091552734,174.23704528808594,95.58711242675781,13.40999984741211
2015-03-24,114.56999969482422,173.25794982910156,96.51131439208984,13.619999885559082
2015-03-25,114.7300033569336,170.71913146972656,95.69625091552734,15.4399995803833
2015-03-26,115.4800033569336,170.31256103515625,94.20440673828125,15.800000190734863
2015-03-27,115.05999755859375,170.7025146484375,95.37609100341797,15.069999694824219
2015-03-30,113.75,172.7850341796875,94.90301513671875,14.510000228881836
2015-03-31,113.66000366210938,171.27499389648438,95.1067886352539,15.289999961853027
2015-04-01,115.5999984741211,170.66934204101562,96.35599517822266,15.109999656677246
2015-04-02,115.27999877929688,171.28334045410156,95.33503723144531,14.670000076293945
2015-04-06,116.69000244140625,172.4365997314453,94.80268859863281,14.739999771118164
2015-04-07,116.11000061035156,171.98023986816406,95.59758758544922,14.779999732971191
2015-04-08,115.47000122070312,172.56105041503906,95.62677001953125,13.979999542236328
2015-04-09,114.66999816894531,173.32435607910156,94.38703918457031,13.09000015258789
2015-04-10,115.97000122070312,174.2702178955078,94.52560424804688,12.579999923706055
2015-04-13,115.13999938964844,173.4820098876953,94.65685272216797,13.9399995803833
2015-04-14,114.44000244140625,173.8139190673828,95.3277587890625,13.670000076293945
2015-04-15,115.43000030517578,174.5937957763672,95.24755096435547,12.84000015258789
2015-04-16,115.02999877929688,174.54400634765625,94.77354431152344,12.600000381469727
2015-04-17,115.5999984741211,172.5361328125,95.86012268066406,13.890000343322754
2015-04-20,114.72000122070312,174.11257934570312,95.01420593261719,13.300000190734863
2015-04-21,115.37999725341797,173.9051513671875,94.58395385742188,13.25
2015-04-22,113.83000183105469,174.759765625,93.13999938964844,12.710000038146973
2015-04-23,114.66000366210938,175.19947814941406,93.54107666015625,12.479999542236328
2015-04-24,113.05000305175781,175.6060333251953,94.12450408935547,12.289999961853027
2015-04-27,115.33000183105469,174.8759307861328,94.12450408935547,13.119999885559082
2015-04-28,116.33000183105469,175.43179321289062,92.82640075683594,12.40999984741211
2015-04-29,115.51000213623047,174.7100067138672,91.68880462646484,13.390000343322754
2015-04-30,113.47000122070312,172.95932006835938,91.84920501708984,14.550000190734863
2015-05-01,113.08000183105469,174.83438110351562,90.6128158569336,12.699999809265137
2015-05-04,114.0999984741211,175.33221435546875,89.75780487060547,12.850000381469727
2015-05-05,114.41999816894531,173.32435607910156,89.63361358642578,14.3100004196167
2015-05-06,114.36000061035156,172.6107940673828,88.09898376464844,15.149999618530273
2015-05-07,113.41999816894531,173.2994842529297,89.2828369140625,15.130000114440918
2015-05-08,113.97000122070312,175.58114624023438,89.52399444580078,12.859999656677246
2015-05-11,113.52999877929688,174.74313354492188,87.34636688232422,13.850000381469727
2015-05-12,114.5,174.22042846679688,87.5728988647461,13.859999656677246
2015-05-13,116.55000305175781,174.25363159179688,86.8713607788086,13.760000228881836
2015-05-14,117.18000030517578,176.0707244873047,87.1052017211914,12.739999771118164
2015-05-15,117.52999877929688,176.261474609375,88.85169219970703,12.380000114440918
2015-05-18,117.5199966430664,176.80909729003906,87.3609619140625,12.729999542236328
2015-05-19,115.88999938964844,176.75100708007812,86.58642578125,12.850000381469727
2015-05-20,116.08000183105469,176.6265869140625,86.73252868652344,12.880000114440918
2015-05-21,115.69000244140625,177.14093017578125,87.94554901123047,12.109999656677246
2015-05-22,115.5999984741211,176.7178955078125,87.98210906982422,12.130000114440918
2015-05-26,113.91000366210938,174.8177947998047,89.4874496459961,14.0600004196167
2015-05-27,113.88999938964844,176.47718811035156,89.69206237792969,13.270000457763672
2015-05-28,114.0199966430664,176.27809143066406,89.47283935546875,13.3100004196167
2015-05-29,114.0999984741211,175.18287658691406,89.67013549804688,13.84000015258789
2015-06-01,114.0,175.53964233398438,88.70642852783203,13.970000267028809
2015-06-02,114.45999908447266,175.36541748046875,87.46878051757812,14.239999771118164
2015-06-03,113.63999938964844,175.83004760742188,86.06269073486328,13.65999984741211
2015-06-04,112.83999633789062,174.34486389160156,87.18319702148438,14.710000038146973
2015-06-05,112.23999786376953,174.0461883544922,86.12133026123047,14.210000038146973
2015-06-08,112.56999969482422,172.97589111328125,86.02609252929688,15.289999961853027
2015-06-09,112.81999969482422,172.95101928710938,85.34505462646484,14.470000267028809
2015-06-10,113.77999877929688,175.0252227783203,84.59806823730469,13.220000267028809
2015-06-11,113.26000213623047,175.5894012451172,86.37760162353516,12.850000381469727
2015-06-12,113.2300033569336,174.24534606933594,86.37760162353516,13.779999732971191
2015-06-15,113.7300033569336,173.49859619140625,86.51673889160156,15.390000343322754
2015-06-16,113.31999969482422,174.44442749023438,87.19782257080078,14.8100004196167
2015-06-17,113.8499984741211,174.7265167236328,86.52407836914062,14.5
2015-06-18,115.31999969482422,176.5435791015625,86.09931182861328,13.1899995803833
2015-06-19,115.12000274658203,175.75990295410156,87.20513153076172,13.960000038146973
2015-06-22,113.63999938964844,176.6603240966797,85.42560577392578,12.739999771118164
2015-06-23,112.88999938964844,176.78533935546875,84.9129409790039,12.109999656677246
2015-06-24,112.58999633789062,175.50146484375,85.64525604248047,13.260000228881836
2015-06-25,112.44000244140625,174.9678192138672,85.34505462646484,14.010000228881836
2015-06-26,112.55999755859375,174.93450927734375,84.38571166992188,14.020000457763672
2015-06-29,113.06999969482422,171.26605224609375,86.61927795410156,18.850000381469727
2015-06-30,112.37000274658203,171.62454223632812,86.01879119873047,18.229999542236328
2015-07-01,111.9800033569336,173.00022888183594,84.857666015625,16.09000015258789
2015-07-02,111.76000213623047,172.84182739257812,85.13656616210938,16.790000915527344
2015-07-06,112.05999755859375,172.34994506835938,86.71452331542969,17.010000228881836
2015-07-07,110.76000213623047,173.43374633789062,87.52922058105469,16.09000015258789
2015-07-08,111.08999633789062,170.52403259277344,88.28514862060547,19.65999984741211
2015-07-09,111.36000061035156,170.8324737548828,86.5457534790039,19.969999313354492
2015-07-10,111.48999786376953,172.9835205078125,85.17326354980469,16.829999923706055
2015-07-13,110.98999786376953,174.8927764892578,84.9090576171875,13.899999618530273
2015-07-14,110.73999786376953,175.65151977539062,85.18797302246094,13.369999885559082
2015-07-15,110.16000366210938,175.59315490722656,86.09068298339844,13.229999542236328
2015-07-16,109.76000213623047,177.0021209716797,86.68521881103516,12.109999656677246
2015-07-17,108.6500015258789,177.1522216796875,87.13290405273438,11.949999809265137
2015-07-20,105.69999694824219,177.24392700195312,86.76593017578125,12.25
2015-07-21,105.37000274658203,176.5435791015625,87.23562622070312,12.220000267028809
2015-07-22,104.80000305175781,176.2267608642578,87.77874755859375,12.119999885559082
2015-07-23,104.33000183105469,175.23458862304688,88.87232971191406,12.640000343322754
2015-07-24,105.3499984741211,173.41712951660156,89.09249114990234,13.739999771118164
2015-07-27,104.86000061035156,172.40826416015625,89.56958770751953,15.600000381469727
2015-07-28,105.0199966430664,174.52593994140625,88.91633605957031,13.4399995803833
2015-07-29,105.16999816894531,175.72653198242188,88.58607482910156,12.5
2015-07-30,104.2699966430664,175.76821899414062,89.2686767578125,12.130000114440918
2015-07-31,104.93000030517578,175.50146484375,89.9291763305664,12.119999885559082
2015-08-03,104.0999984741211,174.90943908691406,90.87586975097656,12.5600004196167
2015-08-04,104.30999755859375,174.56768798828125,90.15496826171875,13.0
2015-08-05,103.93000030517578,175.1428985595703,89.478271484375,12.510000228881836
2015-08-06,104.38999938964844,173.70887756347656,90.2726821899414,13.770000457763672
2015-08-07,104.6500015258789,173.37539672851562,91.4569091796875,13.390000343322754
2015-08-10,105.72000122070312,175.55978393554688,90.32416534423828,12.229999542236328
2015-08-11,106.26000213623047,173.97567749023438,91.75849151611328,13.710000038146973
2015-08-12,107.75,174.1840362548828,91.25831604003906,13.609999656677246
2015-08-13,106.86000061035156,173.96739196777344,90.96410369873047,13.489999771118164
2015-08-14,106.8499984741211,174.60096740722656,91.17741394042969,12.829999923706055
2015-08-17,107.12999725341797,175.57647705078125,91.58930969238281,13.020000457763672
2015-08-18,107.11000061035156,175.06790161132812,90.86846160888672,13.789999961853027
2015-08-19,108.55000305175781,173.68386840820312,91.76580047607422,15.25
2015-08-20,110.44000244140625,170.05711364746094,92.69259643554688,19.139999389648438
2015-08-21,111.12999725341797,164.93801879882812,92.97209930419922,28.030000686645508
2015-08-24,110.52999877929688,157.99298095703125,92.94269561767578,40.7400016784668
2015-08-25,109.16000366210938,156.13375854492188,91.44956970214844,36.02000045776367
2015-08-26,107.66999816894531,162.12831115722656,89.68424987792969,30.31999969482422
2015-08-27,107.7300033569336,166.1385498046875,89.73576354980469,26.100000381469727
2015-08-28,108.69999694824219,166.14694213867188,90.00053405761719,26.049999237060547
2015-08-31,108.81999969482422,164.8046112060547,89.30912780761719,28.43000030517578
2015-09-01,109.19999694824219,159.8855438232422,89.9526596069336,31.399999618530273
2015-09-02,108.62000274658203,162.92034912109375,89.17864990234375,26.09000015258789
2015-09-03,107.83999633789062,163.03707885742188,89.6135482788086,25.610000610351562
2015-09-04,107.48999786376953,160.5692138671875,90.4317626953125,27.799999237060547
2015-09-08,107.5199966430664,164.60452270507812,89.0975341796875,24.899999618530273
2015-09-09,106.12999725341797,162.40341186523438,89.52513122558594,26.229999542236328
2015-09-10,106.37999725341797,163.2871856689453,88.92066192626953,24.3700008392334
2015-09-11,106.16000366210938,164.0292205810547,89.48087310791016,23.200000762939453
2015-09-14,106.22000122070312,163.4206085205078,89.62091827392578,24.25
2015-09-15,105.9000015258789,165.4632568359375,87.90339660644531,22.540000915527344
2015-09-16,107.30999755859375,166.8972625732422,87.57171630859375,21.350000381469727
2015-09-17,108.41000366210938,166.52207946777344,88.64053344726562,21.139999389648438
2015-09-18,109.20999908447266,163.80088806152344,90.00423431396484,22.280000686645508
2015-09-21,108.52999877929688,164.64732360839844,88.5373764038086,20.139999389648438
2015-09-22,107.79000091552734,162.51022338867188,89.76836395263672,22.440000534057617
2015-09-23,108.22000122070312,162.25045776367188,89.76097106933594,22.1299991607666
2015-09-24,110.48999786376953,161.6637725830078,90.37281799316406,23.469999313354492
2015-09-25,109.80999755859375,161.62193298339844,89.59146118164062,23.6200008392334
2015-09-28,108.41999816894531,157.56561279296875,91.12467956542969,27.6299991607666
2015-09-29,107.9800033569336,157.6578369140625,91.3827133178711,26.829999923706055
2015-09-30,106.86000061035156,160.59942626953125,91.06571960449219,24.5
2015-10-01,106.7300033569336,161.01844787597656,91.45423889160156,22.549999237060547
2015-10-02,108.98999786376953,163.4237823486328,92.00822448730469,20.940000534057617
2015-10-05,108.7699966430664,166.33181762695312,90.75993347167969,19.540000915527344
2015-10-06,109.86000061035156,165.7619171142578,91.15139770507812,19.399999618530273
2015-10-07,109.69999694824219,167.11959838867188,90.84857940673828,18.399999618530273
2015-10-08,109.13999938964844,168.62814331054688,90.08769226074219,17.420000076293945
2015-10-09,110.87000274658203,168.72874450683594,90.32413482666016,17.079999923706055
2015-10-12,111.30999755859375,168.88792419433594,91.01107788085938,16.170000076293945
2015-10-13,111.86000061035156,167.8236083984375,91.16615295410156,17.670000076293945
2015-10-14,113.80999755859375,167.01904296875,91.96392822265625,18.030000686645508
2015-10-15,113.29000091552734,169.58352661132812,91.5133056640625,16.049999237060547
2015-10-16,112.48999786376953,170.35459899902344,91.54290008544922,15.050000190734863
2015-10-19,112.0199966430664,170.43838500976562,91.29174041748047,14.979999542236328
2015-10-20,112.7300033569336,170.22048950195312,90.73037719726562,15.75
2015-10-21,111.7300033569336,169.16453552246094,91.63158416748047,16.700000762939453
2015-10-22,111.69000244140625,172.0223388671875,91.78668212890625,14.449999809265137
2015-10-23,111.5,173.90802001953125,91.00371551513672,14.460000038146973
2015-10-26,111.43000030517578,173.48056030273438,91.609375,15.289999961853027
2015-10-27,111.68000030517578,173.14540100097656,91.83836364746094,15.430000305175781
2015-10-28,110.77999877929688,175.11480712890625,91.46902465820312,14.329999923706055
2015-10-29,109.72000122070312,175.0142364501953,90.01383972167969,14.609999656677246
2015-10-30,109.30000305175781,174.25999450683594,90.69343566894531,15.069999694824219
2015-11-02,108.58999633789062,176.3216552734375,90.27666473388672,14.149999618530273
2015-11-03,106.9800033569336,176.8329315185547,89.536376953125,14.539999961853027
2015-11-04,105.97000122070312,176.29653930664062,89.6400146484375,15.510000228881836
2015-11-05,105.63999938964844,176.12051391601562,89.40316009521484,15.050000190734863
2015-11-06,104.0999984741211,176.02830505371094,88.09284210205078,14.329999923706055
2015-11-09,104.4000015258789,174.3856964111328,87.59688568115234,16.520000457763672
2015-11-10,104.18000030517578,174.78799438476562,87.8559341430664,15.289999961853027
2015-11-11,103.83000183105469,174.1007537841797,87.6708755493164,16.059999465942383
2015-11-12,103.8499984741211,171.6703338623047,88.09284210205078,18.3700008392334
2015-11-13,103.55999755859375,169.74278259277344,88.59623718261719,20.079999923706055
2015-11-16,103.70999908447266,172.32403564453125,88.5147705078125,18.15999984741211
2015-11-17,102.33999633789062,172.19833374023438,88.662841796875,18.84000015258789
2015-11-18,102.43000030517578,174.93043518066406,88.84790802001953,16.850000381469727
2015-11-19,103.55999755859375,174.7796173095703,89.44015502929688,16.989999771118164
2015-11-20,103.08999633789062,175.41650390625,89.16621398925781,15.470000267028809
2015-11-23,102.26000213623047,175.2153778076172,89.44015502929688,15.619999885559082
2015-11-24,102.94000244140625,175.45004272460938,89.43272399902344,15.930000305175781
2015-11-25,102.45999908447266,175.4249267578125,89.6400146484375,15.1899995803833
2015-11-27,101.25,175.6260528564453,89.55120086669922,15.119999885559082
2015-11-30,101.91999816894531,174.89691162109375,89.90653991699219,16.1299991607666
2015-12-01,102.27999877929688,176.56468200683594,91.12089538574219,14.670000076293945
2015-12-02,100.69000244140625,174.7628631591797,91.15061950683594,15.90999984741211
2015-12-03,101.76000213623047,172.31565856933594,88.6728286743164,18.110000610351562
2015-12-04,104.0199966430664,175.67628479003906,89.45174407958984,14.8100004196167
2015-12-07,102.66999816894531,174.61196899414062,90.31971740722656,15.84000015258789
2015-12-08,102.83999633789062,173.43870544433594,90.3642349243164,17.600000381469727
2015-12-09,102.63999938964844,172.08935546875,90.26779174804688,19.610000610351562
2015-12-10,102.55000305175781,172.5335693359375,90.38648223876953,19.34000015258789
2015-12-11,103.11000061035156,169.189697265625,91.81085205078125,24.389999389648438
2015-12-14,101.79000091552734,170.04452514648438,90.62386322021484,22.729999542236328
2015-12-15,101.5199966430664,171.82955932617188,90.08975219726562,20.950000762939453
2015-12-16,102.75,174.3437957763672,89.8968505859375,17.860000610351562
2015-12-17,100.5,171.6871337890625,90.91320037841797,18.940000534057617
2015-12-18,102.04000091552734,168.62847900390625,91.41766357421875,20.700000762939453
2015-12-21,103.1500015258789,170.0196075439453,91.39542388916016,18.700000762939453
2015-12-22,102.61000061035156,171.5623779296875,90.73515319824219,16.600000381469727
2015-12-23,102.30999755859375,173.686767578125,90.05268096923828,15.569999694824219
2015-12-24,103.05000305175781,173.40025329589844,90.56858825683594,15.739999771118164
2015-12-28,102.2699966430664,173.00396728515625,90.8362045288086,16.90999984741211
2015-12-29,102.19999694824219,174.85025024414062,89.32709503173828,16.079999923706055
2015-12-30,101.41999816894531,173.61093139648438,89.2378921508789,17.290000915527344
2015-12-31,101.45999908447266,171.8743133544922,89.63932037353516,18.209999084472656
2016-01-04,102.88999938964844,169.4715576171875,90.28605651855469,20.700000762939453
2016-01-05,103.18000030517578,169.7581787109375,89.92183685302734,19.34000015258789
2016-01-06,104.66999816894531,167.6168212890625,91.1335678100586,20.59000015258789
2016-01-07,106.1500015258789,163.595458984375,91.29711151123047,24.989999771118164
2016-01-08,105.68000030517578,161.7997283935547,91.70602416992188,27.010000228881836
2016-01-11,104.73999786376953,161.95985412597656,90.70237731933594,24.299999237060547
2016-01-12,104.20999908447266,163.26666259765625,92.01078033447266,22.469999313354492
2016-01-13,104.72000122070312,159.1947479248047,92.91777038574219,25.219999313354492
2016-01-14,103.0199966430664,161.8081512451172,92.04795837402344,23.950000762939453
2016-01-15,104.08000183105469,158.33473205566406,93.48271942138672,27.020000457763672
2016-01-19,103.9800033569336,158.54551696777344,93.19277954101562,26.049999237060547
2016-01-20,105.37000274658203,156.5137176513672,94.17408752441406,27.59000015258789
2016-01-21,105.48999786376953,157.39051818847656,93.53475952148438,26.690000534057617
2016-01-22,105.0,160.61941528320312,93.17790222167969,22.34000015258789
2016-01-25,106.08000183105469,158.1914520263672,93.68342590332031,24.149999618530273
2016-01-26,107.29000091552734,160.3496856689453,93.7280044555664,22.5
2016-01-27,107.69000244140625,158.60455322265625,93.70574188232422,23.110000610351562
2016-01-28,106.54000091552734,159.43072509765625,93.8395767211914,22.420000076293945
2016-01-29,106.94999694824219,163.31716918945312,94.6349868774414,20.200000762939453
2016-02-01,108.05000305175781,163.25819396972656,94.34526824951172,19.979999542236328
2016-02-02,108.08999633789062,160.31590270996094,96.09558868408203,21.979999542236328
2016-02-03,109.25,161.27703857421875,95.29859924316406,21.649999618530273
2016-02-04,110.56999969482422,161.5299530029297,95.76038360595703,21.84000015258789
2016-02-05,112.31999969482422,158.45274353027344,95.87212371826172,23.3799991607666
2016-02-08,113.83000183105469,156.3198699951172,97.93524932861328,26.0
2016-02-09,113.58000183105469,156.32830810546875,98.03952026367188,26.540000915527344
2016-02-10,114.45999908447266,156.193359375,98.90350341796875,26.290000915527344
2016-02-11,119.05999755859375,154.16165161132812,99.5962142944336,28.139999389648438
2016-02-12,118.36000061035156,157.33998107910156,97.94269561767578,25.399999618530273
2016-02-16,114.7699966430664,159.99559020996094,96.90741729736328,24.110000610351562
2016-02-17,115.4800033569336,162.6090545654297,96.31156921386719,22.309999465942383
2016-02-18,118.29000091552734,161.94302368164062,97.49577331542969,21.639999389648438
2016-02-19,117.58000183105469,161.8671417236328,97.57772064208984,20.530000686645508
2016-02-22,115.48999786376953,164.2108154296875,97.52558135986328,19.3799991607666
2016-02-23,117.22000122070312,162.136962890625,97.92032623291016,20.979999542236328
2016-02-24,117.61000061035156,162.87884521484375,97.7267074584961,20.719999313354492
2016-02-25,117.91999816894531,164.85154724121094,98.07674407958984,19.110000610351562
2016-02-26,117.11000061035156,164.47219848632812,97.1308364868164,19.809999465942383
2016-02-29,118.63999938964844,163.18231201171875,97.55538177490234,20.549999237060547
2016-03-01,117.7699966430664,167.0181884765625,95.83760833740234,17.700000762939453
2016-03-02,118.68000030517578,167.7685546875,96.23310089111328,17.09000015258789
2016-03-03,120.7300033569336,168.42611694335938,96.58380126953125,16.700000762939453
2016-03-04,120.54000091552734,168.97412109375,95.96449279785156,16.860000610351562
2016-03-07,121.13999938964844,169.10906982421875,95.93461608886719,17.350000381469727
2016-03-08,120.58000183105469,167.26272583007812,96.99423217773438,18.670000076293945
2016-03-09,119.58000183105469,168.0889434814453,96.40472412109375,18.34000015258789
2016-03-10,121.5,168.22381591796875,96.00920867919922,18.049999237060547
2016-03-11,119.41000366210938,170.9385223388672,95.03912353515625,16.5
2016-03-14,117.87000274658203,170.71926879882812,95.33761596679688,16.920000076293945
2016-03-15,117.95999908447266,170.44105529785156,95.42716217041016,16.84000015258789
2016-03-16,120.58999633789062,171.42738342285156,95.71075439453125,14.989999771118164
2016-03-17,120.12999725341797,172.51495361328125,96.10620880126953,14.4399995803833
2016-03-18,119.80000305175781,173.19287109375,96.30767822265625,14.020000457763672
2016-03-21,118.95999908447266,173.4386749267578,95.5689468383789,13.789999961853027
2016-03-22,119.30999755859375,173.345458984375,95.5465316772461,14.170000076293945
2016-03-23,116.61000061035156,172.20144653320312,96.62858581542969,14.9399995803833
2016-03-24,116.33000183105469,172.1251983642578,96.66585540771484,14.739999771118164
2016-03-28,116.5999984741211,172.22683715820312,96.79276275634766,15.239999771118164
2016-03-29,118.76000213623047,173.81997680664062,97.80760955810547,13.819999694824219
2016-03-30,117.0999984741211,174.5826416015625,96.77782440185547,13.5600004196167
2016-03-31,117.63999938964844,174.15896606445312,97.4643325805664,13.949999809265137
2016-04-01,116.93000030517578,175.3453369140625,97.7186050415039,13.100000381469727
2016-04-04,116.1500015258789,174.777587890625,97.7784194946289,14.119999885559082
2016-04-05,117.66000366210938,173.0319366455078,98.84770965576172,15.420000076293945
2016-04-06,116.94000244140625,174.92164611816406,98.1298828125,14.09000015258789
2016-04-07,118.61000061035156,172.8285369873047,99.34123992919922,16.15999984741211
2016-04-08,118.43000030517578,173.2946319580078,98.7131576538086,15.359999656677246
2016-04-11,120.02999877929688,172.88784790039062,98.58602142333984,16.260000228881836
2016-04-12,120.05000305175781,174.4978790283203,97.9054946899414,14.850000381469727
2016-04-13,118.7699966430664,176.26055908203125,98.24951934814453,13.84000015258789
2016-04-14,117.11000061035156,176.2689666748047,97.7784194946289,13.720000267028809
2016-04-15,117.91999816894531,176.07412719726562,98.61590576171875,13.619999885559082
2016-04-18,117.73999786376953,177.31129455566406,98.18971252441406,13.350000381469727
2016-04-19,119.58000183105469,177.87059020996094,97.88311004638672,13.239999771118164
2016-04-20,118.97000122070312,178.04010009765625,96.80634307861328,13.279999732971191
2016-04-21,119.41999816894531,177.08255004882812,96.23054504394531,13.949999809265137
2016-04-22,117.88999938964844,177.08255004882812,95.98374938964844,13.220000267028809
2016-04-25,118.2300033569336,176.7774658203125,95.58744049072266,14.079999923706055
2016-04-26,118.69999694824219,177.0400848388672,95.1537857055664,13.960000038146973
2016-04-27,119.04000091552734,177.40451049804688,96.10340118408203,13.770000457763672
2016-04-28,121.29000091552734,175.79443359375,96.49974822998047,15.220000267028809
2016-04-29,123.6500015258789,174.84536743164062,96.74650573730469,15.699999809265137
2016-05-02,123.23999786376953,176.2350616455078,95.77240753173828,14.680000305175781
2016-05-03,122.95999908447266,174.7012939453125,96.97876739501953,15.600000381469727
2016-05-04,122.20999908447266,173.72674560546875,97.5107421875,16.049999237060547
2016-05-05,122.06999969482422,173.69290161132812,98.16261291503906,15.90999984741211
2016-05-06,123.18000030517578,174.3284454345703,97.74307250976562,14.720000267028809
2016-05-09,120.6500015258789,174.47247314453125,98.05023193359375,14.569999694824219
2016-05-10,120.9800033569336,176.64186096191406,98.05770874023438,13.630000114440918
2016-05-11,122.12000274658203,174.9894256591797,98.61216735839844,14.6899995803833
2016-05-12,121.16000366210938,175.04025268554688,98.16261291503906,14.40999984741211
2016-05-13,121.70999908447266,173.514892578125,99.11416625976562,15.039999961853027
2016-05-16,121.80000305175781,175.22665405273438,98.25995635986328,14.680000305175781
2016-05-17,122.22000122070312,173.59120178222656,98.4249038696289,15.569999694824219
2016-05-18,120.0999984741211,173.6420440673828,97.02377319335938,15.949999809265137
2016-05-19,119.87000274658203,173.0403289794922,97.44329071044922,16.329999923706055
2016-05-20,119.70999908447266,174.13351440429688,97.51824188232422,15.199999809265137
2016-05-23,119.37000274658203,173.89627075195312,97.73554229736328,15.819999694824219
2016-05-24,117.30000305175781,176.1503448486328,97.30094909667969,14.420000076293945
2016-05-25,116.9800033569336,177.34518432617188,96.93380737304688,13.899999618530273
2016-05-26,116.58000183105469,177.39605712890625,97.43583679199219,13.430000305175781
2016-05-27,115.62000274658203,178.15869140625,97.29345703125,13.119999885559082
2016-05-31,116.05999755859375,177.81976318359375,97.52574157714844,14.1899995803833
2016-06-01,115.94000244140625,178.1841583251953,97.92146301269531,14.199999809265137
2016-06-02,115.66999816894531,178.7264862060547,98.627197265625,13.630000114440918
2016-06-03,118.87999725341797,178.1925811767578,100.03120422363281,13.470000267028809
2016-06-06,118.91999816894531,179.099365234375,99.28789520263672,13.649999618530273
2016-06-07,118.81999969482422,179.3789520263672,99.52819061279297,14.050000190734863
2016-06-08,120.58000183105469,179.96371459960938,100.0612564086914,14.079999923706055
2016-06-09,121.25,179.7178955078125,100.70691680908203,14.640000343322754
2016-06-10,121.73999786376953,178.0146484375,101.19493865966797,17.030000686645508
2016-06-13,122.63999938964844,176.64186096191406,101.64547729492188,20.969999313354492
2016-06-14,122.7699966430664,176.29443359375,101.57038116455078,20.5
2016-06-15,123.68000030517578,176.04864501953125,101.96078491210938,20.139999389648438
2016-06-16,122.37999725341797,176.57408142089844,102.45635986328125,19.3700008392334
2016-06-17,123.94999694824219,175.91647338867188,101.8181381225586,19.40999984741211
2016-06-20,123.20999908447266,177.04940795898438,100.72945404052734,18.3700008392334
2016-06-21,120.83999633789062,177.55194091796875,100.26396179199219,18.479999542236328
2016-06-22,120.9000015258789,177.2623291015625,100.42913055419922,21.170000076293945
2016-06-23,120.11000061035156,179.57077026367188,99.2803955078125,17.25
2016-06-24,126.0,173.1225128173828,101.94578552246094,25.760000228881836
2016-06-27,126.68000030517578,170.0219268798828,104.49105072021484,23.850000381469727
2016-06-28,125.31999969482422,173.08843994140625,104.70884704589844,18.75
2016-06-29,125.83999633789062,176.03570556640625,103.90538024902344,16.639999389648438
2016-06-30,126.47000122070312,178.4378204345703,104.2883071899414,15.630000114440918
2016-07-01,128.41000366210938,178.8126220703125,105.73627471923828,14.770000457763672
2016-07-05,129.47000122070312,177.52639770507812,107.06017303466797,15.579999923706055
2016-07-06,130.22999572753906,178.59112548828125,107.23320007324219,14.960000038146973
2016-07-07,129.74000549316406,178.48040771484375,107.22566986083984,14.760000228881836
2016-07-08,130.52000427246094,181.13812255859375,108.01549530029297,13.199999809265137
2016-07-11,129.2899932861328,181.7769317626953,107.06769561767578,13.539999961853027
2016-07-12,127.1500015258789,183.09725952148438,105.30756378173828,13.550000190734863
2016-07-13,128.32000732421875,183.0717010498047,106.5487289428711,13.039999961853027
2016-07-14,127.33000183105469,184.09385681152344,104.99917602539062,12.819999694824219
2016-07-15,126.83999633789062,183.8468475341797,104.09646606445312,12.670000076293945
2016-07-18,127.04000091552734,184.34091186523438,103.99869537353516,12.4399995803833
2016-07-19,127.20999908447266,184.15350341796875,104.58541870117188,11.970000267028809
2016-07-20,125.38999938964844,184.9201202392578,104.01376342773438,11.770000457763672
2016-07-21,127.30000305175781,184.2216339111328,104.22440338134766,12.739999771118164
2016-07-22,126.3499984741211,185.04795837402344,104.40489959716797,12.020000457763672
2016-07-25,125.47000122070312,184.54534912109375,104.32974243164062,12.869999885559082
2016-07-26,126.0,184.63052368164062,104.49518585205078,13.050000190734863
2016-07-27,128.02999877929688,184.43458557128906,105.7964859008789,12.829999923706055
2016-07-28,127.66000366210938,184.6475830078125,105.60090637207031,12.720000267028809
2016-07-29,128.97999572753906,184.9456787109375,106.48099517822266,11.869999885559082
2016-08-01,129.22000122070312,184.79237365722656,105.32650756835938,12.4399995803833
2016-08-02,130.27000427246094,183.60830688476562,104.24134063720703,13.369999885559082
2016-08-03,129.64999389648438,184.14500427246094,104.30162811279297,12.859999656677246
2016-08-04,129.8699951171875,184.34091186523438,105.08538055419922,12.420000076293945
2016-08-05,127.55000305175781,185.84866333007812,103.99271392822266,11.390000343322754
2016-08-08,127.44000244140625,185.7379150390625,104.18859100341797,11.5
2016-08-09,127.95999908447266,185.84866333007812,105.21343994140625,11.65999984741211
2016-08-10,128.55999755859375,185.3885955810547,105.62041473388672,12.050000190734863
2016-08-11,127.66999816894531,186.2489013671875,104.67845153808594,11.680000305175781
2016-08-12,127.4000015258789,186.0871124267578,105.56008911132812,11.550000190734863
2016-08-15,127.83999633789062,186.62376403808594,104.56546020507812,11.8100004196167
2016-08-16,128.47000122070312,185.66123962402344,104.28654479980469,12.640000343322754
2016-08-17,128.5,186.0104522705078,104.9120101928711,12.1899995803833
2016-08-18,129.11000061035156,186.4278564453125,105.07785034179688,11.430000305175781
2016-08-19,127.97000122070312,186.15528869628906,104.52776336669922,11.34000015258789
2016-08-22,127.77999877929688,186.146728515625,105.40941619873047,12.270000457763672
2016-08-23,127.76000213623047,186.52151489257812,105.52243041992188,12.380000114440918
2016-08-24,126.33999633789062,185.56747436523438,105.27381134033203,13.449999809265137
2016-08-25,126.2300033569336,185.43975830078125,104.8743667602539,13.630000114440918
2016-08-26,126.05000305175781,185.09048461914062,104.26393127441406,13.649999618530273
2016-08-29,126.30000305175781,186.00196838378906,105.65806579589844,12.9399995803833
2016-08-30,125.02999877929688,185.69529724121094,105.25117492675781,13.119999885559082
2016-08-31,124.77999877929688,185.16717529296875,105.40184783935547,13.420000076293945
2016-09-01,125.29000091552734,185.1756591796875,105.51811218261719,13.479999542236328
2016-09-02,126.56999969482422,186.0104522705078,104.65752410888672,11.979999542236328
2016-09-06,128.7100067138672,186.57269287109375,105.42001342773438,12.020000457763672
2016-09-07,128.27000427246094,186.55563354492188,105.34449005126953,11.9399995803833
2016-09-08,127.58999633789062,186.12969970703125,104.02336883544922,12.510000228881836
2016-09-09,126.75,181.67469787597656,102.30963897705078,17.5
2016-09-12,126.58999633789062,184.28128051757812,102.36253356933594,15.15999984741211
2016-09-13,125.75,181.63211059570312,101.19990539550781,17.850000381469727
2016-09-14,126.18000030517578,181.56394958496094,101.35081481933594,18.139999389648438
2016-09-15,125.37000274658203,183.37835693359375,100.9129867553711,16.299999237060547
2016-09-16,125.05999755859375,182.66944885253906,101.72832489013672,15.369999885559082
2016-09-19,125.31999969482422,182.70375061035156,101.39619445800781,15.529999732971191
2016-09-20,125.44000244140625,182.71231079101562,101.75093078613281,15.920000076293945
2016-09-21,127.2699966430664,184.76695251464844,102.57386779785156,13.300000190734863
2016-09-22,127.56999969482422,185.93128967285156,103.38925170898438,12.020000457763672
2016-09-23,127.6500015258789,184.91249084472656,103.29106140136719,12.289999961853027
2016-09-26,127.55000305175781,183.414306640625,103.94786834716797,14.5
2016-09-27,126.62000274658203,184.55296325683594,104.71035766601562,13.100000381469727
2016-09-28,126.22000122070312,185.46897888183594,104.48389434814453,12.390000343322754
2016-09-29,126.06999969482422,183.7909393310547,104.7480697631836,14.020000457763672
2016-09-30,125.63999938964844,185.1779022216797,103.81197357177734,13.289999961853027
2016-10-03,125.31999969482422,184.7327117919922,103.4693374633789,13.569999694824219
2016-10-04,120.97000122070312,183.7909393310547,102.25931549072266,13.630000114440918
2016-10-05,120.77999877929688,184.6043243408203,101.78280639648438,12.989999771118164
2016-10-06,119.66000366210938,184.7327117919922,101.21558380126953,12.84000015258789
2016-10-07,119.73999786376953,184.0991668701172,101.2836685180664,13.479999542236328
2016-10-10,120.16000366210938,185.05807495117188,100.68620300292969,13.380000114440918
2016-10-11,119.55000305175781,182.7208251953125,100.45930480957031,15.359999656677246
2016-10-12,119.73999786376953,182.96055603027344,100.55760955810547,15.90999984741211
2016-10-13,120.02999877929688,182.3612823486328,100.93576049804688,16.690000534057617
2016-10-14,119.36000061035156,182.45542907714844,99.521484375,16.1200008392334
2016-10-17,119.68000030517578,181.8219757080078,100.1567611694336,16.209999084472656
2016-10-18,120.41999816894531,182.96055603027344,100.48199462890625,15.279999732971191
2016-10-19,121.11000061035156,183.44854736328125,100.56519317626953,14.40999984741211
2016-10-20,120.73999786376953,183.1061248779297,100.67108154296875,13.75
2016-10-21,120.83000183105469,183.19171142578125,100.82233428955078,13.34000015258789
2016-10-24,120.55999755859375,183.97085571289062,100.3836669921875,13.020000457763672
2016-10-25,121.47000122070312,183.3543701171875,100.64837646484375,13.460000038146973
2016-10-26,120.79000091552734,182.98631286621094,99.96768188476562,14.239999771118164
2016-10-27,121.01000213623047,182.49826049804688,98.87865447998047,15.359999656677246
2016-10-28,121.58000183105469,181.95889282226562,98.65930938720703,16.190000534057617
2016-10-31,121.94000244140625,181.96746826171875,99.26432037353516,17.059999465942383
2016-11-01,122.7300033569336,180.64901733398438,99.27191925048828,18.559999465942383
2016-11-02,123.63999938964844,179.56179809570312,99.70388793945312,19.31999969482422
2016-11-03,124.30000305175781,178.73989868164062,98.93853759765625,22.079999923706055
2016-11-04,124.38999938964844,178.5430145263672,99.82511138916016,22.510000228881836
2016-11-07,122.1500015258789,182.48114013671875,98.97635650634766,18.709999084472656
2016-11-08,121.63999938964844,183.30299377441406,98.57481384277344,18.739999771118164
2016-11-09,121.55999755859375,185.2463836669922,94.39205169677734,14.380000114440918
2016-11-10,119.75,185.70864868164062,92.99778747558594,14.739999771118164
2016-11-11,117.0999984741211,185.28067016601562,92.4749984741211,14.170000076293945
2016-11-14,116.11000061035156,185.4261932373047,91.92182159423828,14.479999542236328
2016-11-15,117.12000274658203,186.873046875,92.3764877319336,13.369999885559082
2016-11-16,116.7699966430664,186.52197265625,93.20997619628906,13.720000267028809
2016-11-17,116.16999816894531,187.4808807373047,91.83845520019531,13.350000381469727
2016-11-18,115.1500015258789,187.06137084960938,91.57323455810547,12.850000381469727
2016-11-21,115.58000183105469,188.4739227294922,91.80060577392578,12.420000076293945
2016-11-22,115.54000091552734,188.8421173095703,91.77024841308594,12.40999984741211
2016-11-23,113.25,188.94479370117188,91.41413879394531,12.430000305175781
2016-11-25,112.61000061035156,189.64682006835938,91.55049133300781,12.34000015258789
2016-11-28,113.80000305175781,188.7564239501953,92.22492980957031,13.149999618530273
2016-11-29,113.2699966430664,189.1245880126953,92.61137390136719,12.899999618530273
2016-11-30,111.75,188.6707763671875,91.11100006103516,13.329999923706055
2016-12-01,111.54000091552734,187.97738647460938,90.14900207519531,14.069999694824219
2016-12-02,112.13999938964844,188.07156372070312,90.80958557128906,14.119999885559082
2016-12-05,111.54000091552734,189.20167541503906,90.71086883544922,12.140000343322754
2016-12-06,111.43000030517578,189.8009796142578,90.6426010131836,11.789999961853027
2016-12-07,111.83000183105469,192.28367614746094,91.41699981689453,12.220000267028809
2016-12-08,111.56999969482422,192.75457763671875,90.33885955810547,12.640000343322754
2016-12-09,110.4000015258789,193.91879272460938,89.2151107788086,11.75
2016-12-12,110.81999969482422,193.69625854492188,89.38217163085938,12.640000343322754
2016-12-13,110.44999694824219,194.98902893066406,89.7010726928711,12.720000267028809
2016-12-14,108.83000183105469,193.3794708251953,88.69883728027344,13.1899995803833
2016-12-15,107.33999633789062,194.17568969726562,89.14678955078125,12.789999961853027
2016-12-16,108.05000305175781,193.79592895507812,88.94173431396484,12.199999809265137
2016-12-19,108.58999633789062,194.21792602539062,89.89846801757812,11.710000038146973
2016-12-20,107.79000091552734,194.96714782714844,89.45045471191406,11.449999809265137
2016-12-21,107.8499984741211,194.424560546875,89.8453369140625,11.270000457763672
2016-12-22,107.58999633789062,194.08871459960938,89.6847152709961,11.430000305175781
2016-12-23,107.93000030517578,194.37289428710938,89.86740112304688,11.4399995803833
2016-12-27,108.55999755859375,194.85513305664062,89.5781021118164,11.989999771118164
2016-12-28,108.86000061035156,193.2447967529297,90.2328109741211,12.949999809265137
2016-12-29,110.29000091552734,193.2017059326172,90.55253601074219,13.369999885559082
2016-12-30,109.61000061035156,192.49557495117188,90.68956756591797,14.039999961853027
2017-01-03,110.47000122070312,193.96812438964844,91.07781219482422,12.850000381469727
2017-01-04,110.86000061035156,195.1221466064453,91.42798614501953,11.850000381469727
2017-01-05,112.58000183105469,194.96714782714844,92.85916900634766,11.670000076293945
2017-01-06,111.75,195.6646270751953,92.00651550292969,11.319999694824219
2017-01-09,112.66999816894531,195.01873779296875,92.7449951171875,11.5600004196167
2017-01-10,113.1500015258789,195.01873779296875,92.68404388427734,11.489999771118164
2017-01-11,113.5,195.56996154785156,92.99620056152344,11.260000228881836
2017-01-12,113.91000366210938,195.07907104492188,92.79066467285156,11.539999961853027
2017-01-13,114.20999908447266,195.52687072753906,92.34910583496094,11.229999542236328
2017-01-17,115.8499984741211,194.8379364013672,93.31590270996094,11.869999885559082
2017-01-18,114.87000274658203,195.2685089111328,92.12075805664062,12.479999542236328
2017-01-19,114.7699966430664,194.5450897216797,91.48885345458984,12.779999732971191
2017-01-20,115.05000305175781,195.2598876953125,91.3061752319336,11.539999961853027
2017-01-23,115.79000091552734,194.7518310546875,92.2197036743164,11.770000457763672
2017-01-24,115.2699966430664,196.00051879882812,91.58788299560547,11.069999694824219
2017-01-25,114.31999969482422,197.69699096679688,90.4383544921875,10.8100004196167
2017-01-26,113.26000213623047,197.4903106689453,90.7427978515625,10.630000114440918
2017-01-27,113.48999786376953,197.18026733398438,91.07018280029297,10.579999923706055
2017-01-30,113.97000122070312,195.95745849609375,90.79613494873047,11.880000114440918
2017-01-31,115.55000305175781,195.94021606445312,91.42798614501953,11.989999771118164
2017-02-01,115.19999694824219,196.0177001953125,90.8626708984375,11.8100004196167
2017-02-02,115.83999633789062,196.14688110351562,90.82452392578125,11.930000305175781
2017-02-03,116.12999725341797,197.4989013671875,90.78640747070312,10.970000267028809
2017-02-06,117.69999694824219,197.1458282470703,91.33562469482422,11.369999885559082
2017-02-07,117.45999908447266,197.15443420410156,92.00701904296875,11.289999961853027
2017-02-08,118.19000244140625,197.41282653808594,93.25821685791016,11.449999809265137
2017-02-09,117.29000091552734,198.58399963378906,92.18250274658203,10.880000114440918
2017-02-10,117.5999984741211,199.36761474609375,92.12910461425781,10.850000381469727
2017-02-13,116.80000305175781,200.45274353027344,91.83919525146484,11.069999694824219
2017-02-14,116.93000030517578,201.2535858154297,91.17549133300781,10.739999771118164
2017-02-15,117.44999694824219,202.30418395996094,90.75586700439453,11.970000267028809
2017-02-16,118.08000183105469,202.1319580078125,91.25177001953125,11.760000228881836
2017-02-17,117.68000030517578,202.4506378173828,91.79341125488281,11.489999771118164
2017-02-21,117.75,203.65626525878906,91.63320922851562,11.569999694824219
2017-02-22,117.91000366210938,203.47537231445312,91.78580474853516,11.739999771118164
2017-02-23,118.94000244140625,203.6131591796875,92.06044006347656,11.710000038146973
2017-02-24,119.69999694824219,203.87155151367188,93.08271789550781,11.470000267028809
2017-02-27,119.12000274658203,204.19015502929688,92.53347778320312,12.09000015258789
2017-02-28,119.2300033569336,203.6389923095703,92.87677764892578,12.920000076293945
2017-03-01,119.05999755859375,206.48941040039062,91.32051849365234,12.539999961853027
2017-03-02,117.58000183105469,205.18911743164062,90.99181365966797,11.8100004196167
2017-03-03,117.51000213623047,205.3182373046875,91.22875213623047,10.960000038146973
2017-03-06,116.72000122070312,204.70687866210938,90.79307556152344,11.239999771118164
2017-03-07,115.77999877929688,204.09536743164062,90.51789855957031,11.449999809265137
2017-03-08,115.05999755859375,203.71652221679688,90.02867126464844,11.859999656677246
2017-03-09,114.47000122070312,203.97483825683594,89.3101577758789,12.300000190734863
2017-03-10,114.72000122070312,204.6895751953125,89.6235580444336,11.65999984741211
2017-03-13,114.73999786376953,204.79293823242188,89.05792236328125,11.350000381469727
2017-03-14,114.12000274658203,204.00927734375,89.4859619140625,12.300000190734863
2017-03-15,116.25,205.77467346191406,90.57898712158203,11.630000114440918
2017-03-16,116.7300033569336,205.3699493408203,90.12039947509766,11.210000038146973
2017-03-17,116.98999786376953,205.00924682617188,90.68603515625,11.279999732971191
2017-03-20,117.51000213623047,204.784423828125,91.07588958740234,11.34000015258789
2017-03-21,118.54000091552734,202.15505981445312,91.83261108398438,12.470000267028809
2017-03-22,118.83000183105469,202.6307830810547,92.19952392578125,12.8100004196167
2017-03-23,118.66999816894531,202.41456604003906,92.069580078125,13.119999885559082
2017-03-24,118.86000061035156,202.26747131347656,92.39826202392578,12.960000038146973
2017-03-27,119.52999877929688,202.05992126464844,92.81861877441406,12.5
2017-03-28,119.04000091552734,203.5302734375,92.19952392578125,11.529999732971191
2017-03-29,119.33000183105469,203.72056579589844,92.74987030029297,11.420000076293945
2017-03-30,118.47000122070312,204.3692169189453,92.00076293945312,11.539999961853027
2017-03-31,118.72000122070312,203.8935546875,92.26831817626953,12.369999885559082
2017-04-03,119.3499984741211,203.5388946533203,93.19895935058594,12.380000114440918
2017-04-04,119.62000274658203,203.66864013671875,92.69343566894531,11.789999961853027
2017-04-05,119.62000274658203,203.0631866455078,92.97686767578125,12.890000343322754
2017-04-06,119.18000030517578,203.63406372070312,92.83895874023438,12.390000343322754
2017-04-07,119.45999908447266,203.4264678955078,92.46363067626953,12.869999885559082
2017-04-10,119.45999908447266,203.547607421875,92.89260864257812,14.050000190734863
2017-04-11,121.19000244140625,203.30540466308594,93.77347564697266,15.069999694824219
2017-04-12,122.0199966430664,202.41456604003906,94.28666687011719,15.770000457763672
2017-04-13,122.5999984741211,201.09986877441406,94.57777404785156,15.960000038146973
2017-04-17,122.23999786376953,202.88162231445312,94.28666687011719,14.65999984741211
2017-04-18,122.81999969482422,202.27615356445312,95.5199966430664,14.420000076293945
2017-04-19,121.7300033569336,201.90423583984375,94.99909210205078,14.930000305175781
2017-04-20,121.95999908447266,203.547607421875,94.63143920898438,14.149999618530273
2017-04-21,122.30999755859375,202.89889526367188,94.63143920898438,14.630000114440918
2017-04-24,121.4800033569336,205.1303253173828,94.1641616821289,10.84000015258789
2017-04-25,120.25,206.32394409179688,93.03048706054688,10.760000228881836
2017-04-26,120.83999633789062,206.1942138671875,93.5436782836914,10.850000381469727
2017-04-27,120.38999938964844,206.36715698242188,93.51307678222656,10.359999656677246
2017-04-28,120.7699966430664,205.9174041748047,93.71989440917969,10.819999694824219
2017-05-01,119.66999816894531,206.43634033203125,92.94078826904297,10.109999656677246
2017-05-02,119.6500015258789,206.51417541503906,93.41668701171875,10.59000015258789
2017-05-03,117.9800033569336,206.26339721679688,93.47808074951172,10.680000305175781
2017-05-04,116.79000091552734,206.50558471679688,93.01750946044922,10.460000038146973
2017-05-05,117.01000213623047,207.3185577392578,93.10198211669922,10.569999694824219
2017-05-08,116.75,207.28402709960938,92.59532165527344,9.770000457763672
2017-05-09,116.05000305175781,207.0937042236328,92.58766174316406,9.960000038146973
2017-05-10,116.04000091552734,207.4656219482422,92.48018646240234,10.210000038146973
2017-05-11,116.5,207.04183959960938,92.48018646240234,10.600000381469727
2017-05-12,116.83000183105469,206.6958770751953,93.1786880493164,10.399999618530273
2017-05-15,117.13999938964844,207.8375244140625,92.92542266845703,10.420000076293945
2017-05-16,117.6500015258789,207.64720153808594,93.27082061767578,10.649999618530273
2017-05-17,119.79000091552734,203.96273803710938,94.62945556640625,15.59000015258789
2017-05-18,118.80999755859375,204.784423828125,94.73693084716797,14.65999984741211
2017-05-19,119.4000015258789,206.11630249023438,94.95953369140625,12.039999961853027
2017-05-22,119.9000015258789,207.1628875732422,94.69852447509766,10.930000305175781
2017-05-23,119.13999938964844,207.6212921142578,94.06147003173828,10.720000267028809
2017-05-24,119.61000061035156,208.10565185546875,94.59107971191406,10.020000457763672
2017-05-25,119.4800033569336,209.1002655029297,94.62181091308594,9.989999771118164
2017-05-26,120.54000091552734,209.05703735351562,94.78300476074219,9.8100004196167
2017-05-30,120.13999938964844,208.8754119873047,95.2511978149414,10.380000114440918
2017-05-31,120.62000274658203,208.82354736328125,95.48921203613281,10.40999984741211
2017-06-01,120.72000122070312,210.48410034179688,95.49922180175781,9.890000343322754
2017-06-02,121.61000061035156,211.18472290039062,96.62995910644531,9.75
2017-06-05,121.7300033569336,211.02906799316406,96.0299301147461,10.069999694824219
2017-06-06,123.0999984741211,210.35438537597656,96.55304718017578,10.449999809265137
2017-06-07,122.44999694824219,210.7436065673828,96.09148406982422,10.390000343322754
2017-06-08,121.6500015258789,210.847412109375,95.83767700195312,10.15999984741211
2017-06-09,120.54000091552734,210.52737426757812,95.69151306152344,10.699999809265137
2017-06-12,120.36000061035156,210.48410034179688,95.66070556640625,11.460000038146973
2017-06-13,120.4800033569336,211.5133819580078,95.67608642578125,10.420000076293945
2017-06-14,119.81999969482422,211.24526977539062,97.15303039550781,10.640000343322754
2017-06-15,119.31999969482422,210.8387451171875,96.9991455078125,10.899999618530273
2017-06-16,119.33999633789062,210.8848114013672,97.19149780273438,10.380000114440918
2017-06-19,118.43000030517578,212.64047241210938,97.05301666259766,10.369999885559082
2017-06-20,118.18000030517578,211.20640563964844,97.92222595214844,10.859999656677246
2017-06-21,118.5199966430664,211.15423583984375,98.1222915649414,10.75
2017-06-22,118.91999816894531,211.05862426757812,98.33763122558594,10.479999542236328
2017-06-23,119.43000030517578,211.3107452392578,98.2914810180664,10.020000457763672
2017-06-26,118.36000061035156,211.44973754882812,98.66073608398438,9.899999618530273
2017-06-27,118.80999755859375,209.7462921142578,97.6068344116211,11.0600004196167
2017-06-28,118.9000015258789,211.62356567382812,97.28380584716797,10.029999732971191
2017-06-29,118.31999969482422,209.76364135742188,96.46846008300781,11.4399995803833
2017-06-30,118.0199966430664,210.15478515625,96.24534606933594,11.180000305175781
2017-07-03,116.08999633789062,210.51107788085938,95.93548583984375,11.220000267028809
2017-07-05,116.5199966430664,210.99786376953125,95.95858764648438,11.069999694824219
2017-07-06,116.47000122070312,209.068359375,95.16464233398438,12.539999961853027
2017-07-07,115.27999877929688,210.42420959472656,94.59427642822266,11.1899995803833
2017-07-10,115.47000122070312,210.65013122558594,94.73300170898438,11.109999656677246
2017-07-11,115.62000274658203,210.49368286132812,94.89486694335938,10.890000343322754
2017-07-12,116.02999877929688,212.07554626464844,95.55007934570312,10.300000190734863
2017-07-13,115.81999969482422,212.43185424804688,94.94880676269531,9.899999618530273
2017-07-14,116.7699966430664,213.42266845703125,95.06446075439453,9.510000228881836
2017-07-17,117.29000091552734,213.3966064453125,95.3265380859375,9.819999694824219
2017-07-18,118.11000061035156,213.50961303710938,96.15898895263672,9.890000343322754
2017-07-19,118.08000183105469,214.6654815673828,96.19758605957031,9.789999961853027
2017-07-20,118.23999786376953,214.76112365722656,96.47504425048828,9.579999923706055
2017-07-21,119.26000213623047,214.56991577148438,96.88359832763672,9.359999656677246
2017-07-24,119.30999755859375,214.5177764892578,96.5058364868164,9.430000305175781
2017-07-25,118.91999816894531,215.03924560546875,95.24945831298828,9.430000305175781
2017-07-26,119.87999725341797,215.04791259765625,95.40364074707031,9.600000381469727
2017-07-27,119.79000091552734,214.84800720214844,94.93339538574219,10.109999656677246
2017-07-28,120.69000244140625,214.59600830078125,95.49608612060547,10.289999961853027
2017-07-31,120.75,214.474365234375,95.6117172241211,10.260000228881836
2017-08-01,120.6500015258789,214.9523468017578,96.28305053710938,10.09000015258789
2017-08-02,120.4000015258789,215.05662536621094,96.33708190917969,10.279999732971191
2017-08-03,120.58999633789062,214.63946533203125,97.33363342285156,10.4399995803833
2017-08-04,119.6500015258789,215.03054809570312,96.5070571899414,10.029999732971191
2017-08-07,119.51000213623047,215.4302978515625,96.61520385742188,9.930000305175781
2017-08-08,119.86000061035156,214.90016174316406,96.267578125,10.960000038146973
2017-08-09,121.30999755859375,214.89149475097656,96.79286193847656,11.109999656677246
2017-08-10,122.20999908447266,211.85824584960938,97.61942291259766,16.040000915527344
2017-08-11,122.79000091552734,212.17112731933594,97.66580963134766,15.510000228881836
2017-08-14,121.91999816894531,214.27438354492188,97.1636962890625,12.329999923706055
2017-08-15,120.9800033569336,214.24832153320312,96.7542953491211,12.039999961853027
2017-08-16,121.87000274658203,214.62208557128906,97.10957336425781,11.739999771118164
2017-08-17,122.48999786376953,211.2759246826172,97.83572387695312,15.550000190734863
2017-08-18,122.30000305175781,210.9456329345703,97.81256866455078,14.260000228881836
2017-08-21,122.76000213623047,211.11077880859375,98.05203247070312,13.1899995803833
2017-08-22,122.20999908447266,213.31834411621094,97.67350006103516,11.350000381469727
2017-08-23,122.66999816894531,212.55349731445312,98.33781433105469,12.25
2017-08-24,122.29000091552734,212.0581512451172,97.97476196289062,12.229999542236328
2017-08-25,122.73999786376953,212.55349731445312,98.35328674316406,11.279999732971191
2017-08-28,124.69000244140625,212.5622100830078,98.29150390625,11.319999694824219
2017-08-29,124.41999816894531,212.80557250976562,98.60826873779297,11.699999809265137
2017-08-30,124.36000061035156,213.8137969970703,98.57733917236328,11.220000267028809
2017-08-31,125.81999969482422,215.10008239746094,98.8708724975586,10.59000015258789
2017-09-01,126.05999755859375,215.40426635742188,98.11455535888672,10.130000114440918
2017-09-05,127.45999908447266,213.8572540283203,99.67049407958984,12.229999542236328
2017-09-06,126.80999755859375,214.58731079101562,99.0589599609375,11.630000114440918
2017-09-07,128.1300048828125,214.56121826171875,100.0730209350586,11.550000190734863
2017-09-08,127.97000122070312,214.30918884277344,99.85626220703125,12.119999885559082
2017-09-11,126.19000244140625,216.5949249267578,98.66419982910156,10.729999542236328
2017-09-12,126.55999755859375,217.32505798339844,98.14555358886719,10.579999923706055
2017-09-13,125.61000061035156,217.4293212890625,97.7585220336914,10.5
2017-09-14,126.16000366210938,217.3597869873047,98.16104888916016,10.4399995803833
2017-09-15,125.52999877929688,217.65237426757812,98.19974517822266,10.170000076293945
2017-09-18,124.36000061035156,218.11532592773438,97.63467407226562,10.149999618530273
2017-09-19,124.62000274658203,218.33367919921875,97.39469146728516,10.180000305175781
2017-09-20,123.62000274658203,218.41229248046875,97.46437072753906,9.779999732971191
2017-09-21,122.68000030517578,217.82708740234375,97.41015625,9.670000076293945
2017-09-22,123.23999786376953,217.87075805664062,97.6888656616211,9.59000015258789
2017-09-25,124.52999877929688,217.42532348632812,98.30034637451172,10.210000038146973
2017-09-26,123.13999938964844,217.55630493164062,98.12235260009766,10.170000076293945
2017-09-27,121.9800033569336,218.40359497070312,96.6438217163086,9.869999885559082
2017-09-28,122.20999908447266,218.6656036376953,96.35740661621094,9.550000190734863
2017-09-29,121.58000183105469,219.4342041015625,96.57415771484375,9.510000228881836
2017-10-02,120.7699966430664,220.38629150390625,96.39730834960938,9.449999809265137
2017-10-03,120.83000183105469,220.85792541503906,96.4903793334961,9.510000228881836
2017-10-04,121.16999816894531,221.11997985839844,96.49818420410156,9.630000114440918
2017-10-05,120.5199966430664,222.43011474609375,96.13362121582031,9.1899995803833
2017-10-06,121.08999633789062,222.17684936523438,95.86209106445312,9.649999618530273
2017-10-09,122.08000183105469,221.80999755859375,96.16465759277344,10.329999923706055
2017-10-10,122.4000015258789,222.39517211914062,96.31977081298828,10.079999923706055
2017-10-11,122.79000091552734,222.7445526123047,96.50593566894531,9.850000381469727
2017-10-12,122.88999938964844,222.4126739501953,96.91698455810547,9.90999984741211
2017-10-13,123.81999969482422,222.6833953857422,97.61508178710938,9.609999656677246
2017-10-16,122.97000122070312,222.98037719726562,97.54525756835938,9.90999984741211
2017-10-17,122.12999725341797,223.13760375976562,97.66938018798828,10.3100004196167
2017-10-18,121.66999816894531,223.35597229003906,97.025634765625,10.069999694824219
2017-10-19,122.38999938964844,223.4171142578125,97.19623565673828,10.050000190734863
2017-10-20,121.61000061035156,224.570068359375,96.16465759277344,9.970000267028809
2017-10-23,121.80000305175781,223.69659423828125,96.33526611328125,11.069999694824219
2017-10-24,121.33000183105469,224.0896759033203,95.73802947998047,11.15999984741211
2017-10-25,121.3499984741211,222.98037719726562,95.2803955078125,11.229999542236328
2017-10-26,120.33000183105469,223.26864624023438,94.96237182617188,11.300000190734863
2017-10-27,120.9000015258789,225.0941162109375,95.59062194824219,9.800000190734863
2017-10-30,121.12999725341797,224.25563049316406,96.50593566894531,10.5
2017-10-31,120.66999816894531,224.60499572753906,96.53694152832031,10.180000305175781
2017-11-01,121.11000061035156,224.90191650390625,96.96680450439453,10.199999809265137
2017-11-02,121.19000244140625,224.98927307128906,97.39427947998047,9.930000305175781
2017-11-03,120.62000274658203,225.7404327392578,97.6585693359375,9.140000343322754
2017-11-06,121.6500015258789,226.08982849121094,98.02391815185547,9.399999618530273
2017-11-07,121.20999908447266,225.9326171875,98.43584442138672,9.890000343322754
2017-11-08,121.62999725341797,226.3169403076172,98.21817779541016,9.779999732971191
2017-11-09,122.12999725341797,225.4958953857422,97.93843078613281,10.5
2017-11-10,121.12999725341797,225.42601013183594,96.4615249633789,11.289999961853027
2017-11-13,121.30999755859375,225.63563537597656,96.66361236572266,11.5
2017-11-14,121.55999755859375,225.11160278320312,97.3165512084961,11.59000015258789
2017-11-15,121.41000366210938,223.98489379882812,98.37367248535156,13.130000114440918
2017-11-16,121.4000015258789,225.888916015625,97.51866912841797,11.760000228881836
2017-11-17,122.86000061035156,225.2251434326172,98.24151611328125,11.430000305175781
2017-11-20,121.30999755859375,225.6094207763672,98.20267486572266,10.649999618530273
2017-11-21,121.51000213623047,227.08551025390625,98.51360321044922,9.729999542236328
2017-11-22,122.62999725341797,226.88462829589844,98.83226013183594,9.880000114440918
2017-11-24,122.31999969482422,227.40875244140625,98.56024932861328,9.670000076293945
2017-11-27,122.83000183105469,227.2952117919922,98.42031860351562,9.869999885559082
2017-11-28,122.80999755859375,229.60107421875,98.55244445800781,10.029999732971191
2017-11-29,122.04000091552734,229.46128845214844,97.58081817626953,10.699999809265137
2017-11-30,121.0999984741211,231.47024536132812,97.25433349609375,11.279999732971191
2017-12-01,121.58999633789062,230.98980712890625,98.56673431396484,11.430000305175781
2017-12-04,121.18000030517578,230.71031188964844,98.61349487304688,11.680000305175781
2017-12-05,120.31999969482422,229.88058471679688,99.10419464111328,11.329999923706055
2017-12-06,120.06999969482422,229.92425537109375,99.4468994140625,11.020000457763672
2017-12-07,118.48999786376953,230.64920043945312,98.66806030273438,10.15999984741211
2017-12-08,118.4800033569336,231.90695190429688,98.67578125,9.579999923706055
2017-12-11,118.01000213623047,232.60568237304688,98.47334289550781,9.34000015258789
2017-12-12,118.1500015258789,233.01626586914062,98.43440246582031,9.920000076293945
2017-12-13,119.16999816894531,232.9900360107422,99.17430114746094,10.180000305175781
2017-12-14,118.93000030517578,232.0380096435547,99.59487915039062,10.489999771118164
2017-12-15,119.18000030517578,233.97021484375,99.96875,9.420000076293945
2017-12-18,119.7300033569336,235.45388793945312,99.05744934082031,9.529999732971191
2017-12-19,119.81999969482422,234.5496063232422,97.77230834960938,10.029999732971191
2017-12-20,120.13999938964844,234.4267120361328,96.68968963623047,9.720000267028809
2017-12-21,120.30999755859375,234.9095916748047,97.25324249267578,9.619999885559082
2017-12-22,120.94000244140625,234.84812927246094,97.38587951660156,9.899999618530273
2017-12-26,121.7699966430664,234.5672149658203,97.67474365234375,10.25
2017-12-27,122.2300033569336,234.68136596679688,98.94695281982422,10.470000267028809
2017-12-28,122.8499984741211,235.16416931152344,98.861083984375,10.180000305175781
2017-12-29,123.6500015258789,234.2774658203125,99.0172119140625,11.039999961853027
2018-01-02,125.1500015258789,235.95428466796875,97.94789123535156,9.770000457763672
2018-01-03,124.81999969482422,237.4467315673828,98.41622161865234,9.149999618530273
2018-01-04,125.45999908447266,238.447509765625,98.40059661865234,9.220000267028809
2018-01-05,125.33000183105469,240.03652954101562,98.11963653564453,9.220000267028809
2018-01-08,125.30999755859375,240.47547912597656,98.0571517944336,9.520000457763672
2018-01-09,124.7300033569336,241.0197296142578,96.74586486816406,10.079999923706055
2018-01-10,125.02999877929688,240.65103149414062,96.62882232666016,9.819999694824219
2018-01-11,125.44000244140625,242.40692138671875,97.02686309814453,9.880000114440918
2018-01-12,126.95999908447266,243.9871368408203,97.19076538085938,10.15999984741211
2018-01-16,127.16999816894531,243.1531219482422,97.59666442871094,11.65999984741211
2018-01-17,126.13999938964844,245.47080993652344,97.4639663696289,11.90999984741211
2018-01-18,125.86000061035156,245.05812072753906,96.5586166381836,12.220000267028809
2018-01-19,126.41999816894531,246.17306518554688,96.05123138427734,11.270000457763672
2018-01-22,126.6500015258789,248.1747283935547,96.1448745727539,11.029999732971191
2018-01-23,127.27999877929688,248.7014923095703,96.5586166381836,11.100000381469727
2018-01-24,128.8300018310547,248.6049041748047,96.03558349609375,11.470000267028809
2018-01-25,127.97000122070312,248.71029663085938,96.82390594482422,11.579999923706055
2018-01-26,128.07000732421875,251.5897216796875,96.4649429321289,11.079999923706055
2018-01-29,127.3499984741211,249.92172241210938,95.79364013671875,13.84000015258789
2018-01-30,126.80000305175781,247.3583221435547,95.23167419433594,14.789999961853027
2018-01-31,127.6500015258789,247.48118591308594,95.79364013671875,13.539999961853027
2018-02-01,128.07000732421875,247.20025634765625,94.40534210205078,13.470000267028809
2018-02-02,126.38999938964844,241.8186492919922,93.52935791015625,17.309999465942383
2018-02-05,126.70999908447266,231.7052001953125,94.41313171386719,37.31999969482422
2018-02-06,125.37999725341797,236.27032470703125,93.82656860351562,29.979999542236328
2018-02-07,124.79000091552734,234.9886016845703,92.93489074707031,27.729999542236328
2018-02-08,124.9800033569336,226.1744842529297,92.83319854736328,33.459999084472656
2018-02-09,124.7699966430664,229.57192993164062,92.24658966064453,29.059999465942383
2018-02-12,125.37000274658203,232.94305419921875,92.65335083007812,25.610000610351562
2018-02-13,126.08000183105469,233.52252197265625,93.06786346435547,24.969999313354492
2018-02-14,128.22999572753906,236.67417907714844,92.03543853759766,19.260000228881836
2018-02-15,128.3800048828125,239.6942138671875,92.34828186035156,19.1299991607666
2018-02-16,127.95999908447266,239.76437377929688,92.8488540649414,19.459999084472656
2018-02-20,126.23999786376953,238.2631378173828,92.44215393066406,20.600000381469727
2018-02-21,125.66000366210938,237.07803344726562,91.30805206298828,20.020000457763672
2018-02-22,126.30000305175781,237.38526916503906,91.5818099975586,18.719999313354492
2018-02-23,126.13999938964844,241.16905212402344,92.39521789550781,16.489999771118164
2018-02-26,126.44999694824219,243.9695587158203,92.42654418945312,15.800000190734863
2018-02-27,125.12999725341797,240.9232177734375,92.29354095458984,18.59000015258789
2018-02-28,125.0,238.4825897216797,92.88013458251953,19.850000381469727
2018-03-01,124.72000122070312,235.0149688720703,93.5141830444336,22.469999313354492
2018-03-02,125.38999938964844,236.22642517089844,92.75397491455078,19.59000015258789
2018-03-05,125.18000030517578,238.95675659179688,92.503173828125,18.729999542236328
2018-03-06,126.52999877929688,239.56251525878906,92.58939361572266,18.360000610351562
2018-03-07,125.72000122070312,239.47470092773438,92.48748779296875,17.760000228881836
2018-03-08,125.41999816894531,240.633544921875,93.02041625976562,16.540000915527344
2018-03-09,125.54000091552734,244.8210906982422,92.40908813476562,14.640000343322754
2018-03-12,125.54000091552734,244.5138397216797,92.94206237792969,15.779999732971191
2018-03-13,125.77999877929688,242.93365478515625,93.41231536865234,16.350000381469727
2018-03-14,125.69999694824219,241.6870574951172,94.23518371582031,17.229999542236328
2018-03-15,124.9000015258789,241.4236297607422,94.23518371582031,16.59000015258789
2018-03-16,124.5999984741211,241.6854705810547,93.89817810058594,15.800000190734863
2018-03-19,124.87000274658203,238.41537475585938,93.60039520263672,19.020000457763672
2018-03-20,124.30999755859375,238.82077026367188,93.22419738769531,18.200000762939453
2018-03-21,126.4800033569336,238.36244201660156,93.32611846923828,17.860000610351562
2018-03-22,125.9800033569336,232.40408325195312,94.25088500976562,23.34000015258789
2018-03-23,127.61000061035156,227.45046997070312,94.18035125732422,24.8700008392334
2018-03-26,128.27999877929688,233.67327880859375,93.81983184814453,21.030000686645508
2018-03-27,127.48999786376953,229.69808959960938,94.82299041748047,22.5
2018-03-28,125.7300033569336,229.0193634033203,95.07377624511719,22.8700008392334
2018-03-29,125.79000091552734,231.94570922851562,95.53617858886719,19.969999313354492
2018-04-02,127.26000213623047,226.93930053710938,95.72467803955078,23.6200008392334
2018-04-03,126.30000305175781,229.84796142578125,94.98638916015625,21.100000381469727
2018-04-04,126.44999694824219,232.30711364746094,94.79006958007812,20.059999465942383
2018-04-05,125.80000305175781,234.1404571533203,94.08318328857422,18.940000534057617
2018-04-06,126.38999938964844,228.92250061035156,95.11209106445312,21.489999771118164
2018-04-09,126.81999969482422,230.05068969726562,95.26915740966797,21.770000457763672
2018-04-10,127.12000274658203,233.70855712890625,95.09638977050781,20.469999313354492
2018-04-11,128.11000061035156,232.48342895507812,95.43412780761719,20.239999771118164
2018-04-12,126.62000274658203,234.39605712890625,94.7350845336914,18.489999771118164
2018-04-13,127.44999694824219,233.70855712890625,94.95499420166016,17.40999984741211
2018-04-16,127.62999725341797,235.6300506591797,94.98638916015625,16.559999465942383
2018-04-17,127.75,238.1509552001953,95.24556732177734,15.25
2018-04-18,127.8499984741211,238.3272247314453,94.48377990722656,15.600000381469727
2018-04-19,127.5999984741211,237.0050048828125,93.71405792236328,15.960000038146973
2018-04-20,126.62999725341797,234.99534606933594,93.03861236572266,16.8799991607666
2018-04-23,125.62000274658203,234.96022033691406,93.0621566772461,16.34000015258789
2018-04-24,126.2300033569336,231.79592895507812,92.63802337646484,18.020000457763672
2018-04-25,125.41000366210938,232.3688201904297,92.01759338378906,17.84000015258789
2018-04-26,124.97000122070312,234.73104858398438,92.66161346435547,16.239999771118164
2018-04-27,125.5,234.95140075683594,93.37638092041016,15.40999984741211
2018-04-30,124.58999633789062,233.1444854736328,93.54124450683594,15.930000305175781
2018-05-01,123.70999908447266,233.5587158203125,93.20438385009766,15.489999771118164
2018-05-02,123.6500015258789,231.9897918701172,93.10205841064453,15.970000267028809
2018-05-03,124.27999877929688,231.47854614257812,93.51924133300781,15.899999618530273
2018-05-04,124.54000091552734,234.4754180908203,93.66089630126953,14.770000457763672
2018-05-07,124.56999969482422,235.26869201660156,93.5113754272461,14.75
2018-05-08,124.58999633789062,235.26869201660156,93.42476654052734,14.710000038146973
2018-05-09,124.33000183105469,237.54270935058594,92.86590576171875,13.420000076293945
2018-05-10,125.18000030517578,239.76393127441406,93.61369323730469,13.229999542236328
2018-05-11,125.0,240.4955291748047,93.8498306274414,12.649999618530273
2018-05-14,124.48999786376953,240.61013793945312,93.35391998291016,12.930000305175781
2018-05-15,122.4800033569336,238.95309448242188,92.29127502441406,14.630000114440918
2018-05-16,122.29000091552734,239.9578399658203,91.93707275390625,13.420000076293945
2018-05-17,122.36000061035156,239.7550506591797,91.47265625,13.430000305175781
2018-05-18,122.41000366210938,239.15570068359375,92.25981140136719,13.420000076293945
2018-05-21,122.4800033569336,240.95382690429688,92.30706787109375,13.079999923706055
2018-05-22,122.41000366210938,240.28395080566406,92.1653823852539,13.220000267028809
2018-05-23,122.54000091552734,240.9449920654297,92.8344497680664,12.579999923706055
2018-05-24,123.58999633789062,240.45140075683594,93.57432556152344,12.529999732971191
2018-05-25,123.20999908447266,239.8785400390625,94.15682220458984,13.220000267028809
2018-05-29,123.19000244140625,237.11961364746094,96.2190933227539,17.020000457763672
2018-05-30,123.37000274658203,240.28395080566406,95.57364654541016,14.9399995803833
2018-05-31,123.0999984741211,238.81199645996094,95.41622924804688,15.430000305175781
2018-06-01,122.48999786376953,241.15658569335938,94.91210174560547,13.460000038146973
2018-06-04,122.37000274658203,242.30242919921875,94.22567749023438,12.739999771118164
2018-06-05,122.8499984741211,242.47869873046875,94.44659423828125,12.399999618530273
2018-06-06,122.91999816894531,244.50599670410156,93.6812973022461,11.640000343322754
2018-06-07,122.86000061035156,244.4795684814453,94.588623046875,12.130000114440918
2018-06-08,123.01000213623047,245.2022247314453,94.30457305908203,12.180000305175781
2018-06-11,123.2300033569336,245.52845764160156,94.13101196289062,12.350000381469727
2018-06-12,122.81999969482422,245.84567260742188,94.15467071533203,12.34000015258789
2018-06-13,123.19000244140625,245.06124877929688,94.10736083984375,12.9399995803833
2018-06-14,123.37999725341797,245.67823791503906,94.88839721679688,12.119999885559082
2018-06-15,121.33999633789062,245.3648681640625,94.9751968383789,11.979999542236328
2018-06-18,121.11000061035156,244.86019897460938,94.88839721679688,12.3100004196167
2018-06-19,120.80000305175781,243.9216766357422,95.44068908691406,13.350000381469727
2018-06-20,120.26000213623047,244.3378448486328,94.60438537597656,12.789999961853027
2018-06-21,120.05000305175781,242.80612182617188,95.1014404296875,14.640000343322754
2018-06-22,120.33999633789062,243.24880981445312,95.09352111816406,13.770000457763672
2018-06-25,119.88999938964844,239.93748474121094,95.3065185546875,17.329999923706055
2018-06-26,119.26000213623047,240.46878051757812,95.44068908691406,15.920000076293945
2018-06-27,118.58000183105469,238.47665405273438,96.34009552001953,17.90999984741211
2018-06-28,118.22000122070312,239.84005737304688,96.36372375488281,16.850000381469727
2018-06-29,118.6500015258789,240.185302734375,96.03236389160156,16.09000015258789
2018-07-02,117.45999908447266,240.6988525390625,95.957275390625,15.600000381469727
2018-07-03,118.6500015258789,239.8489532470703,96.47127532958984,16.139999389648438
2018-07-05,119.05000305175781,241.80564880371094,96.748046875,14.970000267028809
2018-07-06,118.86000061035156,243.85079956054688,97.06431579589844,13.369999885559082
2018-07-09,119.1500015258789,246.0465087890625,96.43962097167969,12.6899995803833
2018-07-10,118.93000030517578,246.93190002441406,96.4317398071289,12.640000343322754
2018-07-11,117.63999938964844,245.12567138671875,96.80339050292969,13.630000114440918
2018-07-12,118.12999725341797,247.34803771972656,96.79547119140625,12.579999923706055
2018-07-13,117.61000061035156,247.5428466796875,97.0406494140625,12.180000305175781
2018-07-16,117.55000305175781,247.3216552734375,96.63731384277344,12.829999923706055
2018-07-17,116.27999877929688,248.32205200195312,96.45548248291016,12.0600004196167
2018-07-18,116.30999755859375,248.84437561035156,96.06798553466797,12.100000381469727
2018-07-19,115.80999755859375,247.9058380126953,96.67684936523438,12.869999885559082
2018-07-20,116.55999755859375,247.62246704101562,95.49072265625,12.859999656677246
2018-07-23,116.0,248.0828857421875,94.31253814697266,12.619999885559082
2018-07-24,116.04000091552734,249.33135986328125,94.63677215576172,12.40999984741211
2018-07-25,116.68000030517578,251.45620727539062,94.48651885986328,12.289999961853027
2018-07-26,115.7699966430664,250.86306762695312,94.30460357666016,12.140000343322754
2018-07-27,115.83000183105469,249.16314697265625,94.4627456665039,13.029999732971191
2018-07-30,115.6500015258789,247.86163330078125,94.13855743408203,14.260000228881836
2018-07-31,115.98999786376953,249.08338928222656,94.6525650024414,12.829999923706055
2018-08-01,115.13999938964844,248.66725158691406,93.88141632080078,13.149999618530273
2018-08-02,114.5199966430664,250.02197265625,94.01616668701172,12.1899995803833
2018-08-03,114.91999816894531,251.09320068359375,94.4837417602539,11.640000343322754
2018-08-06,114.33000183105469,252.0139923095703,94.5392074584961,11.270000457763672
2018-08-07,114.58999633789062,252.84632873535156,94.04786682128906,10.930000305175781
2018-08-08,114.91000366210938,252.74005126953125,94.14299774169922,10.850000381469727
2018-08-09,114.73999786376953,252.3947296142578,94.93551635742188,11.270000457763672
2018-08-10,114.69000244140625,250.70364379882812,95.6249771118164,13.15999984741211
2018-08-13,112.95999908447266,249.76512145996094,95.42681884765625,14.779999732971191
2018-08-14,113.06999969482422,251.35890197753906,95.21284484863281,13.3100004196167
2018-08-15,111.19000244140625,249.48178100585938,95.76763153076172,14.640000343322754
2018-08-16,111.0999984741211,251.5005645751953,95.75965118408203,13.449999809265137
2018-08-17,112.12999725341797,252.38583374023438,95.87857055664062,12.640000343322754
2018-08-20,112.69000244140625,252.92596435546875,96.52050018310547,12.489999771118164
2018-08-21,113.0199966430664,253.51914978027344,96.19554901123047,12.859999656677246
2018-08-22,113.2699966430664,253.36862182617188,96.5759506225586,12.25
2018-08-23,112.19999694824219,253.03224182128906,96.72654724121094,12.40999984741211
2018-08-24,114.16000366210938,254.55502319335938,96.91674041748047,11.989999771118164
2018-08-27,114.58999633789062,256.5649108886719,96.36201477050781,12.15999984741211
2018-08-28,113.68000030517578,256.68878173828125,95.78349304199219,12.5
2018-08-29,114.19999694824219,258.07000732421875,95.91026306152344,12.25
2018-08-30,113.63999938964844,257.0252990722656,96.1163101196289,13.529999732971191
2018-08-31,113.51000213623047,257.03411865234375,95.89439392089844,12.859999656677246
2018-09-04,112.93000030517578,256.5914611816406,95.33999633789062,13.15999984741211
2018-09-05,113.31999969482422,255.90078735351562,95.08582305908203,13.90999984741211
2018-09-06,113.54000091552734,255.13059997558594,95.43533325195312,14.649999618530273
2018-09-07,113.2300033569336,254.63473510742188,94.62513732910156,14.880000114440918
2018-09-10,113.1500015258789,255.0774383544922,94.9745864868164,14.15999984741211
2018-09-11,113.22000122070312,255.91859436035156,94.25178527832031,13.220000267028809
2018-09-12,114.16999816894531,255.9805908203125,94.4742202758789,13.140000343322754
2018-09-13,113.76000213623047,257.4944763183594,94.6172103881836,12.369999885559082
2018-09-14,113.0199966430664,257.5387268066406,94.1644287109375,12.069999694824219
2018-09-17,113.61000061035156,256.17523193359375,94.1644287109375,13.680000305175781
2018-09-18,113.44000244140625,257.5653381347656,93.17950439453125,12.789999961853027
2018-09-19,113.87999725341797,257.8398132324219,92.62348175048828,11.75
2018-09-20,114.2699966430664,259.9294128417969,93.0523910522461,11.800000190734863
2018-09-21,113.48999786376953,259.69171142578125,93.0126724243164,11.680000305175781
2018-09-24,113.47000122070312,258.82904052734375,92.7743911743164,12.199999809265137
2018-09-25,113.6500015258789,258.5890197753906,92.67908477783203,12.420000076293945
2018-09-26,113.05000305175781,257.8151550292969,93.33041381835938,12.890000343322754
2018-09-27,112.05000305175781,258.5355529785156,93.3939437866211,12.40999984741211
2018-09-28,112.76000213623047,258.56231689453125,93.1476821899414,12.119999885559082
2018-10-01,112.56999969482422,259.4606018066406,92.46390533447266,12.0
2018-10-02,113.87000274658203,259.309326171875,93.02912902832031,12.050000190734863
2018-10-03,113.41999816894531,259.4516296386719,91.4130859375,11.609999656677246
2018-10-04,113.4800033569336,257.42388916015625,90.76824951171875,14.220000267028809
2018-10-05,113.80000305175781,255.98306274414062,89.98811340332031,14.819999694824219
2018-10-08,112.54000091552734,255.98306274414062,89.68560791015625,15.6899995803833
2018-10-09,112.5999984741211,255.6094970703125,90.59310913085938,15.949999809265137
2018-10-10,112.87999725341797,247.5161590576172,90.34632110595703,22.959999084472656
2018-10-11,115.77999877929688,242.06411743164062,91.44493103027344,24.979999542236328
2018-10-12,115.2300033569336,245.42605590820312,91.12651824951172,21.309999465942383
2018-10-15,116.0,244.04751586914062,91.08670043945312,21.299999237060547
2018-10-16,115.80000305175781,249.3838653564453,91.29369354248047,17.6200008392334
2018-10-17,115.79000091552734,249.42831420898438,90.75236511230469,17.399999618530273
2018-10-18,115.91999816894531,245.8262939453125,90.72052001953125,20.059999465942383
2018-10-19,116.01000213623047,245.69293212890625,90.52147674560547,19.889999389648438
2018-10-22,115.70999908447266,244.58998107910156,90.4020767211914,19.639999389648438
2018-10-23,116.38999938964844,243.3449249267578,90.68863677978516,20.709999084472656
2018-10-24,116.66000366210938,235.97195434570312,91.3732681274414,25.229999542236328
2018-10-25,116.4000015258789,240.2053680419922,90.99115753173828,24.219999313354492
2018-10-26,116.7699966430664,235.98077392578125,91.5404281616211,24.15999984741211
2018-10-29,116.30999755859375,234.67335510253906,91.3334732055664,24.700000762939453
2018-10-30,115.80000305175781,238.15087890625,90.87969207763672,23.350000381469727
2018-10-31,115.1500015258789,240.69461059570312,90.41799926757812,21.229999542236328
2018-11-01,116.62999725341797,243.25595092773438,90.50177001953125,19.34000015258789
2018-11-02,116.6500015258789,241.81515502929688,89.37657165527344,19.510000228881836
2018-11-05,116.37000274658203,243.1492462158203,89.72774505615234,19.959999084472656
2018-11-06,116.04000091552734,244.68792724609375,89.67189025878906,19.90999984741211
2018-11-07,116.02999877929688,249.9263458251953,89.79154205322266,16.360000610351562
2018-11-08,115.77999877929688,249.4728240966797,89.78357696533203,16.719999313354492
2018-11-09,114.4800033569336,247.03585815429688,90.45387268066406,17.360000610351562
2018-11-12,113.66000366210938,242.42001342773438,91.04439544677734,20.450000762939453
2018-11-13,113.69999694824219,241.96640014648438,90.98855590820312,20.020000457763672
2018-11-14,114.63999938964844,240.31207275390625,91.04439544677734,21.25
2018-11-15,114.7699966430664,242.8201446533203,91.0045166015625,19.979999542236328
2018-11-16,115.62000274658203,243.4516143798828,91.53120422363281,18.139999389648438
2018-11-19,115.66999816894531,239.33380126953125,91.78658294677734,20.100000381469727
2018-11-20,115.66999816894531,234.90463256835938,91.81848907470703,22.479999542236328
2018-11-21,115.86000061035156,235.70504760742188,91.78658294677734,20.799999237060547
2018-11-23,115.7699966430664,234.1309051513672,91.88233184814453,21.520000457763672
2018-11-26,115.63999938964844,237.91075134277344,91.67485046386719,18.899999618530273
2018-11-27,114.94999694824219,238.71121215820312,91.77857971191406,19.020000457763672
2018-11-28,115.37999725341797,244.20761108398438,91.33170318603516,18.489999771118164
2018-11-29,115.73999786376953,243.67396545410156,91.69080352783203,18.790000915527344
2018-11-30,115.54000091552734,245.15919494628906,92.0339584350586,18.06999969482422
2018-12-03,116.41000366210938,248.405517578125,92.68746185302734,16.440000534057617
2018-12-04,117.12000274658203,240.3566131591797,94.23915100097656,20.739999771118164
2018-12-06,117.13999938964844,239.99200439453125,94.53511810302734,21.190000534057617
2018-12-07,118.08999633789062,234.41554260253906,94.71109008789062,23.229999542236328
2018-12-10,117.68000030517578,234.8602294921875,95.10298156738281,22.639999389648438
2018-12-11,117.54000091552734,234.91357421875,95.08700561523438,21.760000228881836
2018-12-12,117.79000091552734,236.09640502929688,94.6630630493164,21.459999084472656
2018-12-13,117.52999877929688,236.01637268066406,94.43911743164062,20.649999618530273
2018-12-14,117.05999755859375,231.65835571289062,94.7670669555664,21.6299991607666
2018-12-17,117.87000274658203,227.11361694335938,95.31896209716797,24.520000457763672
2018-12-18,118.1500015258789,226.86459350585938,95.88977813720703,25.579999923706055
2018-12-19,117.43000030517578,223.4670867919922,97.15657806396484,25.579999923706055
2018-12-20,119.23999786376953,219.82952880859375,96.8038101196289,28.3799991607666
2018-12-21,118.72000122070312,215.32525634765625,96.78779602050781,30.110000610351562
2018-12-24,120.0199966430664,209.6357879638672,97.26882934570312,36.06999969482422
2018-12-26,119.66000366210938,220.2276611328125,96.22654724121094,30.40999984741211
2018-12-27,120.56999969482422,221.91842651367188,96.24260711669922,29.959999084472656
2018-12-28,121.05999755859375,221.63214111328125,97.05238342285156,28.34000015258789
2018-12-31,121.25,223.57333374023438,97.42118072509766,25.420000076293945
2019-01-02,121.33000183105469,223.80593872070312,97.93423461914062,23.219999313354492
2019-01-03,122.43000030517578,218.46530151367188,99.0487289428711,25.450000762939453
2019-01-04,121.44000244140625,225.78298950195312,97.90217590332031,21.3799991607666
2019-01-07,121.86000061035156,227.56321716308594,97.61353302001953,21.399999618530273
2019-01-08,121.52999877929688,229.70123291015625,97.35701751708984,20.469999313354492
2019-01-09,122.30999755859375,230.7747344970703,97.20469665527344,19.979999542236328
2019-01-10,121.58999633789062,231.5888214111328,96.57930755615234,19.5
2019-01-11,121.80000305175781,231.67828369140625,96.95613861083984,18.190000534057617
2019-01-14,122.08999633789062,230.2648468017578,96.59532928466797,19.06999969482422
2019-01-15,121.87999725341797,232.90380859375,96.24260711669922,18.600000381469727
2019-01-16,122.2699966430664,233.46742248535156,96.3387680053711,19.040000915527344
2019-01-17,122.11000061035156,235.23873901367188,96.36285400390625,18.059999465942383
2019-01-18,121.0199966430664,238.36964416503906,95.85770416259766,17.799999237060547
2019-01-22,121.44999694824219,235.14923095703125,96.50718688964844,20.799999237060547
2019-01-23,121.27999877929688,235.6412353515625,96.46704864501953,19.520000457763672
2019-01-24,121.08999633789062,235.7664794921875,97.1004867553711,18.889999389648438
2019-01-25,122.86000061035156,237.7613983154297,96.63542175292969,17.420000076293945
2019-01-28,123.29000091552734,235.9543914794922,96.53922271728516,18.8700008392334
2019-01-29,123.9800033569336,235.6412353515625,97.02828979492188,19.1299991607666
2019-01-30,124.69000244140625,239.37161254882812,96.95613861083984,17.65999984741211
2019-01-31,124.75,241.47389221191406,97.79000091552734,16.56999969482422
2019-02-01,124.5,241.5902099609375,97.1993637084961,16.139999389648438
2019-02-04,123.95999908447266,243.28985595703125,96.76538848876953,15.729999542236328
2019-02-05,124.27999877929688,244.3097686767578,97.20735931396484,15.569999694824219
2019-02-06,123.44000244140625,243.98768615722656,97.25555419921875,15.380000114440918
2019-02-07,123.73999786376953,241.66180419921875,97.8984603881836,16.3700008392334
2019-02-08,124.20999908447266,241.95703125,98.31629943847656,15.720000267028809
2019-02-11,123.5999984741211,242.0911865234375,97.93059539794922,15.970000267028809
2019-02-12,123.86000061035156,245.20433044433594,97.6814956665039,15.430000305175781
2019-02-13,123.37000274658203,246.00051879882812,97.31182098388672,15.649999618530273
2019-02-14,124.05999755859375,245.454833984375,97.8663330078125,16.219999313354492
2019-02-15,124.80000305175781,248.12962341308594,98.01898193359375,14.90999984741211
2019-02-19,126.69999694824219,248.55899047851562,98.26807403564453,14.880000114440918
2019-02-20,126.4800033569336,249.06004333496094,97.98684692382812,14.020000457763672
2019-02-21,125.05000305175781,248.17420959472656,97.11094665527344,14.460000038146973
2019-02-22,125.5,249.71298217773438,97.68953704833984,13.510000228881836
2019-02-25,125.37000274658203,250.05287170410156,97.40021514892578,14.850000381469727
2019-02-26,125.58000183105469,249.87400817871094,97.88236999511719,15.170000076293945
2019-02-27,124.69000244140625,249.76670837402344,96.77344512939453,14.699999809265137
2019-02-28,123.98999786376953,249.30149841308594,96.44397735595703,14.779999732971191
2019-03-01,121.87999725341797,250.85806274414062,95.55255889892578,13.569999694824219
2019-03-04,121.55999755859375,249.94561767578125,96.30145263671875,14.630000114440918
2019-03-05,121.72000122070312,249.6056671142578,96.50277709960938,14.739999771118164
2019-03-06,121.61000061035156,248.0937957763672,96.85707092285156,15.739999771118164
2019-03-07,121.51000213623047,246.01828002929688,97.48522186279297,16.59000015258789
2019-03-08,122.83999633789062,245.5263214111328,97.8958969116211,16.049999237060547
2019-03-11,122.23999786376953,249.08673095703125,97.60597229003906,14.329999923706055
2019-03-12,122.9800033569336,250.0260009765625,98.29045104980469,13.770000457763672
2019-03-13,123.83999633789062,251.68106079101562,98.10526275634766,13.40999984741211
2019-03-14,122.41000366210938,251.5200958251953,97.39659118652344,13.5
2019-03-15,122.97000122070312,252.76268005371094,98.04082489013672,12.880000114440918
2019-03-18,123.04000091552734,253.67913818359375,97.98445892333984,13.100000381469727
2019-03-19,123.37999725341797,253.74208068847656,97.76705169677734,13.5600004196167
2019-03-20,124.18000030517578,252.97828674316406,98.78972625732422,13.90999984741211
2019-03-21,123.68000030517578,255.83567810058594,99.00709533691406,13.630000114440918
2019-03-22,123.97000122070312,250.9117431640625,100.54519653320312,16.479999542236328
2019-03-25,124.91999816894531,250.72305297851562,100.70628356933594,16.329999923706055
2019-03-26,124.30000305175781,252.5919952392578,100.6338119506836,14.680000305175781
2019-03-27,123.6500015258789,251.2711181640625,101.55984497070312,15.149999618530273
2019-03-28,121.9000015258789,252.22364807128906,101.91413879394531,14.430000305175781
2019-03-29,122.01000213623047,253.81396484375,101.81753540039062,13.710000038146973
2019-04-01,121.52999877929688,256.82391357421875,100.37129211425781,13.399999618530273
2019-04-02,121.9800033569336,256.9498291015625,100.55694580078125,13.359999656677246
2019-04-03,121.80000305175781,257.35418701171875,99.68529510498047,13.739999771118164
2019-04-04,122.11000061035156,258.0369873046875,99.96781921386719,13.579999923706055
2019-04-05,121.9800033569336,259.2859191894531,100.09689331054688,12.819999694824219
2019-04-08,122.51000213623047,259.4836120605469,99.74181365966797,13.180000305175781
2019-04-09,123.1500015258789,258.1538391113281,100.0565185546875,14.279999732971191
2019-04-10,123.52999877929688,259.03436279296875,100.2987060546875,13.300000190734863
2019-04-11,121.94999694824219,258.96240234375,99.70956420898438,13.020000457763672
2019-04-12,121.83000183105469,260.7146301269531,98.99935150146484,12.010000228881836
2019-04-15,121.5999984741211,260.5439147949219,99.24954223632812,12.319999694824219
2019-04-16,120.51000213623047,260.7146301269531,98.62809753417969,12.180000305175781
2019-04-17,120.27999877929688,260.07659912109375,98.66847229003906,12.600000381469727
2019-04-18,120.37000274658203,260.5887451171875,99.18494415283203,12.09000015258789
2019-04-22,120.37000274658203,260.8133239746094,98.70881652832031,12.420000076293945
2019-04-23,120.12000274658203,263.1585693359375,98.91864013671875,12.279999732971191
2019-04-24,120.47000122070312,262.5746154785156,99.72566223144531,13.140000343322754
2019-04-25,120.56999969482422,262.412841796875,99.58042907714844,13.25
2019-04-26,121.37000274658203,263.6347961425781,99.91938018798828,12.729999542236328
2019-04-29,120.83000183105469,264.04815673828125,99.28177642822266,13.109999656677246
2019-04-30,121.19999694824219,264.182861328125,99.79023742675781,13.119999885559082
2019-05-01,120.4000015258789,262.1971740722656,100.20186614990234,14.800000190734863
2019-05-02,119.94000244140625,261.6311950683594,99.72473907470703,14.420000076293945
2019-05-03,120.6500015258789,264.1918640136719,100.00780487060547,12.869999885559082
2019-05-06,120.80999755859375,263.10467529296875,100.28275299072266,15.4399995803833
2019-05-07,121.20999908447266,258.7109069824219,101.05108642578125,19.31999969482422
2019-05-08,120.91000366210938,258.3515319824219,100.61434936523438,19.399999618530273
2019-05-09,121.19999694824219,257.56976318359375,101.02677154541016,19.100000381469727
2019-05-10,121.43000030517578,258.8636474609375,100.88932800292969,16.040000915527344
2019-05-13,122.66999816894531,252.3583984375,101.68190002441406,20.549999237060547
2019-05-14,122.45999908447266,254.64051818847656,101.38262939453125,18.059999465942383
2019-05-15,122.38999938964844,256.13214111328125,102.00537109375,16.440000534057617
2019-05-16,121.51000213623047,258.5042419433594,101.66569519042969,15.289999961853027
2019-05-17,120.6500015258789,256.8329772949219,101.89212036132812,15.960000038146973
2019-05-20,120.63999938964844,255.1348114013672,101.68190002441406,16.309999465942383
2019-05-21,120.36000061035156,257.4350280761719,101.52012634277344,14.949999809265137
2019-05-22,120.23999786376953,256.6442565917969,102.10243225097656,14.75
2019-05-23,121.16999816894531,253.50848388671875,103.25080108642578,16.920000076293945
2019-05-24,121.30000305175781,254.08360290527344,103.33976745605469,15.850000381469727
2019-05-28,120.83000183105469,251.7204132080078,104.08381652832031,17.5
2019-05-29,120.87000274658203,250.03121948242188,104.39921569824219,17.899999618530273
2019-05-30,121.69000244140625,250.71414184570312,105.29686737060547,17.299999237060547
2019-05-31,123.33000183105469,247.33566284179688,106.61516571044922,18.709999084472656
2019-06-03,125.11000061035156,246.70664978027344,107.32825469970703,18.860000610351562
2019-06-04,125.1500015258789,252.06192016601562,106.1045913696289,16.969999313354492
2019-06-05,125.47000122070312,254.24533081054688,105.50489807128906,16.09000015258789
2019-06-06,125.87999725341797,255.89845275878906,105.84527587890625,15.930000305175781
2019-06-07,126.58999633789062,258.4592590332031,106.76100158691406,16.299999237060547
2019-06-10,125.33000183105469,259.6453552246094,105.75615692138672,15.9399995803833
2019-06-11,125.18000030517578,259.58245849609375,105.82095336914062,15.989999771118164
2019-06-12,125.83000183105469,259.12420654296875,105.9019546508789,15.90999984741211
2019-06-13,126.5999984741211,260.19342041015625,106.26666259765625,15.819999694824219
2019-06-14,126.55999755859375,259.90594482421875,106.53408813476562,15.279999732971191
2019-06-17,126.4800033569336,260.0048522949219,106.72048950195312,15.350000381469727
2019-06-18,127.12000274658203,262.7272644042969,107.25533294677734,15.149999618530273
2019-06-19,127.88999938964844,263.3203125,107.40931701660156,14.329999923706055
2019-06-20,131.11000061035156,265.83612060546875,107.69294738769531,14.75
2019-06-21,131.97999572753906,265.44976806640625,106.50975036621094,15.399999618530273
2019-06-24,133.94000244140625,265.1247253417969,107.30400848388672,15.260000228881836
2019-06-25,134.1999969482422,262.5244140625,107.63621520996094,16.280000686645508
2019-06-26,132.97000122070312,262.262451171875,106.9473876953125,16.209999084472656
2019-06-27,132.83999633789062,263.1925354003906,107.70108032226562,15.819999694824219
2019-06-28,133.1999969482422,264.546875,107.62812042236328,15.079999923706055
2019-07-01,130.6199951171875,266.948486328125,107.37641906738281,14.0600004196167
2019-07-02,133.41000366210938,267.6437683105469,108.20463562011719,12.930000305175781
2019-07-03,133.6300048828125,269.7835693359375,108.97600555419922,12.569999694824219
2019-07-05,132.13999938964844,269.47662353515625,107.53067779541016,13.279999732971191
2019-07-08,131.2899932861328,267.99591064453125,107.67680358886719,13.960000038146973
2019-07-09,131.75,268.3299255371094,107.63622283935547,14.09000015258789
2019-07-10,133.8300018310547,269.612060546875,107.04352569580078,13.029999732971191
2019-07-11,132.6999969482422,270.2440185546875,105.61441802978516,12.930000305175781
2019-07-12,133.52999877929688,271.45391845703125,105.73621368408203,12.390000343322754
2019-07-15,133.52999877929688,271.5441589355469,106.3451919555664,12.680000305175781
2019-07-16,132.39999389648438,270.6684265136719,106.0285415649414,12.859999656677246
2019-07-17,134.5800018310547,268.8265686035156,107.17339324951172,13.970000267028809
2019-07-18,136.47999572753906,269.8106384277344,107.18152618408203,13.529999732971191
2019-07-19,134.47000122070312,268.3118896484375,106.9298095703125,14.449999809265137
2019-07-22,134.4499969482422,268.9709777832031,107.13282775878906,13.529999732971191
2019-07-23,133.69000244140625,270.8941345214844,106.5481948852539,12.609999656677246
2019-07-24,134.3699951171875,272.16729736328125,107.0110092163086,12.069999694824219
2019-07-25,133.4199981689453,270.8670959472656,106.4994888305664,12.739999771118164
2019-07-26,133.63999938964844,272.6819152832031,106.75120544433594,12.15999984741211
2019-07-29,134.52999877929688,272.18524169921875,106.78365325927734,12.829999923706055
2019-07-30,134.97999572753906,271.51715087890625,107.04352569580078,13.9399995803833
2019-07-31,133.2100067138672,268.5466613769531,107.90416717529297,16.1200008392334
2019-08-01,136.41000366210938,266.2081604003906,110.04721069335938,17.8700008392334
2019-08-02,135.88999938964844,264.20379638671875,111.06422424316406,17.610000610351562
2019-08-05,137.7899932861328,256.2582702636719,112.98433685302734,24.59000015258789
2019-08-06,138.91000366210938,259.8518371582031,113.88736724853516,20.170000076293945
2019-08-07,141.02000427246094,260.00537109375,113.92806243896484,19.489999771118164
2019-08-08,141.72999572753906,265.1066589355469,114.17216491699219,16.90999984741211
2019-08-09,141.25999450683594,263.30084228515625,113.94429779052734,17.969999313354492
2019-08-12,142.6300048828125,260.0955810546875,116.32002258300781,21.09000015258789
2019-08-13,141.77999877929688,264.1405334472656,115.92134857177734,17.520000457763672
2019-08-14,142.75,256.3305358886719,118.53302001953125,22.100000381469727
2019-08-15,143.6999969482422,257.0077209472656,119.85106658935547,21.18000030517578
2019-08-16,142.77999877929688,260.79986572265625,118.89099884033203,18.469999313354492
2019-08-19,141.11000061035156,263.94189453125,117.19059753417969,16.8799991607666
2019-08-20,142.2100067138672,261.9194030761719,118.40288543701172,17.5
2019-08-21,141.75999450683594,264.05029296875,117.61366271972656,15.800000190734863
2019-08-22,141.39999389648438,263.9690246582031,116.83265686035156,16.68000030517578
2019-08-23,144.1699981689453,257.1882629394531,118.75272369384766,19.8700008392334
2019-08-26,144.19000244140625,260.032470703125,118.2727279663086,19.31999969482422
2019-08-27,145.57000732421875,259.01214599609375,120.09513854980469,20.309999465942383
2019-08-28,145.16000366210938,260.8359069824219,120.24976348876953,19.350000381469727
2019-08-29,144.1199951171875,264.1676025390625,119.7941665649414,17.8799991607666
2019-08-30,143.75,264.05029296875,119.82666015625,18.979999542236328
2019-09-03,145.75,262.5063781738281,119.98152160644531,19.65999984741211
2019-09-04,146.66000366210938,265.48590087890625,120.16082763671875,17.329999923706055
2019-09-05,143.13999938964844,268.8987121582031,117.9846420288086,16.270000457763672
2019-09-06,141.9199981689453,269.1063537597656,118.82416534423828,15.0
2019-09-09,141.38999938964844,269.2419128417969,116.71324920654297,15.270000457763672
2019-09-10,140.17999267578125,269.1786193847656,114.66744232177734,15.199999809265137
2019-09-11,141.02999877929688,271.0927429199219,114.46372985839844,14.609999656677246
2019-09-12,141.32000732421875,272.03179931640625,113.71390533447266,14.220000267028809
2019-09-13,140.14999389648438,271.8512268066406,111.28510284423828,13.739999771118164
2019-09-16,141.32000732421875,271.0115966796875,112.70323181152344,14.670000076293945
2019-09-17,141.60000610351562,271.69769287109375,113.31451416015625,14.4399995803833
2019-09-18,140.7100067138672,271.8602600097656,113.79539489746094,13.949999809265137
2019-09-19,141.27999877929688,271.84222412109375,114.1376724243164,14.050000190734863
2019-09-20,142.9499969482422,270.5577087402344,115.64554595947266,15.319999694824219
2019-09-23,143.75,270.494384765625,115.62106323242188,14.90999984741211
2019-09-24,144.50999450683594,268.3717346191406,117.01473999023438,17.049999237060547
2019-09-25,141.8300018310547,269.95916748046875,115.30318450927734,15.960000038146973
2019-09-26,141.7899932861328,269.3967590332031,116.04488372802734,16.06999969482422
2019-09-27,141.05999755859375,267.9454650878906,116.33013916015625,17.219999313354492
2019-09-30,138.8699951171875,269.18804931640625,116.61541748046875,16.239999771118164
2019-10-01,139.6300048828125,265.9861755371094,116.96646118164062,18.559999465942383
2019-10-02,141.25999450683594,261.28759765625,117.25228881835938,20.559999465942383
2019-10-03,141.89999389648438,263.42828369140625,118.32178497314453,19.1200008392334
2019-10-04,141.89999389648438,266.99298095703125,119.19534301757812,17.040000915527344
2019-10-07,140.69000244140625,265.84100341796875,118.20750427246094,17.860000610351562
2019-10-08,141.9199981689453,261.7139892578125,118.5259017944336,20.280000686645508
2019-10-09,142.0500030517578,264.1991882324219,117.85639190673828,18.639999389648438
2019-10-10,140.80999755859375,265.9861755371094,116.10101318359375,17.56999969482422
2019-10-11,140.02999877929688,268.7436218261719,114.66403198242188,15.579999923706055
2019-10-14,140.58999633789062,268.4443054199219,115.49686431884766,14.569999694824219
2019-10-15,139.61000061035156,271.1020202636719,114.10072326660156,13.539999961853027
2019-10-16,140.41000366210938,270.666748046875,114.23949432373047,13.680000305175781
2019-10-17,140.61000061035156,271.46484375,113.96192932128906,13.789999961853027
2019-10-18,140.4600067138672,270.276611328125,113.96192932128906,14.25
2019-10-21,139.7899932861328,272.1087646484375,113.10462951660156,14.0
2019-10-22,140.1999969482422,271.2198181152344,113.76597595214844,14.460000038146973
2019-10-23,140.52999877929688,272.00909423828125,113.8802719116211,14.010000228881836
2019-10-24,141.52999877929688,272.4535827636719,113.65166473388672,13.710000038146973
2019-10-25,141.86000061035156,273.56915283203125,113.096435546875,12.649999618530273
2019-10-28,140.63999938964844,275.11114501953125,112.06771850585938,13.109999656677246
2019-10-29,140.25,275.0296936035156,112.14117431640625,13.199999809265137
2019-10-30,141.02000427246094,275.87322998046875,113.7822494506836,12.329999923706055
2019-10-31,142.42999267578125,275.138427734375,115.31722259521484,13.220000267028809
2019-11-01,142.55999755859375,277.68731689453125,114.96224212646484,12.300000190734863
2019-11-04,142.14999389648438,278.80303955078125,113.44916534423828,12.829999923706055
2019-11-05,139.85000610351562,278.4945373535156,112.17326354980469,13.100000381469727
2019-11-06,140.4499969482422,278.55804443359375,112.85209655761719,12.619999885559082
2019-11-07,138.27000427246094,279.53765869140625,110.80742645263672,12.729999542236328
2019-11-08,137.38999938964844,280.22698974609375,110.34114837646484,12.069999694824219
2019-11-11,137.05999755859375,279.69189453125,110.41482543945312,12.6899995803833
2019-11-12,137.42999267578125,280.2814636230469,110.92193603515625,12.680000305175781
2019-11-13,137.97999572753906,280.37213134765625,111.64160919189453,13.0
2019-11-14,138.55999755859375,280.7803955078125,112.79485321044922,13.050000190734863
2019-11-15,138.2100067138672,282.8122253417969,112.67214965820312,12.050000190734863
2019-11-18,138.6199951171875,283.0207214355469,112.87664794921875,12.460000038146973
2019-11-19,138.69000244140625,282.93914794921875,113.81727600097656,12.859999656677246
2019-11-20,138.75999450683594,281.8869934082031,114.99503326416016,12.779999732971191
2019-11-21,138.0,281.4334716796875,114.27525329589844,13.130000114440918
2019-11-22,137.74000549316406,282.0593566894531,114.42241668701172,12.34000015258789
2019-11-25,137.0800018310547,284.24530029296875,114.75779724121094,11.869999885559082
2019-11-26,137.74000549316406,284.8893127441406,115.42845153808594,11.539999961853027
2019-11-27,137.00999450683594,286.15924072265625,115.09313201904297,11.75
2019-11-29,137.86000061035156,285.09796142578125,114.84771728515625,12.619999885559082
2019-12-02,137.7899932861328,282.6761169433594,113.3165054321289,14.90999984741211
2019-12-03,139.11000061035156,280.7803955078125,115.69245147705078,15.960000038146973
2019-12-04,138.9199981689453,282.5127868652344,114.53726959228516,14.800000190734863
2019-12-05,139.0,283.0207214355469,113.98014831542969,14.520000457763672
2019-12-06,137.6199951171875,285.6058654785156,113.34930419921875,13.619999885559082
2019-12-09,137.5800018310547,284.70794677734375,113.59506225585938,15.859999656677246
2019-12-10,137.97000122070312,284.390380859375,113.6032943725586,15.680000305175781
2019-12-11,138.9199981689453,285.1977233886719,114.49626922607422,14.989999771118164
2019-12-12,138.42999267578125,287.65582275390625,112.61188507080078,13.9399995803833
2019-12-13,139.0500030517578,287.8282470703125,113.9145736694336,12.630000114440918
2019-12-16,139.0399932861328,289.8055725097656,112.89044952392578,12.140000343322754
2019-12-17,139.00999450683594,289.8691101074219,112.73477935791016,12.289999961853027
2019-12-18,139.02000427246094,289.88720703125,111.8089828491211,12.579999923706055
2019-12-19,139.3800048828125,291.0755310058594,111.9879379272461,12.5
2019-12-20,139.52000427246094,292.3516845703125,112.13557434082031,12.510000228881836
2019-12-23,139.9499969482422,292.7983093261719,111.97150421142578,12.609999656677246
2019-12-24,141.27000427246094,292.80731201171875,112.2914810180664,12.670000076293945
2019-12-26,142.3800048828125,294.3661193847656,112.56232452392578,12.649999618530273
2019-12-27,142.3300018310547,294.2931823730469,112.68537902832031,13.430000305175781
2019-12-30,142.6300048828125,292.6706848144531,112.27505493164062,14.819999694824219
2019-12-31,142.89999389648438,293.38165283203125,111.17549896240234,13.779999732971191
2020-01-02,143.9499969482422,296.125244140625,112.4310073852539,12.470000267028809
2020-01-03,145.86000061035156,293.8829345703125,114.16253662109375,14.020000457763672
2020-01-06,147.38999938964844,295.0041809082031,113.51421356201172,13.850000381469727
2020-01-07,147.97000122070312,294.1746520996094,112.9561996459961,13.789999961853027
2020-01-08,146.86000061035156,295.74249267578125,112.2094955444336,13.449999809265137
2020-01-09,146.02999877929688,297.747802734375,112.60330963134766,12.539999961853027
2020-01-10,146.91000366210938,296.8910217285156,113.60443878173828,12.5600004196167
2020-01-13,145.82000732421875,298.9328308105469,113.25983428955078,12.319999694824219
2020-01-14,145.69000244140625,298.4770202636719,113.84244537353516,12.390000343322754
2020-01-15,146.5399932861328,299.15155029296875,114.59741973876953,12.420000076293945
2020-01-16,146.30999755859375,301.64007568359375,114.2363510131836,12.319999694824219
2020-01-17,146.5800018310547,302.5788269042969,113.25983428955078,12.100000381469727
2020-01-21,146.74000549316406,301.986328125,114.44966125488281,12.850000381469727
2020-01-22,146.7899932861328,302.0228576660156,114.85177612304688,12.90999984741211
2020-01-23,147.1199951171875,302.3692626953125,115.65605163574219,12.979999542236328
2020-01-24,147.97999572753906,299.6802062988281,116.59142303466797,14.5600004196167
2020-01-27,148.99000549316406,294.87646484375,118.405029296875,18.229999542236328
2020-01-28,147.66000366210938,297.96661376953125,117.47773742675781,16.280000686645508
2020-01-29,148.4600067138672,297.72039794921875,118.62660217285156,16.389999389648438
2020-01-30,148.47000122070312,298.6866760253906,118.64299774169922,15.489999771118164
2020-01-31,149.3300018310547,293.2631530761719,119.72624206542969,18.84000015258789
2020-02-03,148.36000061035156,295.4416198730469,119.62922668457031,17.969999313354492
2020-02-04,146.42999267578125,299.9445495605469,118.01814270019531,16.049999237060547
2020-02-05,146.61000061035156,303.40838623046875,116.72765350341797,15.149999618530273
2020-02-06,147.39999389648438,304.42926025390625,117.25374603271484,14.960000038146973
2020-02-07,147.7899932861328,302.8067321777344,118.716796875,15.470000267028809
2020-02-10,148.1699981689453,305.06732177734375,119.04566192626953,15.039999961853027
2020-02-11,147.66000366210938,305.5959777832031,118.44560241699219,15.180000305175781
2020-02-12,147.5399932861328,307.5649108886719,117.84550476074219,13.739999771118164
2020-02-13,148.3800048828125,307.2367248535156,118.29761505126953,14.149999618530273
2020-02-14,149.0,307.7289733886719,118.81543731689453,13.680000305175781
2020-02-18,150.91000366210938,306.9358825683594,119.62922668457031,14.829999923706055
2020-02-19,151.7899932861328,308.4035339355469,119.62094116210938,14.380000114440918
2020-02-20,152.41000366210938,307.136474609375,120.55801391601562,15.5600004196167
2020-02-21,154.6999969482422,303.97344970703125,121.6841049194336,17.079999923706055
2020-02-24,156.08999633789062,293.8920593261719,123.5007095336914,25.030000686645508
2020-02-25,153.3000030517578,284.98651123046875,124.15825653076172,27.850000381469727
2020-02-26,153.97000122070312,283.938232421875,123.5007095336914,27.559999465942383
2020-02-27,154.0,271.1861572265625,124.84049987792969,39.15999984741211
2020-02-28,148.3800048828125,270.0468444824219,127.65982818603516,40.11000061035156
2020-03-02,149.1999969482422,281.7414245605469,126.7205581665039,33.41999816894531
2020-03-03,153.88999938964844,273.6745910644531,128.68798828125,36.81999969482422
2020-03-04,154.16000366210938,285.17791748046875,127.32149505615234,31.989999771118164
2020-03-05,157.49000549316406,275.6981506347656,130.49085998535156,39.619998931884766
2020-03-06,157.5500030517578,271.1405944824219,137.28195190429688,41.939998626708984
2020-03-09,157.80999755859375,249.96597290039062,141.0027313232422,54.459999084472656
2020-03-10,154.47999572753906,262.9004211425781,133.77525329589844,47.29999923706055
2020-03-11,153.92999267578125,250.08445739746094,128.85264587402344,53.900001525878906
2020-03-12,147.7899932861328,226.15704345703125,129.65113830566406,75.47000122070312
2020-03-13,143.27999877929688,245.49038696289062,126.7205581665039,57.83000183105469
2020-03-16,141.63999938964844,218.62789916992188,134.9276885986328,82.69000244140625
2020-03-17,143.55999755859375,230.4320831298828,125.93033599853516,75.91000366210938
2020-03-18,140.6999969482422,218.76467895507812,118.82626342773438,76.44999694824219
2020-03-19,138.0399932861328,219.22952270507812,122.06135559082031,72.0
2020-03-20,140.11000061035156,209.78196716308594,131.23983764648438,66.04000091552734
2020-03-23,146.3000030517578,204.41822814941406,136.64817810058594,61.59000015258789
2020-03-24,153.39999389648438,222.93922424316406,134.10450744628906,61.66999816894531
2020-03-25,151.3000030517578,226.27664184570312,133.79994201660156,63.95000076293945
2020-03-26,153.24000549316406,239.48890686035156,134.45849609375,61.0
2020-03-27,152.25,232.3555450439453,138.04751586914062,65.54000091552734
2020-03-30,152.9199981689453,239.9014129638672,136.9115753173828,57.08000183105469
2020-03-31,148.0500030517578,236.32559204101562,135.80029296875,53.540000915527344
2020-04-01,149.4499969482422,225.68984985351562,137.70289611816406,57.060001373291016
2020-04-02,151.89999389648438,230.897705078125,138.5767364501953,50.90999984741211
2020-04-03,152.64999389648438,227.56024169921875,138.9064483642578,46.79999923706055
2020-04-06,156.8800048828125,242.84466552734375,138.5437774658203,45.2400016784668
2020-04-07,156.0399932861328,243.09225463867188,137.0928955078125,46.70000076293945
2020-04-08,154.64999389648438,251.2525177001953,136.0954132080078,43.349998474121094
2020-04-09,158.69000244140625,255.07591247558594,136.3426971435547,41.66999816894531
2020-04-13,161.41000366210938,252.74693298339844,135.09786987304688,41.16999816894531
2020-04-14,162.67999267578125,260.2011413574219,135.0648651123047,37.7599983215332
2020-04-15,161.85000610351562,254.6724090576172,138.64273071289062,40.84000015258789
2020-04-16,161.7100067138672,255.90103149414062,140.21725463867188,40.11000061035156
2020-04-17,158.57000732421875,262.8143615722656,138.3376922607422,38.150001525878906
2020-04-20,159.6999969482422,258.1841125488281,139.45059204101562,43.83000183105469
2020-04-21,158.61000061035156,250.3447723388672,141.20652770996094,45.40999984741211
2020-04-22,161.72999572753906,255.90103149414062,139.7638702392578,41.97999954223633
2020-04-23,163.33999633789062,255.88259887695312,140.50579833984375,41.380001068115234
2020-04-24,162.63999938964844,259.4493408203125,140.83555603027344,35.93000030517578
2020-04-27,161.55999755859375,263.1902160644531,138.2140350341797,33.290000915527344
2020-04-28,160.83999633789062,261.97998046875,139.80502319335938,33.56999969482422
2020-04-29,161.72999572753906,268.8382873535156,139.07962036132812,31.229999542236328
2020-04-30,158.8000030517578,266.3350830078125,137.45558166503906,34.150001525878906
2020-05-01,159.77999877929688,259.28436279296875,138.6326141357422,37.189998626708984
2020-05-04,160.33999633789062,259.99945068359375,137.98052978515625,35.970001220703125
2020-05-05,161.02000427246094,262.4017028808594,137.09738159179688,33.61000061035156
2020-05-06,158.9499969482422,260.62298583984375,134.88519287109375,34.119998931884766
2020-05-07,161.38999938964844,263.7678527832031,137.13864135742188,31.440000534057617
2020-05-08,160.4199981689453,268.1321716308594,135.3556671142578,27.979999542236328
2020-05-11,159.4199981689453,268.1872253417969,134.2991943359375,27.56999969482422
2020-05-12,160.0399932861328,262.8417663574219,135.67762756347656,33.040000915527344
2020-05-13,161.5800018310547,258.1932067871094,136.6269073486328,35.279998779296875
2020-05-14,163.00999450683594,261.2831115722656,137.96414184570312,32.61000061035156
2020-05-15,163.92999267578125,262.48419189453125,137.60914611816406,31.889999389648438
2020-05-18,162.69000244140625,270.4793395996094,134.58799743652344,29.299999237060547
2020-05-19,164.25999450683594,267.701171875,135.09156799316406,30.530000686645508
2020-05-20,164.64999389648438,272.2489929199219,135.4960174560547,27.989999771118164
2020-05-21,162.25,270.3694763183594,135.8343963623047,29.530000686645508
2020-05-22,163.2100067138672,270.8827819824219,136.65159606933594,28.15999984741211
2020-05-26,160.88999938964844,274.2203674316406,134.81912231445312,28.010000228881836
2020-05-27,161.17999267578125,278.30035400390625,134.571533203125,27.6200008392334
2020-05-28,161.72000122070312,277.7868957519531,134.0762939453125,28.59000015258789
2020-05-29,162.91000366210938,279.02471923828125,135.03379821777344,27.510000228881836
2020-06-01,163.66000366210938,280.1524353027344,134.12464904785156,28.229999542236328
2020-06-02,162.60000610351562,282.47222900390625,133.63697814941406,26.84000015258789
2020-06-03,159.60000610351562,286.23138427734375,131.85997009277344,25.65999984741211
2020-06-04,161.27999877929688,285.4795227050781,129.95079040527344,25.809999465942383
2020-06-05,158.00999450683594,292.7962341308594,129.02513122558594,24.520000457763672
2020-06-08,159.72000122070312,296.33544921875,129.52099609375,25.809999465942383
2020-06-09,161.25999450683594,294.125732421875,130.99212646484375,27.56999969482422
2020-06-10,163.57000732421875,292.4845275878906,132.93441772460938,27.56999969482422
2020-06-11,162.38999938964844,275.6230773925781,135.4470672607422,40.790000915527344
2020-06-12,162.6199951171875,278.923828125,134.14117431640625,36.09000015258789
2020-06-15,162.3300018310547,281.52777099609375,134.215576171875,34.400001525878906
2020-06-16,162.25,286.9465637207031,132.1575164794922,33.66999816894531
2020-06-17,162.55999755859375,285.7546081542969,132.70303344726562,33.470001220703125
2020-06-18,162.24000549316406,285.8646545410156,134.10812377929688,32.939998626708984
2020-06-19,164.02999877929688,284.23101806640625,134.215576171875,35.119998931884766
2020-06-22,165.08999633789062,286.0543518066406,134.23204040527344,31.770000457763672
2020-06-23,166.47999572753906,287.3713073730469,133.31466674804688,31.3700008392334
2020-06-24,165.89999389648438,280.040771484375,134.74453735351562,33.84000015258789
2020-06-25,165.8000030517578,283.04296875,135.1329345703125,32.220001220703125
2020-06-26,166.5399932861328,276.32025146484375,136.57936096191406,34.72999954223633
2020-06-29,166.6300048828125,280.3815612792969,136.1495361328125,31.780000686645508
2020-06-30,167.3699951171875,283.97308349609375,135.4883575439453,30.43000030517578
2020-07-01,166.6199951171875,285.9623107910156,135.22518920898438,28.6200008392334
2020-07-02,166.97999572753906,287.53704833984375,135.36587524414062,27.68000030517578
2020-07-06,167.97999572753906,291.975830078125,134.81146240234375,27.940000534057617
2020-07-07,169.0399932861328,288.9643859863281,136.70640563964844,29.43000030517578
2020-07-08,170.08999633789062,291.1745910644531,136.16024780273438,28.079999923706055
2020-07-09,169.6300048828125,289.51690673828125,138.32821655273438,29.260000228881836
2020-07-10,169.19000244140625,292.47314453125,137.6331787109375,27.290000915527344
2020-07-13,169.39999389648438,289.9407043457031,138.0882568359375,32.189998626708984
2020-07-14,170.19000244140625,293.6978759765625,138.286865234375,29.520000457763672
2020-07-15,170.33999633789062,296.3962707519531,137.64138793945312,27.760000228881836
2020-07-16,168.72999572753906,295.4200744628906,138.29513549804688,28.0
2020-07-17,170.1199951171875,296.2764587402344,138.00550842285156,25.68000030517578
2020-07-20,170.94000244140625,298.6708984375,138.34478759765625,24.459999084472656
2020-07-21,173.0,299.3063049316406,138.4275360107422,24.84000015258789
2020-07-22,175.6300048828125,301.01007080078125,138.84121704101562,24.31999969482422
2020-07-23,177.17999267578125,297.41839599609375,140.46311950683594,26.079999923706055
2020-07-24,178.6999969482422,295.5028991699219,140.4547882080078,25.84000015258789
2020-07-27,182.22999572753906,297.6578674316406,139.93353271484375,24.739999771118164
2020-07-28,183.75,295.7699279785156,140.9016571044922,25.440000534057617
2020-07-29,185.1300048828125,299.4076232910156,140.66171264648438,24.100000381469727
2020-07-30,183.75999450683594,298.3393249511719,141.58843994140625,24.760000228881836
2020-07-31,185.42999267578125,300.6968078613281,141.4974822998047,24.459999084472656
2020-08-03,185.63999938964844,302.787353515625,140.78506469726562,24.280000686645508
2020-08-04,189.58999633789062,303.9569396972656,142.12701416015625,23.760000228881836
2020-08-05,191.35000610351562,305.84478759765625,140.88438415527344,22.989999771118164
2020-08-06,193.88999938964844,307.8891906738281,141.67147827148438,22.649999618530273
2020-08-07,190.80999755859375,308.1103210449219,140.7270050048828,22.209999084472656
2020-08-10,190.14999389648438,309.0312194824219,140.0974578857422,22.1299991607666
2020-08-11,179.94000244140625,306.4801330566406,138.43238830566406,24.030000686645508
2020-08-12,179.10000610351562,310.75335693359375,137.1732177734375,22.280000686645508
2020-08-13,183.3300018310547,310.1915283203125,135.7069854736328,22.1299991607666
2020-08-14,182.5399932861328,310.20074462890625,135.17678833007812,22.049999237060547
2020-08-17,186.5,311.1860046386719,135.5164794921875,21.350000381469727
2020-08-18,188.17999267578125,311.8583679199219,136.4856719970703,21.510000228881836
2020-08-19,182.24000549316406,310.5599060058594,135.63238525390625,22.540000915527344
2020-08-20,183.5,311.5267333984375,136.85845947265625,22.719999313354492
2020-08-21,182.02999877929688,312.6319885253906,137.67857360839844,22.540000915527344
2020-08-24,181.0,315.7999572753906,137.45484924316406,22.3700008392334
2020-08-25,181.22000122070312,316.9049987792969,136.40286254882812,22.030000686645508
2020-08-26,183.36000061035156,320.0820617675781,135.88099670410156,23.270000457763672
2020-08-27,181.24000549316406,320.78204345703125,133.56971740722656,24.469999313354492
2020-08-28,184.38999938964844,322.8539733886719,133.47032165527344,22.959999084472656
2020-08-31,184.8300018310547,321.6845397949219,134.3567352294922,26.40999984741211
2020-09-01,185.0500030517578,324.7143249511719,135.8934326171875,26.1200008392334
2020-09-02,182.6199951171875,329.4110412597656,137.1871337890625,26.56999969482422
2020-09-03,181.13999938964844,318.0744934082031,137.57701110839844,33.599998474121094
2020-09-04,181.63999938964844,315.4775390625,134.9645538330078,30.75
2020-09-08,181.2899932861328,306.8578186035156,135.7938690185547,31.459999084472656
2020-09-09,183.0500030517578,312.9173889160156,135.42898559570312,28.809999465942383
2020-09-10,182.4600067138672,307.4840087890625,136.11740112304688,29.709999084472656
2020-09-11,182.4499969482422,307.64056396484375,136.40762329101562,26.8700008392334
2020-09-14,183.88999938964844,311.692626953125,136.39935302734375,25.850000381469727
2020-09-15,183.4499969482422,313.26739501953125,136.0675811767578,25.59000015258789
2020-09-16,183.97000122070312,312.024169921875,135.66127014160156,26.040000915527344
2020-09-17,182.9600067138672,309.27984619140625,136.07591247558594,26.459999084472656
2020-09-18,183.1999969482422,305.7191162109375,135.65301513671875,25.829999923706055
2020-09-21,179.52000427246094,302.31658935546875,136.3412628173828,27.780000686645508
2020-09-22,178.64999389648438,305.3955078125,136.23345947265625,26.860000610351562
2020-09-23,174.7899932861328,298.3131103515625,136.4158935546875,28.579999923706055
2020-09-24,175.44000244140625,299.1082763671875,136.93836975097656,28.510000228881836
2020-09-25,174.94000244140625,303.9439392089844,136.93836975097656,26.3799991607666
2020-09-28,176.6999969482422,308.9922180175781,136.5486297607422,26.190000534057617
2020-09-29,178.19000244140625,307.3094482421875,136.70620727539062,26.270000457763672
2020-09-30,177.1199951171875,309.6395263671875,135.39585876464844,26.3700008392334
2020-10-01,178.6999969482422,311.6274108886719,135.61915588378906,26.700000762939453
2020-10-02,178.5399932861328,308.6686096191406,135.11277770996094,27.6299991607666
2020-10-05,179.41000366210938,314.1422424316406,132.47280883789062,27.959999084472656
2020-10-06,177.3000030517578,309.6764831542969,133.18675231933594,29.479999542236328
2020-10-07,177.22000122070312,315.06695556640625,132.21542358398438,28.059999465942383
2020-10-08,177.85000610351562,317.859130859375,132.9293670654297,26.360000610351562
2020-10-09,181.0800018310547,320.69769287109375,132.90443420410156,25.0
2020-10-12,180.55999755859375,325.8570251464844,133.32786560058594,25.06999969482422
2020-10-13,177.72000122070312,323.73046875,134.28260803222656,26.06999969482422
2020-10-14,178.27000427246094,321.69622802734375,134.58970642089844,26.399999618530273
2020-10-15,178.9199981689453,321.2986755371094,134.35728454589844,26.969999313354492
2020-10-16,178.3000030517578,321.10455322265625,133.98370361328125,27.40999984741211
2020-10-19,178.38999938964844,316.2226867675781,133.47732543945312,29.18000030517578
2020-10-20,179.25,317.4893493652344,132.2070770263672,29.350000381469727
2020-10-21,180.60000610351562,316.8883361816406,131.75048828125,28.649999618530273
2020-10-22,178.8300018310547,318.6265563964844,130.3806610107422,28.110000610351562
2020-10-23,178.63999938964844,319.7083435058594,131.17764282226562,27.549999237060547
2020-10-26,178.5500030517578,313.80010986328125,132.39805603027344,32.459999084472656
2020-10-27,179.02000427246094,312.7183532714844,133.28634643554688,33.349998474121094
2020-10-28,176.1300048828125,302.030029296875,133.4109344482422,40.279998779296875
2020-10-29,175.39999389648438,305.0996398925781,132.11575317382812,37.59000015258789
2020-10-30,176.1999969482422,301.9190368652344,130.81240844726562,38.02000045776367
2020-11-02,177.91000366210938,305.3030700683594,131.7921905517578,37.130001068115234
2020-11-03,178.9199981689453,310.6934814453125,131.02764892578125,35.54999923706055
2020-11-04,178.82000732421875,317.63726806640625,133.86997985839844,29.56999969482422
2020-11-05,182.92999267578125,323.8321228027344,134.10264587402344,27.579999923706055
2020-11-06,183.19000244140625,323.75811767578125,132.48202514648438,24.860000610351562
2020-11-09,175.0800018310547,327.8263244628906,129.69789123535156,25.75
2020-11-10,175.66000366210938,327.3456726074219,128.9499053955078,24.799999237060547
2020-11-11,174.89999389648438,329.7772521972656,129.41539001464844,23.450000762939453
2020-11-12,175.9600067138672,326.578125,131.61773681640625,25.350000381469727
2020-11-13,177.16000366210938,331.0994567871094,131.44314575195312,23.100000381469727
2020-11-16,177.14999389648438,335.2323913574219,131.1273651123047,22.450000762939453
2020-11-17,176.5,333.42938232421875,131.98336791992188,22.709999084472656
2020-11-18,175.49000549316406,329.41668701171875,132.36563110351562,23.84000015258789
2020-11-19,175.16000366210938,330.8036193847656,133.04708862304688,23.110000610351562
2020-11-20,175.69000244140625,328.5383605957031,134.22732543945312,23.700000762939453
2020-11-23,172.22999572753906,330.50775146484375,133.6123504638672,22.65999984741211
2020-11-24,169.58999633789062,335.8334045410156,132.28256225585938,21.639999389648438
2020-11-25,169.50999450683594,335.31561279296875,131.87533569335938,21.25
2020-11-27,167.7899932861328,336.2494812011719,133.15528869628906,20.84000015258789
2020-11-30,166.6699981689453,334.76092529296875,132.9889678955078,20.56999969482422
2020-12-01,170.17999267578125,338.4222106933594,131.02813720703125,20.770000457763672
2020-12-02,171.4600067138672,339.13427734375,129.98818969726562,21.170000076293945
2020-12-03,172.80999755859375,339.0418701171875,131.0364532470703,21.280000686645508
2020-12-04,172.32000732421875,341.9635009765625,129.11474609375,20.790000915527344
2020-12-07,174.88999938964844,341.2608337402344,130.27940368652344,21.299999237060547
2020-12-08,175.5,342.2593994140625,130.89495849609375,20.68000030517578
2020-12-09,172.5,339.189697265625,130.4624786376953,22.270000457763672
2020-12-10,172.1699981689453,339.07879638671875,131.6187744140625,22.520000457763672
2020-12-11,172.49000549316406,338.68115234375,132.08470153808594,23.309999465942383
2020-12-14,171.5399932861328,337.16485595703125,131.7186279296875,24.719999313354492
2020-12-15,173.94000244140625,341.7231140136719,131.27769470214844,22.889999389648438
2020-12-16,174.89999389648438,342.2593994140625,130.92831420898438,22.5
2020-12-17,176.74000549316406,344.17333984375,130.58189392089844,21.93000030517578
2020-12-18,176.44000244140625,342.79901123046875,130.1904754638672,21.56999969482422
2020-12-21,175.8800048828125,341.5733337402344,130.70677185058594,25.15999984741211
2020-12-22,174.49000549316406,340.9977111816406,131.38136291503906,24.229999542236328
2020-12-23,175.64999389648438,341.3041076660156,130.4736328125,23.309999465942383
2020-12-24,176.35000610351562,342.6318664550781,130.98992919921875,21.530000686645508
2020-12-28,175.7100067138672,345.5754089355469,131.0482177734375,21.700000762939453
2020-12-29,176.35000610351562,344.91619873046875,130.88165283203125,23.079999923706055
2020-12-30,177.6999969482422,345.408203125,131.16482543945312,22.770000457763672
2020-12-31,178.36000061035156,347.1632080078125,131.35633850097656,22.75
2021-01-04,182.3300018310547,342.4369201660156,131.19815063476562,26.969999313354492
2021-01-05,182.8699951171875,344.79541015625,130.22372436523438,25.34000015258789
2021-01-06,179.89999389648438,346.85675048828125,127.55047607421875,25.06999969482422
2021-01-07,179.47999572753906,352.0101623535156,126.4262466430664,22.3700008392334
2021-01-08,173.33999633789062,354.015869140625,126.01819610595703,21.559999465942383
2021-01-11,173.0,351.62945556640625,125.80998229980469,24.079999923706055
2021-01-12,174.1199951171875,351.70379638671875,125.71004486083984,23.329999923706055
2021-01-13,173.3699951171875,352.6507873535156,127.12577819824219,22.209999084472656
2021-01-14,173.27999877929688,351.41595458984375,125.93492126464844,23.25
2021-01-15,171.1300048828125,348.8531799316406,126.43457794189453,24.34000015258789
2021-01-19,172.5800018310547,351.59228515625,126.84260559082031,23.239999771118164
2021-01-20,175.38999938964844,356.4579162597656,126.96759033203125,21.579999923706055
2021-01-21,175.27999877929688,356.7829284667969,126.07644653320312,21.31999969482422
2021-01-22,173.89999389648438,355.5200500488281,126.48450469970703,21.90999984741211
2021-01-25,174.0500030517578,356.9222412109375,127.9752197265625,23.190000534057617
2021-01-26,173.6199951171875,356.3651123046875,127.73373413085938,23.020000457763672
2021-01-27,172.52000427246094,347.65533447265625,128.0585174560547,37.209999084472656
2021-01-28,172.67999267578125,350.64532470703125,127.3506851196289,30.209999084472656
2021-01-29,172.61000061035156,343.62548828125,126.58445739746094,33.09000015258789
2021-02-01,174.22999572753906,349.3453063964844,126.73119354248047,30.239999771118164
2021-02-02,172.11000061035156,354.28509521484375,125.91413116455078,25.559999465942383
2021-02-03,171.85000610351562,354.563720703125,124.7968978881836,22.90999984741211
2021-02-04,168.14999389648438,358.5935363769531,124.46334075927734,21.770000457763672
2021-02-05,169.80999755859375,360.00494384765625,123.42120361328125,20.8700008392334
2021-02-08,171.52000427246094,362.6049499511719,123.96314239501953,21.239999771118164
2021-02-09,172.0800018310547,362.3634948730469,124.05482482910156,21.6299991607666
2021-02-10,172.7100067138672,362.20556640625,124.88027954101562,21.989999771118164
2021-02-11,171.2100067138672,362.7906188964844,124.19659423828125,21.25
2021-02-12,170.69000244140625,364.58270263671875,122.65413665771484,19.969999313354492
2021-02-16,168.24000549316406,364.2669372558594,120.78648376464844,21.459999084472656
2021-02-17,166.3300018310547,364.35052490234375,121.5535888671875,21.5
2021-02-18,166.32000732421875,362.7998962402344,121.06165313720703,22.489999771118164
2021-02-19,167.00999450683594,362.1590881347656,119.45248413085938,22.049999237060547
2021-02-22,169.50999450683594,359.37353515625,118.54373168945312,23.450000762939453
2021-02-23,169.1199951171875,359.8099060058594,118.2018814086914,23.110000610351562
2021-02-24,169.0,363.7748107910156,117.42642974853516,21.34000015258789
2021-02-25,165.82000732421875,355.0094299316406,115.50883483886719,28.889999389648438
2021-02-26,161.80999755859375,353.1801452636719,119.32746887207031,27.950000762939453
2021-03-01,161.52999877929688,361.7413330078125,117.75145721435547,23.350000381469727
2021-03-02,162.41000366210938,358.91851806640625,117.75975799560547,24.100000381469727
2021-03-03,160.6199951171875,354.1644592285156,116.48257446289062,26.670000076293945
2021-03-04,159.0399932861328,349.78167724609375,115.73128509521484,28.56999969482422
2021-03-05,159.13999938964844,356.216552734375,115.95668029785156,24.65999984741211
2021-03-08,157.49000549316406,354.4429016113281,115.05511474609375,25.469999313354492
2021-03-09,160.83999633789062,359.5035705566406,116.6495132446289,24.030000686645508
2021-03-10,161.66000366210938,361.7413330078125,116.88326263427734,22.559999465942383
2021-03-11,161.52000427246094,365.4090881347656,116.04014587402344,21.90999984741211
2021-03-12,161.49000549316406,365.9010925292969,113.57760620117188,20.690000534057617
2021-03-15,162.1999969482422,368.0832824707031,114.24544525146484,20.030000686645508
2021-03-16,162.35000610351562,367.6189880371094,113.78626251220703,19.790000915527344
2021-03-17,163.50999450683594,368.87261962890625,112.9348373413086,19.229999542236328
2021-03-18,162.55999755859375,363.5055236816406,111.79120635986328,21.579999923706055
2021-03-19,163.24000549316406,362.8329162597656,112.48406982421875,20.950000762939453
2021-03-22,163.0,365.73016357421875,113.74457550048828,18.8799991607666
2021-03-23,161.80999755859375,362.8515625,114.77127838134766,20.299999237060547
2021-03-24,162.3699951171875,361.00701904296875,115.38900756835938,21.200000762939453
2021-03-25,161.77999877929688,363.0378723144531,114.4791259765625,19.809999465942383
2021-03-26,162.24000549316406,368.8882141113281,114.07846069335938,18.860000610351562
2021-03-29,160.30999755859375,368.7018737792969,113.11012268066406,20.739999771118164
2021-03-30,157.57000732421875,367.7237854003906,113.70285034179688,19.610000610351562
2021-03-31,159.9600067138672,369.21435546875,113.0683822631836,19.399999618530273
2021-04-01,161.97999572753906,373.2014465332031,114.94500732421875,17.329999923706055
2021-04-05,161.9199981689453,378.5580749511719,114.44349670410156,17.90999984741211
2021-04-06,163.22000122070312,378.3344421386719,115.22084045410156,18.1200008392334
2021-04-07,162.75999450683594,378.77227783203125,114.41836547851562,17.15999984741211
2021-04-08,164.50999450683594,380.5703125,115.36294555664062,16.950000762939453
2021-04-09,163.27000427246094,383.33709716796875,114.94500732421875,16.690000534057617
2021-04-12,162.27999877929688,383.47686767578125,114.89482116699219,16.90999984741211
2021-04-13,163.42999267578125,384.6133728027344,115.75582885742188,16.649999618530273
2021-04-14,162.72000122070312,383.2998352050781,115.38806915283203,16.989999771118164
2021-04-15,165.35000610351562,387.4174499511719,117.3189468383789,16.56999969482422
2021-04-16,166.35000610351562,388.71234130859375,116.40779876708984,16.25
2021-04-19,165.88999938964844,386.80255126953125,116.0734634399414,17.290000915527344
2021-04-20,166.47999572753906,383.9705810546875,116.60848236083984,18.68000030517578
2021-04-21,168.1300048828125,387.603759765625,116.8425064086914,17.5
2021-04-22,167.0399932861328,384.063720703125,117.35236358642578,18.709999084472656
2021-04-23,166.39999389648438,388.2278747558594,117.07652282714844,17.329999923706055
2021-04-26,166.83999633789062,389.038330078125,116.90933227539062,17.639999389648438
2021-04-27,166.4199981689453,388.95452880859375,115.88957214355469,17.559999465942383
2021-04-28,166.91000366210938,388.8428039550781,115.96479034423828,17.280000686645508
2021-04-29,166.22000122070312,391.32073974609375,115.62203216552734,17.610000610351562
2021-04-30,165.66000366210938,388.74957275390625,115.88957214355469,18.610000610351562
2021-05-03,167.80999755859375,389.58807373046875,115.95904541015625,18.309999465942383
2021-05-04,166.5800018310547,387.18450927734375,116.74600982666016,19.479999542236328
2021-05-05,167.27000427246094,387.30560302734375,116.93852233886719,19.149999618530273
2021-05-06,170.05999755859375,390.3985290527344,117.13105010986328,18.389999389648438
2021-05-07,171.58999633789062,393.2398376464844,116.55341339111328,16.690000534057617
2021-05-10,172.11000061035156,389.3457946777344,115.373046875,19.65999984741211
2021-05-11,172.13999938964844,385.8709716796875,114.72015380859375,21.84000015258789
2021-05-12,170.42999267578125,377.673095703125,113.51461791992188,27.59000015258789
2021-05-13,171.1300048828125,382.2098388671875,113.69042205810547,23.1299991607666
2021-05-14,172.69000244140625,388.07879638671875,114.75357055664062,18.809999465942383
2021-05-17,174.6999969482422,387.0913391113281,114.51081085205078,19.719999313354492
2021-05-18,175.0399932861328,383.75628662109375,114.21781158447266,21.34000015258789
2021-05-19,175.16000366210938,382.75018310546875,113.9415512084961,22.18000030517578
2021-05-20,175.9600067138672,386.8677673339844,114.87914276123047,20.670000076293945
2021-05-21,176.0399932861328,386.5511169433594,115.24752044677734,20.149999618530273
2021-05-24,176.35000610351562,390.4916687011719,115.6744384765625,18.399999618530273
2021-05-25,177.9499969482422,389.625244140625,116.74600982666016,18.84000015258789
2021-05-26,177.63999938964844,390.3985290527344,116.5450668334961,17.360000610351562
2021-05-27,177.7100067138672,390.6033935546875,116.07625579833984,16.739999771118164
2021-05-28,178.3800048828125,391.3021545410156,115.89200592041016,16.760000228881836
2021-06-01,177.89999389648438,390.95745849609375,115.86610412597656,17.899999618530273
2021-06-02,178.77000427246094,391.57232666015625,116.13438415527344,17.479999542236328
2021-06-03,175.27000427246094,390.11895751953125,115.69842529296875,18.040000915527344
2021-06-04,177.16000366210938,393.6870422363281,117.28284454345703,16.420000076293945
2021-06-07,177.8699951171875,393.3050842285156,116.92236328125,16.420000076293945
2021-06-08,177.32000732421875,393.3887939453125,117.74392700195312,17.06999969482422
2021-06-09,176.97999572753906,392.8019714355469,118.78346252441406,17.889999389648438
2021-06-10,177.74000549316406,394.6278381347656,119.49610137939453,16.100000381469727
2021-06-11,175.74000549316406,395.27996826171875,119.30328369140625,15.649999618530273
2021-06-14,174.7100067138672,396.1650085449219,118.38944244384766,16.389999389648438
2021-06-15,174.0500030517578,395.4383850097656,118.2469482421875,17.020000457763672
2021-06-16,171.11000061035156,393.2304992675781,118.1463394165039,18.149999618530273
2021-06-17,165.85000610351562,393.10009765625,119.91519927978516,17.75
2021-06-18,164.92999267578125,387.7970275878906,122.17041015625,20.700000762939453
2021-06-21,166.9499969482422,393.3487243652344,120.1248550415039,17.889999389648438
2021-06-22,166.25,395.4515380859375,120.41824340820312,16.65999984741211
2021-06-23,166.13999938964844,394.9749755859375,120.10807800292969,16.31999969482422
2021-06-24,166.0399932861328,397.3115539550781,120.30087280273438,15.970000267028809
2021-06-25,166.58999633789062,398.7227478027344,119.05172729492188,15.619999885559082
2021-06-28,166.5800018310547,399.52655029296875,120.27572631835938,15.760000228881836
2021-06-29,164.8300018310547,399.7416076660156,120.47696685791016,16.020000457763672
2021-06-30,165.6300048828125,400.0780029296875,121.0134506225586,15.829999923706055
2021-07-01,166.1999969482422,402.2931213378906,121.02019500732422,15.479999542236328
2021-07-02,167.2899932861328,405.36810302734375,121.75042724609375,15.069999694824219
2021-07-06,168.1199951171875,404.62969970703125,123.17748260498047,16.440000534057617
2021-07-07,168.75999450683594,406.0596618652344,124.26872253417969,16.200000762939453
2021-07-08,168.64999389648438,402.7510986328125,124.75566864013672,19.0
2021-07-09,169.2100067138672,407.0503234863281,123.0012435913086,16.18000030517578
2021-07-12,169.0,408.5083923339844,122.84173583984375,16.170000076293945
2021-07-13,169.22000122070312,407.1157531738281,121.90158081054688,17.1200008392334
2021-07-14,171.0399932861328,407.7232971191406,123.2865982055664,16.329999923706055
2021-07-15,171.07000732421875,406.3306884765625,124.64653778076172,17.010000228881836
2021-07-16,169.41000366210938,403.1435241699219,124.41146087646484,18.450000762939453
2021-07-19,169.61000061035156,397.1900939941406,127.13959503173828,22.5
2021-07-20,169.38999938964844,402.88189697265625,125.91402435302734,19.729999542236328
2021-07-21,168.75999450683594,406.1437072753906,124.31910705566406,17.90999984741211
2021-07-22,169.08999633789062,406.9942626953125,125.49432373046875,17.690000534057617
2021-07-23,168.55999755859375,411.1815185546875,124.65489959716797,17.200000762939453
2021-07-26,168.16000366210938,412.1907958984375,124.28553009033203,17.579999923706055
2021-07-27,168.44000244140625,410.3121643066406,125.61188507080078,19.360000610351562
2021-07-28,169.2899932861328,410.1440124511719,125.6202392578125,18.309999465942383
2021-07-29,171.1699981689453,411.84503173828125,124.9234848022461,17.700000762939453
2021-07-30,169.82000732421875,409.8448791503906,125.51107025146484,18.239999771118164
2021-08-02,169.61000061035156,408.9850769042969,126.63058471679688,19.459999084472656
2021-08-03,169.49000549316406,412.31231689453125,126.69780731201172,18.040000915527344
2021-08-04,169.52999877929688,410.2841491699219,126.95834350585938,17.969999313354492
2021-08-05,168.86000061035156,412.8824462890625,126.31116485595703,17.280000686645508
2021-08-06,164.63999938964844,413.5647277832031,124.20166778564453,16.149999618530273
2021-08-09,161.72000122070312,413.22833251953125,123.7562484741211,16.719999313354492
2021-08-10,161.77000427246094,413.7423400878906,123.18474578857422,16.790000915527344
2021-08-11,164.0,414.7704772949219,123.10905456542969,16.170000076293945
2021-08-12,164.0399932861328,416.01348876953125,122.90740203857422,15.59000015258789
2021-08-13,166.38999938964844,416.77056884765625,124.84883880615234,15.449999809265137
2021-08-16,167.22000122070312,417.75189208984375,125.15142059326172,16.1200008392334
2021-08-17,166.97000122070312,415.01336669921875,125.10101318359375,17.90999984741211
2021-08-18,167.10000610351562,410.4711608886719,125.52124786376953,21.56999969482422
2021-08-19,166.61000061035156,411.106689453125,126.44570922851562,21.670000076293945
2021-08-20,166.6999969482422,414.3779296875,126.52969360351562,18.559999465942383
2021-08-23,168.72999572753906,418.02288818359375,126.44570922851562,17.149999618530273
2021-08-24,168.64999389648438,418.68658447265625,125.46234893798828,17.219999313354492
2021-08-25,167.47999572753906,419.5650939941406,124.42017364501953,16.790000915527344
2021-08-26,167.6699981689453,417.0883483886719,124.76477813720703,18.84000015258789
2021-08-27,170.19000244140625,420.8174743652344,125.6136474609375,16.389999389648438
2021-08-30,169.35000610351562,422.66802978515625,125.94147491455078,16.190000534057617
2021-08-31,169.69000244140625,422.0418395996094,125.0842056274414,16.479999542236328
2021-09-01,169.6999969482422,422.2661437988281,125.29373168945312,16.110000610351562
2021-09-02,169.25,423.5653991699219,125.84069061279297,16.40999984741211
2021-09-03,171.05999755859375,423.46246337890625,124.69618225097656,16.40999984741211
2021-09-07,167.7100067138672,421.9483337402344,123.64432525634766,18.139999389648438
2021-09-08,167.2899932861328,421.4343566894531,124.48580932617188,17.959999084472656
2021-09-09,168.02999877929688,419.6304931640625,125.99217224121094,18.799999237060547
2021-09-10,167.17999267578125,416.3219909667969,124.8813247680664,20.950000762939453
2021-09-13,167.74000549316406,417.3874206542969,125.6386947631836,19.3700008392334
2021-09-14,168.82000732421875,415.1349182128906,127.161865234375,19.459999084472656
2021-09-15,167.8300018310547,418.60247802734375,126.71577453613281,18.18000030517578
2021-09-16,164.02999877929688,417.9388732910156,126.13518524169922,18.690000534057617
2021-09-17,163.77000427246094,413.86761474609375,125.52934265136719,20.809999465942383
2021-09-20,164.94000244140625,406.9668273925781,127.08615112304688,25.709999084472656
2021-09-21,166.0399932861328,406.58233642578125,126.9766845703125,24.360000610351562
2021-09-22,165.4199981689453,410.5484924316406,127.73411560058594,20.8700008392334
2021-09-23,163.50999450683594,415.5366516113281,124.84770202636719,18.6299991607666
2021-09-24,163.3000030517578,416.22113037109375,123.62749481201172,17.75
2021-09-27,163.63999938964844,415.0303039550781,123.17308807373047,18.760000228881836
2021-09-28,162.0500030517578,406.666748046875,121.25439453125,23.25
2021-09-29,161.32000732421875,407.3512268066406,121.46479797363281,22.559999465942383
2021-09-30,164.22000122070312,402.3724670410156,121.4479751586914,23.139999389648438
2021-10-01,164.58999633789062,407.1543273925781,122.47003936767578,21.100000381469727
2021-10-04,165.36000061035156,401.9035949707031,122.15825653076172,22.959999084472656
2021-10-05,164.58999633789062,406.08538818359375,120.97865295410156,21.299999237060547
2021-10-06,165.02999877929688,407.7731018066406,121.66114807128906,21.0
2021-10-07,164.16000366210938,411.298583984375,120.38886260986328,19.540000915527344
2021-10-08,164.22999572753906,410.5484924316406,119.5462646484375,18.770000457763672
2021-10-11,163.9199981689453,407.5761413574219,119.242919921875,20.0
2021-10-12,164.66000366210938,406.5729064941406,121.28195190429688,19.850000381469727
2021-10-13,167.58999633789062,408.03564453125,122.46155548095703,18.639999389648438
2021-10-14,168.0,414.8990478515625,122.91656494140625,16.860000610351562
2021-10-15,165.3300018310547,418.05889892578125,122.20038604736328,16.299999237060547
2021-10-18,164.9199981689453,419.2965087890625,122.77335357666016,16.309999465942383
2021-10-19,165.4499969482422,422.53131103515625,121.07978057861328,15.699999809265137
2021-10-20,166.89999389648438,424.19091796875,120.26245880126953,15.489999771118164
2021-10-21,166.75,425.2973327636719,120.11923217773438,15.010000228881836
2021-10-22,167.77000427246094,424.85662841796875,121.4420166015625,15.430000305175781
2021-10-25,168.92999267578125,427.1349792480469,121.25669860839844,15.239999771118164
2021-10-26,167.67999267578125,427.5195007324219,122.25934600830078,15.979999542236328
2021-10-27,168.1199951171875,425.6255187988281,124.48384094238281,16.979999542236328
2021-10-28,168.0800018310547,429.7322692871094,124.06253814697266,16.530000686645508
2021-10-29,166.64999389648438,430.6042785644531,124.44173431396484,16.260000228881836
2021-11-01,167.52000427246094,431.3450012207031,123.54570007324219,16.40999984741211
2021-11-02,167.16000366210938,433.08905029296875,124.09410095214844,16.030000686645508
2021-11-03,165.77000427246094,435.7330322265625,122.81170654296875,15.100000381469727
2021-11-04,167.64999389648438,437.78643798828125,124.10254669189453,15.4399995803833
2021-11-05,169.83999633789062,439.305419921875,125.95854187011719,16.479999542236328
2021-11-08,170.4499969482422,439.6805114746094,125.72235870361328,17.219999313354492
2021-11-09,171.2899932861328,438.2271728515625,127.35912322998047,17.780000686645508
2021-11-10,173.14999389648438,434.7016906738281,125.03053283691406,18.729999542236328
2021-11-11,174.1199951171875,434.84228515625,124.8449478149414,17.65999984741211
2021-11-12,174.4499969482422,438.1240539550781,124.2965087890625,16.290000915527344
2021-11-15,174.17999267578125,438.2740173339844,122.73574829101562,16.489999771118164
2021-11-16,172.9199981689453,440.0086364746094,122.42362976074219,16.3700008392334
2021-11-17,174.5,438.9397277832031,123.39385986328125,17.110000610351562
2021-11-18,173.94000244140625,440.4305419921875,123.85784149169922,17.59000015258789
2021-11-19,172.61000061035156,439.6429748535156,125.16555786132812,17.90999984741211
2021-11-22,168.74000549316406,438.4052734375,123.69751739501953,19.170000076293945
2021-11-23,167.27999877929688,438.9866638183594,121.9089584350586,19.3799991607666
2021-11-24,167.1199951171875,440.15863037109375,123.8663101196289,18.579999923706055
2021-11-26,166.85000610351562,430.3417053222656,126.99624633789062,28.6200008392334
2021-11-29,166.6199951171875,435.62060546875,125.97549438476562,22.959999084472656
2021-11-30,165.5,427.14447021484375,127.89056396484375,27.190000534057617
2021-12-01,166.16000366210938,422.4000549316406,128.6794891357422,31.1200008392334
2021-12-02,165.24000549316406,428.8695983886719,128.83995056152344,27.950000762939453
2021-12-03,166.6300048828125,425.1379699707031,130.37730407714844,30.670000076293945
2021-12-06,166.22000122070312,430.1729736328125,128.58656311035156,27.18000030517578
2021-12-07,166.80999755859375,439.0709228515625,127.54759979248047,21.889999389648438
2021-12-08,166.89999389648438,440.233642578125,125.3429946899414,19.899999618530273
2021-12-09,165.8800048828125,437.2613830566406,126.04405212402344,21.579999923706055
2021-12-10,166.5800018310547,441.3776550292969,125.73999786376953,18.690000534057617
2021-12-13,167.0,437.46771240234375,127.59830474853516,20.309999465942383
2021-12-14,165.44000244140625,434.4578552246094,127.29420471191406,21.889999389648438
2021-12-15,166.14999389648438,441.246337890625,126.06938171386719,19.290000915527344
2021-12-16,168.16000366210938,437.3551940917969,126.118408203125,20.56999969482422
2021-12-17,167.8000030517578,432.700439453125,127.54756927490234,21.56999969482422
2021-12-20,167.08999633789062,428.0993347167969,126.59203338623047,22.8700008392334
2021-12-21,167.02000427246094,435.7020263671875,126.11005401611328,21.010000228881836
2021-12-22,168.58999633789062,440.0584411621094,126.69349670410156,18.6299991607666
2021-12-23,168.97000122070312,442.7965087890625,125.59418487548828,17.959999084472656
2021-12-27,169.3699951171875,449.0630798339844,125.89861297607422,17.68000030517578
2021-12-28,168.63999938964844,448.69610595703125,125.39965057373047,17.540000915527344
2021-12-29,168.58999633789062,449.27001953125,124.02970123291016,16.950000762939453
2021-12-30,169.8000030517578,448.028076171875,125.06990814208984,17.329999923706055
2021-12-31,170.9600067138672,446.8988952636719,125.31514739990234,17.219999313354492
2022-01-03,168.3300018310547,449.4864196777344,122.0256118774414,16.600000381469727
2022-01-04,169.57000732421875,449.3359069824219,121.51819610595703,16.90999984741211
2022-01-05,169.05999755859375,440.70770263671875,120.85860443115234,19.729999542236328
2022-01-06,166.99000549316406,440.2936706542969,121.17147827148438,19.610000610351562
2022-01-07,167.75,438.5530090332031,120.30046844482422,18.760000228881836
2022-01-10,168.25999450683594,438.0072937011719,120.59644317626953,19.399999618530273
2022-01-11,170.2899932861328,441.9967346191406,121.39978790283203,18.40999984741211
2022-01-12,170.74000549316406,443.191650390625,120.9346694946289,17.6200008392334
2022-01-13,170.16000366210938,437.0851745605469,122.00869750976562,20.309999465942383
2022-01-14,169.6699981689453,437.26397705078125,120.16520690917969,19.190000534057617
2022-01-18,169.38999938964844,429.5201110839844,118.47386169433594,22.790000915527344
2022-01-19,172.0800018310547,425.0602111816406,119.29411315917969,23.850000381469727
2022-01-20,171.64999389648438,420.3556213378906,120.02983856201172,25.59000015258789
2022-01-21,171.08999633789062,412.1037902832031,121.45903015136719,28.850000381469727
2022-01-24,172.02999877929688,413.8537902832031,120.46113586425781,29.899999618530273
2022-01-25,172.5800018310547,408.8011169433594,120.26667022705078,31.15999984741211
2022-01-26,169.7899932861328,407.7755126953125,118.8121337890625,31.959999084472656
2022-01-27,167.60000610351562,405.761962890625,120.99394989013672,30.489999771118164
2022-01-28,167.10000610351562,415.83917236328125,121.03619384765625,27.65999984741211
2022-01-31,168.08999633789062,423.3288879394531,120.41040802001953,24.829999923706055
2022-02-01,168.22999572753906,426.1893005371094,120.01073455810547,21.959999084472656
2022-02-02,168.83999633789062,430.32940673828125,120.41722869873047,22.09000015258789
2022-02-03,168.60000610351562,420.2144470214844,119.47721099853516,24.350000381469727
2022-02-04,168.86000061035156,422.1904296875,117.7158203125,23.219999313354492
2022-02-07,170.11000061035156,420.83544921875,117.79207611083984,22.860000610351562
2022-02-08,170.6300048828125,424.298095703125,117.00448608398438,21.440000534057617
2022-02-09,171.2100067138672,430.50811767578125,117.22467803955078,19.959999084472656
2022-02-10,170.55999755859375,422.7738037109375,115.36167907714844,23.90999984741211
2022-02-11,173.80999755859375,414.4371643066406,117.072265625,27.360000610351562
2022-02-14,174.74000549316406,413.0823059082031,115.61575317382812,28.329999923706055
2022-02-15,173.0800018310547,419.7440490722656,114.3031997680664,25.700000762939453
2022-02-16,174.86000061035156,420.2144470214844,114.98065948486328,24.290000915527344
2022-02-17,177.25,411.2381591796875,115.8359146118164,28.110000610351562
2022-02-18,177.1199951171875,408.57537841796875,117.05525970458984,27.75
2022-02-22,177.49000549316406,404.1906433105469,117.36012268066406,28.809999465942383
2022-02-23,178.2899932861328,397.0207824707031,115.74276733398438,31.020000457763672
2022-02-24,177.13999938964844,402.9956970214844,115.8189926147461,30.31999969482422
2022-02-25,176.5500030517578,411.8873291015625,115.90367126464844,27.59000015258789
2022-02-28,178.3800048828125,410.8335266113281,118.44410705566406,30.149999618530273
2022-03-01,181.6199951171875,404.5763854980469,119.81352233886719,33.31999969482422
2022-03-02,179.72999572753906,412.0190124511719,115.71797943115234,30.739999771118164
2022-03-03,180.8000030517578,409.9679260253906,116.89659881591797,30.479999542236328
2022-03-04,183.67999267578125,406.6370849609375,118.91468811035156,31.979999542236328
2022-03-07,186.41000366210938,394.6496887207031,118.00736236572266,36.45000076293945
2022-03-08,191.50999450683594,391.6575012207031,116.82028198242188,35.130001068115234
2022-03-09,185.82000732421875,402.15826416015625,115.67561340332031,32.45000076293945
2022-03-10,186.39999389648438,400.34222412109375,114.01362609863281,30.229999542236328
2022-03-11,185.08999633789062,395.25189208984375,114.39518737792969,30.75
2022-03-14,182.3000030517578,392.36334228515625,111.72419738769531,31.770000457763672
2022-03-15,178.88999938964844,400.991455078125,111.52916717529297,29.829999923706055
2022-03-16,180.00999450683594,409.8831787109375,112.62300872802734,26.670000076293945
2022-03-17,180.88999938964844,415.0111999511719,111.78356170654297,25.670000076293945
2022-03-18,179.3000030517578,419.5567321777344,113.14874267578125,23.8700008392334
2022-03-21,180.6699981689453,419.43402099609375,110.52860260009766,23.530000686645508
2022-03-22,179.36000061035156,424.3420104980469,109.112548828125,22.940000534057617
2022-03-23,181.80999755859375,418.87713623046875,111.50374603271484,23.56999969482422
2022-03-24,183.1300048828125,425.19140625,110.63035583496094,21.670000076293945
2022-03-25,182.3800048828125,427.2679138183594,109.0955810546875,20.809999465942383
2022-03-28,179.05999755859375,430.30706787109375,110.0283203125,19.6299991607666
2022-03-29,179.13999938964844,435.6303405761719,110.85930633544922,18.899999618530273
2022-03-30,180.5800018310547,432.9403991699219,111.72419738769531,19.329999923706055
2022-03-31,180.64999389648438,426.2768859863281,111.99555969238281,20.559999465942383
2022-04-01,179.5,427.4849853515625,112.42186737060547,19.6299991607666
2022-04-04,180.3699951171875,431.14715576171875,111.64053344726562,18.56999969482422
2022-04-05,179.24000549316406,425.70111083984375,109.11831665039062,21.030000686645508
2022-04-06,179.66000366210938,421.4444274902344,108.23513793945312,22.100000381469727
2022-04-07,180.33999633789062,423.56805419921875,107.41984558105469,21.549999237060547
2022-04-08,181.47000122070312,422.4354553222656,106.2563705444336,21.15999984741211
2022-04-11,182.3699951171875,415.21502685546875,104.57490539550781,24.3700008392334
2022-04-12,183.77000427246094,413.6766052246094,104.43054962158203,24.260000228881836
2022-04-13,184.64999389648438,418.4147033691406,104.64283752441406,21.81999969482422
2022-04-14,184.0399932861328,413.2047119140625,102.54523468017578,22.700000762939453
2022-04-18,184.61000061035156,413.3745422363281,102.03570556640625,22.170000076293945
2022-04-19,181.82000732421875,420.0475158691406,101.27136993408203,21.3700008392334
2022-04-20,182.7100067138672,419.73602294921875,103.3095474243164,20.31999969482422
2022-04-21,182.05999755859375,413.4595031738281,102.54523468017578,22.68000030517578
2022-04-22,180.2899932861328,402.114501953125,101.89982604980469,28.209999084472656
2022-04-25,177.0500030517578,404.44586181640625,102.91891479492188,27.020000457763672
2022-04-26,177.32000732421875,392.7326965332031,103.95496368408203,33.52000045776367
2022-04-27,175.97999572753906,393.8370361328125,102.6216812133789,31.600000381469727
2022-04-28,176.92999267578125,403.78509521484375,102.77454376220703,29.989999771118164
2022-04-29,176.91000366210938,388.8629455566406,101.44121551513672,33.400001525878906
2022-05-02,173.6300048828125,391.20367431640625,99.68287658691406,32.34000015258789
2022-05-03,174.08999633789062,392.99700927734375,100.35489654541016,29.25
2022-05-04,175.8000030517578,404.96490478515625,100.90785217285156,25.420000076293945
2022-05-05,175.1300048828125,390.5712890625,98.14312744140625,31.200000762939453
2022-05-06,175.4199981689453,388.2400207519531,96.69698333740234,30.190000534057617
2022-05-09,172.8800048828125,375.80963134765625,97.54766845703125,34.75
2022-05-10,171.4199981689453,376.67803955078125,98.43238830566406,32.9900016784668
2022-05-11,172.82000732421875,370.69403076171875,100.32939147949219,32.560001373291016
2022-05-12,170.1699981689453,370.3070373535156,100.14225006103516,31.770000457763672
2022-05-13,168.7899932861328,379.1603088378906,98.66204833984375,28.8700008392334
2022-05-16,170.39999389648438,377.6217956542969,98.55998992919922,27.469999313354492
2022-05-17,169.3300018310547,385.3896179199219,97.36897277832031,26.100000381469727
2022-05-18,169.4199981689453,369.8540344238281,99.4446792602539,30.959999084472656
2022-05-19,171.91000366210938,367.5887756347656,99.68287658691406,29.350000381469727
2022-05-20,172.02999877929688,367.74920654296875,100.81429290771484,29.43000030517578
2022-05-23,172.8300018310547,374.6298522949219,99.15547943115234,28.479999542236328
2022-05-24,174.1300048828125,371.77001953125,101.11202239990234,29.450000762939453
2022-05-25,173.0800018310547,375.0545654296875,101.51182556152344,28.3700008392334
2022-05-26,172.75999450683594,382.5486145019531,101.052490234375,27.5
2022-05-27,172.85000610351562,391.9398498535156,101.2991714477539,25.719999313354492
2022-05-31,171.13999938964844,389.7406921386719,99.15547943115234,26.190000534057617
2022-06-01,172.22999572753906,386.5882873535156,99.0421142578125,25.690000534057617
2022-06-02,174.35000610351562,393.9502868652344,99.09323120117188,24.719999313354492
2022-06-03,172.5800018310547,387.4849548339844,98.88019561767578,24.790000915527344
2022-06-06,171.82000732421875,388.6647644042969,97.0564956665039,25.06999969482422
2022-06-07,172.94000244140625,392.3929748535156,98.10467529296875,24.020000457763672
2022-06-08,172.77999877929688,388.12677001953125,97.23545837402344,23.959999084472656
2022-06-09,172.22999572753906,378.89599609375,97.55926513671875,26.09000015258789
2022-06-10,174.5399932861328,367.90966796875,96.95423126220703,27.75
2022-06-13,169.92999267578125,353.9408264160156,93.91191101074219,34.02000045776367
2022-06-14,168.57000732421875,352.87420654296875,92.72734832763672,32.689998626708984
2022-06-15,170.77000427246094,357.90496826171875,94.45728302001953,29.6200008392334
2022-06-16,172.69000244140625,346.0596923828125,95.20724487304688,32.95000076293945
2022-06-17,171.27000427246094,346.8056945800781,95.51403045654297,31.1299991607666
2022-06-21,170.6300048828125,355.5361022949219,93.8948745727539,30.190000534057617
2022-06-22,171.30999755859375,354.8915100097656,96.47698974609375,28.950000762939453
2022-06-23,170.25999450683594,358.370361328125,97.2695541381836,29.049999237060547
2022-06-24,170.08999633789062,369.76434326171875,95.92308044433594,27.229999542236328
2022-06-27,169.89999389648438,368.3518981933594,95.1049575805664,26.950000762939453
2022-06-28,169.6199951171875,360.8254699707031,95.54810333251953,28.360000610351562
2022-06-29,169.49000549316406,360.53155517578125,97.03943634033203,28.15999984741211
2022-06-30,168.4600067138672,357.6025695800781,97.89166259765625,28.709999084472656
2022-07-01,168.32000732421875,361.3847351074219,98.89668273925781,26.700000762939453
2022-07-05,164.75,362.0672912597656,99.67369079589844,27.540000915527344
2022-07-06,162.13999938964844,363.2900390625,98.00007629394531,26.729999542236328
2022-07-07,162.22999572753906,368.7311096191406,97.13768768310547,26.079999923706055
2022-07-08,162.3000030517578,368.42779541015625,96.06177520751953,24.639999389648438
2022-07-11,161.42999267578125,364.2191162109375,97.71829986572266,26.170000076293945
2022-07-12,160.8300018310547,360.9961242675781,98.29895782470703,27.290000915527344
2022-07-13,161.60000610351562,359.1002197265625,99.42608642578125,26.81999969482422
2022-07-14,159.3300018310547,358.2281188964844,98.61489868164062,26.399999618530273
2022-07-15,159.00999450683594,365.07220458984375,99.16990661621094,24.229999542236328
2022-07-18,159.16000366210938,362.057861328125,98.1366958618164,25.299999237060547
2022-07-19,159.5399932861328,371.84027099609375,97.60728454589844,24.5
2022-07-20,158.0399932861328,374.2100830078125,97.86346435546875,23.8799991607666
2022-07-21,160.27000427246094,378.0206604003906,99.55414581298828,23.110000610351562
2022-07-22,160.6699981689453,374.513427734375,101.2277603149414,23.030000686645508
2022-07-25,160.22999572753906,374.9684143066406,100.23727416992188,23.360000610351562
2022-07-26,160.0399932861328,370.5322265625,100.31410217285156,24.690000534057617
2022-07-27,161.6699981689453,380.1535949707031,99.75053405761719,23.239999771118164
2022-07-28,163.63999938964844,384.921630859375,100.54467010498047,22.329999923706055
2022-07-29,164.10000610351562,390.53326416015625,100.27141571044922,21.329999923706055
2022-08-01,165.02999877929688,389.3768005371094,102.6863021850586,22.84000015258789
2022-08-02,164.0500030517578,386.8079528808594,100.51350402832031,23.93000030517578
2022-08-03,164.4499969482422,392.8651123046875,102.09606170654297,21.950000762939453
2022-08-04,167.1699981689453,392.5997314453125,102.0618667602539,21.440000534057617
2022-08-05,165.2899932861328,391.9361877441406,99.63240814208984,21.149999618530273
2022-08-08,166.69000244140625,391.4811706542969,101.24063110351562,21.290000915527344
2022-08-09,167.1999969482422,389.9266357421875,100.84712982177734,21.770000457763672
2022-08-10,166.77999877929688,398.1166687011719,100.18842315673828,19.739999771118164
2022-08-11,166.33999633789062,398.1166687011719,97.85307312011719,20.200000762939453
2022-08-12,167.8699951171875,404.8563537597656,98.84542083740234,19.530000686645508
2022-08-15,165.7100067138672,406.524658203125,98.75985717773438,19.950000762939453
2022-08-16,165.4199981689453,407.3209228515625,99.17044830322266,19.690000534057617
2022-08-17,164.35000610351562,404.4297790527344,98.13540649414062,19.899999618530273
2022-08-18,163.9199981689453,405.60516357421875,98.28081512451172,19.559999465942383
2022-08-19,162.72000122070312,400.1546936035156,96.69824981689453,20.600000381469727
2022-08-22,161.63999938964844,391.8223876953125,96.37322235107422,23.799999237060547
2022-08-23,162.77000427246094,390.8745422363281,95.84281158447266,24.110000610351562
2022-08-24,163.25,392.125732421875,95.14138793945312,22.81999969482422
2022-08-25,163.75,397.6615905761719,96.46730041503906,21.780000686645508
2022-08-26,161.75999450683594,384.20111083984375,97.19439697265625,25.559999465942383
2022-08-29,161.86000061035156,381.6607666015625,96.39031219482422,26.209999084472656
2022-08-30,160.50999450683594,377.4709777832031,96.62982177734375,26.209999084472656
2022-08-31,159.27000427246094,374.5987854003906,95.70596313476562,25.8700008392334
2022-09-01,157.8699951171875,375.7741394042969,93.95376586914062,25.559999465942383
2022-09-02,159.25999450683594,371.8117980957031,94.48523712158203,25.469999313354492
2022-09-06,158.3300018310547,370.4089660644531,92.14496612548828,26.90999984741211
2022-09-07,159.94000244140625,377.0633850097656,93.60226440429688,24.639999389648438
2022-09-08,158.97999572753906,379.5279541015625,92.64217376708984,23.610000610351562
2022-09-09,159.82000732421875,385.42401123046875,92.847900390625,22.790000915527344
2022-09-12,160.6300048828125,389.56634521484375,92.0849838256836,23.8700008392334
2022-09-13,158.5399932861328,372.6270446777344,92.29928588867188,27.270000457763672
2022-09-14,157.92999267578125,374.0489807128906,92.61646270751953,26.15999984741211
2022-09-15,154.97999572753906,369.80230712890625,92.55645751953125,26.270000457763672
2022-09-16,155.83999633789062,366.9811096191406,91.78492736816406,26.299999237060547
2022-09-19,155.9600067138672,369.8269958496094,91.999267578125,25.760000228881836
2022-09-20,155.07000732421875,365.5819091796875,91.08198547363281,27.15999984741211
2022-09-21,155.7899932861328,359.2047424316406,92.60786437988281,27.989999771118164
2022-09-22,155.6999969482422,356.1875305175781,90.24187469482422,27.350000381469727
2022-09-23,153.00999450683594,350.21966552734375,90.61048889160156,29.920000076293945
2022-09-26,151.22999572753906,346.7550964355469,88.87885284423828,32.2599983215332
2022-09-27,151.5399932861328,345.86993408203125,86.53860473632812,32.599998474121094
2022-09-28,154.69000244140625,352.67535400390625,89.43610382080078,30.18000030517578
2022-09-29,154.66000366210938,345.30828857421875,88.97318267822266,31.84000015258789
2022-09-30,154.6699981689453,339.9686584472656,87.8244857788086,31.6200008392334
2022-10-03,158.42999267578125,348.9442443847656,89.21994018554688,30.100000381469727
2022-10-04,160.6999969482422,359.7568054199219,88.97076416015625,29.06999969482422
2022-10-05,159.80999755859375,358.9192199707031,88.12007141113281,28.549999237060547
2022-10-06,159.6300048828125,355.21673583984375,87.63028717041016,30.520000457763672
2022-10-07,157.8800048828125,345.30828857421875,86.77957916259766,31.360000610351562
2022-10-10,155.47999572753906,342.67181396484375,85.43050384521484,32.45000076293945
2022-10-11,155.16000366210938,340.5016174316406,85.80857849121094,33.630001068115234
2022-10-12,155.99000549316406,339.3784484863281,86.2296142578125,33.56999969482422
2022-10-13,154.91000366210938,348.3351135253906,85.40472412109375,31.940000534057617
2022-10-14,152.97999572753906,340.39691162109375,84.70008087158203,32.02000045776367
2022-10-17,153.4199981689453,349.1441345214844,84.28764343261719,31.3700008392334
2022-10-18,153.75,353.24639892578125,84.48529052734375,30.5
2022-10-19,151.69000244140625,350.7431335449219,82.94713592529297,30.760000228881836
2022-10-20,151.4499969482422,347.8021240234375,81.5293197631836,29.979999542236328
2022-10-21,154.14999389648438,356.25421142578125,80.05994415283203,29.690000534057617
2022-10-24,153.64999389648438,360.61346435546875,79.39827728271484,29.850000381469727
2022-10-25,154.0,366.3719787597656,81.70976257324219,28.459999084472656
2022-10-26,154.97999572753906,363.6116638183594,82.88701629638672,27.280000686645508
2022-10-27,154.74000549316406,361.66998291015625,83.7548599243164,27.389999389648438
2022-10-28,153.16000366210938,370.2744140625,83.1791763305664,25.75
2022-10-31,151.91000366210938,367.59979248046875,82.58624267578125,25.8799991607666
2022-11-01,153.4600067138672,365.9912109375,83.35810089111328,25.809999465942383
2022-11-02,152.38999938964844,356.8062438964844,82.99629974365234,25.860000610351562
2022-11-03,151.80999755859375,353.13226318359375,82.5483627319336,25.299999237060547
2022-11-04,156.47000122070312,358.2148742675781,81.1614990234375,24.549999237060547
2022-11-07,155.85000610351562,361.64141845703125,80.35176086425781,24.350000381469727
2022-11-08,159.4499969482422,363.5926208496094,81.23038482666016,25.540000915527344
2022-11-09,158.64999389648438,356.10186767578125,81.49742889404297,26.09000015258789
2022-11-10,163.47999572753906,375.671142578125,84.6329345703125,23.530000686645508
2022-11-11,164.55999755859375,379.30706787109375,84.32282257080078,22.520000457763672
2022-11-14,164.9199981689453,376.08038330078125,84.1160888671875,23.729999542236328
2022-11-15,165.5,379.2880554199219,85.47713470458984,24.540000915527344
2022-11-16,165.1199951171875,376.3945007324219,87.34635162353516,24.110000610351562
2022-11-17,163.9199981689453,375.2427978515625,86.42465209960938,23.93000030517578
2022-11-18,162.7899932861328,376.9465637207031,85.83027648925781,23.1200008392334
2022-11-21,161.8800048828125,375.575927734375,86.19207763671875,22.360000610351562
2022-11-22,162.07000732421875,380.6300354003906,87.415283203125,21.290000915527344
2022-11-23,163.0800018310547,383.0286865234375,88.93997955322266,20.350000381469727
2022-11-25,163.22000122070312,382.94293212890625,88.63846588134766,20.5
2022-11-28,161.92999267578125,376.83233642578125,88.88829803466797,22.209999084472656
2022-11-29,162.72999572753906,376.1850891113281,87.8459701538086,21.889999389648438
2022-11-30,164.80999755859375,388.0352478027344,88.49200439453125,20.579999923706055
2022-12-01,167.83999633789062,387.7496032714844,91.3189926147461,19.84000015258789
2022-12-02,167.25999450683594,387.3022766113281,92.46734619140625,19.059999465942383
2022-12-05,164.38999938964844,380.3349914550781,91.17221069335938,20.75
2022-12-06,164.83999633789062,374.8525695800781,92.34647369384766,22.170000076293945
2022-12-07,166.3300018310547,374.21490478515625,94.52239990234375,22.68000030517578
2022-12-08,166.47000122070312,377.1464538574219,94.26335906982422,22.290000915527344
2022-12-09,167.05999755859375,374.3290710449219,91.8111572265625,22.829999923706055
2022-12-12,165.67999267578125,379.725830078125,92.10474395751953,25.0
2022-12-13,168.50999450683594,382.600341796875,92.99407958984375,22.549999237060547
2022-12-14,168.10000610351562,380.1542053222656,93.39128112792969,21.139999389648438
2022-12-15,165.35000610351562,370.8550109863281,93.75568389892578,22.829999923706055
2022-12-16,166.7899932861328,366.47662353515625,92.70838165283203,22.6200008392334
2022-12-19,166.32000732421875,363.3689880371094,91.1503677368164,22.420000076293945
2022-12-20,169.0800018310547,363.8662109375,89.53180694580078,21.479999542236328
2022-12-21,168.8000030517578,369.3069763183594,89.7568588256836,20.06999969482422
2022-12-22,166.75999450683594,364.0383605957031,89.73955535888672,21.969999313354492
2022-12-23,167.25999450683594,366.1324157714844,88.4239273071289,20.8700008392334
2022-12-27,168.6699981689453,364.6885681152344,86.67552947998047,21.649999618530273
2022-12-28,167.91000366210938,360.15618896484375,86.16484832763672,22.139999389648438
2022-12-29,168.85000610351562,366.63922119140625,87.14295196533203,21.440000534057617
2022-12-30,169.63999938964844,365.6733703613281,86.17350769042969,21.670000076293945
2023-01-03,171.05999755859375,364.1339416503906,87.81803894042969,22.899999618530273
2023-01-04,172.6699981689453,366.9451599121094,89.02116394042969,22.010000228881836
2023-01-05,170.52000427246094,362.7570495605469,89.3933334350586,22.459999084472656
2023-01-06,173.7100067138672,371.0758361816406,91.037841796875,21.1299991607666
2023-01-09,174.10000610351562,370.865478515625,91.52255249023438,21.969999313354492
2023-01-10,174.74000549316406,373.4663391113281,90.00785064697266,20.579999923706055
2023-01-11,174.6199951171875,378.1898193359375,91.47064208984375,21.09000015258789
2023-01-12,176.63999938964844,379.5667724609375,93.27096557617188,18.829999923706055
2023-01-13,178.75999450683594,381.039306640625,92.39676666259766,18.350000381469727
2023-01-17,177.58999633789062,380.34130859375,91.79952239990234,19.360000610351562
2023-01-18,177.0800018310547,374.3363952636719,94.02398681640625,20.34000015258789
2023-01-19,179.88999938964844,371.6113586425781,93.4354248046875,20.520000457763672
2023-01-20,179.2899932861328,378.5340881347656,91.92072296142578,19.850000381469727
2023-01-23,179.6300048828125,383.0759582519531,91.48795318603516,19.809999465942383
2023-01-24,180.27999877929688,382.6648254394531,92.80357360839844,19.200000762939453
2023-01-25,181.11000061035156,382.8081970214844,93.02864837646484,19.079999923706055
2023-01-26,179.47000122070312,387.015380859375,92.59587097167969,18.729999542236328
2023-01-27,179.22000122070312,387.9046936035156,92.36215209960938,18.510000228881836
2023-01-30,178.75999450683594,383.0377197265625,92.02455139160156,19.940000534057617
2023-01-31,179.41000366210938,388.6696472167969,92.76030731201172,19.399999618530273
2023-02-01,181.6699981689453,392.80035400390625,93.87541198730469,17.8700008392334
2023-02-02,177.89999389648438,398.5183410644531,93.99688720703125,18.729999542236328
2023-02-03,173.4600067138672,394.28240966796875,92.59107971191406,18.329999923706055
2023-02-06,173.82000732421875,391.8728332519531,91.90556335449219,19.43000030517578
2023-02-07,173.97999572753906,396.9980163574219,91.16793823242188,18.65999984741211
2023-02-08,174.41000366210938,392.65692138671875,91.60183715820312,19.6299991607666
2023-02-09,173.02999877929688,389.2528991699219,90.73405456542969,20.709999084472656
2023-02-10,173.36000061035156,390.1612854003906,89.71875762939453,20.530000686645508
2023-02-13,172.47999572753906,394.7414245605469,90.47370910644531,20.34000015258789
2023-02-14,172.61000061035156,394.5597229003906,90.26542663574219,18.90999984741211
2023-02-15,170.88999938964844,395.8410949707031,89.42372131347656,18.229999542236328
2023-02-16,170.75,390.39080810546875,88.15678405761719,20.170000076293945
2023-02-17,171.25999450683594,389.4154968261719,88.84233093261719,20.020000457763672
2023-02-21,170.6199951171875,381.60345458984375,87.11544036865234,22.8700008392334
2023-02-22,169.66000366210938,381.0774841308594,87.91380310058594,22.290000915527344
2023-02-23,169.57000732421875,383.1046142578125,88.77288818359375,21.139999389648438
2023-02-24,168.35000610351562,379.01214599609375,87.61876678466797,21.670000076293945
2023-02-27,169.00999450683594,380.3031005859375,87.86176300048828,20.950000762939453
2023-02-28,169.77999877929688,378.8974914550781,88.26093292236328,20.700000762939453
2023-03-01,170.75999450683594,377.44403076171875,87.3127212524414,20.579999923706055
2023-03-02,170.66000366210938,380.3795471191406,86.53848266601562,19.59000015258789
2023-03-03,172.49000549316406,386.47998046875,88.63497924804688,18.489999771118164
2023-03-06,171.6199951171875,386.74774169921875,87.94776153564453,18.610000610351562
2023-03-07,168.6199951171875,380.8193664550781,88.48709106445312,19.59000015258789
2023-03-08,168.5399932861328,381.44091796875,88.5740737915039,19.110000610351562
2023-03-09,170.1999969482422,374.4034118652344,88.79154205322266,22.610000610351562
2023-03-10,173.8699951171875,369.00091552734375,91.8536376953125,24.799999237060547
2023-03-13,177.86000061035156,368.4749755859375,92.06243133544922,26.520000457763672
2023-03-14,176.8300018310547,374.5658874511719,90.54876708984375,23.729999542236328
2023-03-15,178.2100067138672,372.2232666015625,92.29727935791016,26.139999389648438
2023-03-16,178.57000732421875,378.7539978027344,91.57526397705078,22.989999771118164
2023-03-17,183.77000427246094,374.3253479003906,92.94970703125,25.510000228881836
2023-03-20,183.83999633789062,377.9247131347656,92.13201141357422,24.149999618530273
2023-03-21,180.3699951171875,382.8870544433594,91.34037780761719,21.3799991607666
2023-03-22,183.44000244140625,376.36016845703125,92.55826568603516,22.260000228881836
2023-03-23,185.74000549316406,377.3776550292969,92.55826568603516,22.610000610351562
2023-03-24,183.64999389648438,379.85400390625,92.94970703125,21.739999771118164
2023-03-27,181.9499969482422,380.5643005371094,90.76627349853516,20.600000381469727
2023-03-28,183.44000244140625,379.7099914550781,90.93153381347656,19.969999313354492
2023-03-29,182.52999877929688,385.2290954589844,90.74886322021484,19.1200008392334
2023-03-30,184.17999267578125,387.48468017578125,91.16641235351562,19.020000457763672
2023-03-31,183.22000122070312,392.94610595703125,92.53216552734375,18.700000762939453
2023-04-03,184.5399932861328,394.4434814453125,92.96733093261719,18.549999237060547
2023-04-04,187.97999572753906,392.2550048828125,93.42955780029297,19.0
2023-04-05,187.8300018310547,391.22802734375,94.40633392333984,19.079999923706055
2023-04-06,186.49000549316406,392.754150390625,94.6505355834961,18.399999618530273
2023-04-10,185.11000061035156,393.1571960449219,93.12432098388672,18.969999313354492
2023-04-11,186.27999877929688,393.26287841796875,93.31619262695312,19.100000381469727
2023-04-12,187.19000244140625,391.6599426269531,93.22025299072266,19.09000015258789
2023-04-13,189.72000122070312,396.8622741699219,92.48768615722656,17.799999237060547
2023-04-14,186.36000061035156,395.8927917480469,91.64175415039062,17.06999969482422
2023-04-17,185.52999877929688,397.31341552734375,90.55158233642578,16.950000762939453
2023-04-18,186.25,397.5724792480469,90.87427520751953,16.829999923706055
2023-04-19,185.36000061035156,397.50537109375,90.78705596923828,16.459999084472656
2023-04-20,186.08999633789062,395.3360900878906,91.5632553100586,17.170000076293945
2023-04-21,184.25,395.6432800292969,91.0486831665039,16.770000457763672
2023-04-24,184.80999755859375,396.0559997558594,91.9295425415039,16.889999389648438
2023-04-25,185.75,389.7690124511719,93.28130340576172,18.760000228881836
2023-04-26,184.74000549316406,388.11810302734375,92.28709411621094,18.84000015258789
2023-04-27,184.75,395.84478759765625,91.37138366699219,17.030000686645508
2023-04-28,184.8000030517578,399.223388671875,92.84525299072266,15.779999732971191
2023-05-01,183.97000122070312,398.8202209472656,90.16810607910156,16.079999923706055
2023-05-02,187.52000427246094,394.33782958984375,92.41510772705078,17.780000686645508
2023-05-03,189.11000061035156,391.6311950683594,92.93092346191406,18.34000015258789
2023-05-04,190.44000244140625,388.8572082519531,92.01290130615234,20.09000015258789
2023-05-05,187.4600067138672,396.0559997558594,91.7068862915039,17.190000534057617
2023-05-08,187.69000244140625,396.16162109375,90.42166137695312,16.979999542236328
2023-05-09,189.02000427246094,394.4241943359375,90.09814453125,17.709999084472656
2023-05-10,188.75,396.2672119140625,90.97247314453125,16.940000534057617
2023-05-11,187.1300048828125,395.57611083984375,91.93423461914062,16.93000030517578
2023-05-12,186.80999755859375,395.0577697753906,91.16482543945312,17.030000686645508
2023-05-15,187.2100067138672,396.42071533203125,90.22056579589844,17.1200008392334
2023-05-16,184.8699951171875,393.7715759277344,89.94952392578125,17.989999771118164
2023-05-17,184.22999572753906,398.55157470703125,89.68722534179688,16.8700008392334
2023-05-18,181.83999633789062,402.390869140625,89.02275085449219,16.049999237060547
2023-05-19,183.63999938964844,401.8053894042969,88.39323425292969,16.809999465942383
2023-05-22,183.2100067138672,401.9685974121094,88.0784912109375,17.209999084472656
2023-05-23,183.42999267578125,397.4573669433594,88.33203125,18.530000686645508
2023-05-24,181.9499969482422,394.57781982421875,87.89486694335938,20.030000686645508
2023-05-25,180.1999969482422,397.9948425292969,87.67630004882812,19.139999389648438
2023-05-26,180.9199981689453,403.14910888671875,88.3844985961914,17.950000762939453
2023-05-30,182.0399932861328,403.30267333984375,89.2675552368164,17.459999084472656
2023-05-31,182.32000732421875,401.06634521484375,90.04569244384766,17.940000534057617
2023-06-01,183.75999450683594,404.8768615722656,90.39899444580078,15.649999618530273
2023-06-02,181.0500030517578,410.7318420410156,89.40837097167969,14.600000381469727
2023-06-05,182.13999938964844,409.94476318359375,89.2418212890625,14.729999542236328
2023-06-06,182.33999633789062,410.8374328613281,89.76779174804688,13.960000038146973
2023-06-07,180.14999389648438,409.4168395996094,88.43528747558594,13.9399995803833
2023-06-08,182.52999877929688,411.8931884765625,89.4697265625,13.649999618530273
2023-06-09,182.0399932861328,412.6322937011719,89.34703063964844,13.829999923706055
2023-06-12,181.8800048828125,416.3756103515625,89.6100082397461,15.010000228881836
2023-06-13,180.5399932861328,419.1208190917969,88.72460174560547,14.609999656677246
2023-06-14,180.63999938964844,419.619873046875,89.43467712402344,13.880000114440918
2023-06-15,181.91000366210938,424.82220458984375,90.2938003540039,14.5
2023-06-16,181.6300048828125,423.3751525878906,89.94309997558594,13.539999961853027
2023-06-20,179.75,421.1785583496094,90.56554412841797,13.880000114440918
2023-06-21,179.49000549316406,419.0206298828125,90.78471374511719,13.199999809265137
2023-06-22,177.7100067138672,420.5331115722656,89.68889617919922,12.90999984741211
2023-06-23,178.1999969482422,417.35394287109375,90.58306121826172,13.4399995803833
2023-06-26,178.50999450683594,415.6486511230469,90.67950439453125,14.25
2023-06-27,177.69000244140625,420.2055969238281,90.44280242919922,13.739999771118164
2023-06-28,177.27999877929688,420.4175109863281,90.82853698730469,13.430000305175781
2023-06-29,177.08999633789062,422.07452392578125,89.18922424316406,13.539999961853027
2023-06-30,178.27000427246094,427.0553283691406,90.24120330810547,13.59000015258789
2023-07-03,178.47000122070312,427.5466003417969,89.72965240478516,13.569999694824219
2023-07-05,177.83999633789062,426.9107971191406,88.876953125,14.180000305175781
2023-07-06,177.30999755859375,423.5678405761719,87.6199722290039,15.4399995803833
2023-07-07,178.63999938964844,422.4984436035156,87.09256744384766,14.829999923706055
2023-07-10,178.77999877929688,423.5678405761719,87.20685577392578,15.069999694824219
2023-07-11,179.4499969482422,426.2654113769531,87.6551513671875,14.84000015258789
2023-07-12,181.8800048828125,429.6950988769531,88.6308364868164,13.539999961853027
2023-07-13,182.00999450683594,433.10546875,89.56258392333984,13.609999656677246
2023-07-14,181.42999267578125,432.8356628417969,89.03519439697266,13.34000015258789
2023-07-17,181.55999755859375,434.3385925292969,89.0791244506836,13.479999542236328
2023-07-18,183.63999938964844,437.5660095214844,89.48347473144531,13.300000190734863
2023-07-19,183.6699981689453,438.53900146484375,90.49433898925781,13.760000228881836
2023-07-20,182.74000549316406,435.6295471191406,89.39557647705078,13.989999771118164
2023-07-21,182.17999267578125,435.6295471191406,89.42195129394531,13.600000381469727
2023-07-24,181.39999389648438,437.5756530761719,89.09674072265625,13.90999984741211
2023-07-25,182.41000366210938,438.770263671875,88.92969512939453,13.859999656677246
2023-07-26,183.3000030517578,438.8376770019531,89.0176010131836,13.1899995803833
2023-07-27,180.4199981689453,435.92822265625,87.28596496582031,14.40999984741211
2023-07-28,181.86000061035156,440.1961669921875,87.73423767089844,13.329999923706055
2023-07-31,182.35000610351562,441.03424072265625,87.9452133178711,13.630000114440918
2023-08-01,180.4600067138672,439.772216796875,86.50404357910156,13.930000305175781
2023-08-02,179.60000610351562,433.65460205078125,85.57852172851562,16.09000015258789
2023-08-03,179.5399932861328,432.4118347167969,83.60414123535156,15.920000076293945
2023-08-04,180.19000244140625,430.4561462402344,85.08494567871094,17.100000381469727
2023-08-07,179.77999877929688,434.2133483886719,84.24759674072266,15.770000457763672
2023-08-08,178.63999938964844,432.3251037597656,85.2259750366211,15.989999771118164
2023-08-09,177.7899932861328,429.4349365234375,85.66669464111328,15.960000038146973
2023-08-10,177.60000610351562,429.5890808105469,84.25640106201172,15.850000381469727
2023-08-11,177.60000610351562,429.338623046875,84.06246185302734,14.84000015258789
2023-08-14,177.05999755859375,431.70849609375,83.87739562988281,14.819999694824219
2023-08-15,176.58999633789062,426.67962646484375,83.36615753173828,16.459999084472656
2023-08-16,175.57000732421875,423.548583984375,82.7138900756836,16.780000686645508
2023-08-17,175.3000030517578,420.3211669921875,82.36128997802734,17.889999389648438
2023-08-18,175.3300018310547,420.52349853515625,82.65218353271484,17.299999237060547
2023-08-21,175.80999755859375,423.259521484375,81.55039978027344,17.1299991607666
2023-08-22,176.10000610351562,422.113037109375,82.17623901367188,16.969999313354492
2023-08-23,177.88999938964844,426.81451416015625,84.21235656738281,15.979999542236328
2023-08-24,177.85000610351562,420.8992614746094,83.65702819824219,17.200000762939453
2023-08-25,177.6199951171875,423.8664855957031,83.9302749633789,15.680000305175781
2023-08-28,178.1300048828125,426.5543212890625,84.01842498779297,15.079999923706055
2023-08-29,179.8699951171875,432.7200927734375,84.89103698730469,14.449999809265137
2023-08-30,180.32000732421875,434.5024108886719,84.80287170410156,13.880000114440918
2023-08-31,180.02000427246094,433.86651611328125,85.18191528320312,13.569999694824219
2023-09-01,180.11000061035156,434.6758117675781,83.85490417480469,13.09000015258789
2023-09-05,178.63999938964844,432.7971496582031,82.67906951904297,14.010000228881836
2023-09-06,177.8300018310547,429.8876953125,82.88243103027344,14.449999809265137
2023-09-07,178.02000427246094,428.56787109375,83.11226654052734,14.399999618530273
2023-09-08,178.0800018310547,429.21331787109375,83.43054962158203,13.84000015258789
2023-09-11,178.41000366210938,432.0361328125,82.82939147949219,13.800000190734863
2023-09-12,177.49000549316406,429.6661682128906,83.30677795410156,14.229999542236328
2023-09-13,177.0800018310547,430.1671142578125,83.28910064697266,13.479999542236328
2023-09-14,177.1699981689453,433.876220703125,82.68791961669922,12.819999694824219
2023-09-15,178.33999633789062,428.6487121582031,82.18400573730469,13.789999961853027
2023-09-18,179.38999938964844,428.90008544921875,82.6525650024414,14.0
2023-09-19,179.22000122070312,428.0106506347656,82.04253387451172,14.109999656677246
2023-09-20,179.35000610351562,424.0757751464844,82.29891967773438,15.140000343322754
2023-09-21,178.0500030517578,417.0664978027344,80.18597412109375,17.540000915527344
2023-09-22,178.6199951171875,416.128662109375,80.83135223388672,17.200000762939453
2023-09-25,177.6999969482422,417.8786315917969,78.8421859741211,16.899999618530273
2023-09-26,176.27999877929688,411.7394714355469,78.568115234375,18.940000534057617
2023-09-27,174.10000610351562,411.90374755859375,78.16144561767578,18.219999313354492
2023-09-28,173.22999572753906,414.29180908203125,78.40013122558594,17.34000015258789
2023-09-29,171.4499969482422,413.2862548828125,78.40899658203125,17.520000457763672
2023-10-02,169.64999389648438,413.1219177246094,77.09638977050781,17.610000610351562
2023-10-03,169.16000366210938,407.59185791015625,75.43791198730469,19.780000686645508
2023-10-04,169.13999938964844,410.5599670410156,76.50218963623047,18.579999923706055
2023-10-05,168.8300018310547,410.4052429199219,76.120849609375,18.489999771118164
2023-10-06,169.6999969482422,415.2779541015625,75.198486328125,17.450000762939453
2023-10-09,172.82000732421875,417.9366149902344,76.96337127685547,17.700000762939453
2023-10-10,172.52999877929688,420.1118469238281,76.85692596435547,17.030000686645508
2023-10-11,173.7899932861328,421.8328552246094,78.46218872070312,16.09000015258789
2023-10-12,173.25999450683594,419.2611083984375,76.33369445800781,16.690000534057617
2023-10-13,178.8300018310547,417.17279052734375,77.69947814941406,19.31999969482422
2023-10-16,177.9600067138672,421.5621032714844,76.4489517211914,17.209999084472656
2023-10-17,178.2899932861328,421.54278564453125,75.60643005371094,17.8799991607666
2023-10-18,180.8699951171875,415.9256591796875,74.94127655029297,19.219999313354492
2023-10-19,183.08999633789062,412.27117919921875,73.406982421875,21.399999618530273
2023-10-20,183.58999633789062,407.20513916015625,73.82380676269531,21.709999084472656
2023-10-23,182.97000122070312,406.4994201660156,74.71070098876953,20.3700008392334
2023-10-24,182.9499969482422,409.56414794921875,75.69512939453125,18.969999313354492
2023-10-25,183.72000122070312,403.68597412109375,74.01005554199219,20.190000534057617
2023-10-26,184.00999450683594,398.85205078125,75.145263671875,20.68000030517578
2023-10-27,186.14999389648438,397.0440673828125,74.82601165771484,21.270000457763672
2023-10-30,185.10000610351562,401.79107666015625,74.48897552490234,19.75
2023-10-31,184.08999633789062,404.3144226074219,74.1253662109375,18.139999389648438
2023-11-01,183.50999450683594,408.6263122558594,75.73255920410156,16.8700008392334
2023-11-02,184.1199951171875,416.4574279785156,77.4590072631836,15.65999984741211
2023-11-03,184.7899932861328,420.25689697265625,77.98406219482422,14.90999984741211
2023-11-06,183.35000610351562,421.2237243652344,77.22763061523438,14.890000343322754
2023-11-07,182.58999633789062,422.4225769042969,78.36672973632812,14.8100004196167
2023-11-08,180.77000427246094,422.7319641113281,79.70161437988281,14.449999809265137
2023-11-09,181.49000549316406,419.4351501464844,77.86835479736328,15.289999961853027
2023-11-10,179.50999450683594,425.9803466796875,78.3044204711914,14.170000076293945
2023-11-13,180.50999450683594,425.5743713378906,78.12645721435547,14.760000228881836
2023-11-14,182.1199951171875,433.8307189941406,79.89739990234375,14.15999984741211
2023-11-15,181.63999938964844,434.7491760253906,78.77607727050781,14.180000305175781
2023-11-16,183.69000244140625,435.281005859375,79.7550277709961,14.319999694824219
2023-11-17,183.6699981689453,435.8223571777344,80.12876892089844,13.800000190734863
2023-11-20,183.3699951171875,439.1771545410156,80.61824035644531,13.40999984741211
2023-11-21,185.35000610351562,438.219970703125,80.58264923095703,13.350000381469727
2023-11-22,184.55999755859375,439.9118957519531,80.867431640625,12.850000381469727
2023-11-24,185.52000427246094,440.1825866699219,79.91520690917969,12.460000038146973
2023-11-27,186.77000427246094,439.38983154296875,81.25008392333984,12.6899995803833
2023-11-28,189.25999450683594,439.82489013671875,81.4102783203125,12.6899995803833
2023-11-29,189.5399932861328,439.51544189453125,82.43367004394531,12.979999542236328
2023-11-30,188.75,441.2460632324219,81.48148345947266,12.920000076293945
2023-12-01,192.00999450683594,443.8564453125,83.01610565185547,12.630000114440918
2023-12-04,187.86000061035156,441.52642822265625,82.68578338623047,13.079999923706055
2023-12-05,187.14999389648438,441.4394836425781,84.46231079101562,12.850000381469727
2023-12-06,187.83999633789062,439.6605529785156,85.58718872070312,12.970000267028809
2023-12-07,188.14999389648438,443.0153503417969,85.09616088867188,13.0600004196167
2023-12-08,185.63999938964844,444.9198913574219,84.39983367919922,12.350000381469727
2023-12-11,183.58999633789062,446.6504821777344,84.22130584716797,12.630000114440918
2023-12-12,183.49000549316406,448.6904296875,84.47126770019531,12.069999694824219
2023-12-13,187.6300048828125,454.8778381347656,86.4531478881836,12.1899995803833
2023-12-14,188.72999572753906,456.3377380371094,88.7020492553711,12.479999542236328
2023-12-15,187.0,455.5863952636719,88.80056762695312,12.279999732971191
2023-12-18,187.85000610351562,458.1491394042969,88.093017578125,12.5600004196167
2023-12-19,189.1300048828125,460.93511962890625,88.56770324707031,12.529999732971191
2023-12-20,188.10000610351562,454.54779052734375,89.16777038574219,13.670000076293945
2023-12-21,189.42999267578125,458.8577880859375,88.60353088378906,13.649999618530273
2023-12-22,190.27000427246094,459.7799072265625,88.20051574707031,13.029999732971191
2023-12-26,191.72000122070312,461.72137451171875,88.4512710571289,12.989999771118164
2023-12-27,192.58999633789062,462.5561828613281,90.01860809326172,12.430000305175781
2023-12-28,191.47000122070312,462.7309265136719,89.36479187011719,12.470000267028809
2023-12-29,191.1699981689453,461.3912658691406,88.55874633789062,12.449999809265137
2024-01-02,190.72000122070312,458.8091735839844,88.04826354980469,13.199999809265137
2024-01-03,189.1300048828125,455.062255859375,88.41545104980469,14.039999961853027
2024-01-04,189.32000732421875,453.596435546875,87.07202911376953,14.130000114440918
2024-01-05,189.35000610351562,454.2177734375,86.23909759521484,13.350000381469727
2024-01-08,187.8699951171875,460.7021179199219,87.08992767333984,13.079999923706055
2024-01-09,187.92999267578125,460.003173828125,86.53466033935547,12.760000228881836
2024-01-10,187.5,462.604736328125,86.13162231445312,12.6899995803833
2024-01-11,187.8699951171875,462.40087890625,86.6152572631836,12.4399995803833
2024-01-12,189.7100067138672,462.72119140625,86.44509887695312,12.699999809265137
2024-01-16,187.91000366210938,461.0224609375,84.92255401611328,13.84000015258789
2024-01-17,185.83999633789062,458.459716796875,84.78819274902344,14.789999961853027
2024-01-18,187.3699951171875,462.5367736816406,84.00006103515625,14.130000114440918
2024-01-19,187.92999267578125,468.3028259277344,84.26873779296875,13.300000190734863
2024-01-22,187.22000122070312,469.29296875,84.770263671875,13.1899995803833
2024-01-23,187.9499969482422,470.66162109375,84.09857940673828,12.550000190734863
2024-01-24,186.39999389648438,471.1761779785156,83.6059799194336,13.140000343322754
2024-01-25,187.13999938964844,473.73883056640625,84.15231323242188,13.449999809265137
2024-01-26,187.00999450683594,473.1369934082031,83.99108123779297,13.260000228881836
2024-01-29,188.3300018310547,476.8839416503906,84.95835876464844,13.600000381469727
2024-01-30,188.58999633789062,476.5150451660156,85.72856903076172,13.3100004196167
2024-01-31,188.4499969482422,468.7396545410156,86.57046508789062,14.350000381469727
2024-02-01,190.41000366210938,474.87457275390625,88.26864624023438,13.880000114440918
2024-02-02,188.61000061035156,479.8737487792969,86.31888580322266,13.850000381469727
2024-02-05,187.57000732421875,478.12646484375,84.57579040527344,13.670000076293945
2024-02-06,188.5500030517578,479.5146484375,85.40242767333984,13.0600004196167
2024-02-07,188.5,483.51397705078125,84.98910522460938,12.829999923706055
2024-02-08,188.3300018310547,483.7275390625,84.49492645263672,12.789999961853027
2024-02-09,187.60000610351562,486.523193359375,84.32422637939453,12.930000305175781
2024-02-12,187.11000061035156,486.3096008300781,84.42306518554688,13.930000305175781
2024-02-13,184.52999877929688,479.6116638183594,82.97647857666016,15.850000381469727
2024-02-14,184.4199981689453,483.9701843261719,83.3987808227539,14.380000114440918
2024-02-15,185.66000366210938,487.3094482421875,83.83004760742188,14.010000228881836
2024-02-16,186.33999633789062,484.8826599121094,83.3448715209961,14.239999771118164
2024-02-20,187.47000122070312,482.21319580078125,83.41675567626953,15.420000076293945
2024-02-21,187.47999572753906,482.6499938964844,82.82373046875,15.34000015258789
2024-02-22,187.55999755859375,492.638671875,83.2280502319336,14.539999961853027
2024-02-23,188.6199951171875,492.9784851074219,84.34220123291016,13.75
2024-02-26,188.1999969482422,491.1728820800781,84.09062957763672,13.739999771118164
2024-02-27,188.0,492.0853576660156,83.49761199951172,13.430000305175781
2024-02-28,188.33999633789062,491.4350280761719,84.0277328491211,13.84000015258789
2024-02-29,189.30999755859375,493.2016906738281,84.62071990966797,13.399999618530273
2024-03-01,192.88999938964844,497.83197021484375,85.14801788330078,13.109999656677246
2024-03-04,196.00999450683594,497.298095703125,84.80550384521484,13.489999771118164
2024-03-05,197.19000244140625,492.32806396484375,86.01329040527344,14.460000038146973
2024-03-06,198.80999755859375,494.8228454589844,86.51802062988281,14.5
2024-03-07,199.94000244140625,499.73455810546875,86.4368896484375,14.4399995803833
2024-03-08,201.6300048828125,496.735107421875,86.2836685180664,14.739999771118164
2024-03-11,202.0,496.3080139160156,86.23860931396484,15.220000267028809
2024-03-12,199.7899932861328,501.64697265625,85.51754760742188,13.84000015258789
2024-03-13,201.19000244140625,500.8606262207031,85.10293579101562,13.75
2024-03-14,200.35000610351562,499.87054443359375,83.79602813720703,14.399999618530273
2024-03-15,199.7100067138672,496.4381103515625,83.76898956298828,14.40999984741211
2024-03-18,200.02999877929688,499.3885192871094,83.5166015625,14.329999923706055
2024-03-19,199.8000030517578,502.1636657714844,83.7509536743164,13.819999694824219
2024-03-20,202.17999267578125,506.808349609375,83.72392272949219,13.039999961853027
2024-03-21,201.97000122070312,508.4832458496094,83.9041748046875,12.920000076293945
2024-03-22,200.35000610351562,507.51922607421875,84.70635986328125,13.0600004196167
2024-03-25,200.99000549316406,506.11700439453125,84.2827377319336,13.1899995803833
2024-03-26,201.63999938964844,505.18231201171875,84.5170669555664,13.239999771118164
2024-03-27,203.10000610351562,509.4277648925781,85.35530853271484,12.779999732971191
2024-03-28,205.72000122070312,509.33038330078125,85.28319549560547,13.010000228881836
2024-04-01,207.82000732421875,508.4441833496094,83.69343566894531,13.649999618530273
2024-04-02,210.88999938964844,505.21148681640625,83.23224639892578,14.609999656677246
2024-04-03,212.74000549316406,505.7664794921875,83.21414947509766,14.329999923706055
2024-04-04,211.52000427246094,499.5930480957031,83.81099700927734,16.350000381469727
2024-04-05,215.13999938964844,504.81219482421875,82.64442443847656,16.030000686645508
2024-04-08,216.47999572753906,505.0946044921875,82.6353759765625,15.1899995803833
2024-04-09,217.6699981689453,505.6788635253906,83.4040756225586,14.979999542236328
2024-04-10,215.61000061035156,500.615478515625,81.58639526367188,15.800000190734863
2024-04-11,219.8000030517578,504.3935546875,81.21563720703125,14.90999984741211
2024-04-12,216.88999938964844,497.43133544921875,81.64970397949219,17.309999465942383
2024-04-15,220.9499969482422,491.1994934082031,80.38367462158203,19.229999542236328
2024-04-16,221.22000122070312,490.3036193847656,79.85015106201172,18.399999618530273
2024-04-17,219.58999633789062,487.4018859863281,80.73636627197266,18.209999084472656
2024-04-18,220.33999633789062,486.39892578125,80.32940673828125,18.0
2024-04-19,221.02999877929688,482.1534423828125,80.6187973022461,18.709999084472656
2024-04-22,215.57000732421875,486.5937194824219,80.483154296875,16.940000534057617
2024-04-23,215.0399932861328,492.3678894042969,80.51029205322266,15.6899995803833
2024-04-24,214.63999938964844,492.13421630859375,79.94056701660156,15.970000267028809
2024-04-25,215.9199981689453,490.2646789550781,79.37989044189453,15.369999885559082
2024-04-26,216.6199951171875,494.9093933105469,79.7958755493164,15.029999732971191
2024-04-29,216.17999267578125,496.6620788574219,80.46504974365234,14.670000076293945
2024-04-30,211.8699951171875,488.79437255859375,79.77779388427734,15.649999618530273
2024-05-01,213.7899932861328,487.20721435546875,80.36583709716797,15.390000343322754
2024-05-02,213.1300048828125,491.76416015625,80.710693359375,14.680000305175781
2024-05-03,212.9600067138672,497.85980224609375,81.52738189697266,13.489999771118164
2024-05-06,215.1999969482422,503.0011291503906,81.84501647949219,13.489999771118164
2024-05-07,214.2100067138672,503.55615234375,82.34412384033203,13.229999542236328
2024-05-08,213.5800018310547,503.6048278808594,81.84501647949219,13.0
2024-05-09,216.9499969482422,506.50640869140625,82.24430847167969,12.6899995803833
2024-05-10,218.7100067138672,507.1589660644531,81.78150177001953,12.550000190734863
2024-05-13,216.25999450683594,507.2270812988281,81.99020385742188,13.600000381469727
2024-05-14,218.08999633789062,509.5543518066406,82.45304107666016,13.420000076293945
2024-05-15,220.88999938964844,515.8641967773438,83.57829284667969,12.449999809265137
2024-05-16,220.02999877929688,514.802734375,83.4966049194336,12.420000076293945
2024-05-17,223.66000366210938,515.5429077148438,82.9339828491211,11.989999771118164
2024-05-20,224.55999755859375,516.1366577148438,82.68895721435547,12.149999618530273
2024-05-21,224.22999572753906,517.402587890625,83.11548614501953,11.859999656677246
2024-05-22,220.11000061035156,515.9127807617188,83.21527862548828,12.289999961853027
2024-05-23,215.72000122070312,512.1444702148438,82.67989349365234,12.770000457763672
2024-05-24,215.9199981689453,515.5330200195312,82.92491912841797,11.930000305175781
2024-05-28,218.19000244140625,515.893310546875,81.73611450195312,12.920000076293945
2024-05-29,216.16000366210938,512.28076171875,80.74697875976562,14.279999732971191
2024-05-30,216.57000732421875,508.8824462890625,81.52738189697266,14.470000267028809
2024-05-31,215.3000030517578,513.5174560546875,82.08096313476562,12.920000076293945
2024-06-03,217.22000122070312,513.9361572265625,83.40859985351562,13.109999656677246
2024-06-04,215.27000427246094,514.5106811523438,84.38288116455078,13.15999984741211
2024-06-05,217.82000732421875,520.6255493164062,85.0020751953125,12.630000114440918
2024-06-06,219.42999267578125,520.6160278320312,84.8746109008789,12.579999923706055
2024-06-07,211.60000610351562,519.9830932617188,83.31752014160156,12.220000267028809
2024-06-10,213.5399932861328,521.589599609375,82.7620849609375,12.739999771118164
2024-06-11,214.14999389648438,522.8457641601562,83.6180191040039,12.850000381469727
2024-06-12,214.72000122070312,527.139892578125,84.2463150024414,12.039999961853027
2024-06-13,212.97000122070312,528.2012939453125,85.48469543457031,11.9399995803833
2024-06-14,215.72999572753906,528.5225830078125,86.20402526855469,12.65999984741211
2024-06-17,214.61000061035156,532.7291870117188,85.34809875488281,12.75
2024-06-18,215.47000122070312,534.0825805664062,86.13119506835938,12.300000190734863
2024-06-20,218.16000366210938,532.6317138671875,85.5575180053711,13.279999732971191
2024-06-21,214.77999877929688,531.9177856445312,85.5575180053711,13.199999809265137
2024-06-24,215.6300048828125,530.1885986328125,85.90353393554688,13.329999923706055
2024-06-25,214.55999755859375,532.2302856445312,86.04923248291016,12.84000015258789
2024-06-26,212.5800018310547,532.8945922851562,84.8199691772461,12.550000190734863
2024-06-27,214.99000549316406,533.734619140625,85.1568832397461,12.239999771118164
2024-06-28,215.00999450683594,531.6344604492188,83.57247924804688,12.4399995803833
2024-07-01,215.57000732421875,532.7285766601562,82.13011169433594,12.220000267028809
2024-07-02,215.55999755859375,536.3136596679688,82.76954650878906,12.029999732971191
2024-07-03,217.99000549316406,538.7069091796875,83.85659790039062,12.09000015258789
2024-07-05,220.92999267578125,541.8134155273438,84.55081176757812,12.479999542236328
2024-07-08,218.19000244140625,542.4386596679688,84.73351287841797,12.369999885559082
2024-07-09,218.55999755859375,542.966064453125,84.35897064208984,12.510000228881836
2024-07-10,219.36000061035156,548.3389892578125,84.6238784790039,12.850000381469727
2024-07-11,223.25,543.6107788085938,85.4460220336914,12.920000076293945
2024-07-12,223.11000061035156,547.0396728515625,85.81139373779297,12.460000038146973
2024-07-15,223.8300018310547,548.5440063476562,84.82483673095703,13.119999885559082
2024-07-16,228.2899932861328,551.7969970703125,86.021484375,13.1899995803833
2024-07-17,227.22999572753906,544.0602416992188,86.0397720336914,14.479999542236328
2024-07-18,225.77999877929688,539.879150390625,85.38206481933594,15.930000305175781
2024-07-19,221.72999572753906,536.2941284179688,84.87966918945312,16.520000457763672
2024-07-22,221.8000030517578,541.8231201171875,84.63301849365234,14.90999984741211
2024-07-23,222.5800018310547,540.9732666015625,84.51427459716797,14.720000267028809
2024-07-24,221.8000030517578,528.7135620117188,83.60078430175781,18.040000915527344
2024-07-25,218.3300018310547,525.9586791992188,84.28588104248047,18.459999084472656
2024-07-26,220.6300048828125,531.849365234375,84.94359588623047,16.389999389648438
2024-07-29,220.32000732421875,532.1619873046875,85.40033721923828,16.600000381469727
2024-07-30,222.52000427246094,529.4656982421875,85.72917175292969,17.690000534057617
2024-07-31,226.5500030517578,538.072021484375,86.60612487792969,16.360000610351562
2024-08-01,225.77000427246094,530.4524536132812,87.35308837890625,18.59000015258789
2024-08-02,225.33999633789062,520.5762329101562,90.07511901855469,23.389999389648438
2024-08-05,222.47999572753906,505.4151306152344,90.55172729492188,38.56999969482422
2024-08-06,220.6999969482422,510.07476806640625,88.52620697021484,27.709999084472656
2024-08-07,220.5500030517578,506.66546630859375,87.9029769897461,27.850000381469727
2024-08-08,224.00999450683594,518.378173828125,87.36222076416016,23.790000915527344
2024-08-09,224.55999755859375,520.6640625,88.22377014160156,20.3700008392334
2024-08-12,228.41000366210938,520.9376831054688,88.54456329345703,20.709999084472656
2024-08-13,228.05999755859375,529.5047607421875,89.15860748291016,18.1200008392334
2024-08-14,226.1999969482422,531.17529296875,89.71769714355469,16.190000534057617
2024-08-15,226.91000366210938,540.27978515625,88.9936294555664,15.229999542236328
2024-08-16,231.99000549316406,541.4911499023438,89.30525207519531,14.800000190734863
2024-08-19,231.61000061035156,546.6685791015625,89.71769714355469,14.649999618530273
2024-08-20,232.4600067138672,545.779541015625,90.43256378173828,15.880000114440918
2024-08-21,232.14999389648438,547.6551513671875,90.48758697509766,16.270000457763672
2024-08-22,229.3699951171875,543.3568725585938,89.58937072753906,17.549999237060547
2024-08-23,232.02000427246094,549.1302490234375,90.17594146728516,15.859999656677246
2024-08-26,232.75999450683594,547.8212280273438,89.94680786132812,16.149999618530273
2024-08-27,233.38999938964844,548.573486328125,89.79100799560547,15.430000305175781
2024-08-28,231.75,545.3887329101562,89.68102264404297,17.110000610351562
2024-08-29,232.9499969482422,545.4376220703125,89.38774871826172,15.649999618530273
2024-08-30,231.2899932861328,550.6444091796875,88.4345703125,15.0
2024-09-03,230.2899932861328,539.3125610351562,89.88092803955078,20.719999313354492
2024-09-04,230.42999267578125,538.2088012695312,91.03949737548828,21.31999969482422
2024-09-05,232.35000610351562,536.8997802734375,91.5544204711914,19.899999618530273
2024-09-06,230.6300048828125,527.863525390625,91.54523468017578,22.3799991607666
2024-09-09,231.60000610351562,533.773681640625,91.94060516357422,19.450000762939453
2024-09-10,232.6199951171875,536.0986328125,92.58426666259766,19.079999923706055
2024-09-11,232.25,541.5985107421875,92.51069641113281,17.690000534057617
2024-09-12,236.3300018310547,546.1605834960938,92.07855224609375,17.06999969482422
2024-09-13,238.67999267578125,549.0130004882812,92.32679748535156,16.559999465942383
2024-09-16,238.66000366210938,549.8237915039062,93.17274475097656,17.139999389648438
2024-09-17,237.33999633789062,550.0485229492188,92.72218322753906,17.610000610351562
2024-09-18,235.50999450683594,548.4170532226562,91.57279968261719,18.229999542236328
2024-09-19,239.1699981689453,557.7755737304688,91.2693862915039,16.329999923706055
2024-09-20,242.2100067138672,556.8114013671875,90.91996765136719,16.149999618530273
2024-09-23,242.67999267578125,558.2027587890625,90.72686004638672,15.890000343322754
2024-09-24,246.07000732421875,559.7999267578125,90.70848083496094,15.390000343322754
2024-09-25,245.72999572753906,558.5652465820312,89.95450592041016,15.40999984741211
2024-09-26,246.97999572753906,560.7798461914062,90.16596221923828,15.369999885559082
2024-09-27,245.02000427246094,559.9664916992188,90.63490295410156,16.959999084472656
2024-09-30,243.05999755859375,562.21044921875,90.20277404785156,16.729999542236328
2024-10-01,245.61000061035156,557.1738891601562,90.85403442382812,19.260000228881836
2024-10-02,245.66000366210938,557.4089965820312,90.08837127685547,18.899999618530273
2024-10-03,245.49000549316406,556.3899536132812,89.23970031738281,20.489999771118164
2024-10-04,245.0,561.4461059570312,88.14196014404297,19.209999084472656
2024-10-07,244.1699981689453,556.370361328125,87.4777603149414,22.639999389648438
2024-10-08,242.3699951171875,561.63232421875,87.62538146972656,21.420000076293945
2024-10-09,241.0500030517578,565.5223388671875,87.12724304199219,20.860000610351562
2024-10-10,242.82000732421875,564.53271484375,86.78591918945312,20.93000030517578
2024-10-11,245.47000122070312,567.9132690429688,86.43539428710938,20.459999084472656
2024-10-14,245.07000732421875,572.5579223632812,86.49996185302734,19.700000762939453
2024-10-15,245.9199981689453,568.1093139648438,87.55158996582031,20.639999389648438
2024-10-16,247.14999389648438,570.5784912109375,87.92057800292969,19.579999923706055
2024-10-17,248.6300048828125,570.6276245117188,86.52764129638672,19.110000610351562
2024-10-18,251.27000427246094,572.8224487304688,86.59220123291016,18.030000686645508
2024-10-21,251.22000122070312,571.8817138671875,85.07938385009766,18.3700008392334
2024-10-22,253.92999267578125,571.5780029296875,85.16236877441406,18.200000762939453
2024-10-23,250.8699951171875,566.3552856445312,84.93177032470703,19.239999771118164
2024-10-24,252.8000030517578,567.5801391601562,85.47603607177734,19.079999923706055
2024-10-25,253.32000732421875,567.3840942382812,84.99634552001953,20.329999923706055
2024-10-28,253.3300018310547,569.1381225585938,84.7657241821289,19.799999237060547
2024-10-29,256.0899963378906,570.0592041015625,84.89485168457031,19.34000015258789
2024-10-30,257.5,568.334716796875,85.14393615722656,20.350000381469727
2024-10-31,253.50999450683594,557.1935424804688,85.28231048583984,23.15999984741211
2024-11-01,252.47000122070312,559.545166015625,84.07997131347656,21.8799991607666
2024-11-04,252.8300018310547,558.3399658203125,85.38505554199219,21.979999542236328
2024-11-05,253.39999389648438,565.0912475585938,85.8386001586914,20.489999771118164
2024-11-06,245.6999969482422,579.1425170898438,83.48760986328125,16.270000457763672
2024-11-07,249.64999389648438,583.62060546875,84.53350830078125,15.199999809265137
2024-11-08,247.9600067138672,586.1487426757812,85.607177734375,14.9399995803833
2024-11-11,242.13999938964844,586.7071533203125,85.19066619873047,14.970000267028809
2024-11-12,240.0500030517578,584.8847045898438,83.91336822509766,14.710000038146973
2024-11-13,237.6300048828125,585.1688232421875,83.11735534667969,14.020000457763672
2024-11-14,237.00999450683594,581.4060668945312,83.59866333007812,14.3100004196167
2024-11-15,236.58999633789062,573.9590454101562,83.37653350830078,16.139999389648438
2024-11-18,241.08999633789062,576.310791015625,83.52460479736328,15.579999923706055
2024-11-19,243.25,578.41748046875,83.95038604736328,16.350000381469727
2024-11-20,244.6199951171875,578.6134643554688,83.68199157714844,17.15999984741211
2024-11-21,246.66000366210938,581.7196655273438,83.6171646118164,16.8700008392334
2024-11-22,249.83999633789062,583.5225830078125,83.66346740722656,15.239999771118164
2024-11-25,242.47999572753906,585.5020141601562,85.829345703125,14.600000381469727
2024-11-26,242.9499969482422,588.5592041015625,85.49613189697266,14.100000381469727
2024-11-27,243.49000549316406,586.7758178710938,86.08849334716797,14.100000381469727
2024-11-29,245.58999633789062,590.4208984375,86.97704315185547,13.510000228881836
2024-12-02,243.44000244140625,591.4791259765625,87.18602752685547,13.34000015258789
2024-12-03,243.92999267578125,591.7534790039062,86.4337158203125,13.300000190734863
2024-12-04,244.6699981689453,595.427978515625,87.36248779296875,13.449999809265137
2024-12-05,242.86000061035156,594.4481201171875,87.53897094726562,13.539999961853027
2024-12-06,242.9499969482422,595.5750122070312,87.66898345947266,12.770000457763672
2024-12-09,245.36000061035156,592.5079345703125,86.86094665527344,14.1899995803833
2024-12-10,248.58999633789062,590.6658935546875,86.45227813720703,14.180000305175781
2024-12-11,250.9600067138672,595.2320556640625,85.63494873046875,13.579999923706055
2024-12-12,247.27999877929688,592.1650390625,84.59468078613281,13.920000076293945
2024-12-13,244.2899932861328,592.0475463867188,83.73090362548828,13.8100004196167
2024-12-16,244.8800048828125,594.575439453125,83.98167419433594,14.6899995803833
2024-12-17,243.94000244140625,592.1258544921875,84.18602752685547,15.869999885559082
2024-12-18,239.25999450683594,574.4784545898438,83.13333129882812,27.6200008392334
2024-12-19,239.60000610351562,574.302001953125,81.87457275390625,24.09000015258789
2024-12-20,242.10000610351562,581.2000122070312,82.34078216552734,18.360000610351562
2024-12-23,240.9600067138672,584.680419921875,81.58552551269531,16.780000686645508
2024-12-24,241.44000244140625,591.1790771484375,81.9305419921875,14.270000457763672
2024-12-26,243.07000732421875,591.218505859375,81.88390350341797,14.729999542236328
2024-12-27,241.39999389648438,584.9949951171875,81.21257019042969,15.949999809265137
2024-12-30,240.6300048828125,578.3192138671875,81.8652572631836,17.399999618530273
2024-12-31,242.1300048828125,576.2152709960938,81.42703247070312,17.350000381469727
2025-01-02,245.4199981689453,574.7994995117188,81.65081024169922,17.93000030517578
2025-01-03,243.49000549316406,581.9864501953125,81.38972473144531,16.1299991607666
2025-01-06,243.19000244140625,585.3390502929688,81.0261001586914,16.040000915527344
2025-01-07,244.55999755859375,578.7222900390625,80.11235046386719,17.81999969482422
2025-01-08,245.86000061035156,579.56787109375,80.21488952636719,17.700000762939453
2025-01-10,248.2100067138672,570.7192993164062,79.6834487915039,19.540000915527344
2025-01-13,245.74000549316406,571.6043090820312,79.65545654296875,19.190000534057617
2025-01-14,247.02999877929688,572.3907470703125,79.52493286132812,18.709999084472656
2025-01-15,248.8800048828125,582.8025512695312,80.89556121826172,16.1200008392334
2025-01-16,250.60000610351562,581.6817016601562,81.15664672851562,16.600000381469727
2025-01-17,249.27000427246094,587.521728515625,81.29647827148438,15.970000267028809
2025-01-21,253.1300048828125,592.8995971679688,82.02377319335938,15.0600004196167
2025-01-22,254.42999267578125,596.2326049804688,81.59486389160156,15.100000381469727
2025-01-23,254.07000732421875,599.48681640625,80.9608154296875,15.020000457763672
2025-01-24,255.64999389648438,597.7367553710938,81.3244400024414,14.850000381469727
2025-01-27,252.99000549316406,589.2815551757812,82.28485870361328,17.899999618530273
2025-01-28,255.17999267578125,594.344970703125,82.22891235351562,16.40999984741211
2025-01-29,254.1999969482422,591.6805419921875,82.0610580444336,16.559999465942383
2025-01-30,258.04998779296875,594.8560791015625,82.3687744140625,15.84000015258789
2025-01-31,258.55999755859375,591.6903686523438,81.8279800415039,16.43000030517578
2025-02-03,259.94000244140625,587.7085571289062,82.49422454833984,18.6200008392334
2025-02-04,262.5,591.6510009765625,82.74684143066406,17.209999084472656
2025-02-05,264.1300048828125,594.0498657226562,84.11302185058594,15.770000457763672
2025-02-06,263.42999267578125,596.1146240234375,84.07560729980469,15.5
2025-02-07,263.8999938964844,590.6580810546875,83.53287506103516,16.540000915527344
2025-02-10,268.3699951171875,594.6693725585938,83.28022766113281,15.8100004196167
2025-02-11,267.3900146484375,595.1216430664062,82.74684143066406,16.020000457763672
2025-02-12,267.6700134277344,593.2044067382812,81.62398529052734,15.890000343322754
2025-02-13,270.30999755859375,599.4671630859375,82.98078918457031,15.100000381469727
2025-02-14,266.2900085449219,599.437744140625,83.42058563232422,14.770000457763672
2025-02-18,270.70001220703125,601.197509765625,82.43806457519531,15.350000381469727
2025-02-19,270.8500061035156,602.6133422851562,82.5409927368164,15.270000457763672
2025-02-20,270.989990234375,600.1062622070312,82.84979248046875,15.65999984741211
2025-02-21,270.739990234375,589.842041015625,83.85100555419922,18.209999084472656
2025-02-24,272.2099914550781,587.157958984375,84.09429931640625,18.979999542236328
2025-02-25,268.6199951171875,584.2378540039062,85.5447006225586,19.43000030517578
2025-02-26,269.0299987792969,584.5328979492188,86.04998779296875,19.100000381469727
2025-02-27,264.92999267578125,575.20263671875,85.4417724609375,21.1299991607666
2025-02-28,263.2699890136719,584.178955078125,86.48979187011719,19.6299991607666
2025-03-03,266.739990234375,573.9441528320312,86.89341735839844,22.780000686645508
2025-03-04,269.05999755859375,567.1505126953125,85.82331848144531,23.510000228881836
2025-03-05,269.6199951171875,573.24609375,85.13807678222656,21.93000030517578
2025-03-06,268.25,563.0702514648438,84.85648345947266,24.8700008392334
2025-03-07,268.3900146484375,566.226318359375,84.58427429199219,23.3700008392334
2025-03-10,266.0400085449219,551.1444702148438,85.46663665771484,27.860000610351562
2025-03-11,269.1600036621094,546.56298828125,84.85648345947266,26.920000076293945
2025-03-12,270.3299865722656,549.4633178710938,84.34959411621094,24.229999542236328
2025-03-13,275.1300048828125,542.138671875,85.09115600585938,24.65999984741211
2025-03-14,275.239990234375,553.3369750976562,84.6406021118164,21.770000457763672
2025-03-17,276.7300109863281,557.60400390625,85.06300354003906,20.510000228881836
2025-03-18,279.9599914550781,551.5771484375,85.14746856689453,21.700000762939453
2025-03-19,281.1099853515625,557.5842895507812,85.58865356445312,19.899999618530273
2025-03-20,280.75,555.9718627929688,85.64498901367188,19.799999237060547
2025-03-21,278.489990234375,556.1553344726562,85.13807678222656,19.280000686645508
2025-03-24,277.25,566.1151733398438,84.26509857177734,17.479999542236328
2025-03-25,278.4700012207031,567.4759521484375,84.25575256347656,17.149999618530273
2025-03-26,278.239990234375,560.7013549804688,83.7019271850586,18.329999923706055
2025-03-27,281.9700012207031,559.2122802734375,83.4578628540039,18.690000534057617
2025-03-28,284.05999755859375,547.95068359375,84.61241912841797,21.649999618530273
2025-03-31,288.1400146484375,551.6289672851562,85.4478530883789,22.280000686645508
2025-04-01,287.57000732421875,553.18701171875,86.18831634521484,21.770000457763672
2025-04-02,288.1600036621094,556.6878051757812,86.13177490234375,21.510000228881836
2025-04-03,286.4200134277344,529.2537841796875,86.52745056152344,30.020000457763672
2025-04-04,279.7200012207031,498.2696838378906,87.46949768066406,45.310001373291016
2025-04-07,273.7099914550781,497.3821716308594,84.83177185058594,46.97999954223633
2025-04-08,275.20001220703125,489.591796875,83.23027038574219,52.33000183105469
2025-04-09,285.3800048828125,541.0084838867188,83.72013092041016,33.619998931884766
2025-04-10,292.3500061035156,517.3018798828125,81.412109375,40.720001220703125
2025-04-11,297.92999267578125,526.531982421875,81.8548583984375,37.560001373291016
2025-04-14,296.2300109863281,531.64013671875,82.43894958496094,30.889999389648438
2025-04-15,297.7799987792969,530.1511840820312,82.73097229003906,30.1200008392334
2025-04-16,307.4700012207031,518.3668823242188,83.19258880615234,32.63999938964844
2025-04-17,306.1199951171875,519.1064453125,82.4577865600586,29.649999618530273
2025-04-21,315.5899963378906,506.7503356933594,81.01644897460938,33.81999969482422
2025-04-22,311.1099853515625,519.9348754882812,81.46863555908203,30.56999969482422
2025-04-23,303.6499938964844,527.9915161132812,82.25996398925781,28.450000762939453
2025-04-24,308.07000732421875,539.1051635742188,83.12664794921875,26.469999313354492
2025-04-25,304.7300109863281,543.0003662109375,83.73897552490234,24.84000015258789
2025-04-28,309.07000732421875,543.2074584960938,84.26654052734375,25.149999618530273
2025-04-29,306.05999755859375,546.6292724609375,84.97305297851562,24.170000076293945
2025-04-30,303.7699890136719,546.8462524414062,84.28536987304688,24.700000762939453
2025-05-01,297.4599914550781,550.7216796875,83.85798645019531,24.600000381469727
2025-05-02,297.9800109863281,558.8966674804688,82.9502944946289,22.68000030517578
2025-05-05,306.8800048828125,555.6918334960938,82.48696899414062,23.639999389648438
2025-05-06,315.4800109863281,551.0471801757812,82.76119232177734,24.760000228881836
2025-05-07,310.75,553.364501953125,83.11103820800781,23.549999237060547
2025-05-08,304.6300048828125,557.2203369140625,82.18441772460938,22.479999542236328
2025-05-09,306.8399963378906,556.51025390625,82.3073501586914,21.899999618530273
2025-05-12,298.19000244140625,574.9015502929688,81.54146575927734,18.389999389648438
2025-05-13,299.4599914550781,578.6981201171875,81.21053314208984,18.219999313354492
2025-05-14,293.1600036621094,579.437744140625,80.67156982421875,18.6200008392334
2025-05-15,297.8399963378906,582.2678833007812,81.38074493408203,17.829999923706055
2025-05-16,294.239990234375,585.9559936523438,81.59820556640625,17.239999771118164
2025-05-19,298.0299987792969,586.5969848632812,81.36182403564453,18.139999389648438
2025-05-20,303.5799865722656,584.6246948242188,80.7756118774414,18.09000015258789
2025-05-21,305.82000732421875,574.7733764648438,79.39514923095703,20.8700008392334
2025-05-22,303.1099853515625,575.0001831054688,79.81118774414062,20.280000686645508
2025-05-23,309.75,571.0753173828125,79.94353485107422,22.290000915527344
2025-05-27,304.5,582.9483642578125,81.05924224853516,18.959999084472656
2025-05-28,303.80999755859375,579.5758056640625,80.70941925048828,19.309999465942383
2025-05-29,305.6099853515625,581.8635864257812,81.45636749267578,19.18000030517578
2025-05-30,303.6000061035156,581.2127685546875,81.57929229736328,18.56999969482422
2025-06-02,311.6700134277344,584.4866943359375,80.82006072998047,18.360000610351562
2025-06-03,308.9100036621094,587.8197631835938,80.67770385742188,17.690000534057617
2025-06-04,310.8999938964844,587.6619873046875,81.98738098144531,17.610000610351562
2025-06-05,309.3299865722656,584.8219604492188,82.04431915283203,18.479999542236328
2025-06-06,305.17999267578125,590.8274536132812,81.00038146972656,16.770000457763672
2025-06-09,306.6199951171875,591.3599243164062,81.0857925415039,17.15999984741211
2025-06-10,306.7099914550781,594.7127685546875,81.50334930419922,16.950000762939453
2025-06-11,308.3699951171875,593.0166625976562,81.75011444091797,17.260000228881836
2025-06-12,312.20001220703125,595.3734741210938,82.7276382446289,18.020000457763672
2025-06-13,316.2900085449219,588.7171020507812,81.93042755126953,20.81999969482422
2025-06-16,311.7799987792969,594.318359375,81.10478210449219,19.110000610351562
2025-06-17,311.94000244140625,589.2398681640625,82.0917739868164,21.600000381469727
2025-06-18,310.260009765625,589.1510009765625,82.23412322998047,20.139999389648438
2025-06-20,310.1300048828125,587.7673950195312,82.08226776123047,20.6200008392334
2025-06-23,311.0799865722656,593.5730590820312,82.34800720214844,19.829999923706055
2025-06-24,306.19000244140625,600.13037109375,82.9458999633789,17.479999542236328
2025-06-25,307.1199951171875,600.4666748046875,83.05029296875,16.760000228881836
2025-06-26,306.7799987792969,605.1646118164062,83.4678726196289,16.59000015258789
2025-06-27,301.2200012207031,608.1712646484375,82.93640899658203,16.31999969482422
2025-06-30,304.8299865722656,611.0791015625,83.75259399414062,16.729999542236328
2025-07-01,307.54998779296875,610.8812866210938,83.96024322509766,16.829999923706055
2025-07-02,309.25,613.650634765625,83.42680358886719,16.639999389648438
2025-07-03,307.1400146484375,618.4869995117188,82.8457260131836,16.3799991607666
2025-07-07,307.3699951171875,613.8780517578125,82.05509185791016,17.790000915527344
2025-07-08,304.1600036621094,613.5418090820312,81.95030212402344,16.809999465942383
2025-07-09,305.5199890136719,617.2210083007812,82.8076400756836,15.9399995803833
2025-07-10,306.20001220703125,618.9617309570312,82.86479187011719,15.779999732971191
2025-07-11,309.1400146484375,616.7858276367188,81.72168731689453,16.399999618530273
2025-07-14,308.010009765625,617.9628295898438,81.55022430419922,17.200000762939453
2025-07-15,306.7300109863281,615.3220825195312,80.97868347167969,17.3799991607666
2025-07-16,308.260009765625,617.3792724609375,81.0929946899414,17.15999984741211
2025-07-17,307.5899963378906,621.1573486328125,81.07393646240234,16.520000457763672
2025-07-18,308.3900146484375,620.7024536132812,81.1977767944336,16.40999984741211
2025-07-21,313.1300048828125,621.87939453125,81.92173767089844,16.649999618530273
2025-07-22,316.1000061035156,621.9684448242188,82.41705322265625,16.5
2025-07-23,312.17999267578125,627.2598266601562,81.95984649658203,15.369999885559082
2025-07-24,310.2699890136719,627.4674072265625,81.81694793701172,15.390000343322754
2025-07-25,307.3999938964844,630.1181030273438,82.33133697509766,14.930000305175781
2025-07-28,305.4100036621094,629.9598388671875,81.79790496826172,15.029999732971191
2025-07-29,306.25,628.29833984375,83.17914581298828,15.979999542236328
2025-07-30,300.9599914550781,627.5070190429688,82.7504653930664,15.479999542236328
2025-07-31,302.9599914550781,625.153076171875,82.79808807373047,16.719999313354492
2025-08-01,309.1099853515625,614.9066162109375,83.9751968383789,20.3799991607666
2025-08-04,310.9100036621094,624.2530517578125,84.20470428466797,17.520000457763672
2025-08-05,311.1600036621094,621.088134765625,84.46288299560547,17.850000381469727
2025-08-06,310.5,625.845458984375,83.9751968383789,16.770000457763672
2025-08-07,313.1199951171875,625.3212280273438,83.83177185058594,16.56999969482422
2025-08-08,313.04998779296875,630.1972045898438,83.46841430664062,15.149999618530273
2025-08-11,308.54998779296875,628.9510498046875,83.56402587890625,16.25
2025-08-12,308.2699890136719,635.6468505859375,83.14329528808594,14.729999542236328
2025-08-13,309.2099914550781,637.8228149414062,83.83177185058594,14.489999771118164
2025-08-14,307.25,637.882080078125,83.21023559570312,14.829999923706055
2025-08-15,307.42999267578125,636.388671875,82.61737823486328,15.09000015258789
2025-08-18,306.95001220703125,636.2501220703125,82.37832641601562,14.989999771118164
2025-08-19,305.2699890136719,632.7984008789062,82.8564453125,15.569999694824219
2025-08-20,308.3599853515625,631.116943359375,83.03811645507812,15.6899995803833
2025-08-21,307.2900085449219,628.5851440429688,82.62693786621094,16.600000381469727
2025-08-22,310.5799865722656,638.2381591796875,83.2389144897461,14.220000267028809
2025-08-25,309.8299865722656,635.4292602539062,82.99987030029297,14.789999961853027
2025-08-26,312.0799865722656,638.0897827148438,82.9520492553711,14.619999885559082
2025-08-27,312.7099914550781,639.543701171875,82.8564453125,14.850000381469727
2025-08-28,315.0299987792969,641.80859375,83.4014892578125,14.430000305175781
2025-08-29,318.07000732421875,637.98095703125,82.80860900878906,15.359999656677246
2025-09-02,325.5899963378906,633.25341796875,82.1923828125,17.170000076293945
2025-09-03,328.1400146484375,636.6853637695312,83.09464263916016,16.350000381469727
2025-09-04,326.69000244140625,642.0064086914062,83.72816467285156,15.300000190734863
2025-09-05,331.04998779296875,640.1469116210938,85.00476837158203,15.180000305175781
2025-09-08,334.82000732421875,641.7196044921875,86.13739013671875,15.109999656677246
2025-09-09,334.05999755859375,643.203125,85.64787292480469,15.039999961853027
2025-09-10,335.260009765625,645.0625,86.13739013671875,15.350000381469727
2025-09-11,334.760009765625,650.4231567382812,86.71330261230469,14.710000038146973
2025-09-12,335.4200134277344,650.2054443359375,86.33897399902344,14.760000228881836
2025-09-15,338.9100036621094,653.6671752929688,86.54053497314453,15.6899995803833
2025-09-16,339.5899963378906,652.76708984375,86.722900390625,16.360000610351562
2025-09-17,336.9700012207031,651.9561157226562,86.50213623046875,15.720000267028809
2025-09-18,335.6199951171875,655.00244140625,85.60948181152344,15.699999809265137
2025-09-19,339.17999267578125,658.2465209960938,85.4462890625,15.449999809265137
2025-09-22,345.04998779296875,661.3606567382812,85.13915252685547,16.100000381469727
2025-09-23,346.4599914550781,657.7606201171875,85.73426055908203,16.639999389648438
2025-09-24,343.32000732421875,655.6677856445312,85.40792083740234,16.18000030517578
2025-09-25,344.75,652.6429443359375,85.40792083740234,16.739999771118164
2025-09-26,346.739990234375,656.3819580078125,85.33111572265625,15.289999961853027
2025-09-29,352.4599914550781,658.2266845703125,86.03181457519531,16.1200008392334
2025-09-30,355.4700012207031,660.7061157226562,85.78224182128906,16.280000686645508
2025-10-01,356.0299987792969,662.95751953125,86.00379180908203,16.290000915527344
2025-10-02,354.7900085449219,663.7210693359375,86.25422668457031,16.6299991607666
2025-10-03,357.6400146484375,663.7112426757812,86.09046936035156,16.649999618530273
2025-10-06,364.3800048828125,666.0914916992188,85.40660858154297,16.3700008392334
2025-10-07,366.260009765625,663.6219482421875,85.8978271484375,17.239999771118164
2025-10-08,372.29998779296875,667.5791625976562,85.96526336669922,16.299999237060547
2025-10-09,365.42999267578125,665.6452026367188,85.8978271484375,16.43000030517578
2025-10-10,369.1199951171875,647.6542358398438,87.28484344482422,21.65999984741211
2025-10-13,378.0899963378906,657.5919189453125,87.23667907714844,19.030000686645508
2025-10-14,380.7900085449219,656.78857421875,87.51600646972656,20.809999465942383
2025-10-15,387.3900146484375,659.7044067382812,87.32337188720703,20.639999389648438
2025-10-16,396.45001220703125,655.2117309570312,87.97833251953125,25.309999465942383
2025-10-17,388.989990234375,658.9308471679688,87.84349822998047,20.780000686645508
2025-10-20,403.1499938964844,665.7840576171875,88.18061065673828,18.229999542236328
2025-10-21,377.239990234375,665.7741088867188,88.61405944824219,17.8700008392334
2025-10-22,377.2799987792969,662.3128051757812,88.67184448242188,18.600000381469727
2025-10-23,378.7900085449219,666.2402954101562,88.06502532958984,17.299999237060547
2025-10-24,377.5199890136719,671.6851806640625,88.10354614257812,16.3700008392334
2025-10-27,367.010009765625,679.6094970703125,88.40213775634766,15.789999961853027
2025-10-28,364.3800048828125,681.41455078125,88.63330841064453,16.420000076293945
2025-10-29,363.0,681.7418823242188,87.73753356933594,16.920000076293945
2025-10-30,370.1300048828125,674.2439575195312,87.22705078125,16.90999984741211
2025-10-31,368.1199951171875,676.4556274414062,86.96697235107422,17.440000534057617
2025-11-03,368.7799987792969,677.7251586914062,86.74946594238281,17.170000076293945
2025-11-04,362.32000732421875,669.6917114257812,86.94282531738281,19.0
2025-11-05,366.510009765625,672.0125122070312,85.99546813964844,18.010000228881836
2025-11-06,366.07000732421875,664.8021850585938,86.76882934570312,19.5
2025-11-07,368.30999755859375,665.4567260742188,86.58513641357422,19.079999923706055
2025-11-10,378.3800048828125,675.8407592773438,86.56580352783203,17.600000381469727
2025-11-11,379.8699951171875,677.3878784179688,86.962158203125,17.280000686645508
2025-11-12,385.989990234375,677.7647705078125,87.11682891845703,17.510000228881836
2025-11-13,382.8699951171875,666.5179443359375,86.40147399902344,20.0
2025-11-14,375.9599914550781,666.408935546875,85.9084701538086,19.829999923706055
2025-11-17,371.6499938964844,660.2002563476562,86.12113952636719,22.3799991607666
2025-11-18,374.3500061035156,654.65625,86.09214782714844,24.690000534057617
2025-11-19,374.9599914550781,657.185302734375,85.91813659667969,23.65999984741211
2025-11-20,374.8500061035156,647.1683349609375,86.25647735595703,26.420000076293945
2025-11-21,374.2699890136719,653.6148681640625,86.51749420166016,23.43000030517578
2025-11-24,380.20001220703125,663.2351684570312,87.01049041748047,20.520000457763672
2025-11-25,380.0799865722656,669.4734497070312,87.2328109741211,18.559999465942383
2025-11-26,383.1199951171875,674.09521484375,87.6194839477539,17.190000534057617
2025-11-28,387.8800048828125,677.7747192382812,87.20381927490234,16.350000381469727
2025-12-01,389.75,674.6803588867188,86.11824798583984,17.239999771118164
2025-12-02,387.239990234375,675.9300537109375,86.15704345703125,16.59000015258789
2025-12-03,386.8800048828125,678.2706298828125,86.39958190917969,16.079999923706055
2025-12-04,387.1300048828125,678.7665405273438,85.93390655517578,15.779999732971191
2025-12-05,386.44000244140625,680.0557861328125,85.53617095947266,15.40999984741211
2025-12-08,385.4200134277344,678.0127563476562,85.25482177734375,16.65999984741211
2025-12-09,387.3999938964844,677.4275512695312,85.3421401977539,16.93000030517578
2025-12-10,389.04998779296875,681.92041015625,85.67198944091797,15.770000457763672
2025-12-11,393.239990234375,683.5072021484375,85.5555648803711,14.850000381469727
2025-12-12,395.44000244140625,676.1580810546875,84.73095703125,15.739999771118164
2025-12-15,395.79998779296875,675.1365356445312,84.78916931152344,16.5
2025-12-16,395.8900146484375,673.2918701171875,85.25482177734375,16.479999542236328
2025-12-17,399.2900085449219,665.8832397460938,85.1772232055664,17.6200008392334
2025-12-18,398.57000732421875,670.9114990234375,85.58467864990234,16.8700008392334
2025-12-19,399.0199890136719,676.9923095703125,85.2652359008789,14.90999984741211
2025-12-22,408.2300109863281,681.2098388671875,85.08018493652344,14.079999923706055
2025-12-23,413.6400146484375,684.3233032226562,85.21653747558594,14.0
2025-12-24,411.92999267578125,686.7305297851562,85.73270416259766,13.470000267028809
2025-12-26,416.739990234375,686.660888671875,85.45027160644531,13.600000381469727
2025-12-29,398.6000061035156,684.2138671875,85.77166748046875,14.199999809265137
2025-12-30,398.8900146484375,683.3782958984375,85.56714630126953,14.329999923706055
2025-12-31,396.30999755859375,678.3152465820312,84.88542175292969,14.949999809265137
2026-01-02,398.2799987792969,679.55859375,84.75880432128906,14.510000228881836
2026-01-05,408.760009765625,684.0845947265625,85.17758178710938,14.899999618530273
2026-01-06,413.17999267578125,688.1529541015625,85.00227355957031,14.75
2026-01-07,409.2300109863281,685.9347534179688,85.49896240234375,15.380000114440918
2026-01-08,411.489990234375,685.8651123046875,85.07044982910156,15.449999809265137
2026-01-09,414.4700012207031,690.4010009765625,85.63533020019531,14.489999771118164
2026-01-12,422.2300109863281,691.4852294921875,85.38211822509766,15.119999885559082
2026-01-13,421.6300048828125,690.1026000976562,85.5281982421875,15.979999542236328
2026-01-14,425.94000244140625,686.7105712890625,86.02489471435547,16.75
2026-01-15,423.3299865722656,688.5806884765625,86.00540161132812,15.84000015258789
2026-01-16,421.2900085449219,688.0037231445312,85.50870513916016,15.859999656677246
2026-01-20,437.2300109863281,673.9981689453125,84.38872528076172,20.09000015258789
2026-01-21,443.6000061035156,681.77685546875,85.03150177001953,16.899999618530273
2026-01-22,451.7900085449219,685.3379516601562,85.40158081054688,15.640000343322754
2026-01-23,458.0,685.5865478515625,85.63533020019531,16.09000015258789
2026-01-26,464.70001220703125,689.068115234375,86.04435729980469,16.149999618530273
2026-01-27,476.1000061035156,691.8134765625,85.50870513916016,16.350000381469727
2026-01-28,494.55999755859375,691.7438354492188,85.31392669677734,16.350000381469727
2026-01-29,495.8999938964844,690.3711547851562,85.33340454101562,16.8799991607666
2026-01-30,444.95001220703125,688.3121337890625,84.85618591308594,17.440000534057617
2026-02-02,427.1300048828125,691.73388671875,84.61375427246094,16.34000015258789
2026-02-03,454.2900085449219,685.885009765625,84.81904602050781,18.0
2026-02-04,453.9700012207031,682.5626831054688,84.60396575927734,18.639999389648438
2026-02-05,441.8800048828125,674.0379638671875,85.52294158935547,21.770000457763672
2026-02-06,455.4599914550781,686.96923828125,85.58159637451172,20.3700008392334
2026-02-09,467.0299987792969,690.2816162109375,85.56204223632812,17.360000610351562
2026-02-10,462.3999938964844,688.4613037109375,86.54945373535156,17.790000915527344
2026-02-11,467.6300048828125,688.3021850585938,86.0899658203125,17.649999618530273
2026-02-12,451.3900146484375,677.668701171875,87.23379516601562,20.81999969482422
2026-02-13,462.6199951171875,678.1461181640625,87.71282196044922,20.600000381469727
2026-02-17,448.20001220703125,679.2402954101562,87.85948181152344,20.290000915527344
2026-02-18,458.2799987792969,682.662109375,87.5270767211914,19.6200008392334
2026-02-19,459.55999755859375,680.8616943359375,87.61506652832031,20.229999542236328
2026-02-20,468.6199951171875,685.7855834960938,87.4097671508789,19.09000015258789
2026-02-23,481.2799987792969,678.7827758789062,87.73238372802734,21.010000228881836
2026-02-24,474.6099853515625,683.7164916992188,87.8887939453125,19.549999237060547
2026-02-25,473.4200134277344,689.4859008789062,87.8985824584961,17.93000030517578
2026-02-26,477.4800109863281,685.6561889648438,88.25051879882812,18.6299991607666
2026-02-27,483.75,682.3637084960938,88.78822326660156,19.860000610351562
2026-03-02,490.0,682.7516479492188,87.89659118652344,21.440000534057617
2026-03-03,468.1400146484375,676.7337036132812,87.72004699707031,23.56999969482422
2026-03-04,471.79998779296875,681.50830078125,87.44539642333984,21.149999618530273
2026-03-05,466.1300048828125,677.7084350585938,87.09227752685547,23.75
2026-03-06,473.510009765625,668.8256225585938,86.76859283447266,29.489999771118164
2026-03-09,472.5299987792969,674.6845092773438,87.52387237548828,25.5
2026-03-10,477.8599853515625,673.6002807617188,86.59202575683594,24.93000030517578
2026-03-11,476.239990234375,672.7548217773438,85.47383117675781,24.229999542236328
2026-03-12,466.8800048828125,662.5390625,85.30707550048828,27.290000915527344
2026-03-13,460.8399963378906,658.7890014648438,84.88530731201172,27.190000534057617
2026-03-16,460.42999267578125,665.493408203125,85.54248809814453,23.510000228881836
2026-03-17,459.2699890136719,667.2440185546875,85.77790069580078,22.3700008392334
2026-03-18,444.739990234375,657.9335327148438,85.29727172851562,25.09000015258789
2026-03-19,426.4100036621094,656.3121337890625,85.817138671875,24.059999465942383
2026-03-20,413.3800048828125,646.9034423828125,84.18888092041016,26.780000686645508
2026-03-23,404.0400085449219,653.6959228515625,84.73816680908203,26.149999618530273
2026-03-24,404.1300048828125,651.5015869140625,84.36543273925781,26.950000762939453
2026-03-25,416.2900085449219,655.1322021484375,85.1795654296875,25.329999923706055
2026-03-26,400.6400146484375,643.432373046875,84.46351623535156,27.440000534057617
2026-03-27,414.70001220703125,632.4606323242188,84.00251007080078,31.049999237060547
2026-03-30,414.5799865722656,630.3460693359375,85.1207046508789,30.610000610351562
2026-03-31,430.2900085449219,648.6688842773438,85.03243255615234,25.25
2026-04-01,437.82000732421875,653.5562744140625,84.94873046875,24.540000915527344
2026-04-02,429.4100036621094,654.144775390625,85.47067260742188,23.8700008392334
2026-04-06,427.6499938964844,657.23681640625,85.33280181884766,24.170000076293945
2026-04-07,431.80999755859375,657.5260009765625,85.32294464111328,25.780000686645508
2026-04-08,434.5299987792969,674.27294921875,85.59869384765625,21.040000915527344
2026-04-09,437.9100036621094,678.162841796875,85.38204193115234,19.489999771118164
2026-04-10,437.1300048828125,677.7140502929688,85.17522430419922,19.229999542236328
2026-04-13,435.3599853515625,684.3369750976562,85.43128204345703,19.1200008392334
2026-04-14,445.0899963378906,692.675537109375,85.88429260253906,18.360000610351562
2026-04-15,440.4599914550781,698.1414184570312,85.51006317138672,18.170000076293945
2026-04-16,440.0799865722656,699.8569946289062,84.96842193603516,17.940000534057617
2026-04-17,445.92999267578125,708.3152465820312,85.74640655517578,17.479999542236328
2026-04-20,442.0899963378906,706.8988037109375,85.72672271728516,18.8700008392334
2026-04-21,429.57000732421875,702.2708129882812,85.25401306152344,19.5
2026-04-22,435.260009765625,709.3825073242188,85.42142486572266,18.920000076293945
2026-04-23,431.0400085449219,706.6295776367188,85.23431396484375,19.309999465942383
2026-04-24,433.25,712.10546875,85.39188385009766,18.709999084472656
2026-04-27,429.8900146484375,713.332275390625,84.96842193603516,18.020000457763672
2026-04-28,421.9100036621094,709.8612060546875,85.05705261230469,17.829999923706055
2026-04-29,417.4100036621094,709.7515258789062,84.39723205566406,18.809999465942383
2026-04-30,423.6600036621094,716.8132934570312,84.31845092773438,16.889999389648438
2026-05-01,423.17999267578125,718.7982177734375,84.61993408203125,16.989999771118164
2026-05-04,414.7099914550781,716.1649780273438,83.9774398803711,18.290000915527344
2026-05-05,418.2699890136719,721.9102172851562,84.44200897216797,17.3799991607666
2026-05-06,430.9599914550781,731.9443359375,85.08448791503906,17.389999389648438
2026-05-07,431.67999267578125,729.7001342773438,84.65946960449219,17.079999923706055
2026-05-08,433.7699890136719,735.724609375,85.08448791503906,17.190000534057617
2026-05-11,434.6499938964844,737.4002685546875,84.57050323486328,18.3799991607666
2026-05-12,432.92999267578125,736.2831420898438,84.00708770751953,17.989999771118164
2026-05-13,430.5,740.4025268554688,83.81929779052734,17.8700008392334
2026-05-14,427.2099914550781,746.2474975585938,83.93790435791016,17.260000228881836
2026-05-15,417.2900085449219,737.2706298828125,82.6924819946289,18.43000030517578
2026-05-18,418.42999267578125,736.751953125,82.5936279296875,17.81999969482422
2026-05-19,411.5,731.8446044921875,82.05987548828125,18.059999465942383
2026-05-20,417.3999938964844,739.3452758789062,82.93959045410156,17.440000534057617
2026-05-21,416.989990234375,740.8114624023438,83.24600219726562,16.760000228881836
2026-05-22,413.82000732421875,743.7239990234375,83.70068359375,16.700000762939453
2026-05-25,413.82000732421875,743.7239990234375,83.70068359375,16.59000015258789
2026-05-26,414.0,748.6613159179688,84.1158218383789,17.010000228881836
2026-05-27,408.489990234375,748.5316162109375,84.31351470947266,16.290000915527344
2026-05-28,412.7699890136719,752.6609497070312,84.7484130859375,15.739999771118164
2026-05-29,417.1199951171875,754.5361328125,84.76819610595703,15.319999694824219
2026-06-01,411.260009765625,756.5908203125,84.8138427734375,16.049999237060547
2026-06-02,411.95001220703125,757.6182250976562,84.9924545288086,15.770000457763672
2026-06-03,407.8699951171875,752.3018798828125,84.65506744384766,16.059999465942383
2026-06-04,411.2699890136719,755.1445922851562,84.8436050415039,15.399999618530273
2026-06-05,396.239990234375,735.65478515625,84.406982421875,21.510000228881836
2026-06-08,397.2699890136719,737.3204345703125,83.97036743164062,18.920000076293945
2026-06-09,390.7799987792969,735.1560668945312,84.4665298461914,19.8700008392334
2026-06-10,374.5799865722656,723.56591796875,84.22836303710938,22.219999313354492
2026-06-11,386.32000732421875,735.8642578125,85.31993103027344,19.440000534057617
2026-06-12,386.5400085449219,739.843994140625,85.11153411865234,17.68000030517578
2026-06-15,396.54998779296875,752.890380859375,85.06192016601562,16.200000762939453
2026-06-16,397.6300048828125,748.4019775390625,85.52831268310547,16.40999984741211
2026-06-17,388.6000061035156,739.0560302734375,85.66724395751953,18.440000534057617
2026-06-18,387.1199951171875,746.739990234375,86.08401489257812,16.399999618530273
2026-06-22,384.5899963378906,744.3900146484375,85.4290771484375,17.280000686645508
2026-06-23,377.32000732421875,733.5800170898438,85.5382308959961,19.489999771118164
2026-06-24,365.9200134277344,733.239990234375,86.70916748046875,18.6299991607666
2026-06-25,369.4599914550781,734.2999877929688,86.67940521240234,18.889999389648438
2026-06-26,373.6300048828125,728.989990234375,86.6893310546875,18.40999984741211
2026-06-29,368.5799865722656,741.0,86.77864074707031,17.649999618530273
2026-06-30,368.3800048828125,746.77001953125,85.75653839111328,16.450000762939453
2026-07-01,370.6000061035156,745.760009765625,85.1768798828125,16.59000015258789
2026-07-02,378.1300048828125,744.780029296875,85.16692352294922,16.149999618530273
2026-07-06,382.1300048828125,751.280029296875,85.1071548461914,15.569999694824219
2026-07-07,377.489990234375,747.7100219726562,84.21077728271484,16.1299991607666
2026-07-08,374.45001220703125,745.4000244140625,84.02153778076172,16.899999618530273
2026-07-09,378.17999267578125,751.7100219726562,84.15100860595703,15.84000015258789
2026-07-10,377.010009765625,754.9500122070312,84.13109588623047,15.029999732971191
2026-07-13,367.1300048828125,749.1699829101562,83.63310241699219,17.15999984741211
2026-07-14,372.1499938964844,751.8300170898438,83.74266052246094,16.5
2026-07-15,372.3500061035156,754.8099975585938,83.90201568603516,15.670000076293945
2026-07-16,364.9599914550781,750.719970703125,83.87213134765625,16.729999542236328
2026-07-17,368.4100036621094,743.2899780273438,84.1808853149414,18.770000457763672
2026-07-20,367.6000061035156,742.0900268554688,83.55342102050781,18.649999618530273
2026-07-21,374.80999755859375,748.280029296875,83.32434844970703,17.049999237060547
2026-07-22,379.1199951171875,747.4099731445312,83.105224609375,16.639999389648438
2026-07-23,371.5199890136719,738.1799926757812,82.8363037109375,18.700000762939453
2026-07-24,371.8999938964844,738.9299926757812,82.91598510742188,18.579999923706055
2026-07-27,374.6300048828125,739.0900268554688,83.41397857666016,18.670000076293945
2026-07-28,369.3699951171875,740.8599853515625,83.90201568603516,18.209999084472656
2026-07-29,371.0799865722656,729.4600219726562,82.51759338378906,20.65999984741211
2026-07-30,377.1600036621094,741.6900024414062,82.4677963256836,17.09000015258789
2026-07-31,371.5400085449219,747.030029296875,81.91999816894531,15.989999771118164
2026-08-03,371.7099914550781,757.6699829101562,82.19000244140625,15.859999656677246
2026-08-04,374.1600036621094,771.3300170898438,82.81999969482422,16.5
2026-08-05,389.6400146484375,769.7899780273438,83.0,15.8100004196167
2026-08-06,389.6700134277344,768.5599975585938,82.5199966430664,15.149999618530273
2026-08-07,398.4700012207031,773.260009765625,82.76000213623047,14.899999618530273
2026-08-10,402.5400085449219,773.030029296875,82.05999755859375,15.460000038146973
2026-08-11,400.9599914550781,770.5599975585938,82.19000244140625,15.279999732971191
2026-08-12,404.9200134277344,772.489990234375,82.11000061035156,14.550000190734863
2026-08-13,398.9599914550781,777.8800048828125,82.58999633789062,14.630000114440918
2026-08-14,401.4800109863281,776.3400268554688,82.04000091552734,14.25
2026-08-17,405.489990234375,772.6699829101562,81.3499984741211,15.1899995803833
2026-08-18,398.54998779296875,767.4500122070312,81.66000366210938,15.84000015258789
2026-08-19,413.8399963378906,769.0599975585938,83.0199966430664,14.890000343322754
2026-08-20,415.260009765625,762.5999755859375,82.33999633789062,16.010000228881836
2026-08-21,423.3599853515625,765.719970703125,82.05000305175781,15.130000114440918
2026-08-24,426.69000244140625,763.469970703125,82.55999755859375,15.850000381469727
2026-08-25,428.07000732421875,765.9099731445312,83.47000122070312,15.449999809265137
2026-08-26,421.32000732421875,766.0800170898438,83.30000305175781,15.210000038146973
2026-08-27,422.6000061035156,771.0999755859375,83.12999725341797,14.510000228881836
