Date,lagged_vix,trailing_vix_75pct,stress_regime
2010-01-05,,,0
2010-01-06,19.350000381469727,,0
2010-01-07,19.15999984741211,,0
2010-01-08,19.059999465942383,,0
2010-01-11,18.1299991607666,,0
2010-01-12,17.549999237060547,,0
2010-01-13,18.25,,0
2010-01-14,17.850000381469727,,0
2010-01-15,17.6299991607666,,0
2010-01-19,17.90999984741211,,0
2010-01-20,17.579999923706055,,0
2010-01-21,18.68000030517578,,0
2010-01-22,22.270000457763672,,0
2010-01-25,27.309999465942383,,0
2010-01-26,25.40999984741211,,0
2010-01-27,24.549999237060547,,0
2010-01-28,23.139999389648438,,0
2010-01-29,23.729999542236328,,0
2010-02-01,24.6200008392334,,0
2010-02-02,22.59000015258789,,0
2010-02-03,21.479999542236328,,0
2010-02-04,21.600000381469727,,0
2010-02-05,26.079999923706055,,0
2010-02-08,26.110000610351562,,0
2010-02-09,26.510000228881836,,0
2010-02-10,26.0,,0
2010-02-11,25.399999618530273,,0
2010-02-12,23.959999084472656,,0
2010-02-16,22.729999542236328,,0
2010-02-17,22.25,,0
2010-02-18,21.719999313354492,,0
2010-02-19,20.6299991607666,,0
2010-02-22,20.020000457763672,,0
2010-02-23,19.940000534057617,,0
2010-02-24,21.3700008392334,,0
2010-02-25,20.270000457763672,,0
2010-02-26,20.100000381469727,,0
2010-03-01,19.5,,0
2010-03-02,19.260000228881836,,0
2010-03-03,19.059999465942383,,0
2010-03-04,18.829999923706055,,0
2010-03-05,18.719999313354492,,0
2010-03-08,17.420000076293945,,0
2010-03-09,17.790000915527344,,0
2010-03-10,17.920000076293945,,0
2010-03-11,18.56999969482422,,0
2010-03-12,18.059999465942383,,0
2010-03-15,17.579999923706055,,0
2010-03-16,18.0,,0
2010-03-17,17.690000534057617,,0
2010-03-18,16.90999984741211,,0
2010-03-19,16.6200008392334,,0
2010-03-22,16.969999313354492,,0
2010-03-23,16.8700008392334,,0
2010-03-24,16.350000381469727,,0
2010-03-25,17.549999237060547,,0
2010-03-26,18.399999618530273,,0
2010-03-29,17.770000457763672,,0
2010-03-30,17.59000015258789,,0
2010-03-31,17.1299991607666,,0
2010-04-01,17.59000015258789,,0
2010-04-05,17.469999313354492,,0
2010-04-06,17.020000457763672,,0
2010-04-07,16.229999542236328,,0
2010-04-08,16.6200008392334,,0
2010-04-09,16.479999542236328,,0
2010-04-12,16.139999389648438,,0
2010-04-13,15.579999923706055,,0
2010-04-14,16.200000762939453,,0
2010-04-15,15.59000015258789,,0
2010-04-16,15.890000343322754,,0
2010-04-19,18.360000610351562,,0
2010-04-20,17.34000015258789,,0
2010-04-21,15.729999542236328,,0
2010-04-22,16.31999969482422,,0
2010-04-23,16.469999313354492,,0
2010-04-26,16.6200008392334,,0
2010-04-27,17.469999313354492,,0
2010-04-28,22.809999465942383,,0
2010-04-29,21.079999923706055,,0
2010-04-30,18.440000534057617,,0
2010-05-03,22.049999237060547,,0
2010-05-04,20.190000534057617,,0
2010-05-05,23.84000015258789,,0
2010-05-06,24.90999984741211,,0
2010-05-07,32.79999923706055,,0
2010-05-10,40.95000076293945,,0
2010-05-11,28.84000015258789,,0
2010-05-12,28.31999969482422,,0
2010-05-13,25.520000457763672,,0
2010-05-14,26.68000030517578,,0
2010-05-17,31.239999771118164,,0
2010-05-18,30.84000015258789,,0
2010-05-19,33.54999923706055,,0
2010-05-20,35.31999969482422,,0
2010-05-21,45.790000915527344,,0
2010-05-24,40.099998474121094,,0
2010-05-25,38.31999969482422,,0
2010-05-26,34.61000061035156,,0
2010-05-27,35.02000045776367,,0
2010-05-28,29.68000030517578,,0
2010-06-01,32.06999969482422,,0
2010-06-02,35.540000915527344,,0
2010-06-03,30.170000076293945,,0
2010-06-04,29.459999084472656,,0
2010-06-07,35.47999954223633,,0
2010-06-08,36.56999969482422,,0
2010-06-09,33.70000076293945,,0
2010-06-10,33.72999954223633,,0
2010-06-11,30.56999969482422,,0
2010-06-14,28.790000915527344,,0
2010-06-15,28.579999923706055,,0
2010-06-16,25.8700008392334,,0
2010-06-17,25.920000076293945,,0
2010-06-18,25.049999237060547,,0
2010-06-21,23.950000762939453,,0
2010-06-22,24.8799991607666,,0
2010-06-23,27.049999237060547,,0
2010-06-24,26.90999984741211,,0
2010-06-25,29.739999771118164,,0
2010-06-28,28.530000686645508,,0
2010-06-29,29.0,,0
2010-06-30,34.130001068115234,,0
2010-07-01,34.540000915527344,,0
2010-07-02,32.86000061035156,,0
2010-07-06,30.1200008392334,,0
2010-07-07,29.649999618530273,28.477500438690186,1
2010-07-08,26.84000015258789,28.425000190734863,0
2010-07-09,25.709999084472656,28.37249994277954,0
2010-07-12,24.979999542236328,28.31999969482422,0
2010-07-13,24.43000030517578,28.06749963760376,0
2010-07-14,24.559999465942383,27.8149995803833,0
2010-07-15,24.889999389648438,27.562499523162842,0
2010-07-16,25.139999389648438,27.309999465942383,0
2010-07-19,26.25,27.244999408721924,0
2010-07-20,25.969999313354492,27.179999351501465,0
2010-07-21,23.93000030517578,27.114999294281006,0
2010-07-22,25.639999389648438,27.049999237060547,0
2010-07-23,24.6299991607666,27.014999389648438,0
2010-07-26,23.469999313354492,26.979999542236328,0
2010-07-27,22.729999542236328,26.94499969482422,0
2010-07-28,23.190000534057617,26.90999984741211,0
2010-07-29,24.25,26.892499923706055,0
2010-07-30,24.1299991607666,26.875,0
2010-08-02,23.5,26.857500076293945,0
2010-08-03,22.010000228881836,26.84000015258789,0
2010-08-04,22.6299991607666,26.800000190734863,0
2010-08-05,22.209999084472656,26.760000228881836,0
2010-08-06,22.100000381469727,26.72000026702881,0
2010-08-09,21.739999771118164,26.68000030517578,0
2010-08-10,22.139999389648438,26.637500286102295,0
2010-08-11,22.3700008392334,26.59500026702881,0
2010-08-12,25.389999389648438,26.552500247955322,0
2010-08-13,25.729999542236328,26.510000228881836,0
2010-08-16,26.239999771118164,26.445000171661377,0
2010-08-17,26.100000381469727,26.380000114440918,0
2010-08-18,24.329999923706055,26.31500005722046,0
2010-08-19,24.59000015258789,26.25,0
2010-08-20,26.440000534057617,26.392500400543213,1
2010-08-23,25.489999771118164,26.34500026702881,0
2010-08-24,25.65999984741211,26.297500133514404,0
2010-08-25,27.459999084472656,26.440000534057617,1
2010-08-26,26.700000762939453,26.49250030517578,1
2010-08-27,27.3700008392334,26.59500026702881,1
2010-08-30,24.450000762939453,26.552500247955322,0
2010-08-31,27.209999084472656,26.68000030517578,1
2010-09-01,26.049999237060547,26.637500286102295,0
2010-09-02,23.889999389648438,26.59500026702881,0
2010-09-03,23.190000534057617,26.552500247955322,0
2010-09-07,21.309999465942383,26.510000228881836,0
2010-09-08,23.799999237060547,26.49250030517578,0
2010-09-09,23.25,26.475000381469727,0
2010-09-10,22.809999465942383,26.457500457763672,0
2010-09-13,21.989999771118164,26.440000534057617,0
2010-09-14,21.209999084472656,26.392500400543213,0
2010-09-15,21.559999465942383,26.34500026702881,0
2010-09-16,22.100000381469727,26.297500133514404,0
2010-09-17,21.719999313354492,26.25,0
2010-09-20,22.010000228881836,26.24749994277954,0
2010-09-21,21.5,26.244999885559082,0
2010-09-22,22.350000381469727,26.242499828338623,0
2010-09-23,22.510000228881836,26.239999771118164,0
2010-09-24,23.8700008392334,26.207499980926514,0
2010-09-27,21.709999084472656,26.175000190734863,0
2010-09-28,22.540000915527344,26.142500400543213,0
2010-09-29,22.600000381469727,26.110000610351562,0
2010-09-30,23.25,26.107500553131104,0
2010-10-01,23.700000762939453,26.105000495910645,0
2010-10-04,22.5,26.102500438690186,0
2010-10-05,23.530000686645508,26.100000381469727,0
2010-10-06,21.760000228881836,26.09500026702881,0
2010-10-07,21.489999771118164,26.09000015258789,0
2010-10-08,21.559999465942383,26.085000038146973,0
2010-10-11,20.709999084472656,26.079999923706055,0
2010-10-12,18.959999084472656,26.072499752044678,0
2010-10-13,18.93000030517578,26.0649995803833,0
2010-10-14,19.06999969482422,26.057499408721924,0
2010-10-15,19.8799991607666,26.049999237060547,0
2010-10-18,19.030000686645508,26.03749942779541,0
2010-10-19,19.09000015258789,26.024999618530273,0
2010-10-20,20.6299991607666,26.012499809265137,0
2010-10-21,19.790000915527344,26.0,0
2010-10-22,19.270000457763672,25.992499828338623,0
2010-10-25,18.780000686645508,25.984999656677246,0
2010-10-26,19.850000381469727,25.97749948501587,0
2010-10-27,20.219999313354492,25.969999313354492,0
2010-10-28,20.709999084472656,25.957499504089355,0
2010-10-29,20.8799991607666,25.94499969482422,0
2010-11-01,21.200000762939453,25.932499885559082,0
2010-11-02,21.829999923706055,25.920000076293945,0
2010-11-03,21.56999969482422,25.90750026702881,0
2010-11-04,19.559999465942383,25.895000457763672,0
2010-11-05,18.520000457763672,25.882500648498535,0
2010-11-08,18.260000228881836,25.8700008392334,0
2010-11-09,18.290000915527344,25.83500051498413,0
2010-11-10,19.079999923706055,25.800000190734863,0
2010-11-11,18.469999313354492,25.764999866485596,0
2010-11-12,18.639999389648438,25.729999542236328,0
2010-11-15,20.610000610351562,25.72499942779541,0
2010-11-16,20.200000762939453,25.719999313354492,0
2010-11-17,22.579999923706055,25.714999198913574,0
2010-11-18,21.760000228881836,25.709999084472656,0
2010-11-19,18.75,25.69749927520752,0
2010-11-22,18.040000915527344,25.684999465942383,0
2010-11-23,18.3700008392334,25.672499656677246,0
2010-11-24,20.6299991607666,25.65999984741211,0
2010-11-26,19.559999465942383,25.65499973297119,0
2010-11-29,22.219999313354492,25.649999618530273,0
2010-11-30,21.530000686645508,25.644999504089355,0
2010-12-01,23.540000915527344,25.639999389648438,0
2010-12-02,21.360000610351562,25.609999656677246,0
2010-12-03,19.389999389648438,25.579999923706055,0
2010-12-06,18.010000228881836,25.550000190734863,0
2010-12-07,18.020000457763672,25.520000457763672,0
2010-12-08,17.989999771118164,25.512500286102295,0
2010-12-09,17.739999771118164,25.505000114440918,0
2010-12-10,17.25,25.49749994277954,0
2010-12-13,17.610000610351562,25.489999771118164,0
2010-12-14,17.549999237060547,25.46999979019165,0
2010-12-15,17.610000610351562,25.449999809265137,0
2010-12-16,17.940000534057617,25.429999828338623,0
2010-12-17,17.389999389648438,25.40999984741211,0
2010-12-20,16.110000610351562,25.40749979019165,0
2010-12-21,16.40999984741211,25.40499973297119,0
2010-12-22,16.489999771118164,25.402499675750732,0
2010-12-23,15.449999809265137,25.399999618530273,0
2010-12-27,16.469999313354492,25.397499561309814,0
2010-12-28,17.670000076293945,25.394999504089355,0
2010-12-29,17.520000457763672,25.392499446868896,0
2010-12-30,17.280000686645508,25.389999389648438,0
2010-12-31,17.520000457763672,25.327499389648438,0
2011-01-03,17.75,25.264999389648438,0
2011-01-04,17.610000610351562,25.202499389648438,0
2011-01-05,17.3799991607666,25.202499389648438,0
2011-01-06,17.020000457763672,25.202499389648438,0
2011-01-07,17.399999618530273,25.202499389648438,0
2011-01-10,17.139999389648438,25.202499389648438,0
2011-01-11,17.540000915527344,25.202499389648438,0
2011-01-12,16.889999389648438,25.202499389648438,0
2011-01-13,16.239999771118164,25.202499389648438,0
2011-01-14,16.389999389648438,25.202499389648438,0
2011-01-18,15.460000038146973,25.202499389648438,0
2011-01-19,15.869999885559082,25.202499389648438,0
2011-01-20,17.309999465942383,25.202499389648438,0
2011-01-21,17.989999771118164,25.202499389648438,0
2011-01-24,18.469999313354492,25.07249927520752,0
2011-01-25,17.649999618530273,24.997499465942383,0
2011-01-26,17.59000015258789,24.997499465942383,0
2011-01-27,16.639999389648438,24.997499465942383,0
2011-01-28,16.149999618530273,24.997499465942383,0
2011-01-31,20.040000915527344,24.997499465942383,0
2011-02-01,19.530000686645508,24.997499465942383,0
2011-02-02,17.6299991607666,24.997499465942383,0
2011-02-03,17.299999237060547,24.997499465942383,0
2011-02-04,16.690000534057617,24.927499771118164,0
2011-02-07,15.930000305175781,24.894999504089355,0
2011-02-08,16.280000686645508,24.88249921798706,0
2011-02-09,15.8100004196167,24.6924991607666,0
2011-02-10,15.869999885559082,24.59999990463257,0
2011-02-11,16.09000015258789,24.59999990463257,0
2011-02-14,15.6899995803833,24.59999990463257,0
2011-02-15,15.949999809265137,24.59999990463257,0
2011-02-16,16.3700008392334,24.59999990463257,0
2011-02-17,16.719999313354492,24.59999990463257,0
2011-02-18,16.59000015258789,24.59999990463257,0
2011-02-22,16.43000030517578,24.59999990463257,0
2011-02-23,20.799999237060547,24.59999990463257,0
2011-02-24,22.1299991607666,24.59999990463257,0
2011-02-25,21.31999969482422,24.59999990463257,0
2011-02-28,19.219999313354492,24.59999990463257,0
2011-03-01,18.350000381469727,24.59999990463257,0
2011-03-02,21.010000228881836,24.59999990463257,0
2011-03-03,20.700000762939453,24.59999990463257,0
2011-03-04,18.600000381469727,24.59999990463257,0
2011-03-07,19.059999465942383,24.59999990463257,0
2011-03-08,20.65999984741211,24.59999990463257,0
2011-03-09,19.81999969482422,24.59999990463257,0
2011-03-10,20.219999313354492,24.59999990463257,0
2011-03-11,21.8799991607666,24.59999990463257,0
2011-03-14,20.079999923706055,24.59999990463257,0
2011-03-15,21.1299991607666,24.59999990463257,0
2011-03-16,24.31999969482422,24.59999990463257,0
2011-03-17,29.399999618530273,24.6924991607666,1
2011-03-18,26.3700008392334,24.88249921798706,1
2011-03-21,24.440000534057617,24.88249921798706,0
2011-03-22,20.610000610351562,24.88249921798706,0
2011-03-23,20.209999084472656,24.88249921798706,0
2011-03-24,19.170000076293945,24.88249921798706,0
2011-03-25,18.0,24.88249921798706,0
2011-03-28,17.90999984741211,24.88249921798706,0
2011-03-29,19.440000534057617,24.88249921798706,0
2011-03-30,18.15999984741211,24.88249921798706,0
2011-03-31,17.709999084472656,24.88249921798706,0
2011-04-01,17.739999771118164,24.88249921798706,0
2011-04-04,17.399999618530273,24.88249921798706,0
2011-04-05,17.5,24.88249921798706,0
2011-04-06,17.25,24.88249921798706,0
2011-04-07,16.899999618530273,24.88249921798706,0
2011-04-08,17.110000610351562,24.88249921798706,0
2011-04-11,17.8700008392334,24.88249921798706,0
2011-04-12,16.59000015258789,24.88249921798706,0
2011-04-13,17.09000015258789,24.88249921798706,0
2011-04-14,16.920000076293945,24.88249921798706,0
2011-04-15,16.270000457763672,24.88249921798706,0
2011-04-18,15.319999694824219,24.88249921798706,0
2011-04-19,16.959999084472656,24.88249921798706,0
2011-04-20,15.829999923706055,24.88249921798706,0
2011-04-21,15.069999694824219,24.88249921798706,0
2011-04-25,14.6899995803833,24.88249921798706,0
2011-04-26,15.770000457763672,24.88249921798706,0
2011-04-27,15.619999885559082,24.88249921798706,0
2011-04-28,15.350000381469727,24.88249921798706,0
2011-04-29,14.619999885559082,24.88249921798706,0
2011-05-02,14.75,24.88249921798706,0
2011-05-03,15.989999771118164,24.88249921798706,0
2011-05-04,16.700000762939453,24.88249921798706,0
2011-05-05,17.079999923706055,24.6924991607666,0
2011-05-06,18.200000762939453,24.59999990463257,0
2011-05-09,18.399999618530273,24.56749963760376,0
2011-05-10,17.15999984741211,24.477500438690186,0
2011-05-11,15.90999984741211,24.442500591278076,0
2011-05-12,16.950000762939453,24.43250036239624,0
2011-05-13,16.030000686645508,24.355000019073486,0
2011-05-16,17.06999969482422,24.322499752044678,0
2011-05-17,18.239999771118164,24.267499923706055,0
2011-05-18,17.549999237060547,24.15999937057495,0
2011-05-19,16.229999542236328,23.99500036239624,0
2011-05-20,15.520000457763672,23.9350004196167,0
2011-05-23,17.43000030517578,23.899999618530273,0
2011-05-24,18.270000457763672,23.875000476837158,0
2011-05-25,17.81999969482422,23.81749963760376,0
2011-05-26,17.06999969482422,23.725000381469727,0
2011-05-27,16.09000015258789,23.58000087738037,0
2011-05-31,15.979999542236328,23.532500743865967,0
2011-06-01,15.449999809265137,23.507500171661377,0
2011-06-02,18.299999237060547,23.47749948501587,0
2011-06-03,18.09000015258789,23.304999828338623,0
2011-06-06,17.950000762939453,23.25,0
2011-06-07,18.489999771118164,23.205000400543213,0
2011-06-08,18.06999969482422,23.190000534057617,0
2011-06-09,18.790000915527344,22.90499973297119,0
2011-06-10,17.770000457763672,22.749999523162842,0
2011-06-13,18.860000610351562,22.654999256134033,0
2011-06-14,19.610000610351562,22.607500076293945,0
2011-06-15,18.260000228881836,22.585000038146973,0
2011-06-16,21.31999969482422,22.55000066757202,0
2011-06-17,22.729999542236328,22.55000066757202,1
2011-06-20,21.850000381469727,22.517500400543213,0
2011-06-21,19.989999771118164,22.50250005722046,0
2011-06-22,18.860000610351562,22.40250062942505,0
2011-06-23,18.520000457763672,22.355000495910645,0
2011-06-24,19.290000915527344,22.2524995803833,0
2011-06-27,21.100000381469727,22.212499141693115,0
2011-06-28,20.559999465942383,22.157499313354492,0
2011-06-29,19.170000076293945,22.13249921798706,0
2011-06-30,17.270000457763672,22.107500076293945,0
2011-07-01,16.520000457763672,22.100000381469727,0
2011-07-05,15.869999885559082,22.03250026702881,0
2011-07-06,16.059999465942383,22.010000228881836,0
2011-07-07,16.34000015258789,21.994999885559082,0
2011-07-08,15.949999809265137,21.907499313354492,0
2011-07-11,15.949999809265137,21.857500076293945,0
2011-07-12,18.389999389648438,21.835000038146973,0
2011-07-13,19.8700008392334,21.77750015258789,0
2011-07-14,19.90999984741211,21.760000228881836,0
2011-07-15,20.799999237060547,21.744999885559082,0
2011-07-18,19.530000686645508,21.72499942779541,0
2011-07-19,20.950000762939453,21.712499141693115,0
2011-07-20,19.209999084472656,21.604999542236328,0
2011-07-21,19.09000015258789,21.562499523162842,0
2011-07-22,17.559999465942383,21.559999465942383,0
2011-07-25,17.520000457763672,21.537500381469727,0
2011-07-26,19.350000381469727,21.507500171661377,0
2011-07-27,20.229999542236328,21.492499828338623,0
2011-07-28,22.979999542236328,21.492499828338623,1
2011-07-29,23.739999771118164,21.492499828338623,1
2011-08-01,25.25,21.492499828338623,1
2011-08-02,23.65999984741211,21.492499828338623,1
2011-08-03,24.790000915527344,21.492499828338623,1
2011-08-04,23.3799991607666,21.492499828338623,1
2011-08-05,31.65999984741211,21.492499828338623,1
2011-08-08,32.0,21.492499828338623,1
2011-08-09,48.0,21.492499828338623,1
2011-08-10,35.060001373291016,21.492499828338623,1
2011-08-11,42.9900016784668,21.492499828338623,1
2011-08-12,39.0,21.492499828338623,1
2011-08-15,36.36000061035156,21.492499828338623,1
2011-08-16,31.8700008392334,21.492499828338623,1
2011-08-17,32.849998474121094,21.492499828338623,1
2011-08-18,31.579999923706055,21.492499828338623,1
2011-08-19,42.66999816894531,21.492499828338623,1
2011-08-22,43.04999923706055,21.492499828338623,1
2011-08-23,42.439998626708984,21.492499828338623,1
2011-08-24,36.27000045776367,21.492499828338623,1
2011-08-25,35.900001525878906,21.492499828338623,1
2011-08-26,39.7599983215332,21.492499828338623,1
2011-08-29,35.59000015258789,21.492499828338623,1
2011-08-30,32.279998779296875,21.492499828338623,1
2011-08-31,32.88999938964844,21.492499828338623,1
2011-09-01,31.6200008392334,21.492499828338623,1
2011-09-02,31.81999969482422,21.492499828338623,1
2011-09-06,33.91999816894531,21.507500171661377,1
2011-09-07,37.0,21.507500171661377,1
2011-09-08,33.380001068115234,21.507500171661377,1
2011-09-09,34.31999969482422,21.507500171661377,1
2011-09-12,38.52000045776367,21.507500171661377,1
2011-09-13,38.59000015258789,21.537500381469727,1
2011-09-14,36.90999984741211,21.537500381469727,1
2011-09-15,34.599998474121094,21.537500381469727,1
2011-09-16,31.969999313354492,21.537500381469727,1
2011-09-19,30.979999542236328,21.537500381469727,1
2011-09-20,32.72999954223633,21.562499523162842,1
2011-09-21,32.86000061035156,21.562499523162842,1
2011-09-22,37.31999969482422,21.562499523162842,1
2011-09-23,41.349998474121094,21.562499523162842,1
2011-09-26,41.25,21.562499523162842,1
2011-09-27,39.02000045776367,21.562499523162842,1
2011-09-28,37.709999084472656,21.562499523162842,1
2011-09-29,41.08000183105469,21.562499523162842,1
2011-09-30,38.84000015258789,21.562499523162842,1
2011-10-03,42.959999084472656,21.562499523162842,1
2011-10-04,45.45000076293945,21.562499523162842,1
2011-10-05,40.81999969482422,21.562499523162842,1
2011-10-06,37.810001373291016,21.617499828338623,1
2011-10-07,36.27000045776367,21.77750015258789,1
2011-10-10,36.20000076293945,21.835000038146973,1
2011-10-11,33.02000045776367,21.857500076293945,1
2011-10-12,32.86000061035156,21.9424991607666,1
2011-10-13,31.260000228881836,22.152499198913574,1
2011-10-14,30.700000762939453,22.309999465942383,1
2011-10-17,28.239999771118164,22.617499828338623,1
2011-10-18,33.38999938964844,22.792499542236328,1
2011-10-19,31.559999465942383,23.079999446868896,1
2011-10-20,34.439998626708984,23.419999599456787,1
2011-10-21,34.779998779296875,23.570000648498535,1
2011-10-24,31.31999969482422,23.679999828338623,1
2011-10-25,29.260000228881836,23.884999752044678,1
2011-10-26,32.220001220703125,24.34999990463257,1
2011-10-27,29.860000610351562,24.52750062942505,1
2011-10-28,25.459999084472656,24.905000686645508,1
2011-10-31,24.530000686645508,24.905000686645508,0
2011-11-01,29.959999084472656,25.302499771118164,1
2011-11-02,34.77000045776367,25.687499523162842,1
2011-11-03,32.7400016784668,26.83750057220459,1
2011-11-04,30.5,28.494999885559082,1
2011-11-07,30.15999984741211,29.295000076293945,1
2011-11-08,29.850000381469727,29.512499809265137,1
2011-11-09,27.479999542236328,29.512499809265137,0
2011-11-10,36.15999984741211,29.852500438690186,1
2011-11-11,32.810001373291016,29.885000228881836,1
2011-11-14,30.040000915527344,29.979999542236328,1
2011-11-15,31.1299991607666,30.070000648498535,1
2011-11-16,31.219999313354492,30.244999885559082,1
2011-11-17,33.5099983215332,30.550000190734863,1
2011-11-18,34.5099983215332,30.770000457763672,1
2011-11-21,32.0,31.017499446868896,1
2011-11-22,32.90999984741211,31.152499198913574,1
2011-11-23,31.969999313354492,31.229999542236328,1
2011-11-25,33.97999954223633,31.27500009536743,1
2011-11-28,34.470001220703125,31.37999963760376,1
2011-11-29,32.130001068115234,31.5649995803833,1
2011-11-30,30.639999389648438,31.5649995803833,0
2011-12-01,27.799999237060547,31.5649995803833,0
2011-12-02,27.40999984741211,31.5649995803833,0
2011-12-05,27.520000457763672,31.5649995803833,0
2011-12-06,27.84000015258789,31.5649995803833,0
2011-12-07,28.1299991607666,31.5649995803833,0
2011-12-08,28.670000076293945,31.5649995803833,0
2011-12-09,30.59000015258789,31.5649995803833,0
2011-12-12,26.3799991607666,31.5649995803833,0
2011-12-13,25.670000076293945,31.5649995803833,0
2011-12-14,25.40999984741211,31.5649995803833,0
2011-12-15,26.040000915527344,31.5649995803833,0
2011-12-16,25.110000610351562,31.5649995803833,0
2011-12-19,24.290000915527344,31.5649995803833,0
2011-12-20,24.920000076293945,31.5649995803833,0
2011-12-21,23.219999313354492,31.5649995803833,0
2011-12-22,21.43000030517578,31.5649995803833,0
2011-12-23,21.15999984741211,31.5649995803833,0
2011-12-27,20.729999542236328,31.5649995803833,0
2011-12-28,21.90999984741211,31.5649995803833,0
2011-12-29,23.520000457763672,31.5649995803833,0
2011-12-30,22.649999618530273,31.5649995803833,0
2012-01-03,23.399999618530273,31.5649995803833,0
2012-01-04,22.969999313354492,31.5649995803833,0
2012-01-05,22.219999313354492,31.5649995803833,0
2012-01-06,21.479999542236328,31.5649995803833,0
2012-01-09,20.6299991607666,31.5649995803833,0
2012-01-10,21.06999969482422,31.5649995803833,0
2012-01-11,20.690000534057617,31.5649995803833,0
2012-01-12,21.049999237060547,31.5649995803833,0
2012-01-13,20.469999313354492,31.5649995803833,0
2012-01-17,20.90999984741211,31.5649995803833,0
2012-01-18,22.200000762939453,31.5649995803833,0
2012-01-19,20.889999389648438,31.5649995803833,0
2012-01-20,19.8700008392334,31.5649995803833,0
2012-01-23,18.280000686645508,31.5649995803833,0
2012-01-24,18.670000076293945,31.5649995803833,0
2012-01-25,18.90999984741211,31.5649995803833,0
2012-01-26,18.309999465942383,31.5649995803833,0
2012-01-27,18.56999969482422,31.5649995803833,0
2012-01-30,18.530000686645508,31.5649995803833,0
2012-01-31,19.399999618530273,31.5649995803833,0
2012-02-01,19.440000534057617,31.5649995803833,0
2012-02-02,18.549999237060547,31.5649995803833,0
2012-02-03,17.979999542236328,31.5649995803833,0
2012-02-06,17.100000381469727,31.5649995803833,0
2012-02-07,17.760000228881836,31.5649995803833,0
2012-02-08,17.649999618530273,31.5649995803833,0
2012-02-09,18.15999984741211,31.5649995803833,0
2012-02-10,18.6299991607666,31.5649995803833,0
2012-02-13,20.790000915527344,31.5649995803833,0
2012-02-14,19.040000915527344,31.5649995803833,0
2012-02-15,19.540000915527344,31.5649995803833,0
2012-02-16,21.139999389648438,31.5649995803833,0
2012-02-17,19.219999313354492,31.5649995803833,0
2012-02-21,17.780000686645508,31.5649995803833,0
2012-02-22,18.190000534057617,31.5649995803833,0
2012-02-23,18.190000534057617,31.5649995803833,0
2012-02-24,16.799999237060547,31.5649995803833,0
2012-02-27,17.309999465942383,31.5649995803833,0
2012-02-28,18.190000534057617,31.5649995803833,0
2012-02-29,17.959999084472656,31.5649995803833,0
2012-03-01,18.43000030517578,31.5649995803833,0
2012-03-02,17.260000228881836,31.5649995803833,0
2012-03-05,17.290000915527344,31.5649995803833,0
2012-03-06,18.049999237060547,31.5649995803833,0
2012-03-07,20.8700008392334,31.5649995803833,0
2012-03-08,19.06999969482422,31.5649995803833,0
2012-03-09,17.950000762939453,31.5649995803833,0
2012-03-12,17.110000610351562,31.5649995803833,0
2012-03-13,15.640000343322754,31.5649995803833,0
2012-03-14,14.800000190734863,31.5649995803833,0
2012-03-15,15.3100004196167,31.5649995803833,0
2012-03-16,15.420000076293945,31.5649995803833,0
2012-03-19,14.470000267028809,31.5649995803833,0
2012-03-20,15.039999961853027,31.5649995803833,0
2012-03-21,15.579999923706055,31.5649995803833,0
2012-03-22,15.130000114440918,31.5649995803833,0
2012-03-23,15.569999694824219,31.5649995803833,0
2012-03-26,14.819999694824219,31.5649995803833,0
2012-03-27,14.260000228881836,31.5649995803833,0
2012-03-28,15.59000015258789,31.5649995803833,0
2012-03-29,15.470000267028809,31.5649995803833,0
2012-03-30,15.479999542236328,31.5649995803833,0
2012-04-02,15.5,31.5649995803833,0
2012-04-03,15.640000343322754,31.5649995803833,0
2012-04-04,15.65999984741211,31.5649995803833,0
2012-04-05,16.440000534057617,31.5649995803833,0
2012-04-09,16.700000762939453,31.5649995803833,0
2012-04-10,18.809999465942383,31.5649995803833,0
2012-04-11,20.389999389648438,31.5649995803833,0
2012-04-12,20.020000457763672,31.5649995803833,0
2012-04-13,17.200000762939453,31.5649995803833,0
2012-04-16,19.549999237060547,31.5649995803833,0
2012-04-17,19.549999237060547,31.5649995803833,0
2012-04-18,18.459999084472656,31.5649995803833,0
2012-04-19,18.639999389648438,31.5649995803833,0
2012-04-20,18.360000610351562,31.5649995803833,0
2012-04-23,17.440000534057617,31.5649995803833,0
2012-04-24,18.969999313354492,31.5649995803833,0
2012-04-25,18.100000381469727,31.5649995803833,0
2012-04-26,16.81999969482422,31.5649995803833,0
2012-04-27,16.239999771118164,31.5649995803833,0
2012-04-30,16.31999969482422,31.5649995803833,0
2012-05-01,17.149999618530273,31.5649995803833,0
2012-05-02,16.600000381469727,31.5649995803833,0
2012-05-03,16.8799991607666,31.5649995803833,0
2012-05-04,17.559999465942383,31.5649995803833,0
2012-05-07,19.15999984741211,31.5649995803833,0
2012-05-08,18.940000534057617,31.5649995803833,0
2012-05-09,19.049999237060547,31.5649995803833,0
2012-05-10,20.079999923706055,31.5649995803833,0
2012-05-11,18.829999923706055,31.5649995803833,0
2012-05-14,19.889999389648438,31.5649995803833,0
2012-05-15,21.8700008392334,31.5649995803833,0
2012-05-16,21.969999313354492,31.5649995803833,0
2012-05-17,22.270000457763672,31.5649995803833,0
2012-05-18,24.489999771118164,31.5649995803833,0
2012-05-21,25.100000381469727,31.5649995803833,0
2012-05-22,22.010000228881836,31.5649995803833,0
2012-05-23,22.479999542236328,31.5649995803833,0
2012-05-24,22.329999923706055,31.5649995803833,0
2012-05-25,21.540000915527344,31.5649995803833,0
2012-05-29,21.760000228881836,31.5649995803833,0
2012-05-30,21.030000686645508,31.5649995803833,0
2012-05-31,24.139999389648438,31.5649995803833,0
2012-06-01,24.059999465942383,31.5649995803833,0
2012-06-04,26.65999984741211,31.5649995803833,0
2012-06-05,26.1200008392334,31.5649995803833,0
2012-06-06,24.68000030517578,31.5649995803833,0
2012-06-07,22.15999984741211,31.5649995803833,0
2012-06-08,21.719999313354492,31.5649995803833,0
2012-06-11,21.229999542236328,31.5649995803833,0
2012-06-12,23.559999465942383,31.5649995803833,0
2012-06-13,22.09000015258789,31.5649995803833,0
2012-06-14,24.270000457763672,31.5649995803833,0
2012-06-15,21.68000030517578,31.5649995803833,0
2012-06-18,21.110000610351562,31.5649995803833,0
2012-06-19,18.31999969482422,31.5649995803833,0
2012-06-20,18.3799991607666,31.5649995803833,0
2012-06-21,17.239999771118164,31.5649995803833,0
2012-06-22,20.079999923706055,31.5649995803833,0
2012-06-25,18.110000610351562,31.5649995803833,0
2012-06-26,20.3799991607666,31.5649995803833,0
2012-06-27,19.719999313354492,31.5649995803833,0
2012-06-28,19.450000762939453,31.5649995803833,0
2012-06-29,19.709999084472656,31.5649995803833,0
2012-07-02,17.079999923706055,31.5649995803833,0
2012-07-03,16.799999237060547,31.5649995803833,0
2012-07-05,16.65999984741211,31.5649995803833,0
2012-07-06,17.5,31.5649995803833,0
2012-07-09,17.100000381469727,31.5649995803833,0
2012-07-10,17.979999542236328,31.5649995803833,0
2012-07-11,18.719999313354492,31.5649995803833,0
2012-07-12,17.950000762939453,31.5649995803833,0
2012-07-13,18.329999923706055,31.5649995803833,0
2012-07-16,16.739999771118164,31.5649995803833,0
2012-07-17,17.110000610351562,31.5649995803833,0
2012-07-18,16.479999542236328,31.5649995803833,0
2012-07-19,16.15999984741211,31.5649995803833,0
2012-07-20,15.449999809265137,31.5649995803833,0
2012-07-23,16.270000457763672,31.5649995803833,0
2012-07-24,18.6200008392334,31.5649995803833,0
2012-07-25,20.469999313354492,31.5649995803833,0
2012-07-26,19.34000015258789,31.5649995803833,0
2012-07-27,17.530000686645508,31.5649995803833,0
2012-07-30,16.700000762939453,31.5649995803833,0
2012-07-31,18.030000686645508,31.5649995803833,0
2012-08-01,18.93000030517578,31.5649995803833,0
2012-08-02,18.959999084472656,31.5649995803833,0
2012-08-03,17.56999969482422,31.5649995803833,0
2012-08-06,15.640000343322754,31.37999963760376,0
2012-08-07,15.949999809265137,31.27500009536743,0
2012-08-08,15.989999771118164,31.229999542236328,0
2012-08-09,15.319999694824219,31.152499198913574,0
2012-08-10,15.279999732971191,31.017499446868896,0
2012-08-13,14.739999771118164,30.770000457763672,0
2012-08-14,13.699999809265137,30.65499973297119,0
2012-08-15,14.850000381469727,30.602499961853027,0
2012-08-16,14.630000114440918,30.522500038146973,0
2012-08-17,14.289999961853027,30.244999885559082,0
2012-08-20,13.449999809265137,30.070000648498535,0
2012-08-21,14.020000457763672,29.979999542236328,0
2012-08-22,15.020000457763672,29.885000228881836,0
2012-08-23,15.109999656677246,29.852500438690186,0
2012-08-24,15.960000038146973,29.40750026702881,0
2012-08-27,15.180000305175781,28.817500114440918,0
2012-08-28,16.350000381469727,28.34749984741211,0
2012-08-29,16.489999771118164,28.157499313354492,0
2012-08-30,17.059999465942383,27.91249990463257,0
2012-08-31,17.829999923706055,27.809999465942383,0
2012-09-04,17.469999313354492,27.59000015258789,0
2012-09-05,17.979999542236328,27.489999771118164,0
2012-09-06,17.739999771118164,27.427499771118164,0
2012-09-07,15.600000381469727,26.84749984741211,0
2012-09-10,14.380000114440918,26.44999933242798,0
2012-09-11,16.280000686645508,26.1850004196167,0
2012-09-12,16.40999984741211,26.060000896453857,0
2012-09-13,15.800000190734863,25.762500286102295,0
2012-09-14,14.050000190734863,25.51249933242798,0
2012-09-17,14.510000228881836,25.422499656677246,0
2012-09-18,14.59000015258789,25.1850004196167,0
2012-09-19,14.180000305175781,25.102500438690186,0
2012-09-20,13.880000114440918,24.96500015258789,0
2012-09-21,14.069999694824219,24.740000247955322,0
2012-09-24,13.979999542236328,24.567500591278076,0
2012-09-25,14.149999618530273,24.5,0
2012-09-26,15.430000305175781,24.34000062942505,0
2012-09-27,16.809999465942383,24.27500057220459,0
2012-09-28,14.84000015258789,24.172499656677246,0
2012-10-01,15.729999542236328,24.079999446868896,0
2012-10-02,16.31999969482422,23.684999465942383,0
2012-10-03,15.710000038146973,23.53000020980835,0
2012-10-04,15.430000305175781,23.429999828338623,0
2012-10-05,14.550000190734863,23.264999389648438,0
2012-10-08,14.329999923706055,23.032499313354492,0
2012-10-09,15.109999656677246,22.729999542236328,0
2012-10-10,16.3700008392334,22.522499561309814,0
2012-10-11,16.290000915527344,22.367499828338623,0
2012-10-12,15.59000015258789,22.285000324249268,0
2012-10-15,16.139999389648438,22.232499599456787,0
2012-10-16,15.270000457763672,22.205000400543213,0
2012-10-17,15.220000267028809,22.170000076293945,0
2012-10-18,15.069999694824219,22.107500076293945,0
2012-10-19,15.029999732971191,22.03000020980835,0
2012-10-22,17.059999465942383,21.979999542236328,0
2012-10-23,16.6200008392334,21.924999713897705,0
2012-10-24,18.829999923706055,21.880000591278076,0
2012-10-25,18.329999923706055,21.787500381469727,0
2012-10-26,18.1200008392334,21.729999542236328,0
2012-10-31,17.809999465942383,21.69000005722046,0
2012-11-01,18.600000381469727,21.575000762939453,0
2012-11-02,16.690000534057617,21.494999885559082,0
2012-11-05,17.59000015258789,21.442500114440918,0
2012-11-06,18.420000076293945,21.27999973297119,0
2012-11-07,17.579999923706055,21.177499771118164,0
2012-11-08,19.079999923706055,21.144999504089355,0
2012-11-09,18.489999771118164,21.11750030517578,0
2012-11-12,18.610000610351562,21.079999923706055,0
2012-11-13,16.68000030517578,21.054999351501465,0
2012-11-14,16.649999618530273,21.035000324249268,0
2012-11-15,17.920000076293945,20.94000005722046,0
2012-11-16,17.989999771118164,20.894999504089355,0
2012-11-19,16.40999984741211,20.875000476837158,0
2012-11-20,15.239999771118164,20.810000896453857,0
2012-11-21,15.079999923706055,20.744999885559082,0
2012-11-23,15.3100004196167,20.700000286102295,0
2012-11-26,15.140000343322754,20.644999504089355,0
2012-11-27,15.5,20.50999927520752,0
2012-11-28,15.920000076293945,20.469999313354492,0
2012-11-29,15.510000228881836,20.40999937057495,0
2012-11-30,15.0600004196167,20.38249921798706,0
2012-12-03,15.869999885559082,20.15499973297119,0
2012-12-04,16.639999389648438,20.079999923706055,0
2012-12-05,17.1200008392334,20.035000324249268,0
2012-12-06,16.459999084472656,19.922499656677246,0
2012-12-07,16.579999923706055,19.875000476837158,0
2012-12-10,15.899999618530273,19.75749969482422,0
2012-12-11,16.049999237060547,19.712499141693115,0
2012-12-12,15.569999694824219,19.589999198913574,0
2012-12-13,15.949999809265137,19.549999237060547,0
2012-12-14,16.559999465942383,19.542500495910645,0
2012-12-17,17.0,19.472500801086426,0
2012-12-18,16.34000015258789,19.442500591278076,0
2012-12-19,15.569999694824219,19.40999984741211,0
2012-12-20,17.360000610351562,19.355000019073486,0
2012-12-21,17.670000076293945,19.249999523162842,0
2012-12-24,17.84000015258789,19.174999713897705,0
2012-12-26,17.84000015258789,19.09999990463257,0
2012-12-27,19.479999542236328,19.09999990463257,1
2012-12-28,19.469999313354492,19.09999990463257,1
2012-12-31,22.719999313354492,19.09999990463257,1
2013-01-02,18.020000457763672,19.072499752044678,0
2013-01-03,14.680000305175781,19.054999351501465,0
2013-01-04,14.5600004196167,19.042500495910645,0
2013-01-07,13.829999923706055,18.987499713897705,0
2013-01-08,13.789999961853027,18.962499141693115,0
2013-01-09,13.619999885559082,18.945000171661377,0
2013-01-10,13.8100004196167,18.93250036239624,0
2013-01-11,13.489999771118164,18.914999961853027,0
2013-01-14,13.359999656677246,18.84999990463257,0
2013-01-15,13.520000457763672,18.829999923706055,0
2013-01-16,13.550000190734863,18.8149995803833,0
2013-01-17,13.420000076293945,18.742499351501465,0
2013-01-18,13.569999694824219,18.682499885559082,0
2013-01-22,12.460000038146973,18.647499561309814,0
2013-01-23,12.430000305175781,18.63249921798706,0
2013-01-24,12.460000038146973,18.63249921798706,0
2013-01-25,12.6899995803833,18.6225004196167,0
2013-01-28,12.890000343322754,18.61250066757202,0
2013-01-29,13.569999694824219,18.61250066757202,0
2013-01-30,13.3100004196167,18.61250066757202,0
2013-01-31,14.319999694824219,18.61250066757202,0
2013-02-01,14.279999732971191,18.602500438690186,0
2013-02-04,12.899999618530273,18.562499523162842,0
2013-02-05,14.670000076293945,18.517499923706055,0
2013-02-06,13.720000267028809,18.517499923706055,0
2013-02-07,13.40999984741211,18.517499923706055,0
2013-02-08,13.5,18.517499923706055,0
2013-02-11,13.020000457763672,18.517499923706055,0
2013-02-12,12.9399995803833,18.517499923706055,0
2013-02-13,12.640000343322754,18.467499256134033,0
2013-02-14,12.979999542236328,18.4375,0
2013-02-15,12.65999984741211,18.422500133514404,0
2013-02-19,12.460000038146973,18.389999389648438,0
2013-02-20,12.3100004196167,18.365000247955322,0
2013-02-21,14.680000305175781,18.33750009536743,0
2013-02-22,15.220000267028809,18.33750009536743,0
2013-02-25,14.170000076293945,18.33750009536743,0
2013-02-26,18.989999771118164,18.365000247955322,1
2013-02-27,16.8700008392334,18.365000247955322,0
2013-02-28,14.729999542236328,18.365000247955322,0
2013-03-01,15.510000228881836,18.365000247955322,0
2013-03-04,15.359999656677246,18.365000247955322,0
2013-03-05,14.010000228881836,18.33750009536743,0
2013-03-06,13.479999542236328,18.33750009536743,0
2013-03-07,13.529999732971191,18.33750009536743,0
2013-03-08,13.0600004196167,18.33750009536743,0
2013-03-11,12.59000015258789,18.329999923706055,0
2013-03-12,11.5600004196167,18.322499752044678,0
2013-03-13,12.270000457763672,18.322499752044678,0
2013-03-14,11.829999923706055,18.322499752044678,0
2013-03-15,11.300000190734863,18.322499752044678,0
2013-03-18,11.300000190734863,18.322499752044678,0
2013-03-19,13.359999656677246,18.322499752044678,0
2013-03-20,14.390000343322754,18.322499752044678,0
2013-03-21,12.670000076293945,18.322499752044678,0
2013-03-22,13.989999771118164,18.322499752044678,0
2013-03-25,13.569999694824219,18.322499752044678,0
2013-03-26,13.739999771118164,18.322499752044678,0
2013-03-27,12.770000457763672,18.322499752044678,0
2013-03-28,13.149999618530273,18.322499752044678,0
2013-04-01,12.699999809265137,18.322499752044678,0
2013-04-02,13.579999923706055,18.322499752044678,0
2013-04-03,12.779999732971191,18.322499752044678,0
2013-04-04,14.210000038146973,18.322499752044678,0
2013-04-05,13.890000343322754,18.322499752044678,0
2013-04-08,13.920000076293945,18.322499752044678,0
2013-04-09,13.1899995803833,18.322499752044678,0
2013-04-10,12.84000015258789,18.322499752044678,0
2013-04-11,12.359999656677246,18.322499752044678,0
2013-04-12,12.239999771118164,18.170000553131104,0
2013-04-15,12.0600004196167,18.11250066757202,0
2013-04-16,17.270000457763672,18.102500438690186,0
2013-04-17,13.960000038146973,18.102500438690186,0
2013-04-18,16.510000228881836,18.047500610351562,0
2013-04-19,17.559999465942383,18.02250051498413,0
2013-04-22,14.970000267028809,17.99749994277954,0
2013-04-23,14.390000343322754,17.982499599456787,0
2013-04-24,13.479999542236328,17.979999542236328,0
2013-04-25,13.609999656677246,17.979999542236328,0
2013-04-26,13.619999885559082,17.957500457763672,0
2013-04-29,13.609999656677246,17.927500247955322,0
2013-04-30,13.710000038146973,17.927500247955322,0
2013-05-01,13.520000457763672,17.927500247955322,0
2013-05-02,14.489999771118164,17.927500247955322,0
2013-05-03,13.59000015258789,17.927500247955322,0
2013-05-06,12.850000381469727,17.927500247955322,0
2013-05-07,12.65999984741211,17.927500247955322,0
2013-05-08,12.829999923706055,17.927500247955322,0
2013-05-09,12.65999984741211,17.860000133514404,0
2013-05-10,13.130000114440918,17.84000015258789,0
2013-05-13,12.59000015258789,17.832499980926514,0
2013-05-14,12.550000190734863,17.8149995803833,0
2013-05-15,12.770000457763672,17.75749969482422,0
2013-05-16,12.8100004196167,17.6875,0
2013-05-17,13.069999694824219,17.610000133514404,0
2013-05-20,12.449999809265137,17.582499980926514,0
2013-05-21,13.020000457763672,17.572499752044678,0
2013-05-22,13.369999885559082,17.562499523162842,0
2013-05-23,13.819999694824219,17.537500381469727,0
2013-05-24,14.069999694824219,17.507500171661377,0
2013-05-28,13.989999771118164,17.47749948501587,0
2013-05-29,14.479999542236328,17.387500286102295,0
2013-05-30,14.829999923706055,17.292500495910645,0
2013-05-31,14.529999732971191,17.24749994277954,0
2013-06-03,16.299999237060547,17.15000057220459,0
2013-06-04,16.280000686645508,17.11250066757202,0
2013-06-05,16.270000457763672,17.102500438690186,0
2013-06-06,17.5,17.102500438690186,1
2013-06-07,16.6299991607666,17.085000038146973,0
2013-06-10,15.140000343322754,17.0649995803833,0
2013-06-11,15.4399995803833,17.059999465942383,0
2013-06-12,17.06999969482422,17.059999465942383,1
2013-06-13,18.59000015258789,17.059999465942383,1
2013-06-14,16.40999984741211,17.014999866485596,0
2013-06-17,17.149999618530273,17.014999866485596,1
2013-06-18,16.799999237060547,16.90250062942505,0
2013-06-19,16.610000610351562,16.824999809265137,0
2013-06-20,16.639999389648438,16.802499294281006,0
2013-06-21,20.489999771118164,16.802499294281006,1
2013-06-24,18.899999618530273,16.802499294281006,1
2013-06-25,20.110000610351562,16.802499294281006,1
2013-06-26,18.469999313354492,16.802499294281006,1
2013-06-27,17.209999084472656,16.802499294281006,1
2013-06-28,16.860000610351562,16.802499294281006,1
2013-07-01,16.860000610351562,16.802499294281006,1
2013-07-02,16.3700008392334,16.799999237060547,0
2013-07-03,16.440000534057617,16.75499963760376,0
2013-07-05,16.200000762939453,16.71000051498413,0
2013-07-08,14.890000343322754,16.692500591278076,0
2013-07-09,14.779999732971191,16.692500591278076,0
2013-07-10,14.350000381469727,16.68250036239624,0
2013-07-11,14.210000038146973,16.65749979019165,0
2013-07-12,14.010000228881836,16.642499446868896,0
2013-07-15,13.84000015258789,16.639999389648438,0
2013-07-16,13.789999961853027,16.63249921798706,0
2013-07-17,14.420000076293945,16.6225004196167,0
2013-07-18,13.779999732971191,16.61250066757202,0
2013-07-19,13.770000457763672,16.58750009536743,0
2013-07-22,12.539999961853027,16.58750009536743,0
2013-07-23,12.289999961853027,16.58750009536743,0
2013-07-24,12.65999984741211,16.58750009536743,0
2013-07-25,13.180000305175781,16.58750009536743,0
2013-07-26,12.970000267028809,16.5649995803833,0
2013-07-29,12.720000267028809,16.522500038146973,0
2013-07-30,13.390000343322754,16.494999885559082,0
2013-07-31,13.390000343322754,16.467499256134033,0
2013-08-01,13.449999809265137,16.445000171661377,0
2013-08-02,12.9399995803833,16.417500019073486,0
2013-08-05,11.979999542236328,16.40999984741211,0
2013-08-06,11.84000015258789,16.40999984741211,0
2013-08-07,12.720000267028809,16.380000591278076,0
2013-08-08,12.979999542236328,16.380000591278076,0
2013-08-09,12.729999542236328,16.380000591278076,0
2013-08-12,13.40999984741211,16.380000591278076,0
2013-08-13,12.8100004196167,16.380000591278076,0
2013-08-14,12.3100004196167,16.380000591278076,0
2013-08-15,13.039999961853027,16.380000591278076,0
2013-08-16,14.729999542236328,16.380000591278076,0
2013-08-19,14.369999885559082,16.380000591278076,0
2013-08-20,15.100000381469727,16.380000591278076,0
2013-08-21,14.90999984741211,16.380000591278076,0
2013-08-22,15.9399995803833,16.380000591278076,0
2013-08-23,14.760000228881836,16.380000591278076,0
2013-08-26,13.979999542236328,16.380000591278076,0
2013-08-27,14.989999771118164,16.380000591278076,0
2013-08-28,16.770000457763672,16.40999984741211,1
2013-08-29,16.489999771118164,16.40999984741211,1
2013-08-30,16.809999465942383,16.417500019073486,1
2013-09-03,17.010000228881836,16.417500019073486,1
2013-09-04,16.610000610351562,16.417500019073486,1
2013-09-05,15.880000114440918,16.40999984741211,0
2013-09-06,15.770000457763672,16.40999984741211,0
2013-09-09,15.850000381469727,16.380000591278076,0
2013-09-10,15.630000114440918,16.3700008392334,0
2013-09-11,14.529999732971191,16.3700008392334,0
2013-09-12,13.819999694824219,16.3700008392334,0
2013-09-13,14.289999961853027,16.3700008392334,0
2013-09-16,14.15999984741211,16.347500324249268,0
2013-09-17,14.380000114440918,16.347500324249268,0
2013-09-18,14.529999732971191,16.347500324249268,0
2013-09-19,13.59000015258789,16.347500324249268,0
2013-09-20,13.15999984741211,16.347500324249268,0
2013-09-23,13.119999885559082,16.347500324249268,0
2013-09-24,14.3100004196167,16.347500324249268,0
2013-09-25,14.079999923706055,16.347500324249268,0
2013-09-26,14.010000228881836,16.347500324249268,0
2013-09-27,14.0600004196167,16.347500324249268,0
2013-09-30,15.460000038146973,16.347500324249268,0
2013-10-01,16.600000381469727,16.347500324249268,1
2013-10-02,15.539999961853027,16.347500324249268,0
2013-10-03,16.600000381469727,16.3700008392334,1
2013-10-04,17.670000076293945,16.380000591278076,1
2013-10-07,16.739999771118164,16.40999984741211,1
2013-10-08,19.40999984741211,16.417500019073486,1
2013-10-09,20.34000015258789,16.445000171661377,1
2013-10-10,19.600000381469727,16.467499256134033,1
2013-10-11,16.479999542236328,16.482499599456787,0
2013-10-14,15.720000267028809,16.482499599456787,0
2013-10-15,16.06999969482422,16.482499599456787,0
2013-10-16,18.65999984741211,16.494999885559082,1
2013-10-17,14.710000038146973,16.494999885559082,0
2013-10-18,13.479999542236328,16.494999885559082,0
2013-10-21,13.039999961853027,16.494999885559082,0
2013-10-22,13.15999984741211,16.494999885559082,0
2013-10-23,13.329999923706055,16.494999885559082,0
2013-10-24,13.420000076293945,16.482499599456787,0
2013-10-25,13.199999809265137,16.464999198913574,0
2013-10-28,13.09000015258789,16.445000171661377,0
2013-10-29,13.3100004196167,16.417500019073486,0
2013-10-30,13.40999984741211,16.40999984741211,0
2013-10-31,13.649999618530273,16.380000591278076,0
2013-11-01,13.75,16.347500324249268,0
2013-11-04,13.279999732971191,16.309999465942383,0
2013-11-05,12.930000305175781,16.285000324249268,0
2013-11-06,13.270000457763672,16.27250051498413,0
2013-11-07,12.670000076293945,16.217500686645508,0
2013-11-08,13.90999984741211,16.102499961853027,0
2013-11-11,12.899999618530273,16.054999351501465,0
2013-11-12,12.529999732971191,15.97499966621399,0
2013-11-13,12.819999694824219,15.94249963760376,0
2013-11-14,12.520000457763672,15.924999952316284,0
2013-11-15,12.369999885559082,15.904999732971191,0
2013-11-18,12.1899995803833,15.884999990463257,0
2013-11-19,13.100000381469727,15.872499942779541,0
2013-11-20,13.390000343322754,15.872499942779541,0
2013-11-21,13.399999618530273,15.872499942779541,0
2013-11-22,12.65999984741211,15.872499942779541,0
2013-11-25,12.260000228881836,15.872499942779541,0
2013-11-26,12.789999961853027,15.872499942779541,0
2013-11-27,12.8100004196167,15.855000257492065,0
2013-11-29,12.979999542236328,15.855000257492065,0
2013-12-02,13.699999809265137,15.855000257492065,0
2013-12-03,14.229999542236328,15.790000438690186,0
2013-12-04,14.550000190734863,15.732500314712524,0
2013-12-05,14.699999809265137,15.65250015258789,0
2013-12-06,15.079999923706055,15.584999799728394,0
2013-12-09,13.789999961853027,15.569999694824219,0
2013-12-10,13.489999771118164,15.547499895095825,0
2013-12-11,13.90999984741211,15.517500162124634,0
2013-12-12,15.420000076293945,15.472500085830688,0
2013-12-13,15.539999961853027,15.472500085830688,1
2013-12-16,15.760000228881836,15.472500085830688,1
2013-12-17,16.030000686645508,15.472500085830688,1
2013-12-18,16.209999084472656,15.472500085830688,1
2013-12-19,13.800000190734863,15.444999694824219,0
2013-12-20,14.149999618530273,15.424999952316284,0
2013-12-23,13.789999961853027,15.374999761581421,0
2013-12-24,13.039999961853027,15.255000114440918,0
2013-12-26,12.479999542236328,15.160000324249268,0
2013-12-27,12.329999923706055,15.110000371932983,0
2013-12-30,12.460000038146973,15.085000038146973,0
2013-12-31,13.5600004196167,15.012499809265137,0
2014-01-02,13.720000267028809,14.975000143051147,0
2014-01-03,14.229999542236328,14.975000143051147,0
2014-01-06,13.760000228881836,14.975000143051147,0
2014-01-07,13.550000190734863,14.975000143051147,0
2014-01-08,12.920000076293945,14.975000143051147,0
2014-01-09,12.869999885559082,14.975000143051147,0
2014-01-10,12.890000343322754,14.975000143051147,0
2014-01-13,12.140000343322754,14.975000143051147,0
2014-01-14,13.279999732971191,14.975000143051147,0
2014-01-15,12.279999732971191,14.975000143051147,0
2014-01-16,12.279999732971191,14.975000143051147,0
2014-01-17,12.529999732971191,14.975000143051147,0
2014-01-21,12.4399995803833,14.975000143051147,0
2014-01-22,12.869999885559082,14.975000143051147,0
2014-01-23,12.84000015258789,14.975000143051147,0
2014-01-24,13.770000457763672,14.975000143051147,0
2014-01-27,18.139999389648438,15.012499809265137,1
2014-01-28,17.420000076293945,15.085000038146973,1
2014-01-29,15.800000190734863,15.110000371932983,1
2014-01-30,17.350000381469727,15.160000324249268,1
2014-01-31,17.290000915527344,15.255000114440918,1
2014-02-03,18.40999984741211,15.374999761581421,1
2014-02-04,21.440000534057617,15.424999952316284,1
2014-02-05,19.110000610351562,15.444999694824219,1
2014-02-06,19.950000762939453,15.472500085830688,1
2014-02-07,17.229999542236328,15.517500162124634,1
2014-02-10,15.289999961853027,15.517500162124634,0
2014-02-11,15.260000228881836,15.517500162124634,0
2014-02-12,14.510000228881836,15.517500162124634,0
2014-02-13,14.300000190734863,15.517500162124634,0
2014-02-14,14.140000343322754,15.517500162124634,0
2014-02-18,13.569999694824219,15.517500162124634,0
2014-02-19,13.869999885559082,15.517500162124634,0
2014-02-20,15.5,15.517500162124634,0
2014-02-21,14.789999961853027,15.517500162124634,0
2014-02-24,14.680000305175781,15.517500162124634,0
2014-02-25,14.229999542236328,15.517500162124634,0
2014-02-26,13.670000076293945,15.502500057220459,0
2014-02-27,14.350000381469727,15.47000002861023,0
2014-02-28,14.039999961853027,15.47000002861023,0
2014-03-03,14.0,15.444999694824219,0
2014-03-04,16.0,15.47000002861023,1
2014-03-05,14.100000381469727,15.47000002861023,0
2014-03-06,13.890000343322754,15.47000002861023,0
2014-03-07,14.210000038146973,15.47000002861023,0
2014-03-10,14.109999656677246,15.47000002861023,0
2014-03-11,14.199999809265137,15.47000002861023,0
2014-03-12,14.800000190734863,15.47000002861023,0
2014-03-13,14.470000267028809,15.47000002861023,0
2014-03-14,16.219999313354492,15.509999990463257,1
2014-03-17,17.81999969482422,15.539999961853027,1
2014-03-18,15.640000343322754,15.5625,1
2014-03-19,14.520000457763672,15.5625,0
2014-03-20,15.119999885559082,15.5625,0
2014-03-21,14.520000457763672,15.5625,0
2014-03-24,15.0,15.5625,0
2014-03-25,15.09000015258789,15.5625,0
2014-03-26,14.020000457763672,15.5625,0
2014-03-27,14.930000305175781,15.5625,0
2014-03-28,14.619999885559082,15.5625,0
2014-03-31,14.40999984741211,15.5625,0
2014-04-01,13.880000114440918,15.5625,0
2014-04-02,13.100000381469727,15.5625,0
2014-04-03,13.09000015258789,15.5625,0
2014-04-04,13.369999885559082,15.5625,0
2014-04-07,13.960000038146973,15.5625,0
2014-04-08,15.569999694824219,15.584999799728394,0
2014-04-09,14.890000343322754,15.584999799728394,0
2014-04-10,13.819999694824219,15.584999799728394,0
2014-04-11,15.890000343322754,15.632500171661377,1
2014-04-14,17.030000686645508,15.660000324249268,1
2014-04-15,16.110000610351562,15.660000324249268,1
2014-04-16,15.609999656677246,15.660000324249268,0
2014-04-17,14.180000305175781,15.632500171661377,0
2014-04-21,13.359999656677246,15.614999771118164,0
2014-04-22,13.25,15.614999771118164,0
2014-04-23,13.1899995803833,15.614999771118164,0
2014-04-24,13.270000457763672,15.614999771118164,0
2014-04-25,13.319999694824219,15.614999771118164,0
2014-04-28,14.0600004196167,15.614999771118164,0
2014-04-29,13.970000267028809,15.614999771118164,0
2014-04-30,13.710000038146973,15.614999771118164,0
2014-05-01,13.40999984741211,15.614999771118164,0
2014-05-02,13.25,15.614999771118164,0
2014-05-05,12.90999984741211,15.614999771118164,0
2014-05-06,13.289999961853027,15.614999771118164,0
2014-05-07,13.800000190734863,15.614999771118164,0
2014-05-08,13.399999618530273,15.614999771118164,0
2014-05-09,13.430000305175781,15.614999771118164,0
2014-05-12,12.920000076293945,15.614999771118164,0
2014-05-13,12.229999542236328,15.614999771118164,0
2014-05-14,12.130000114440918,15.614999771118164,0
2014-05-15,12.170000076293945,15.614999771118164,0
2014-05-16,13.170000076293945,15.614999771118164,0
2014-05-19,12.4399995803833,15.614999771118164,0
2014-05-20,12.420000076293945,15.614999771118164,0
2014-05-21,12.960000038146973,15.614999771118164,0
2014-05-22,11.90999984741211,15.614999771118164,0
2014-05-23,12.029999732971191,15.614999771118164,0
2014-05-27,11.359999656677246,15.614999771118164,0
2014-05-28,11.510000228881836,15.614999771118164,0
2014-05-29,11.680000305175781,15.614999771118164,0
2014-05-30,11.569999694824219,15.614999771118164,0
2014-06-02,11.399999618530273,15.614999771118164,0
2014-06-03,11.579999923706055,15.579999685287476,0
2014-06-04,11.869999885559082,15.547499895095825,0
2014-06-05,12.079999923706055,15.539999961853027,0
2014-06-06,11.680000305175781,15.509999990463257,0
2014-06-09,10.729999542236328,15.47000002861023,0
2014-06-10,11.149999618530273,15.47000002861023,0
2014-06-11,10.989999771118164,15.47000002861023,0
2014-06-12,11.600000381469727,15.430000066757202,0
2014-06-13,12.5600004196167,15.322499990463257,0
2014-06-16,12.180000305175781,15.267500162124634,0
2014-06-17,12.649999618530273,15.15499997138977,0
2014-06-18,12.0600004196167,15.105000257492065,0
2014-06-19,10.609999656677246,15.09250020980835,0
2014-06-20,10.619999885559082,15.082499980926514,0
2014-06-23,10.850000381469727,15.019999980926514,0
2014-06-24,10.979999542236328,14.992499828338623,0
2014-06-25,12.130000114440918,14.945000171661377,0
2014-06-26,11.59000015258789,14.914999961853027,0
2014-06-27,11.630000114440918,14.895000219345093,0
2014-06-30,11.260000228881836,14.890000343322754,0
2014-07-01,11.569999694824219,14.822500228881836,0
2014-07-02,11.149999618530273,14.792500019073486,0
2014-07-03,10.819999694824219,14.78249979019165,0
2014-07-07,10.319999694824219,14.765000104904175,0
2014-07-08,11.329999923706055,14.737499713897705,0
2014-07-09,11.979999542236328,14.714999914169312,0
2014-07-10,11.649999618530273,14.714999914169312,0
2014-07-11,12.59000015258789,14.714999914169312,0
2014-07-14,12.079999923706055,14.714999914169312,0
2014-07-15,11.819999694824219,14.714999914169312,0
2014-07-16,11.960000038146973,14.714999914169312,0
2014-07-17,11.0,14.714999914169312,0
2014-07-18,14.539999961853027,14.714999914169312,0
2014-07-21,12.0600004196167,14.714999914169312,0
2014-07-22,12.8100004196167,14.714999914169312,0
2014-07-23,12.239999771118164,14.714999914169312,0
2014-07-24,11.520000457763672,14.714999914169312,0
2014-07-25,11.84000015258789,14.714999914169312,0
2014-07-28,12.6899995803833,14.714999914169312,0
2014-07-29,12.5600004196167,14.714999914169312,0
2014-07-30,13.279999732971191,14.714999914169312,0
2014-07-31,13.329999923706055,14.714999914169312,0
2014-08-01,16.950000762939453,14.737499713897705,1
2014-08-04,17.030000686645508,14.767500162124634,1
2014-08-05,15.119999885559082,14.792500019073486,1
2014-08-06,16.8700008392334,14.822500228881836,1
2014-08-07,16.3700008392334,14.895000219345093,1
2014-08-08,16.65999984741211,14.914999961853027,1
2014-08-11,15.770000457763672,14.945000171661377,1
2014-08-12,14.229999542236328,14.945000171661377,0
2014-08-13,14.130000114440918,14.945000171661377,0
2014-08-14,12.899999618530273,14.945000171661377,0
2014-08-15,12.420000076293945,14.945000171661377,0
2014-08-18,13.149999618530273,14.945000171661377,0
2014-08-19,12.319999694824219,14.945000171661377,0
2014-08-20,12.210000038146973,14.914999961853027,0
2014-08-21,11.779999732971191,14.90000033378601,0
2014-08-22,11.760000228881836,14.822500228881836,0
2014-08-25,11.470000267028809,14.822500228881836,0
2014-08-26,11.699999809265137,14.822500228881836,0
2014-08-27,11.630000114440918,14.792500019073486,0
2014-08-28,11.779999732971191,14.730000019073486,0
2014-08-29,12.050000190734863,14.702499866485596,0
2014-09-02,12.09000015258789,14.68500018119812,0
2014-09-03,12.25,14.634999990463257,0
2014-09-04,12.359999656677246,14.567500114440918,0
2014-09-05,12.640000343322754,14.542500019073486,0
2014-09-08,12.09000015258789,14.53249979019165,0
2014-09-09,12.65999984741211,14.529999732971191,0
2014-09-10,13.5,14.522500276565552,0
2014-09-11,12.880000114440918,14.520000457763672,0
2014-09-12,12.800000190734863,14.520000457763672,0
2014-09-15,13.3100004196167,14.520000457763672,0
2014-09-16,14.119999885559082,14.520000457763672,0
2014-09-17,12.729999542236328,14.520000457763672,0
2014-09-18,12.649999618530273,14.512500286102295,0
2014-09-19,12.029999732971191,14.512500286102295,0
2014-09-22,12.109999656677246,14.512500286102295,0
2014-09-23,13.6899995803833,14.512500286102295,0
2014-09-24,14.930000305175781,14.520000457763672,1
2014-09-25,13.270000457763672,14.520000457763672,0
2014-09-26,15.640000343322754,14.52500033378601,1
2014-09-29,14.850000381469727,14.542500019073486,1
2014-09-30,15.979999542236328,14.542500019073486,1
2014-10-01,16.309999465942383,14.542500019073486,1
2014-10-02,16.709999084472656,14.542500019073486,1
2014-10-03,16.15999984741211,14.542500019073486,1
2014-10-06,14.550000190734863,14.542500019073486,1
2014-10-07,15.460000038146973,14.542500019073486,1
2014-10-08,17.200000762939453,14.542500019073486,1
2014-10-09,15.109999656677246,14.542500019073486,1
2014-10-10,18.760000228881836,14.542500019073486,1
2014-10-13,21.239999771118164,14.542500019073486,1
2014-10-14,24.639999389648438,14.542500019073486,1
2014-10-15,22.790000915527344,14.542500019073486,1
2014-10-16,25.270000457763672,14.542500019073486,1
2014-10-17,25.200000762939453,14.542500019073486,1
2014-10-20,21.989999771118164,14.550000190734863,1
2014-10-21,18.56999969482422,14.567500114440918,1
2014-10-22,16.079999923706055,14.634999990463257,1
2014-10-23,17.8700008392334,14.68500018119812,1
2014-10-24,16.530000686645508,14.72249984741211,1
2014-10-27,16.110000610351562,14.792500019073486,1
2014-10-28,16.040000915527344,14.812500238418579,1
2014-10-29,14.390000343322754,14.812500238418579,0
2014-10-30,15.149999618530273,14.860000371932983,1
2014-10-31,14.520000457763672,14.860000371932983,0
2014-11-03,14.029999732971191,14.860000371932983,0
2014-11-04,14.729999542236328,14.860000371932983,0
2014-11-05,14.890000343322754,14.890000343322754,1
2014-11-06,14.170000076293945,14.890000343322754,0
2014-11-07,13.670000076293945,14.890000343322754,0
2014-11-10,13.119999885559082,14.890000343322754,0
2014-11-11,12.670000076293945,14.890000343322754,0
2014-11-12,12.920000076293945,14.890000343322754,0
2014-11-13,13.020000457763672,14.890000343322754,0
2014-11-14,13.789999961853027,14.890000343322754,0
2014-11-17,13.3100004196167,14.890000343322754,0
2014-11-18,13.989999771118164,14.890000343322754,0
2014-11-19,13.859999656677246,14.890000343322754,0
2014-11-20,13.960000038146973,14.890000343322754,0
2014-11-21,13.579999923706055,14.890000343322754,0
2014-11-24,12.899999618530273,14.890000343322754,0
2014-11-25,12.619999885559082,14.890000343322754,0
2014-11-26,12.25,14.890000343322754,0
2014-11-28,12.069999694824219,14.890000343322754,0
2014-12-01,13.329999923706055,14.890000343322754,0
2014-12-02,14.15999984741211,14.890000343322754,0
2014-12-03,12.850000381469727,14.890000343322754,0
2014-12-04,12.5,14.890000343322754,0
2014-12-05,12.380000114440918,14.890000343322754,0
2014-12-08,11.890000343322754,14.860000371932983,0
2014-12-09,14.210000038146973,14.860000371932983,0
2014-12-10,15.350000381469727,14.890000343322754,1
2014-12-11,18.530000686645508,14.90000033378601,1
2014-12-12,20.079999923706055,14.90000033378601,1
2014-12-15,21.079999923706055,14.90000033378601,1
2014-12-16,20.420000076293945,14.90000033378601,1
2014-12-17,23.56999969482422,14.90000033378601,1
2014-12-18,19.440000534057617,14.90000033378601,1
2014-12-19,16.809999465942383,14.930000305175781,1
2014-12-22,16.489999771118164,14.947500228881836,1
2014-12-23,15.25,15.022500038146973,1
2014-12-24,14.800000190734863,15.022500038146973,0
2014-12-26,14.369999885559082,15.022500038146973,0
2014-12-29,14.5,15.022500038146973,0
2014-12-30,15.0600004196167,15.067500352859497,0
2014-12-31,15.920000076293945,15.09500002861023,1
2015-01-02,19.200000762939453,15.112499713897705,1
2015-01-05,17.790000915527344,15.119999885559082,1
2015-01-06,19.920000076293945,15.12749981880188,1
2015-01-07,21.1200008392334,15.174999713897705,1
2015-01-08,19.309999465942383,15.252500057220459,1
2015-01-09,17.010000228881836,15.267500162124634,1
2015-01-12,17.549999237060547,15.305000066757202,1
2015-01-13,19.600000381469727,15.377500295639038,1
2015-01-14,20.559999465942383,15.47000002861023,1
2015-01-15,21.479999542236328,15.517499923706055,1
2015-01-16,22.389999389648438,15.579999685287476,1
2015-01-20,20.950000762939453,15.617499828338623,1
2015-01-21,19.889999389648438,15.640000343322754,1
2015-01-22,18.850000381469727,15.672500371932983,1
2015-01-23,16.399999618530273,15.77750039100647,1
2015-01-26,16.65999984741211,15.822500228881836,1
2015-01-27,15.520000457763672,15.77750039100647,0
2015-01-28,17.219999313354492,15.77750039100647,1
2015-01-29,20.440000534057617,15.800000429153442,1
2015-01-30,18.760000228881836,15.800000429153442,1
2015-02-02,20.969999313354492,15.800000429153442,1
2015-02-03,19.43000030517578,15.800000429153442,1
2015-02-04,17.329999923706055,15.800000429153442,1
2015-02-05,18.329999923706055,15.800000429153442,1
2015-02-06,16.850000381469727,15.800000429153442,1
2015-02-09,17.290000915527344,15.800000429153442,1
2015-02-10,18.549999237060547,15.897500276565552,1
2015-02-11,17.229999542236328,15.934999942779541,1
2015-02-12,16.959999084472656,15.984999656677246,1
2015-02-13,15.34000015258789,15.984999656677246,0
2015-02-17,14.6899995803833,15.984999656677246,0
2015-02-18,15.800000190734863,15.984999656677246,0
2015-02-19,15.449999809265137,15.984999656677246,0
2015-02-20,15.289999961853027,15.984999656677246,0
2015-02-23,14.300000190734863,15.984999656677246,0
2015-02-24,14.5600004196167,15.984999656677246,0
2015-02-25,13.6899995803833,15.984999656677246,0
2015-02-26,13.84000015258789,15.984999656677246,0
2015-02-27,13.90999984741211,15.984999656677246,0
2015-03-02,13.34000015258789,15.984999656677246,0
2015-03-03,13.039999961853027,15.984999656677246,0
2015-03-04,13.859999656677246,15.934999942779541,0
2015-03-05,14.229999542236328,15.934999942779541,0
2015-03-06,14.039999961853027,15.934999942779541,0
2015-03-09,15.199999809265137,15.934999942779541,0
2015-03-10,15.0600004196167,15.934999942779541,0
2015-03-11,16.690000534057617,15.994999885559082,1
2015-03-12,16.8700008392334,16.05000066757202,1
2015-03-13,15.420000076293945,16.05000066757202,0
2015-03-16,16.0,16.010000228881836,0
2015-03-17,15.609999656677246,15.984999656677246,0
2015-03-18,15.65999984741211,15.984999656677246,0
2015-03-19,13.970000267028809,15.984999656677246,0
2015-03-20,14.069999694824219,15.984999656677246,0
2015-03-23,13.020000457763672,15.984999656677246,0
2015-03-24,13.40999984741211,15.984999656677246,0
2015-03-25,13.619999885559082,15.984999656677246,0
2015-03-26,15.4399995803833,15.984999656677246,0
2015-03-27,15.800000190734863,15.984999656677246,0
2015-03-30,15.069999694824219,15.984999656677246,0
2015-03-31,14.510000228881836,15.984999656677246,0
2015-04-01,15.289999961853027,15.984999656677246,0
2015-04-02,15.109999656677246,15.984999656677246,0
2015-04-06,14.670000076293945,15.984999656677246,0
2015-04-07,14.739999771118164,15.984999656677246,0
2015-04-08,14.779999732971191,15.984999656677246,0
2015-04-09,13.979999542236328,15.984999656677246,0
2015-04-10,13.09000015258789,15.984999656677246,0
2015-04-13,12.579999923706055,15.984999656677246,0
2015-04-14,13.9399995803833,15.984999656677246,0
2015-04-15,13.670000076293945,15.934999942779541,0
2015-04-16,12.84000015258789,15.830000162124634,0
2015-04-17,12.600000381469727,15.830000162124634,0
2015-04-20,13.890000343322754,15.830000162124634,0
2015-04-21,13.300000190734863,15.830000162124634,0
2015-04-22,13.25,15.830000162124634,0
2015-04-23,12.710000038146973,15.830000162124634,0
2015-04-24,12.479999542236328,15.830000162124634,0
2015-04-27,12.289999961853027,15.830000162124634,0
2015-04-28,13.119999885559082,15.830000162124634,0
2015-04-29,12.40999984741211,15.830000162124634,0
2015-04-30,13.390000343322754,15.830000162124634,0
2015-05-01,14.550000190734863,15.830000162124634,0
2015-05-04,12.699999809265137,15.830000162124634,0
2015-05-05,12.850000381469727,15.830000162124634,0
2015-05-06,14.3100004196167,15.830000162124634,0
2015-05-07,15.149999618530273,15.830000162124634,0
2015-05-08,15.130000114440918,15.830000162124634,0
2015-05-11,12.859999656677246,15.830000162124634,0
2015-05-12,13.850000381469727,15.830000162124634,0
2015-05-13,13.859999656677246,15.830000162124634,0
2015-05-14,13.760000228881836,15.830000162124634,0
2015-05-15,12.739999771118164,15.830000162124634,0
2015-05-18,12.380000114440918,15.830000162124634,0
2015-05-19,12.729999542236328,15.830000162124634,0
2015-05-20,12.850000381469727,15.830000162124634,0
2015-05-21,12.880000114440918,15.830000162124634,0
2015-05-22,12.109999656677246,15.830000162124634,0
2015-05-26,12.130000114440918,15.830000162124634,0
2015-05-27,14.0600004196167,15.830000162124634,0
2015-05-28,13.270000457763672,15.830000162124634,0
2015-05-29,13.3100004196167,15.830000162124634,0
2015-06-01,13.84000015258789,15.830000162124634,0
2015-06-02,13.970000267028809,15.830000162124634,0
2015-06-03,14.239999771118164,15.830000162124634,0
2015-06-04,13.65999984741211,15.830000162124634,0
2015-06-05,14.710000038146973,15.830000162124634,0
2015-06-08,14.210000038146973,15.830000162124634,0
2015-06-09,15.289999961853027,15.830000162124634,0
2015-06-10,14.470000267028809,15.830000162124634,0
2015-06-11,13.220000267028809,15.830000162124634,0
2015-06-12,12.850000381469727,15.830000162124634,0
2015-06-15,13.779999732971191,15.830000162124634,0
2015-06-16,15.390000343322754,15.830000162124634,0
2015-06-17,14.8100004196167,15.830000162124634,0
2015-06-18,14.5,15.830000162124634,0
2015-06-19,13.1899995803833,15.830000162124634,0
2015-06-22,13.960000038146973,15.830000162124634,0
2015-06-23,12.739999771118164,15.830000162124634,0
2015-06-24,12.109999656677246,15.830000162124634,0
2015-06-25,13.260000228881836,15.830000162124634,0
2015-06-26,14.010000228881836,15.830000162124634,0
2015-06-29,14.020000457763672,15.830000162124634,0
2015-06-30,18.850000381469727,15.934999942779541,1
2015-07-01,18.229999542236328,15.984999656677246,1
2015-07-02,16.09000015258789,16.010000228881836,1
2015-07-06,16.790000915527344,16.05000066757202,1
2015-07-07,17.010000228881836,16.082499980926514,1
2015-07-08,16.09000015258789,16.09000015258789,1
2015-07-09,19.65999984741211,16.09500026702881,1
2015-07-10,19.969999313354492,16.1225004196167,1
2015-07-13,16.829999923706055,16.197499752044678,1
2015-07-14,13.899999618530273,16.197499752044678,0
2015-07-15,13.369999885559082,16.197499752044678,0
2015-07-16,13.229999542236328,16.197499752044678,0
2015-07-17,12.109999656677246,16.197499752044678,0
2015-07-20,11.949999809265137,16.197499752044678,0
2015-07-21,12.25,16.197499752044678,0
2015-07-22,12.220000267028809,16.197499752044678,0
2015-07-23,12.119999885559082,16.197499752044678,0
2015-07-24,12.640000343322754,16.197499752044678,0
2015-07-27,13.739999771118164,16.197499752044678,0
2015-07-28,15.600000381469727,16.197499752044678,0
2015-07-29,13.4399995803833,16.197499752044678,0
2015-07-30,12.5,16.197499752044678,0
2015-07-31,12.130000114440918,16.197499752044678,0
2015-08-03,12.119999885559082,16.1225004196167,0
2015-08-04,12.5600004196167,16.09500026702881,0
2015-08-05,13.0,16.09500026702881,0
2015-08-06,12.510000228881836,16.09000015258789,0
2015-08-07,13.770000457763672,16.082499980926514,0
2015-08-10,13.390000343322754,16.05000066757202,0
2015-08-11,12.229999542236328,16.05000066757202,0
2015-08-12,13.710000038146973,16.05000066757202,0
2015-08-13,13.609999656677246,16.05000066757202,0
2015-08-14,13.489999771118164,16.05000066757202,0
2015-08-17,12.829999923706055,16.05000066757202,0
2015-08-18,13.020000457763672,16.05000066757202,0
2015-08-19,13.789999961853027,16.05000066757202,0
2015-08-20,15.25,16.05000066757202,0
2015-08-21,19.139999389648438,16.082499980926514,1
2015-08-24,28.030000686645508,16.09000015258789,1
2015-08-25,40.7400016784668,16.09500026702881,1
2015-08-26,36.02000045776367,16.1225004196167,1
2015-08-27,30.31999969482422,16.197499752044678,1
2015-08-28,26.100000381469727,16.332499504089355,1
2015-08-31,26.049999237060547,16.422499656677246,1
2015-09-01,28.43000030517578,16.5,1
2015-09-02,31.399999618530273,16.562500476837158,1
2015-09-03,26.09000015258789,16.667500019073486,1
2015-09-04,25.610000610351562,16.695000171661377,1
2015-09-08,27.799999237060547,16.729999542236328,1
2015-09-09,24.899999618530273,16.795000553131104,1
2015-09-10,26.229999542236328,16.8149995803833,1
2015-09-11,24.3700008392334,16.835000038146973,1
2015-09-14,23.200000762939453,16.855000495910645,1
2015-09-15,24.25,16.892500400543213,1
2015-09-16,22.540000915527344,16.97249937057495,1
2015-09-17,21.350000381469727,17.010000228881836,1
2015-09-18,21.139999389648438,17.05750036239624,1
2015-09-21,22.280000686645508,17.205000400543213,1
2015-09-22,20.139999389648438,17.22249937057495,1
2015-09-23,22.440000534057617,17.244999885559082,1
2015-09-24,22.1299991607666,17.30000066757202,1
2015-09-25,23.469999313354492,17.384999752044678,1
2015-09-28,23.6200008392334,17.609999656677246,1
2015-09-29,27.6299991607666,17.810000896453857,1
2015-09-30,26.829999923706055,17.96000051498413,1
2015-10-01,24.5,18.25499963760376,1
2015-10-02,22.549999237060547,18.380000114440918,1
2015-10-05,20.940000534057617,18.535000324249268,1
2015-10-06,19.540000915527344,18.554999351501465,1
2015-10-07,19.399999618530273,18.617499828338623,1
2015-10-08,18.399999618530273,18.617499828338623,0
2015-10-09,17.420000076293945,18.617499828338623,0
2015-10-12,17.079999923706055,18.554999351501465,0
2015-10-13,16.170000076293945,18.535000324249268,0
2015-10-14,17.670000076293945,18.432499885559082,0
2015-10-15,18.030000686645508,18.34749984741211,0
2015-10-16,16.049999237060547,18.25499963760376,0
2015-10-19,15.050000190734863,18.080000400543213,0
2015-10-20,14.979999542236328,17.910000801086426,0
2015-10-21,15.75,17.810000896453857,0
2015-10-22,16.700000762939453,17.810000896453857,0
2015-10-23,14.449999809265137,17.700000286102295,0
2015-10-26,14.460000038146973,17.700000286102295,0
2015-10-27,15.289999961853027,17.700000286102295,0
2015-10-28,15.430000305175781,17.700000286102295,0
2015-10-29,14.329999923706055,17.700000286102295,0
2015-10-30,14.609999656677246,17.700000286102295,0
2015-11-02,15.069999694824219,17.700000286102295,0
2015-11-03,14.149999618530273,17.700000286102295,0
2015-11-04,14.539999961853027,17.700000286102295,0
2015-11-05,15.510000228881836,17.700000286102295,0
2015-11-06,15.050000190734863,17.700000286102295,0
2015-11-09,14.329999923706055,17.700000286102295,0
2015-11-10,16.520000457763672,17.700000286102295,0
2015-11-11,15.289999961853027,17.700000286102295,0
2015-11-12,16.059999465942383,17.700000286102295,0
2015-11-13,18.3700008392334,17.850000858306885,1
2015-11-16,20.079999923706055,18.080000400543213,1
2015-11-17,18.15999984741211,18.177499771118164,0
2015-11-18,18.84000015258789,18.25499963760376,1
2015-11-19,16.850000381469727,18.25499963760376,0
2015-11-20,16.989999771118164,18.25499963760376,0
2015-11-23,15.470000267028809,18.25499963760376,0
2015-11-24,15.619999885559082,18.25499963760376,0
2015-11-25,15.930000305175781,18.25499963760376,0
2015-11-27,15.1899995803833,18.25499963760376,0
2015-11-30,15.119999885559082,18.25499963760376,0
2015-12-01,16.1299991607666,18.25499963760376,0
2015-12-02,14.670000076293945,18.25499963760376,0
2015-12-03,15.90999984741211,18.25499963760376,0
2015-12-04,18.110000610351562,18.25499963760376,0
2015-12-07,14.8100004196167,18.25499963760376,0
2015-12-08,15.84000015258789,18.25499963760376,0
2015-12-09,17.600000381469727,18.25499963760376,0
2015-12-10,19.610000610351562,18.34000015258789,1
2015-12-11,19.34000015258789,18.34000015258789,1
2015-12-14,24.389999389648438,18.34000015258789,1
2015-12-15,22.729999542236328,18.34000015258789,1
2015-12-16,20.950000762939453,18.34000015258789,1
2015-12-17,17.860000610351562,18.25499963760376,0
2015-12-18,18.940000534057617,18.25499963760376,1
2015-12-21,20.700000762939453,18.34000015258789,1
2015-12-22,18.700000762939453,18.377500534057617,1
2015-12-23,16.600000381469727,18.377500534057617,0
2015-12-24,15.569999694824219,18.377500534057617,0
2015-12-28,15.739999771118164,18.377500534057617,0
2015-12-29,16.90999984741211,18.377500534057617,0
2015-12-30,16.079999923706055,18.377500534057617,0
2015-12-31,17.290000915527344,18.377500534057617,0
2016-01-04,18.209999084472656,18.34000015258789,0
2016-01-05,20.700000762939453,18.377500534057617,1
2016-01-06,19.34000015258789,18.377500534057617,1
2016-01-07,20.59000015258789,18.377500534057617,1
2016-01-08,24.989999771118164,18.377500534057617,1
2016-01-11,27.010000228881836,18.437499523162842,1
2016-01-12,24.299999237060547,18.587499618530273,1
2016-01-13,22.469999313354492,18.587499618530273,1
2016-01-14,25.219999313354492,18.587499618530273,1
2016-01-15,23.950000762939453,18.587499618530273,1
2016-01-19,27.020000457763672,18.587499618530273,1
2016-01-20,26.049999237060547,18.587499618530273,1
2016-01-21,27.59000015258789,18.587499618530273,1
2016-01-22,26.690000534057617,18.587499618530273,1
2016-01-25,22.34000015258789,18.71500062942505,1
2016-01-26,24.149999618530273,18.78000020980835,1
2016-01-27,22.5,18.84250020980835,1
2016-01-28,23.110000610351562,18.8725004196167,1
2016-01-29,22.420000076293945,18.8725004196167,1
2016-02-01,20.200000762939453,18.990000247955322,1
2016-02-02,19.979999542236328,18.990000247955322,1
2016-02-03,21.979999542236328,18.990000247955322,1
2016-02-04,21.649999618530273,19.1899995803833,1
2016-02-05,21.84000015258789,19.34000015258789,1
2016-02-08,23.3799991607666,19.355000019073486,1
2016-02-09,26.0,19.43499994277954,1
2016-02-10,26.540000915527344,19.5575008392334,1
2016-02-11,26.290000915527344,19.6225004196167,1
2016-02-12,28.139999389648438,19.737499713897705,1
2016-02-16,25.399999618530273,19.97249937057495,1
2016-02-17,24.110000610351562,20.00499963760376,1
2016-02-18,22.309999465942383,20.09499979019165,1
2016-02-19,21.639999389648438,20.15499973297119,1
2016-02-22,20.530000686645508,20.282500743865967,1
2016-02-23,19.3799991607666,20.282500743865967,0
2016-02-24,20.979999542236328,20.545000553131104,1
2016-02-25,20.719999313354492,20.61750030517578,1
2016-02-26,19.110000610351562,20.61750030517578,0
2016-02-29,19.809999465942383,20.61750030517578,0
2016-03-01,20.549999237060547,20.61750030517578,0
2016-03-02,17.700000762939453,20.61750030517578,0
2016-03-03,17.09000015258789,20.61750030517578,0
2016-03-04,16.700000762939453,20.61750030517578,0
2016-03-07,16.860000610351562,20.61750030517578,0
2016-03-08,17.350000381469727,20.61750030517578,0
2016-03-09,18.670000076293945,20.61750030517578,0
2016-03-10,18.34000015258789,20.61750030517578,0
2016-03-11,18.049999237060547,20.61750030517578,0
2016-03-14,16.5,20.61750030517578,0
2016-03-15,16.920000076293945,20.61750030517578,0
2016-03-16,16.84000015258789,20.61750030517578,0
2016-03-17,14.989999771118164,20.61750030517578,0
2016-03-18,14.4399995803833,20.61750030517578,0
2016-03-21,14.020000457763672,20.61750030517578,0
2016-03-22,13.789999961853027,20.61750030517578,0
2016-03-23,14.170000076293945,20.61750030517578,0
2016-03-24,14.9399995803833,20.61750030517578,0
2016-03-28,14.739999771118164,20.61750030517578,0
2016-03-29,15.239999771118164,20.61750030517578,0
2016-03-30,13.819999694824219,20.61750030517578,0
2016-03-31,13.5600004196167,20.61750030517578,0
2016-04-01,13.949999809265137,20.61750030517578,0
2016-04-04,13.100000381469727,20.61750030517578,0
2016-04-05,14.119999885559082,20.61750030517578,0
2016-04-06,15.420000076293945,20.61750030517578,0
2016-04-07,14.09000015258789,20.61750030517578,0
2016-04-08,16.15999984741211,20.61750030517578,0
2016-04-11,15.359999656677246,20.61750030517578,0
2016-04-12,16.260000228881836,20.61750030517578,0
2016-04-13,14.850000381469727,20.61750030517578,0
2016-04-14,13.84000015258789,20.61750030517578,0
2016-04-15,13.720000267028809,20.61750030517578,0
2016-04-18,13.619999885559082,20.61750030517578,0
2016-04-19,13.350000381469727,20.61750030517578,0
2016-04-20,13.239999771118164,20.61750030517578,0
2016-04-21,13.279999732971191,20.61750030517578,0
2016-04-22,13.949999809265137,20.61750030517578,0
2016-04-25,13.220000267028809,20.61750030517578,0
2016-04-26,14.079999923706055,20.61750030517578,0
2016-04-27,13.960000038146973,20.61750030517578,0
2016-04-28,13.770000457763672,20.61750030517578,0
2016-04-29,15.220000267028809,20.61750030517578,0
2016-05-02,15.699999809265137,20.61750030517578,0
2016-05-03,14.680000305175781,20.61750030517578,0
2016-05-04,15.600000381469727,20.61750030517578,0
2016-05-05,16.049999237060547,20.61750030517578,0
2016-05-06,15.90999984741211,20.61750030517578,0
2016-05-09,14.720000267028809,20.61750030517578,0
2016-05-10,14.569999694824219,20.61750030517578,0
2016-05-11,13.630000114440918,20.61750030517578,0
2016-05-12,14.6899995803833,20.61750030517578,0
2016-05-13,14.40999984741211,20.61750030517578,0
2016-05-16,15.039999961853027,20.61750030517578,0
2016-05-17,14.680000305175781,20.61750030517578,0
2016-05-18,15.569999694824219,20.61750030517578,0
2016-05-19,15.949999809265137,20.61750030517578,0
2016-05-20,16.329999923706055,20.61750030517578,0
2016-05-23,15.199999809265137,20.61750030517578,0
2016-05-24,15.819999694824219,20.61750030517578,0
2016-05-25,14.420000076293945,20.61750030517578,0
2016-05-26,13.899999618530273,20.61750030517578,0
2016-05-27,13.430000305175781,20.61750030517578,0
2016-05-31,13.119999885559082,20.61750030517578,0
2016-06-01,14.1899995803833,20.61750030517578,0
2016-06-02,14.199999809265137,20.61750030517578,0
2016-06-03,13.630000114440918,20.61750030517578,0
2016-06-06,13.470000267028809,20.61750030517578,0
2016-06-07,13.649999618530273,20.61750030517578,0
2016-06-08,14.050000190734863,20.61750030517578,0
2016-06-09,14.079999923706055,20.61750030517578,0
2016-06-10,14.640000343322754,20.61750030517578,0
2016-06-13,17.030000686645508,20.61750030517578,0
2016-06-14,20.969999313354492,20.700000762939453,1
2016-06-15,20.5,20.700000762939453,0
2016-06-16,20.139999389648438,20.700000762939453,0
2016-06-17,19.3700008392334,20.700000762939453,0
2016-06-20,19.40999984741211,20.700000762939453,0
2016-06-21,18.3700008392334,20.700000762939453,0
2016-06-22,18.479999542236328,20.700000762939453,0
2016-06-23,21.170000076293945,20.705000400543213,1
2016-06-24,17.25,20.705000400543213,0
2016-06-27,25.760000228881836,20.774999618530273,1
2016-06-28,23.850000381469727,20.942500591278076,1
2016-06-29,18.75,20.942500591278076,0
2016-06-30,16.639999389648438,20.942500591278076,0
2016-07-01,15.630000114440918,20.942500591278076,0
2016-07-05,14.770000457763672,20.942500591278076,0
2016-07-06,15.579999923706055,20.942500591278076,0
2016-07-07,14.960000038146973,20.942500591278076,0
2016-07-08,14.760000228881836,20.942500591278076,0
2016-07-11,13.199999809265137,20.942500591278076,0
2016-07-12,13.539999961853027,20.942500591278076,0
2016-07-13,13.550000190734863,20.942500591278076,0
2016-07-14,13.039999961853027,20.942500591278076,0
2016-07-15,12.819999694824219,20.942500591278076,0
2016-07-18,12.670000076293945,20.942500591278076,0
2016-07-19,12.4399995803833,20.942500591278076,0
2016-07-20,11.970000267028809,20.942500591278076,0
2016-07-21,11.770000457763672,20.942500591278076,0
2016-07-22,12.739999771118164,20.942500591278076,0
2016-07-25,12.020000457763672,20.942500591278076,0
2016-07-26,12.869999885559082,20.942500591278076,0
2016-07-27,13.050000190734863,20.942500591278076,0
2016-07-28,12.829999923706055,20.942500591278076,0
2016-07-29,12.720000267028809,20.942500591278076,0
2016-08-01,11.869999885559082,20.942500591278076,0
2016-08-02,12.4399995803833,20.942500591278076,0
2016-08-03,13.369999885559082,20.942500591278076,0
2016-08-04,12.859999656677246,20.942500591278076,0
2016-08-05,12.420000076293945,20.942500591278076,0
2016-08-08,11.390000343322754,20.942500591278076,0
2016-08-09,11.5,20.942500591278076,0
2016-08-10,11.65999984741211,20.942500591278076,0
2016-08-11,12.050000190734863,20.942500591278076,0
2016-08-12,11.680000305175781,20.942500591278076,0
2016-08-15,11.550000190734863,20.942500591278076,0
2016-08-16,11.8100004196167,20.942500591278076,0
2016-08-17,12.640000343322754,20.942500591278076,0
2016-08-18,12.1899995803833,20.942500591278076,0
2016-08-19,11.430000305175781,20.942500591278076,0
2016-08-22,11.34000015258789,20.942500591278076,0
2016-08-23,12.270000457763672,20.774999618530273,0
2016-08-24,12.380000114440918,20.705000400543213,0
2016-08-25,13.449999809265137,20.700000762939453,0
2016-08-26,13.630000114440918,20.61750030517578,0
2016-08-29,13.649999618530273,20.559999465942383,0
2016-08-30,12.9399995803833,20.535000324249268,0
2016-08-31,13.119999885559082,20.507500171661377,0
2016-09-01,13.420000076293945,20.27500057220459,0
2016-09-02,13.479999542236328,20.15499973297119,0
2016-09-06,11.979999542236328,20.139999389648438,0
2016-09-07,12.020000457763672,20.09499979019165,0
2016-09-08,11.9399995803833,20.00499963760376,0
2016-09-09,12.510000228881836,19.85249948501587,0
2016-09-12,17.5,19.660000324249268,0
2016-09-13,15.15999984741211,19.5575008392334,0
2016-09-14,17.850000381469727,19.442500114440918,0
2016-09-15,18.139999389648438,19.402499675750732,0
2016-09-16,16.299999237060547,19.38499927520752,0
2016-09-19,15.369999885559082,19.3725004196167,0
2016-09-20,15.529999732971191,19.347500324249268,0
2016-09-21,15.920000076293945,19.34000015258789,0
2016-09-22,13.300000190734863,19.167500495910645,0
2016-09-23,12.020000457763672,18.982500553131104,0
2016-09-26,12.289999961853027,18.865000247955322,0
2016-09-27,14.5,18.772500038146973,0
2016-09-28,13.100000381469727,18.71250057220459,0
2016-09-29,12.390000343322754,18.677500247955322,0
2016-09-30,14.020000457763672,18.527499675750732,0
2016-10-03,13.289999961853027,18.419999599456787,0
2016-10-04,13.569999694824219,18.377500534057617,0
2016-10-05,13.630000114440918,18.3700008392334,0
2016-10-06,12.989999771118164,18.347500324249268,0
2016-10-07,12.84000015258789,18.242499351501465,0
2016-10-10,13.479999542236328,18.242499351501465,0
2016-10-11,13.380000114440918,18.242499351501465,0
2016-10-12,15.359999656677246,18.242499351501465,0
2016-10-13,15.90999984741211,18.242499351501465,0
2016-10-14,16.690000534057617,18.242499351501465,0
2016-10-17,16.1200008392334,18.242499351501465,0
2016-10-18,16.209999084472656,18.242499351501465,0
2016-10-19,15.279999732971191,18.242499351501465,0
2016-10-20,14.40999984741211,18.242499351501465,0
2016-10-21,13.75,18.242499351501465,0
2016-10-24,13.34000015258789,18.242499351501465,0
2016-10-25,13.020000457763672,18.242499351501465,0
2016-10-26,13.460000038146973,18.242499351501465,0
2016-10-27,14.239999771118164,18.242499351501465,0
2016-10-28,15.359999656677246,18.242499351501465,0
2016-10-31,16.190000534057617,18.242499351501465,0
2016-11-01,17.059999465942383,18.242499351501465,0
2016-11-02,18.559999465942383,18.347500324249268,1
2016-11-03,19.31999969482422,18.3700008392334,1
2016-11-04,22.079999923706055,18.39750051498413,1
2016-11-07,22.510000228881836,18.499999523162842,1
2016-11-08,18.709999084472656,18.587499618530273,1
2016-11-09,18.739999771118164,18.677500247955322,1
2016-11-10,14.380000114440918,18.677500247955322,0
2016-11-11,14.739999771118164,18.677500247955322,0
2016-11-14,14.170000076293945,18.677500247955322,0
2016-11-15,14.479999542236328,18.587499618530273,0
2016-11-16,13.369999885559082,18.587499618530273,0
2016-11-17,13.720000267028809,18.499999523162842,0
2016-11-18,13.350000381469727,18.499999523162842,0
2016-11-21,12.850000381469727,18.499999523162842,0
2016-11-22,12.420000076293945,18.499999523162842,0
2016-11-23,12.40999984741211,18.499999523162842,0
2016-11-25,12.430000305175781,18.499999523162842,0
2016-11-28,12.34000015258789,18.499999523162842,0
2016-11-29,13.149999618530273,18.499999523162842,0
2016-11-30,12.899999618530273,18.499999523162842,0
2016-12-01,13.329999923706055,18.499999523162842,0
2016-12-02,14.069999694824219,18.499999523162842,0
2016-12-05,14.119999885559082,18.499999523162842,0
2016-12-06,12.140000343322754,18.499999523162842,0
2016-12-07,11.789999961853027,18.499999523162842,0
2016-12-08,12.220000267028809,18.499999523162842,0
2016-12-09,12.640000343322754,18.39750051498413,0
2016-12-12,11.75,18.347500324249268,0
2016-12-13,12.640000343322754,18.242499351501465,0
2016-12-14,12.720000267028809,18.157499313354492,0
2016-12-15,13.1899995803833,18.07249927520752,0
2016-12-16,12.789999961853027,18.07249927520752,0
2016-12-19,12.199999809265137,17.90000009536743,0
2016-12-20,11.710000038146973,17.73750066757202,0
2016-12-21,11.449999809265137,17.550000190734863,0
2016-12-22,11.270000457763672,17.550000190734863,0
2016-12-23,11.430000305175781,17.550000190734863,0
2016-12-27,11.4399995803833,17.550000190734863,0
2016-12-28,11.989999771118164,17.550000190734863,0
2016-12-29,12.949999809265137,17.550000190734863,0
2016-12-30,13.369999885559082,17.550000190734863,0
2017-01-03,14.039999961853027,17.387500286102295,0
2017-01-04,12.850000381469727,17.27500009536743,0
2017-01-05,11.850000381469727,17.130000114440918,0
2017-01-06,11.670000076293945,17.06749963760376,0
2017-01-09,11.319999694824219,17.037500381469727,0
2017-01-10,11.5600004196167,16.947500228881836,0
2017-01-11,11.489999771118164,16.875000476837158,0
2017-01-12,11.260000228881836,16.84500026702881,0
2017-01-13,11.539999961853027,16.735000610351562,0
2017-01-17,11.229999542236328,16.692500591278076,0
2017-01-18,11.869999885559082,16.652499675750732,0
2017-01-19,12.479999542236328,16.53499984741211,0
2017-01-20,12.779999732971191,16.37249994277954,0
2017-01-23,11.539999961853027,16.307499408721924,0
2017-01-24,11.770000457763672,16.269999980926514,0
2017-01-25,11.069999694824219,16.22249937057495,0
2017-01-26,10.8100004196167,16.195000171661377,0
2017-01-27,10.630000114440918,16.167500019073486,0
2017-01-30,10.579999923706055,16.130000591278076,0
2017-01-31,11.880000114440918,16.06749963760376,0
2017-02-01,11.989999771118164,15.97499966621399,0
2017-02-02,11.8100004196167,15.927500009536743,0
2017-02-03,11.930000305175781,15.912499904632568,0
2017-02-06,10.970000267028809,15.90999984741211,0
2017-02-07,11.369999885559082,15.842499732971191,0
2017-02-08,11.289999961853027,15.729999780654907,0
2017-02-09,11.449999809265137,15.647500038146973,0
2017-02-10,10.880000114440918,15.607500314712524,0
2017-02-13,10.850000381469727,15.585000038146973,0
2017-02-14,11.069999694824219,15.572499752044678,0
2017-02-15,10.739999771118164,15.539999723434448,0
2017-02-16,11.970000267028809,15.447499990463257,0
2017-02-17,11.760000228881836,15.382499933242798,0
2017-02-21,11.489999771118164,15.362499713897705,0
2017-02-22,11.569999694824219,15.359999656677246,0
2017-02-23,11.739999771118164,15.359999656677246,0
2017-02-24,11.710000038146973,15.299999713897705,0
2017-02-27,11.470000267028809,15.249999761581421,0
2017-02-28,12.09000015258789,15.225000143051147,0
2017-03-01,12.920000076293945,15.204999923706055,0
2017-03-02,12.539999961853027,15.169999837875366,0
2017-03-03,11.8100004196167,15.069999933242798,0
2017-03-06,10.960000038146973,15.00249981880188,0
2017-03-07,11.239999771118164,14.96749997138977,0
2017-03-08,11.449999809265137,14.944999694824219,0
2017-03-09,11.859999656677246,14.87250018119812,0
2017-03-10,12.300000190734863,14.790000438690186,0
2017-03-13,11.65999984741211,14.762500286102295,0
2017-03-14,11.350000381469727,14.744999885559082,0
2017-03-15,12.300000190734863,14.739999771118164,0
2017-03-16,11.630000114440918,14.725000143051147,0
2017-03-17,11.210000038146973,14.697499752044678,0
2017-03-20,11.279999732971191,14.697499752044678,0
2017-03-21,11.34000015258789,14.697499752044678,0
2017-03-22,12.470000267028809,14.697499752044678,0
2017-03-23,12.8100004196167,14.697499752044678,0
2017-03-24,13.119999885559082,14.682500123977661,0
2017-03-27,12.960000038146973,14.680000305175781,0
2017-03-28,12.5,14.65000033378601,0
2017-03-29,11.529999732971191,14.65000033378601,0
2017-03-30,11.420000076293945,14.65000033378601,0
2017-03-31,11.539999961853027,14.65000033378601,0
2017-04-03,12.369999885559082,14.65000033378601,0
2017-04-04,12.380000114440918,14.65000033378601,0
2017-04-05,11.789999961853027,14.587499856948853,0
2017-04-06,12.890000343322754,14.587499856948853,0
2017-04-07,12.390000343322754,14.517499923706055,0
2017-04-10,12.869999885559082,14.484999656677246,0
2017-04-11,14.050000190734863,14.434999942779541,0
2017-04-12,15.069999694824219,14.434999942779541,1
2017-04-13,15.770000457763672,14.484999656677246,1
2017-04-17,15.960000038146973,14.517499923706055,1
2017-04-18,14.65999984741211,14.587499856948853,1
2017-04-19,14.420000076293945,14.587499856948853,0
2017-04-20,14.930000305175781,14.645000219345093,1
2017-04-21,14.149999618530273,14.645000219345093,0
2017-04-24,14.630000114440918,14.645000219345093,0
2017-04-25,10.84000015258789,14.645000219345093,0
2017-04-26,10.760000228881836,14.645000219345093,0
2017-04-27,10.850000381469727,14.645000219345093,0
2017-04-28,10.359999656677246,14.645000219345093,0
2017-05-01,10.819999694824219,14.632500171661377,0
2017-05-02,10.109999656677246,14.584999799728394,0
2017-05-03,10.59000015258789,14.517499923706055,0
2017-05-04,10.680000305175781,14.484999656677246,0
2017-05-05,10.460000038146973,14.434999942779541,0
2017-05-08,10.569999694824219,14.420000076293945,0
2017-05-09,9.770000457763672,14.412499904632568,0
2017-05-10,9.960000038146973,14.40999984741211,0
2017-05-11,10.210000038146973,14.40999984741211,0
2017-05-12,10.600000381469727,14.387500047683716,0
2017-05-15,10.399999618530273,14.274999856948853,0
2017-05-16,10.420000076293945,14.209999799728394,0
2017-05-17,10.649999618530273,14.19249963760376,0
2017-05-18,15.59000015258789,14.19249963760376,1
2017-05-19,14.65999984741211,14.19249963760376,1
2017-05-22,12.039999961853027,14.174999952316284,0
2017-05-23,10.930000305175781,14.154999732971191,0
2017-05-24,10.720000267028809,14.12749981880188,0
2017-05-25,10.020000457763672,14.089999914169312,0
2017-05-26,9.989999771118164,14.089999914169312,0
2017-05-30,9.8100004196167,14.089999914169312,0
2017-05-31,10.380000114440918,14.089999914169312,0
2017-06-01,10.40999984741211,14.072499752044678,0
2017-06-02,9.890000343322754,14.055000066757202,0
2017-06-05,9.75,14.055000066757202,0
2017-06-06,10.069999694824219,14.055000066757202,0
2017-06-07,10.449999809265137,14.055000066757202,0
2017-06-08,10.390000343322754,14.055000066757202,0
2017-06-09,10.15999984741211,14.042500019073486,0
2017-06-12,10.699999809265137,14.02500033378601,0
2017-06-13,11.460000038146973,13.817500114440918,0
2017-06-14,10.420000076293945,13.727500200271606,0
2017-06-15,10.640000343322754,13.667499780654907,0
2017-06-16,10.899999618530273,13.634999990463257,0
2017-06-19,10.380000114440918,13.630000114440918,0
2017-06-20,10.369999885559082,13.584999799728394,0
2017-06-21,10.859999656677246,13.555000066757202,0
2017-06-22,10.75,13.542500019073486,0
2017-06-23,10.479999542236328,13.494999647140503,0
2017-06-26,10.020000457763672,13.479999542236328,0
2017-06-27,9.899999618530273,13.464999914169312,0
2017-06-28,11.0600004196167,13.452499866485596,0
2017-06-29,10.029999732971191,13.427500009536743,0
2017-06-30,11.4399995803833,13.390000104904175,0
2017-07-03,11.180000305175781,13.372499942779541,0
2017-07-05,11.220000267028809,13.369999885559082,0
2017-07-06,11.069999694824219,13.369999885559082,0
2017-07-07,12.539999961853027,13.355000257492065,0
2017-07-10,11.1899995803833,13.34250020980835,0
2017-07-11,11.109999656677246,13.34250020980835,0
2017-07-12,10.890000343322754,13.332499980926514,0
2017-07-13,10.300000190734863,13.307500123977661,0
2017-07-14,9.899999618530273,13.307500123977661,0
2017-07-17,9.510000228881836,13.307500123977661,0
2017-07-18,9.819999694824219,13.307500123977661,0
2017-07-19,9.890000343322754,13.307500123977661,0
2017-07-20,9.789999961853027,13.307500123977661,0
2017-07-21,9.579999923706055,13.307500123977661,0
2017-07-24,9.359999656677246,13.307500123977661,0
2017-07-25,9.430000305175781,13.307500123977661,0
2017-07-26,9.430000305175781,13.307500123977661,0
2017-07-27,9.600000381469727,13.307500123977661,0
2017-07-28,10.109999656677246,13.307500123977661,0
2017-07-31,10.289999961853027,13.307500123977661,0
2017-08-01,10.260000228881836,13.307500123977661,0
2017-08-02,10.09000015258789,13.307500123977661,0
2017-08-03,10.279999732971191,13.292500019073486,0
2017-08-04,10.4399995803833,13.292500019073486,0
2017-08-07,10.029999732971191,13.292500019073486,0
2017-08-08,9.930000305175781,13.292500019073486,0
2017-08-09,10.960000038146973,13.292500019073486,0
2017-08-10,11.109999656677246,13.292500019073486,0
2017-08-11,16.040000915527344,13.307500123977661,1
2017-08-14,15.510000228881836,13.332499980926514,1
2017-08-15,12.329999923706055,13.332499980926514,0
2017-08-16,12.039999961853027,13.332499980926514,0
2017-08-17,11.739999771118164,13.332499980926514,0
2017-08-18,15.550000190734863,13.34250020980835,1
2017-08-21,14.260000228881836,13.355000257492065,1
2017-08-22,13.1899995803833,13.355000257492065,0
2017-08-23,11.350000381469727,13.355000257492065,0
2017-08-24,12.25,13.355000257492065,0
2017-08-25,12.229999542236328,13.34250020980835,0
2017-08-28,11.279999732971191,13.332499980926514,0
2017-08-29,11.319999694824219,13.307500123977661,0
2017-08-30,11.699999809265137,13.307500123977661,0
2017-08-31,11.220000267028809,13.307500123977661,0
2017-09-01,10.59000015258789,13.292500019073486,0
2017-09-05,10.130000114440918,13.214999675750732,0
2017-09-06,12.229999542236328,13.214999675750732,0
2017-09-07,11.630000114440918,13.214999675750732,0
2017-09-08,11.550000190734863,13.214999675750732,0
2017-09-11,12.119999885559082,13.214999675750732,0
2017-09-12,10.729999542236328,13.1899995803833,0
2017-09-13,10.579999923706055,13.15999960899353,0
2017-09-14,10.5,13.12749981880188,0
2017-09-15,10.4399995803833,13.105000257492065,0
2017-09-18,10.170000076293945,13.040000438690186,0
2017-09-19,10.149999618530273,12.997499942779541,0
2017-09-20,10.180000305175781,12.96749997138977,0
2017-09-21,9.779999732971191,12.952499866485596,0
2017-09-22,9.670000076293945,12.927500009536743,0
2017-09-25,9.59000015258789,12.927500009536743,0
2017-09-26,10.210000038146973,12.927500009536743,0
2017-09-27,10.170000076293945,12.904999732971191,0
2017-09-28,9.869999885559082,12.892500162124634,0
2017-09-29,9.550000190734863,12.892500162124634,0
2017-10-02,9.510000228881836,12.875,0
2017-10-03,9.449999809265137,12.855000257492065,0
2017-10-04,9.510000228881836,12.850000381469727,0
2017-10-05,9.630000114440918,12.84250020980835,0
2017-10-06,9.1899995803833,12.817500352859497,0
2017-10-09,9.649999618530273,12.795000076293945,0
2017-10-10,10.329999923706055,12.78249979019165,0
2017-10-11,10.079999923706055,12.735000133514404,0
2017-10-12,9.850000381469727,12.660000324249268,0
2017-10-13,9.90999984741211,12.640000343322754,0
2017-10-16,9.609999656677246,12.565000057220459,0
2017-10-17,9.90999984741211,12.539999961853027,0
2017-10-18,10.3100004196167,12.509999990463257,0
2017-10-19,10.069999694824219,12.484999656677246,0
2017-10-20,10.050000190734863,12.472500085830688,0
2017-10-23,9.970000267028809,12.440000295639038,0
2017-10-24,11.069999694824219,12.422500133514404,0
2017-10-25,11.15999984741211,12.412499904632568,0
2017-10-26,11.229999542236328,12.395000219345093,0
2017-10-27,11.300000190734863,12.382500171661377,0
2017-10-30,9.800000190734863,12.372499942779541,0
2017-10-31,10.5,12.347500085830688,0
2017-11-01,10.180000305175781,12.332499980926514,0
2017-11-02,10.199999809265137,12.307500123977661,0
2017-11-03,9.930000305175781,12.300000190734863,0
2017-11-06,9.140000343322754,12.262500047683716,0
2017-11-07,9.399999618530273,12.234999656677246,0
2017-11-08,9.890000343322754,12.229999542236328,0
2017-11-09,9.779999732971191,12.222500085830688,0
2017-11-10,10.5,12.204999923706055,0
2017-11-13,11.289999961853027,12.15500020980835,0
2017-11-14,11.5,12.125,0
2017-11-15,11.59000015258789,12.097500085830688,0
2017-11-16,13.130000114440918,12.097500085830688,1
2017-11-17,11.760000228881836,12.052500009536743,0
2017-11-20,11.430000305175781,12.039999961853027,0
2017-11-21,10.649999618530273,12.00249981880188,0
2017-11-22,9.729999542236328,11.989999771118164,0
2017-11-24,9.880000114440918,11.975000143051147,0
2017-11-27,9.670000076293945,11.940000295639038,0
2017-11-28,9.869999885559082,11.892500162124634,0
2017-11-29,10.029999732971191,11.872499942779541,0
2017-11-30,10.699999809265137,11.862499713897705,0
2017-12-01,11.279999732971191,11.852500200271606,0
2017-12-04,11.430000305175781,11.820000410079956,0
2017-12-05,11.680000305175781,11.8100004196167,0
2017-12-06,11.329999923706055,11.795000076293945,0
2017-12-07,11.020000457763672,11.795000076293945,0
2017-12-08,10.15999984741211,11.77500033378601,0
2017-12-11,9.579999923706055,11.762500286102295,0
2017-12-12,9.34000015258789,11.762500286102295,0
2017-12-13,9.920000076293945,11.760000228881836,0
2017-12-14,10.180000305175781,11.744999885559082,0
2017-12-15,10.489999771118164,11.739999771118164,0
2017-12-18,9.420000076293945,11.71749997138977,0
2017-12-19,9.529999732971191,11.710000038146973,0
2017-12-20,10.029999732971191,11.702499866485596,0
2017-12-21,9.720000267028809,11.702499866485596,0
2017-12-22,9.619999885559082,11.702499866485596,0
2017-12-26,9.899999618530273,11.702499866485596,0
2017-12-27,10.25,11.702499866485596,0
2017-12-28,10.470000267028809,11.68500018119812,0
2017-12-29,10.180000305175781,11.672500133514404,0
2018-01-02,11.039999961853027,11.662499904632568,0
2018-01-03,9.770000457763672,11.637500047683716,0
2018-01-04,9.149999618530273,11.630000114440918,0
2018-01-05,9.220000267028809,11.600000143051147,0
2018-01-08,9.220000267028809,11.574999809265137,0
2018-01-09,9.520000457763672,11.574999809265137,0
2018-01-10,10.079999923706055,11.574999809265137,0
2018-01-11,9.819999694824219,11.574999809265137,0
2018-01-12,9.880000114440918,11.574999809265137,0
2018-01-16,10.15999984741211,11.574999809265137,0
2018-01-17,11.65999984741211,11.600000143051147,1
2018-01-18,11.90999984741211,11.600000143051147,1
2018-01-19,12.220000267028809,11.600000143051147,1
2018-01-22,11.270000457763672,11.574999809265137,0
2018-01-23,11.029999732971191,11.574999809265137,0
2018-01-24,11.100000381469727,11.555000066757202,0
2018-01-25,11.470000267028809,11.555000066757202,0
2018-01-26,11.579999923706055,11.572499752044678,1
2018-01-29,11.079999923706055,11.572499752044678,0
2018-01-30,13.84000015258789,11.582499980926514,1
2018-01-31,14.789999961853027,11.582499980926514,1
2018-02-01,13.539999961853027,11.582499980926514,1
2018-02-02,13.470000267028809,11.582499980926514,1
2018-02-05,17.309999465942383,11.582499980926514,1
2018-02-06,37.31999969482422,11.600000143051147,1
2018-02-07,29.979999542236328,11.630000114440918,1
2018-02-08,27.729999542236328,11.637500047683716,1
2018-02-09,33.459999084472656,11.65999984741211,1
2018-02-12,29.059999465942383,11.664999961853027,1
2018-02-13,25.610000610351562,11.68500018119812,1
2018-02-14,24.969999313354492,11.702499866485596,1
2018-02-15,19.260000228881836,11.71749997138977,1
2018-02-16,19.1299991607666,11.71749997138977,1
2018-02-20,19.459999084472656,11.71749997138977,1
2018-02-21,20.600000381469727,11.739999771118164,1
2018-02-22,20.020000457763672,11.744999885559082,1
2018-02-23,18.719999313354492,11.767500162124634,1
2018-02-26,16.489999771118164,11.795000076293945,1
2018-02-27,15.800000190734863,11.822500228881836,1
2018-02-28,18.59000015258789,11.822500228881836,1
2018-03-01,19.850000381469727,11.822500228881836,1
2018-03-02,22.469999313354492,11.822500228881836,1
2018-03-05,19.59000015258789,11.872499704360962,1
2018-03-06,18.729999542236328,11.942499876022339,1
2018-03-07,18.360000610351562,12.039999961853027,1
2018-03-08,17.760000228881836,12.059999942779541,1
2018-03-09,16.540000915527344,12.144999980926514,1
2018-03-12,14.640000343322754,12.144999980926514,1
2018-03-13,15.779999732971191,12.222500085830688,1
2018-03-14,16.350000381469727,12.229999542236328,1
2018-03-15,17.229999542236328,12.229999542236328,1
2018-03-16,16.59000015258789,12.234999656677246,1
2018-03-19,15.800000190734863,12.269999980926514,1
2018-03-20,19.020000457763672,12.339999914169312,1
2018-03-21,18.200000762939453,12.372499942779541,1
2018-03-22,17.860000610351562,12.372499942779541,1
2018-03-23,23.34000015258789,12.372499942779541,1
2018-03-26,24.8700008392334,12.372499942779541,1
2018-03-27,21.030000686645508,12.372499942779541,1
2018-03-28,22.5,12.372499942779541,1
2018-03-29,22.8700008392334,12.382500171661377,1
2018-04-02,19.969999313354492,12.427500247955322,1
2018-04-03,23.6200008392334,12.622499942779541,1
2018-04-04,21.100000381469727,12.875,1
2018-04-05,20.059999465942383,12.950000286102295,1
2018-04-06,18.940000534057617,13.144999980926514,1
2018-04-09,21.489999771118164,13.259999752044678,1
2018-04-10,21.770000457763672,13.487500190734863,1
2018-04-11,20.469999313354492,13.615000009536743,1
2018-04-12,20.239999771118164,13.615000009536743,1
2018-04-13,18.489999771118164,13.615000009536743,1
2018-04-16,17.40999984741211,13.615000009536743,1
2018-04-17,16.559999465942383,13.615000009536743,1
2018-04-18,15.25,13.615000009536743,1
2018-04-19,15.600000381469727,13.615000009536743,1
2018-04-20,15.960000038146973,13.615000009536743,1
2018-04-23,16.8799991607666,13.615000009536743,1
2018-04-24,16.34000015258789,13.615000009536743,1
2018-04-25,18.020000457763672,13.945000171661377,1
2018-04-26,17.84000015258789,14.355000257492065,1
2018-04-27,16.239999771118164,14.645000219345093,1
2018-04-30,15.40999984741211,14.692499876022339,1
2018-05-01,15.930000305175781,14.90499997138977,1
2018-05-02,15.489999771118164,15.289999961853027,1
2018-05-03,15.970000267028809,15.429999828338623,1
2018-05-04,15.899999618530273,15.494999885559082,1
2018-05-07,14.770000457763672,15.494999885559082,0
2018-05-08,14.75,15.494999885559082,0
2018-05-09,14.710000038146973,15.494999885559082,0
2018-05-10,13.420000076293945,15.494999885559082,0
2018-05-11,13.229999542236328,15.494999885559082,0
2018-05-14,12.649999618530273,15.494999885559082,0
2018-05-15,12.930000305175781,15.494999885559082,0
2018-05-16,14.630000114440918,15.494999885559082,0
2018-05-17,13.420000076293945,15.494999885559082,0
2018-05-18,13.430000305175781,15.429999828338623,0
2018-05-21,13.420000076293945,15.429999828338623,0
2018-05-22,13.079999923706055,15.429999828338623,0
2018-05-23,13.220000267028809,15.429999828338623,0
2018-05-24,12.579999923706055,15.429999828338623,0
2018-05-25,12.529999732971191,15.429999828338623,0
2018-05-29,13.220000267028809,15.429999828338623,0
2018-05-30,17.020000457763672,15.494999885559082,1
2018-05-31,14.9399995803833,15.494999885559082,0
2018-06-01,15.430000305175781,15.494999885559082,0
2018-06-04,13.460000038146973,15.494999885559082,0
2018-06-05,12.739999771118164,15.494999885559082,0
2018-06-06,12.399999618530273,15.494999885559082,0
2018-06-07,11.640000343322754,15.494999885559082,0
2018-06-08,12.130000114440918,15.494999885559082,0
2018-06-11,12.180000305175781,15.494999885559082,0
2018-06-12,12.350000381469727,15.494999885559082,0
2018-06-13,12.34000015258789,15.494999885559082,0
2018-06-14,12.9399995803833,15.494999885559082,0
2018-06-15,12.119999885559082,15.494999885559082,0
2018-06-18,11.979999542236328,15.494999885559082,0
2018-06-19,12.3100004196167,15.494999885559082,0
2018-06-20,13.350000381469727,15.494999885559082,0
2018-06-21,12.789999961853027,15.494999885559082,0
2018-06-22,14.640000343322754,15.494999885559082,0
2018-06-25,13.770000457763672,15.494999885559082,0
2018-06-26,17.329999923706055,15.520000219345093,1
2018-06-27,15.920000076293945,15.562500238418579,1
2018-06-28,17.90999984741211,15.645000219345093,1
2018-06-29,16.850000381469727,15.78499984741211,1
2018-07-02,16.09000015258789,15.800000190734863,1
2018-07-03,15.600000381469727,15.800000190734863,0
2018-07-05,16.139999389648438,15.825000047683716,1
2018-07-06,14.970000267028809,15.825000047683716,0
2018-07-09,13.369999885559082,15.825000047683716,0
2018-07-10,12.6899995803833,15.825000047683716,0
2018-07-11,12.640000343322754,15.825000047683716,0
2018-07-12,13.630000114440918,15.825000047683716,0
2018-07-13,12.579999923706055,15.825000047683716,0
2018-07-16,12.180000305175781,15.825000047683716,0
2018-07-17,12.829999923706055,15.825000047683716,0
2018-07-18,12.0600004196167,15.825000047683716,0
2018-07-19,12.100000381469727,15.825000047683716,0
2018-07-20,12.869999885559082,15.825000047683716,0
2018-07-23,12.859999656677246,15.825000047683716,0
2018-07-24,12.619999885559082,15.825000047683716,0
2018-07-25,12.40999984741211,15.825000047683716,0
2018-07-26,12.289999961853027,15.825000047683716,0
2018-07-27,12.140000343322754,15.825000047683716,0
2018-07-30,13.029999732971191,15.825000047683716,0
2018-07-31,14.260000228881836,15.825000047683716,0
2018-08-01,12.829999923706055,15.825000047683716,0
2018-08-02,13.149999618530273,15.825000047683716,0
2018-08-03,12.1899995803833,15.825000047683716,0
2018-08-06,11.640000343322754,15.825000047683716,0
2018-08-07,11.270000457763672,15.825000047683716,0
2018-08-08,10.930000305175781,15.825000047683716,0
2018-08-09,10.850000381469727,15.825000047683716,0
2018-08-10,11.270000457763672,15.825000047683716,0
2018-08-13,13.15999984741211,15.800000190734863,0
2018-08-14,14.779999732971191,15.800000190734863,0
2018-08-15,13.3100004196167,15.800000190734863,0
2018-08-16,14.640000343322754,15.800000190734863,0
2018-08-17,13.449999809265137,15.800000190734863,0
2018-08-20,12.640000343322754,15.800000190734863,0
2018-08-21,12.489999771118164,15.800000190734863,0
2018-08-22,12.859999656677246,15.800000190734863,0
2018-08-23,12.25,15.800000190734863,0
2018-08-24,12.40999984741211,15.800000190734863,0
2018-08-27,11.989999771118164,15.800000190734863,0
2018-08-28,12.15999984741211,15.800000190734863,0
2018-08-29,12.5,15.800000190734863,0
2018-08-30,12.25,15.800000190734863,0
2018-08-31,13.529999732971191,15.800000190734863,0
2018-09-04,12.859999656677246,15.800000190734863,0
2018-09-05,13.15999984741211,15.800000190734863,0
2018-09-06,13.90999984741211,15.800000190734863,0
2018-09-07,14.649999618530273,15.800000190734863,0
2018-09-10,14.880000114440918,15.800000190734863,0
2018-09-11,14.15999984741211,15.800000190734863,0
2018-09-12,13.220000267028809,15.800000190734863,0
2018-09-13,13.140000343322754,15.800000190734863,0
2018-09-14,12.369999885559082,15.800000190734863,0
2018-09-17,12.069999694824219,15.800000190734863,0
2018-09-18,13.680000305175781,15.800000190734863,0
2018-09-19,12.789999961853027,15.800000190734863,0
2018-09-20,11.75,15.800000190734863,0
2018-09-21,11.800000190734863,15.800000190734863,0
2018-09-24,11.680000305175781,15.800000190734863,0
2018-09-25,12.199999809265137,15.800000190734863,0
2018-09-26,12.420000076293945,15.800000190734863,0
2018-09-27,12.890000343322754,15.800000190734863,0
2018-09-28,12.40999984741211,15.800000190734863,0
2018-10-01,12.119999885559082,15.800000190734863,0
2018-10-02,12.0,15.800000190734863,0
2018-10-03,12.050000190734863,15.800000190734863,0
2018-10-04,11.609999656677246,15.800000190734863,0
2018-10-05,14.220000267028809,15.800000190734863,0
2018-10-08,14.819999694824219,15.800000190734863,0
2018-10-09,15.6899995803833,15.800000190734863,0
2018-10-10,15.949999809265137,15.825000047683716,1
2018-10-11,22.959999084472656,15.904999732971191,1
2018-10-12,24.979999542236328,15.922500133514404,1
2018-10-15,21.309999465942383,15.93500018119812,1
2018-10-16,21.299999237060547,15.952499866485596,1
2018-10-17,17.6200008392334,15.962500095367432,1
2018-10-18,17.399999618530273,16.00000023841858,1
2018-10-19,20.059999465942383,16.102499961853027,1
2018-10-22,19.889999389648438,16.16499948501587,1
2018-10-23,19.639999389648438,16.264999866485596,1
2018-10-24,20.709999084472656,16.34250020980835,1
2018-10-25,25.229999542236328,16.385000228881836,1
2018-10-26,24.219999313354492,16.50250005722046,1
2018-10-29,24.15999984741211,16.545000553131104,1
2018-10-30,24.700000762939453,16.56749963760376,1
2018-10-31,23.350000381469727,16.65500020980835,1
2018-11-01,21.229999542236328,16.857500076293945,1
2018-11-02,19.34000015258789,16.91499948501587,1
2018-11-05,19.510000228881836,17.072500228881836,1
2018-11-06,19.959999084472656,17.249999523162842,1
2018-11-07,19.90999984741211,17.3149995803833,1
2018-11-08,16.360000610351562,17.3149995803833,0
2018-11-09,16.719999313354492,17.3149995803833,0
2018-11-12,17.360000610351562,17.33750009536743,1
2018-11-13,20.450000762939453,17.37000036239624,1
2018-11-14,20.020000457763672,17.402499675750732,1
2018-11-15,21.25,17.46250009536743,1
2018-11-16,19.979999542236328,17.655000686645508,1
2018-11-19,18.139999389648438,17.78000020980835,1
2018-11-20,20.100000381469727,17.84500026702881,1
2018-11-21,22.479999542236328,17.8725004196167,1
2018-11-23,20.799999237060547,17.9375,1
2018-11-26,21.520000457763672,18.050000190734863,1
2018-11-27,18.899999618530273,18.15499973297119,1
2018-11-28,19.020000457763672,18.24000072479248,1
2018-11-29,18.489999771118164,18.392500400543213,1
2018-11-30,18.790000915527344,18.489999771118164,1
2018-12-03,18.06999969482422,18.489999771118164,0
2018-12-04,16.440000534057617,18.489999771118164,0
2018-12-06,20.739999771118164,18.514999866485596,1
2018-12-07,21.190000534057617,18.62249994277954,1
2018-12-10,23.229999542236328,18.72249937057495,1
2018-12-11,22.639999389648438,18.744999885559082,1
2018-12-12,21.760000228881836,18.817500591278076,1
2018-12-13,21.459999084472656,18.90999984741211,1
2018-12-14,20.649999618530273,18.96000051498413,1
2018-12-17,21.6299991607666,19.020000457763672,1
2018-12-18,24.520000457763672,19.047500133514404,1
2018-12-19,25.579999923706055,19.16249942779541,1
2018-12-20,25.579999923706055,19.28000020980835,1
2018-12-21,28.3799991607666,19.369999885559082,1
2018-12-24,30.110000610351562,19.47249937057495,1
2018-12-26,36.06999969482422,19.53000020980835,1
2018-12-27,30.40999984741211,19.602499961853027,1
2018-12-28,29.959999084472656,19.69249963760376,1
2018-12-31,28.34000015258789,19.860000133514404,1
2019-01-02,25.420000076293945,19.894999504089355,1
2019-01-03,23.219999313354492,19.922499656677246,1
2019-01-04,25.450000762939453,19.962499141693115,1
2019-01-07,21.3799991607666,19.97249937057495,1
2019-01-08,21.399999618530273,19.989999771118164,1
2019-01-09,20.469999313354492,20.020000457763672,1
2019-01-10,19.979999542236328,20.020000457763672,0
2019-01-11,19.5,20.020000457763672,0
2019-01-14,18.190000534057617,20.020000457763672,0
2019-01-15,19.06999969482422,20.020000457763672,0
2019-01-16,18.600000381469727,20.020000457763672,0
2019-01-17,19.040000915527344,20.020000457763672,0
2019-01-18,18.059999465942383,20.020000457763672,0
2019-01-22,17.799999237060547,20.020000457763672,0
2019-01-23,20.799999237060547,20.03000020980835,1
2019-01-24,19.520000457763672,20.03000020980835,0
2019-01-25,18.889999389648438,20.03000020980835,0
2019-01-28,17.420000076293945,20.03000020980835,0
2019-01-29,18.8700008392334,20.03000020980835,0
2019-01-30,19.1299991607666,20.03000020980835,0
2019-01-31,17.65999984741211,20.03000020980835,0
2019-02-01,16.56999969482422,20.03000020980835,0
2019-02-04,16.139999389648438,20.03000020980835,0
2019-02-05,15.729999542236328,20.03000020980835,0
2019-02-06,15.569999694824219,20.03000020980835,0
2019-02-07,15.380000114440918,20.020000457763672,0
2019-02-08,16.3700008392334,19.989999771118164,0
2019-02-11,15.720000267028809,19.979999542236328,0
2019-02-12,15.970000267028809,19.97249937057495,0
2019-02-13,15.430000305175781,19.962499141693115,0
2019-02-14,15.649999618530273,19.922499656677246,0
2019-02-15,16.219999313354492,19.894999504089355,0
2019-02-19,14.90999984741211,19.894999504089355,0
2019-02-20,14.880000114440918,19.894999504089355,0
2019-02-21,14.020000457763672,19.894999504089355,0
2019-02-22,14.460000038146973,19.860000133514404,0
2019-02-25,13.510000228881836,19.69249963760376,0
2019-02-26,14.850000381469727,19.69249963760376,0
2019-02-27,15.170000076293945,19.69249963760376,0
2019-02-28,14.699999809265137,19.69249963760376,0
2019-03-01,14.779999732971191,19.69249963760376,0
2019-03-04,13.569999694824219,19.602499961853027,0
2019-03-05,14.630000114440918,19.537500381469727,0
2019-03-06,14.739999771118164,19.512500286102295,0
2019-03-07,15.739999771118164,19.512500286102295,0
2019-03-08,16.59000015258789,19.512500286102295,0
2019-03-11,16.049999237060547,19.512500286102295,0
2019-03-12,14.329999923706055,19.512500286102295,0
2019-03-13,13.770000457763672,19.512500286102295,0
2019-03-14,13.40999984741211,19.512500286102295,0
2019-03-15,13.5,19.512500286102295,0
2019-03-18,12.880000114440918,19.512500286102295,0
2019-03-19,13.100000381469727,19.512500286102295,0
2019-03-20,13.5600004196167,19.512500286102295,0
2019-03-21,13.90999984741211,19.512500286102295,0
2019-03-22,13.630000114440918,19.512500286102295,0
2019-03-25,16.479999542236328,19.512500286102295,0
2019-03-26,16.329999923706055,19.50250005722046,0
2019-03-27,14.680000305175781,19.380000114440918,0
2019-03-28,15.149999618530273,19.182499408721924,0
2019-03-29,14.430000305175781,19.084999561309814,0
2019-04-01,13.710000038146973,19.047500610351562,0
2019-04-02,13.399999618530273,19.02500057220459,0
2019-04-03,13.359999656677246,18.96000051498413,0
2019-04-04,13.739999771118164,18.90999984741211,0
2019-04-05,13.579999923706055,18.892499446868896,0
2019-04-08,12.819999694824219,18.875000476837158,0
2019-04-09,13.180000305175781,18.810000896453857,0
2019-04-10,14.279999732971191,18.64750051498413,0
2019-04-11,13.300000190734863,18.517499923706055,0
2019-04-12,13.020000457763672,18.489999771118164,0
2019-04-15,12.010000228881836,18.265000343322754,0
2019-04-16,12.319999694824219,18.265000343322754,0
2019-04-17,12.180000305175781,18.265000343322754,0
2019-04-18,12.600000381469727,18.265000343322754,0
2019-04-22,12.09000015258789,18.265000343322754,0
2019-04-23,12.420000076293945,18.265000343322754,0
2019-04-24,12.279999732971191,18.265000343322754,0
2019-04-25,13.140000343322754,18.265000343322754,0
2019-04-26,13.25,18.265000343322754,0
2019-04-29,12.729999542236328,18.265000343322754,0
2019-04-30,13.109999656677246,18.265000343322754,0
2019-05-01,13.119999885559082,18.265000343322754,0
2019-05-02,14.800000190734863,18.265000343322754,0
2019-05-03,14.420000076293945,18.265000343322754,0
2019-05-06,12.869999885559082,18.265000343322754,0
2019-05-07,15.4399995803833,18.265000343322754,0
2019-05-08,19.31999969482422,18.517499923706055,1
2019-05-09,19.399999618530273,18.64750051498413,1
2019-05-10,19.100000381469727,18.810000896453857,1
2019-05-13,16.040000915527344,18.810000896453857,0
2019-05-14,20.549999237060547,18.875000476837158,1
2019-05-15,18.059999465942383,18.875000476837158,0
2019-05-16,16.440000534057617,18.875000476837158,0
2019-05-17,15.289999961853027,18.875000476837158,0
2019-05-20,15.960000038146973,18.875000476837158,0
2019-05-21,16.309999465942383,18.875000476837158,0
2019-05-22,14.949999809265137,18.875000476837158,0
2019-05-23,14.75,18.875000476837158,0
2019-05-24,16.920000076293945,18.875000476837158,0
2019-05-28,15.850000381469727,18.875000476837158,0
2019-05-29,17.5,18.875000476837158,0
2019-05-30,17.899999618530273,18.875000476837158,0
2019-05-31,17.299999237060547,18.875000476837158,0
2019-06-03,18.709999084472656,18.875000476837158,0
2019-06-04,18.860000610351562,18.875000476837158,0
2019-06-05,16.969999313354492,18.875000476837158,0
2019-06-06,16.09000015258789,18.875000476837158,0
2019-06-07,15.930000305175781,18.875000476837158,0
2019-06-10,16.299999237060547,18.875000476837158,0
2019-06-11,15.9399995803833,18.875000476837158,0
2019-06-12,15.989999771118164,18.875000476837158,0
2019-06-13,15.90999984741211,18.875000476837158,0
2019-06-14,15.819999694824219,18.875000476837158,0
2019-06-17,15.279999732971191,18.875000476837158,0
2019-06-18,15.350000381469727,18.875000476837158,0
2019-06-19,15.149999618530273,18.875000476837158,0
2019-06-20,14.329999923706055,18.875000476837158,0
2019-06-21,14.75,18.875000476837158,0
2019-06-24,15.399999618530273,18.875000476837158,0
2019-06-25,15.260000228881836,18.875000476837158,0
2019-06-26,16.280000686645508,18.875000476837158,0
2019-06-27,16.209999084472656,18.875000476837158,0
2019-06-28,15.819999694824219,18.875000476837158,0
2019-07-01,15.079999923706055,18.875000476837158,0
2019-07-02,14.0600004196167,18.875000476837158,0
2019-07-03,12.930000305175781,18.875000476837158,0
2019-07-05,12.569999694824219,18.875000476837158,0
2019-07-08,13.279999732971191,18.875000476837158,0
2019-07-09,13.960000038146973,18.875000476837158,0
2019-07-10,14.09000015258789,18.875000476837158,0
2019-07-11,13.029999732971191,18.875000476837158,0
2019-07-12,12.930000305175781,18.875000476837158,0
2019-07-15,12.390000343322754,18.875000476837158,0
2019-07-16,12.680000305175781,18.875000476837158,0
2019-07-17,12.859999656677246,18.875000476837158,0
2019-07-18,13.970000267028809,18.875000476837158,0
2019-07-19,13.529999732971191,18.875000476837158,0
2019-07-22,14.449999809265137,18.875000476837158,0
2019-07-23,13.529999732971191,18.875000476837158,0
2019-07-24,12.609999656677246,18.875000476837158,0
2019-07-25,12.069999694824219,18.875000476837158,0
2019-07-26,12.739999771118164,18.875000476837158,0
2019-07-29,12.15999984741211,18.875000476837158,0
2019-07-30,12.829999923706055,18.875000476837158,0
2019-07-31,13.9399995803833,18.875000476837158,0
2019-08-01,16.1200008392334,18.875000476837158,0
2019-08-02,17.8700008392334,18.875000476837158,0
2019-08-05,17.610000610351562,18.875000476837158,0
2019-08-06,24.59000015258789,18.892499446868896,1
2019-08-07,20.170000076293945,18.929999828338623,1
2019-08-08,19.489999771118164,19.02500057220459,1
2019-08-09,16.90999984741211,19.02500057220459,0
2019-08-12,17.969999313354492,19.02500057220459,0
2019-08-13,21.09000015258789,19.047500610351562,1
2019-08-14,17.520000457763672,19.047500610351562,0
2019-08-15,22.100000381469727,19.077499866485596,1
2019-08-16,21.18000030517578,19.107500076293945,1
2019-08-19,18.469999313354492,19.107500076293945,0
2019-08-20,16.8799991607666,19.107500076293945,0
2019-08-21,17.5,19.107500076293945,0
2019-08-22,15.800000190734863,19.107500076293945,0
2019-08-23,16.68000030517578,19.107500076293945,0
2019-08-26,19.8700008392334,19.177499294281006,1
2019-08-27,19.31999969482422,19.31999969482422,1
2019-08-28,20.309999465942383,19.324999809265137,1
2019-08-29,19.350000381469727,19.34250020980835,1
2019-08-30,17.8799991607666,19.34250020980835,0
2019-09-03,18.979999542236328,19.34250020980835,0
2019-09-04,19.65999984741211,19.362500190734863,1
2019-09-05,17.329999923706055,19.362500190734863,0
2019-09-06,16.270000457763672,19.362500190734863,0
2019-09-09,15.0,19.362500190734863,0
2019-09-10,15.270000457763672,19.362500190734863,0
2019-09-11,15.199999809265137,19.362500190734863,0
2019-09-12,14.609999656677246,19.362500190734863,0
2019-09-13,14.220000267028809,19.362500190734863,0
2019-09-16,13.739999771118164,19.362500190734863,0
2019-09-17,14.670000076293945,19.362500190734863,0
2019-09-18,14.4399995803833,19.362500190734863,0
2019-09-19,13.949999809265137,19.362500190734863,0
2019-09-20,14.050000190734863,19.362500190734863,0
2019-09-23,15.319999694824219,19.362500190734863,0
2019-09-24,14.90999984741211,19.362500190734863,0
2019-09-25,17.049999237060547,19.362500190734863,0
2019-09-26,15.960000038146973,19.362500190734863,0
2019-09-27,16.06999969482422,19.362500190734863,0
2019-09-30,17.219999313354492,19.362500190734863,0
2019-10-01,16.239999771118164,19.362500190734863,0
2019-10-02,18.559999465942383,19.362500190734863,0
2019-10-03,20.559999465942383,19.422499656677246,1
2019-10-04,19.1200008392334,19.422499656677246,0
2019-10-07,17.040000915527344,19.422499656677246,0
2019-10-08,17.860000610351562,19.422499656677246,0
2019-10-09,20.280000686645508,19.492499828338623,1
2019-10-10,18.639999389648438,19.492499828338623,0
2019-10-11,17.56999969482422,19.492499828338623,0
2019-10-14,15.579999923706055,19.422499656677246,0
2019-10-15,14.569999694824219,19.362500190734863,0
2019-10-16,13.539999961853027,19.34250020980835,0
2019-10-17,13.680000305175781,19.324999809265137,0
2019-10-18,13.789999961853027,19.324999809265137,0
2019-10-21,14.25,19.324999809265137,0
2019-10-22,14.0,19.31999969482422,0
2019-10-23,14.460000038146973,19.177499294281006,0
2019-10-24,14.010000228881836,19.1225004196167,0
2019-10-25,13.710000038146973,19.105000495910645,0
2019-10-28,12.649999618530273,19.077499866485596,0
2019-10-29,13.109999656677246,19.047500610351562,0
2019-10-30,13.199999809265137,19.02500057220459,0
2019-10-31,12.329999923706055,18.989999771118164,0
2019-11-01,13.220000267028809,18.919999599456787,0
2019-11-04,12.300000190734863,18.892499446868896,0
2019-11-05,12.829999923706055,18.875000476837158,0
2019-11-06,13.100000381469727,18.86250066757202,0
2019-11-07,12.619999885559082,18.8075008392334,0
2019-11-08,12.729999542236328,18.729999542236328,0
2019-11-11,12.069999694824219,18.729999542236328,0
2019-11-12,12.6899995803833,18.729999542236328,0
2019-11-13,12.680000305175781,18.729999542236328,0
2019-11-14,13.0,18.657499313354492,0
2019-11-15,13.050000190734863,18.610000133514404,0
2019-11-18,12.050000190734863,18.56999969482422,0
2019-11-19,12.460000038146973,18.50749969482422,0
2019-11-20,12.859999656677246,18.50749969482422,0
2019-11-21,12.779999732971191,18.47499942779541,0
2019-11-22,13.130000114440918,18.260000228881836,0
2019-11-25,12.34000015258789,18.09999990463257,0
2019-11-26,11.869999885559082,18.062499523162842,0
2019-11-27,11.539999961853027,18.059999465942383,0
2019-11-29,11.75,17.992499351501465,0
2019-12-02,12.619999885559082,17.917499542236328,0
2019-12-03,14.90999984741211,17.88499927520752,0
2019-12-04,15.960000038146973,17.8725004196167,0
2019-12-05,14.800000190734863,17.8725004196167,0
2019-12-06,14.520000457763672,17.86250066757202,0
2019-12-09,13.619999885559082,17.8149995803833,0
2019-12-10,15.859999656677246,17.69499969482422,0
2019-12-11,15.680000305175781,17.6225004196167,0
2019-12-12,14.989999771118164,17.579999923706055,0
2019-12-13,13.9399995803833,17.53250026702881,0
2019-12-16,12.630000114440918,17.505000114440918,0
2019-12-17,12.140000343322754,17.5,0
2019-12-18,12.289999961853027,17.44000005722046,0
2019-12-19,12.579999923706055,17.352499961853027,0
2019-12-20,12.5,17.307499408721924,0
2019-12-23,12.510000228881836,17.239999294281006,0
2019-12-24,12.609999656677246,17.092499256134033,0
2019-12-26,12.670000076293945,17.042500495910645,0
2019-12-27,12.649999618530273,16.987499713897705,0
2019-12-30,13.430000305175781,16.932499885559082,0
2019-12-31,14.819999694824219,16.91249990463257,0
2020-01-02,13.779999732971191,16.88749933242798,0
2020-01-03,12.470000267028809,16.730000019073486,0
2020-01-06,14.020000457763672,16.612500190734863,0
2020-01-07,13.850000381469727,16.574999809265137,0
2020-01-08,13.789999961853027,16.5024995803833,0
2020-01-09,13.449999809265137,16.450000286102295,0
2020-01-10,12.539999961853027,16.387500762939453,0
2020-01-13,12.5600004196167,16.34000015258789,0
2020-01-14,12.319999694824219,16.3149995803833,0
2020-01-15,12.390000343322754,16.302499294281006,0
2020-01-16,12.420000076293945,16.285000324249268,0
2020-01-17,12.319999694824219,16.27250051498413,0
2020-01-21,12.100000381469727,16.24749994277954,0
2020-01-22,12.850000381469727,16.22499942779541,0
2020-01-23,12.90999984741211,16.212499141693115,0
2020-01-24,12.979999542236328,16.157499313354492,0
2020-01-27,14.5600004196167,16.125000476837158,0
2020-01-28,18.229999542236328,16.125000476837158,1
2020-01-29,16.280000686645508,16.125000476837158,1
2020-01-30,16.389999389648438,16.125000476837158,1
2020-01-31,15.489999771118164,16.097500324249268,0
2020-02-03,18.84000015258789,16.097500324249268,1
2020-02-04,17.969999313354492,16.097500324249268,1
2020-02-05,16.049999237060547,16.097500324249268,0
2020-02-06,15.149999618530273,16.097500324249268,0
2020-02-07,14.960000038146973,16.097500324249268,0
2020-02-10,15.470000267028809,16.074999809265137,0
2020-02-11,15.039999961853027,16.074999809265137,0
2020-02-12,15.180000305175781,16.074999809265137,0
2020-02-13,13.739999771118164,16.074999809265137,0
2020-02-14,14.149999618530273,16.074999809265137,0
2020-02-18,13.680000305175781,16.054999351501465,0
2020-02-19,14.829999923706055,16.054999351501465,0
2020-02-20,14.380000114440918,16.054999351501465,0
2020-02-21,15.5600004196167,16.054999351501465,0
2020-02-24,17.079999923706055,16.074999809265137,1
2020-02-25,25.030000686645508,16.097500324249268,1
2020-02-26,27.850000381469727,16.142500400543213,1
2020-02-27,27.559999465942383,16.217499256134033,1
2020-02-28,39.15999984741211,16.24749994277954,1
2020-03-02,40.11000061035156,16.27250051498413,1
2020-03-03,33.41999816894531,16.280000686645508,1
2020-03-04,36.81999969482422,16.285000324249268,1
2020-03-05,31.989999771118164,16.302499294281006,1
2020-03-06,39.619998931884766,16.3149995803833,1
2020-03-09,41.939998626708984,16.3149995803833,1
2020-03-10,54.459999084472656,16.34499979019165,1
2020-03-11,47.29999923706055,16.402499675750732,1
2020-03-12,53.900001525878906,16.450000286102295,1
2020-03-13,75.47000122070312,16.52999973297119,1
2020-03-16,57.83000183105469,16.730000019073486,1
2020-03-17,82.69000244140625,16.88749933242798,1
2020-03-18,75.91000366210938,16.91249990463257,1
2020-03-19,76.44999694824219,16.932499885559082,1
2020-03-20,72.0,16.987499713897705,1
2020-03-23,66.04000091552734,17.042500495910645,1
2020-03-24,61.59000015258789,17.057499408721924,1
2020-03-25,61.66999816894531,17.114999771118164,1
2020-03-26,63.95000076293945,17.239999294281006,1
2020-03-27,61.0,17.307499408721924,1
2020-03-30,65.54000091552734,17.37249994277954,1
2020-03-31,57.08000183105469,17.5,1
2020-04-01,53.540000915527344,17.505000114440918,1
2020-04-02,57.060001373291016,17.53250026702881,1
2020-04-03,50.90999984741211,17.579999923706055,1
2020-04-06,46.79999923706055,17.672500610351562,1
2020-04-07,45.2400016784668,17.86250066757202,1
2020-04-08,46.70000076293945,17.8725004196167,1
2020-04-09,43.349998474121094,17.88499927520752,1
2020-04-13,41.66999816894531,17.917499542236328,1
2020-04-14,41.16999816894531,17.969999313354492,1
2020-04-15,37.7599983215332,17.992499351501465,1
2020-04-16,40.84000015258789,18.10249948501587,1
2020-04-17,40.11000061035156,18.28999948501587,1
2020-04-20,38.150001525878906,18.492499351501465,1
2020-04-21,43.83000183105469,18.579999446868896,1
2020-04-22,45.40999984741211,18.657499313354492,1
2020-04-23,41.97999954223633,18.742499351501465,1
2020-04-24,41.380001068115234,18.84500026702881,1
2020-04-27,35.93000030517578,18.890000343322754,1
2020-04-28,33.290000915527344,19.009999752044678,1
2020-04-29,33.56999969482422,19.105000495910645,1
2020-04-30,31.229999542236328,19.170000553131104,1
2020-05-01,34.150001525878906,19.31999969482422,1
2020-05-04,37.189998626708984,19.327499866485596,1
2020-05-05,35.970001220703125,19.362500190734863,1
2020-05-06,33.61000061035156,19.422499656677246,1
2020-05-07,34.119998931884766,19.53249979019165,1
2020-05-08,31.440000534057617,19.71250009536743,1
2020-05-11,27.979999542236328,19.945000648498535,1
2020-05-12,27.56999969482422,20.197500228881836,1
2020-05-13,33.040000915527344,20.197500228881836,1
2020-05-14,35.279998779296875,20.287500381469727,1
2020-05-15,32.61000061035156,20.372499465942383,1
2020-05-18,31.889999389648438,20.69249963760376,1
2020-05-19,29.299999237060547,21.112500190734863,1
2020-05-20,30.530000686645508,21.410000324249268,1
2020-05-21,27.989999771118164,22.722500324249268,1
2020-05-22,29.530000686645508,24.700000286102295,1
2020-05-26,28.15999984741211,25.662500381469727,1
2020-05-27,28.010000228881836,27.562499523162842,1
2020-05-28,27.6200008392334,27.582499980926514,1
2020-05-29,28.59000015258789,27.67750072479248,1
2020-06-01,27.510000228881836,27.67750072479248,0
2020-06-02,28.229999542236328,27.882500171661377,1
2020-06-03,26.84000015258789,27.882500171661377,0
2020-06-04,25.65999984741211,27.882500171661377,0
2020-06-05,25.809999465942383,27.882500171661377,0
2020-06-08,24.520000457763672,27.882500171661377,0
2020-06-09,25.809999465942383,27.882500171661377,0
2020-06-10,27.56999969482422,27.882500171661377,0
2020-06-11,27.56999969482422,27.882500171661377,0
2020-06-12,40.790000915527344,27.982499599456787,1
2020-06-15,36.09000015258789,27.994999885559082,1
2020-06-16,34.400001525878906,28.047500133514404,1
2020-06-17,33.66999816894531,28.177499771118164,1
2020-06-18,33.470001220703125,28.31999969482422,1
2020-06-19,32.939998626708984,28.767499923706055,1
2020-06-22,35.119998931884766,29.357499599456787,1
2020-06-23,31.770000457763672,29.780000686645508,1
2020-06-24,31.3700008392334,30.705000400543213,1
2020-06-25,33.84000015258789,31.264999866485596,1
2020-06-26,32.220001220703125,31.387500762939453,1
2020-06-29,34.72999954223633,31.52250051498413,1
2020-06-30,31.780000686645508,31.77250051498413,1
2020-07-01,30.43000030517578,31.77250051498413,0
2020-07-02,28.6200008392334,31.77250051498413,0
2020-07-06,27.68000030517578,31.77250051498413,0
2020-07-07,27.940000534057617,31.77250051498413,0
2020-07-08,29.43000030517578,31.77250051498413,0
2020-07-09,28.079999923706055,31.77250051498413,0
2020-07-10,29.260000228881836,31.77250051498413,0
2020-07-13,27.290000915527344,31.77250051498413,0
2020-07-14,32.189998626708984,31.80750036239624,1
2020-07-15,29.520000457763672,31.80750036239624,0
2020-07-16,27.760000228881836,31.80750036239624,0
2020-07-17,28.0,31.80750036239624,0
2020-07-20,25.68000030517578,31.80750036239624,0
2020-07-21,24.459999084472656,31.80750036239624,0
2020-07-22,24.84000015258789,31.80750036239624,0
2020-07-23,24.31999969482422,31.80750036239624,0
2020-07-24,26.079999923706055,31.80750036239624,0
2020-07-27,25.84000015258789,31.80750036239624,0
2020-07-28,24.739999771118164,31.80750036239624,0
2020-07-29,25.440000534057617,31.80750036239624,0
2020-07-30,24.100000381469727,31.80750036239624,0
2020-07-31,24.760000228881836,31.80750036239624,0
2020-08-03,24.459999084472656,31.80750036239624,0
2020-08-04,24.280000686645508,31.80750036239624,0
2020-08-05,23.760000228881836,31.80750036239624,0
2020-08-06,22.989999771118164,31.80750036239624,0
2020-08-07,22.649999618530273,31.80750036239624,0
2020-08-10,22.209999084472656,31.80750036239624,0
2020-08-11,22.1299991607666,31.80750036239624,0
2020-08-12,24.030000686645508,31.80750036239624,0
2020-08-13,22.280000686645508,31.80750036239624,0
2020-08-14,22.1299991607666,31.80750036239624,0
2020-08-17,22.049999237060547,31.80750036239624,0
2020-08-18,21.350000381469727,31.80750036239624,0
2020-08-19,21.510000228881836,31.80750036239624,0
2020-08-20,22.540000915527344,31.80750036239624,0
2020-08-21,22.719999313354492,31.80750036239624,0
2020-08-24,22.540000915527344,31.80750036239624,0
2020-08-25,22.3700008392334,31.80750036239624,0
2020-08-26,22.030000686645508,31.80750036239624,0
2020-08-27,23.270000457763672,31.80750036239624,0
2020-08-28,24.469999313354492,31.80750036239624,0
2020-08-31,22.959999084472656,31.80750036239624,0
2020-09-01,26.40999984741211,31.80750036239624,0
2020-09-02,26.1200008392334,31.80750036239624,0
2020-09-03,26.56999969482422,31.80750036239624,0
2020-09-04,33.599998474121094,31.91499948501587,1
2020-09-08,30.75,31.91499948501587,0
2020-09-09,31.459999084472656,31.91499948501587,0
2020-09-10,28.809999465942383,31.91499948501587,0
2020-09-11,29.709999084472656,31.91499948501587,0
2020-09-14,26.8700008392334,31.91499948501587,0
2020-09-15,25.850000381469727,31.91499948501587,0
2020-09-16,25.59000015258789,31.91499948501587,0
2020-09-17,26.040000915527344,31.91499948501587,0
2020-09-18,26.459999084472656,31.91499948501587,0
2020-09-21,25.829999923706055,31.91499948501587,0
2020-09-22,27.780000686645508,31.91499948501587,0
2020-09-23,26.860000610351562,31.91499948501587,0
2020-09-24,28.579999923706055,31.91499948501587,0
2020-09-25,28.510000228881836,31.91499948501587,0
2020-09-28,26.3799991607666,31.91499948501587,0
2020-09-29,26.190000534057617,31.91499948501587,0
2020-09-30,26.270000457763672,31.91499948501587,0
2020-10-01,26.3700008392334,31.91499948501587,0
2020-10-02,26.700000762939453,31.91499948501587,0
2020-10-05,27.6299991607666,31.91499948501587,0
2020-10-06,27.959999084472656,31.91499948501587,0
2020-10-07,29.479999542236328,31.91499948501587,0
2020-10-08,28.059999465942383,31.91499948501587,0
2020-10-09,26.360000610351562,31.91499948501587,0
2020-10-12,25.0,31.91499948501587,0
2020-10-13,25.06999969482422,31.91499948501587,0
2020-10-14,26.06999969482422,31.91499948501587,0
2020-10-15,26.399999618530273,31.91499948501587,0
2020-10-16,26.969999313354492,31.91499948501587,0
2020-10-19,27.40999984741211,31.91499948501587,0
2020-10-20,29.18000030517578,31.91499948501587,0
2020-10-21,29.350000381469727,31.91499948501587,0
2020-10-22,28.649999618530273,31.91499948501587,0
2020-10-23,28.110000610351562,31.91499948501587,0
2020-10-26,27.549999237060547,31.91499948501587,0
2020-10-27,32.459999084472656,32.03999948501587,1
2020-10-28,33.349998474121094,32.19749927520752,1
2020-10-29,40.279998779296875,32.28000068664551,1
2020-10-30,37.59000015258789,32.49749946594238,1
2020-11-02,38.02000045776367,32.69250011444092,1
2020-11-03,37.130001068115234,32.964999198913574,1
2020-11-04,35.54999923706055,33.102500915527344,1
2020-11-05,29.56999969482422,33.102500915527344,0
2020-11-06,27.579999923706055,33.102500915527344,0
2020-11-09,24.860000610351562,33.102500915527344,0
2020-11-10,25.75,33.102500915527344,0
2020-11-11,24.799999237060547,33.102500915527344,0
2020-11-12,23.450000762939453,33.102500915527344,0
2020-11-13,25.350000381469727,33.102500915527344,0
2020-11-16,23.100000381469727,33.102500915527344,0
2020-11-17,22.450000762939453,33.102500915527344,0
2020-11-18,22.709999084472656,33.102500915527344,0
2020-11-19,23.84000015258789,33.102500915527344,0
2020-11-20,23.110000610351562,33.102500915527344,0
2020-11-23,23.700000762939453,33.102500915527344,0
2020-11-24,22.65999984741211,33.102500915527344,0
2020-11-25,21.639999389648438,33.102500915527344,0
2020-11-27,21.25,33.102500915527344,0
2020-11-30,20.84000015258789,33.102500915527344,0
2020-12-01,20.56999969482422,33.102500915527344,0
2020-12-02,20.770000457763672,33.102500915527344,0
2020-12-03,21.170000076293945,33.102500915527344,0
2020-12-04,21.280000686645508,33.102500915527344,0
2020-12-07,20.790000915527344,33.102500915527344,0
2020-12-08,21.299999237060547,33.102500915527344,0
2020-12-09,20.68000030517578,33.102500915527344,0
2020-12-10,22.270000457763672,33.102500915527344,0
2020-12-11,22.520000457763672,33.102500915527344,0
2020-12-14,23.309999465942383,33.102500915527344,0
2020-12-15,24.719999313354492,33.102500915527344,0
2020-12-16,22.889999389648438,33.102500915527344,0
2020-12-17,22.5,33.102500915527344,0
2020-12-18,21.93000030517578,33.102500915527344,0
2020-12-21,21.56999969482422,33.102500915527344,0
2020-12-22,25.15999984741211,33.102500915527344,0
2020-12-23,24.229999542236328,33.102500915527344,0
2020-12-24,23.309999465942383,33.102500915527344,0
2020-12-28,21.530000686645508,33.102500915527344,0
2020-12-29,21.700000762939453,33.102500915527344,0
2020-12-30,23.079999923706055,33.102500915527344,0
2020-12-31,22.770000457763672,33.102500915527344,0
2021-01-04,22.75,33.102500915527344,0
2021-01-05,26.969999313354492,33.102500915527344,0
2021-01-06,25.34000015258789,33.102500915527344,0
2021-01-07,25.06999969482422,33.102500915527344,0
2021-01-08,22.3700008392334,33.102500915527344,0
2021-01-11,21.559999465942383,33.102500915527344,0
2021-01-12,24.079999923706055,33.102500915527344,0
2021-01-13,23.329999923706055,33.102500915527344,0
2021-01-14,22.209999084472656,33.102500915527344,0
2021-01-15,23.25,33.102500915527344,0
2021-01-19,24.34000015258789,33.102500915527344,0
2021-01-20,23.239999771118164,33.102500915527344,0
2021-01-21,21.579999923706055,33.102500915527344,0
2021-01-22,21.31999969482422,33.102500915527344,0
2021-01-25,21.90999984741211,33.102500915527344,0
2021-01-26,23.190000534057617,33.102500915527344,0
2021-01-27,23.020000457763672,33.102500915527344,0
2021-01-28,37.209999084472656,33.30500030517578,1
2021-01-29,30.209999084472656,33.30500030517578,0
2021-02-01,33.09000015258789,33.30500030517578,0
2021-02-02,30.239999771118164,33.30500030517578,0
2021-02-03,25.559999465942383,33.30500030517578,0
2021-02-04,22.90999984741211,33.30500030517578,0
2021-02-05,21.770000457763672,33.30500030517578,0
2021-02-08,20.8700008392334,33.30500030517578,0
2021-02-09,21.239999771118164,33.30500030517578,0
2021-02-10,21.6299991607666,33.30500030517578,0
2021-02-11,21.989999771118164,33.30500030517578,0
2021-02-12,21.25,33.30500030517578,0
2021-02-16,19.969999313354492,33.30500030517578,0
2021-02-17,21.459999084472656,33.30500030517578,0
2021-02-18,21.5,33.30500030517578,0
2021-02-19,22.489999771118164,33.30500030517578,0
2021-02-22,22.049999237060547,33.30500030517578,0
2021-02-23,23.450000762939453,33.30500030517578,0
2021-02-24,23.110000610351562,33.30500030517578,0
2021-02-25,21.34000015258789,33.30500030517578,0
2021-02-26,28.889999389648438,33.30500030517578,0
2021-03-01,27.950000762939453,33.140000343322754,0
2021-03-02,23.350000381469727,33.05250072479248,0
2021-03-03,24.100000381469727,32.964999198913574,0
2021-03-04,26.670000076293945,32.69250011444092,0
2021-03-05,28.56999969482422,32.69250011444092,0
2021-03-08,24.65999984741211,32.49749946594238,0
2021-03-09,25.469999313354492,32.28000068664551,0
2021-03-10,24.030000686645508,32.19749927520752,0
2021-03-11,22.559999465942383,31.964999198913574,0
2021-03-12,21.90999984741211,31.80750036239624,0
2021-03-15,20.690000534057617,31.77250051498413,0
2021-03-16,20.030000686645508,31.53749942779541,0
2021-03-17,19.790000915527344,31.445000171661377,0
2021-03-18,19.229999542236328,31.387500762939453,0
2021-03-19,21.579999923706055,31.264999866485596,0
2021-03-22,20.950000762939453,30.869999885559082,0
2021-03-23,18.8799991607666,30.58500051498413,0
2021-03-24,20.299999237060547,30.455000400543213,0
2021-03-25,21.200000762939453,30.28749990463257,0
2021-03-26,19.809999465942383,30.217499256134033,0
2021-03-29,18.860000610351562,29.834999084472656,0
2021-03-30,20.739999771118164,29.604999542236328,0
2021-03-31,19.610000610351562,29.540000438690186,0
2021-04-01,19.399999618530273,29.52250051498413,0
2021-04-05,17.329999923706055,29.489999771118164,0
2021-04-06,17.90999984741211,29.442500114440918,0
2021-04-07,18.1200008392334,29.37000036239624,0
2021-04-08,17.15999984741211,29.312499523162842,0
2021-04-09,16.950000762939453,29.269999980926514,0
2021-04-12,16.690000534057617,29.200000286102295,0
2021-04-13,16.90999984741211,28.962499618530273,0
2021-04-14,16.649999618530273,28.829999446868896,0
2021-04-15,16.989999771118164,28.6899995803833,0
2021-04-16,16.56999969482422,28.627500534057617,0
2021-04-19,16.25,28.597500324249268,0
2021-04-20,17.290000915527344,28.582499980926514,0
2021-04-21,18.68000030517578,28.572499752044678,0
2021-04-22,17.5,28.52500009536743,0
2021-04-23,18.709999084472656,28.299999713897705,0
2021-04-26,17.329999923706055,28.177499771118164,0
2021-04-27,17.639999389648438,28.1225004196167,0
2021-04-28,17.559999465942383,28.08750009536743,0
2021-04-29,17.280000686645508,28.0649995803833,0
2021-04-30,17.610000610351562,28.022500038146973,0
2021-05-03,18.610000610351562,28.00250005722046,0
2021-05-04,18.309999465942383,27.992499828338623,0
2021-05-05,19.479999542236328,27.982499599456787,0
2021-05-06,19.149999618530273,27.964999198913574,0
2021-05-07,18.389999389648438,27.952500343322754,0
2021-05-10,16.690000534057617,27.942500591278076,0
2021-05-11,19.65999984741211,27.820000648498535,0
2021-05-12,21.84000015258789,27.820000648498535,0
2021-05-13,27.59000015258789,27.765000343322754,0
2021-05-14,23.1299991607666,27.700000286102295,0
2021-05-17,18.809999465942383,27.642499446868896,0
2021-05-18,19.719999313354492,27.6225004196167,0
2021-05-19,21.34000015258789,27.597500324249268,0
2021-05-20,22.18000030517578,27.582499980926514,0
2021-05-21,20.670000076293945,27.572499752044678,0
2021-05-24,20.149999618530273,27.56999969482422,0
2021-05-25,18.399999618530273,27.554999351501465,0
2021-05-26,18.84000015258789,27.519999980926514,0
2021-05-27,17.360000610351562,27.43499994277954,0
2021-05-28,16.739999771118164,27.320000648498535,0
2021-06-01,16.760000228881836,27.049999713897705,0
2021-06-02,17.899999618530273,26.969999313354492,0
2021-06-03,17.479999542236328,26.969999313354492,0
2021-06-04,18.040000915527344,26.969999313354492,0
2021-06-07,16.420000076293945,26.969999313354492,0
2021-06-08,16.420000076293945,26.969999313354492,0
2021-06-09,17.06999969482422,26.969999313354492,0
2021-06-10,17.889999389648438,26.895000457763672,0
2021-06-11,16.100000381469727,26.86250066757202,0
2021-06-14,15.649999618530273,26.74000072479248,0
2021-06-15,16.389999389648438,26.677500247955322,0
2021-06-16,17.020000457763672,26.59499979019165,0
2021-06-17,18.149999618530273,26.487499237060547,0
2021-06-18,17.75,26.422499656677246,0
2021-06-21,20.700000762939453,26.402499675750732,0
2021-06-22,17.889999389648438,26.38499927520752,0
2021-06-23,16.65999984741211,26.3725004196167,0
2021-06-24,16.31999969482422,26.36250066757202,0
2021-06-25,15.970000267028809,26.292500495910645,0
2021-06-28,15.619999885559082,26.21000051498413,0
2021-06-29,15.760000228881836,26.137500762939453,0
2021-06-30,16.020000457763672,26.09000015258789,0
2021-07-01,15.829999923706055,26.072499752044678,0
2021-07-02,15.479999542236328,26.047500610351562,0
2021-07-06,15.069999694824219,25.89750051498413,0
2021-07-07,16.440000534057617,25.84250020980835,0
2021-07-08,16.200000762939453,25.832499980926514,0
2021-07-09,19.0,25.769999980926514,0
2021-07-12,16.18000030517578,25.697500228881836,0
2021-07-13,16.170000076293945,25.612500190734863,0
2021-07-14,17.1200008392334,25.56749963760376,0
2021-07-15,16.329999923706055,25.492499351501465,0
2021-07-16,17.010000228881836,25.447500228881836,0
2021-07-19,18.450000762939453,25.3725004196167,0
2021-07-20,22.5,25.34250020980835,0
2021-07-21,19.729999542236328,25.34250020980835,0
2021-07-22,17.90999984741211,25.34250020980835,0
2021-07-23,17.690000534057617,25.34250020980835,0
2021-07-26,17.200000762939453,25.204999923706055,0
2021-07-27,17.579999923706055,25.09249973297119,0
2021-07-28,19.360000610351562,25.09249973297119,0
2021-07-29,18.309999465942383,25.06999969482422,0
2021-07-30,17.700000762939453,25.06999969482422,0
2021-08-02,18.239999771118164,25.06999969482422,0
2021-08-03,19.459999084472656,25.06999969482422,0
2021-08-04,18.040000915527344,25.06999969482422,0
2021-08-05,17.969999313354492,25.06999969482422,0
2021-08-06,17.280000686645508,25.06999969482422,0
2021-08-09,16.149999618530273,25.06999969482422,0
2021-08-10,16.719999313354492,25.06999969482422,0
2021-08-11,16.790000915527344,25.06999969482422,0
2021-08-12,16.170000076293945,25.06999969482422,0
2021-08-13,15.59000015258789,25.06999969482422,0
2021-08-16,15.449999809265137,25.06999969482422,0
2021-08-17,16.1200008392334,25.06999969482422,0
2021-08-18,17.90999984741211,25.06999969482422,0
2021-08-19,21.56999969482422,25.06999969482422,0
2021-08-20,21.670000076293945,25.06999969482422,0
2021-08-23,18.559999465942383,25.06999969482422,0
2021-08-24,17.149999618530273,25.06999969482422,0
2021-08-25,17.219999313354492,25.06999969482422,0
2021-08-26,16.790000915527344,25.06999969482422,0
2021-08-27,18.84000015258789,25.06999969482422,0
2021-08-30,16.389999389648438,25.06999969482422,0
2021-08-31,16.190000534057617,25.06999969482422,0
2021-09-01,16.479999542236328,25.017499923706055,0
2021-09-02,16.110000610351562,24.895000457763672,0
2021-09-03,16.40999984741211,24.8149995803833,0
2021-09-07,16.40999984741211,24.739999294281006,0
2021-09-08,18.139999389648438,24.674999713897705,0
2021-09-09,17.959999084472656,24.420000076293945,0
2021-09-10,18.799999237060547,24.25749969482422,0
2021-09-13,20.950000762939453,24.132500171661377,0
2021-09-14,19.3700008392334,24.085000038146973,0
2021-09-15,19.459999084472656,24.042500495910645,0
2021-09-16,18.18000030517578,23.887500286102295,0
2021-09-17,18.690000534057617,23.735000610351562,0
2021-09-20,20.809999465942383,23.512500762939453,0
2021-09-21,25.709999084472656,23.512500762939453,1
2021-09-22,24.360000610351562,23.512500762939453,1
2021-09-23,20.8700008392334,23.450000762939453,0
2021-09-24,18.6299991607666,23.375000476837158,0
2021-09-27,17.75,23.335000038146973,0
2021-09-28,18.760000228881836,23.3149995803833,0
2021-09-29,23.25,23.309999465942383,0
2021-09-30,22.559999465942383,23.264999866485596,0
2021-10-01,23.139999389648438,23.25,0
2021-10-04,21.100000381469727,23.242499828338623,0
2021-10-05,22.959999084472656,23.202500343322754,0
2021-10-06,21.299999237060547,23.152499675750732,0
2021-10-07,21.0,23.13249921798706,0
2021-10-08,19.540000915527344,23.115000247955322,0
2021-10-11,18.770000457763672,23.110000610351562,0
2021-10-12,20.0,23.102500438690186,0
2021-10-13,19.850000381469727,23.085000038146973,0
2021-10-14,18.639999389648438,23.035000324249268,0
2021-10-15,16.860000610351562,22.97499942779541,0
2021-10-18,16.299999237060547,22.922499656677246,0
2021-10-19,16.309999465942383,22.894999504089355,0
2021-10-20,15.699999809265137,22.800000190734863,0
2021-10-21,15.489999771118164,22.755000114440918,0
2021-10-22,15.010000228881836,22.719999313354492,0
2021-10-25,15.430000305175781,22.672499656677246,0
2021-10-26,15.239999771118164,22.584999561309814,0
2021-10-27,15.979999542236328,22.559999465942383,0
2021-10-28,16.979999542236328,22.53000020980835,0
2021-10-29,16.530000686645508,22.505000114440918,0
2021-11-01,16.260000228881836,22.5,0
2021-11-02,16.40999984741211,22.492499828338623,0
2021-11-03,16.030000686645508,22.46000051498413,0
2021-11-04,15.100000381469727,22.390000820159912,0
2021-11-05,15.4399995803833,22.295000553131104,0
2021-11-08,16.479999542236328,22.22499942779541,0
2021-11-09,17.219999313354492,22.1875,0
2021-11-10,17.780000686645508,22.082499504089355,0
2021-11-11,18.729999542236328,22.00499963760376,0
2021-11-12,17.65999984741211,21.945000171661377,0
2021-11-15,16.290000915527344,21.914999961853027,0
2021-11-16,16.489999771118164,21.90999984741211,0
2021-11-17,16.3700008392334,21.857500076293945,0
2021-11-18,17.110000610351562,21.787500381469727,0
2021-11-19,17.59000015258789,21.717500686645508,0
2021-11-22,17.90999984741211,21.677500247955322,0
2021-11-23,19.170000076293945,21.647499561309814,0
2021-11-24,19.3799991607666,21.63249921798706,0
2021-11-26,18.579999923706055,21.59249973297119,0
2021-11-29,28.6200008392334,21.639999389648438,1
2021-11-30,22.959999084472656,21.677500247955322,1
2021-12-01,27.190000534057617,21.717500686645508,1
2021-12-02,31.1200008392334,21.787500381469727,1
2021-12-03,27.950000762939453,21.857500076293945,1
2021-12-06,30.670000076293945,21.90999984741211,1
2021-12-07,27.18000030517578,21.914999961853027,1
2021-12-08,21.889999389648438,21.914999961853027,0
2021-12-09,19.899999618530273,21.914999961853027,0
2021-12-10,21.579999923706055,21.90999984741211,0
2021-12-13,18.690000534057617,21.894999504089355,0
2021-12-14,20.309999465942383,21.852499961853027,0
2021-12-15,21.889999389648438,21.852499961853027,1
2021-12-16,19.290000915527344,21.787500381469727,0
2021-12-17,20.56999969482422,21.717500686645508,0
2021-12-20,21.56999969482422,21.677500247955322,0
2021-12-21,22.8700008392334,21.717500686645508,1
2021-12-22,21.010000228881836,21.677500247955322,0
2021-12-23,18.6299991607666,21.639999389648438,0
2021-12-27,17.959999084472656,21.59249973297119,0
2021-12-28,17.68000030517578,21.59249973297119,0
2021-12-29,17.540000915527344,21.579999923706055,0
2021-12-30,16.950000762939453,21.579999923706055,0
2021-12-31,17.329999923706055,21.572499752044678,0
2022-01-03,17.219999313354492,21.56999969482422,0
2022-01-04,16.600000381469727,21.562499523162842,0
2022-01-05,16.90999984741211,21.514999866485596,0
2022-01-06,19.729999542236328,21.469999313354492,0
2022-01-07,19.610000610351562,21.369999885559082,0
2022-01-10,18.760000228881836,21.34000015258789,0
2022-01-11,19.399999618530273,21.324999809265137,0
2022-01-12,18.40999984741211,21.304999351501465,0
2022-01-13,17.6200008392334,21.262499809265137,0
2022-01-14,20.309999465942383,21.242499828338623,0
2022-01-18,19.190000534057617,21.21000051498413,0
2022-01-19,22.790000915527344,21.21000051498413,1
2022-01-20,23.850000381469727,21.21000051498413,1
2022-01-21,25.59000015258789,21.21000051498413,1
2022-01-24,28.850000381469727,21.21000051498413,1
2022-01-25,29.899999618530273,21.21000051498413,1
2022-01-26,31.15999984741211,21.21000051498413,1
2022-01-27,31.959999084472656,21.21000051498413,1
2022-01-28,30.489999771118164,21.21000051498413,1
2022-01-31,27.65999984741211,21.21000051498413,1
2022-02-01,24.829999923706055,21.21000051498413,1
2022-02-02,21.959999084472656,21.21000051498413,1
2022-02-03,22.09000015258789,21.21000051498413,1
2022-02-04,24.350000381469727,21.21000051498413,1
2022-02-07,23.219999313354492,21.242499828338623,1
2022-02-08,22.860000610351562,21.262499809265137,1
2022-02-09,21.440000534057617,21.262499809265137,1
2022-02-10,19.959999084472656,21.21250057220459,0
2022-02-11,23.90999984741211,21.225000381469727,1
2022-02-14,27.360000610351562,21.309999465942383,1
2022-02-15,28.329999923706055,21.309999465942383,1
2022-02-16,25.700000762939453,21.309999465942383,1
2022-02-17,24.290000915527344,21.309999465942383,1
2022-02-18,28.110000610351562,21.309999465942383,1
2022-02-22,27.75,21.309999465942383,1
2022-02-23,28.809999465942383,21.309999465942383,1
2022-02-24,31.020000457763672,21.309999465942383,1
2022-02-25,30.31999969482422,21.309999465942383,1
2022-02-28,27.59000015258789,21.309999465942383,1
2022-03-01,30.149999618530273,21.309999465942383,1
2022-03-02,33.31999969482422,21.309999465942383,1
2022-03-03,30.739999771118164,21.309999465942383,1
2022-03-04,30.479999542236328,21.309999465942383,1
2022-03-07,31.979999542236328,21.309999465942383,1
2022-03-08,36.45000076293945,21.309999465942383,1
2022-03-09,35.130001068115234,21.309999465942383,1
2022-03-10,32.45000076293945,21.309999465942383,1
2022-03-11,30.229999542236328,21.309999465942383,1
2022-03-14,30.75,21.365000247955322,1
2022-03-15,31.770000457763672,21.472500324249268,1
2022-03-16,29.829999923706055,21.56999969482422,1
2022-03-17,26.670000076293945,21.572499752044678,1
2022-03-18,25.670000076293945,21.572499752044678,1
2022-03-21,23.8700008392334,21.602499961853027,1
2022-03-22,23.530000686645508,21.71250009536743,1
2022-03-23,22.940000534057617,21.852499961853027,1
2022-03-24,23.56999969482422,21.889999389648438,1
2022-03-25,21.670000076293945,21.889999389648438,0
2022-03-28,20.809999465942383,21.889999389648438,0
2022-03-29,19.6299991607666,21.889999389648438,0
2022-03-30,18.899999618530273,21.889999389648438,0
2022-03-31,19.329999923706055,21.889999389648438,0
2022-04-01,20.559999465942383,21.889999389648438,0
2022-04-04,19.6299991607666,21.889999389648438,0
2022-04-05,18.56999969482422,21.889999389648438,0
2022-04-06,21.030000686645508,21.889999389648438,0
2022-04-07,22.100000381469727,21.907499313354492,1
2022-04-08,21.549999237060547,21.907499313354492,0
2022-04-11,21.15999984741211,21.907499313354492,0
2022-04-12,24.3700008392334,21.992499351501465,1
2022-04-13,24.260000228881836,22.09250020980835,1
2022-04-14,21.81999969482422,22.09250020980835,0
2022-04-18,22.700000762939453,22.12000036239624,1
2022-04-19,22.170000076293945,22.172500133514404,0
2022-04-20,21.3700008392334,22.172500133514404,0
2022-04-21,20.31999969482422,22.172500133514404,0
2022-04-22,22.68000030517578,22.260000228881836,1
2022-04-25,28.209999084472656,22.514999866485596,1
2022-04-26,27.020000457763672,22.589999675750732,1
2022-04-27,33.52000045776367,22.6850004196167,1
2022-04-28,31.600000381469727,22.722500801086426,1
2022-04-29,29.989999771118164,22.8075008392334,1
2022-05-02,33.400001525878906,22.86250066757202,1
2022-05-03,32.34000015258789,22.887500762939453,1
2022-05-04,29.25,22.945000171661377,1
2022-05-05,25.420000076293945,22.959999084472656,1
2022-05-06,31.200000762939453,23.002499103546143,1
2022-05-09,30.190000534057617,23.13249921798706,1
2022-05-10,34.75,23.15999937057495,1
2022-05-11,32.9900016784668,23.22749948501587,1
2022-05-12,32.560001373291016,23.22749948501587,1
2022-05-13,31.770000457763672,23.320000171661377,1
2022-05-16,28.8700008392334,23.540000438690186,1
2022-05-17,27.469999313354492,23.639999866485596,1
2022-05-18,26.100000381469727,23.855000495910645,1
2022-05-19,30.959999084472656,23.880000591278076,1
2022-05-20,29.350000381469727,23.99749994277954,1
2022-05-23,29.43000030517578,24.267500400543213,1
2022-05-24,28.479999542236328,24.30500078201294,1
2022-05-25,29.450000762939453,24.352500438690186,1
2022-05-26,28.3700008392334,24.36250066757202,1
2022-05-27,27.5,24.485000610351562,1
2022-05-31,25.719999313354492,24.977499961853027,1
2022-06-01,26.190000534057617,25.46250009536743,1
2022-06-02,25.690000534057617,25.610000133514404,1
2022-06-03,24.719999313354492,25.610000133514404,0
2022-06-06,24.790000915527344,25.610000133514404,0
2022-06-07,25.06999969482422,25.610000133514404,0
2022-06-08,24.020000457763672,25.610000133514404,0
2022-06-09,23.959999084472656,25.610000133514404,0
2022-06-10,26.09000015258789,25.675000190734863,1
2022-06-13,27.75,25.692500591278076,1
2022-06-14,34.02000045776367,25.702500343322754,1
2022-06-15,32.689998626708984,25.712499141693115,1
2022-06-16,29.6200008392334,25.812499523162842,1
2022-06-17,32.95000076293945,26.09250020980835,1
2022-06-21,31.1299991607666,26.1225004196167,1
2022-06-22,30.190000534057617,26.3100004196167,1
2022-06-23,28.950000762939453,26.757500171661377,1
2022-06-24,29.049999237060547,27.0600004196167,1
2022-06-27,27.229999542236328,27.18250036239624,1
2022-06-28,26.950000762939453,27.18250036239624,0
2022-06-29,28.360000610351562,27.200000286102295,1
2022-06-30,28.15999984741211,27.262499809265137,1
2022-07-01,28.709999084472656,27.387500286102295,1
2022-07-05,26.700000762939453,27.387500286102295,0
2022-07-06,27.540000915527344,27.47749948501587,1
2022-07-07,26.729999542236328,27.47749948501587,0
2022-07-08,26.079999923706055,27.47749948501587,0
2022-07-11,24.639999389648438,27.47749948501587,0
2022-07-12,26.170000076293945,27.47749948501587,0
2022-07-13,27.290000915527344,27.47749948501587,0
2022-07-14,26.81999969482422,27.47749948501587,0
2022-07-15,26.399999618530273,27.47749948501587,0
2022-07-18,24.229999542236328,27.47749948501587,0
2022-07-19,25.299999237060547,27.47749948501587,0
2022-07-20,24.5,27.47749948501587,0
2022-07-21,23.8799991607666,27.47749948501587,0
2022-07-22,23.110000610351562,27.47749948501587,0
2022-07-25,23.030000686645508,27.47749948501587,0
2022-07-26,23.360000610351562,27.47749948501587,0
2022-07-27,24.690000534057617,27.47749948501587,0
2022-07-28,23.239999771118164,27.47749948501587,0
2022-07-29,22.329999923706055,27.47749948501587,0
2022-08-01,21.329999923706055,27.47749948501587,0
2022-08-02,22.84000015258789,27.47749948501587,0
2022-08-03,23.93000030517578,27.47749948501587,0
2022-08-04,21.950000762939453,27.47749948501587,0
2022-08-05,21.440000534057617,27.47749948501587,0
2022-08-08,21.149999618530273,27.47749948501587,0
2022-08-09,21.290000915527344,27.47749948501587,0
2022-08-10,21.770000457763672,27.47749948501587,0
2022-08-11,19.739999771118164,27.47749948501587,0
2022-08-12,20.200000762939453,27.47749948501587,0
2022-08-15,19.530000686645508,27.47749948501587,0
2022-08-16,19.950000762939453,27.47749948501587,0
2022-08-17,19.690000534057617,27.47749948501587,0
2022-08-18,19.899999618530273,27.47749948501587,0
2022-08-19,19.559999465942383,27.47749948501587,0
2022-08-22,20.600000381469727,27.47749948501587,0
2022-08-23,23.799999237060547,27.47749948501587,0
2022-08-24,24.110000610351562,27.47749948501587,0
2022-08-25,22.81999969482422,27.47749948501587,0
2022-08-26,21.780000686645508,27.47749948501587,0
2022-08-29,25.559999465942383,27.47749948501587,0
2022-08-30,26.209999084472656,27.47749948501587,0
2022-08-31,26.209999084472656,27.47749948501587,0
2022-09-01,25.8700008392334,27.47749948501587,0
2022-09-02,25.559999465942383,27.47749948501587,0
2022-09-06,25.469999313354492,27.47749948501587,0
2022-09-07,26.90999984741211,27.47749948501587,0
2022-09-08,24.639999389648438,27.47749948501587,0
2022-09-09,23.610000610351562,27.47749948501587,0
2022-09-12,22.790000915527344,27.47749948501587,0
2022-09-13,23.8700008392334,27.47749948501587,0
2022-09-14,27.270000457763672,27.47749948501587,0
2022-09-15,26.15999984741211,27.47749948501587,0
2022-09-16,26.270000457763672,27.47749948501587,0
2022-09-19,26.299999237060547,27.47749948501587,0
2022-09-20,25.760000228881836,27.47749948501587,0
2022-09-21,27.15999984741211,27.47749948501587,0
2022-09-22,27.989999771118164,27.510000228881836,1
2022-09-23,27.350000381469727,27.510000228881836,0
2022-09-26,29.920000076293945,27.55250072479248,1
2022-09-27,32.2599983215332,27.607500076293945,1
2022-09-28,32.599998474121094,27.682499885559082,1
2022-09-29,30.18000030517578,27.75,1
2022-09-30,31.84000015258789,27.800000190734863,1
2022-10-03,31.6200008392334,27.96000051498413,1
2022-10-04,30.100000381469727,28.019999980926514,1
2022-10-05,29.06999969482422,28.1225004196167,1
2022-10-06,28.549999237060547,28.172499656677246,1
2022-10-07,30.520000457763672,28.239999294281006,1
2022-10-10,31.360000610351562,28.33750009536743,1
2022-10-11,32.45000076293945,28.36250066757202,1
2022-10-12,33.630001068115234,28.39750051498413,1
2022-10-13,33.56999969482422,28.497499465942383,1
2022-10-14,31.940000534057617,28.56749963760376,1
2022-10-17,32.02000045776367,28.642500400543213,1
2022-10-18,31.3700008392334,28.734999179840088,1
2022-10-19,30.5,28.81999969482422,1
2022-10-20,30.760000228881836,28.855000495910645,1
2022-10-21,29.979999542236328,28.890000820159912,1
2022-10-24,29.690000534057617,28.975000381469727,1
2022-10-25,29.850000381469727,29.054999351501465,1
2022-10-26,28.459999084472656,29.054999351501465,0
2022-10-27,27.280000686645508,29.054999351501465,0
2022-10-28,27.389999389648438,29.054999351501465,0
2022-10-31,25.75,29.054999351501465,0
2022-11-01,25.8799991607666,29.054999351501465,0
2022-11-02,25.809999465942383,29.054999351501465,0
2022-11-03,25.860000610351562,29.054999351501465,0
2022-11-04,25.299999237060547,29.054999351501465,0
2022-11-07,24.549999237060547,29.054999351501465,0
2022-11-08,24.350000381469727,29.054999351501465,0
2022-11-09,25.540000915527344,29.054999351501465,0
2022-11-10,26.09000015258789,29.054999351501465,0
2022-11-11,23.530000686645508,29.054999351501465,0
2022-11-14,22.520000457763672,29.054999351501465,0
2022-11-15,23.729999542236328,29.054999351501465,0
2022-11-16,24.540000915527344,29.054999351501465,0
2022-11-17,24.110000610351562,29.054999351501465,0
2022-11-18,23.93000030517578,29.054999351501465,0
2022-11-21,23.1200008392334,29.054999351501465,0
2022-11-22,22.360000610351562,29.054999351501465,0
2022-11-23,21.290000915527344,29.054999351501465,0
2022-11-25,20.350000381469727,29.054999351501465,0
2022-11-28,20.5,29.054999351501465,0
2022-11-29,22.209999084472656,29.054999351501465,0
2022-11-30,21.889999389648438,29.054999351501465,0
2022-12-01,20.579999923706055,29.054999351501465,0
2022-12-02,19.84000015258789,28.975000381469727,0
2022-12-05,19.059999465942383,28.975000381469727,0
2022-12-06,20.75,28.890000820159912,0
2022-12-07,22.170000076293945,28.890000820159912,0
2022-12-08,22.68000030517578,28.890000820159912,0
2022-12-09,22.290000915527344,28.890000820159912,0
2022-12-12,22.829999923706055,28.890000820159912,0
2022-12-13,25.0,28.890000820159912,0
2022-12-14,22.549999237060547,28.890000820159912,0
2022-12-15,21.139999389648438,28.890000820159912,0
2022-12-16,22.829999923706055,28.890000820159912,0
2022-12-19,22.6200008392334,28.890000820159912,0
2022-12-20,22.420000076293945,28.890000820159912,0
2022-12-21,21.479999542236328,28.890000820159912,0
2022-12-22,20.06999969482422,28.890000820159912,0
2022-12-23,21.969999313354492,28.890000820159912,0
2022-12-27,20.8700008392334,28.890000820159912,0
2022-12-28,21.649999618530273,28.890000820159912,0
2022-12-29,22.139999389648438,28.890000820159912,0
2022-12-30,21.440000534057617,28.890000820159912,0
2023-01-03,21.670000076293945,28.890000820159912,0
2023-01-04,22.899999618530273,28.890000820159912,0
2023-01-05,22.010000228881836,28.890000820159912,0
2023-01-06,22.459999084472656,28.890000820159912,0
2023-01-09,21.1299991607666,28.890000820159912,0
2023-01-10,21.969999313354492,28.890000820159912,0
2023-01-11,20.579999923706055,28.890000820159912,0
2023-01-12,21.09000015258789,28.890000820159912,0
2023-01-13,18.829999923706055,28.890000820159912,0
2023-01-17,18.350000381469727,28.890000820159912,0
2023-01-18,19.360000610351562,28.890000820159912,0
2023-01-19,20.34000015258789,28.890000820159912,0
2023-01-20,20.520000457763672,28.890000820159912,0
2023-01-23,19.850000381469727,28.890000820159912,0
2023-01-24,19.809999465942383,28.890000820159912,0
2023-01-25,19.200000762939453,28.890000820159912,0
2023-01-26,19.079999923706055,28.824999809265137,0
2023-01-27,18.729999542236328,28.734999179840088,0
2023-01-30,18.510000228881836,28.589999198913574,0
2023-01-31,19.940000534057617,28.497499465942383,0
2023-02-01,19.399999618530273,28.497499465942383,0
2023-02-02,17.8700008392334,28.497499465942383,0
2023-02-03,18.729999542236328,28.497499465942383,0
2023-02-06,18.329999923706055,28.497499465942383,0
2023-02-07,19.43000030517578,28.497499465942383,0
2023-02-08,18.65999984741211,28.497499465942383,0
2023-02-09,19.6299991607666,28.497499465942383,0
2023-02-10,20.709999084472656,28.497499465942383,0
2023-02-13,20.530000686645508,28.497499465942383,0
2023-02-14,20.34000015258789,28.497499465942383,0
2023-02-15,18.90999984741211,28.497499465942383,0
2023-02-16,18.229999542236328,28.497499465942383,0
2023-02-17,20.170000076293945,28.497499465942383,0
2023-02-21,20.020000457763672,28.497499465942383,0
2023-02-22,22.8700008392334,28.497499465942383,0
2023-02-23,22.290000915527344,28.497499465942383,0
2023-02-24,21.139999389648438,28.464999198913574,0
2023-02-27,21.670000076293945,28.392500400543213,0
2023-02-28,20.950000762939453,28.36250066757202,0
2023-03-01,20.700000762939453,28.36250066757202,0
2023-03-02,20.579999923706055,28.247499465942383,0
2023-03-03,19.59000015258789,28.172499656677246,0
2023-03-06,18.489999771118164,28.03249979019165,0
2023-03-07,18.610000610351562,27.80999994277954,0
2023-03-08,19.59000015258789,27.592500686645508,0
2023-03-09,19.110000610351562,27.510000228881836,0
2023-03-10,22.610000610351562,27.47749948501587,0
2023-03-13,24.799999237060547,27.40999937057495,0
2023-03-14,26.520000457763672,27.360000133514404,0
2023-03-15,23.729999542236328,27.30500078201294,0
2023-03-16,26.139999389648438,27.282500743865967,0
2023-03-17,22.989999771118164,27.27250051498413,0
2023-03-20,25.510000228881836,27.27250051498413,0
2023-03-21,24.149999618530273,27.27250051498413,0
2023-03-22,21.3799991607666,27.27250051498413,0
2023-03-23,22.260000228881836,27.27250051498413,0
2023-03-24,22.610000610351562,27.27250051498413,0
2023-03-27,21.739999771118164,27.27250051498413,0
2023-03-28,20.600000381469727,27.27250051498413,0
2023-03-29,19.969999313354492,27.27250051498413,0
2023-03-30,19.1200008392334,27.27250051498413,0
2023-03-31,19.020000457763672,27.27250051498413,0
2023-04-03,18.700000762939453,27.27250051498413,0
2023-04-04,18.549999237060547,27.27250051498413,0
2023-04-05,19.0,27.27250051498413,0
2023-04-06,19.079999923706055,27.27250051498413,0
2023-04-10,18.399999618530273,27.27250051498413,0
2023-04-11,18.969999313354492,27.27250051498413,0
2023-04-12,19.100000381469727,27.27250051498413,0
2023-04-13,19.09000015258789,27.27250051498413,0
2023-04-14,17.799999237060547,27.27250051498413,0
2023-04-17,17.06999969482422,27.27250051498413,0
2023-04-18,16.950000762939453,27.27250051498413,0
2023-04-19,16.829999923706055,27.27250051498413,0
2023-04-20,16.459999084472656,27.27250051498413,0
2023-04-21,17.170000076293945,27.27250051498413,0
2023-04-24,16.770000457763672,27.27250051498413,0
2023-04-25,16.889999389648438,27.27250051498413,0
2023-04-26,18.760000228881836,27.239999771118164,0
2023-04-27,18.84000015258789,27.239999771118164,0
2023-04-28,17.030000686645508,27.177499771118164,0
2023-05-01,15.779999732971191,27.002500534057617,0
2023-05-02,16.079999923706055,26.920000076293945,0
2023-05-03,17.780000686645508,26.84249973297119,0
2023-05-04,18.34000015258789,26.7524995803833,0
2023-05-05,20.09000015258789,26.707500457763672,0
2023-05-08,17.190000534057617,26.707500457763672,0
2023-05-09,16.979999542236328,26.565000534057617,0
2023-05-10,17.709999084472656,26.429999828338623,0
2023-05-11,16.940000534057617,26.32499933242798,0
2023-05-12,16.93000030517578,26.27750015258789,0
2023-05-15,17.030000686645508,26.22499942779541,0
2023-05-16,17.1200008392334,26.209999084472656,0
2023-05-17,17.989999771118164,26.195000171661377,0
2023-05-18,16.8700008392334,26.175000190734863,0
2023-05-19,16.049999237060547,26.175000190734863,0
2023-05-22,16.809999465942383,26.16249990463257,0
2023-05-23,17.209999084472656,26.144999504089355,0
2023-05-24,18.530000686645508,26.102499961853027,0
2023-05-25,20.030000686645508,26.09000015258789,0
2023-05-26,19.139999389648438,26.082499980926514,0
2023-05-30,17.950000762939453,25.929999351501465,0
2023-05-31,17.459999084472656,25.8725004196167,0
2023-06-01,17.940000534057617,25.8725004196167,0
2023-06-02,15.649999618530273,25.86250066757202,0
2023-06-05,14.600000381469727,25.86250066757202,0
2023-06-06,14.729999542236328,25.86250066757202,0
2023-06-07,13.960000038146973,25.86250066757202,0
2023-06-08,13.9399995803833,25.86250066757202,0
2023-06-09,13.649999618530273,25.86250066757202,0
2023-06-12,13.829999923706055,25.86250066757202,0
2023-06-13,15.010000228881836,25.822499752044678,0
2023-06-14,14.609999656677246,25.772500038146973,0
2023-06-15,13.880000114440918,25.75250005722046,0
2023-06-16,14.5,25.607499599456787,0
2023-06-20,13.539999961853027,25.559999465942383,0
2023-06-21,13.880000114440918,25.545000553131104,0
2023-06-22,13.199999809265137,25.517500400543213,0
2023-06-23,12.90999984741211,25.479999542236328,0
2023-06-26,13.4399995803833,25.342499256134033,0
2023-06-27,14.25,25.299999237060547,0
2023-06-28,13.739999771118164,25.074999809265137,0
2023-06-29,13.430000305175781,24.84999942779541,0
2023-06-30,13.539999961853027,24.71750020980835,0
2023-07-03,13.59000015258789,24.652499675750732,0
2023-07-05,13.569999694824219,24.639999389648438,0
2023-07-06,14.180000305175781,24.57249927520752,0
2023-07-07,15.4399995803833,24.542500495910645,0
2023-07-10,14.829999923706055,24.510000228881836,0
2023-07-11,15.069999694824219,24.387500286102295,0
2023-07-12,14.84000015258789,24.259999752044678,0
2023-07-13,13.539999961853027,24.169999599456787,0
2023-07-14,13.609999656677246,24.12000036239624,0
2023-07-17,13.34000015258789,24.110000610351562,0
2023-07-18,13.479999542236328,23.975000381469727,0
2023-07-19,13.300000190734863,23.93000030517578,0
2023-07-20,13.760000228881836,23.892499446868896,0
2023-07-21,13.989999771118164,23.8725004196167,0
2023-07-24,13.600000381469727,23.81749963760376,0
2023-07-25,13.90999984741211,23.81749963760376,0
2023-07-26,13.859999656677246,23.81749963760376,0
2023-07-27,13.1899995803833,23.81749963760376,0
2023-07-28,14.40999984741211,23.747499465942383,0
2023-07-31,13.329999923706055,23.747499465942383,0
2023-08-01,13.630000114440918,23.747499465942383,0
2023-08-02,13.930000305175781,23.747499465942383,0
2023-08-03,16.09000015258789,23.747499465942383,0
2023-08-04,15.920000076293945,23.729999542236328,0
2023-08-07,17.100000381469727,23.729999542236328,0
2023-08-08,15.770000457763672,23.729999542236328,0
2023-08-09,15.989999771118164,23.729999542236328,0
2023-08-10,15.960000038146973,23.729999542236328,0
2023-08-11,15.850000381469727,23.729999542236328,0
2023-08-14,14.84000015258789,23.729999542236328,0
2023-08-15,14.819999694824219,23.729999542236328,0
2023-08-16,16.459999084472656,23.729999542236328,0
2023-08-17,16.780000686645508,23.729999542236328,0
2023-08-18,17.889999389648438,23.729999542236328,0
2023-08-21,17.299999237060547,23.729999542236328,0
2023-08-22,17.1299991607666,23.729999542236328,0
2023-08-23,16.969999313354492,23.729999542236328,0
2023-08-24,15.979999542236328,23.640000343322754,0
2023-08-25,17.200000762939453,23.55000066757202,0
2023-08-28,15.680000305175781,23.55000066757202,0
2023-08-29,15.079999923706055,23.55000066757202,0
2023-08-30,14.449999809265137,23.222500801086426,0
2023-08-31,13.880000114440918,23.022500038146973,0
2023-09-01,13.569999694824219,22.922499656677246,0
2023-09-05,13.09000015258789,22.877500534057617,0
2023-09-06,14.010000228881836,22.84000015258789,0
2023-09-07,14.449999809265137,22.829999923706055,0
2023-09-08,14.399999618530273,22.80000066757202,0
2023-09-11,13.84000015258789,22.707500457763672,0
2023-09-12,13.800000190734863,22.635000705718994,0
2023-09-13,14.229999542236328,22.61250066757202,0
2023-09-14,13.479999542236328,22.610000610351562,0
2023-09-15,12.819999694824219,22.5649995803833,0
2023-09-18,13.789999961853027,22.52750015258789,0
2023-09-19,14.0,22.47499942779541,0
2023-09-20,14.109999656677246,22.429999828338623,0
2023-09-21,15.140000343322754,22.375000476837158,0
2023-09-22,17.540000915527344,22.3075008392334,0
2023-09-25,17.200000762939453,22.290000915527344,0
2023-09-26,16.899999618530273,22.267500400543213,0
2023-09-27,18.940000534057617,22.22249937057495,0
2023-09-28,18.219999313354492,22.179999828338623,0
2023-09-29,17.34000015258789,22.147499561309814,0
2023-10-02,17.520000457763672,22.042500019073486,0
2023-10-03,17.610000610351562,21.979999542236328,0
2023-10-04,19.780000686645508,21.969999313354492,0
2023-10-05,18.579999923706055,21.90999937057495,0
2023-10-06,18.489999771118164,21.777499675750732,0
2023-10-09,17.450000762939453,21.6875,0
2023-10-10,17.700000762939453,21.670000076293945,0
2023-10-11,17.030000686645508,21.65499973297119,0
2023-10-12,16.09000015258789,21.522499561309814,0
2023-10-13,16.690000534057617,21.450000286102295,0
2023-10-16,19.31999969482422,21.394999504089355,0
2023-10-17,17.209999084472656,21.312500476837158,0
2023-10-18,17.8799991607666,21.177499771118164,0
2023-10-19,19.219999313354492,21.139999389648438,0
2023-10-20,21.399999618530273,21.139999389648438,1
2023-10-23,21.709999084472656,21.139999389648438,1
2023-10-24,20.3700008392334,21.13249921798706,0
2023-10-25,18.969999313354492,21.09999990463257,0
2023-10-26,20.190000534057617,20.985000610351562,0
2023-10-27,20.68000030517578,20.890000820159912,0
2023-10-30,21.270000457763672,20.890000820159912,1
2023-10-31,19.75,20.78000020980835,0
2023-11-01,18.139999389648438,20.719999313354492,0
2023-11-02,16.8700008392334,20.702500343322754,0
2023-11-03,15.65999984741211,20.6850004196167,0
2023-11-06,14.90999984741211,20.62000036239624,0
2023-11-07,14.890000343322754,20.585000038146973,0
2023-11-08,14.8100004196167,20.579999923706055,0
2023-11-09,14.449999809265137,20.579999923706055,0
2023-11-10,15.289999961853027,20.542500495910645,0
2023-11-13,14.170000076293945,20.52250051498413,0
2023-11-14,14.760000228881836,20.505000114440918,0
2023-11-15,14.15999984741211,20.40250062942505,0
2023-11-16,14.180000305175781,20.355000495910645,0
2023-11-17,14.319999694824219,20.34250020980835,0
2023-11-20,13.800000190734863,20.34000015258789,0
2023-11-21,13.40999984741211,20.227500438690186,0
2023-11-22,13.350000381469727,20.175000190734863,0
2023-11-24,12.850000381469727,20.110000133514404,0
2023-11-27,12.460000038146973,20.074999809265137,0
2023-11-28,12.6899995803833,20.040000438690186,0
2023-11-29,12.6899995803833,20.02250051498413,0
2023-11-30,12.979999542236328,19.982499599456787,0
2023-12-01,12.920000076293945,19.947500228881836,0
2023-12-04,12.630000114440918,19.8725004196167,0
2023-12-05,13.079999923706055,19.8725004196167,0
2023-12-06,12.850000381469727,19.8725004196167,0
2023-12-07,12.970000267028809,19.81999969482422,0
2023-12-08,13.0600004196167,19.787500381469727,0
2023-12-11,12.350000381469727,19.757500171661377,0
2023-12-12,12.630000114440918,19.65999937057495,0
2023-12-13,12.069999694824219,19.59999990463257,0
2023-12-14,12.1899995803833,19.59000015258789,0
2023-12-15,12.479999542236328,19.47000026702881,0
2023-12-18,12.279999732971191,19.40749979019165,0
2023-12-19,12.5600004196167,19.37000036239624,0
2023-12-20,12.529999732971191,19.329999923706055,0
2023-12-21,13.670000076293945,19.244999408721924,0
2023-12-22,13.649999618530273,19.205000400543213,0
2023-12-26,13.029999732971191,19.15499973297119,0
2023-12-27,12.989999771118164,19.125000476837158,0
2023-12-28,12.430000305175781,19.11250066757202,0
2023-12-29,12.470000267028809,19.102500438690186,0
2024-01-02,12.449999809265137,19.09250020980835,0
2024-01-03,13.199999809265137,19.082499980926514,0
2024-01-04,14.039999961853027,19.079999923706055,0
2024-01-05,14.130000114440918,19.035000324249268,0
2024-01-08,13.350000381469727,19.005000114440918,0
2024-01-09,13.079999923706055,18.97749948501587,0
2024-01-10,12.760000228881836,18.969999313354492,0
2024-01-11,12.6899995803833,18.947500228881836,0
2024-01-12,12.4399995803833,18.917500019073486,0
2024-01-16,12.699999809265137,18.857500076293945,0
2024-01-17,13.84000015258789,18.857500076293945,0
2024-01-18,14.789999961853027,18.857500076293945,0
2024-01-19,14.130000114440918,18.78000020980835,0
2024-01-22,13.300000190734863,18.737499713897705,0
2024-01-23,13.1899995803833,18.729999542236328,0
2024-01-24,12.550000190734863,18.707500457763672,0
2024-01-25,13.140000343322754,18.670000076293945,0
2024-01-26,13.449999809265137,18.6225004196167,0
2024-01-29,13.260000228881836,18.58750009536743,0
2024-01-30,13.600000381469727,18.557499408721924,0
2024-01-31,13.3100004196167,18.557499408721924,0
2024-02-01,14.350000381469727,18.535000324249268,0
2024-02-02,13.880000114440918,18.5,0
2024-02-05,13.850000381469727,18.5,0
2024-02-06,13.670000076293945,18.489999771118164,0
2024-02-07,13.0600004196167,18.489999771118164,0
2024-02-08,12.829999923706055,18.422499656677246,0
2024-02-09,12.789999961853027,18.355000019073486,0
2024-02-12,12.930000305175781,18.25749969482422,0
2024-02-13,13.930000305175781,18.22249937057495,0
2024-02-14,15.850000381469727,18.15999937057495,0
2024-02-15,14.380000114440918,18.027499675750732,0
2024-02-16,14.010000228881836,17.96000051498413,0
2024-02-20,14.239999771118164,17.942500591278076,0
2024-02-21,15.420000076293945,17.902499675750732,0
2024-02-22,15.34000015258789,17.88249921798706,0
2024-02-23,14.539999961853027,17.81999921798706,0
2024-02-26,13.75,17.785000324249268,0
2024-02-27,13.739999771118164,17.72749948501587,0
2024-02-28,13.430000305175781,17.702500343322754,0
2024-02-29,13.84000015258789,17.632500648498535,0
2024-03-01,13.399999618530273,17.5575008392334,0
2024-03-04,13.109999656677246,17.52500057220459,0
2024-03-05,13.489999771118164,17.47499942779541,0
2024-03-06,14.460000038146973,17.452500343322754,0
2024-03-07,14.5,17.36750030517578,0
2024-03-08,14.4399995803833,17.309999465942383,0
2024-03-11,14.739999771118164,17.23249912261963,0
2024-03-12,15.220000267028809,17.209999084472656,0
2024-03-13,13.84000015258789,17.202500343322754,0
2024-03-14,13.75,17.200000762939453,0
2024-03-15,14.399999618530273,17.192500591278076,0
2024-03-18,14.40999984741211,17.175000190734863,0
2024-03-19,14.329999923706055,17.139999389648438,0
2024-03-20,13.819999694824219,17.1225004196167,0
2024-03-21,13.039999961853027,17.105000495910645,0
2024-03-22,12.920000076293945,17.077499866485596,0
2024-03-25,13.0600004196167,17.040000438690186,0
2024-03-26,13.1899995803833,17.030000686645508,0
2024-03-27,13.239999771118164,17.030000686645508,0
2024-03-28,12.779999732971191,16.992499828338623,0
2024-04-01,13.010000228881836,16.97249937057495,0
2024-04-02,13.649999618530273,16.955000400543213,0
2024-04-03,14.609999656677246,16.942500591278076,0
2024-04-04,14.329999923706055,16.93250036239624,0
2024-04-05,16.350000381469727,16.90749979019165,0
2024-04-08,16.030000686645508,16.892499446868896,0
2024-04-09,15.1899995803833,16.875000476837158,0
2024-04-10,14.979999542236328,16.8700008392334,0
2024-04-11,15.800000190734863,16.84000015258789,0
2024-04-12,14.90999984741211,16.8149995803833,0
2024-04-15,17.309999465942383,16.8149995803833,1
2024-04-16,19.229999542236328,16.8149995803833,1
2024-04-17,18.399999618530273,16.8149995803833,1
2024-04-18,18.209999084472656,16.8149995803833,1
2024-04-19,18.0,16.824999809265137,1
2024-04-22,18.709999084472656,16.8700008392334,1
2024-04-23,16.940000534057617,16.8700008392334,1
2024-04-24,15.6899995803833,16.8700008392334,0
2024-04-25,15.970000267028809,16.824999809265137,0
2024-04-26,15.369999885559082,16.787500381469727,0
2024-04-29,15.029999732971191,16.71250057220459,0
2024-04-30,14.670000076293945,16.517499446868896,0
2024-05-01,15.649999618530273,16.517499446868896,0
2024-05-02,15.390000343322754,16.517499446868896,0
2024-05-03,14.680000305175781,16.37750005722046,0
2024-05-06,13.489999771118164,16.15500020980835,0
2024-05-07,13.489999771118164,16.09000015258789,0
2024-05-08,13.229999542236328,16.059999465942383,0
2024-05-09,13.0,16.035000324249268,0
2024-05-10,12.6899995803833,16.0,0
2024-05-13,12.550000190734863,15.982499599456787,0
2024-05-14,13.600000381469727,15.972500085830688,0
2024-05-15,13.420000076293945,15.962500095367432,0
2024-05-16,12.449999809265137,15.930000066757202,0
2024-05-17,12.420000076293945,15.867500305175781,0
2024-05-20,11.989999771118164,15.850000381469727,0
2024-05-21,12.149999618530273,15.812500238418579,0
2024-05-22,11.859999656677246,15.77750039100647,0
2024-05-23,12.289999961853027,15.709999799728394,0
2024-05-24,12.770000457763672,15.682500123977661,0
2024-05-28,11.930000305175781,15.664999961853027,0
2024-05-29,12.920000076293945,15.652499675750732,0
2024-05-30,14.279999732971191,15.649999618530273,0
2024-05-31,14.470000267028809,15.492499589920044,0
2024-06-03,12.920000076293945,15.424999952316284,0
2024-06-04,13.109999656677246,15.397500276565552,0
2024-06-05,13.15999984741211,15.397500276565552,0
2024-06-06,12.630000114440918,15.397500276565552,0
2024-06-07,12.579999923706055,15.397500276565552,0
2024-06-10,12.220000267028809,15.397500276565552,0
2024-06-11,12.739999771118164,15.397500276565552,0
2024-06-12,12.850000381469727,15.397500276565552,0
2024-06-13,12.039999961853027,15.397500276565552,0
2024-06-14,11.9399995803833,15.397500276565552,0
2024-06-17,12.65999984741211,15.397500276565552,0
2024-06-18,12.75,15.397500276565552,0
2024-06-20,12.300000190734863,15.397500276565552,0
2024-06-21,13.279999732971191,15.397500276565552,0
2024-06-24,13.199999809265137,15.397500276565552,0
2024-06-25,13.329999923706055,15.397500276565552,0
2024-06-26,12.84000015258789,15.397500276565552,0
2024-06-27,12.550000190734863,15.397500276565552,0
2024-06-28,12.239999771118164,15.397500276565552,0
2024-07-01,12.4399995803833,15.397500276565552,0
2024-07-02,12.220000267028809,15.397500276565552,0
2024-07-03,12.029999732971191,15.397500276565552,0
2024-07-05,12.09000015258789,15.397500276565552,0
2024-07-08,12.479999542236328,15.397500276565552,0
2024-07-09,12.369999885559082,15.375,0
2024-07-10,12.510000228881836,15.375,0
2024-07-11,12.850000381469727,15.375,0
2024-07-12,12.920000076293945,15.375,0
2024-07-15,12.460000038146973,15.375,0
2024-07-16,13.119999885559082,15.375,0
2024-07-17,13.1899995803833,15.375,0
2024-07-18,14.479999542236328,15.375,0
2024-07-19,15.930000305175781,15.397500276565552,1
2024-07-22,16.520000457763672,15.477499961853027,1
2024-07-23,14.90999984741211,15.477499961853027,0
2024-07-24,14.720000267028809,15.477499961853027,0
2024-07-25,18.040000915527344,15.652499675750732,1
2024-07-26,18.459999084472656,15.664999961853027,1
2024-07-29,16.389999389648438,15.682500123977661,1
2024-07-30,16.600000381469727,15.709999799728394,1
2024-07-31,17.690000534057617,15.77750039100647,1
2024-08-01,16.360000610351562,15.812500238418579,1
2024-08-02,18.59000015258789,15.850000381469727,1
2024-08-05,23.389999389648438,15.850000381469727,1
2024-08-06,38.56999969482422,15.850000381469727,1
2024-08-07,27.709999084472656,15.850000381469727,1
2024-08-08,27.850000381469727,15.87000036239624,1
2024-08-09,23.790000915527344,15.87000036239624,1
2024-08-12,20.3700008392334,15.87000036239624,1
2024-08-13,20.709999084472656,15.940000295639038,1
2024-08-14,18.1200008392334,15.972500085830688,1
2024-08-15,16.190000534057617,15.992499828338623,1
2024-08-16,15.229999542236328,15.972500085830688,0
2024-08-19,14.800000190734863,15.940000295639038,0
2024-08-20,14.649999618530273,15.87000036239624,0
2024-08-21,15.880000114440918,15.857500314712524,1
2024-08-22,16.270000457763672,15.857500314712524,1
2024-08-23,17.549999237060547,15.857500314712524,1
2024-08-26,15.859999656677246,15.852500200271606,1
2024-08-27,16.149999618530273,15.852500200271606,1
2024-08-28,15.430000305175781,15.852500200271606,0
2024-08-29,17.110000610351562,15.864999771118164,1
2024-08-30,15.649999618530273,15.864999771118164,0
2024-09-03,15.0,15.864999771118164,0
2024-09-04,20.719999313354492,15.892500162124634,1
2024-09-05,21.31999969482422,15.940000295639038,1
2024-09-06,19.899999618530273,15.985000371932983,1
2024-09-09,22.3799991607666,16.045000553131104,1
2024-09-10,19.450000762939453,16.105000019073486,1
2024-09-11,19.079999923706055,16.15999984741211,1
2024-09-12,17.690000534057617,16.21000051498413,1
2024-09-13,17.06999969482422,16.290000438690186,1
2024-09-16,16.559999465942383,16.352500438690186,1
2024-09-17,17.139999389648438,16.36750030517578,1
2024-09-18,17.610000610351562,16.422499656677246,1
2024-09-19,18.229999542236328,16.53000020980835,1
2024-09-20,16.329999923706055,16.53000020980835,0
2024-09-23,16.149999618530273,16.53000020980835,0
2024-09-24,15.890000343322754,16.422499656677246,0
2024-09-25,15.390000343322754,16.36750030517578,0
2024-09-26,15.40999984741211,16.352500438690186,0
2024-09-27,15.369999885559082,16.335000038146973,0
2024-09-30,16.959999084472656,16.335000038146973,1
2024-10-01,16.729999542236328,16.335000038146973,1
2024-10-02,19.260000228881836,16.335000038146973,1
2024-10-03,18.899999618530273,16.335000038146973,1
2024-10-04,20.489999771118164,16.335000038146973,1
2024-10-07,19.209999084472656,16.335000038146973,1
2024-10-08,22.639999389648438,16.335000038146973,1
2024-10-09,21.420000076293945,16.335000038146973,1
2024-10-10,20.860000610351562,16.335000038146973,1
2024-10-11,20.93000030517578,16.335000038146973,1
2024-10-14,20.459999084472656,16.352500438690186,1
2024-10-15,19.700000762939453,16.352500438690186,1
2024-10-16,20.639999389648438,16.352500438690186,1
2024-10-17,19.579999923706055,16.352500438690186,1
2024-10-18,19.110000610351562,16.352500438690186,1
2024-10-21,18.030000686645508,16.352500438690186,1
2024-10-22,18.3700008392334,16.352500438690186,1
2024-10-23,18.200000762939453,16.352500438690186,1
2024-10-24,19.239999771118164,16.352500438690186,1
2024-10-25,19.079999923706055,16.352500438690186,1
2024-10-28,20.329999923706055,16.352500438690186,1
2024-10-29,19.799999237060547,16.352500438690186,1
2024-10-30,19.34000015258789,16.352500438690186,1
2024-10-31,20.350000381469727,16.352500438690186,1
2024-11-01,23.15999984741211,16.352500438690186,1
2024-11-04,21.8799991607666,16.352500438690186,1
2024-11-05,21.979999542236328,16.36750030517578,1
2024-11-06,20.489999771118164,16.422499656677246,1
2024-11-07,16.270000457763672,16.422499656677246,0
2024-11-08,15.199999809265137,16.422499656677246,0
2024-11-11,14.9399995803833,16.422499656677246,0
2024-11-12,14.970000267028809,16.422499656677246,0
2024-11-13,14.710000038146973,16.422499656677246,0
2024-11-14,14.020000457763672,16.422499656677246,0
2024-11-15,14.3100004196167,16.422499656677246,0
2024-11-18,16.139999389648438,16.422499656677246,0
2024-11-19,15.579999923706055,16.422499656677246,0
2024-11-20,16.350000381469727,16.422499656677246,0
2024-11-21,17.15999984741211,16.53000020980835,1
2024-11-22,16.8700008392334,16.56999969482422,1
2024-11-25,15.239999771118164,16.56999969482422,0
2024-11-26,14.600000381469727,16.56999969482422,0
2024-11-27,14.100000381469727,16.56999969482422,0
2024-11-29,14.100000381469727,16.56999969482422,0
2024-12-02,13.510000228881836,16.56999969482422,0
2024-12-03,13.34000015258789,16.56999969482422,0
2024-12-04,13.300000190734863,16.56999969482422,0
2024-12-05,13.449999809265137,16.56999969482422,0
2024-12-06,13.539999961853027,16.56999969482422,0
2024-12-09,12.770000457763672,16.56999969482422,0
2024-12-10,14.1899995803833,16.56999969482422,0
2024-12-11,14.180000305175781,16.56999969482422,0
2024-12-12,13.579999923706055,16.56999969482422,0
2024-12-13,13.920000076293945,16.56999969482422,0
2024-12-16,13.8100004196167,16.56999969482422,0
2024-12-17,14.6899995803833,16.56999969482422,0
2024-12-18,15.869999885559082,16.56999969482422,0
2024-12-19,27.6200008392334,16.632500171661377,1
2024-12-20,24.09000015258789,16.764999866485596,1
2024-12-23,18.360000610351562,16.887500762939453,1
2024-12-24,16.780000686645508,16.887500762939453,0
2024-12-26,14.270000457763672,16.887500762939453,0
2024-12-27,14.729999542236328,16.887500762939453,0
2024-12-30,15.949999809265137,16.887500762939453,0
2024-12-31,17.399999618530273,16.945000171661377,1
2025-01-02,17.350000381469727,16.987499237060547,1
2025-01-03,17.93000030517578,17.079999923706055,1
2025-01-06,16.1299991607666,17.079999923706055,0
2025-01-07,16.040000915527344,17.079999923706055,0
2025-01-08,17.81999969482422,17.11750030517578,1
2025-01-10,17.700000762939453,17.144999504089355,1
2025-01-13,19.540000915527344,17.197499752044678,1
2025-01-14,19.190000534057617,17.31999969482422,1
2025-01-15,18.709999084472656,17.362500190734863,1
2025-01-16,16.1200008392334,17.362500190734863,0
2025-01-17,16.600000381469727,17.362500190734863,0
2025-01-21,15.970000267028809,17.362500190734863,0
2025-01-22,15.0600004196167,17.362500190734863,0
2025-01-23,15.100000381469727,17.362500190734863,0
2025-01-24,15.020000457763672,17.362500190734863,0
2025-01-27,14.850000381469727,17.362500190734863,0
2025-01-28,17.899999618530273,17.437499523162842,1
2025-01-29,16.40999984741211,17.437499523162842,0
2025-01-30,16.559999465942383,17.437499523162842,0
2025-01-31,15.84000015258789,17.437499523162842,0
2025-02-03,16.43000030517578,17.437499523162842,0
2025-02-04,18.6200008392334,17.5649995803833,1
2025-02-05,17.209999084472656,17.5649995803833,0
2025-02-06,15.770000457763672,17.5649995803833,0
2025-02-07,15.5,17.5649995803833,0
2025-02-10,16.540000915527344,17.5649995803833,0
2025-02-11,15.8100004196167,17.5649995803833,0
2025-02-12,16.020000457763672,17.5649995803833,0
2025-02-13,15.890000343322754,17.5649995803833,0
2025-02-14,15.100000381469727,17.5649995803833,0
2025-02-18,14.770000457763672,17.5649995803833,0
2025-02-19,15.350000381469727,17.5649995803833,0
2025-02-20,15.270000457763672,17.5649995803833,0
2025-02-21,15.65999984741211,17.5649995803833,0
2025-02-24,18.209999084472656,17.630000591278076,1
2025-02-25,18.979999542236328,17.690000534057617,1
2025-02-26,19.43000030517578,17.692500591278076,1
2025-02-27,19.100000381469727,17.730000495910645,1
2025-02-28,21.1299991607666,17.839999675750732,1
2025-03-03,19.6299991607666,17.90749979019165,1
2025-03-04,22.780000686645508,17.947500228881836,1
2025-03-05,23.510000228881836,18.007500171661377,1
2025-03-06,21.93000030517578,18.032500743865967,1
2025-03-07,24.8700008392334,18.060000896453857,1
2025-03-10,23.3700008392334,18.140000820159912,1
2025-03-11,27.860000610351562,18.202500343322754,1
2025-03-12,26.920000076293945,18.209999084472656,1
2025-03-13,24.229999542236328,18.214999198913574,1
2025-03-14,24.65999984741211,18.262499809265137,1
2025-03-17,21.770000457763672,18.36250066757202,1
2025-03-18,20.510000228881836,18.377500534057617,1
2025-03-19,21.700000762939453,18.41499948501587,1
2025-03-20,19.899999618530273,18.492499351501465,1
2025-03-21,19.799999237060547,18.597500324249268,1
2025-03-24,19.280000686645508,18.642500400543213,1
2025-03-25,17.479999542236328,18.642500400543213,0
2025-03-26,17.149999618530273,18.642500400543213,0
2025-03-27,18.329999923706055,18.642500400543213,0
2025-03-28,18.690000534057617,18.695000171661377,0
2025-03-31,21.649999618530273,18.709999084472656,1
2025-04-01,22.280000686645508,18.75749921798706,1
2025-04-02,21.770000457763672,18.919999599456787,1
2025-04-03,21.510000228881836,19.00499963760376,1
2025-04-04,30.020000457763672,19.079999923706055,1
2025-04-07,45.310001373291016,19.085000038146973,1
2025-04-08,46.97999954223633,19.102500438690186,1
2025-04-09,52.33000183105469,19.130000591278076,1
2025-04-10,33.619998931884766,19.195000171661377,1
2025-04-11,40.720001220703125,19.214999198913574,1
2025-04-14,37.560001373291016,19.232499599456787,1
2025-04-15,30.889999389648438,19.244999885559082,1
2025-04-16,30.1200008392334,19.265000343322754,1
2025-04-17,32.63999938964844,19.295000553131104,1
2025-04-21,29.649999618530273,19.362500190734863,1
2025-04-22,33.81999969482422,19.4350004196167,1
2025-04-23,30.56999969482422,19.472500801086426,1
2025-04-24,28.450000762939453,19.55000066757202,1
2025-04-25,26.469999313354492,19.59249973297119,1
2025-04-28,24.84000015258789,19.647499561309814,1
2025-04-29,25.149999618530273,19.725000381469727,1
2025-04-30,24.170000076293945,19.799999237060547,1
2025-05-01,24.700000762939453,19.82499933242798,1
2025-05-02,24.600000381469727,19.899999618530273,1
2025-05-05,22.68000030517578,20.00749969482422,1
2025-05-06,23.639999389648438,20.335000038146973,1
2025-05-07,24.760000228881836,20.355000495910645,1
2025-05-08,23.549999237060547,20.392500400543213,1
2025-05-09,22.479999542236328,20.467499256134033,1
2025-05-12,21.899999618530273,20.489999771118164,1
2025-05-13,18.389999389648438,20.489999771118164,0
2025-05-14,18.219999313354492,20.489999771118164,0
2025-05-15,18.6200008392334,20.489999771118164,0
2025-05-16,17.829999923706055,20.489999771118164,0
2025-05-19,17.239999771118164,20.489999771118164,0
2025-05-20,18.139999389648438,20.489999771118164,0
2025-05-21,18.09000015258789,20.489999771118164,0
2025-05-22,20.8700008392334,20.494999885559082,1
2025-05-23,20.280000686645508,20.494999885559082,0
2025-05-27,22.290000915527344,20.542500019073486,1
2025-05-28,18.959999084472656,20.542500019073486,0
2025-05-29,19.309999465942383,20.542500019073486,0
2025-05-30,19.18000030517578,20.542500019073486,0
2025-06-02,18.56999969482422,20.542500019073486,0
2025-06-03,18.360000610351562,20.542500019073486,0
2025-06-04,17.690000534057617,20.542500019073486,0
2025-06-05,17.610000610351562,20.542500019073486,0
2025-06-06,18.479999542236328,20.542500019073486,0
2025-06-09,16.770000457763672,20.542500019073486,0
2025-06-10,17.15999984741211,20.542500019073486,0
2025-06-11,16.950000762939453,20.542500019073486,0
2025-06-12,17.260000228881836,20.542500019073486,0
2025-06-13,18.020000457763672,20.542500019073486,0
2025-06-16,20.81999969482422,20.657499313354492,1
2025-06-17,19.110000610351562,20.657499313354492,0
2025-06-18,21.600000381469727,20.712499141693115,1
2025-06-20,20.139999389648438,20.712499141693115,0
2025-06-23,20.6200008392334,20.712499141693115,0
2025-06-24,19.829999923706055,20.712499141693115,0
2025-06-25,17.479999542236328,20.712499141693115,0
2025-06-26,16.760000228881836,20.712499141693115,0
2025-06-27,16.59000015258789,20.712499141693115,0
2025-06-30,16.31999969482422,20.712499141693115,0
2025-07-01,16.729999542236328,20.712499141693115,0
2025-07-02,16.829999923706055,20.712499141693115,0
2025-07-03,16.639999389648438,20.712499141693115,0
2025-07-07,16.3799991607666,20.712499141693115,0
2025-07-08,17.790000915527344,20.712499141693115,0
2025-07-09,16.809999465942383,20.712499141693115,0
2025-07-10,15.9399995803833,20.712499141693115,0
2025-07-11,15.779999732971191,20.712499141693115,0
2025-07-14,16.399999618530273,20.712499141693115,0
2025-07-15,17.200000762939453,20.712499141693115,0
2025-07-16,17.3799991607666,20.712499141693115,0
2025-07-17,17.15999984741211,20.712499141693115,0
2025-07-18,16.520000457763672,20.712499141693115,0
2025-07-21,16.40999984741211,20.712499141693115,0
2025-07-22,16.649999618530273,20.712499141693115,0
2025-07-23,16.5,20.712499141693115,0
2025-07-24,15.369999885559082,20.712499141693115,0
2025-07-25,15.390000343322754,20.712499141693115,0
2025-07-28,14.930000305175781,20.712499141693115,0
2025-07-29,15.029999732971191,20.712499141693115,0
2025-07-30,15.979999542236328,20.712499141693115,0
2025-07-31,15.479999542236328,20.712499141693115,0
2025-08-01,16.719999313354492,20.712499141693115,0
2025-08-04,20.3799991607666,20.712499141693115,0
2025-08-05,17.520000457763672,20.712499141693115,0
2025-08-06,17.850000381469727,20.712499141693115,0
2025-08-07,16.770000457763672,20.657499313354492,0
2025-08-08,16.56999969482422,20.625000476837158,0
2025-08-11,15.149999618530273,20.537500381469727,0
2025-08-12,16.25,20.494999885559082,0
2025-08-13,14.729999542236328,20.489999771118164,0
2025-08-14,14.489999771118164,20.489999771118164,0
2025-08-15,14.829999923706055,20.467499256134033,0
2025-08-18,15.09000015258789,20.467499256134033,0
2025-08-19,14.989999771118164,20.467499256134033,0
2025-08-20,15.569999694824219,20.467499256134033,0
2025-08-21,15.6899995803833,20.467499256134033,0
2025-08-22,16.600000381469727,20.467499256134033,0
2025-08-25,14.220000267028809,20.467499256134033,0
2025-08-26,14.789999961853027,20.467499256134033,0
2025-08-27,14.619999885559082,20.467499256134033,0
2025-08-28,14.850000381469727,20.467499256134033,0
2025-08-29,14.430000305175781,20.467499256134033,0
2025-09-02,15.359999656677246,20.467499256134033,0
2025-09-03,17.170000076293945,20.467499256134033,0
2025-09-04,16.350000381469727,20.467499256134033,0
2025-09-05,15.300000190734863,20.467499256134033,0
2025-09-08,15.180000305175781,20.399999141693115,0
2025-09-09,15.109999656677246,20.357500076293945,0
2025-09-10,15.039999961853027,20.357500076293945,0
2025-09-11,15.350000381469727,20.335000038146973,0
2025-09-12,14.710000038146973,20.335000038146973,0
2025-09-15,14.760000228881836,20.335000038146973,0
2025-09-16,15.6899995803833,20.335000038146973,0
2025-09-17,16.360000610351562,20.335000038146973,0
2025-09-18,15.720000267028809,20.335000038146973,0
2025-09-19,15.699999809265137,20.335000038146973,0
2025-09-22,15.449999809265137,20.335000038146973,0
2025-09-23,16.100000381469727,20.335000038146973,0
2025-09-24,16.639999389648438,20.335000038146973,0
2025-09-25,16.18000030517578,20.335000038146973,0
2025-09-26,16.739999771118164,20.335000038146973,0
2025-09-29,15.289999961853027,20.335000038146973,0
2025-09-30,16.1200008392334,20.335000038146973,0
2025-10-01,16.280000686645508,20.335000038146973,0
2025-10-02,16.290000915527344,20.335000038146973,0
2025-10-03,16.6299991607666,20.335000038146973,0
2025-10-06,16.649999618530273,20.335000038146973,0
2025-10-07,16.3700008392334,20.335000038146973,0
2025-10-08,17.239999771118164,20.292500495910645,0
2025-10-09,16.299999237060547,20.292500495910645,0
2025-10-10,16.43000030517578,20.174999713897705,0
2025-10-13,21.65999984741211,20.174999713897705,1
2025-10-14,19.030000686645508,19.959999561309814,0
2025-10-15,20.809999465942383,19.959999561309814,1
2025-10-16,20.639999389648438,19.959999561309814,1
2025-10-17,25.309999465942383,20.174999713897705,1
2025-10-20,20.780000686645508,20.174999713897705,1
2025-10-21,18.229999542236328,20.174999713897705,0
2025-10-22,17.8700008392334,20.174999713897705,0
2025-10-23,18.600000381469727,20.174999713897705,0
2025-10-24,17.299999237060547,20.174999713897705,0
2025-10-27,16.3700008392334,20.174999713897705,0
2025-10-28,15.789999961853027,20.174999713897705,0
2025-10-29,16.420000076293945,20.174999713897705,0
2025-10-30,16.920000076293945,19.959999561309814,0
2025-10-31,16.90999984741211,19.959999561309814,0
2025-11-03,17.440000534057617,19.959999561309814,0
2025-11-04,17.170000076293945,19.84749984741211,0
2025-11-05,19.0,19.807499408721924,0
2025-11-06,18.010000228881836,19.672499179840088,0
2025-11-07,19.5,19.562500476837158,0
2025-11-10,19.079999923706055,19.510000228881836,0
2025-11-11,17.600000381469727,19.510000228881836,0
2025-11-12,17.280000686645508,19.510000228881836,0
2025-11-13,17.510000228881836,19.510000228881836,0
2025-11-14,20.0,19.562500476837158,1
2025-11-17,19.829999923706055,19.672499179840088,1
2025-11-18,22.3799991607666,19.807499408721924,1
2025-11-19,24.690000534057617,19.829999923706055,1
2025-11-20,23.65999984741211,19.84749984741211,1
2025-11-21,26.420000076293945,19.924999713897705,1
2025-11-24,23.43000030517578,20.03499984741211,1
2025-11-25,20.520000457763672,20.174999713897705,1
2025-11-26,18.559999465942383,20.174999713897705,0
2025-11-28,17.190000534057617,20.174999713897705,0
2025-12-01,16.350000381469727,20.174999713897705,0
2025-12-02,17.239999771118164,20.174999713897705,0
2025-12-03,16.59000015258789,20.174999713897705,0
2025-12-04,16.079999923706055,20.174999713897705,0
2025-12-05,15.779999732971191,20.174999713897705,0
2025-12-08,15.40999984741211,20.174999713897705,0
2025-12-09,16.65999984741211,20.174999713897705,0
2025-12-10,16.93000030517578,20.174999713897705,0
2025-12-11,15.770000457763672,20.174999713897705,0
2025-12-12,14.850000381469727,20.174999713897705,0
2025-12-15,15.739999771118164,20.174999713897705,0
2025-12-16,16.5,20.174999713897705,0
2025-12-17,16.479999542236328,20.174999713897705,0
2025-12-18,17.6200008392334,20.174999713897705,0
2025-12-19,16.8700008392334,20.174999713897705,0
2025-12-22,14.90999984741211,20.174999713897705,0
2025-12-23,14.079999923706055,20.03499984741211,0
2025-12-24,14.0,19.924999713897705,0
2025-12-26,13.470000267028809,19.924999713897705,0
2025-12-29,13.600000381469727,19.924999713897705,0
2025-12-30,14.199999809265137,19.924999713897705,0
2025-12-31,14.329999923706055,19.924999713897705,0
2026-01-02,14.949999809265137,19.924999713897705,0
2026-01-05,14.510000228881836,19.924999713897705,0
2026-01-06,14.899999618530273,19.924999713897705,0
2026-01-07,14.75,19.924999713897705,0
2026-01-08,15.380000114440918,19.924999713897705,0
2026-01-09,15.449999809265137,19.924999713897705,0
2026-01-12,14.489999771118164,19.924999713897705,0
2026-01-13,15.119999885559082,19.924999713897705,0
2026-01-14,15.979999542236328,19.924999713897705,0
2026-01-15,16.75,19.924999713897705,0
2026-01-16,15.84000015258789,19.924999713897705,0
2026-01-20,15.859999656677246,19.924999713897705,0
2026-01-21,20.09000015258789,20.022500038146973,1
2026-01-22,16.899999618530273,20.022500038146973,0
2026-01-23,15.640000343322754,20.022500038146973,0
2026-01-26,16.09000015258789,20.022500038146973,0
2026-01-27,16.149999618530273,20.022500038146973,0
2026-01-28,16.350000381469727,20.022500038146973,0
2026-01-29,16.350000381469727,20.022500038146973,0
2026-01-30,16.8799991607666,20.022500038146973,0
2026-02-02,17.440000534057617,20.022500038146973,0
2026-02-03,16.34000015258789,20.022500038146973,0
2026-02-04,18.0,20.022500038146973,0
2026-02-05,18.639999389648438,20.022500038146973,0
2026-02-06,21.770000457763672,20.102499961853027,1
2026-02-09,20.3700008392334,20.174999713897705,1
2026-02-10,17.360000610351562,20.174999713897705,0
2026-02-11,17.790000915527344,20.174999713897705,0
2026-02-12,17.649999618530273,20.174999713897705,0
2026-02-13,20.81999969482422,20.30250072479248,1
2026-02-17,20.600000381469727,20.3725004196167,1
2026-02-18,20.290000915527344,20.3725004196167,0
2026-02-19,19.6200008392334,20.3725004196167,0
2026-02-20,20.229999542236328,20.3725004196167,0
2026-02-23,19.09000015258789,20.3725004196167,0
2026-02-24,21.010000228881836,20.41249942779541,1
2026-02-25,19.549999237060547,20.41249942779541,0
2026-02-26,17.93000030517578,20.41249942779541,0
2026-02-27,18.6299991607666,20.41249942779541,0
2026-03-02,19.860000610351562,20.41249942779541,0
2026-03-03,21.440000534057617,20.41249942779541,1
2026-03-04,23.56999969482422,20.512500286102295,1
2026-03-05,21.149999618530273,20.512500286102295,1
2026-03-06,23.75,20.512500286102295,1
2026-03-09,29.489999771118164,20.512500286102295,1
2026-03-10,25.5,20.512500286102295,1
2026-03-11,24.93000030517578,20.512500286102295,1
2026-03-12,24.229999542236328,20.512500286102295,1
2026-03-13,27.290000915527344,20.512500286102295,1
2026-03-16,27.190000534057617,20.512500286102295,1
2026-03-17,23.510000228881836,20.512500286102295,1
2026-03-18,22.3700008392334,20.512500286102295,1
2026-03-19,25.09000015258789,20.540000438690186,1
2026-03-20,24.059999465942383,20.540000438690186,1
2026-03-23,26.780000686645508,20.605000495910645,1
2026-03-24,26.149999618530273,20.625000476837158,1
2026-03-25,26.950000762939453,20.674999713897705,1
2026-03-26,25.329999923706055,20.787500381469727,1
2026-03-27,27.440000534057617,20.812499523162842,1
2026-03-30,31.049999237060547,20.81999969482422,1
2026-03-31,30.610000610351562,20.832499980926514,1
2026-04-01,25.25,20.832499980926514,1
2026-04-02,24.540000915527344,20.832499980926514,1
2026-04-06,23.8700008392334,20.832499980926514,1
2026-04-07,24.170000076293945,20.832499980926514,1
2026-04-08,25.780000686645508,20.832499980926514,1
2026-04-09,21.040000915527344,20.832499980926514,1
2026-04-10,19.489999771118164,20.81999969482422,0
2026-04-13,19.229999542236328,20.812499523162842,0
2026-04-14,19.1200008392334,20.787500381469727,0
2026-04-15,18.360000610351562,20.674999713897705,0
2026-04-16,18.170000076293945,20.625000476837158,0
2026-04-17,17.940000534057617,20.605000495910645,0
2026-04-20,17.479999542236328,20.540000438690186,0
2026-04-21,18.8700008392334,20.41499948501587,0
2026-04-22,19.5,20.3725004196167,0
2026-04-23,18.920000076293945,20.310000896453857,0
2026-04-24,19.309999465942383,20.282500743865967,0
2026-04-27,18.709999084472656,20.242499828338623,0
2026-04-28,18.020000457763672,20.16249942779541,0
2026-04-29,17.829999923706055,20.102499961853027,0
2026-04-30,18.809999465942383,20.022500038146973,0
2026-05-01,16.889999389648438,19.895000457763672,0
2026-05-04,16.989999771118164,19.83750009536743,0
2026-05-05,18.290000915527344,19.829999923706055,0
2026-05-06,17.3799991607666,19.672500610351562,0
2026-05-07,17.389999389648438,19.56749963760376,0
2026-05-08,17.079999923706055,19.512499809265137,0
2026-05-11,17.190000534057617,19.5,0
2026-05-12,18.3799991607666,19.492499828338623,0
2026-05-13,17.989999771118164,19.354999542236328,0
2026-05-14,17.8700008392334,19.354999542236328,0
2026-05-15,17.260000228881836,19.354999542236328,0
2026-05-18,18.43000030517578,19.354999542236328,0
2026-05-19,17.81999969482422,19.354999542236328,0
2026-05-20,18.059999465942383,19.354999542236328,0
2026-05-21,17.440000534057617,19.354999542236328,0
2026-05-22,16.760000228881836,19.354999542236328,0
2026-05-25,16.700000762939453,19.309999465942383,0
2026-05-26,16.59000015258789,19.249999523162842,0
2026-05-27,17.010000228881836,19.192500114440918,0
2026-05-28,16.290000915527344,19.192500114440918,0
2026-05-29,15.739999771118164,19.135000705718994,0
2026-06-01,15.319999694824219,19.11250066757202,0
2026-06-02,16.049999237060547,19.11250066757202,0
2026-06-03,15.770000457763672,19.11250066757202,0
2026-06-04,16.059999465942383,19.11250066757202,0
2026-06-05,15.399999618530273,19.11250066757202,0
2026-06-08,21.510000228881836,19.14750051498413,1
2026-06-09,18.920000076293945,19.14750051498413,0
2026-06-10,19.8700008392334,19.249999523162842,1
2026-06-11,22.219999313354492,19.354999542236328,1
2026-06-12,19.440000534057617,19.452500343322754,0
2026-06-15,17.68000030517578,19.452500343322754,0
2026-06-16,16.200000762939453,19.34249973297119,0
2026-06-17,16.40999984741211,19.34249973297119,0
2026-06-18,18.440000534057617,19.249999523162842,0
2026-06-22,16.399999618530273,19.14750051498413,0
2026-06-23,17.280000686645508,19.097500324249268,0
2026-06-24,19.489999771118164,19.097500324249268,1
2026-06-25,18.6299991607666,19.097500324249268,0
2026-06-26,18.889999389648438,19.097500324249268,0
2026-06-29,18.40999984741211,19.097500324249268,0
2026-06-30,17.649999618530273,19.097500324249268,0
2026-07-01,16.450000762939453,19.097500324249268,0
2026-07-02,16.59000015258789,19.097500324249268,0
2026-07-06,16.149999618530273,19.097500324249268,0
2026-07-07,15.569999694824219,19.097500324249268,0
2026-07-08,16.1299991607666,19.097500324249268,0
2026-07-09,16.899999618530273,19.097500324249268,0
2026-07-10,15.84000015258789,19.097500324249268,0
2026-07-13,15.029999732971191,19.097500324249268,0
2026-07-14,17.15999984741211,19.097500324249268,0
2026-07-15,16.5,19.097500324249268,0
2026-07-16,15.670000076293945,19.097500324249268,0
2026-07-17,16.729999542236328,19.097500324249268,0
2026-07-20,18.770000457763672,19.097500324249268,0
2026-07-21,18.649999618530273,19.097500324249268,0
2026-07-22,17.049999237060547,19.097500324249268,0
2026-07-23,16.639999389648438,19.097500324249268,0
2026-07-24,18.700000762939453,19.097500324249268,0
2026-07-27,18.579999923706055,19.097500324249268,0
2026-07-28,18.670000076293945,19.097500324249268,0
2026-07-29,18.209999084472656,19.097500324249268,0
2026-07-30,20.65999984741211,19.14750051498413,1
2026-07-31,17.09000015258789,19.14750051498413,0
2026-08-03,15.989999771118164,19.14750051498413,0
2026-08-04,15.859999656677246,19.097500324249268,0
2026-08-05,16.5,19.097500324249268,0
2026-08-06,15.8100004196167,19.097500324249268,0
2026-08-07,15.149999618530273,19.097500324249268,0
2026-08-10,14.899999618530273,19.097500324249268,0
2026-08-11,15.460000038146973,19.097500324249268,0
2026-08-12,15.279999732971191,19.097500324249268,0
2026-08-13,14.550000190734863,19.097500324249268,0
2026-08-14,14.630000114440918,19.097500324249268,0
2026-08-17,14.25,19.097500324249268,0
2026-08-18,15.1899995803833,19.097500324249268,0
2026-08-19,15.84000015258789,19.097500324249268,0
2026-08-20,14.890000343322754,19.097500324249268,0
2026-08-21,16.010000228881836,19.097500324249268,0
2026-08-24,15.130000114440918,19.097500324249268,0
2026-08-25,15.850000381469727,19.097500324249268,0
2026-08-26,15.449999809265137,19.097500324249268,0
2026-08-27,15.210000038146973,19.097500324249268,0
