Date,SPY,TLT,GLD
2010-01-05,0.0026467924802660026,0.006457995153674512,-0.0009108023746454696
2010-01-06,0.0007043499751195892,-0.013386270317588989,0.01649959196299955
2010-01-07,0.004221147416327398,0.0016821230747592342,-0.006187807624317698
2010-01-08,0.0033277546970928995,-0.00044809500307818606,0.0049630306196752905
2010-01-11,0.0013966065459016797,-0.005487269306168607,0.01328899785435711
2010-01-12,-0.0093259116672757,0.017116185649426408,-0.020912721685971136
2010-01-13,0.008445736585408037,-0.011624739520615046,0.00950315025847348
2010-01-14,0.0027048565138148017,0.014001709167929643,0.004393023666376061
2010-01-15,-0.011224133817904436,0.006187099318379019,-0.01044361493969348
2010-01-19,0.012495371618132634,-0.0028544442978509776,0.005953418988644765
2010-01-20,-0.01016837082790134,0.010129868889195093,-0.02313481240425197
2010-01-21,-0.019229307156287345,0.0045781221680591955,-0.01441159959280014
2010-01-22,-0.022291922773635675,-0.0017361304907362873,-0.001862760291706178
2010-01-25,0.005128030873400524,-0.004565521047095178,0.002892648999579084
2010-01-26,-0.0041908669832788625,0.00032745932168887215,0.0007442705541653716
2010-01-27,0.004757386743305059,-0.0005455192299249623,-0.009576039444736728
2010-01-28,-0.011472327836430263,-0.0005460877261368458,-0.0004693083914030227
2010-01-29,-0.010868763836184292,0.0087419744462236,-0.004883586176437471
2010-02-01,0.015551144036519693,-0.009077957999892527,0.02255567582388429
2010-02-02,0.012103278308660537,0.002853187761340026,0.007198881313165595
2010-02-03,-0.004982725317356995,-0.01159612879122851,-0.003940257637661704
2010-02-04,-0.03086581435628455,0.015827881688927015,-0.03983435439949368
2010-02-05,0.00206648221740946,0.0021788428851885477,0.002970178695371306
2010-02-08,-0.0072191142054858215,0.0013039801068843726,-0.006113864996012963
2010-02-09,0.012560227061100937,-0.009989056459776435,0.01316803858637372
2010-02-10,-0.0019583926420880804,-0.00954185367053606,-0.002751170718643947
2010-02-11,0.010466243005953668,-0.005425068801464317,0.019120951810489784
2010-02-12,-0.0008322610593909374,0.004119390900804154,-0.0008400666498453724
2010-02-16,0.015734727097470813,0.0018847562549209051,0.02410315591356116
2010-02-17,0.004738652172608937,-0.01139845792122196,-0.0033753214496573536
2010-02-18,0.0058951009154271095,-0.004030200858828659,0.006681952923877299
2010-02-19,0.0020736190528509724,0.005394466267961917,-0.004637226047132237
2010-02-22,0.0001800095569712834,-0.004136570550561491,-0.0036539830220012615
2010-02-23,-0.012144549708551056,0.01560438986031465,-0.010818743086801086
2010-02-24,0.009197650952884162,0.002432102330961472,-0.004912399502225995
2010-02-25,-0.0013537393278294507,0.005624048253832781,0.008848704758209536
2010-02-26,0.0006330324712495727,0.00515272818796797,0.010340714355349556
2010-03-01,0.01038456233922247,-0.00043767951040796227,0.0
2010-03-02,0.0027703027853873685,-0.0013136134729254678,0.01452980291927708
2010-03-03,0.0008910890547841888,-0.00252149264752477,0.005494511158316229
2010-03-04,0.0030279157776604837,0.005276086079799347,-0.007166491463286184
2010-03-05,0.014293576476242853,-0.013119675387587737,-0.0001804951017815304
2010-03-08,0.00017484100563813776,-0.005206396531342139,-0.008392747276111279
2010-03-09,0.0016626673783139978,0.00022286144359240367,-0.0014560978951050352
2010-03-10,0.004455625809244079,-0.0025614103143146716,-0.011392635673468599
2010-03-11,0.0041748864114703466,0.0036838084142025718,0.0011984627266063974
2010-03-12,8.624623956654531e-05,0.006228165905606042,-0.0059852811695370045
2010-03-15,0.0002603986818037196,-0.0013269829018960344,0.003798088686431056
2010-03-16,0.007965895148347446,0.007968321013727575,0.01882614344810607
2010-03-17,0.005927469315640144,0.0042827318077169885,-0.0073370034129791595
2010-03-18,-0.0005124556402857916,-0.0032802048721474186,0.006843690346403308
2010-03-19,-0.005061587348171637,0.0009869624002234456,-0.018669545286964517
2010-03-22,0.005345966418077941,0.0010958059536430031,-0.004894706180937014
2010-03-23,0.007033088287302647,-0.004706841543162699,0.005290020369598247
2010-03-24,-0.004854379455487834,-0.018256194394782876,-0.018648418101527398
2010-03-25,-0.001626484528747807,-0.006384817720070712,0.004515481785126063
2010-03-26,-0.0005998628510862636,0.0028184775141211205,0.016950717168810137
2010-03-29,0.006347796030057751,-0.0038221513421891062,0.0014734659499526792
2010-03-30,0.0006816545034800114,0.0031590444668576634,-0.007172402568247138
2010-03-31,-0.0034072516443957035,0.006863439941749538,0.009076555677125953
2010-04-01,0.00683754034764017,-0.0024446990275128755,0.012023912112733903
2010-04-05,0.008149724624748611,-0.016639085513251106,0.0057137424379838375
2010-04-06,0.0023574197813742703,0.0016005536413699062,0.0012625069025071767
2010-04-07,-0.0057122717026341086,0.012784247723466535,0.013149591106227154
2010-04-08,0.003463654848734121,0.0004509452881851228,0.0014223812352023302
2010-04-09,0.006568060890215666,0.0023650138514739183,0.008788263207809122
2010-04-12,0.0015887628412081245,0.005282206363847353,-0.0055437984583037725
2010-04-13,0.0007517137389736472,0.0032422161819820605,-0.002831605068359111
2010-04-14,0.011349224683467662,-0.007020062241389846,0.0030170940680156466
2010-04-15,0.0008256362578313858,0.0011228998194412476,0.005485293756329668
2010-04-16,-0.015912619219994317,0.007286159082079635,-0.021205487283346813
2010-04-19,0.0037699374315600664,-0.002448462605866064,-0.0008090285834133626
2010-04-20,0.008931169272603734,0.0035692271819567356,0.002789001838399141
2010-04-21,-0.0018202488279810414,0.008225969897877938,0.00762604056256011
2010-04-22,0.002983675470341618,-0.0029770916694311644,-0.004184856476894816
2010-04-23,0.006527717054752413,-0.003538455893618342,0.012070870419532032
2010-04-26,-0.0037763556938913423,0.0011098940036593508,-0.0038872906786446837
2010-04-27,-0.023650623364884216,0.014077585777289237,0.016674033289738155
2010-04-28,0.007596393169759574,-0.008525879063251418,-0.0027915877387381105
2010-04-29,0.012397312687519646,0.004189850637592807,-0.0002624335573229164
2010-04-30,-0.01696173112343513,0.011528187900843534,0.009450488647102961
2010-05-03,0.01296176963061857,-0.0013079030174634187,0.003207374693346088
2010-05-04,-0.023514595711156105,0.0179958031234142,-0.007431094663491455
2010-05-05,-0.005956472253404899,0.005892908917997097,0.0019151526599501256
2010-05-06,-0.03321365156517364,0.030886961213132613,0.02954211168707399
2010-05-07,-0.014875129966842815,-0.012501129506018671,-0.0018567071032954408
2010-05-10,0.04404110063495348,-0.020715481199908403,-0.00591863505631729
2010-05-11,-0.0028409681027838918,-0.0025638877536274807,0.026282248662974128
2010-05-12,0.013985841881882344,-0.0076057742111351745,0.006132917630615964
2010-05-13,-0.01243052843680259,0.006583928280586626,-0.0069193077160389915
2010-05-14,-0.01810486523323429,0.01737034564663964,-0.0015759357652556094
2010-05-17,0.0005266155391006055,-0.003688213280453656,-0.008390812604340048
2010-05-18,-0.013602062824661698,0.015339186044526887,0.0010891190746751267
2010-05-19,-0.00569392890333309,0.0033339191698442683,-0.023935062862853518
2010-05-20,-0.03775967863917218,0.021079693605060346,-0.006773565413114135
2010-05-21,0.014599418450644608,0.001016997444640122,-0.005352167962601184
2010-05-24,-0.012831261350510492,-0.003453918180667759,0.014060016490404337
2010-05-25,0.0010210296954984432,0.004893243450964979,0.0044505673464516615
2010-05-26,-0.006028808577797196,-0.002840187933808247,0.009458082861100836
2010-05-27,0.03349850106460184,-0.022688098495212028,0.0018570204983223704
2010-05-28,-0.012549944425509052,0.004580734523415009,0.0016007650863898437
2010-06-01,-0.016823364263266805,0.0070286981052656294,0.00866425330155196
2010-06-02,0.026039132976337198,-0.009498995069402993,-0.0010841871306987994
2010-06-03,0.0034441726866327738,-0.007297066721662526,-0.015194520899751374
2010-06-04,-0.035136905507992866,0.02688192882425433,0.01042729201831194
2010-06-07,-0.01245089874337768,0.007668977431887658,0.01929688208114566
2010-06-08,0.010712585043533451,-0.004972324907434933,-0.0040332362530698385
2010-06-09,-0.005346596825042793,-0.0011215682722537368,-0.0036363838132748016
2010-06-10,0.029231416726443804,-0.01786865628682388,-0.013188423773133118
2010-06-11,0.00485572549900426,0.012683404448579294,0.008741707193883563
2010-06-14,-0.0015501702866701494,-0.005132743927272254,-0.00341641242239088
2010-06-15,0.02273790919004748,-0.004127229077052874,0.011622068623597936
2010-06-16,-0.000357062149357823,0.00569915308258806,-0.0054549635868080815
2010-06-17,0.0016077173341937367,0.008138273841242105,0.013047450103329306
2010-06-18,0.0010841028093706573,-0.0016350578921672243,0.007629206673786193
2010-06-21,-0.002863807532689888,-0.0028660686244048605,-0.019864873443235176
2010-06-22,-0.0165160512491086,0.011908681267563725,0.008804697765326885
2010-06-23,-0.003102722388975132,0.006797229719186948,-0.004116920646882183
2010-06-24,-0.016570722280520256,-0.005945015952460442,0.0028938082872824733
2010-06-25,0.004189515439063429,0.004055481200710309,0.012036265851120165
2010-06-28,-0.0031520885545631705,0.009388429321087743,-0.013603826729219115
2010-06-29,-0.03087517965368536,0.010902304446805955,0.0014865002115740378
2010-06-30,-0.009499599102877232,0.006727511525855823,0.0033809159186846127
2010-07-01,-0.0044565796149032,0.0015775352089910655,-0.0381328022519003
2010-07-02,-0.005449576771822451,-0.007972079432465362,0.01238890069121501
2010-07-06,0.006555277416223193,0.008234426943026119,-0.016710235152637143
2010-07-07,0.03149616304424585,-0.01170938551347267,0.01047121447372934
2010-07-08,0.00989548836395615,-0.006373231099132903,-0.004416922259692702
2010-07-09,0.007465319360121514,-0.00571173541946568,0.009811462629993661
2010-07-12,0.0006482695276999184,-0.00040357491235376575,-0.00861781232849812
2010-07-13,0.015088600718140333,-0.008570765558969407,0.008692724597704427
2010-07-14,-9.092343839922634e-05,0.010068860086760445,-0.000506907386653932
2010-07-15,0.00027316475975003307,0.00996775506715264,-0.0005917133813900799
2010-07-16,-0.02753462036772203,0.004885623452300258,-0.013194664160489422
2010-07-19,0.005906677628497725,-0.006151211916163524,-0.008056868318884747
2010-07-20,0.011091575051445535,0.0014973574387149302,0.00794952166473073
2010-07-21,-0.012997673512556984,0.016943407680716893,-0.006858148660892516
2010-07-22,0.022321185219058126,-0.011564305992845969,0.008718188601928079
2010-07-23,0.008679247833080828,-0.010611052904127116,-0.006589117477659223
2010-07-26,0.010415914309316099,-0.0017027993975842204,-0.004909981159489263
2010-07-27,-8.973821690894113e-05,-0.009638241906350098,-0.01739953744152556
2010-07-28,-0.006454827922426576,0.0032439933737562487,0.0023786154346325805
2010-07-29,-0.004872024000539765,-0.0003029856790487395,0.004482353152593488
2010-07-30,-0.00018108377398429187,0.015565282514514722,0.010499579478777887
2010-08-02,0.022580761358563572,-0.014038648134208742,0.0004329643491447488
2010-08-03,-0.004788812307870427,0.005772648632247801,0.00389472861932183
2010-08-04,0.0066834685665959626,-0.007652261948808858,0.006293675061456394
2010-08-05,-0.0010625209156336357,0.004667259112228317,0.0022275713974577727
2010-08-06,-0.0040759223823844115,0.010906677304782786,0.007351623835511356
2010-08-09,0.005338217698846792,-0.0036960294260106608,-0.0037338325329719924
2010-08-10,-0.0053989233361495526,0.0021054760342325007,0.0028109184562654654
2010-08-11,-0.027406777050803854,0.013408396238722586,-0.0033127240968519045
2010-08-12,-0.006129920533157196,-0.002469376781487287,0.012186810548876936
2010-08-13,-0.002945999217770612,0.012472051285139063,-0.00025257876690043535
2010-08-16,-0.0004612193141808607,0.02502726787276499,0.008337590626369185
2010-08-17,0.012284764839956885,-0.005722567859589023,0.00016701447010558645
2010-08-18,0.0018249936664269661,0.002685623223795286,0.003924853617562674
2010-08-19,-0.017396395683000443,0.015594236910935422,0.001414058952080799
2010-08-20,-0.0032444081345582854,-0.0011310059030571473,-0.00348864665731885
2010-08-23,-0.0038131058894746994,0.00018905691537884906,-0.0015837495996745554
2010-08-24,-0.014843232621228553,0.01602856228732974,0.004842226055815635
2010-08-25,0.003885660866724816,-0.003248384402002924,0.008308408066874051
2010-08-26,-0.006702138750493747,0.009404184849860275,-0.0032959914623202913
2010-08-27,0.015489887529226865,-0.028317290412065987,0.00041338502096799346
2010-08-30,-0.01450536233678823,0.019175237711101634,-0.0008263653611749744
2010-08-31,0.0,0.011083157733681626,0.009676603535758277
2010-09-01,0.029911895413340606,-0.020676601804909378,-0.0031946214269242823
2010-09-02,0.009312245494920823,-0.010566481610427725,0.004930548624238806
2010-09-03,0.012971396412657432,-0.012395013591553705,-0.0035162343769447046
2010-09-07,-0.011272262512864728,0.02046724372858555,0.00689312599444758
2010-09-08,0.007022899606360822,-0.007946871341920625,8.151700472081025e-05
2010-09-09,0.004619271465093666,-0.019740974599902317,-0.009371701853630121
2010-09-10,0.00504867246936036,-0.00457230006726117,0.0013985340716866634
2010-09-13,0.011123345354886682,0.004886325860910867,-0.0009036441905699855
2010-09-14,-0.0006211635733139875,0.009629223196253589,0.019733545817173015
2010-09-15,0.003817178409217803,-0.01483424073390438,-0.0006450105130254569
2010-09-16,-0.0002653270740875513,-0.009876794407453704,0.0055671679717606
2010-09-17,0.00037349251804941197,0.004048845041532578,-0.0007221081591426426
2010-09-20,0.015290631669139021,0.005802969938170088,0.0026497657670527808
2010-09-21,-0.0020141768966920326,0.013886906905481888,0.009129489585757655
2010-09-22,-0.004913142377316437,0.008969703037496224,0.0015077756431296496
2010-09-23,-0.008111227916458241,0.002867592192921764,0.0007924414099362842
2010-09-24,0.020621998972945033,-0.013439594022163215,0.0030878810785825994
2010-09-27,-0.004790033878458,0.017390654320701193,0.00023678884457156713
2010-09-28,0.0035002036581555096,0.006838249723521761,0.008917276219480907
2010-09-29,-0.0017434701172772682,-0.004150427731086981,0.0007821546759059217
2010-09-30,-0.0029704668485263097,-0.0006626107480813825,-0.0003125696528855082
2010-10-01,0.0042052371933398724,-0.004832967088531759,0.00781799680532913
2010-10-04,-0.007503854421583522,0.0025809346956389145,-0.0034907837674234
2010-10-05,0.020132594047489016,-0.006006448797506336,0.01969483611294076
2010-10-06,-8.642221080346069e-05,0.012564884580424485,0.0062599590124643445
2010-10-07,-0.0012065409634555158,-0.008336249659382178,-0.01092483474757766
2010-10-08,0.00560853944462858,-0.00439437559441469,0.009894980388411412
2010-10-11,0.0009444040084243266,0.00019222918703665215,0.004784973465747688
2010-10-12,0.0030859440071719924,-0.00988151913547175,-0.0024944182403267012
2010-10-13,0.00777674528859329,-0.0015492708802904431,0.01598969765837266
2010-10-14,-0.0039008465808895165,-0.014945066486180547,0.00507192241838883
2010-10-15,0.002043310143555077,-0.012215125040588748,-0.007940685151901716
2010-10-18,0.004927494930185405,0.008077638199738502,0.004488376244684789
2010-10-19,-0.013104187854187543,0.006035485782131422,-0.03105449960421236
2010-10-20,0.00976635470040188,0.002163580702411627,0.00929987478434402
2010-10-21,0.0022058499101995643,-0.011873236504926221,-0.014087770334554661
2010-10-22,0.00186201928585783,0.006752486393493129,0.002008144777821741
2010-10-25,0.0029576494070691073,0.0028607786043461925,0.008633395612906769
2010-10-26,0.0001682068932900016,-0.015442434908908509,0.00022926081694740752
2010-10-27,-0.0028639602334431524,-0.008790709514472916,-0.010391202319783521
2010-10-28,0.00016900220332893845,0.002719927901670527,0.013279811333891667
2010-10-29,0.0007603388462156246,0.009347793820095207,0.010515007362563056
2010-11-01,0.00033769053359011814,-0.004305489792873263,-0.0052782157594233325
2010-11-02,0.007929987476505751,0.013144785550549765,0.004320856065270329
2010-11-03,0.004017782007170068,-0.02040110986653021,-0.00694390618764662
2010-11-04,0.019258342450076293,0.007783909666440492,0.03389823825188132
2010-11-05,0.0037622078852124208,-0.01715287171810087,0.00257300673863492
2010-11-08,-0.0018739301712367151,0.00449111851172268,0.010265389693213
2010-11-09,-0.007184364739582505,-0.02204899976657959,-0.015894922781312437
2010-11-10,0.004029294496781244,0.0013509600565417834,0.012169106865093537
2010-11-11,-0.003767550970526945,-0.00051894684572662,0.003060318800163886
2010-11-12,-0.011838153051585087,-0.005397733989534803,-0.0288391770673464
2010-11-15,-0.0014141388393379417,-0.02087467015515143,-0.009499620384983976
2010-11-16,-0.015579319414086079,0.024836803667910745,-0.010949984657092626
2010-11-17,0.000507353339443517,-0.005512825428233836,-0.004504820435149881
2010-11-18,0.014718488792349937,0.004079571388612591,0.013115442483800255
2010-11-19,0.002750841989034969,0.006145876281837159,0.0008327701824608624
2010-11-22,-0.0008313423262754638,0.00424431255911939,0.009682290535891758
2010-11-23,-0.014476654200132444,0.004948998040296804,0.006967395597379689
2010-11-24,0.014773799881368399,-0.01785039380100284,-0.0017112638945114833
2010-11-26,-0.011647254994262113,0.013891635564284854,-0.007974304097743579
2010-11-29,0.0030304364583564336,0.00855143568440142,0.0030049875640467683
2010-11-30,-0.005622610073535039,0.005208868698466151,0.014306072509137735
2010-12-01,0.02126752864798065,-0.02222860358577139,-0.00029532777044438685
2010-12-02,0.012808801073165066,-0.002606706053264851,-0.0013296493431664835
2010-12-03,0.002692485226939434,-0.007842679524611706,0.021227887875435947
2010-12-06,-0.0010577482829736695,0.014122110809192678,0.007532362069704757
2010-12-07,0.0005700335427343273,-0.021407599442080594,-0.018762134993171364
2010-12-08,0.0036635975858723135,-0.009663217640772936,-0.012527521713312728
2010-12-09,0.0038935293375113034,0.004931974640755676,0.004303003634872571
2010-12-10,0.005818212912893417,-0.006081369505318901,0.0002955495779344286
2010-12-13,0.0006427195733857971,0.0037565046328726925,0.004726381894541776
2010-12-14,0.0008830301795974549,-0.014544595060750454,0.0009554547674208713
2010-12-15,-0.004572135287021495,-0.01302380913486878,-0.010867938075622141
2010-12-16,0.0058012144785253295,0.006928001017233898,-0.006607271045376617
2010-12-17,0.0010715927472768616,0.018237063034082235,0.002914575867006164
2010-12-20,0.0024133625431936867,-0.0010727270642453268,0.006780951436685445
2010-12-21,0.006340504491629817,0.006979123614405225,0.0015543387826104649
2010-12-22,0.0031103382064017193,-0.007143327032745228,-0.0019953019350200663
2010-12-23,-0.001431218302759274,-0.002040973799784629,-0.0028878147414700406
2010-12-27,0.0003983300153800329,0.008932193063760696,0.0026734041330853664
2010-12-28,0.0014321403803980726,-0.019585225934594108,0.01629385926993998
2010-12-29,0.000715285183015224,0.01691987040934273,0.0035709480309356056
2010-12-30,-0.0015883157037828166,-0.0007516592379297471,-0.004937970382814849
2010-12-31,0.00023853067021128993,0.011064876818736913,0.012333083678473855
2011-01-03,0.010338089813007434,-0.007543643468487349,-0.005190320172774543
2011-01-04,-0.0005506662683055774,0.0011765337123459396,-0.023550724637681153
2011-01-05,0.0051972594588654,-0.022026684070843627,-0.0028200733418367596
2011-01-06,-0.001958405177001521,0.004373546137592443,-0.004018704366714254
2011-01-07,-0.0019626415737336034,0.005333745974192006,-0.0018680415196855593
2011-01-10,-0.001258112792958399,0.005414313133587978,0.004042471019095828
2011-01-11,0.003543402955433539,-0.0056000470298043226,0.0058903114649804245
2011-01-12,0.009024832057036747,-0.007798138462714821,0.004076814445393762
2011-01-13,-0.0016333548416023191,0.008949853956779386,-0.010409003338437195
2011-01-14,0.007244927941236323,-0.00638245064672649,-0.010145472431108082
2011-01-18,0.0017011804667976804,-0.00468243413465641,0.00557683488401306
2011-01-19,-0.00980533163940267,0.0072210194171975495,0.0021734884271975563
2011-01-20,-0.0013253218320445903,-0.0137938128293702,-0.01884538026814475
2011-01-21,0.002263935540500306,0.007929144899480267,-0.001295717781246375
2011-01-24,0.005686613538809171,0.00043687284892812706,-0.005113318897864261
2011-01-25,0.0005424658330011045,0.009501296978916773,-0.0019944346856293205
2011-01-26,0.0038708810084813194,-0.015144659521918014,0.00814755963770164
2011-01-27,0.002467672065519233,0.004502617917448104,-0.024626435397597568
2011-01-28,-0.017462727215721285,0.005249991553690547,0.01836940880571558
2011-01-31,0.007516436071043131,-0.007615013947324778,-0.003147095992869553
2011-02-01,0.016008570649421516,-0.0049513226735706795,0.007161068526499337
2011-02-02,-0.0019122755112322976,0.00022139278621513547,-0.002675887579124292
2011-02-03,0.0022225080457003443,-0.00829049168479068,0.013415101885317249
2011-02-04,0.0028295105655096187,-0.010142707418026253,-0.004084669429638699
2011-02-07,0.006252188311777651,0.005180189235866051,0.00015182297672700074
2011-02-08,0.0045465029670330726,-0.009186520173507184,0.011087536414601473
2011-02-09,-0.0022628872871731653,0.008706703293762885,-0.0005257027621342614
2011-02-10,0.00037794009308433907,-0.011545078333292658,-0.0016532742811616874
2011-02-11,0.005970121885473745,0.014401087443052685,-0.003989452427152318
2011-02-14,0.002404125714127403,0.0006702683506762952,0.004761106326723441
2011-02-15,-0.0031479692840432616,0.004468355953514358,0.007672089476301602
2011-02-16,0.006315217548616081,-0.0032254223653515046,0.0009704029381796264
2011-02-17,0.0029889556280575658,0.0015624721843883194,0.007009598358195257
2011-02-18,0.00208520490325248,-0.0031191442948818038,0.002740005882498453
2011-02-22,-0.020069500815771524,0.014973414657700745,0.006498704676349387
2011-02-23,-0.006144114846509341,0.0036334539238547237,0.008951509874549624
2011-02-24,-0.0006872569281061169,0.0063629017497151,-0.0074903557591639025
2011-02-25,0.010693004133881967,0.005885918163534676,0.006594440089741527
2011-02-28,0.00619628624384605,0.0013007924182899533,0.0020381334207675295
2011-03-01,-0.01667284999555363,0.002899341153369761,0.01721629416053716
2011-03-02,0.002138616141987848,-0.015373835311142448,-0.0007855503200063785
2011-03-03,0.017224555354845128,-0.00978575940609483,-0.013078915487442111
2011-03-04,-0.007492644935061743,0.00832752981067375,0.009124554993410916
2011-03-07,-0.007850665176362015,-0.00638616876361664,0.0026551496302960054
2011-03-08,0.008749705540956443,-0.0060963683046250106,-0.0025765860807780427
2011-03-09,-0.0014334348547531128,0.009701504886683754,0.0003588049048421915
2011-03-10,-0.018505547377804632,0.016786479455049408,-0.011763857302689251
2011-03-11,0.006926452353634316,-0.005648375115246296,0.0032662911685206186
2011-03-14,-0.0060380363492914535,-0.00043670513787918974,0.0046302950658096975
2011-03-15,-0.011457356646007,0.014971148198951179,-0.01865185313629869
2011-03-16,-0.01851265355105125,0.011304732981248344,-0.00022014220559418707
2011-03-17,0.013235124449867408,-0.007665356700595094,0.005358159851040822
2011-03-18,0.0036371581106664497,0.0026822254561305048,0.010221171672682772
2011-03-21,0.015497932739046982,-0.005884921022277334,0.005564821129095288
2011-03-22,-0.003468796604115698,0.003337055030957714,-0.0006468042136366092
2011-03-23,0.0028620941313017845,-0.0012870249592270566,0.009277189916009121
2011-03-24,0.009563361959849859,-0.007518590714188034,-0.007980583913447803
2011-03-25,0.0030557545366352024,-0.002489136104682488,0.00028726681354784844
2011-03-28,-0.0024372171019408917,0.001409197709258292,-0.005170194234553005
2011-03-29,0.006718645798797995,-0.007691893782453163,-0.0023818867349306716
2011-03-30,0.00690153377259084,0.007971259517360663,0.0033282065894868484
2011-03-31,-0.0013556427671533866,-0.0020586787157277353,0.008581542201770542
2011-04-01,0.004223406019033149,0.004861111423075881,-0.004719030882519015
2011-04-04,0.0008260590826425496,0.0010851970361960284,0.004597696865513701
2011-04-05,-0.0001500481644869378,-0.00400995778112101,0.015803824168639347
2011-04-06,0.0031524583271023143,-0.015011476338706586,0.002323138500281763
2011-04-07,-0.0025440058794006237,-0.0019897565061649525,0.0009129766790669791
2011-04-08,-0.0034504530043972803,-0.00531147026978207,0.008069673704311775
2011-04-11,-0.0030106746746951796,0.0008897100791076529,-0.007100127011412383
2011-04-12,-0.00747393832258092,0.010781957649826479,-0.007220967356311059
2011-04-13,-7.593166059427503e-05,0.0062694376037661925,0.0020478305549249676
2011-04-14,0.0007606652027449812,-0.0007655979482129593,0.013460209614263308
2011-04-15,0.0036485239803398795,0.013562329221600722,0.008622526348759818
2011-04-18,-0.011208877829219532,0.0022666533837407687,0.006066801830465485
2011-04-19,0.005744431409559159,0.0043068922192963655,0.0
2011-04-20,0.013632125633319614,-0.006432318074682475,0.0039060327062796496
2011-04-21,0.005108669670587096,-0.0008630846388341107,0.0016382627519730963
2011-04-25,-0.0010464039053408314,0.00377965450352713,0.0008858499329242875
2011-04-26,0.008605216718886144,0.009682352137093453,-0.0033362174076743134
2011-04-27,0.0065288082906695966,-0.010229656606375093,0.0192648720546722
2011-04-28,0.0032427882342509484,0.007644292413152343,0.00415556560762953
2011-04-29,0.0023510150987169354,0.003097913932479379,0.01702034219935955
2011-05-02,-0.0015387890074415322,0.0016051575744004953,-0.012863368890775995
2011-05-03,-0.0035973603430449197,0.005659166064687637,-0.003523693679893136
2011-05-04,-0.006630690179725285,0.0044600200663549305,-0.01434486979737204
2011-05-05,-0.009048283251713474,0.00951429831561823,-0.028836354362946848
2011-05-06,0.004415758686980409,-0.004398185028047008,0.012755292503549676
2011-05-09,0.0038745207525197056,-0.0010519098842899366,0.01431522221175574
2011-05-10,0.008536677629251033,-0.007159877425743089,0.00352821954433602
2011-05-11,-0.010525181216681112,0.005726729596194247,-0.009195406805110662
2011-05-12,0.004760586219204832,-0.006325949226226646,0.00034122460794838716
2011-05-13,-0.007699003817871697,0.009019996072906489,-0.006548819694799257
2011-05-16,-0.006341538653342305,0.005573767904099247,-0.0017854134237942354
2011-05-17,-0.00014997713242226318,0.010249854537518921,-0.004333697772470724
2011-05-18,0.008935660054214312,-0.013251201618501462,0.0059416925363608986
2011-05-19,0.0023821561923837997,-0.00041975333094623757,0.0003433227395142069
2011-05-20,-0.007944899589713228,0.0005246043114290888,0.012633104523076089
2011-05-23,-0.011601369086177593,0.004825797220323169,0.002305216117890696
2011-05-24,-0.0008328019184756785,0.0037588149348761757,0.005141003161891922
2011-05-25,0.0033346651213790324,-0.004680603795206406,-6.726231295683949e-05
2011-05-26,0.004607636796427839,0.008569608239390902,-0.0024229412162809494
2011-05-27,0.003834421101190255,-0.00041477704579606645,0.009985128291392531
2011-05-31,0.01041087810996899,0.0022808226154340527,-0.0004007853027178099
2011-06-01,-0.022460646988113342,0.01351445824750419,0.001804358951899454
2011-06-02,-0.0010617869785521927,-0.01904962517604225,-0.002734998679831291
2011-06-03,-0.009944770221995247,0.0057427494159916215,0.004816061676943928
2011-06-06,-0.010581075461376321,-0.00757901735156985,0.0017307582527172904
2011-06-07,-0.0006196662095628858,0.004602534210596643,-0.0003987078701302993
2011-06-08,-0.004187546600544434,0.007809736893659602,-0.0040553159006586625
2011-06-09,0.007630940046989387,-0.0040297693454487415,0.005006341447316709
2011-06-10,-0.013909874842370717,0.007676954919779488,-0.008767216304689351
2011-06-13,0.0007833630064115749,-0.005043941461415291,-0.009849914008281502
2011-06-14,0.012686441503423795,-0.015105609993779745,0.0060905046387151884
2011-06-15,-0.017785506788135064,0.018172518652543435,0.0030268174734946474
2011-06-16,0.002204658169526974,0.004540272749051777,-0.0010058603902615149
2011-06-17,0.0029836841535693104,-0.004723861539469465,0.006511386270756869
2011-06-20,0.005116000946984833,0.0012380059694589995,0.000600215662433401
2011-06-21,0.0137041711790018,-0.0044323936394709,0.004865665090172611
2011-06-22,-0.006025472088164285,0.0006217460159361199,0.0015256765369389136
2011-06-23,-0.0028755158782177714,0.007655760568191505,-0.017550891177319783
2011-06-24,-0.011613276558897545,-0.00420905046614084,-0.014021854404774547
2011-06-27,0.008910919087560698,-0.013714467029841582,-0.003623675640655799
2011-06-28,0.013052744298435615,-0.008051164553477208,0.0034996897040917574
2011-06-29,0.008564214208974352,-0.006639069853003221,0.006427702046695627
2011-06-30,0.009562426488613607,-0.0015925528816059797,-0.008017344302908236
2011-07-01,0.014776035852388736,-0.0015984452311208486,-0.007328817289169565
2011-07-05,-0.0008211150133647926,0.0022427739368180433,0.018629768463946483
2011-07-06,0.00119549258318008,0.005115657673089524,0.008670315904364623
2011-07-07,0.010375479490834838,-0.0029691666971666253,0.001611646151856716
2011-07-08,-0.007092140809839109,0.014143112558175686,0.007375166936172128
2011-07-11,-0.018080425921938925,0.014994307052668354,0.00891844484452986
2011-07-12,-0.004319340013517081,0.0034081267745460497,0.007784207157971679
2011-07-13,0.003349037672345956,0.002780303852586874,0.008967697053566592
2011-07-14,-0.0069027326126333,-0.014271193985675668,0.0025950038800326425
2011-07-15,0.00580456297159504,0.0016663351014318817,0.004270762849635679
2011-07-18,-0.008200994284377261,-0.009670481707495404,0.008827386616724331
2011-07-19,0.016231721896366347,0.02079044598885571,-0.012199039233320219
2011-07-20,-0.0006029094873151175,-0.011829277997463916,0.008793486215885604
2011-07-21,0.013870940421004674,-0.007702697543869874,-0.007627242717723082
2011-07-22,0.0006694710491810252,0.00755248303062217,0.008331675197810862
2011-07-25,-0.005573101667088465,-0.010931036014689255,0.007814509728797825
2011-07-26,-0.0037360255321056135,0.0068415973629749605,0.0027329855381899026
2011-07-27,-0.02047552009078646,0.00010425641259104168,-0.0036762490673009074
2011-07-28,-0.0029093867979205212,0.003763550171165253,0.0008270556701654996
2011-07-29,-0.006834364251102287,0.0197876211160517,0.006165687241006967
2011-08-01,-0.004253049248824858,0.010093467633878639,-0.003600935558821683
2011-08-02,-0.025547685951503363,0.0300253790973235,0.024093349114550966
2011-08-03,0.005419052180788642,0.0019698863495458685,-0.00018572795011984056
2011-08-04,-0.04684170663576215,0.035581001080355,-0.00526352142301223
2011-08-05,-0.0014966314435005401,-0.028853418777625595,0.006909864383522146
2011-08-08,-0.06512341333453342,0.031567101269740494,0.03319935157457499
2011-08-09,0.04649919247256307,0.0030327140630530547,0.008915782292353791
2011-08-10,-0.04417756527857952,0.029753168720689338,0.035407159712308234
2011-08-11,0.04488355021759194,-0.050449778431753245,-0.021938376623234723
2011-08-12,0.006733066035826907,0.019803091174861676,-0.004568074842148606
2011-08-15,0.02116518205317841,-0.010135815821000427,0.010766616567110976
2011-08-16,-0.008539242674834413,0.016555195645245657,0.012339901510646678
2011-08-17,0.0006689053218631447,0.017508710278046236,0.002874885034866992
2011-08-18,-0.0431185828055588,0.02053840291315967,0.01891986633643583
2011-08-19,-0.01633044523911209,0.008069109150572906,0.012547803917521527
2011-08-22,0.000799335486236119,-0.002518285274386356,0.025784937306684297
2011-08-23,0.032910477990758746,-0.013794205184682773,-0.03748847882459627
2011-08-24,0.01408424029857791,-0.028429912994182738,-0.033883065990334194
2011-08-25,-0.01524413686073145,0.010820501761981127,0.004136363175726965
2011-08-26,0.014534095504693534,0.009866138133711067,0.02964725337814067
2011-08-29,0.028736388079880104,-0.013825725203724049,-0.020172433686990066
2011-08-30,0.0026365975155970833,0.01607619252558612,0.029961508609777754
2011-08-31,0.004437823570042632,-0.015453994650798997,-0.007705219630282367
2011-09-01,-0.010472426724872919,0.021198039368112598,0.0008439899586658584
2011-09-02,-0.025550343684258126,0.03248606255315134,0.030190647795535153
2011-09-06,-0.007297342494564152,0.010399644128260332,-0.0018555532988803192
2011-09-07,0.028207574669069757,-0.01908907471585297,-0.031820624711029866
2011-09-08,-0.010391556477399644,0.008967654235373379,0.026711066628809732
2011-09-09,-0.026209838592502144,0.0106659720888298,-0.006105278176431583
2011-09-12,0.006470222025319661,0.0010555953318573952,-0.022302151894618927
2011-09-13,0.009170872668819108,-0.014232003571112095,0.010584678420606952
2011-09-14,0.013844538263552586,0.00846671238995178,-0.007449236150323779
2011-09-15,0.017256820169544218,-0.015288657384356363,-0.015856964679878405
2011-09-16,0.00591886458321067,0.007268958956873073,0.009346358600104132
2011-09-19,-0.0099570143367409,0.01906702397172233,-0.015451918647760743
2011-09-20,-0.0011639349379262143,0.004195926705253372,0.014251925771726182
2011-09-21,-0.029458267030151974,0.03308438698884841,-0.01245876923776712
2011-09-22,-0.03232454679085528,0.037585859494871476,-0.026153542150526787
2011-09-23,0.0060250358417306416,-0.018599438786220612,-0.05471753820180614
2011-09-26,0.0237802518984207,-0.016055630026809653,-0.013892372830456634
2011-09-27,0.011183800543598021,-0.01530811385209585,0.01935526726943304
2011-09-28,-0.020418671122501397,-0.0003422273575541812,-0.027454420270526025
2011-09-29,0.007903744380339583,0.006921527973639874,0.009473791550213662
2011-09-30,-0.024989383169605195,0.025119001849285505,0.0022828193869255387
2011-10-03,-0.028457880923095535,0.027520141682054966,0.018347521194908234
2011-10-04,0.021922967560088713,-0.012681712586249505,-0.02062628718772741
2011-10-05,0.01851531093243186,-0.007198450026466352,0.011545339579202452
2011-10-06,0.018091406922869924,-0.018457471278795157,0.006459292210774237
2011-10-07,-0.006695810113449108,-0.007387569813392059,-0.00816258192126873
2011-10-10,0.03344569382432372,-0.014123349783849104,0.025694256721133568
2011-10-11,0.0010031115631459198,-0.0033462777782782283,-0.007166032573826864
2011-10-12,0.008772104358089283,-0.014546011148071414,0.007156004686264872
2011-10-13,-0.0019876028123687606,0.009957738676489303,-0.005880138964710846
2011-10-14,0.01709400167436792,-0.014529956326996607,0.00677751585978581
2011-10-17,-0.019090930713409504,0.017288158559805256,-0.00477355451916972
2011-10-18,0.01954566952394532,-0.006210627334485519,-0.004796450637787775
2011-10-19,-0.01182916654472943,-0.0003472022570351063,-0.012172523883343
2011-10-20,0.004375799377818179,-0.0071210202673804845,-0.013135615868301143
2011-10-21,0.018987356167223357,-0.010581819407625592,0.011092095788866496
2011-10-24,0.012260918545340838,0.0016792338890656566,0.009403209377038424
2011-10-25,-0.019443815755424643,0.025414313329209737,0.028381517477150453
2011-10-26,0.010158473569039206,-0.01746952917500555,0.010930597249971585
2011-10-27,0.034835126349930245,-0.033896139627658806,0.0128435438092247
2011-10-28,-0.00023317240467968237,0.010515743273994183,0.0004128107588905472
2011-10-31,-0.02410612087756281,0.03965529022959946,-0.01344180429743358
2011-11-01,-0.027888032417305086,0.03347483506817106,0.00023908536989014628
2011-11-02,0.016311321563982295,-0.012473557516959666,0.010036997411712711
2011-11-03,0.018227254627470213,-0.013732957360786724,0.015734080802807693
2011-11-04,-0.006098806711646199,0.0012024701986945718,-0.005066358671109827
2011-11-07,0.00621608943960994,0.006353263507021589,0.024173189795036576
2011-11-08,0.012830553446615989,-0.012796870848256314,-0.008286644094448237
2011-11-09,-0.036909553441373144,0.02074012714386053,-0.00841348161901967
2011-11-10,0.00941865383083118,-0.014899877365058933,-0.005404823007986281
2011-11-11,0.01882219302241106,-0.006102029228647776,0.01647778038025005
2011-11-14,-0.009473913597439876,0.01608348603190035,-0.004368876387059961
2011-11-15,0.004941652643157157,-0.001362304272833903,0.000923808688964245
2011-11-16,-0.01586264834123996,0.00911844861315525,-0.010671470333423416
2011-11-17,-0.015877401407981218,0.008022176798146985,-0.025712719634799708
2011-11-18,-0.0010639869119979384,-0.00025128331914603397,0.0031118431758150322
2011-11-21,-0.01901993387780554,0.005949369212930655,-0.024579377384584156
2011-11-22,-0.003927508091256304,0.011162393447570862,0.0110703214592891
2011-11-23,-0.022065710766664304,0.009803281996354274,-0.0029036097914703074
2011-11-25,-0.0018874494446809997,-0.014521413469660738,-0.00867565321048791
2011-11-28,0.02896702150802244,-0.0004970936647570312,0.01976750983463549
2011-11-29,0.0028399707599080504,-0.008199403858248022,0.0015003300286513532
2011-11-30,0.041149557697470085,-0.01561586719899899,0.019475071338128425
2011-12-01,-0.00015994891754989027,-0.00501742305893782,-0.0029389289699039978
2011-12-02,-0.0008801365516439841,0.014016782061659239,0.0011200992509403651
2011-12-05,0.010891964825260114,-0.002022693263502351,-0.014721469156617206
2011-12-06,0.00031701537966966065,-0.009543478973430441,0.00513976400859284
2011-12-07,0.0037225957436817225,0.0035813570090490465,0.007254140051337954
2011-12-08,-0.021936451120298295,0.012490115877766161,-0.02018889192543405
2011-12-09,0.01694232696362974,-0.02056060826076267,0.002530414385808033
2011-12-12,-0.014597668014028287,0.011138974506796684,-0.026502335126668997
2011-12-13,-0.009338955801629356,0.009321364863268622,-0.021853252823497593
2011-12-14,-0.010645725001138473,0.018889599446600513,-0.03508991900081848
2011-12-15,0.003614196112289747,-0.0037081633616543597,-0.0036627481249873473
2011-12-16,0.0014823538261383717,0.011662359636935182,0.019037575406193996
2011-12-19,-0.010691684518177258,0.012671509561994476,-0.0023191433373703774
2011-12-20,0.03026020071203539,-0.024945630723465895,0.013624334453907316
2011-12-21,0.0019365995040119266,-0.01390968959255423,0.001146693460756243
2011-12-22,0.008858872146694008,0.0041986637390165615,-0.00712656114710053
2011-12-23,0.008940686386524899,-0.011121334329713184,0.0017303530125498678
2011-12-27,0.0007912627314710097,0.004750143002322682,-0.008956521773084813
2011-12-28,-0.013123691312719288,0.01848936867340245,-0.02504683229674176
2011-12-29,0.010334016483072084,0.0018228190303293257,-0.004568644951223
2011-12-30,-0.004916036047764583,0.0032276423457129333,0.010975184218875667
2012-01-03,0.015936154286868787,-0.015010127321642974,0.025856915150634707
2012-01-04,0.0015688256497794484,-0.01188968571920046,0.005066755734988382
2012-01-05,0.002662495426395406,-0.0017795514994871642,0.006827847741614601
2012-01-06,-0.002577196044756036,0.00789405981495972,-0.0036760161968690808
2012-01-09,0.0024272998063972206,-0.001768279263966277,-0.0044529068818790485
2012-01-10,0.00867062021686249,-0.001687592094042456,0.01367411750574088
2012-01-11,0.000542146263441845,0.01301553562949187,0.006492680176876542
2012-01-12,0.002399230750345982,-0.0014182639124356022,0.004446713358861265
2012-01-13,-0.0051733800374165195,0.00994223455962584,-0.006983478874407978
2012-01-17,0.0038810812911989068,0.004632740074972164,0.007786045057981195
2012-01-18,0.011055597630395653,-0.01210418073656494,0.006853620582651931
2012-01-19,0.005276802135802283,-0.013753973372205297,-0.0023515152751236723
2012-01-20,0.003727237842310549,-0.011325187483549937,0.005272336540625755
2012-01-23,-0.002576887437017006,-0.006325979407546756,0.006725466086455523
2012-01-24,-0.0011394459148577063,0.0018066497787398994,-0.007048352105060052
2012-01-25,0.00836761011191789,-0.002404489481132477,0.02722056546902296
2012-01-26,-0.00512983565368752,0.013256419643571382,0.005107595919167762
2012-01-27,-0.000454889808547132,0.003143665880782631,0.010163190678665446
2012-01-30,-0.0034137849268564002,0.011771576231397463,-0.0055631321217690655
2012-01-31,-0.0003807831724634836,0.01155108223918,0.0076176801082890044
2012-02-01,0.008757460592175192,-0.011454976652512161,0.001476581439991298
2012-02-02,0.0015849861242362984,-0.00041942053097032694,0.00878748239335847
2012-02-03,0.014018929192162188,-0.02148951396864407,-0.019935712372232683
2012-02-06,-0.0006690266778585086,0.009951991333659427,-0.0027440152442257393
2012-02-07,0.002528825898192144,-0.012401441109641587,0.015073599610379684
2012-02-08,0.0029677347816257083,0.0007742051802810401,-0.0070712844420862675
2012-02-09,0.0012573100349742017,-0.0074776050116026616,-0.002848639332576064
2012-02-10,-0.007387912986947742,0.012988895232587172,-0.005237500657275795
2012-02-13,0.00744290048812446,0.0012808390999070607,0.0022136838491002564
2012-02-14,-0.0012557311915458724,0.005293516312439905,-0.0023282156434702994
2012-02-15,-0.004660233555018101,-0.0017827499958550375,0.0059239200699465755
2012-02-16,0.011072986781424987,-0.007996344794508281,-0.0006543371004235077
2012-02-17,0.002646188927827531,-0.0002581970969128822,-0.0038690112885975125
2012-02-21,0.0004399994960739839,-0.011065187756396866,0.021930074903464325
2012-02-22,-0.0032241405128301537,0.012576962043117534,0.01122674611729324
2012-02-23,0.004410697453717027,0.0,0.00046259876214471696
2012-02-24,0.0021953049482261733,0.0065100455709057314,-0.004565995407547319
2012-02-27,0.001680092754717366,0.008851753773272186,-0.003077273369589517
2012-02-28,0.002916383266629907,-0.0032904514493223846,0.010425210114951122
2012-02-29,-0.003925818569543771,-0.006094027831465065,-0.053029061708074865
2012-03-01,0.005181952808710255,-0.009414056806754001,0.014121415904973178
2012-03-02,-0.0030498358507402568,0.009392021056690014,-0.001620576624883352
2012-03-05,-0.004077719618067355,-0.007938794626851542,-0.004148145103987089
2012-03-06,-0.014625271973041198,0.012132232364081341,-0.0178086148924681
2012-03-07,0.006975935089981844,-0.00612176890097238,0.005716090670033314
2012-03-08,0.00994860833757727,-0.010007089735629693,0.010083687876597303
2012-03-09,0.0038676963229942185,0.001986806330378732,0.006655409678363311
2012-03-12,7.273868872337275e-05,-0.0001718039215301559,-0.007873527588344698
2012-03-13,0.01802560586777946,-0.017594211934397586,-0.016780784815864758
2012-03-14,-0.0010707717591661448,-0.025195164619722932,-0.01682067576220847
2012-03-15,0.005789221818139012,0.0015310681991165254,0.00946289676961598
2012-03-16,0.0013852233583691032,0.0019783112026008354,0.001365788541111801
2012-03-19,0.0039196722934864425,-0.011935270832822198,0.0017978504689784014
2012-03-20,-0.0029107488139420434,0.003995682122162725,-0.009035159899535072
2012-03-21,-0.0016378465499437,0.01130740694823995,0.0004996054993768873
2012-03-22,-0.007203326923263309,0.0032211475213212992,-0.0039947529044891406
2012-03-23,0.003232808120834152,0.009451305820495692,0.012282956477502438
2012-03-26,0.01403517591035719,-0.0051235015742715495,0.0177675672560913
2012-03-27,-0.0031074347207068476,0.007192263224494511,-0.007055890793102537
2012-03-28,-0.004958429614304483,-0.001410205517646257,-0.010597959618425579
2012-03-29,-0.001708631785325987,0.007502956532932092,-0.0014240340248994343
2012-03-30,0.004135958695633546,-0.016910095032384498,0.0052083106662228484
2012-04-02,0.007314698979427714,0.0055400028002066115,0.005058027072021742
2012-04-03,-0.004089082031723867,-0.01732843368399195,-0.01871856515317416
2012-04-04,-0.009910542380466847,0.013746092875006832,-0.01676147780356274
2012-04-05,-0.0005004662466310261,0.007225420636529423,0.006996951833534437
2012-04-09,-0.011231052809085096,0.023381333696141926,0.006695708261895694
2012-04-10,-0.01678483709966372,0.011337085615577225,0.010855311785985977
2012-04-11,0.00809387869038325,-0.011979666943674028,-0.00018621215493686005
2012-04-12,0.013065811065859911,-0.004157860330099683,0.010119758799926215
2012-04-13,-0.011888295935068904,0.016176841742439718,-0.011370564716820963
2012-04-16,-0.0006563307290896603,-0.0014549019771826766,-0.0024246153239028123
2012-04-17,0.014812097001275282,-0.0006001048284384192,-0.0013087791666472892
2012-04-18,-0.0033790082224923745,0.0029159882767995082,-0.005865849868369688
2012-04-19,-0.006421469190053819,0.0009409279158272277,0.0007532177454423472
2012-04-20,0.001670123817051783,0.00017094345644763642,0.0006899618353195525
2012-04-23,-0.00840877585270483,0.007260215619814492,-0.0029458817957397354
2012-04-24,0.0038014633328722347,-0.007038491579190231,0.0014458773932806146
2012-04-25,0.013691615903046461,-0.005124514673264469,0.0020087386020055664
2012-04-26,0.006968816602092698,0.006008859226781071,0.008833502726736775
2012-04-27,0.0016415373975731118,0.0008535997836720544,0.0021735459614287134
2012-04-30,-0.0037043991053894443,0.00025603590353795447,0.003098277264045768
2012-05-01,0.0062204649718577976,-0.005186716968443084,-0.003459337420944286
2012-05-02,-0.002984229372105851,0.007043223626804096,-0.004525235266453653
2012-05-03,-0.007625988087555213,-0.0002565687496942637,-0.010087771057537998
2012-05-04,-0.016157960234985058,0.007848435128499087,0.0031452475068289854
2012-05-07,0.0007302238301609698,0.00016982136231846745,-0.0024455972073937904
2012-05-08,-0.00401208811004472,0.00533148537669037,-0.019361338921316418
2012-05-09,-0.00593164240735522,0.0006731828476254087,-0.00980768448267233
2012-05-10,0.002063130214323472,-0.0029442783147327622,0.0019421444253708842
2012-05-11,-0.0030144661598013878,0.008268839964794328,-0.007818095757993637
2012-05-14,-0.01106115589648693,0.013975257201568114,-0.014521983348483536
2012-05-15,-0.005741891134373955,0.004043576633616208,-0.010506815031071648
2012-05-16,-0.003824589915588983,0.0028762910677615494,-0.0018698996195085638
2012-05-17,-0.014831024192230036,0.01770341315733659,0.022347090779173184
2012-05-18,-0.008558553644854916,0.00024254427391490196,0.011452879352412237
2012-05-21,0.01718815292542608,-0.0020940266805191676,0.000646980541909592
2012-05-22,0.001742446945531828,-0.01113402246650097,-0.016618119410660492
2012-05-23,0.0005296865574988541,0.006935382929043721,-0.0030247679400885463
2012-05-24,0.0019657215069432965,-0.0038077974337734632,-0.001384985238363945
2012-05-25,-0.0032442739221859584,0.003740756786638988,0.00838774838488221
2012-05-29,0.012112072082393954,-0.0030788735028393077,-0.010872337457110914
2012-05-30,-0.014510009741397711,0.025360963139629433,0.005893254962718419
2012-05-31,-0.002201212358667659,0.011574961019019225,-0.0019090812845146132
2012-06-01,-0.0251770975237805,0.023740205924751567,0.038781196888100666
2012-06-04,-0.0004676533057939025,-0.007901121144074263,-0.0011428106398809756
2012-06-05,0.00757197197255266,-0.013376469693033854,-0.0011442151423203262
2012-06-06,0.02246839235401832,-0.01998436249232083,0.0004455092560180507
2012-06-07,0.000606103935600899,0.0015192035194504516,-0.01723813115026185
2012-06-08,0.007951878095044052,-0.00023907304327253076,0.0014886454856897213
2012-06-11,-0.012697470106909692,0.00455151431217371,0.004071640277957922
2012-06-12,0.011490647345627547,-0.00914281140663864,0.007080368815616023
2012-06-13,-0.006394628318021622,0.009869577055726886,0.004218256263578635
2012-06-14,0.01060008229249898,-0.0012717108681309375,0.004009705335992431
2012-06-15,0.010227161930332462,0.005568277358848572,0.0005704997647584253
2012-06-18,0.0019384062214051756,0.005380567903393363,0.0005701744803514597
2012-06-19,0.009672918498740968,-0.013063042053314655,-0.004875508449193711
2012-06-20,-0.0016214494371697974,0.004943704985588715,-0.0075719166052243825
2012-06-21,-0.02243849058299774,0.005316148676621335,-0.025325363321968553
2012-06-22,0.007701412968605936,-0.013337393362851557,0.004078378501268132
2012-06-25,-0.016034846351945076,0.014557178770204127,0.00733749424571517
2012-06-26,0.005026000692996302,-0.003942344581623791,-0.007414148220444616
2012-06-27,0.009016594061796335,0.0015835553059397878,0.001376010487393442
2012-06-28,-0.0028534090152123603,0.002449928299796067,-0.011646919832302038
2012-06-29,0.024926812524474595,-0.013007718294511528,0.027408138404537707
2012-07-02,0.003012244299959388,0.010317757961792573,-0.0006444107348563266
2012-07-03,0.006592813230772654,-0.0076850684197244945,0.015281516744723334
2012-07-05,-0.004512101346516362,0.005109467672915757,-0.011304546946454441
2012-07-06,-0.009503484886074998,0.00929415575746595,-0.012654072807009586
2012-07-09,-0.001254387448573202,0.008815037451316954,0.002146812555150701
2012-07-10,-0.008720794621347672,0.0020280471229705554,-0.012269536951600046
2012-07-11,0.00014952093477993422,0.001245861335993581,0.005520944005105832
2012-07-12,-0.004844928572376284,0.0070756424764293335,-0.00261460971900751
2012-07-13,0.016777638965264963,-0.0026250495791858564,0.010157959820154439
2012-07-16,-0.002357368967007334,0.004645511789680201,0.00045418012518472217
2012-07-17,0.0068672474134612305,-0.007859886900292823,-0.0047986866023365105
2012-07-18,0.007406973074734813,0.0005437133429639918,-0.002736679257213992
2012-07-19,0.0026207994312739125,-0.002562002385360862,0.0021561700390366756
2012-07-20,-0.009148644229019287,0.01221860223399962,0.0018906850756352789
2012-07-23,-0.010112072049983434,0.005612611030946457,-0.0041647647379081665
2012-07-24,-0.008587175542728698,0.007875573226744592,0.003202022460124132
2012-07-25,0.00022412465921028968,0.0025785333544772193,0.014004649795792412
2012-07-26,0.016497716524632944,-0.009155129378249582,0.007066269136341896
2012-07-27,0.01843226493899497,-0.018861799830196535,0.004911583802304831
2012-07-30,0.0,0.007471345857819722,-0.0006982392728160924
2012-07-31,-0.006994233194411947,0.0020089176130138053,-0.00597082656640302
2012-08-01,-0.000871608039136218,-0.004998997032870767,-0.008626788012826792
2012-08-02,-0.00690429397542669,0.005668536791393564,-0.006510213425354183
2012-08-03,0.019833231490113512,-0.0161378147831418,0.009212989839486152
2012-08-06,0.0019376885162918356,0.00039247869388758794,0.004821600676860438
2012-08-07,0.0050138260071610485,-0.012865776525480377,-0.0001279863856068486
2012-08-08,0.0012112787142339876,-0.005324595902162943,0.0012797347696722472
2012-08-09,0.0008539451274829357,-0.000718588115191543,0.003259264951112506
2012-08-10,0.001635527676098647,0.005036795924526105,0.0012101864830207365
2012-08-13,-0.000496908462762069,-0.0016703387057289687,-0.0075708565852385945
2012-08-14,0.00014240965848433262,-0.01354716578417503,-0.00551317764002035
2012-08-15,0.0011360751959632598,-0.014055401072769036,0.003223103102315328
2012-08-16,0.007378524278581988,-0.008521809138865577,0.0059756643744985904
2012-08-17,0.001338082098766069,0.004875823977393168,0.001021995813774046
2012-08-20,7.046448822389806e-05,0.0020556680045691333,0.003445592661605268
2012-08-21,-0.0030240132896237615,0.004432346720992353,0.009983513792826137
2012-08-22,0.0004235591373089598,0.016504010115084844,0.010766174119276384
2012-08-23,-0.008179741841879862,0.004179808540722751,0.008409157592958794
2012-08-24,0.006043277980414485,-0.0009606325479076805,0.000494174015419846
2012-08-27,0.00021163813137614618,0.005849113730310274,-0.003766133270076133
2012-08-28,-0.000988970413147161,0.002389956619568867,0.0017352428001844444
2012-08-29,0.0007781466269833892,-0.0043713789825988725,-0.006495935756759552
2012-08-30,-0.007208137682048976,0.005188694171891051,-0.0004358432469381279
2012-08-31,0.0047689103600632166,0.014133208720791046,0.02305006759133854
2012-09-04,-0.0009207278918328399,-0.0010042901036769747,0.001583208530649749
2012-09-05,-0.000850951188659077,-0.004712496904783814,-0.0010335492057460538
2012-09-06,0.020296642493051076,-0.01665046207478027,0.0035299241657396063
2012-09-07,0.0038949274810780032,-0.004654521052183003,0.021529523105697113
2012-09-10,-0.0056815681384155825,0.002418522242946697,-0.006827411176709486
2012-09-11,0.002787645516193926,-0.006273854314885141,0.003646366398665668
2012-09-12,0.0033352805921560424,-0.012464454299411676,0.00011914397372314589
2012-09-13,0.01523688600419959,-0.003934218554002444,0.02018818143529133
2012-09-14,0.004433706306819385,-0.02657790778811997,0.002860343822002953
2012-09-17,-0.0033958698348327543,0.012003306657312862,-0.008149063622843289
2012-09-18,-0.0008177725974392036,0.005012029452749367,0.007746522133214695
2012-09-19,0.0005457827255355152,0.006565805648864664,0.00011649354949172519
2012-09-20,6.816076206384025e-05,0.0024774839988090935,-0.0015721687657199723
2012-09-21,-0.000417754562266337,0.0011523638270327652,0.0028576747517099488
2012-09-24,-0.001508816441350147,0.007816198706340538,-0.005291949445103139
2012-09-25,-0.01064191040635798,0.0098772185389997,-0.0016369410950092256
2012-09-26,-0.005620606257637828,0.010750924839557863,-0.005621635473730624
2012-09-27,0.009420964338079818,-0.0071177742380365006,0.014898997795603108
2012-09-28,-0.004631835810771978,0.000564009103450891,-0.0026110999060248163
2012-10-01,0.002639254920050238,0.003710770871661051,0.0023270341375569714
2012-10-02,0.0010391022981901532,-0.001366427230898859,-0.0011027174532514117
2012-10-03,0.004083129741511149,0.00032189911450664077,0.0018012640766977839
2012-10-04,0.007167999880502318,-0.01247025354076603,0.006960135274945767
2012-10-05,6.846056294174119e-05,-0.01295422319665196,-0.005702468116373205
2012-10-08,-0.003421535927418229,0.008418646169490618,-0.0033020048751752906
2012-10-09,-0.009886972902766744,-0.0018005879796958446,-0.006160985410008202
2012-10-10,-0.006380454359203314,0.007052462351489153,-0.0008772977978495078
2012-10-11,0.0005583085331259952,0.006921244123426762,0.0028097108207538746
2012-10-12,-0.003278131133883866,0.00250666506067887,-0.007354714637855864
2012-10-15,0.008327740992426502,-0.00225865401953107,-0.010055224506803517
2012-10-16,0.010133160745035008,-0.013824349084219367,0.006355758993983995
2012-10-17,0.004535252912710952,-0.009263837967152577,0.000708270089035512
2012-10-18,-0.002599196615564847,-0.006123321000936266,-0.004423734987025862
2012-10-19,-0.01666451360301635,0.013570308941334153,-0.010782582723043554
2012-10-22,0.00013940256755784475,-0.006407002918773386,0.003653354530106512
2012-10-23,-0.013875975859056533,0.014302147658798114,-0.012829747772893363
2012-10-24,-0.002828598944897398,-0.009862675632087203,-0.0034455182897020764
2012-10-25,0.0029076325147687765,-0.005102930644368064,0.007036295388904268
2012-10-26,-0.0005660217821928937,0.014727034127798522,-0.0005421731981886113
2012-10-31,0.0,0.005871714148376395,0.005424029379860196
2012-11-01,0.010470556974491618,-0.00818790652679513,-0.0045555025984209685
2012-11-02,-0.008892052759598812,-0.0007356578348614029,-0.020894809825163896
2012-11-05,0.0020489720658654065,0.0056440121208241045,0.0038744747870573804
2012-11-06,0.007825134310123438,-0.009435143004507762,0.018807862553296584
2012-11-07,-0.022663661962985193,0.01814632414108064,0.0011425281895340866
2012-11-08,-0.012024042267790858,0.014838384987750253,0.009009549825869767
2012-11-09,0.0008691826494013899,0.001113035591559175,-0.0010119540650425085
2012-11-12,0.0007962981066718111,0.001666717858524347,-0.0022048049089982147
2012-11-13,-0.0034719270230579857,0.0033282445896249957,-0.0020901215354142133
2012-11-14,-0.013498571542021942,0.0009476966754078386,0.00023933743071213875
2012-11-15,-0.0016918232457895366,-0.0019720119796939883,-0.006282176951012075
2012-11-16,0.004937339093003867,-0.0008701907396382325,-0.0012643233169258306
2012-11-19,0.02023892465458932,-0.005618075756466334,0.011996564840836887
2012-11-20,0.00043129094378024924,-0.010027289135774997,-0.0028593300857844284
2012-11-21,0.0018680290382104836,-0.0005627792314087943,0.0010155813941403746
2012-11-23,0.013624909457745638,-0.0009651658918907735,0.012234441881278757
2012-11-26,-0.0021220383560384137,0.004749584674333951,-0.0010613049579774048
2012-11-27,-0.005104970759752581,0.003926201044823996,-0.004249459912872733
2012-11-28,0.008052336602727861,-0.0014363432714501467,-0.012803055990465051
2012-11-29,0.004665648261855226,0.0001598431797658062,0.003782585484718659
2012-11-30,0.00021138092606087788,-0.0027166308757630153,-0.00675911995172096
2012-12-03,-0.004924440993488655,0.0009234095003864962,0.000481793613877457
2012-12-04,-0.0014141707777939327,0.005774560469636869,-0.010293184034235181
2012-12-05,0.0017703709792318278,-0.0004777362924235362,-0.0018246141290523266
2012-12-06,0.003392126082885527,0.002154369088916974,0.00231540881134662
2012-12-07,0.0030282140855635298,-0.009236323018799064,0.004012180316774305
2012-12-10,0.0004214933337609583,0.004419892584312413,0.0038750264922358113
2012-12-11,0.006808690730740974,-0.00760106661775195,-0.0009047596653337653
2012-12-12,0.0004877388088866397,-0.011609865068564984,0.0007244816202742754
2012-12-13,-0.006131753104557713,0.0007338716032414538,-0.008445491459192933
2012-12-14,-0.0037160902188723144,0.007498760897351131,-0.0014600610908572786
2012-12-17,0.011752457401946304,-0.014966861615035354,0.001888731794135401
2012-12-18,0.011128716562587293,-0.010185476589043119,-0.014351742734815875
2012-12-19,-0.007429267714136323,0.0033197144445522575,-0.002406215358110364
2012-12-20,0.005752340058533978,0.0001655337296266879,-0.012122003118760882
2012-12-21,-0.0090773532127989,0.01091499454051248,0.003756377133691924
2012-12-24,-0.0030809303316958747,-0.0017988982640897433,0.0018087275171267958
2012-12-26,-0.004215289327284766,0.003597125271855184,0.0009961627877814738
2012-12-27,-0.001340445870060436,0.0033544480758400663,0.002363508432004169
2012-12-28,-0.010807794278308802,0.005709459173244724,-0.0038471727592938043
2012-12-31,0.016995887899095008,-0.017273438071780722,0.009218955078005298
2013-01-02,0.02563013336468889,-0.013368884392571334,0.007097851290946089
2013-01-03,-0.0022588343133652655,-0.013549566119423817,-0.012073305404241008
2013-01-04,0.00439090715814916,0.0039008308229844246,-0.004714606211065564
2013-01-07,-0.0027323360209497993,0.000422150734886495,-0.006295249004336423
2013-01-08,-0.002877573408331058,0.006584186975256978,0.007087781062064646
2013-01-09,0.002542122844849004,-0.0009220799793606682,-0.0004359246792099425
2013-01-10,0.007950111279041439,-0.002770386995289975,0.00928400637657445
2013-01-11,-6.851911255401077e-05,0.00892341512629069,-0.0056797023904903154
2013-01-14,-0.0006796203010239754,-0.0027529534605482686,0.002980229323326755
2013-01-15,0.000680082498896617,0.004601544900480814,0.006314252289550515
2013-01-16,-0.0001356105098928584,0.0020818616270854573,0.0005536192128581252
2013-01-17,0.0064605351252724486,-0.009973474741964972,0.00430379485582244
2013-01-18,0.0022296785015085696,0.007723909454308897,-0.0015917340429129068
2013-01-22,0.00539317159410202,0.001915921108079921,0.003556329904214506
2013-01-23,0.0016091628809884462,-0.0014969489878343678,-0.00281048121356553
2013-01-24,0.0002678808540568234,-0.003497001381073228,-0.01096751713306432
2013-01-25,0.005622641077532631,-0.013704823437790448,-0.004770191309598659
2013-01-28,-0.0011983069095395926,-0.003642635787143522,-0.0022409002429438774
2013-01-29,0.003931418475016546,-0.005528331428251265,0.004367160997889918
2013-01-30,-0.0039160229500421195,-0.0017092542887507944,0.0074538599123976645
2013-01-31,-0.002465746847557626,0.004881968392818292,-0.006103985931695921
2013-02-01,0.010287500413930895,-0.012985038435207263,0.0015508685157126223
2013-02-04,-0.011240511500919426,0.012809879131572943,0.0034066464054138823
2013-02-05,0.010097871878962161,-0.008887740550317491,-0.00024687213662233365
2013-02-06,0.0007279857145365831,0.008191030714227221,0.0026549312049666263
2013-02-07,-0.0013229710767863612,-0.002222907604702007,-0.003386926866340456
2013-02-08,0.005564399350213467,0.0038566057914424245,-0.0016682465384403322
2013-02-11,-0.00019752036940678952,-0.0007680914706353903,-0.011573994499016527
2013-02-12,0.0016470034620685858,-0.0024783134479430258,0.0011897460553353945
2013-02-13,0.0008551043365057076,-0.008137799200921614,-0.005253588974277079
2013-02-14,0.0009201676721917185,0.009068199807811927,-0.004401112447727451
2013-02-15,-0.0011823185404100656,-0.002909755885159182,-0.016356245638453393
2013-02-19,0.007495217948253252,-0.004978698593346653,-0.0027606104965699485
2013-02-20,-0.012463769842152916,0.0030183175679638907,-0.025043451643549264
2013-02-21,-0.006079153736602172,0.005849005332657198,0.0077918162754770925
2013-02-22,0.009773108304459655,0.0006847783194572354,0.002293317486000923
2013-02-25,-0.019026999538907297,0.01965271615059505,0.008955972453781325
2013-02-26,0.006845698183455706,-0.0057823194054841265,0.012180931238955583
2013-02-27,0.012598218156037566,-0.0029497760285654984,-0.01056198875682579
2013-02-28,-0.001975164981802169,0.00185959273995695,-0.010157257228600503
2013-03-01,0.0032978652082824578,0.005445702372320893,-0.003660114762050637
2013-03-04,0.005324962884861506,-0.00529845351563385,-0.0009183901036885489
2013-03-05,0.00895914822660604,-0.002874806925601159,0.0005252910666555533
2013-03-06,0.0013615125204855527,-0.009073065162913174,0.0055780996028989005
2013-03-07,0.0018120319518546424,-0.0077014879297518934,-0.0035240703595200706
2013-03-08,0.0042642063816054065,-0.010435074647834996,0.00013101232655099437
2013-03-11,0.003795908821549565,0.0009589462464838494,0.0018335326238412275
2013-03-12,-0.002242937023453573,0.007226500077988085,0.00784362968269714
2013-03-13,0.0014127932769454343,-0.0010375701518154923,-0.0034373096238732304
2013-03-14,0.005323437972091005,-0.0030283791224282597,0.0001300859898183404
2013-03-15,-0.001320149775120294,0.004686471794014491,0.0020822965868685372
2013-03-18,-0.005518482989833151,0.007602328731934005,0.008961070667613535
2013-03-19,-0.002323267527684303,0.006772605399893106,0.00450506452725441
2013-03-20,0.006985352522813626,-0.011155995963109677,-0.004548992218975756
2013-03-21,-0.008542325459215072,0.009645454188498048,0.005663930684613572
2013-03-22,0.008033107718122157,0.0007678425455150961,-0.004479980468749978
2013-03-25,-0.004177218769055302,-0.0009369116756254847,-0.0019929125844543316
2013-03-26,0.008001963887215302,0.0011932753082897207,-0.003349679554628948
2013-03-27,0.0,0.008521399060048784,0.004136500676053423
2013-03-28,0.003073699404886332,-0.005069695392654339,-0.0058573870914927495
2013-04-01,-0.003957668067348763,0.007531575550190572,0.001424417125607702
2013-04-02,0.00493468644128825,-0.004054254558447101,-0.014482482185829704
2013-04-03,-0.010138791465279073,0.008990113106007058,-0.011152640752650878
2013-04-04,0.004058336882873714,0.011935947012450265,-0.0029191431956356872
2013-04-05,-0.00449180754614098,0.020184196554978717,0.016767611850665
2013-04-08,0.0067674034841795905,-0.007653052005264782,-0.004253608447543744
2013-04-09,0.003456595764430359,-0.002461679539544459,0.007754946420753139
2013-04-10,0.012249104688423218,-0.013735748212023502,-0.016890546496319603
2013-04-11,0.0032770817365610494,0.0019177266309977625,0.001990069995076782
2013-04-12,-0.002449678018627943,0.014899858655605502,-0.04700434266845255
2013-04-15,-0.023173395631934546,0.008693069133925757,-0.0878082643808128
2013-04-16,0.014762213965841875,-0.008212145096748502,0.011347235708379255
2013-04-17,-0.014611686420419101,0.006640216058783066,0.0005270486733528479
2013-04-18,-0.006253467759807729,0.002444070370791085,0.010762459449999096
2013-04-19,0.008693378956389886,-0.0021133003780356985,0.008711825334020373
2013-04-22,0.0044380730255404455,0.0007330276190786744,0.01793749652236576
2013-04-23,0.010309237941964255,-0.003498153065456311,-0.007396584908027859
2013-04-24,0.000633835107336056,0.0025305919523299636,0.010885375374223738
2013-04-25,0.004053163351479316,-0.004315834388925577,0.023560091643163306
2013-04-26,-0.0017662251154157982,0.009160157503196542,-0.005083677157950217
2013-04-29,0.006698664425598633,-0.003646794003037912,0.009864447899536888
2013-04-30,0.002385964651050232,0.0005693614063047026,0.003302889744367654
2013-05-01,-0.008767505256196517,0.010272893494832402,-0.011627117828906464
2013-05-02,0.009287083449480482,-0.001290441712876511,0.005740185352492544
2013-05-03,0.010140835086178246,-0.023576520807587875,0.0011978450615743874
2013-05-06,0.0025410526520428522,-0.0024809737833545453,0.0004222504056590193
2013-05-07,0.005068514693206128,-0.0038958988509292247,-0.012451558843968757
2013-05-08,0.004550846947169118,0.001580876071664461,0.014816938016144476
2013-05-09,-0.002816301334873872,-0.002575277173521462,-0.011582262231585427
2013-05-10,0.00325374221459529,-0.010746680370524397,-0.008593079156717032
2013-05-13,0.0007959013480338673,-0.00766366589486378,-0.00838118464598625
2013-05-14,0.01033381036960268,-0.010861906921351805,-0.004478762912597967
2013-05-15,0.0053864112765700245,0.006691802686581871,-0.02307519579215711
2013-05-16,-0.004695200057852289,0.010397000934801559,-0.004011056416375558
2013-05-17,0.009676963292513774,-0.012651537609047026,-0.02252210527369891
2013-05-20,-5.981398538068561e-05,-0.0011961273284871732,0.030899424480465454
2013-05-21,0.001437455007910371,0.007868379611196907,-0.01657778504530205
2013-05-22,-0.007417487290993452,-0.014850328705342086,-0.007074069889109635
2013-05-23,-0.0028928129398071434,0.004738069838886139,0.02023645687084974
2013-05-24,-0.0008456309587413502,0.0013715991262321925,-0.006314583609401292
2013-05-28,0.005987838945114676,-0.025343051067401645,-0.002018458618119001
2013-05-29,-0.006493861285233549,0.01124434091612958,0.010038177262336356
2013-05-30,0.0036923101860106833,-0.002432184088037248,0.013869280514663629
2013-05-31,-0.01435281521083498,-0.0033962544682928364,-0.020336494816085793
2013-06-03,0.005507334100601113,0.005299195774575383,0.01933987733947884
2013-06-04,-0.004807334178803968,-0.00923529547633073,-0.009376593881796569
2013-06-05,-0.014001163225739854,0.013805719223613622,0.002144557820634496
2013-06-06,0.00905328014009843,-0.0006072716419569524,0.007452733729297778
2013-06-07,0.012720391312019297,-0.01787880493249272,-0.023804292309807185
2013-06-10,0.0,-0.004772246682016146,0.0049520083144831695
2013-06-11,-0.010315509258480016,0.011898616349857116,-0.005151578533889478
2013-06-12,-0.008276731102881185,-0.01430279797019185,0.007504690431519689
2013-06-13,0.01520836193815267,0.015668083307822434,-0.0037988417641410255
2013-06-14,-0.006272234525632192,-0.002367010914566481,0.005159168194085684
2013-06-17,0.0077215890561137535,-0.005271275006262233,-0.004909532390677707
2013-06-18,0.007905199952491504,0.000529784266578126,-0.012259844040283574
2013-06-19,-0.013817236499608754,-0.010328248439646082,-0.011655252312203657
2013-06-20,-0.024777561422960837,-0.01641210881498323,-0.053526288841325154
2013-06-21,0.003210230206405651,-0.01695833989487905,0.011731428766484253
2013-06-24,-0.012636067429681819,0.004151075718128006,-0.008956439178321896
2013-06-25,0.009614176577709133,-0.008911132639066954,-0.003711765378358045
2013-06-26,0.009900862970772417,0.006488604138113141,-0.04203452166594779
2013-06-27,0.005869979961672378,0.010222889199996033,-0.019783533666219544
2013-06-28,-0.0040976823783474,0.006836928234308148,0.02734171211137726
2013-07-01,0.005859498480829117,0.0020151457502399772,0.016959085154188536
2013-07-02,-0.0009291291115643974,-0.0006343622712664532,-0.00891599295095069
2013-07-03,0.00043389452798336947,-0.0029905369582023944,0.005747561803178369
2013-07-05,0.010788976260712735,-0.03408808572539179,-0.021948000437012505
2013-07-08,0.005704530264522001,0.00969321316387628,0.01202477637713506
2013-07-09,0.007197109410779667,0.0010252863914264054,0.009287930637690511
2013-07-10,0.00036378893143651503,-0.007821281907458122,0.0027358165656277134
2013-07-11,0.01362070923756975,0.011730854657936662,0.027201331116488037
2013-07-12,0.0004177504863622783,-0.0008350008474726778,-0.0008853880573321815
2013-07-15,0.003820775362377349,0.005291769125354673,0.0004028281065351358
2013-07-16,-0.0037465957784370563,0.003416796099242614,0.0057174994582687155
2013-07-17,0.002567098385976685,0.00184072644794675,-0.01257106015291043
2013-07-18,0.005477484712191227,-0.012493192724043256,0.0055952192921973065
2013-07-19,0.0017766314427820618,0.015813572007094656,0.008870239941716207
2013-07-22,0.001950412505496102,0.0014658648481491454,0.029813729592696125
2013-07-23,-0.002123427790601151,-0.004206328378617563,0.006752642042110235
2013-07-24,-0.0036653777113174746,-0.012672592559607287,-0.017192222970528803
2013-07-25,0.002432400724864836,-0.00037167965068263253,0.009334756673011979
2013-07-26,0.0010655777498354002,0.006140531765149282,0.0008549048878288001
2013-07-29,-0.003074958989107257,-0.007305566568181487,-0.002407187152758228
2013-07-30,0.0,-0.0003725762523654197,-0.0027244189319679535
2013-07-31,0.0007119683022862588,0.0036345115917071347,-0.0012487983048118378
2013-08-01,0.011558321198368748,-0.019268941297560294,-0.010550160079556559
2013-08-02,0.0016995713552372393,0.01101040824311994,-0.001974567560183438
2013-08-05,-0.0014627155574230555,-0.007697999158037816,-0.005223200846164788
2013-08-06,-0.005682191867556585,0.002931973940274446,-0.013762893950199584
2013-08-07,-0.0032407459309899966,0.007453069225323183,0.0014519666322767577
2013-08-08,0.003665073924021378,0.0027147401341178767,0.02182842570410881
2013-08-09,-0.002886186747208752,0.0015873952827782922,0.0
2013-08-12,-0.0011813053677185437,-0.006804639905507837,0.017893774724416334
2013-08-13,0.002956812511554441,-0.014456995055204258,-0.010764399957271187
2013-08-14,-0.005129381096265706,0.0015238588676114162,0.009863802703161229
2013-08-15,-0.013986285258062003,-0.013504519245346125,0.020852732103924465
2013-08-16,-0.0033054270899547378,-0.0034707281576652482,0.006758291238125214
2013-08-19,-0.006391926470756926,-0.008705976643394009,-0.004299346178506691
2013-08-20,0.004915583954397507,0.007708824792862723,0.0033330994600069275
2013-08-21,-0.006159903283933343,-0.010943039025186452,-0.002868928899801504
2013-08-22,0.00911488897404511,0.010183592064709979,0.0056030150173187465
2013-08-23,0.0033726424418054624,0.010855929251368357,0.01573673952496346
2013-08-26,-0.0037213847031971614,0.004985860324440372,0.004077116950649051
2013-08-27,-0.016084445459289,0.01259423782414526,0.009597660251366102
2013-08-28,0.0035512262227335167,-0.008103756087631808,-0.0002924554744629937
2013-08-29,0.0015862556704229203,0.007979896325678082,-0.0061444777662679195
2013-08-30,-0.0031672550842291036,-0.001131167455365345,-0.009199970890717113
2013-09-03,0.004522033679157156,-0.01410374401893899,0.013370993292570743
2013-09-04,0.00827261704608917,-0.002207240295244217,-0.012901294021836374
2013-09-05,0.001267292824199684,-0.013943544681404685,-0.01826828046165707
2013-09-06,0.00048144101636671266,0.004973769923844129,0.014750355470928067
2013-09-09,0.009576512858454622,0.00048519031057936424,-0.0017889694021170355
2013-09-10,0.007397017945180995,-0.006983883966430016,-0.016204899631104497
2013-09-11,0.003138711792902482,0.008888577115461649,-0.00030369320824075174
2013-09-12,-0.0026564403429817363,-0.001355270449010959,-0.030599839579955712
2013-09-13,0.00224893584383401,0.0038777599940813534,0.0011749160180953844
2013-09-16,0.0057874998005356115,-0.006663614984922184,-0.010718218978665095
2013-09-17,0.004462737488290847,0.008263580954013472,0.00039543735045155515
2013-09-18,0.011574279285436972,0.012342995442330862,0.04355726882874267
2013-09-19,-0.0016762083208943235,-0.005905500709637579,-0.0019695062317609535
2013-09-20,-0.006991118383988026,0.005269066999566974,-0.028766610364533873
2013-09-23,-0.004627414338096436,0.007339283292008503,-0.0032040953082860257
2013-09-24,-0.0023539377922573435,0.010786224133733091,0.000862411663815621
2013-09-25,-0.002890500431430465,0.00205899200430415,0.0088515556290778
2013-09-26,0.003845121098630333,-0.007005608214866066,-0.007764519160924133
2013-09-27,-0.004596359737544686,0.002445542606893447,0.009233901688096902
2013-09-30,-0.005328679837843686,-0.0015018794071918196,-0.006125521729428818
2013-10-01,0.00791670803981881,-0.0030341427884517103,-0.028007462498232272
2013-10-02,-0.0009450121674090539,0.001512747338324516,0.019825036466045276
2013-10-03,-0.00922121296474454,-0.0016048985425457518,0.0009444573342345386
2013-10-04,0.007576560347568151,-0.0007560834011471895,-0.005110878473967517
2013-10-07,-0.00864415667588636,0.004067256059296032,0.008772628001741278
2013-10-08,-0.011646849605219556,0.0002831373472689247,-0.0018802715834939088
2013-10-09,0.0007251488059818456,-0.008006151446934284,-0.010125595761985129
2013-10-10,0.02155768748528475,0.0016149633681699083,-0.014590468308459559
2013-10-11,0.006443311662726492,-0.0002850889560477299,-0.013438466355977674
2013-10-14,0.003994184170672099,-0.0080597409907458,0.0018760469803933422
2013-10-15,-0.0072543799674673615,-0.000668852336994985,0.007327212508852821
2013-10-16,0.013965912234319422,0.012530806577635278,-0.0015356214034694116
2013-10-17,0.006683351476652,0.009069507613679306,0.031406809330291274
2013-10-18,0.00675452977538793,0.0021534154959501617,-0.004473392740662718
2013-10-21,5.73325571722183e-05,-0.0031765939826163825,0.0010248709844409287
2013-10-22,0.005791559242146027,0.011152791657057959,0.01858554826403047
2013-10-23,-0.00478900866268428,0.0038933401178746774,-0.00502546710134677
2013-10-24,0.0033222933716949843,-0.003878240807352551,0.009402373394382657
2013-10-25,0.004567784352143889,0.0037077450708600246,0.004311107341768539
2013-10-28,0.0015910784237862519,-0.0034168357882898848,0.0007664482567892872
2013-10-29,0.005334281764705517,0.0012967772597334282,-0.006050806532669206
2013-10-30,-0.004966846186806428,-0.006014609496688972,-0.0013099958645943488
2013-10-31,-0.00283648314329632,0.0021413860526451334,-0.014351914754235806
2013-11-01,0.0023890054474882128,-0.010824866489994367,-0.0061844444084760974
2013-11-04,0.0035186570063270306,0.000942157700334123,-0.0011027915952256384
2013-11-05,-0.003167070773831826,-0.011948691348219409,-0.001971453393369016
2013-11-06,0.005106187142854601,0.00047648270190192576,0.005056885287565871
2013-11-07,-0.012643221277267469,0.008470252543240075,-0.008176048043114226
2013-11-08,0.013490877734076312,-0.024065995565449416,-0.014901750382376844
2013-11-11,0.000169611476502185,-0.0037710122078530306,-0.0032989703632274603
2013-11-12,-0.0020306141649407694,0.004659245864706341,-0.01146367778198043
2013-11-13,0.008024378856747783,0.0036716258520312905,0.003266651987325009
2013-11-14,0.004989418411793567,0.006160931782266843,0.01155879679757943
2013-11-15,0.004350840174806914,0.002009381146920841,0.000402374290726204
2013-11-18,-0.003499143435012231,0.006014909335320118,-0.011422121721614165
2013-11-19,-0.002173179768014011,-0.007593221700521013,0.00040679757316963716
2013-11-20,-0.003128045849236316,-0.01702325051592246,-0.02301744019441898
2013-11-21,0.008068422223662886,0.0016539475981096619,-0.001498504004828649
2013-11-22,0.0050026655271298015,0.009325146536730555,-0.00016678565994454608
2013-11-25,-0.000995762146062229,0.002887020865272927,0.004503009704574623
2013-11-26,0.0002769694841899817,0.003742165968383615,-0.005312961933526483
2013-11-27,0.002434916831025813,-0.0017200566150545882,-0.0030045118616964794
2013-11-29,-0.0006625312394404892,0.0002870307835292074,0.010380025726374864
2013-12-02,-0.0025965384717991924,-0.00777830707532523,-0.02584917312405066
2013-12-03,-0.0043204740752674775,0.0036775910783923837,0.0032318187404347665
2013-12-04,-0.0001113512308577036,-0.009545470321185023,0.016954900097682968
2013-12-05,-0.004395860728663714,-0.002823930799456642,-0.013837913015870562
2013-12-06,0.011177067307702515,0.004784286181104491,0.0021132712895250982
2013-12-09,0.002542351773241469,0.002331463140514467,0.009869237780065765
2013-12-10,-0.003583127888489135,0.007174188102282875,0.01754091590969642
2013-12-11,-0.01123076984323379,-0.007699982636575786,-0.007880471900160724
2013-12-12,-0.00330140845189808,-0.0037828300124976844,-0.02126427007980758
2013-12-13,-0.00011257653131191425,0.0048677985654408396,0.009214610951512325
2013-12-16,0.0062322750408654315,-0.003681445445416376,0.002596793391862917
2013-12-17,-0.003180624005823862,0.0044730592772885824,-0.008689121015236556
2013-12-18,0.017072748302169316,-0.005034497149329131,-0.00876528362539053
2013-12-19,-0.001155754547748189,-0.0009731609881483694,-0.023722480240186083
2013-12-20,0.005816968934744038,0.015388633672649199,0.00975442213515798
2013-12-23,0.005342565578765779,-0.0056587536534838945,-0.0031913294703355133
2013-12-24,0.002191375896804848,-0.008006616528670185,0.004585954665539571
2013-12-26,0.0050841842150401995,-0.0038536751885118736,0.005512484048749489
2013-12-27,-5.511025739157738e-05,-0.002840846661479657,0.0032551386822530226
2013-12-30,-0.00016257397525643036,0.006875676237338091,-0.014771203179331227
2013-12-31,0.0047327272412447385,-0.006341177154759903,0.006326400561529777
2014-01-02,-0.009583722325868571,0.0030433373364924243,0.0161901240867246
2014-01-03,-0.00016391528545045553,0.0,0.010932211148536819
2014-01-06,-0.0028979247929766805,0.004208810824493314,0.0017604081051298959
2014-01-07,0.0061414283207579246,0.0025343732961780052,-0.0056903791228098966
2014-01-08,0.00021843415965361324,-0.00272185803745284,-0.005891238428211154
2014-01-09,0.0006538252419852064,0.005848471646958231,0.0028783976463331307
2014-01-10,0.0027228165752446465,0.011921493469992273,0.015195028411862932
2014-01-13,-0.013305153238471035,0.004980251942157121,0.0063195949886565295
2014-01-14,0.010897553111694158,-0.004574715778208893,-0.009337277183627424
2014-01-15,0.0053899870561968655,-0.0010530758313181954,-0.0019183895963796882
2014-01-16,-0.0012994760381248582,0.00670895668519389,0.0010863885127820883
2014-01-17,-0.004229481677862856,0.00418905521099644,0.009516648976840125
2014-01-21,0.0029403424314384807,0.0007583570328468792,-0.0101712011397469
2014-01-22,0.000651789224821675,-0.0024629980416768227,-0.00426060584660215
2014-01-23,-0.008193358226350589,0.01414972809452486,0.021813897314074238
2014-01-24,-0.02133578391976787,0.0064611530506055725,0.00410542734412811
2014-01-27,-0.004919376073277526,-0.006978665660085981,-0.010875801955168796
2014-01-28,0.005954738191802367,0.0024368129675211847,-8.268961893331817e-05
2014-01-29,-0.00960483975719173,0.008224804432191535,0.012567212160504493
2014-01-30,0.010600224518570567,-0.0028731742848389086,-0.02204625255756343
2014-01-31,-0.005858616236730452,0.006693428152364067,0.002671785119756409
2014-02-03,-0.022505411357222727,0.012184922612237692,0.010242346527122859
2014-02-04,0.007004953209118536,-0.01061067111646774,-0.002720094229185621
2014-02-05,-0.0012539030780276406,-0.009246003877124265,0.0024795690309509233
2014-02-06,0.01318632876905279,-0.004292550854928634,-0.0004122602966475375
2014-02-07,0.012396045668435551,0.0008437296559271612,0.007670738383060538
2014-02-10,0.0018366292978326815,0.002808576413587005,0.0061389867499452855
2014-02-11,0.01094422632764247,-0.005788895367995317,0.011714956580352931
2014-02-12,0.0004942857012750768,-0.005166021984355562,0.0005628794988796759
2014-02-13,0.005162919909417418,0.005664823405389763,0.008518826295861315
2014-02-14,0.005518819114521234,0.0005629970565210751,0.01322817507664209
2014-02-18,0.0011956103231463011,0.0022523440953670093,0.0019661816515914587
2014-02-19,-0.006621569459675847,-0.004213097919937847,-0.00886973994723983
2014-02-20,0.005900707053732912,-0.002444314324043795,0.010532999654813135
2014-02-21,-0.0011408707323485867,0.005277388961987928,-0.0001567135055292601
2014-02-24,0.005547101457439085,-0.002531090565264349,0.011051917556613278
2014-02-25,-0.0003789977978201353,0.008928392703366539,0.001705567961347132
2014-02-26,5.43086307520646e-05,0.00530979030543044,-0.008513319761305871
2014-02-27,0.005247477511283627,0.0054674774899954315,0.0007024926817724708
2014-02-28,0.0025295160887846,0.0005528712940734426,-0.004524135846074251
2014-03-03,-0.007032665468371002,0.0066751023650792884,0.02092141108046075
2014-03-04,0.014055700489599143,-0.015041927829450907,-0.012357054979777349
2014-03-05,0.0009070499690755351,0.002141763965479049,0.0016320075055982208
2014-03-06,0.002289845692467818,-0.009849137233416627,0.009930939447266862
2014-03-07,0.0004253564061327264,-0.006287486998063474,-0.008296856773808758
2014-03-10,-0.0005317195470009306,0.0014167657265324873,0.0003099275393667611
2014-03-11,-0.004942667855522775,0.002639938560098365,0.005653184387327759
2014-03-12,0.0002670710185594949,0.00696043610455388,0.014631094159512248
2014-03-13,-0.011212781069992017,0.013450299643816388,0.003415393334794903
2014-03-14,-0.0028082856835707215,0.00018409295700316797,0.006731709737936908
2014-03-17,0.00904360256655945,-0.0074640327004994456,-0.010969246032428437
2014-03-18,0.007137997477305813,0.0036208491056870518,-0.007748437231769989
2014-03-19,-0.005328577550604674,-0.007770792209353505,-0.019369153834579822
2014-03-20,0.005839823483520634,-0.0017709120357866093,-0.0017955791561766743
2014-03-21,-0.0038788041963752073,0.010833694449766229,0.0047708478604697735
2014-03-24,-0.004135596654504026,0.007114130823635101,-0.01782518014920287
2014-03-25,0.004745850465059265,-0.0037607521266782573,0.001822819435546963
2014-03-26,-0.0071922360646022865,0.007827397201226383,-0.007910766324103369
2014-03-27,-0.0021083619797395148,0.005025577762577171,-0.006538611755630641
2014-03-28,0.00492983758598875,-0.0056367309529531395,-0.00024077999982852205
2014-03-31,0.008194790674729502,-0.002468936875012484,-0.0076268221488628996
2014-04-01,0.006630286288675125,-0.008545671039214553,-0.0017798011456744423
2014-04-02,0.0033466969458788576,-0.005746950515782778,0.007537080069503599
2014-04-03,-0.0013232337772571823,0.004381708560472486,-0.003217515499202128
2014-04-04,-0.011822395472001701,0.006682426437594868,0.0133150544727203
2014-04-07,-0.011051635629398149,0.0059929771983597835,-0.00525600091039935
2014-04-08,0.004122906390637171,0.002383284805935748,0.009446742784294582
2014-04-09,0.01075109348048886,-0.004937888128501711,0.0018241205774742753
2014-04-10,-0.021006275062414925,0.009280600955213325,0.0054623372630875355
2014-04-11,-0.009008498977989166,0.00810306326289112,-0.0006298860696725139
2014-04-14,0.007878509955007162,-0.0026190772267840057,0.0072480750550174555
2014-04-15,0.006887470381858218,0.006248367849133629,-0.01845913678934663
2014-04-16,0.010478178621938117,0.0012590860721384267,0.0003984624480757315
2014-04-17,0.0013965795235832967,-0.010964163443069053,-0.006292822285853816
2014-04-21,0.0034870322279361154,-0.0008181731805764203,-0.004088193476797342
2014-04-22,0.0045443973485501665,0.0033650833155771664,-0.003702503963152415
2014-04-23,-0.002341458546443409,0.005709948240735896,-0.0001615498728680942
2014-04-24,0.002027251153070342,0.001892445313711022,0.006464087011591069
2014-04-25,-0.00819891756598301,0.001439683335467068,0.0069846079289843654
2014-04-28,0.003167009313105096,-0.004850279179000716,-0.004384940209038013
2014-04-29,0.00465574843606853,-0.0013543195248346684,-0.00016012686984467894
2014-04-30,0.002982185784381697,0.004157627975087008,-0.005125735916385876
2014-05-01,0.00010614728184288325,0.010728901038293825,-0.003381083278200081
2014-05-02,-0.0014333340369241387,0.00615901664958729,0.01017766135521958
2014-05-05,0.0019141876019510562,-0.006033529319016351,0.009275577200982044
2014-05-06,-0.008704069595138253,0.004016882516387987,-0.001901424983746236
2014-05-07,0.005889837973989787,-0.003556213484626536,-0.014367400696601584
2014-05-08,-0.0010646001825997953,-0.0042824182344498585,0.0
2014-05-09,0.0014916490134884164,-0.003226059878802312,-0.0005637408058022375
2014-05-12,0.009736245667517407,-0.004044830396502941,0.006768766942896631
2014-05-13,0.0008952156989672222,0.008664849006615238,-0.002721337927335199
2014-05-14,-0.004737408599097992,0.010827542450072114,0.009711068212604923
2014-05-15,-0.008780329697021139,0.00796714681275179,-0.008266440948327514
2014-05-16,0.0034686388659253,-0.0028098113424502857,-0.0021639548796237307
2014-05-19,0.0036690375746302184,-0.007398947822399138,0.0006425849883910928
2014-05-20,-0.006304850269989282,0.002219128381980795,0.0008829716546379096
2014-05-21,0.008424312360917119,-0.006109066489719539,-0.0024059912253092675
2014-05-22,0.002432388300146915,-0.0014259798676535818,0.0022509750033825604
2014-05-23,0.00400834068759548,0.005352404183052606,-0.0012833563412588678
2014-05-27,0.006147105165816402,0.005856575461648639,-0.02136377492949504
2014-05-28,-0.000731457990314488,0.01235021833928851,-0.005334440164288967
2014-05-29,0.005172942874140718,-0.005316146610065853,-0.0021451692523306587
2014-05-30,0.0016113384577880474,-0.00043743594285072795,-0.004216984669547674
2014-06-02,0.0011418195775199091,-0.007434304399608238,-0.006061640414213421
2014-06-03,-0.0005181076686059383,-0.012304694773354496,0.002589851260583753
2014-06-04,0.0020227371685588302,-0.0002690092343847761,-0.002083159699607484
2014-06-05,0.0065221410854512385,0.0004487252690097421,0.007515042667209704
2014-06-06,0.004782691626369795,0.0,-0.00041441281485321557
2014-06-09,0.001023638014879369,-0.0014337229046322841,0.0003316550478809077
2014-06-10,0.00010210572688484909,-0.00367979624910153,0.006133426062251646
2014-06-11,-0.0034763210796602273,0.0018014759086704135,0.00016479341429698202
2014-06-12,-0.007079924738101817,0.008901294383766523,0.010130925709896266
2014-06-13,0.0030482765703279124,-0.0005347590012121373,0.0026092604078342685
2014-06-16,0.0008241063271023918,0.0024970363024201525,-0.00439167956691644
2014-06-17,0.00277930988224262,-0.007916575588378438,-0.001143599017664032
2014-06-18,0.007339878308390224,0.0077103783552434635,0.0031893964143092646
2014-06-19,0.0011208959677266872,-0.012811284130990863,0.034808872064872265
2014-06-20,0.0020301843065311242,0.0075701932947898065,-0.0034662236721584305
2014-06-23,-0.00030582024208081204,-0.0031307079172060437,0.0027667863566884776
2014-06-24,-0.006024243882748248,0.010139142250328526,0.0010248709844409287
2014-06-25,0.0045199990645237165,0.002576015709759627,7.870929730446896e-05
2014-06-26,-0.0007161977285864429,0.004784309210710269,-0.002047362085279003
2014-06-27,0.001944744691984246,-0.0014994331940550998,-0.0005523529785370629
2014-06-30,-0.0005103301593116782,0.002473096427508148,0.010895228044559557
2014-07-01,0.006692409465732352,-0.008372546841700967,-0.0026553917191390886
2014-07-02,0.0010154345867761094,-0.010687167924746777,0.0
2014-07-03,0.004917794534497144,-0.00360116077556627,-0.0042286084497846765
2014-07-07,-0.0034808318857721954,0.007318445966052689,-0.001101030316222662
2014-07-08,-0.006430318578411809,0.01121181289545703,0.0003936628332492642
2014-07-09,0.004483957385287507,0.0007979236182740213,0.0060596257567928635
2014-07-10,-0.003956692423256802,0.00026588864432186554,0.005475570778272321
2014-07-11,0.0013752404817419794,0.00637953659509316,0.0018671659071103353
2014-07-14,0.0050354334064381945,-0.004313920378306024,-0.02376143490914273
2014-07-15,-0.0018724874485165355,-0.002033950019678654,-0.009465498169358044
2014-07-16,0.003701095738554816,0.005316359326861919,0.0035333047917720517
2014-07-17,-0.011366080944746892,0.01260314900882098,0.016964032139549223
2014-07-18,0.010219781854409193,-0.00322080584822515,-0.007553695114762116
2014-07-21,-0.001871822757611885,0.004977801958528927,0.0016649416399394656
2014-07-22,0.0043577781024535245,0.0020856182323274464,-0.004749077817894021
2014-07-23,0.002220184908071854,-0.0013007174265216026,-0.0009543114301425737
2014-07-24,5.026156210874433e-05,-0.007466504221320447,-0.010109888908559905
2014-07-25,-0.0046809481240321915,0.011808667939185336,0.011580236904513708
2014-07-28,0.0004039632189600795,-0.001382732667776887,-0.0016694417914320248
2014-07-29,-0.00429726329200486,0.00363514965115308,-0.003025998385664419
2014-07-30,0.0001521733115679158,-0.013887031697740415,-0.0029552326374293614
2014-07-31,-0.019747877903192657,-0.002973599764734436,-0.011535707925047989
2014-08-01,-0.0030559830581402547,0.007740311590722193,0.008023323354133804
2014-08-04,0.007221120945051007,-0.0026186268739731844,-0.003135547501692204
2014-08-05,-0.00969635172396266,0.003237681234244061,-0.0009677806214606344
2014-08-06,0.0003122740010463865,0.0006115968762856472,0.014531326248904408
2014-08-07,-0.005414168752539528,0.009328299840927867,0.0040582648496965135
2014-08-08,0.011568470956466737,-0.0021596110786944456,7.92687922512858e-05
2014-08-11,0.0028981305657553857,-8.609209014631691e-05,-0.0018226749543046594
2014-08-12,-0.0013936499135625002,-0.006493229942641454,0.00023816115842256735
2014-08-13,0.006769305359593414,0.006535667534773415,0.0016667917138923904
2014-08-14,0.0047217190359754024,0.008051133148732514,0.0008716371870964856
2014-08-15,-0.00020352742095863796,0.010907018878028696,-0.006571088731714414
2014-08-18,0.008378264681843328,-0.00993973236113399,-0.004144120645117932
2014-08-19,0.005219407242361251,-0.0030886340387134004,-0.002240707277115117
2014-08-20,0.0026714524545898843,-0.001635712740723938,-0.003689437627099168
2014-08-21,0.002915664140333174,0.005603969450820312,-0.010787344663637177
2014-08-22,-0.0015539175334879918,0.005572739986180464,0.002522828734679683
2014-08-25,0.005070927022346794,0.0037508575742657424,-0.003652930990489689
2014-08-26,0.0006490544200856707,-0.0032276337399969046,0.004969860037219664
2014-08-27,-0.0003993525030607792,0.008522045446976989,-0.00024320048372894476
2014-08-28,-0.0005493640144670353,0.0052383210237316735,0.0055141121217852085
2014-08-29,0.0028484726139064165,0.0006723439995446334,-0.0011290273358744995
2014-09-02,-0.0004986404771477604,-0.017250422258166198,-0.01784271817844607
2014-09-03,-0.0005483781634419982,0.00556869270874949,0.004110152024072278
2014-09-04,-0.0014462974914524196,-0.012183079903452798,-0.005485044294521457
2014-09-05,0.004494965580759347,-0.0018971828767563315,0.004774400606131213
2014-09-08,-0.0025853067241266015,0.0004320058501634527,-0.010896233231708075
2014-09-09,-0.006331026411295793,-0.0007774766135346667,0.0011596072704027627
2014-09-10,0.003762466693612243,-0.00631033047666385,-0.0050467493711445766
2014-09-11,0.0011495255315645547,-0.00330518191346052,-0.006569107778930827
2014-09-12,-0.0058411840791467995,-0.010473409572928305,-0.009123662477173111
2014-09-15,-0.0007536614243994766,0.001499508300330854,0.002196335041923403
2014-09-16,0.007539297420162461,-0.00405055384608477,0.0016015040659451696
2014-09-17,0.0013461889318733267,-0.002564144717528416,-0.010855852020951628
2014-09-18,0.005330293188435586,0.0031912168309540245,0.002041839900460918
2014-09-19,-0.0009011789669673975,0.012725106400876651,-0.00585840081981337
2014-09-22,-0.007723015766069263,0.0012214698353685272,-0.002049687174615289
2014-09-23,-0.005724276826560848,0.006187952423015064,0.006418485321299405
2014-09-24,0.00782755899632237,-0.00554347465002103,-0.004676831883499655
2014-09-25,-0.016135282040962262,0.011846185307913482,0.0029047102009922554
2014-09-26,0.007945414336541612,-0.0014638599793740381,-0.0028111579586888036
2014-09-29,-0.0018189953232672362,0.008017560933078371,-0.0002562684087009659
2014-09-30,-0.0026325704737056865,-0.005644118781166219,-0.007006747871292629
2014-10-01,-0.013551706556589438,0.01939063082071857,0.004818841433659182
2014-10-02,0.000154447313252426,-0.008711846400878853,-0.00025690485706331145
2014-10-03,0.011009265312218686,0.004266483410908073,-0.018245650954213488
2014-10-06,-0.0011706115535626838,0.0005947917099036193,0.012389827775788786
2014-10-07,-0.01543602091496088,0.013500656662480903,0.0028441078559553468
2014-10-08,0.017489658735881264,0.0002514417056556084,0.009539365800353972
2014-10-09,-0.0198334580845394,-0.004355452037479557,0.0014471624004321892
2014-10-10,-0.01141470595066385,0.009926973903101821,-0.0004250514452333043
2014-10-13,-0.016426796854551062,0.0060809517096376275,0.007908838626913939
2014-10-14,0.0015472537806424658,0.006540729366124376,0.0005906150591197257
2014-10-15,-0.0067658904909402295,0.007896550016771808,0.0033729786510761084
2014-10-16,-0.0008584469244464765,-0.006366274589441501,0.001932963787401043
2014-10-17,0.01181099456986634,-0.005584855208263573,-0.001929234646691591
2014-10-20,0.009709797097655626,0.003634236452339623,0.006807338453066025
2014-10-21,0.01981058805121716,-0.007982782377735309,0.0018363404482848456
2014-10-22,-0.007110617323558777,0.001078298919934051,-0.005665725080780226
2014-10-23,0.01162492314733754,-0.00886730457090934,-0.006871122171836941
2014-10-24,0.007695005117044129,0.0010038373363514541,-0.0014343416618317617
2014-10-27,-0.0013741721822992936,0.0018370328038663786,-0.0024503668717051896
2014-10-28,0.011469654739965529,-0.006252907484024073,0.00033881853595230105
2014-10-29,-0.0015119333199022922,0.0022656696368794638,-0.0143098631147065
2014-10-30,0.006410740836514828,0.0008366387260736463,-0.010480209452138567
2014-10-31,0.011435718869318157,-0.0025927326725178057,-0.021963701064975805
2014-11-03,0.0005453794177252558,-2.666034402132311e-07,-0.004526913897145546
2014-11-04,-0.0034694326386275343,0.003110996372859276,0.0006241613363515697
2014-11-05,0.006316180774392555,-0.0014250945633430545,-0.021653896620413504
2014-11-06,0.004003298183795634,-0.006461557406384544,0.0008197134269072315
2014-11-07,0.0009351846966918487,0.011487438691840213,0.02812162399457141
2014-11-10,0.003147498813613314,-0.009186045269527487,-0.02221830671070646
2014-11-11,0.0009800063943550263,0.000674130573371734,0.014303837082656479
2014-11-12,-0.0010772063375502627,-0.0008422290943272959,-0.004819715379460576
2014-11-13,0.001127728272766193,0.002360033264857453,0.0015246472551149193
2014-11-14,0.0002450680509584746,0.004877962043699613,0.025073906131185764
2014-11-17,0.0006364387658690518,-0.0025105279204218345,-0.0036690675676288587
2014-11-18,0.005773657886980255,0.0027683892732099924,0.008768083938990978
2014-11-19,-0.0016054462636369005,-0.006358597365314522,-0.011907889702234109
2014-11-20,0.0017542945006279176,0.005220607544230482,0.010380016731246
2014-11-21,0.005350615819116111,0.006030871922055203,0.0046143024245213216
2014-11-24,0.002806527630250244,0.0008326218036178723,-0.0024265428614084206
2014-11-25,-0.0007238658397071829,0.008319467115052825,0.002345553311048576
2014-11-26,0.002558908160918749,0.0027229151843801702,-0.0019066874375581744
2014-11-28,-0.002118959440359225,0.007898906797701555,-0.02648491624493876
2014-12-01,-0.006949762853372343,-0.00583330427670925,0.03987156539441128
2014-12-02,0.00646370728697887,-0.009711794026278753,-0.012352053686644049
2014-12-03,0.0038630405086022,0.0039054575942696346,0.010335265309313835
2014-12-04,-0.001106320115003001,0.008362278180708005,-0.003868344971663107
2014-12-05,0.0016373460521266203,-0.0058298706568892245,-0.012512918386347494
2014-12-08,-0.006682543336826274,0.012222535227462084,0.011797592156958414
2014-12-09,-0.0006775957640060559,0.005140605048594704,0.020815371286221795
2014-12-10,-0.01603159303660595,0.007304695707027298,-0.00194604748441074
2014-12-11,0.005069937470588259,0.004109395300386343,-0.0022888830549503414
2014-12-12,-0.016161391957419613,0.013562582218276997,-0.002379121195415723
2014-12-15,-0.006869402845345984,-0.0020590354828060597,-0.025721865073372374
2014-12-16,-0.008019897008736065,0.012377025185703827,0.004895511509587669
2014-12-17,0.019604834266718107,-0.009012427239938559,-0.005915618296901348
2014-12-18,0.02472924628037254,-0.017793559871441045,0.007701101852319869
2014-12-19,0.004254644478389746,0.013446249820381562,-0.003300085781823392
2014-12-22,0.004599867849397032,0.0013502568655654468,-0.019342978620211615
2014-12-23,0.0013496459027053653,-0.01983438830977091,0.0016880924643276618
2014-12-24,9.612091210486895e-05,0.005442527566323241,0.00026608816627016196
2014-12-26,0.003224942304099976,0.0037118293660720614,0.018267316212737805
2014-12-29,0.0013433649972680595,0.007474463497617823,-0.010101921480555665
2014-12-30,-0.005365985639312898,0.0027130063069187305,0.013460005313124634
2014-12-31,-0.00992299967236554,0.0019094679376465695,-0.014062457987002785
2015-01-02,-0.0005351131853362778,0.011118588610048219,0.004402183412038685
2015-01-05,-0.018059982749231485,0.01570792557137657,0.015077149308345472
2015-01-06,-0.009418649108387744,0.018017352955587596,0.011398960794795743
2015-01-07,0.012460877463431386,-0.00197518502418792,-0.005891414149803653
2015-01-08,0.01774536047343611,-0.013242506759601702,-0.00420851895976293
2015-01-09,-0.008013829402499062,0.010952551284422185,0.011385196369055883
2015-01-12,-0.007833652172277272,0.005722264319673931,0.011086435260788896
2015-01-13,-0.0028125364340330083,0.0,-0.003373767752371082
2015-01-14,-0.0060368496564913166,0.00758624847241407,-0.0016080097792615655
2015-01-15,-0.009160992510444887,0.0157352640739008,0.025175902263040006
2015-01-16,0.01311447746755845,-0.012748904517798643,0.013064281211881523
2015-01-20,0.0021326698767571983,0.01328883412187154,0.013712049879254229
2015-01-21,0.005047615085980617,-0.011558891307270724,0.00024159749942587183
2015-01-22,0.014871222829381914,-0.003598008956005372,0.008049585228834255
2015-01-23,-0.005482779183132114,0.013917729414120839,-0.007985306821000182
2015-01-26,0.0023415246289528735,-0.003042304147472641,-0.00998152990144674
2015-01-27,-0.013190288608539102,0.0015633180226455323,0.011464376669647391
2015-01-28,-0.012824549951690356,0.0163484671586398,-0.00787784039319106
2015-01-29,0.009243611074242652,-0.006580971561774396,-0.021552390797103027
2015-01-30,-0.012574578565600292,0.01773815256414779,0.022275544587827323
2015-02-02,0.01238396487302973,-0.0037755019165994774,-0.008343449208254805
2015-02-03,0.014460890038154206,-0.021166810182465023,-0.011190942147351168
2015-02-04,-0.003807652495932401,0.0017089274893471451,0.0043783458565487265
2015-02-05,0.01009487167881229,-0.010979398811737262,0.0017272502164005221
2015-02-06,-0.0027650980510598444,-0.01770113430121678,-0.025864204796777424
2015-02-09,-0.004475895017237108,-0.00160451831845132,0.004467285755423989
2015-02-10,0.010653354464729592,-0.007953217764928522,-0.005873936049321848
2015-02-11,0.000580150699838633,0.0018504581969345235,-0.011817350480741395
2015-02-12,0.009616704794256581,-0.003308990931557454,0.0023062837940568404
2015-02-13,0.004116595946430213,-0.010268846257001196,0.005454295543013465
2015-02-17,0.0015732452846670686,-0.015055979429004052,-0.01669775525216033
2015-02-18,9.521707823356707e-05,0.005940255675339845,0.002844532329830063
2015-02-19,-0.0007140161403516032,-0.006613871480989464,-0.0034381460295276334
2015-02-20,0.006000455178428732,0.002932409224525978,-0.005692631086866906
2015-02-23,-0.00014201790300072403,0.011458924272315985,0.0013011929863573357
2015-02-24,0.0028410238846119373,0.013126299494457871,-0.0014727381832787545
2015-02-25,-0.0008497268934332114,0.004318203984872815,0.0038174111040851777
2015-02-26,-0.0011815339236230793,-0.013667597208857352,0.0031979494930112207
2015-02-27,-0.0034061718337484725,0.008408008215668117,0.0007754283408443197
2015-03-02,0.006313168736477026,-0.018626717782709412,-0.004132260173905
2015-03-03,-0.00410377476869539,-0.0036258407966834882,-0.0018153447779967191
2015-03-04,-0.004215621713859918,0.0003160664514163525,-0.0031176981600916642
2015-03-05,0.001094327728748068,-0.0012647783400304702,-0.0009556129768769628
2015-03-06,-0.014064741927841906,-0.022092126220940145,-0.02730434251868208
2015-03-09,0.004144589047815561,0.009230967480366337,0.000983377523255502
2015-03-10,-0.016221878839176918,0.013157886989588308,-0.004912057209624399
2015-03-11,-0.0023415007990950087,0.007284814175678722,-0.006013266738071565
2015-03-12,0.012713724625846412,-0.0007073305639581084,-0.0002708693390236494
2015-03-13,-0.0061322452416430195,-0.003067791047757673,0.001445050857576513
2015-03-16,0.013360687311327446,0.009627403086447828,-0.0006313103946443688
2015-03-17,-0.0029725843655913353,0.008285306253959845,-0.005414660114975933
2015-03-18,0.01202172288443526,0.019301983755398933,0.019598980855210835
2015-03-19,-0.004561853432783036,-0.005095140815614796,-0.0007119500676271429
2015-03-20,0.00882701183601009,0.005273899961228512,0.011399045051747603
2015-03-23,-0.0019485029880454974,-0.0012161940349254552,0.006339713151693793
2015-03-24,-0.005619242936077851,0.009668687212138094,0.002449897428068226
2015-03-25,-0.014653401831657642,-0.0084447884779143,0.001396558108890389
2015-03-26,-0.0023818740537504546,-0.015589918477927234,0.00653708688272836
2015-03-27,0.0022899942660550288,0.012437356044433079,-0.0036370435238182175
2015-03-30,0.012199789758973623,-0.004959551259801964,-0.01138534318086215
2015-03-31,-0.008739503486555278,0.0021470953236202295,-0.0007911765968406925
2015-04-01,-0.0035360479828463465,0.013134855985224902,0.017068403567705115
2015-04-02,0.003596964395220059,-0.010596001005892863,-0.0027681634865752702
2015-04-06,0.006733498918818359,-0.005583657103337414,0.012231121417765056
2015-04-07,-0.0026461834042957877,0.008384368204007453,-0.004970450072155241
2015-04-08,0.0033770151451968378,0.0003051037236940779,-0.00551200918339656
2015-04-09,0.004423482897899955,-0.0129637909338991,-0.006928232816320268
2015-04-10,0.005457000699093939,0.001467728246372646,0.011336906536289382
2015-04-13,-0.004522994669543534,0.0013886581857223135,-0.007157039081814864
2015-04-14,0.0019133077134982912,0.007087448293738641,-0.006079528851422933
2015-04-15,0.00448693621292251,-0.0008410701543266619,0.008650802539753588
2015-04-16,-0.0002852603262665232,-0.004976976258235677,-0.0034653168571547877
2015-04-17,-0.01150353757296585,0.011465162279034935,0.004955226470251928
2015-04-20,0.009136906614896079,-0.008824333493174241,-0.007612433088526105
2015-04-21,-0.0011916069227305703,-0.004528693919984117,0.005753103431764384
2015-04-22,0.004914344025139794,-0.015265660221877253,-0.013433831333510171
2015-04-23,0.0025162720790454784,0.004306339202930776,0.007291591124513719
2015-04-24,0.0023205273216311273,0.006236715089716904,-0.01404151891618688
2015-04-27,-0.004157790269589068,0.0,0.02016805588455428
2015-04-28,0.0031789598284288623,-0.013791586295857305,0.008670770693864016
2015-04-29,-0.00411495072670498,-0.012255095550327,-0.007048909841977813
2015-04-30,-0.01002035845198912,0.0017497332297540247,-0.017660816187341055
2015-05-01,0.01084149628158082,-0.013461241346772068,-0.0034370263986326366
2015-05-04,0.0028474557573485715,-0.00943553660320351,0.009020132884241638
2015-05-05,-0.011451734264972369,-0.0013840512215401723,0.0028045547686559313
2015-05-06,-0.0041169164116483525,-0.017120634159980996,-0.0005243625201353241
2015-05-07,0.003989666752503007,0.013437670440069382,-0.00821967852736405
2015-05-08,0.013166005641278344,0.0027003670930347834,0.004849259924502469
2015-05-11,-0.004772533594232131,-0.024324011997868822,-0.0038606864674344266
2015-05-12,-0.002991363319268525,0.0025934903845548085,0.00854400802548061
2015-05-13,0.00019031834048721663,-0.008011077544554324,0.01790395678391099
2015-05-14,0.010427600628202471,0.002691895121918142,0.005405381698172951
2015-05-15,0.0010841525068925328,0.020049920062559012,0.002986844796122101
2015-05-18,0.0031061828716796303,-0.01677740030795216,-8.510283616403047e-05
2015-05-19,-0.00032837511363681404,-0.008866541636555314,-0.013869956602948319
2015-05-20,-0.0007040154260096187,0.00168771865270112,0.0016395067944336983
2015-05-21,0.0029123836605877695,0.01398629264328699,-0.003359746584222556
2015-05-22,-0.0023886413342625312,0.0004153653605936114,-0.0007779753253159827
2015-05-26,-0.010751654811430034,0.017110231374656948,-0.014619332476808355
2015-05-27,0.009492041493738945,0.0022856428650839256,-0.00017561471177085508
2015-05-28,-0.0011284316175281806,-0.0024435797784523317,0.0011414281685366845
2015-05-29,-0.006212822630899395,0.002205094980245459,0.0007016473724792416
2015-06-01,0.0020367945223258577,-0.010747669197088139,-0.0008764108278561666
2015-06-02,-0.0009926836088726132,-0.013952441083739608,0.004035079688356591
2015-06-03,0.0026491486066562153,-0.01607455649523204,-0.007164072177032299
2015-06-04,-0.008446008246844716,0.013019028028408819,-0.007039801619628361
2015-06-05,-0.0017136550652160354,-0.012179897354329228,-0.005317250031845466
2015-06-08,-0.006149501722295336,-0.001105147204278789,0.002940144666210953
2015-06-09,-0.00014378783196800082,-0.00791708549086556,0.002220840372015198
2015-06-10,0.011993276819823873,-0.008752010487072415,0.008509121495031247
2015-06-11,0.003223760522141461,0.021035328591278102,-0.004570193783136389
2015-06-12,-0.007655225974376734,0.0,-0.0002648664906503839
2015-06-15,-0.004285273554752389,0.0016101836386617219,0.004415790737229308
2015-06-16,0.0054513444814547896,0.007871836838355017,-0.003605061549348698
2015-06-17,0.001617072195752689,-0.007725572057362573,0.004677010066397758
2015-06-18,0.010399465473255987,-0.004909315310290041,0.012911736850284239
2015-06-19,-0.0044389954675728704,0.01284326667117397,-0.0017342780850801987
2015-06-22,0.005122844345420097,-0.02040681523745269,-0.01285617895780966
2015-06-23,0.0007075726948457817,-0.006000411363896396,-0.006599788842205134
2015-06-24,-0.007262165127814635,0.008624121754083003,-0.0026574812063053788
2015-06-25,-0.0030405168365652546,-0.0035056175131040757,-0.0013322133525454083
2015-06-26,-0.0001906391137043162,-0.011240133505638683,0.001067192410014739
2015-06-29,-0.020970375871406932,0.026467893989191138,0.0045309359212182265
2015-06-30,0.0020931761868288046,-0.006932573875273351,-0.006190828249150737
2015-07-01,0.00801567625405819,-0.01349753531173603,-0.0034706717105629226
2015-07-02,-0.0009157908161960826,0.0032860503749572167,-0.0019646473844252554
2015-07-06,-0.0028458531242807616,0.018534960955352675,0.002684282539629823
2015-07-07,0.006288731871268771,0.009394808237868979,-0.011600887477117294
2015-07-08,-0.016777177506377527,0.008636640659266392,0.002979362543296782
2015-07-09,0.0018089630827824443,-0.01970252124209393,0.0024305003273175085
2015-07-10,0.012591464975014066,-0.015858194728803787,0.0011673603870820948
2015-07-13,0.011037035723695743,-0.003102607939172164,-0.00448470723455352
2015-07-14,0.00433815992849973,0.0032853223821989186,-0.002252455219495131
2015-07-15,-0.0003319290847973999,0.010596770842289382,-0.005237440968471563
2015-07-16,0.00802377613408245,0.00690512590258785,-0.0036310957932229604
2015-07-17,0.0008480165834354736,0.005164584154601748,-0.010112979124889843
2015-07-20,0.000517836326166643,-0.0042117460791955,-0.027151445340146352
2015-07-21,-0.003951322407694691,0.005414779305096928,-0.003121988752958438
2015-07-22,-0.001794301795339015,0.006225206963206276,-0.005409506310776968
2015-07-23,-0.005630346690679855,0.012458043388208218,-0.004484744341763047
2015-07-24,-0.01037201282390876,0.0024774497899846537,0.009776637833459612
2015-07-27,-0.005817215219277361,0.005354727810185311,-0.00465114258060384
2015-07-28,0.012282914505219011,-0.007292466367934569,0.0015258061394580746
2015-07-29,0.006879249039866364,-0.003714633564338099,0.0014283139466164663
2015-07-30,0.0002373134553863565,0.007705176616796594,-0.008557588110186587
2015-07-31,-0.001517820720579377,0.0073997781827135345,0.006329756242044127
2015-08-03,-0.003373077441062189,0.010526330970969111,-0.007910052688847147
2015-08-04,-0.0019539614304170394,-0.00793222961195017,0.0020172823011603835
2015-08-05,0.0032954068578832096,-0.007506010935620755,-0.0036429610038530846
2015-08-06,-0.008187977700278015,0.008878420961487388,0.004426047177157111
2015-08-07,-0.0019199438659959212,0.013117988111450929,0.002490680503407061
2015-08-10,0.012599088391201496,-0.012385712680462846,0.010224554985406531
2015-08-11,-0.009023087683830755,0.015879678025989996,0.005107840610028225
2015-08-12,0.001197982400823694,-0.005450917093228869,0.014022189288677822
2015-08-13,-0.0012443793779399748,-0.003223951292025906,-0.00825985512434746
2015-08-14,0.003642360174312742,0.0023450776769238235,-9.360037594363657e-05
2015-08-17,0.005586555073645139,0.004517268542389541,0.0026204846354274114
2015-08-18,-0.002896256888235027,-0.00786969135905824,-0.00018665773900006233
2015-08-19,-0.00790543220098927,0.009875135985045524,0.013444145581183786
2015-08-20,-0.020881614478444166,0.01009940777022944,0.017411325071518213
2015-08-21,-0.030102478603819538,0.0030153732593389826,0.006247689213677798
2015-08-24,-0.04210696733159869,-0.0003166737553773613,-0.005399068558895714
2015-08-25,-0.011767660061472451,-0.01606509965700731,-0.01239478089494117
2015-08-26,0.03839370703589973,-0.019303254768123668,-0.013649738394807875
2015-08-27,0.024735161251431714,0.0005733682526509742,0.0005573064828525709
2015-08-28,5.033038037272064e-05,0.0029516645272618103,0.009003931691107248
2015-08-31,-0.00807936444377999,-0.0076824971358163685,0.001103981140304633
2015-09-01,-0.029847237628986667,0.007205323661652496,0.0034919799162251852
2015-09-02,0.018980914964714657,-0.008604550547726908,-0.005311302361437398
2015-09-03,0.0007162960824091957,0.00487722330982332,-0.00718105679403469
2015-09-04,-0.015136646957354505,0.009130217425210807,-0.0032455349221680585
2015-09-08,0.025130891047427717,-0.014753556756669228,0.000279084378947525
2015-09-09,-0.013371563934209574,0.0047979144729422,-0.012927822107945297
2015-09-10,0.005441747101667005,-0.00675161472035235,0.0023556016816155267
2015-09-11,0.004544353988261696,0.006300812397763922,-0.002067997715628156
2015-09-14,-0.003710852487683325,0.0015647433448315873,0.0005651616100608159
2015-09-15,0.012499614843421103,-0.01916437958853956,-0.0030126124190049675
2015-09-16,0.00866661133550961,-0.0037734971301476294,0.013314409937664529
2015-09-17,-0.0022479883713137916,0.012205663677463008,0.010250732723341871
2015-09-18,-0.01634169144478459,0.015384529313466455,0.007379350570420495
2015-09-21,0.00516784070873455,-0.016297905991140005,-0.0062265388780913256
2015-09-22,-0.01297986613380675,0.013903679262923685,-0.00681837162160448
2015-09-23,-0.001598738811316558,-8.184516916753815e-05,0.003989241131120869
2015-09-24,-0.003615642001221997,0.006815889224078386,0.020975758801157207
2015-09-25,-0.00025918382390899275,-0.008646096112346568,-0.006154405994415857
2015-09-28,-0.02509740559217477,0.017113957078855213,-0.012658222571280353
2015-09-29,0.0005853062563661027,0.0028314039520431766,-0.004058244045771819
2015-09-30,0.01865845058903859,-0.003468774848226497,-0.010372316278596583
2015-10-01,0.0026091097369076444,0.004266193304249821,-0.001216519302596475
2015-10-02,0.01493730352417666,0.00605826768631923,0.021174875253005654
2015-10-05,0.017795390589453897,-0.013568235590388555,-0.002018545050144094
2015-10-06,-0.0034264696546761897,0.004313941346403061,0.010021182319808863
2015-10-07,0.008190826182623123,-0.0033230658282918935,-0.0014564323795780432
2015-10-08,0.009026736081278575,-0.008374581856662622,-0.005104809244962594
2015-10-09,0.0005961334394211093,0.0026237347853912407,0.015851231139897504
2015-10-12,0.0009434060376358744,0.007605990324486278,0.00396856499604703
2015-10-13,-0.006301635933527616,0.0017045009202361072,0.00494118285707712
2015-10-14,-0.004794204003840896,0.008750191851632172,0.017432477539802038
2015-10-15,0.01535443861367325,-0.004899494329510201,-0.004568989141737645
2015-10-16,0.0045467690424521034,0.0003231389766882309,-0.0070615504042084165
2015-10-19,0.0004920121694413915,-0.00274354378781394,-0.004178160099818973
2015-10-20,-0.0012785309311645898,-0.006149528205227628,0.006338214025568112
2015-10-21,-0.0062034481429456,0.009932466726963796,-0.008870752862782494
2015-10-22,0.016893451209039068,0.001692376338337409,-0.0003580140904458906
2015-10-23,0.010962018170860954,-0.008529958089570688,-0.0017011588974217284
2015-10-26,-0.0024580521101782438,0.006655496344913692,-0.0006277999535804213
2015-10-27,-0.0019317066666221239,0.0024998702885705715,0.0022435609738429285
2015-10-28,0.011374200588882388,-0.004021619214716776,-0.008058752895948817
2015-10-29,-0.0005745741777093416,-0.01590896010769849,-0.009568492239339532
2015-10-30,-0.004309342564354779,0.0075496489027186975,-0.0038279088978543374
2015-11-02,0.011830683316311097,-0.004595549730512349,-0.00649594413580179
2015-11-03,0.002899420133281261,-0.008199790733186885,-0.014826347133739204
2015-11-04,-0.0030331563309016207,0.0011570662716331448,-0.009441036684777915
2015-11-05,-0.0009982025775662207,-0.0026423715331320707,-0.0031141061362016664
2015-11-06,-0.000523468853603215,-0.014655945154941286,-0.014577820185771806
2015-11-09,-0.00933158879463869,-0.00563010143501419,0.0028818737382825255
2015-11-10,0.0023065936413055876,0.0029574538095986647,-0.0021072913552456773
2015-11-11,-0.003931417309375518,-0.002106473613632587,-0.0033595553186392957
2015-11-12,-0.013960021272814038,0.004813162632230528,0.00019259022164841433
2015-11-13,-0.011228215134749475,0.005714109532355405,-0.0027924980239610875
2015-11-16,0.015207031261939008,-0.0009190109540732072,0.001448450457852024
2015-11-17,-0.0007295392745639839,0.0016729283322294286,-0.013209938855231806
2015-11-18,0.0158661927712338,0.0020869579883215916,0.0008794603332600293
2015-11-19,-0.0008624206587386496,0.006665851471567397,0.011031897393842582
2015-11-20,0.003644290434136943,-0.003062244366912825,-0.004538443721352925
2015-11-23,-0.0011468238051881574,0.0030716505113883574,-0.008051161423458963
2015-11-24,0.0013392940729770597,-8.299851720117157e-05,0.0066497192545516
2015-11-25,-0.00014306470159830553,0.002317497300831306,-0.004662942933256753
2015-11-27,0.0011465079955037538,-0.0009906978240564746,-0.011809477798990442
2015-11-30,-0.004151755499429588,0.003967913860810635,0.006617265866126543
2015-12-01,0.009535646521684926,0.013507545848569835,0.003532188155604299
2015-12-02,-0.010205039311775632,0.00032553533314283456,-0.015545525585325515
2015-12-03,-0.014002568352615152,-0.027183482248529622,0.010626672647533919
2015-12-04,0.019502906299995626,0.008784667494312615,0.022209065049059173
2015-12-07,-0.006058476738505014,0.009702913262115143,-0.012978259158702654
2015-12-08,-0.006719609681516081,0.000492972606231934,0.0016557725915762322
2015-12-09,-0.007779718572454852,-0.0010673558803608874,-0.00194473896697811
2015-12-10,0.0025811199631142756,0.0013152089577215254,-0.0008768154562138752
2015-12-11,-0.01938134774779876,0.01575797907697729,0.005460726883753653
2015-12-14,0.005052754271910986,-0.012928138909746756,-0.012801859053540698
2015-12-15,0.010497721786099534,-0.005894132748309078,-0.002652561843328849
2015-12-16,0.014631884276243401,-0.002140708340895192,0.012115872710852793
2015-12-17,-0.015238153252194131,0.011305390672957216,-0.021897810218978075
2015-12-18,-0.01781466350909544,0.005549012627710903,0.0153233921943019
2015-12-21,0.008248756859071227,-0.0002434424718399386,0.010878092908588544
2015-12-22,0.00907425689259056,-0.007224413951306352,-0.005235103320787249
2015-12-23,0.012383233739573729,-0.007521502861050133,-0.0029237213719258692
2015-12-24,-0.001650481342804988,0.005728780830988711,0.007232973422174549
2015-12-28,-0.0022850323298592157,0.00295518415756435,-0.0075692031595538944
2015-12-29,0.0106720893816592,-0.016613270996576168,-0.000684459735229348
2015-12-30,-0.0070876253797674815,-0.000998438285368053,-0.007632082217105096
2015-12-31,-0.010003718655212657,0.0044980611878926435,0.0003944085609299819
2016-01-04,-0.013979200367473243,0.007214869905688204,0.014094227459880093
2016-01-05,0.0016916238508517534,-0.004034062600769217,0.0028185529910356166
2016-01-06,-0.012614248850994825,0.013475038725252242,0.014440762350867997
2016-01-07,-0.023991940237446885,0.001794466112635451,0.014139709399294764
2016-01-08,-0.010976469560054158,0.004479341146929272,-0.004427708091822691
2016-01-11,0.000990125527810859,-0.010944257174694272,-0.008894799760520211
2016-01-12,0.008068055968393217,0.014424896305627932,-0.005060137388834152
2016-01-13,-0.02494027714991276,0.009857020303591257,0.004893984653210337
2016-01-14,0.016416875555449906,-0.009360361477340762,-0.016233809757639994
2016-01-15,-0.021466370923914457,0.015586521939531917,0.010289314914859515
2016-01-19,0.0013313576108457958,-0.0031008015123854538,-0.000960784707550344
2016-01-20,-0.012815240469581601,0.010529459473775038,0.013367949074563512
2016-01-21,0.005602164705377666,-0.006788465975522184,0.001138797703897687
2016-01-22,0.020515091595063595,-0.0038147472346590217,-0.004644969889963546
2016-01-25,-0.015116722254120973,0.005424537841657973,0.010285731724330338
2016-01-26,0.013643178815714752,0.00047633117012146897,0.011406476843766722
2016-01-27,-0.010882914438110847,-0.00023768589662243045,0.0037282274439893737
2016-01-28,0.005209389099361861,0.001427838544573623,-0.010678814187088714
2016-01-29,0.024376900818943836,0.008476765927859509,0.0038482826092700595
2016-02-01,-0.000361201806046374,-0.003061754272815187,0.01028523735300313
2016-02-02,-0.01802212707158568,0.018552207007233257,0.00037013683482878257
2016-02-03,0.005994593044970076,-0.008293795873252185,0.010731831819877025
2016-02-04,0.0015681989129046059,0.004846058854492963,0.012082377069329242
2016-02-05,-0.019049926672192852,0.001166871834593186,0.015827077912906162
2016-02-08,-0.013461202527415783,0.02151947378008212,0.013443751249405
2016-02-09,5.397978403398618e-05,0.0010650041249335995,-0.002196257541759894
2016-02-10,-0.0008628490671029887,0.008812052629985745,0.007747818623272451
2016-02-11,-0.013008034454673911,0.00700390743903756,0.0401886992042193
2016-02-12,0.020617065890933928,-0.016601537289744117,-0.005879363032051943
2016-02-16,0.01687816008484555,-0.010570862731461572,-0.030331226332987904
2016-02-17,0.016334985460833007,-0.00614886904645684,0.00618634429410414
2016-02-18,-0.004095995495812521,0.012296270853358493,0.02433319602449635
2016-02-19,-0.00046866608248297137,0.0008401302420986134,-0.006002190201855551
2016-02-22,0.014478900420300533,-0.0005340231797335004,-0.01777516528948675
2016-02-23,-0.012629300892422424,0.004047367427536086,0.014979681261872324
2016-02-24,0.004575652465737434,-0.001977542916366648,0.003327072049028157
2016-02-25,0.012111657140940757,0.003582103627906452,0.0026358095143692584
2016-02-26,-0.0023011535294535923,-0.009644797476366818,-0.006869043174790868
2016-02-29,-0.007842301558858122,0.004371567273043775,0.013064629590324062
2016-03-01,0.023506683921932447,-0.017609271195336285,-0.0073331317520045625
2016-03-02,0.004492080366112372,0.004127253958704946,0.007726956678680841
2016-03-03,0.003919916521121669,0.003644279851390486,0.017273365743903035
2016-03-04,0.0032537668137708753,-0.006412451489731019,-0.0015737798071993048
2016-03-07,0.0007979128564656879,-0.00031156945061139307,0.004977588099916774
2016-03-08,-0.01091761982407402,0.011045831763999203,-0.0046227304062674834
2016-03-09,0.004939640002080026,-0.006077999060820849,-0.00829324916913754
2016-03-10,0.0008022965398033488,-0.004102260857288265,0.016056181130168712
2016-03-11,0.01613719719738782,-0.010104557941781112,-0.01720161594971703
2016-03-14,-0.0012821997134063734,0.0031408129395231743,-0.012896749587957723
2016-03-15,-0.0016296548015201084,0.0009393337484497888,0.000763521980092996
2016-03-16,0.005787094855464137,0.0029714189408889258,0.02229567034444102
2016-03-17,0.00634393468503025,0.00413264413417469,-0.003814570847019083
2016-03-18,0.00392979265766491,0.0020962401758091165,-0.002746975852867317
2016-03-21,0.0014188083736477175,-0.0076713238157066765,-0.007011719080860512
2016-03-22,-0.0005371058782169813,-0.00023414533519905412,0.0029421526295789757
2016-03-23,-0.006599609572541132,0.011324971703141395,-0.02263009809313088
2016-03-24,-0.0004431391191890288,0.0003857783741929577,-0.0024011557999427113
2016-03-28,0.0005907595071590332,0.0013124508245299094,0.0023209545157449885
2016-03-29,0.009250329005131341,0.010485607975143862,0.01852490300494103
2016-03-30,0.004387494604514153,-0.010529376832656423,-0.013977800877817192
2016-03-31,-0.0024267909469842808,0.007094361767593593,0.004611451089358232
2016-04-01,0.00681208805467759,0.002608014354450905,-0.006035354370591106
2016-04-04,-0.0032380646728797924,0.0006125777531060805,-0.006670647201412416
2016-04-05,-0.009987583617638962,0.010935769743108947,0.013000448699038714
2016-04-06,0.010921159079922083,-0.0072626406771939545,-0.006119337058417829
2016-04-07,-0.011966241863641147,0.012345132856888652,0.01428081181871077
2016-04-08,0.002696775673379559,-0.006322471708275379,-0.0015175811841288134
2016-04-11,-0.00234700362788387,-0.00128832225415354,0.013510077429689682
2016-04-12,0.009312662886210576,-0.0069020228041403175,0.0001666606070513943
2016-04-13,0.010101089595523582,0.003513218637077875,-0.010662277185778612
2016-04-14,4.795951316771685e-05,-0.004794699948228565,-0.01397656040779005
2016-04-15,-0.0011056128637519924,0.008564986186034629,0.006916553277877435
2016-04-18,0.007026748493308643,-0.0043219038534216825,-0.0015264612277036127
2016-04-19,0.00315405616476383,-0.003122552189714245,0.015627688132066497
2016-04-20,0.0009528240978795566,-0.011000539839719159,-0.005101192515562847
2016-04-21,-0.005378370116025599,-0.005947858707816445,0.0037824404776409803
2016-04-22,0.0,-0.0025646290809656636,-0.012811914275298819
2016-04-25,-0.0017226644635311983,-0.004128598683293294,0.0028840781155776707
2016-04-26,0.001485936557802825,-0.004537291198762894,0.003975248058563308
2016-04-27,0.0020582631279237873,0.009980040080198815,0.002864397439145794
2016-04-28,-0.009075738264921918,0.004124093545292196,0.018901209532051544
2016-04-29,-0.005398727039916396,0.0025570004270891733,0.01945750344247421
2016-05-02,0.007948307420776457,-0.010067932858261797,-0.0033158403319838436
2016-05-03,-0.008702964213143094,0.012595706538160778,-0.002271979748055375
2016-05-04,-0.005578106327886245,0.005485633852722938,-0.006099544612754526
2016-05-05,-0.00019533855799569455,0.006684567814347897,-0.0011455641166617792
2016-05-06,0.0036591846342532985,-0.0042744004017917225,0.009093148301192455
2016-05-09,0.0008262733932089539,0.003143067447119341,-0.020539038586043668
2016-05-10,0.012433806211699538,7.695517699413124e-05,0.0027351995597273415
2016-05-11,-0.009354720867046695,0.005654486483929411,0.009423039824896007
2016-05-12,0.00029045770151947536,-0.0045596617053638155,-0.0078611125358784
2016-05-13,-0.008713903174126902,0.009694423429272847,0.0045394140453900444
2016-05-16,0.009864945424415739,-0.008617824297838417,0.0007394952589121484
2016-05-17,-0.009333525838809531,0.0016771302252021059,0.0034482607423813594
2016-05-18,0.000292973050610712,-0.014235614181291711,-0.01734579222228738
2016-05-19,-0.0034651733078753244,0.004324966405451214,-0.0019150352244893254
2016-05-20,0.006317428888802823,0.0007685505603074461,-0.0013348098643798378
2016-05-23,-0.0013625989801100413,0.002228149001205715,-0.002840166573309433
2016-05-24,0.01296217730673499,-0.004446000473053546,-0.017341037506874768
2016-05-25,0.006783500060809855,-0.003773806821456338,-0.002728045068191687
2016-05-26,0.00028659931797792026,0.0051785450897443575,-0.003419400875365075
2016-05-27,0.004299048265719474,-0.0014608763958565696,-0.008234680643287917
2016-05-31,-0.0019026518847644613,0.0023881696716332446,0.003805525009163979
2016-06-01,0.0020491532483455366,0.004056669774203714,-0.0010339059082515867
2016-06-02,0.0030444084054479514,0.007207149649525846,-0.0023288275554194104
2016-06-03,-0.0029876995908401094,0.014236044042444496,0.027751354156539287
2016-06-06,0.005088529486565907,-0.007430542684968455,0.0003364814640942626
2016-06-07,0.001561326672717911,0.0024194194100353172,-0.0008408886281601191
2016-06-08,0.003259758178530081,0.00535623722533507,0.014812339174809175
2016-06-09,-0.0013654283611781448,0.006453262795471426,0.005556461757929343
2016-06-10,-0.00947758774263574,0.004845808236479954,0.004041219495006354
2016-06-13,-0.007711824672113066,0.004451807495062132,0.007392817000752894
2016-06-14,-0.0019668461726576325,-0.0007388796141133414,0.0010599906561068462
2016-06-15,-0.0013940205123376126,0.003844429104418845,0.007412264290884263
2016-06-16,0.0029841752902659557,0.004859920275128937,-0.010511020767707824
2016-06-17,-0.003724089514339668,-0.006228758909715859,0.01282889140431287
2016-06-20,0.00643992498478374,-0.010692357798460006,-0.005970132166106756
2016-06-21,0.002838895033795197,-0.0046218163425414405,-0.019235474102691663
2016-06-22,-0.0016311382749776282,0.0016474915873376794,0.0004965672774475127
2016-06-23,0.013022565250124352,-0.011438720310970152,-0.0065343333792947655
2016-06-24,-0.035909282099869544,0.026847103349567192,0.049038376152841456
2016-06-27,-0.017909690820982704,0.024967084468591416,0.005396827818855421
2016-06-28,0.01803598419680652,0.0020840621125421954,-0.010735716822507735
2016-06-29,0.01702733497744302,-0.007672689617142958,0.004149350816571085
2016-06-30,0.013645699475802076,0.003685195096382765,0.00500639622652943
2016-07-01,0.00210046073657133,0.013884273917027734,0.015339625386899147
2016-07-05,-0.007193055454102981,0.012520468551055375,0.008254789567508913
2016-07-06,0.005997487960457848,0.0016160240719673702,0.005870043250717272
2016-07-07,-0.0006200365887375492,-7.00093523672285e-05,-0.003762499043616141
2016-07-08,0.014890281528655791,0.007366296433094055,0.0060120143847071095
2016-07-11,0.003527317398166918,-0.008774733435095827,-0.009423926954219786
2016-07-12,0.007263533903570707,-0.016439357090543782,-0.016551874633622066
2016-07-13,-0.00013983957950125525,0.011785370801372874,0.00920177573180525
2016-07-14,0.005583696858737053,-0.014542573950021453,-0.007715129649756625
2016-07-15,-0.0013418398581390711,-0.008596723897747238,-0.003848311365095336
2016-07-18,0.002687534615049225,-0.0009390844714287638,0.001576825791636871
2016-07-19,-0.001016805769735396,0.005641196928222847,0.0013381467862105811
2016-07-20,0.004162839268500251,-0.00546598888375327,-0.014307049036417885
2016-07-21,-0.003777232404917674,0.002025629167416998,0.015232503958900745
2016-07-22,0.0044852420453651565,0.0017315829083432988,-0.007462722347700734
2016-07-25,-0.0027161855717112715,-0.0007205928196772904,-0.006964758718206121
2016-07-26,0.0004614547225769705,0.0015856283554196438,0.0042241075487405855
2016-07-27,-0.0010607488862343084,0.01245401342310104,0.016111101422991103
2016-07-28,0.0011546187189375168,-0.0018487826065447521,-0.002889909558035031
2016-07-29,0.00161456890192202,0.008334244854864448,0.010339903082906332
2016-08-01,-0.0008290843003576631,-0.010842690917318931,0.0018607962561190128
2016-08-02,-0.006407470113666158,-0.010302306604937028,0.00812570067976126
2016-08-03,0.0029228899237876416,0.000578418060637409,-0.004759425467430023
2016-08-04,0.0010643741260552009,0.007513698125620527,0.0016968857004249216
2016-08-05,0.008178316807342378,-0.010397748587149591,-0.01786395743940894
2016-08-08,-0.0005955776512072131,0.0018839319219678963,-0.000862411663815732
2016-08-09,0.0005959325753308597,0.009836108309374758,0.004080325118523742
2016-08-10,-0.0024747589692155625,0.00386779689088268,0.004688953410549868
2016-08-11,0.0046407174539471185,-0.008918310961589682,-0.006922832969429749
2016-08-12,-0.0008687521469951109,0.008422559874837532,-0.002114801025602908
2016-08-15,0.0028832981329285357,-0.009423044593752539,0.0034536484045673
2016-08-16,-0.005157240397260288,-0.002666282979136181,0.0049280733796905896
2016-08-17,0.001880666326087077,0.00599741576849433,0.0002335080486637331
2016-08-18,0.0022440647661570168,0.001580099473254215,0.004747086461879935
2016-08-19,-0.001462136803589198,-0.005234898071635796,-0.008829675348611454
2016-08-22,-4.557425238349566e-05,0.008435431806141924,-0.00148474204574367
2016-08-23,0.002013145820072726,0.001071565599682689,-0.00015649274735829444
2016-08-24,-0.005114581514829131,-0.002356583793638678,-0.011114635054762179
2016-08-25,-0.0006885746439089235,-0.0037939060375212774,-0.0008706109240564919
2016-08-26,-0.001883406374403651,-0.005820489806049656,-0.0014259708499476664
2016-08-29,0.004923953167375261,0.013370910542412018,0.0019833398964483884
2016-08-30,-0.0016484248043387995,-0.0038513770097119426,-0.010055457179525829
2016-08-31,-0.0028440248238970067,0.001432353620853588,-0.001999520134694288
2016-09-01,4.622947917920506e-05,0.001102767987459563,0.0040872106204499214
2016-09-02,0.0045077014669558935,-0.008156193668313994,0.010216288370529014
2016-09-06,0.003022301439520536,0.007285349615207881,0.016907695537669243
2016-09-07,-9.110818467183979e-05,-0.0007156088193286392,-0.003418556588101307
2016-09-08,-0.0022829832682649265,-0.012541320190731065,-0.0053013792150961025
2016-09-09,-0.02393452277697461,-0.016474397761569004,-0.00658355954228651
2016-09-12,0.014347269053415435,0.00051648297317608,-0.0012623563085552014
2016-09-13,-0.01437576694990339,-0.011357877833516161,-0.0066355664917512325
2016-09-14,-0.000375101556751245,0.0014923327494174021,0.0034194855282367875
2016-09-15,0.00999262289584868,-0.004320375168724078,-0.006419381491795106
2016-09-16,-0.0038652407912210807,0.008079991713836998,-0.00247272219188599
2016-09-19,0.00018727924521622086,-0.003265924654464958,0.00207901920123299
2016-09-20,4.710335260615928e-05,0.0034994969223929306,0.0009575705942728163
2016-09-21,0.011245312226235038,0.008087679827963434,0.014588601451239303
2016-09-22,0.006301569557832121,0.007948042659310373,0.00235721740921524
2016-09-23,-0.005479519282131973,-0.0009489038275380945,0.0006271210413582029
2016-09-26,-0.008101961113095246,0.0063586493312031145,-0.0007833801247610905
2016-09-27,0.006207779028723381,0.007335378938797321,-0.007291260548213385
2016-09-28,0.004963596106114521,-0.0021631237815670223,-0.003159070582864132
2016-09-29,-0.009047137720822551,0.002529042181225405,-0.0011884132817953086
2016-09-30,0.007546081433287277,-0.008937151076332306,-0.003410805950794571
2016-10-03,-0.002404205270365334,-0.003300031454768315,-0.0025469571504198596
2016-10-04,-0.005097615011660506,-0.011694420937068184,-0.03471112739159021
2016-10-05,0.004425348530547435,-0.0046596601533140936,-0.0015706575141682944
2016-10-06,0.0006953083219611855,-0.005573469162423517,-0.009273018119780652
2016-10-07,-0.0034294398066779808,0.0006727457251813895,0.000668512445361813
2016-10-10,0.005208318224356301,-0.005899083067071209,0.0035076482865623593
2016-10-11,-0.012629244715641419,-0.0022538216613600115,-0.005076569505331308
2016-10-12,0.0013117552325530024,0.0009791609517932898,0.0015892497462293154
2016-10-13,-0.003275675757722585,0.0037604638259449708,0.002421921836488483
2016-10-14,0.0005168507398320976,-0.014011795898261292,-0.0055819226506638175
2016-10-17,-0.0034724095190235005,0.0063833902450223245,0.0026809625769763645
2016-10-18,0.006262314447222694,0.0032465586059817753,0.006183137214928136
2016-10-19,0.0026671941952727263,0.0008286785022770804,0.0057299655530487215
2016-10-20,-0.0018667523283874,0.0010533118897928517,-0.0030550965627722526
2016-10-21,0.00046758173576244566,0.0015017621985022878,0.0007454362173064943
2016-10-24,0.004252830250285555,-0.004350441366506641,-0.0022345797266349887
2016-10-25,-0.0033508311969019378,0.002636977113416039,0.007548139354159433
2016-10-26,-0.0020077711044405033,-0.006763018653618169,-0.00559809251948773
2016-10-27,-0.002666570159363779,-0.01089440277152498,0.0018213529185828747
2016-10-28,-0.0029551330470395376,-0.002218172564689924,0.0047103519110967
2016-10-31,4.6709135921307876e-05,0.006133177434584081,0.0029610183001298473
2016-11-01,-0.007245280019091971,7.58601655042046e-05,0.006478603409139305
2016-11-02,-0.0060185745166658755,0.00435083072492537,0.007414617516698918
2016-11-03,-0.004577081011665651,-0.007675779247312997,0.005338107937297831
2016-11-04,-0.0011015972477143032,0.008960546943377112,0.0007240252267182168
2016-11-07,0.022057096677923882,-0.008501428929437505,-0.018007861361529542
2016-11-08,0.004503437804527888,-0.004057569870306366,-0.004175211869501427
2016-11-09,0.010602314520263612,-0.042432364887859064,-0.0006576934516286936
2016-11-10,0.0024956533227986633,-0.014770588856233169,-0.01488974658560116
2016-11-11,-0.0023048975539919914,-0.0056223393913240605,-0.02212944906788228
2016-11-14,0.0007851725427781009,-0.005981827882586388,-0.008454294420749409
2016-11-15,0.007803021176278513,0.004946062422375386,0.00869866618655779
2016-11-16,-0.001878596161921986,0.009023234624747856,-0.002988440021410743
2016-11-17,0.005140992599418359,-0.014714480392711393,-0.005138293152093909
2016-11-18,-0.0022375328473842604,-0.0028874893488627373,-0.008780207102896176
2016-11-21,0.00755135609790325,0.0024827769843907,0.0037342622620732957
2016-11-22,0.001953313958604763,-0.0003301893731213479,-0.00034608855246265335
2016-11-23,0.0005439579778725445,-0.0038810273852568633,-0.019819983532816443
2016-11-25,0.003715267638173536,0.0014922591560073695,-0.005651208738617575
2016-11-28,-0.004694701204704277,0.007366009503727344,0.010567466787642088
2016-11-29,0.00195030954676767,0.004190566542988661,-0.004657349687858581
2016-11-30,-0.002399215133846,-0.01620050286853869,-0.013419234467324848
2016-12-01,-0.003675615154811629,-0.01055844007400708,-0.0018791864382340373
2016-12-02,0.0005014089697574775,0.00732717417843487,0.005379222424209074
2016-12-05,0.006008537448738194,-0.0010864859447012876,-0.005350441210868029
2016-12-06,0.0031672193762339873,-0.000753175384899496,-0.0009861987578327902
2016-12-07,0.013081013011552844,0.008543515848300487,0.003589711251758221
2016-12-08,0.0024486759675670378,-0.011793985566434406,-0.0023249765892274787
2016-12-09,0.0060404385213499445,-0.012438759887241635,-0.010486673587394413
2016-12-12,-0.0011479568351233649,0.0018719633509085565,0.003804331187865717
2016-12-13,0.006674215068964928,0.003567839002961426,-0.0033387723118656343
2016-12-14,-0.008254217923435725,-0.011173064142140143,-0.014667226454941784
2016-12-15,0.004117073969798435,0.005050607138577856,-0.01369112807217554
2016-12-16,-0.0019558370132155556,-0.0022999411107583745,0.006614558767378709
2016-12-19,0.002177297167403447,0.010756771469130566,0.004997623978540311
2016-12-20,0.0038575573004389074,-0.00498329270053155,-0.007367118973593101
2016-12-21,-0.002782499235757796,0.0044144486387169835,0.0005566152526592649
2016-12-22,-0.001727541199212812,-0.0017883511088583326,-0.0024107755207141146
2016-12-23,0.0014641743103289695,0.0020378300542460703,0.0031601819765598727
2016-12-27,0.002481155238942101,-0.0032195142823232548,0.005837091185366683
2016-12-28,-0.008264508759456834,0.0073084628695421205,0.0027634769574851337
2016-12-29,-0.00022274882152761855,0.0035439270150916524,0.01313614088883086
2016-12-30,-0.0036551266389230896,0.0015125234362354245,-0.006165566230220687
2017-01-03,0.0076500223377988785,0.004280861748255038,0.00784600497730814
2017-01-04,0.005949151881041281,0.003845533641403831,0.0035303646722089077
2017-01-05,-0.0007944463981720551,0.01565290781140849,0.015515074970534615
2017-01-06,0.0035778903344838575,-0.009181733548562221,-0.00737255123072611
2017-01-09,-0.0033009235380148105,0.008026218050233958,0.008232645807116912
2017-01-10,0.0,-0.0006564513621365453,0.0042602588509306205
2017-01-11,0.0028262034700623495,0.003367058244411414,0.0030932255360247574
2017-01-12,-0.002510051010110037,-0.002210154338342596,0.003612367067042932
2017-01-13,0.0022957128442591124,-0.00475832851377711,0.0026336178800692167
2017-01-17,-0.0035237883417030824,0.010469183804675097,0.01435950794847174
2017-01-18,0.002210057940796206,-0.012807673550345622,-0.008459177733679324
2017-01-19,-0.0037045065466312366,-0.00685935834940099,-0.0008706024299159898
2017-01-20,0.0036739662058169476,-0.0019970596157486975,0.0024397178433508415
2017-01-23,-0.0026023418341395432,0.010005195659443578,0.006431967354547874
2017-01-24,0.0064120032123480275,-0.0068518338196378314,-0.004490925540628465
2017-01-25,0.008655448682017619,-0.012550855505389591,-0.008241493674922662
2017-01-26,-0.0010451312059923668,0.003367068412405194,-0.009272197003353688
2017-01-27,-0.0015699164480561523,0.003607412069015492,0.0020306880028346797
2017-01-30,-0.0062017079169764955,-0.0030091102679448145,0.004229477187141839
2017-01-31,-8.799069510079249e-05,0.006959177307939379,0.01386331327657886
2017-02-01,0.00039544784858236426,-0.006183507331487981,-0.0030290445198764004
2017-02-02,0.0006593381785997554,-0.000419831108662283,0.005555550404536813
2017-02-03,0.0068926620916809345,-0.0004199234393637008,0.0025034610211955854
2017-02-06,-0.0017876446850290106,0.006050311810058107,0.013519329475210284
2017-02-07,4.37301424518477e-05,0.007350761990011723,-0.0020390643159919897
2017-02-08,0.0013104537945463068,0.013598519612841198,0.00621491028966048
2017-02-09,0.005932454332692849,-0.011534383656453095,-0.00761487018603868
2017-02-10,0.003946013949626126,-0.0005795134784887246,0.0026430007347089113
2017-02-13,0.005442854656531937,-0.003147103812357277,-0.006802682251218939
2017-02-14,0.003995320346118936,-0.0072269725452301925,0.0011129901542927811
2017-02-15,0.00522027043778861,-0.004602466380414838,0.004447076385095894
2017-02-16,-0.0008512463261435288,0.005464733988273185,0.0053640263872474225
2017-02-17,0.001576441801079742,0.00593559511838615,-0.0033875467452245678
2017-02-21,0.005955092493075798,-0.0017449129147658615,0.000594830851824435
2017-02-22,-0.0008880770430997886,0.0016647028379710438,0.0013588421410561935
2017-02-23,0.000677392256535958,0.0029921335241143154,0.008735465586520608
2017-02-24,0.0012687354873859302,0.011105086187485513,0.00638973004234078
2017-02-27,0.0015628408961205764,-0.0059015406117580715,-0.004845398633643638
2017-02-28,-0.0026991872397492678,0.003710339108389027,0.0009234436519076628
2017-03-01,0.013997407102190218,-0.016756092844629755,-0.0014258642418293332
2017-03-02,-0.0062971407111964695,-0.003599213037136395,-0.01243067157641009
2017-03-03,0.0006296442959632387,0.002603618167305033,-0.0005953367386810626
2017-03-06,-0.0029781337959660092,-0.004775316511801964,-0.006722839768239397
2017-03-07,-0.0029869550299728154,-0.0030312347510774718,-0.008053482107396648
2017-03-08,-0.0018565900273460612,-0.005404337933835102,-0.0062187012290060295
2017-03-09,0.0012680173209562717,-0.00798068581492295,-0.005127727710842134
2017-03-10,0.0035044191993338636,0.0035088648491188312,0.002183978311645074
2017-03-13,0.0005049744907372755,-0.006311153182817275,0.0001743082536056484
2017-03-14,-0.0038268237988340337,0.004805704650783005,-0.005403478549159679
2017-03-15,0.008653733386627005,0.012215260524273797,0.018664539100545774
2017-03-16,-0.00196712772953056,-0.005063014782301756,0.004129061134912737
2017-03-17,-0.001756057823674162,0.006276612703255857,0.0022273151662723922
2017-03-20,-0.0010969455596294697,0.004298776989239084,0.004444860945005402
2017-03-21,-0.012839668957422723,0.008308522864207468,0.008765200923941618
2017-03-22,0.002353259438304889,0.003995618726885253,0.0024464392887426634
2017-03-23,-0.0010672753190793527,-0.0014097900681336872,-0.001346492128619703
2017-03-24,-0.0007264743709536337,0.0035700136421554785,0.001601099219161961
2017-03-27,-0.001026192308272611,0.0045503926529189,0.005636868294673025
2017-03-28,0.007276964690979826,-0.006670594575080679,-0.004099371444605038
2017-03-29,0.0009348085550464624,0.00596866570490584,0.002436163586164053
2017-03-30,0.003184174043813437,-0.008076148968142238,-0.007206910225050822
2017-03-31,-0.002327614482234397,0.002907686690311495,0.0021102388572973307
2017-04-03,-0.0017392129507604048,0.010087160435231723,0.005306580584065079
2017-04-04,0.0006375230281203681,-0.005424703878965764,0.002262289701825848
2017-04-05,-0.002972662562567341,0.0030570767639694907,0.0
2017-04-06,0.00281117635531003,-0.0014828512856315257,-0.003678334988324705
2017-04-07,-0.0010197549515887916,-0.00404237599997237,0.0023493772325884343
2017-04-10,0.0005954205275615632,0.004639092575240644,0.0
2017-04-11,-0.0011896826403487992,0.009482803297310882,0.014481863135711759
2017-04-12,-0.004382000900342242,0.005472994313436175,0.006848701913851674
2017-04-13,-0.006494772844648833,0.003087063342694707,0.004753334264967268
2017-04-17,0.008859891522155161,-0.003077562711662596,-0.0029363834815018253
2017-04-18,-0.002984270213224227,0.013079904618311877,0.004744779460001958
2017-04-19,-0.0018385124916181494,-0.00545303819259324,-0.008874746300268521
2017-04-20,0.008138983102852881,-0.00387062961015594,0.0018893922713916211
2017-04-21,-0.0031869551410932395,0.0,0.002869780885113693
2017-04-24,0.01099812223329466,-0.004937386750943795,-0.006785988212145488
2017-04-25,0.005818607359152406,-0.012039262749098945,-0.010125150830952667
2017-04-26,-0.0006289915169345184,0.005516212809049126,0.0049064144523129904
2017-04-27,0.0008392571970690099,-0.00032729913779150355,-0.003723907331012466
2017-04-28,-0.002179603047244516,0.0022124604978956963,0.0031563855415273068
2017-05-01,0.00252019210369947,-0.008313863657455234,-0.009108209859209682
2017-05-02,0.0003770415476724853,0.005120534246948694,-0.00016709821486060594
2017-05-03,-0.001214412705552781,0.0006574482351393574,-0.013957360197643709
2017-05-04,0.001174018200463145,-0.0049269691716534725,-0.010086475737808298
2017-05-05,0.003937105037053135,0.0009077268991213305,0.0018837333588364036
2017-05-08,-0.00016707354349221326,-0.005441831802842856,-0.002222050521183294
2017-05-09,-0.0009178802318308144,-8.255982930382988e-05,-0.005995691205500586
2017-05-10,0.0017960385178643623,-0.0011603827433732672,-8.618815999517082e-05
2017-05-11,-0.002042883490035785,0.0,0.003964142371969848
2017-05-12,-0.001671052744066981,0.007552817626166997,0.0028326337429587234
2017-05-15,0.005523615869992282,-0.0027187153881469417,0.0026534071191921527
2017-05-16,-0.0009156556485755418,0.0037168561986096194,0.0043537829852127174
2017-05-17,-0.017744007382515914,0.014567137945036057,0.018189539837597968
2017-05-18,0.004028532564987808,0.0011359903844743169,-0.008181011348557088
2017-05-19,0.00650410696092929,0.002349210347703412,0.0049659454541624015
2017-05-22,0.0050775682425008295,-0.002748395436962925,0.004187604636601616
2017-05-23,0.00221262582928361,-0.006727263953004159,-0.006338633249028169
2017-05-24,0.002332753152149092,0.0056305442221342705,0.003944948993712671
2017-05-25,0.004779516087285884,0.0003244007780456304,-0.0010868426783263718
2017-05-26,-0.00020673407233651186,0.001703962808086823,0.00887175702052101
2017-05-30,-0.0008689297719353117,0.004939952423648419,-0.003318413164433487
2017-05-31,-0.0002480849935097007,0.0024982438603193824,0.003995366733579031
2017-06-01,0.007951869505893772,0.00010522564789283706,0.0008290372396291268
2017-06-02,0.0033286246203680925,0.011840035176979846,0.0073724269437449585
2017-06-05,-0.0007372002229447672,-0.0062094754862073165,0.0009867835373715828
2017-06-06,-0.003196963354805793,0.005446881170136697,0.011254375087548674
2017-06-07,0.0018503842907748869,-0.004779621655428334,-0.005280272412152454
2017-06-08,0.0004924954895608735,-0.002641861507988952,-0.006533241668445489
2017-06-09,-0.001517937058767016,-0.001524722144007895,-0.00912454251071615
2017-06-12,-0.00020547765001122098,-0.0003215472538126152,-0.0014932827593217013
2017-06-13,0.004889923262429097,0.00016054619842464923,0.0009970317877492363
2017-06-14,-0.0012675898745460046,0.01543635560418033,-0.00547811789275976
2017-06-15,-0.00192427598393774,-0.0015835509848839413,-0.004172926066378535
2017-06-16,0.00021878008859466114,0.0019824799270466986,0.00016758836001962152
2017-06-19,0.008324631919523373,-0.0014240432922976165,-0.007625239321596311
2017-06-20,-0.006743878018330318,0.008955943343171624,-0.0021109516115493943
2017-06-21,-0.00024700862370030663,0.0020420158652221243,0.0028769363429739236
2017-06-22,-0.00045258766618760937,0.002195073117915891,0.0033749707830614817
2017-06-23,0.0011939033859313941,-0.00046891585939534686,0.004288615406013774
2017-06-26,0.0006581962145377762,0.003756579661269077,-0.008959220397639522
2017-06-27,-0.00805603060681137,-0.01068161478739893,0.0038019343183648413
2017-06-28,0.008950284345943249,-0.0033100330104408604,0.0007575454013519778
2017-06-29,-0.008788761552594893,-0.008381262880669649,-0.00487806411784153
2017-06-30,0.0018644698932595016,-0.002312898054539936,-0.00253552275635216
2017-07-03,0.001695455256346845,-0.0032192461949264173,-0.016353163532217163
2017-07-05,0.002312328025994015,0.00024088521060239287,0.003704025486608087
2017-07-06,-0.009144519861723599,-0.008273515456152847,-0.00042907160833882685
2017-07-07,0.006485200456825657,-0.00599394408415399,-0.010217244173899132
2017-07-10,0.0010737209852591523,0.0014673362230008813,0.0016481821948142183
2017-07-11,-0.0007428377546727649,0.0017080014892665307,0.0012990519121256483
2017-07-12,0.007515089076676418,0.006904614297134293,0.0035460648934033667
2017-07-13,0.0016802432305509374,-0.006292429242908293,-0.0018098688846157618
2017-07-14,0.004663934671155001,0.0012177451217274537,0.008202356680584888
2017-07-17,-0.00012197156089355232,0.0027571593850799214,0.004453235312239068
2017-07-18,0.0005291322709835011,0.008732702486977884,0.006991215691223296
2017-07-19,0.005414234034784693,0.0004008329263778254,-0.0002539901713813908
2017-07-20,0.0004452557234979615,0.0028846503876218677,0.001354979930841882
2017-07-21,-0.0008901861682022449,0.004234499171581474,0.008626558617128355
2017-07-24,-0.0002431365828109433,-0.003898659117352321,0.00041921366315400554
2017-07-25,0.002431103557983816,-0.01301938293888072,-0.0032687905257637873
2017-07-26,4.023327065838522e-05,0.0016188832709147505,0.008072646310579579
2017-07-27,-0.0009297272244325194,-0.004928849797232959,-0.0007507202198243634
2017-07-28,-0.0011728461611340002,0.005927216421555137,0.00751316068954333
2017-07-31,-0.0005671312459452071,0.0012110064008055144,0.0004971211979458712
2017-08-01,0.0022289749959234495,0.007021134661451267,-0.0008281447132181263
2017-08-02,0.00048498209498926137,0.0005613308199701184,-0.002072109381170417
2017-08-03,-0.0019396975297911734,0.010344582082352671,0.0015780299800982611
2017-08-04,0.0018221160859488439,-0.008492116339015254,-0.007794965092940864
2017-08-07,0.0018590369183955069,0.0011205296704381862,-0.0011700742821817434
2017-08-08,-0.0024607532800541287,-0.003598122453665975,0.0029286123995055924
2017-08-09,-4.054332601111099e-05,0.005456339142607902,0.012097421498902916
2017-08-10,-0.014115046032387113,0.008539957020003097,0.007419021877765664
2017-08-11,0.0014766271996717872,0.00047447565594449514,0.004745944156777204
2017-08-14,0.009913090731102026,-0.005141608068213399,-0.007085289845225606
2017-08-15,-0.00012162915271340946,-0.004213285630189634,-0.007709931316675078
2017-08-16,0.0017444653784088882,0.0036729097221515072,0.007356582616572016
2017-08-17,-0.015590944975042431,0.007477245675991062,0.00508734802014188
2017-08-18,-0.0015631028288095594,-0.00023667443026387236,-0.0015511047050799087
2017-08-21,0.000782521799105762,0.0024485807404523996,0.0037612352656932746
2017-08-22,0.010457412976741631,-0.0038609915436496056,-0.00448031151993189
2017-08-23,-0.0035856133407391466,0.006801924566594009,0.003764005301683193
2017-08-24,-0.0023305968711351266,-0.0036921986457180145,-0.003097719565419932
2017-08-25,0.0023360412415434073,0.0038634145551357246,0.003679752595251218
2017-08-28,4.0990938346530115e-05,-0.000628250141451292,0.015887278895027057
2017-08-29,0.0011448996118510468,0.00322208744787722,-0.0021654043401579948
2017-08-30,0.004737413766449761,-0.00031342907814091436,-0.00048221796718150856
2017-08-31,0.006016200680278416,0.002977774540944722,0.011740101940391323
2017-09-01,0.0014142926054139249,-0.00764885296142559,0.0019074699121892635
2017-09-05,-0.007182325490656893,0.015857605807120034,0.011105834943620163
2017-09-06,0.0034137580335156237,-0.0061349486623741845,-0.005099651110527015
2017-09-07,-0.000121522917522765,0.010236171714139264,0.010409331674411826
2017-09-08,-0.0011747694873128767,-0.0021650921038979254,-0.0012487602904230899
2017-09-11,0.010666243834177358,-0.01193831406278123,-0.01390950036975469
2017-09-12,0.003370537176720756,-0.005256373070104292,0.0029320477853171933
2017-09-13,0.00047982764961540525,-0.003943755254434134,-0.007506297144185381
2017-09-14,-0.0003198720399555377,0.004117329652187696,0.004378656548724491
2017-09-15,0.0013465881449417072,0.000394678784864988,-0.004993697404288455
2017-09-18,0.002126391397912153,-0.005754380872638687,-0.009320466663927607
2017-09-19,0.001001440913621865,-0.002457652554615386,0.0020907215740946228
2017-09-20,0.0003598505470581159,0.0007152749707810546,-0.008024393981386213
2017-09-21,-0.002679429674734335,-0.000555857755209832,-0.007603967161635139
2017-09-22,0.0002003430489438962,0.002860410017426762,0.004564701313993336
2017-09-25,-0.0020443504281369984,0.0062601767800760655,0.010467388330802407
2017-09-26,0.0006027713586966854,-0.001811489031565805,-0.01116196421162674
2017-09-27,0.0038943669533804126,-0.015067932044318444,-0.009420139990778287
2017-09-28,0.0011997235018792463,-0.0029634575581943823,0.001885519931214219
2017-09-29,0.003514957988119072,0.002249686632975312,-0.005155038524977895
2017-10-02,0.00433882830635568,-0.0018313860800753812,-0.006662322551317712
2017-10-03,0.0021399634998719996,0.0009655725885022726,0.0004968550936175209
2017-10-04,0.001186391320523672,8.033405048868403e-05,0.002813840376879373
2017-10-05,0.005925203347632246,-0.0037776898953100213,-0.0053643767904709705
2017-10-06,-0.0011386975300642366,-0.002823714279478695,0.004729503075844965
2017-10-09,-0.0016511702622875601,0.0031547543960948055,0.0081757826666502
2017-10-10,0.0026380417898619335,0.0016139494484661565,0.002621229439913275
2017-10-11,0.00157119560712915,0.0019326205420477915,0.0031862694835504968
2017-10-12,-0.0014900887723536815,0.004259470105127283,0.000814386133850542
2017-10-13,0.0012174091776393503,0.007202569765423439,0.0075677460313676725
2017-10-16,0.001333650271989173,-0.0007144420302315213,-0.006864791440930884
2017-10-17,0.0007050453684342983,0.001271913663795754,-0.006830966568647456
2017-10-18,0.0009784903758300878,-0.0065915356224369726,-0.003766470931119148
2017-10-19,0.00027381059084063963,0.0017587013886082303,0.005917656213846323
2017-10-20,0.005160408538147809,-0.010614061362807181,-0.006373059753138954
2017-10-23,-0.0038892681068736223,0.0017748445711860406,0.0015623915833617996
2017-10-24,0.0017568676841801523,-0.0061992475561016835,-0.003858794818776823
2017-10-25,-0.004949905140550048,-0.004780063525922973,0.0001648120231156902
2017-10-26,0.0012925945806421257,-0.003337765377130042,-0.00840541125580585
2017-10-27,0.008176251541726742,0.006615697661853659,0.004736970715121469
2017-10-30,-0.0037253159265170366,0.009575189460571343,0.0019023633137824625
2017-10-31,0.0015581608367636335,0.0003211263677318499,-0.003797565383496959
2017-11-01,0.001322104491975784,0.0044525976173148685,0.003646328400454868
2017-11-02,0.00038842065448041474,0.004409177042789869,0.0006605716344769696
2017-11-03,0.0033387815448053804,0.0027129800581513486,-0.004703355749991034
2017-11-06,0.0015476408548524834,0.0037412404396772736,0.008539203746006141
2017-11-07,-0.000695483695581034,0.004202459973152717,-0.003616953850285376
2017-11-08,0.0017008492292114319,-0.0022107111641495036,0.0034650455582678763
2017-11-09,-0.0036275178407628728,-0.002849150901919062,0.004110828013571766
2017-11-10,-0.00030998568016382677,-0.015079635936206537,-0.008187996581421442
2017-11-13,0.0009298392712204784,0.0020955590757045783,0.0014860093226882753
2017-11-14,-0.0023224724962531695,0.006754039633622977,0.0020608359165059653
2017-11-15,-0.005005248115372507,0.01086294572243185,-0.0012339083538733808
2017-11-16,0.008501013653927636,-0.008691694158709407,-8.23831309511025e-05
2017-11-17,-0.0029388956664004873,0.007412554706972552,0.012026351450757033
2017-11-20,0.0017064632532839408,-0.0003954426247076981,-0.012616010451388715
2017-11-21,0.006542743346354296,0.0031661909171014635,0.0016487064682373376
2017-11-22,-0.0008847435261762904,0.0032348820185787996,0.009217308019892956
2017-11-24,0.0023099563713018245,-0.002752401509879987,-0.002527909692056296
2017-11-27,-0.0004991458694253437,-0.0014200579371252964,0.004169409233999888
2017-11-28,0.010144588957318845,0.0013431635093628103,-0.0001628614521104188
2017-11-29,-0.0006085544263778608,-0.00985912952452217,-0.0062698205225436565
2017-11-30,0.008754901008293903,-0.003345865408236448,-0.007702412605330111
2017-12-01,-0.002075528129124815,0.013495071905310185,0.004046225185331043
2017-12-04,-0.001209989491449015,0.0004740178024491559,-0.00337195530112111
2017-12-05,-0.003596534908359761,0.004975834534450163,-0.007096885692240984
2017-12-06,0.0001899046905462498,0.003458332836147715,-0.002077792558461522
2017-12-07,0.0031531067877339503,-0.007832319680655675,-0.01315900587216201
2017-12-08,0.005453225344961288,7.910232546914919e-05,-8.434894941455884e-05
2017-12-11,0.003013174867772639,-0.0020525545826661773,-0.003966924437765251
2017-12-12,0.0017646885178150828,-0.0003952865602879774,0.0011863349471583629
2017-12-13,-0.00011263214713996827,0.007517057446176922,0.008633065001213636
2017-12-14,-0.004086191374012227,0.004241180554620749,-0.002013911785324396
2017-12-15,0.008327437959160244,0.0037539146686873526,0.0021020768465358497
2017-12-18,0.006341225261962791,-0.009116080075646127,0.004614893860962033
2017-12-19,-0.0038401356256891894,-0.012973690548451655,0.0007516606979649509
2017-12-20,-0.0005241535784947793,-0.01107261953857197,0.002670670135530351
2017-12-21,0.002059636309481583,0.0058281505938815314,0.0014150005810633637
2017-12-22,-0.000261642795875372,0.0013640665122847118,0.005236513137702126
2017-12-26,-0.0011959581332137148,0.0029653963193581045,0.006862859144246114
2017-12-27,0.0004864499173855563,0.013025741463390528,0.0037776687734956127
2017-12-28,0.002057466808685904,-0.0008681350709913715,0.005072364396301321
2017-12-29,-0.0037708959453071067,0.0015791113404688417,0.006512031434223742
2018-01-02,0.0071575368027549935,-0.010799188157723516,0.012131014811884722
2018-01-03,0.006325282115950515,0.004781189801364327,-0.002636850395774437
2018-01-04,0.004214683454369705,-0.00015860945862777864,0.00512737855482448
2018-01-05,0.0066642149109961135,-0.00285573328852895,-0.0010361649479244672
2018-01-08,0.0018285506652517824,-0.0006365890088206871,-0.00015961279955856167
2018-01-09,0.0022636069752901555,-0.013371827398529046,-0.0046284750854691525
2018-01-10,-0.001530121565812781,-0.0012107392961987484,0.002405158456580736
2018-01-11,0.00729641447621221,0.004119592945433848,0.003279242310744168
2018-01-12,0.006518538959972231,0.0016894823316366825,0.012117319941670202
2018-01-16,-0.0034180245101638196,0.004175526931450069,0.0016540570729914883
2018-01-17,0.009531615501800816,-0.0013590330907554682,-0.008099385028916384
2018-01-18,-0.001680469278225627,-0.009290088187695833,-0.002219746160232239
2018-01-19,0.004549337960275457,-0.005253901294701824,0.004449368789751107
2018-01-22,0.008130748006502264,0.0009751680451164368,0.0018193589642852004
2018-01-23,0.00212230692881743,0.004302287067460053,0.004974316982453653
2018-01-24,-0.00038824717871976944,-0.005415246174597432,0.012177899643490031
2018-01-25,0.00042405840651138504,0.0082084860930014,-0.006675468432262743
2018-01-26,0.011577979562042318,-0.0037080089147285555,0.0007814808358339587
2018-01-29,-0.00663001781092909,-0.006958402701708777,-0.005621994291566623
2018-01-30,-0.010257237463332292,-0.005866738494961998,-0.004318770545372663
2018-01-31,0.0004966420066729871,0.005901360232208885,0.006703457836465088
2018-02-01,-0.0011350322089820342,-0.014493142609245169,0.003290292152912322
2018-02-02,-0.02177005001199339,-0.009278969960549999,-0.013117887393550687
2018-02-05,-0.041822387269725536,0.009449487147402014,0.002531843471552664
2018-02-06,0.019702425427562398,-0.006213131074786715,-0.010496423649786535
2018-02-07,-0.005424814533716127,-0.009502657864066566,-0.004705665583148222
2018-02-08,-0.03750901691839792,-0.001094558330157036,0.0015225774502147793
2018-02-09,0.015021416663911769,-0.006318789963967286,-0.0016803225174144565
2018-02-12,0.014684525177621088,0.004409248239385599,0.004808897328354433
2018-02-13,0.0024873972875165684,0.0044736353678798135,0.0056632293923437604
2018-02-14,0.01349622530021466,-0.011093412345737352,0.017052616317100977
2018-02-15,0.012759982976889628,0.003399410789796775,0.001169844500285011
2018-02-16,0.0002931516154054403,0.005421142530221745,-0.003271582663696204
2018-02-20,-0.006261232594251931,-0.00438122139765551,-0.013441710167313103
2018-02-21,-0.004974250096831168,-0.012267740677542993,-0.004594377467322608
2018-02-22,0.0012961198016829822,0.0029978445733147563,0.005093103382117992
2018-02-23,0.0159394166667417,0.008882179907879317,-0.0012668539845070992
2018-02-26,0.011612339591335896,0.00033846857626040894,0.0024575674654647717
2018-02-27,-0.012486872053873777,-0.001438933366703754,-0.01043890649807222
2018-02-28,-0.010129936129524952,0.006355739728300058,-0.0010388975966705294
2018-03-01,-0.014540924330159188,0.006826442915190523,-0.0022399902343750444
2018-03-02,0.005155261000954647,-0.008129255496901022,0.005372018620811936
2018-03-05,0.011558110258823362,-0.002703939404383182,-0.0016747674096407872
2018-03-06,0.0025348857286771054,0.0009319915074954555,0.010784458146907872
2018-03-07,-0.00036662492773076316,-0.0011005387827855984,-0.006401624645603676
2018-03-08,0.004838981094496431,0.005762499177151215,-0.0023862794212923255
2018-03-09,0.017402616854099717,-0.0065717308212494,0.0009568071147663115
2018-03-12,-0.0012553133923758342,0.005766889369596129,0.0
2018-03-13,-0.006462808289678157,0.005059883358360384,0.0019117242474055995
2018-03-14,-0.005131369813066389,0.008809563810532106,-0.0006360457292980959
2018-03-15,-0.001089575299862089,0.0,-0.006364323323672649
2018-03-16,0.0010841274152140201,-0.003576702323852543,-0.0024019459414951205
2018-03-19,-0.01353019307796266,-0.0031714193946206226,0.0021669685053569143
2018-03-20,0.0017006310741625175,-0.004019271964840421,-0.004484705499084418
2018-03-21,-0.0019190025659111543,0.0010929627195368496,0.01745640608927701
2018-03-22,-0.02499723935069531,0.009909391718869509,-0.003953194075975608
2018-03-23,-0.02131458977790779,-0.0007481188558654539,0.012938539529958382
2018-03-26,0.027359092822877074,-0.0038286155433917557,0.005250357853935794
2018-03-27,-0.017011997375476207,0.010692641903634836,-0.0061584106879087885
2018-03-28,-0.002954995033046859,0.00264502052799509,-0.01380496145836152
2018-03-29,0.012778057128481013,0.004863776150420218,0.0004771936450476133
2018-04-02,-0.02158478927124674,0.0019726690071115716,0.011686153191860393
2018-04-03,0.01281704837409725,-0.007711912410018007,-0.007543604183229413
2018-04-04,0.010699172127782042,-0.0020676200594326177,0.0011876001018218396
2018-04-05,0.007892026525700757,-0.0074572284473332084,-0.005140323544257752
2018-04-06,-0.02228603462109746,0.010935907302092929,0.004689954877408642
2018-04-09,0.0049283257150181115,0.0016517028638607378,0.0034021703240154633
2018-04-10,0.015900204018160835,-0.0018136289083174884,0.0023655815524343815
2018-04-11,-0.0052420555329217855,0.0035512936288035757,0.007787899955785216
2018-04-12,0.008227208253908103,-0.007324400537000675,-0.011630613197024187
2018-04-13,-0.0029333951159730143,0.002321231061829243,0.006555000660688037
2018-04-16,0.008222079455117104,0.00033119231402434224,0.0014123209845888773
2018-04-17,0.010698245307743992,0.0027281789658413214,0.0009402393572395251
2018-04-18,0.0007402230869513193,-0.007998779881078444,0.0007827669207129961
2018-04-19,-0.0055474706783592564,-0.008146366184190623,-0.001955416527053
2018-04-20,-0.008479069895606317,-0.007207110540290329,-0.007601890535287481
2018-04-23,-0.00015012339727693558,0.000252895526676733,-0.007975949843974872
2018-04-24,-0.013467415214303502,-0.0045571171886701345,0.004855919415812648
2018-04-25,0.002471730585315912,-0.006697437444903143,-0.006496075996334616
2018-04-26,0.010165857176966053,0.006999126269988665,-0.0035085115107064135
2018-04-27,0.0009384831052563491,0.007712663694335653,0.004241008034887361
2018-04-30,-0.007690463269621084,0.001766480870246001,-0.007251025196090666
2018-05-01,0.0017768419035462113,-0.0036016871219559654,-0.007063145351023148
2018-05-02,-0.006717536106380928,-0.0010979427468655878,-0.0004849855228984401
2018-05-03,-0.0022036107961471707,0.004480757343786612,0.005095004008440096
2018-05-04,0.0129463196877031,0.0015152862474760997,0.002092067418605348
2018-05-07,0.003383121473108819,-0.0015966505934512654,0.0002408766587147504
2018-05-08,0.0,-0.0009258592202826543,0.00016052535213439967
2018-05-09,0.009666204345216256,-0.005981686963445365,-0.0020868008225221057
2018-05-10,0.009350443395142793,0.008051920588735273,0.0068366320405601755
2018-05-11,0.0030511352007436265,0.0025225474273471438,-0.0014379318160805399
2018-05-14,0.00047655269987001425,-0.0052842480274915005,-0.004080017089843735
2018-05-15,-0.006887031726678483,-0.011382888286336046,-0.01614583132241265
2018-05-16,0.0042051023807563315,-0.003837873210147058,-0.0015512935679184991
2018-05-17,-0.0008447860611889846,-0.005051127856736115,0.0005724073456552237
2018-05-18,-0.002499906126233853,0.008605189036082317,0.0004086552101045804
2018-05-21,0.007518577760536882,0.0005120452187530322,0.0005718461950008358
2018-05-22,-0.0027801646631078203,-0.001535101530935834,-0.0005715193738216051
2018-05-23,0.0027515917224651965,0.007259670102590876,0.001061982268841355
2018-05-24,-0.0020491332205108126,0.007969756738987588,0.00856859323093273
2018-05-25,-0.0023821215363002413,0.006224716623986826,-0.003074660285441455
2018-05-29,-0.01150159878539636,0.021902677849261254,-0.000162297242228715
2018-05-30,0.013344898422901874,-0.006708094037011891,0.001461160009810003
2018-05-31,-0.006126149399174441,-0.0016472380125217567,-0.00218857312515075
2018-06-01,0.009817786066750989,-0.005283536942500167,-0.004955325896935703
2018-06-04,0.0047515776426048095,-0.0072324523563185306,-0.000979631964080463
2018-06-05,0.0007276663271729156,0.0023443883299436585,0.003922495029546447
2018-06-06,0.008360473286721959,-0.00810264104657965,0.0005697980927446
2018-06-07,-0.00010821306591013435,0.009684996944374635,-0.00048810250152531154
2018-06-08,0.002956645990574769,-0.0030025212305876403,0.0012209142530825723
2018-06-11,0.0013296550793702178,-0.0018409167967902151,0.0017884823744616085
2018-06-12,0.0012925279480116014,0.00025166287970090906,-0.0033271415316106223
2018-06-13,-0.0031909018426681257,-0.0005025508792250166,0.003012561044629436
2018-06-14,0.002517942496218062,0.008299420576048044,0.0015422908372948463
2018-06-15,-0.0012761498298156093,0.0009153178980911836,-0.01653429211330959
2018-06-18,-0.002056811760182242,-0.0009144808573948726,-0.0018954650937899054
2018-06-19,-0.0038327047794708413,0.005820759303795553,-0.0025596363391253707
2018-06-20,0.0017060302024647367,-0.008762868014276726,-0.004470206141435118
2018-06-21,-0.006268812542071456,0.005254684623357875,-0.001746208886931222
2018-06-22,0.0018232791134085158,-8.351289407793061e-05,0.0024156041546103957
2018-06-25,-0.013612539105351873,0.002239953145433793,-0.0037393797734436296
2018-06-26,0.002213736268523281,0.0014076187364109316,-0.0052547940330739396
2018-06-27,-0.008283967423290184,0.009423800259688475,-0.005701830395735019
2018-06-28,0.005717263000304396,0.0002454961163702585,-0.00303593021413906
2018-06-29,0.0014397358571400787,-0.003438635610954366,0.003637288959023266
2018-07-02,0.002137884938564927,-0.000781828528582218,-0.010029518972628937
2018-07-03,-0.003531344973638717,0.005356149856432069,0.01013112932642235
2018-07-05,0.008158288534359404,0.0028688735914634833,0.003371272825408722
2018-07-06,0.00845782816860452,0.003269310840819717,-0.0015959885471287238
2018-07-09,0.009004501405950105,-0.006435962094626935,0.0024398528860691826
2018-07-10,0.0035985941749248074,-8.195854337522679e-05,-0.001846422307055895
2018-07-11,-0.00731480414399488,0.0038538704969444115,-0.010846724226159843
2018-07-12,0.009066354758549222,-8.172940363859738e-05,0.004165231777556899
2018-07-13,0.0007872817416829658,0.002532399844725086,-0.004401901762097649
2018-07-16,-0.0008942875992674626,-0.004155416051066951,-0.0005101399394812356
2018-07-17,0.004045541399642971,-0.0018821374576144523,-0.01080394929383155
2018-07-18,0.002103350779736113,-0.004017129374393469,0.00025798744076199753
2018-07-19,-0.003771523674838906,0.006337843217777195,-0.004298856594405098
2018-07-20,-0.0011428127559741652,-0.012268826073492667,0.006476124823511453
2018-07-23,0.001859480438636707,-0.012338366985022997,-0.004804371742649027
2018-07-24,0.005032055806349467,0.003437624805518791,0.0003448354786839136
2018-07-25,0.008522367381799567,-0.0015876844572673132,0.005515334234738045
2018-07-26,-0.0023588794154654202,-0.0019248201022339373,-0.0077991400388178755
2018-07-27,-0.00677647150991556,0.001676604618380706,0.0005183138095208317
2018-07-30,-0.005223418507990019,-0.003431593468277483,-0.0015540041641225466
2018-07-31,0.0049290627307219115,0.0054593865984511325,0.002939873181190933
2018-08-01,-0.0016705540076572545,-0.008146590098010775,-0.007328204929526905
2018-08-02,0.00544780475209139,0.0014350000560736653,-0.005384772884042377
2018-08-03,0.004284902502142529,0.0049738356702861974,0.003492853105171001
2018-08-06,0.0036672517343134814,0.0005869587124731623,-0.0051339744804317355
2018-08-07,0.003302435203112797,-0.00519761819545661,0.0022740706959851753
2018-08-08,-0.0004204450344608146,0.0010111106162640215,0.002792628802213759
2018-08-09,-0.0013659494903573988,0.008417924125469156,-0.0014794690881722028
2018-08-10,-0.006700282239013533,0.007263462905886531,-0.0004357279352805721
2018-08-13,-0.0037434306611103807,-0.002072084046939482,-0.01508416880379293
2018-08-14,0.006380626920634791,-0.00224228314729058,0.0009738014451408095
2018-08-15,-0.007467589644736816,0.005826723487290408,-0.016626844065553037
2018-08-16,0.008091907303707346,-8.261330829495428e-05,-0.0008094609704913935
2018-08-17,0.0035201308163608225,0.0012413734860279302,0.009270916232611892
2018-08-20,0.002139916889364324,0.006695392162378244,0.0049942495470025605
2018-08-21,0.002345292586033887,-0.003367126857006242,0.002928336094692563
2018-08-22,-0.0005938139346089999,0.003954619978325802,0.002211997942183075
2018-08-23,-0.001327751321518189,0.0015591220569162179,-0.009446452957847074
2018-08-24,0.006018313402042175,0.001966691964800482,0.01746886601762876
2018-08-27,0.00789551026436719,-0.005724440285171828,0.00376657902932398
2018-08-28,0.0004831620062903941,-0.006003709475218333,-0.007941321771505638
2018-08-29,0.005380814582496063,0.0013239047040314311,0.004574213948543848
2018-08-30,-0.004048512618609279,0.002148570337638267,-0.004903656511020316
2018-08-31,3.455153004505718e-05,-0.002308908602526083,-0.0011439392301669793
2018-09-04,-0.0017224114377523136,-0.0057813337372878415,-0.005109698001402485
2018-09-05,-0.0026915479293676547,-0.0026666067027592,0.0034534613352918964
2018-09-06,-0.0030100091749230007,0.0036761369558397927,0.0019414156485668688
2018-09-07,-0.0019429155084143002,-0.008489636058297334,-0.0027302937827557994
2018-09-10,0.0017383413111429213,0.003693549704447463,-0.000706542689065337
2018-09-11,0.0032970511742829167,-0.0076107885335381376,0.0006186451072049959
2018-09-12,0.00024260857702707028,0.0023599273743966087,0.008390716640166218
2018-09-13,0.005914124280718358,0.001513293629194612,-0.003591101333891067
2018-09-14,0.00017232433288327798,-0.0047848421618938985,-0.006504970809317334
2018-09-17,-0.0052944460928694426,0.0,0.005220350246058381
2018-09-18,0.0054263866942916295,-0.010460186465708232,-0.0014963310274801467
2018-09-19,0.001065178118753174,-0.005966485496863183,0.0038786565809445506
2018-09-20,0.008103901895786914,0.004630591375042625,0.0034246522572403126
2018-09-21,-0.000913545766870083,-0.0004271693829911438,-0.006825928084458366
2018-09-24,-0.0033220202028748647,-0.0025616508482197986,-0.00017619740455376842
2018-09-25,-0.0009275687535136301,-0.0010272919024612026,0.0015863250483771907
2018-09-26,-0.0029925254722252825,0.007027623072309863,-0.005279352979018381
2018-09-27,0.0027944784666069644,0.0006807812700788674,-0.008845643281780058
2018-09-28,0.00010340314383339155,-0.002636232723693843,0.006336448595585464
2018-10-01,0.0034740336228480384,-0.007341432727709374,-0.001685016298391906
2018-10-02,-0.0005828036348127785,0.0061129117551659284,0.011548397044346626
2018-10-03,0.0005486609413076771,-0.017371284438595813,-0.003951915050342092
2018-10-04,-0.007815483773681797,-0.007054176048684968,0.0005290529796950771
2018-10-05,-0.005597332532884525,-0.008594980859323309,0.002819877382429281
2018-10-08,0.0,-0.003361531913739113,-0.011072074713894375
2018-10-09,-0.00145921824766726,0.010118950043771946,0.0005331220730910857
2018-10-10,-0.03166331435527514,-0.002724220584725434,0.00248666770063255
2018-10-11,-0.022026341554953865,0.012160237475926428,0.025691013434101517
2018-10-12,0.013888307555761648,-0.0034828498948011877,-0.004750349180877911
2018-10-15,-0.0056169880049685705,-0.0004366999050328113,0.006682258271583086
2018-10-16,0.02186608917976085,0.0022726524600689135,-0.0017241116227775244
2018-10-17,0.00017823466548594347,-0.0059296111681336194,-8.63742311474347e-05
2018-10-18,-0.01444110326745085,-0.0003511532319380173,0.001122698440194414
2018-10-19,-0.0005425663169541517,-0.0021935233747781835,0.0007764317521294917
2018-10-22,-0.004488709661792933,-0.0013195298509073305,-0.002586010225269386
2018-10-23,-0.005090815309016117,0.003170600217264008,0.005876763551604158
2018-10-24,-0.03029856119190466,0.007548996802741126,0.0023198236435848507
2018-10-25,0.01794045725944371,-0.004181863816724696,-0.002228717024418514
2018-10-26,-0.017587425920774558,0.00603677859376428,0.0031786521678458524
2018-10-29,-0.005540296960227398,-0.0022612198585627574,-0.003939360261170033
2018-10-30,0.014818570161397426,-0.004968065182779369,-0.0043847864976440665
2018-10-31,0.010680855952382329,-0.0050808501764555425,-0.005613139108367582
2018-11-01,0.0106420260276332,0.0009269897286905415,0.01285276342099273
2018-11-02,-0.005923023464958432,-0.012432885835317875,0.00017151910256396619
2018-11-05,0.0055166074968313605,0.0039288016629950295,-0.0024003324100665413
2018-11-06,0.006328134869178381,-0.0006224920377393417,-0.002835798085983776
2018-11-07,0.02140913375055642,0.0013348396116483752,-8.619558903444346e-05
2018-11-08,-0.001815109181289909,-8.930118298156042e-05,-0.0021546152083956605
2018-11-09,-0.009768157338626016,0.00746610968116368,-0.011228151978489587
2018-11-12,-0.018685407417756927,0.006528439844493583,-0.007162820324765118
2018-11-13,-0.0018711249547906927,-0.0006135733794627729,0.0003518677181439944
2018-11-14,-0.006836446611689917,0.0006139500828898914,0.008267391966898296
2018-11-15,0.010436534206593961,-0.00043784770659560657,0.0011339606953078007
2018-11-16,0.0026004394769107986,0.005787067699025927,0.00740616997802257
2018-11-19,-0.01691448479038904,0.002789656266636742,0.0004324115306661991
2018-11-20,-0.018506242087174107,0.0003479447693786053,0.0
2018-11-21,0.003407794418705423,-0.0003478237459254574,0.0016426250921932617
2018-11-23,-0.006678893285954612,0.0010436680660097508,-0.0007768338236752159
2018-11-26,0.016144225755995834,-0.0022583696809510556,-0.0011228924348919422
2018-11-27,0.0033647993995786774,0.0011320736188231706,-0.00596681464067883
2018-11-28,0.023025176135789804,-0.004868987396594693,0.0037407596049732206
2018-11-29,-0.0021852754150579745,0.003931489961518819,0.0031201301691909933
2018-11-30,0.006095589218791719,0.003742355903571415,-0.0017279847238081958
2018-12-03,0.013241313945145938,0.0071008434500194895,0.007529883500850154
2018-12-04,-0.03240239997483951,0.016740677134041704,0.00609912432039339
2018-12-06,-0.0015172667816530927,0.0031405160737720816,0.0001707363609755319
2018-12-07,-0.023235851175751665,0.0018614464064037328,0.00810992789134457
2018-12-10,0.0018970030762264223,0.004138564247834653,-0.003471894702593792
2018-12-11,0.00022732889651089216,-0.0001682264178370918,-0.001189661703648759
2018-12-12,0.005035304617417191,-0.00445854956244951,0.0021269354947484054
2018-12-13,-0.0003390462562888885,-0.00236587377589903,-0.002207336227265433
2018-12-14,-0.018464827924801863,0.003472522085584684,-0.0039989894119348834
2018-12-17,-0.01961821406098807,0.005824185812330462,0.0069195729103175285
2018-12-18,-0.0010964706008820269,0.005988721791572393,0.0023754880187698557
2018-12-19,-0.01497598837756764,0.013210913784905687,-0.006093958623821227
2018-12-20,-0.016277891505304787,-0.003631391322149513,0.015413416962360094
2018-12-21,-0.020489495616915043,-0.00016534958393454868,-0.004360924625816387
2018-12-24,-0.02642287412427302,0.004969899901238861,0.010950096100037499
2018-12-26,0.050524747878127885,-0.010715479064601574,-0.002999441684935489
2018-12-27,0.007677354078065246,0.00016657937304942472,0.007604847107346435
2018-12-28,-0.0012898418917460797,0.00841406780197107,0.004064011487183938
2018-12-31,0.008758830707357168,0.0037999039057774464,0.0015694898830167503
2019-01-02,0.0010399870871795613,0.005267211238053848,0.0006598089159148834
2019-01-03,-0.0238623996179812,0.011379241790016037,0.009066170423806419
2019-01-04,0.033495735417425454,-0.011574877683542484,-0.00808623590052937
2019-01-07,0.007884481326006165,-0.0029483546211176437,0.003458482876331992
2019-01-08,0.009395261942788835,-0.0026286483907657088,-0.00270804061547536
2019-01-09,0.004673735317395122,-0.0015644032933420648,0.006418158373500793
2019-01-10,0.003527493122710723,-0.006433655371913871,-0.005886691481276518
2019-01-11,0.00038629792115307815,0.0039019363775978366,0.001727170986037363
2019-01-14,-0.006100926361834569,-0.003720893779365353,0.002380897199235621
2019-01-15,0.011460683300557939,-0.0036524902434263984,-0.0017200351443329431
2019-01-16,0.0024199426281572567,0.0009995475915531848,0.003199863787636481
2019-01-17,0.007586734622518021,0.00025025112224952295,-0.001308546962521917
2019-01-18,0.01331019550805057,-0.005242399415508969,-0.008926410300850951
2019-01-22,-0.013510862159875181,0.006775169126527203,0.0035531343340227117
2019-01-23,0.0020925670199938295,-0.0004154351511262977,-0.0013997379433262624
2019-01-24,0.0005316329712163892,0.006565970681103206,-0.0015666428373899421
2019-01-25,0.00846115785866397,-0.004789130766323035,0.01461726258147622
2019-01-28,-0.007600149660536237,-0.0009957208163678954,0.0034999210730881636
2019-01-29,-0.0013269953998139572,0.005065993529582702,0.005596580714432919
2019-01-30,0.0158309420102396,-0.0007434525069486275,0.005726722578225818
2019-01-31,0.008782300157922363,0.0085999340427787,0.00048117377030232333
2019-02-01,0.00048163584816496297,-0.0060395425732280295,-0.002004008016032066
2019-02-04,0.007035433152426718,-0.004464559385845446,-0.004337356751223598
2019-02-05,0.0041919195055120095,0.004567367507787523,0.002581475453272253
2019-02-06,-0.0013182742655025725,0.0004961869656345819,-0.006758902044908588
2019-02-07,-0.00953290927185202,0.006609694914770259,0.002430293392984062
2019-02-08,0.001221653910271181,0.004268554609568209,0.0037982966608789415
2019-02-11,0.0005545852800681317,-0.003923403042109808,-0.004911042708701019
2019-02-12,0.012859070467035494,-0.0025437135272645683,0.002103577179937588
2019-02-13,0.003247352502901979,-0.003784100467168372,-0.003956062177902009
2019-02-14,-0.0022182262749590453,0.005697750613922858,0.005592889654295163
2019-02-15,0.010896904463274293,0.0015602377760586261,0.005964900110646543
2019-02-19,0.0017308454730604605,0.0025412635222321622,0.015224309695700766
2019-02-20,0.0020151553482434803,-0.0028623790245411174,-0.0017363346220005127
2019-02-21,-0.003555668229693554,-0.00893849389648027,-0.011306137470128319
2019-02-22,0.006200308502914753,0.005957641445864192,0.0035985360836492397
2019-02-25,0.0013609980595405968,-0.002961257178121901,-0.0010358346885893654
2019-02-26,-0.0007154246943197329,0.004950243771913998,0.001675034536747555
2019-02-27,-0.0004296598414300634,-0.011328923596369278,-0.0070871108191714605
2019-02-28,-0.0018626392588444451,-0.0034049986073326766,-0.005613959130088775
2019-03-01,0.006244009445337317,-0.0092424687940601,-0.017017506627186707
2019-03-04,-0.0036375998495398187,0.007837424111333258,-0.0026255308667169075
2019-03-05,-0.0013600983563742952,0.002090644064778102,0.0013162525939691694
2019-03-06,-0.00605661250040801,0.0036712529987987796,-0.0009037184460104486
2019-03-07,-0.008365602996332044,0.006485022904626048,-0.0008222882461903502
2019-03-08,-0.0019999923091531535,0.004212456176172941,0.010945553273622899
2019-03-11,0.014501253385782231,-0.002961094053138047,-0.004884390198699684
2019-03-12,0.003770915403696673,0.007012594217445267,0.006053709964792153
2019-03-13,0.006619182202052931,-0.0018843252794391585,0.006992949727453013
2019-03-14,-0.0006398624483681115,-0.007223352010483075,-0.011547098821608426
2019-03-15,0.0049406028386005385,0.006614853901381279,0.004574769560006908
2019-03-18,0.0036257048346655107,-0.0005751567012136638,0.0005692420438265788
2019-03-19,0.0002481787344026376,-0.0022188706394601354,0.002763299214570525
2019-03-20,-0.003009999073319114,0.010460241087397515,0.006484057947534483
2019-03-21,0.011295065312913133,0.0022010159271690366,-0.004026413261163153
2019-03-22,-0.019246471375872654,0.015534482139491379,0.002344768069306058
2019-03-25,-0.000751957201989395,0.0016021358168638589,0.007663119616744263
2019-03-26,0.007453842918949682,-0.0007197851599254346,-0.004963137418149799
2019-03-27,-0.005229352150769362,0.009202616079684756,-0.005229296137734152
2019-03-28,0.003790785144450748,0.0034880709056783754,-0.014152850613865509
2019-03-29,0.006305368056637395,-0.0009478901471527967,0.0009023839948698598
2019-04-01,0.011859299092560782,-0.014203892779443672,-0.003934131206699276
2019-04-02,0.0004896852978792943,0.001849440732497376,0.0037028271386223555
2019-04-03,0.00157404097281022,-0.008667926131621706,-0.0014756542074283452
2019-04-04,0.002652797948246688,0.0028336237190469404,0.00254513588527594
2019-04-05,0.004840483319799471,0.0012916909963756051,-0.0010645913747292512
2019-04-08,0.0007622157550797315,-0.003547434493423096,0.004344964459018774
2019-04-09,-0.005124690129955534,0.0031555769663533795,0.0052240582686200465
2019-04-10,0.0034113219431093356,0.002419437976681982,0.003085645543724258
2019-04-11,-0.0002779204294607318,-0.0058735712569865095,-0.012790430232882732
2019-04-12,0.006766103184163708,-0.0071226623348302764,-0.0009839698252590567
2019-04-15,-0.000655031775947279,0.0025271186293078785,-0.0018879040751599296
2019-04-16,0.0006554611238112074,-0.006261129455481629,-0.008963785785923273
2019-04-17,-0.002447356034936732,0.0004090541126453573,-0.0019085831288392363
2019-04-18,0.001969212370201978,0.005235035324870685,0.0007482870651696061
2019-04-22,0.0008620476635885499,-0.004800938065176008,0.0
2019-04-23,0.008991927765034102,0.0021256825456745787,-0.002076929420084306
2019-04-24,-0.00221890300330041,0.008158674460088777,0.0029137401441747812
2019-04-25,-0.0006162217170851969,-0.0014568619898104318,0.0008300695036758121
2019-04-26,0.004656726610305029,0.003404023321122329,0.006635175033447016
2019-04-29,0.0015672340997914258,-0.006380953515377041,-0.004449212353194509
2019-04-30,0.0005106141990736113,0.005121315404374771,0.0030621129817147708
2019-05-01,-0.007516337264488526,0.004124939495968816,-0.0066006224629272525
2019-05-02,-0.0021590665197337433,-0.004762267334467274,-0.0038205903541769226
2019-05-03,0.009787678380091425,0.002838778699351785,0.005919618726200282
2019-05-06,-0.004114687276951634,0.0027493435416861,0.001326117121353887
2019-05-07,-0.016699808940897842,0.007661519755506996,0.003310996887363693
2019-05-08,-0.001389452476219244,-0.004321642550330851,-0.0024750055657883907
2019-05-09,-0.003026107471111872,0.004099191035541905,0.002398422606480155
2019-05-10,0.005023789570740345,-0.0013606173730531523,0.001897717514232511
2019-05-13,-0.025130257270192358,0.0078555534028657,0.010211626950944463
2019-05-14,0.009043473928437296,-0.0029429052962540725,-0.001711902564663248
2019-05-15,0.005857819112300433,0.006142338624956611,-0.0005716127335255727
2019-05-16,0.009261237332953254,-0.003330205445815193,-0.007190107507202059
2019-05-17,-0.006464897455549012,0.0022277552975227266,-0.007077611679961793
2019-05-20,-0.006612359976454152,-0.0020636894658390137,-8.290208125960596e-05
2019-05-21,0.009015871162812328,-0.0015907535359207525,-0.002320944800343727
2019-05-22,-0.0030719690000702293,0.005735265880556284,-0.0009970317877491253
2019-05-23,-0.012218067240780228,0.011248052625314031,0.007734533613593886
2019-05-24,0.0022680358385898103,0.0008615051579101696,0.0010729131367257505
2019-05-28,-0.009300298541594976,0.007200026578171093,-0.0038747008151563955
2019-05-29,-0.00671089719424145,0.0030298023657586715,0.00033105118696652447
2019-05-30,0.0027313488680580367,0.00859899525044483,0.0067841455794739325
2019-05-31,-0.013475425023457444,0.012519241602799713,0.013476862164072179
2019-06-03,-0.0025427858561215544,0.006689156111962635,0.014432812396575123
2019-06-04,0.021706661916592873,-0.011401693307415917,0.0003197259638094696
2019-06-05,0.008662443239282558,-0.00565176415128732,0.00255692921232642
2019-06-06,0.0065021936148614845,0.0032260355211011227,0.003267681746441209
2019-06-07,0.010007415373746609,0.008651335113725178,0.0056402851919619135
2019-06-10,0.004588982875235903,-0.009412455453020496,-0.00995334973762696
2019-06-11,-0.00024235836551256273,0.000613418550633904,-0.0011968524989021123
2019-06-12,-0.0017652245473783745,0.0007652396900281744,0.00519253494403471
2019-06-13,0.0041259052983841915,0.0034439712240912357,0.006119340633088832
2019-06-14,-0.00110473611479589,0.0025162645762315528,-0.00031596300165459557
2019-06-17,0.00038019871547323447,0.0017501894743565671,-0.0006320654488249922
2019-06-18,0.010470974972877967,0.005011699255150992,0.005060083591572395
2019-06-19,0.0022566955138361156,0.0014353215431819333,0.006057242183997058
2019-06-20,0.009554642094386168,0.002641005140374464,0.025177896911959374
2019-06-21,-0.0014533485448949834,-0.01098683273242318,0.006635612181659978
2019-06-24,-0.0012244980546679551,0.0074566374947280245,0.014850786310930397
2019-06-25,-0.009808109413789068,0.003096722780813632,0.0019411266395166216
2019-06-26,-0.000997396307401699,-0.006400153103536255,-0.009165393111099984
2019-06-27,0.0035462701211499414,0.007047108513272393,-0.000977700846950591
2019-06-28,0.005145696563684021,-0.0006771464867120214,0.0027100317696175935
2019-07-01,0.00907843785068807,-0.0023387626823274665,-0.019369383559800002
2019-07-02,0.0026040970028706756,0.007713208695812268,0.021359735486276676
2019-07-03,0.007995303158475409,0.007129090268741312,0.001649060899963084
2019-07-05,-0.0011378613026368223,-0.013262876351960218,-0.011150231525253074
2019-07-08,-0.0054947730574923526,0.0013593476096405155,-0.006432617734537516
2019-07-09,0.001246343243726411,-0.00037730047004902456,0.0035037454291328984
2019-07-10,0.004778203576061069,-0.005506625805964616,0.015787490178783115
2019-07-11,0.00234417941722187,-0.013350788754738163,-0.008443584154164463
2019-07-12,0.0044770634908266604,0.0011533552118783152,0.006254723814186791
2019-07-15,0.0003323213795070057,0.005759266720619438,0.0
2019-07-16,-0.0032250088784395725,-0.002977571932998302,-0.008462554430785363
2019-07-17,-0.006805186991840628,0.010798230168729717,0.01646531748539748
2019-07-18,0.003660953623417784,7.55297923742404e-05,0.014117951186161548
2019-07-19,-0.005554929694714161,-0.002348507292381008,-0.014727392803034478
2019-07-22,0.002456766594889581,0.0018982548256376575,-0.00014876383044060137
2019-07-23,0.007149823614386985,-0.005456801007825751,-0.005652618252780628
2019-07-24,0.0046995153582540805,0.00434342237308627,0.005086339018351538
2019-07-25,-0.004777102916495135,-0.004779860008556902,-0.007070008058076338
2019-07-26,0.006699924243209532,0.0023634761553394945,0.001648937368628589
2019-07-29,-0.0018208802249162215,0.0003040288757392151,0.006659678193005059
2019-07-30,-0.002454880154869943,0.002433563731562449,0.003344956160896251
2019-07-31,-0.010940450759429399,0.008040750350292836,-0.013112972808538625
2019-08-01,-0.008707874872609822,0.01986053814328881,0.02402219643390402
2019-08-02,-0.0075295402132428135,0.009241052864668253,-0.0038120684590625675
2019-08-05,-0.030073019377117594,0.017287967748104593,0.013981852270352535
2019-08-06,0.01402310066853052,0.007993476432965885,0.008128386897085838
2019-08-07,0.0005907343262210318,0.0003565913325327408,0.015189695160357397
2019-08-08,0.019619932543460727,0.002143205130995307,0.005034686098196239
2019-08-09,-0.006811891081113575,-0.0019960869452197993,-0.0033161732510501585
2019-08-12,-0.012173151101550372,0.020849810390529466,0.009698502260031328
2019-08-13,0.015551792061117897,-0.003427520569255549,-0.005959518154781018
2019-08-14,-0.0295677000960215,0.022529687790101338,0.0068415942238304606
2019-08-15,0.0026418434185715434,0.011119723168068196,0.0066549698650941735
2019-08-16,0.014755223099381709,-0.008010188732429202,-0.006402214255277094
2019-08-19,0.012047310221953378,-0.014302953453010692,-0.011696303286335752
2019-08-20,-0.007662062661307645,0.010344458522494104,0.007795380191040424
2019-08-21,0.00813508481950298,-0.006664736595926146,-0.003164420123660472
2019-08-22,-0.00030766037345952846,-0.006640887589736355,-0.0025395077899371676
2019-08-23,-0.025687604800886388,0.016434664190766224,0.019589847185487175
2019-08-26,0.01105838058414399,-0.0040421048087015965,0.00013875475282665306
2019-08-27,-0.00392360287956206,0.01540835190161527,0.00957073902105865
2019-08-28,0.007041455311860956,0.0012874571837582227,-0.002816539407023644
2019-08-29,0.012773147666609974,-0.0037890102460623742,-0.007164566813753437
2019-08-30,-0.00044430355706237545,0.00027118165655437565,-0.0025672712303844714
2019-09-03,-0.005847049569379537,0.0012926344286958713,0.013913043478260834
2019-09-04,0.011350289538000657,0.0014947655544768068,0.006243592878966586
2019-09-05,0.012855425176792945,-0.018110418350955948,-0.024001119491110168
2019-09-06,0.0007719654647029284,0.007115335557569491,-0.008523132778435305
2019-09-09,0.0005037379464933878,-0.017765170290962473,-0.0037344897557421985
2019-09-10,-0.00023519359946977403,-0.01752836152773507,-0.008557937047107611
2019-09-11,0.007111320019717926,-0.001777016026278666,0.006063676329913781
2019-09-12,0.0034635162293996657,-0.006550631067877011,0.002056360685188219
2019-09-13,-0.0006634555150496491,-0.02135869463484108,-0.008279177519783909
2019-09-16,-0.003088676700618853,0.01274355120037507,0.008348294532203537
2019-09-17,0.0025320623549913712,0.005423686590523946,0.0019813102518067005
2019-09-18,0.0005980010769410793,0.004243366037451235,-0.006285306153149484
2019-09-19,-6.667925415326792e-05,0.003008236328343905,0.004050828215713009
2019-09-20,-0.004724775936030379,0.013211273900247456,0.011820485442912032
2019-09-23,-0.00023438812123710573,-0.00021210066277665973,0.005596383832365381
2019-09-24,-0.007847186440570919,0.012054492466420541,0.005286918308423871
2019-09-25,0.005915052356690653,-0.014627285366637932,-0.018545379403875573
2019-09-26,-0.002083535401562475,0.006432665344186628,-0.0002820880237280887
2019-09-27,-0.005387086918730133,0.002457949866264464,-0.005148429100112373
2019-09-30,0.004637452511584206,0.002452251082021073,-0.015525325955691782
2019-10-01,-0.011894336005100703,0.0030107921392810155,0.005472814807717441
2019-10-02,-0.017664857392911015,0.0024433446563356664,0.011673634369571584
2019-10-03,0.008193184854900837,0.00912190935051349,0.004530648552570016
2019-10-04,0.013532056977155094,0.007382831927121192,0.0
2019-10-07,-0.004314634071070023,-0.00828832489363085,-0.008527071931805796
2019-10-08,-0.015524937085886648,0.0026941933978159582,0.00874259511120079
2019-10-09,0.009496559113780334,-0.005648892718413956,0.0009160434363713055
2019-10-10,0.006763322076531075,-0.014893955569756923,-0.008729359144837523
2019-10-11,0.01036687702705752,-0.012377511064656121,-0.005539370732339566
2019-10-14,-0.001113421101879175,0.007262907386619499,0.003999125640758994
2019-10-15,0.009900314754228035,-0.012088266401222514,-0.006970593591764218
2019-10-16,-0.00160612841327612,0.001217018439223505,0.0057302703836425994
2019-10-17,0.0029485164737406144,-0.0024303435853081368,0.0014243781997433924
2019-10-18,-0.004376777683009259,0.0,-0.0010667370445437419
2019-10-21,0.006779034066119793,-0.00752222034473371,-0.004770136663166058
2019-10-22,-0.0032665422675496325,0.005846871580699187,0.002932997222985456
2019-10-23,0.0029095332954667263,0.0010049941219982816,0.0023537934253772264
2019-10-24,0.001633645582043819,-0.0020073672918716756,0.007115918371069618
2019-10-25,0.0040955424964059794,-0.004885156989002715,0.0023316740895991117
2019-10-28,0.005636122498541063,-0.009096397201226902,-0.008600036764796815
2019-10-29,-0.0002966219156561589,0.0006555953874949338,-0.0027730332148816483
2019-10-30,0.003067408079009626,0.014634078639497394,0.005490226541611021
2019-10-31,-0.0026634400512488554,0.013490577904778256,0.009998499224238566
2019-11-01,0.009264135507073501,-0.0030784932075462734,0.000912763389017579
2019-11-04,0.0040175798930439655,-0.013161577085079923,-0.002876007780098777
2019-11-05,-0.001106414577526471,-0.011246463350927605,-0.016180006273117664
2019-11-06,0.00022825626241829156,0.006051851579290446,0.004290245395359271
2019-11-07,0.003516623025220378,-0.01811874617692344,-0.015521486102876958
2019-11-08,0.0024661868210207327,-0.0042069042252466105,-0.006364394703267995
2019-11-11,-0.0019097237347645013,0.0006668213640603771,-0.002401934875323586
2019-11-12,0.002108032520438785,0.004592846687407004,0.0026995120660886496
2019-11-13,0.0003238147335486996,0.006488518929094189,0.004002059820052306
2019-11-14,0.0014554972887390605,0.010329942571262407,0.004203521155341949
2019-11-15,0.007236694088761597,-0.001087914430024206,-0.0025259154943226836
2019-11-18,0.0007374402084256992,0.0018147140400024409,0.0029664162029099383
2019-11-19,-0.00028854782162568426,0.008332766135943359,0.0005050304911609071
2019-11-20,-0.0037190916101754734,0.010347527357431385,0.0005046655432805469
2019-11-21,-0.0016084454591701602,-0.006258568103999496,-0.005477043362080103
2019-11-22,0.002223592855875811,0.0012882650642758176,-0.0018840181654777854
2019-11-25,0.0077502689202229025,0.0029304727829422283,-0.004791662812458131
2019-11-26,0.0022656925215935875,0.005844751165606121,0.004814733391401704
2019-11-27,0.004457725998427753,-0.0029057908539137367,-0.005299919828770094
2019-11-29,-0.0037087014244736594,-0.002131652282085006,0.006203971517371398
2019-12-02,-0.008494672124260028,-0.013333002066520327,-0.0005078146228696401
2019-12-03,-0.006706767862141749,0.020967616618161156,0.00957984896245434
2019-12-04,0.006170134371525471,-0.00998513457032102,-0.0013658431498282386
2019-12-05,0.001798241165236858,-0.0048639721748898745,0.0005758841931267078
2019-12-06,0.009133897187693973,-0.005535085731176559,-0.009928092682104261
2019-12-09,-0.003143908139712104,0.002168485326091263,-0.00029060665275248976
2019-12-10,-0.0011151948948855406,7.233464464784234e-05,0.0028347098739491816
2019-12-11,0.0028387449300653067,0.007860870714499146,0.00688553265084435
2019-12-12,0.008619142695504234,-0.016457969870312117,-0.003527249493396556
2019-12-13,0.000598987259585515,0.01156787860709052,0.004478873140076667
2019-12-16,0.006870022295366818,-0.008990213256782176,-7.198680622300113e-05
2019-12-17,0.00021924210678392342,-0.0013792188990294774,-0.00021575647831872935
2019-12-18,6.243135051864357e-05,-0.008212096432595462,7.200752478642158e-05
2019-12-19,0.004098946565679551,0.0015998604710956155,0.002589559770448613
2019-12-20,0.004384165086839253,0.0013189381948015555,0.0010044438566789715
2019-12-23,0.0015279059702635323,-0.001463480945559703,0.003081942822633188
2019-12-24,3.11639636183525e-05,0.0028584133193025885,0.009431992518777577
2019-12-26,0.005323347835068271,0.00241115212210663,0.007857298625196796
2019-12-27,-0.0002480875076069644,0.0010940259783216444,-0.0003511943393945671
2019-12-30,-0.005513306151348929,-0.0036414590101601085,0.0021077991140190377
2019-12-31,0.0024292430942740584,-0.009793614077623691,0.0018929327941459295
2020-01-02,0.00935234279780972,0.01129323669866511,0.0073478173310379535
2020-01-03,-0.007572472266525021,0.015400200901689365,0.013268521727000326
2020-01-06,0.0038150741483060635,-0.005678481655403411,0.010489502076611812
2020-01-07,-0.0028116121578665165,-0.004915738691243621,0.003935150508558971
2020-01-08,0.005329416401257392,-0.006611237333842723,-0.007501524641443713
2020-01-09,0.006780594971153242,0.003510042076445785,-0.005651653463197515
2020-01-10,-0.0028776418014472283,0.00889096519173882,0.006026192495848015
2020-01-13,0.0068771994600620445,-0.0030335727879837737,-0.007419483430124996
2020-01-14,-0.0015246907511656804,0.005144089749731684,-0.0008915435213457945
2020-01-15,0.0022600085435358075,0.006631412526186153,0.005834242779070742
2020-01-16,0.008318305004448856,-0.0031505592220981704,-0.0015695082440052577
2020-01-17,0.0031127648042990064,-0.008548147905739545,0.0018454259925253513
2020-01-21,-0.0019585662234216095,0.010506095172093444,0.0010915790702048511
2020-01-22,0.00012076212115674778,0.0035133956667474653,0.0003406555206315609
2020-01-23,0.001147152146547592,0.007001326304173716,0.002248122121045526
2020-01-24,-0.008892984330394427,0.008088587971219363,0.005845572586286041
2020-01-27,-0.01602955542523088,0.015554961969328929,0.006825312844883635
2020-01-28,0.010479053380931802,-0.00783133054137719,-0.008926785569624784
2020-01-29,-0.0008257058135752171,0.009779292775200288,0.005417872354848807
2020-01-30,0.003245177745208716,0.00013821155152715647,6.732120695107646e-05
2020-01-31,-0.0181579005176572,0.00912964027456642,0.005792420039608892
2020-02-03,0.0074282645345868925,-0.0008098007041468236,-0.006495688802043542
2020-02-04,0.01524166333540955,-0.01346705576426388,-0.01300895070524588
2020-02-05,0.011547847426664148,-0.010934923657682227,0.0012293105482077404
2020-02-06,0.0033648880858379027,0.00450674708117349,0.005388399719282511
2020-02-07,-0.0053296373589073465,0.012477780295886198,0.002645857569860688
2020-02-10,0.007465251252422256,0.0027697792209810945,0.0025712490701368385
2020-02-11,0.0017329160516563746,-0.005039944448521183,-0.0034419552752806837
2020-02-12,0.00644272964981818,-0.005066633584336455,-0.0008127480224853212
2020-02-13,-0.0010669475081274138,0.0038365311439769734,0.00569345014846645
2020-02-14,0.0016022796453272203,0.004377606533937373,0.004178427664004669
2020-02-18,-0.002577139138539186,0.00684886558359632,0.012818816524224008
2020-02-19,0.004781423142028451,-6.919624322432316e-05,0.005831221275388376
2020-02-20,-0.004108249103358386,0.007833237886933464,0.004084659090851872
2020-02-21,-0.010298533978892466,0.009341103093867709,0.015025216397275942
2020-02-24,-0.03316516744320952,0.014928542676893919,0.008985128746405113
2020-02-25,-0.03030199820233237,0.005324299685664391,-0.017874260693127697
2020-02-26,-0.003678451647170178,-0.0052961016532966365,0.004370503298157802
2020-02-27,-0.04491197364943522,0.010848692270279736,0.00019483522153040944
2020-02-28,-0.004201109492625865,0.022583259620704954,-0.03649347478693177
2020-03-02,0.04330643881742491,-0.007357123741366101,0.005526297603759334
2020-03-03,-0.02863225357247845,0.01552555215014606,0.031434333360162325
2020-03-04,0.042032746156513756,-0.010618712054748958,0.0017545277375516921
2020-03-05,-0.03324158802145816,0.02489171445068883,0.021600945458936538
2020-03-06,-0.016531074508220334,0.05204375852594101,0.00038096105467699815
2020-03-09,-0.0780944595527564,0.02710285484619601,0.0016502348575044845
2020-03-10,0.051745015847187714,-0.05125783025930564,-0.02110133630677158
2020-03-11,-0.048748288250243244,-0.03679748806132199,-0.0035603512879937016
2020-03-12,-0.09567754799707617,0.006196943188726989,-0.0398882588306293
2020-03-13,0.08548629150401088,-0.02260317276495105,-0.03051623730778741
2020-03-16,-0.10942372475970041,0.0647655001751406,-0.011446115323986206
2020-03-17,0.05399211711279439,-0.06668309844262277,0.0135554799295321
2020-03-18,-0.050632853556292545,-0.05641242221966292,-0.019921988429849713
2020-03-19,0.0021247878124242003,0.02722545568645862,-0.018905499074657994
2020-03-20,-0.04309408562035899,0.0751954986708403,0.014995707221804766
2020-03-23,-0.025568302287858224,0.041209240623257815,0.044179590424960224
2020-03-24,0.09060329767966913,-0.018614300040880494,0.048530353360380474
2020-03-25,0.014970490829806948,-0.002271104574921745,-0.01368964099270864
2020-03-26,0.05838959031698798,0.004921473670885579,0.012822223412266576
2020-03-27,-0.02978564390453231,0.0266927451267438,-0.006460489804721581
2020-03-30,0.0324755190474173,-0.00822917176729776,0.004400644787818209
2020-03-31,-0.014905311165162138,-0.00811679247329078,-0.03184668568859872
2020-04-01,-0.04500492870631323,0.014011319799851707,0.009456223354449733
2020-04-02,0.02307554800251621,0.0063450592619958,0.0163934225377782
2020-04-03,-0.014454226289862704,0.0023799343805823714,0.0049374590529023266
2020-04-06,0.06716648145280968,-0.0026114484767575386,0.027710521817620126
2020-04-07,0.001019034096674698,-0.010472373024198012,-0.005354484768834378
2020-04-08,0.03356853296679252,-0.00727595990391916,-0.008907968786563414
2020-04-09,0.015217344699973712,0.001816989694531257,0.026123560972308058
2020-04-13,-0.009130238961169823,-0.009129464820308186,0.017140343933811808
2020-04-14,0.029493199175900653,-0.000245206030103029,0.007868093580683189
2020-04-15,-0.021248437476909632,0.02649010213737446,-0.005101958505246418
2020-04-16,0.004824445567125357,0.01135681274493483,-0.0008649946516461338
2020-04-17,0.02701534322091792,-0.013404863081176055,-0.019417471147623044
2020-04-20,-0.017617719113719232,0.00804480782025685,0.007126124562213176
2020-04-21,-0.030363139017438923,0.012591597511814934,-0.006825274631933054
2020-04-22,0.022194242962145116,-0.01021589767828468,0.019670860003665247
2020-04-23,-7.17917509728272e-05,0.005308111180364783,0.00995486708021609
2020-04-24,0.013938915980029165,0.002346498827619392,-0.004285520778353313
2020-04-27,0.014418282032036878,-0.018613524852233998,-0.006640444141094992
2020-04-28,-0.0045983310251042075,0.011511377517872345,-0.004456556273727319
2020-04-29,0.026178397748795268,-0.005189000754726059,0.005533445721913166
2020-04-30,-0.009310626544321576,-0.011676713782384107,-0.018116569301821484
2020-05-01,-0.026473115472893105,0.00856333253851016,0.00617125761149806
2020-05-04,0.0027582818781646257,-0.00470412362294681,0.003504803873276119
2020-05-05,0.009238977208730903,-0.0064009685609177636,0.004241037483481591
2020-05-06,-0.006778835871272926,-0.01613578559017148,-0.012855591040204617
2020-05-07,0.012066966023316805,0.016706420425268043,0.015350754880484763
2020-05-08,0.016545944792086598,-0.01300170002460077,-0.006010293229887331
2020-05-11,0.00020520924172284793,-0.007805165430682548,-0.006233636774804485
2020-05-12,-0.01993136743841606,0.010264585504146106,0.0038890673962401756
2020-05-13,-0.01768565185704396,0.006996469769235958,0.00962264814750724
2020-05-14,0.011966936147106644,0.00978715500959848,0.008850059782004704
2020-05-15,0.004597088156544249,-0.0025729916613348447,0.0056438144895878395
2020-05-18,0.030460001374245538,-0.021954346199210883,-0.007564144999551381
2020-05-19,-0.010271607857862408,0.0037419111852476927,0.00965020617044443
2020-05-20,0.016988306246874973,0.0029937772805908036,0.0023742810342795018
2020-05-21,-0.006904003292883765,0.00249755936714835,-0.0145763375976391
2020-05-22,0.0018989859997189384,0.006016369044108627,0.005916836449104457
2020-05-26,0.01232046410386145,-0.013410260948311103,-0.014214859559966153
2020-05-27,0.014878724953534261,-0.0018370194447223653,0.0018024320171106112
2020-05-28,-0.0018441019441749473,-0.0036800068758471305,0.003350344766475555
2020-05-29,0.004455466048054468,0.007141262221995515,0.0073584122707384125
2020-06-01,0.00404174390629497,-0.006732416746529246,0.004603768848692402
2020-06-02,0.008279814122753582,-0.003636067018035982,-0.0064768271714218395
2020-06-03,0.013308598509558012,-0.013297052727947678,-0.01845018380928054
2020-06-04,-0.0026266545732800406,-0.014479073548513965,0.010526269495827023
2020-06-05,0.025629436656530835,-0.007122683586699763,-0.02027532426346157
2020-06-08,0.01208732474577734,0.0038429275645701644,0.010822142733466267
2020-06-09,-0.007456707391045314,0.011358238551754996,0.00964183116931494
2020-06-10,-0.0055801511344107935,0.014828124453970526,0.014324773012967418
2020-06-11,-0.05764873807012216,0.0189007225095974,-0.007214084989501601
2020-06-12,0.01197581784081403,-0.009641804381784191,0.0014163170663434865
2020-06-15,0.009335456506711637,0.0005549949488521388,-0.0017832572551969017
2020-06-16,0.019247808858915638,-0.015333079428600627,-0.0004928345355281749
2020-06-17,-0.00415392870000153,0.004127198440933677,0.0019106166939522051
2020-06-18,0.0003851080037853283,0.010587999508326451,-0.001968455156468263
2020-06-19,-0.005714933566686287,0.0008011233248632621,0.011032995719469696
2020-06-22,0.0064150797536526305,0.00012312484723087103,0.006462217682632332
2020-06-23,0.0046037586249128015,-0.0068343497176832635,0.008419646377624934
2020-06-24,-0.02550883383257685,0.010724957596569329,-0.0034839130582626776
2020-06-25,0.010720682186593278,0.002882925241664891,-0.0006027175913517757
2020-06-26,-0.023751362839674828,0.010703729599307765,0.004463149702982783
2020-06-29,0.014697391253640113,-0.0031477404697758393,0.0005404803669293301
2020-06-30,0.012809738753818856,-0.004856270922782291,0.004440918278166173
2020-07-01,0.00700466221633822,-0.0019415815938965686,-0.004481089931769877
2020-07-02,0.005507229085255805,0.0010401575514840111,0.0021606086958432247
2020-07-06,0.01543714211480851,-0.004095436798308927,0.005988741319838731
2020-07-07,-0.010313808307634287,0.014056245582203974,0.006310260659329048
2020-07-08,0.007648708578120056,-0.0039953379724421145,0.006211565862881185
2020-07-09,-0.005693092240273034,0.015922187480843952,-0.0027044004055614135
2020-07-10,0.010210824555521025,-0.00502488727289252,-0.0025938951172596036
2020-07-13,-0.00865923006017888,0.003307012342897764,0.0012411575864292868
2020-07-14,0.012959259950820812,0.0014380502981683474,0.004663568910189042
2020-07-15,0.009186922927375551,-0.004667228011047797,0.0008813320073604025
2020-07-16,-0.0032935518642267514,0.004749309597982032,-0.009451688651900159
2020-07-17,0.002899180120332856,-0.002094488658117233,0.008238009985450212
2020-07-20,0.0080815682273927,0.0024585577235320955,0.004820170160796611
2020-07-21,0.0021274471747643187,0.0005983524296913068,0.012050997596656066
2020-07-22,0.005692382735630996,0.0029888707965664008,0.015202340363078104
2020-07-23,-0.011931873654952185,0.011680931625897673,0.008825301770064575
2020-07-24,-0.006440410732533541,-5.866129068532455e-05,0.008578870839228259
2020-07-27,0.007292234670103648,-0.0037118479618731826,0.019753770786684832
2020-07-28,-0.006342137933785019,0.006918351328723427,0.00834113103275036
2020-07-29,0.012298860726684957,-0.001702922030104026,0.0075102306547618625
2020-07-30,-0.003568141441383621,0.006588885298245195,-0.007400261112960993
2020-07-31,0.007902223234226069,-0.0006427318387842718,0.00908793109962347
2020-08-03,0.006952031490165433,-0.005034627826620008,0.0011325390830079218
2020-08-04,0.0038626308805869147,0.009531901131210052,0.021277725496816835
2020-08-05,0.006211107785606407,-0.008743201548306101,0.009283241730161151
2020-08-06,0.0066845461379563265,0.005586375564429202,0.013274069532868138
2020-08-07,0.0007182140714054874,-0.0066655695067669996,-0.01588530528005727
2020-08-10,0.002988363892806767,-0.0044742906381662895,-0.003458957447482258
2020-08-11,-0.008254618578041772,-0.011884646241226537,-0.05369440853432972
2020-08-12,0.013942407362451448,-0.009095921346585656,-0.004668202325739945
2020-08-13,-0.0018075645880754054,-0.010689352261627594,0.023618065792215592
2020-08-14,2.981005387847624e-05,-0.003907263710054232,-0.0043092158240957135
2020-08-17,0.0031764961323346164,0.0025131669221900577,0.02169391289315903
2020-08-18,0.002160058299802925,0.007151618822939243,0.009008003623491856
2020-08-19,-0.004163627793125624,-0.006251396773582996,-0.03156545548841261
2020-08-20,0.0031135688613634915,0.009039911331153228,0.006913929262821528
2020-08-21,0.0035474735284004577,0.005992312767820529,-0.008010905834894388
2020-08-24,0.010133222078218429,-0.0016244215831178188,-0.005658401286623649
2020-08-25,0.003499085970210425,-0.007654319425299927,0.0012154763574758753
2020-08-26,0.010025769572259868,-0.00382614065203124,0.011808847672626355
2020-08-27,0.002186404837091871,-0.017009032584952566,-0.011561927956646234
2020-08-28,0.0064598540458471465,-0.0007439203758442536,0.0173802350530341
2020-08-31,-0.003623118197496389,0.006640591015572905,0.002386259791001155
2020-09-01,0.009418691190693718,0.011438015199883633,0.0011902895553947967
2020-09-02,0.014464339469130172,0.009520304094594145,-0.013131628719242117
2020-09-03,-0.03441450320132,0.0028412693116219856,-0.00810423703378893
2020-09-04,-0.008164513762601633,-0.018989058083492605,0.0027602959130217375
2020-09-08,-0.027322958877182946,0.006145368559875575,-0.0019269219593246456
2020-09-09,0.019747259032391273,-0.002687599634626725,0.00970825655471863
2020-09-10,-0.01736372060835145,0.005082658693232434,-0.0032231430104036063
2020-09-11,0.0005092482499367001,0.0021323716025767325,-5.486005292487661e-05
2020-09-14,0.01317122000736659,-6.006976146377685e-05,0.007892586821005798
2020-09-15,0.005052409335330577,-0.002432356210697151,-0.0023927480714920346
2020-09-16,-0.003968769659973614,-0.002986769800722766,0.0028345831622316187
2020-09-17,-0.008795131961700231,0.003056679952471608,-0.005489995652194879
2020-09-18,-0.011512577703781779,-0.0031080298564634123,0.0013117087099276947
2020-09-21,-0.011129381909633529,0.005074379501540438,-0.020087296599797022
2020-09-22,0.01018390794155044,-0.0007909112468206247,-0.004846314367596194
2020-09-23,-0.023191002478215705,0.0013395763265053873,-0.021606497297661065
2020-09-24,0.002665439606233111,0.0038297989431057555,0.003718800733685912
2020-09-25,0.016167342333748058,0.0,-0.0028499771605223767
2020-09-28,0.016609239874907145,-0.0028468771432502704,0.01006056066236427
2020-09-29,-0.005445894191826395,0.0011548975141599804,0.008432402483858015
2020-09-30,0.00758178889025829,-0.009585474386553883,-0.006004867330144381
2020-10-01,0.006420193752046943,0.0016496675476989076,0.008920516455577454
2020-10-02,-0.009494674975282558,-0.003734273213559791,-0.0008953758525005462
2020-10-05,0.01773303828362849,-0.01953967988484373,0.004872915921881216
2020-10-06,-0.014216013617498802,0.005390053505452519,-0.011760774579356315
2020-10-07,0.017406691338152314,-0.007292868544715558,-0.0004512229536247636
2020-10-08,0.008862361127268015,0.005399734167998549,0.0035549310375408982
2020-10-09,0.00893034846648888,-0.00018767952235043683,0.018161347296547614
2020-10-12,0.016087646886528084,0.003186328763273183,-0.002871682500567352
2020-10-13,-0.006525855192714647,0.007160288022914685,-0.015728823528417535
2020-10-14,-0.006283748114630505,0.0022874111028867716,0.003094772946095059
2020-10-15,-0.0012358957711456897,-0.0017271184580598398,0.003646120384284801
2020-10-16,-0.0006041803084519959,-0.0027806176278256656,-0.0034652086045857677
2020-10-19,-0.015203451298442361,-0.0037800854004109707,0.0005047466985432791
2020-10-20,0.004005796959906327,-0.009515451276595699,0.0048209014703402
2020-10-21,-0.0018926339245163293,-0.003453471562989585,0.007531414803434444
2020-10-22,0.005484889396474291,-0.010397244603940758,-0.009800687777642758
2020-10-23,0.0033953483249056227,0.006112845859077121,-0.001062475196895396
2020-10-26,-0.018479878925622417,0.0093030467748636,-0.0005037860400700644
2020-10-27,-0.0034474723625509407,0.006709471814501988,0.0026323226696718383
2020-10-28,-0.03417904107451464,0.0009348538732727452,-0.01614344386479838
2020-10-29,0.01016376914876238,-0.009708664575675208,-0.004144728133141373
2020-10-30,-0.010425096891635732,-0.00986517501746298,0.004561020978312902
2020-11-02,0.011208411686149944,0.007490446662280714,0.009704919089013941
2020-11-03,0.017655933944358493,-0.005801345006185454,0.005676996717700833
2020-11-04,0.022349116793809465,0.021692254875609995,-0.0005588578456844351
2020-11-05,0.01950301955057765,0.0017382284887099697,0.022983923404670703
2020-11-06,-0.00022843505682745846,-0.01208492868561939,0.0014213621387162423
2020-11-09,0.012565667697907124,-0.02101472402431559,-0.04427097823171633
2020-11-10,-0.00146664351811987,-0.005767137527994515,0.0033127817282887495
2020-11-11,0.0074286390850288875,0.003608743437357509,-0.004326595410341194
2020-11-12,-0.009700963609310054,0.017017905498893482,0.006060679556170845
2020-11-13,0.013844375919104479,-0.0013261538547150176,0.006819714153532219
2020-11-16,0.012482457661971536,-0.002402296564869122,-5.650127239831271e-05
2020-11-17,-0.0053781128884812235,0.006528258418539545,-0.0036691725592956637
2020-11-18,-0.012034615995729747,0.002896066251822038,-0.005722348480656891
2020-11-19,0.004209988801526121,0.005148757642038593,-0.0018804594035273237
2020-11-20,-0.006847930011812053,0.008870242808604045,0.0030257979459697992
2020-11-23,0.005994496143343353,-0.004581707206583019,-0.0196938167555728
2020-11-24,0.016113645001198496,-0.009952244165621571,-0.015328336846880064
2020-11-25,-0.0015415388563387866,-0.0030783441883406315,-0.0004717367343725076
2020-11-27,0.0027848604939522126,0.00970508357222788,-0.010146901518740647
2020-11-30,-0.004427211175522583,-0.0012483869463233432,-0.006674981596057172
2020-12-01,0.010937474218153165,-0.014744651724896363,0.0210595460814611
2020-12-02,0.00210398721448124,-0.007936011619344874,0.00752153069206285
2020-12-03,-0.0002726597090747518,0.008063588401899136,0.007873502810363364
2020-12-04,0.008617406572603015,-0.014665788657023726,-0.002835427586930339
2020-12-07,-0.002054712613315246,0.009020687545861161,0.014914066598165077
2020-12-08,0.0029259277674380524,0.00472558474235929,0.003487910186290799
2020-12-09,-0.008968935337942296,-0.0033049525444206473,-0.017094017094017144
2020-12-10,-0.0003269583061580317,0.008863639207872476,-0.001913054093070632
2020-12-11,-0.001172628797239672,0.003539161890571796,0.0018586706605219216
2020-12-14,-0.004477061614517441,-0.002770583594674858,-0.005507636250083436
2020-12-15,0.01351919377405486,-0.0033476531674697663,0.013990959829817351
2020-12-16,0.0015694461151922745,-0.0026616165807589187,0.005519095329445722
2020-12-17,0.005592076079198094,-0.0026464599635522834,0.010520363984510617
2020-12-18,-0.003992863546674719,-0.0029971449474638368,-0.0016974258370123785
2020-12-21,-0.0035756763205031517,0.003966052215136129,-0.003173869592184575
2020-12-22,-0.0016853879881261191,0.00516110142877646,-0.007903112071065643
2020-12-23,0.0008987085963776398,-0.006909586768547249,0.00664787877129025
2020-12-24,0.0038903408333426093,0.003957328495688861,0.003985267471422693
2020-12-28,0.00859097622397842,0.00044533462184892514,-0.003629142996869339
2020-12-29,-0.0019078374286547461,-0.0012712527008880148,0.003642361648136694
2020-12-30,0.0014266233901822911,0.0021632275564995584,0.007655178894261816
2020-12-31,0.005080870544928118,0.0014610256658433851,0.003714145601823482
2021-01-04,-0.013613848222061464,-0.0012050774954043275,0.022258360658879317
2021-01-05,0.006887280908056681,-0.0074265535313724484,0.0029616260665272787
2021-01-06,0.005978533324081159,-0.020528638046781844,-0.01624105266038789
2021-01-07,0.014857551199858099,-0.008814116511282943,-0.00233462025122122
2021-01-08,0.005697778462862013,-0.0032276989992962024,-0.03420993723985433
2021-01-11,-0.0067410647208245855,-0.001651889165471765,-0.0019614419353504164
2021-01-12,0.0002114180684684719,-0.0007945947424304878,0.006473960214956609
2021-01-13,0.0026928413319993183,0.01126189714381165,-0.004307374345463466
2021-01-14,-0.003501919058913394,-0.009367550506891864,-0.0005190998467168306
2021-01-15,-0.007292623825714828,0.003967942643821276,-0.012407628760563338
2021-01-19,0.007852092090600005,0.0032268213754784725,0.00847307255811236
2021-01-20,0.0138386665023289,0.0009855937661105152,0.016282289539807593
2021-01-21,0.0009116970587088602,-0.007019271901514634,-0.0006271772092728556
2021-01-22,-0.003539369898240219,0.0032369580231457196,-0.007873145210082533
2021-01-25,0.003943625943534146,0.011786116224471455,0.0008626173693986328
2021-01-26,-0.001560839790803903,-0.001887507734453564,-0.0024705999829396363
2021-01-27,-0.024440516239441545,0.0025425404260224216,-0.006335623059913753
2021-01-28,0.00859982877414267,-0.005527356231007419,0.0009273614616172043
2021-01-29,-0.020019512721563437,-0.006016138650482672,-0.0004053281700162614
2021-02-01,0.01664577101234399,0.0011588338251460328,0.009385291185094458
2021-02-02,0.014140219563537393,-0.006446547440184913,-0.012167796413785958
2021-02-03,0.0007860996630693062,-0.00887376162033715,-0.0015106298641213156
2021-02-04,0.011365908437357852,-0.0026721894768799714,-0.021530474690833024
2021-02-05,0.003935953126337655,-0.00837341068036035,0.009872160109213546
2021-02-08,0.007221800303696568,0.0043913412707450306,0.010070118005137685
2021-02-09,-0.0006660586798201695,0.0007398403050300484,0.0032649110578624185
2021-02-10,-0.0004354921650993049,0.006653209613064481,0.0036611162023989507
2021-02-11,0.0016152499955555122,-0.0054745439723016265,-0.008685078696598514
2021-02-12,0.0049398036090748665,-0.012419668775660475,-0.0030372306060941767
2021-02-16,-0.0008658497121284414,-0.015226368345037877,-0.014353488272303538
2021-02-17,0.00022930049859670731,0.006350284352969027,-0.011352850687983307
2021-02-18,-0.00425637272815671,-0.004046504866727085,-6.0088418961767864e-05
2021-02-19,-0.0017656971749013817,-0.013292518596468184,0.004148551901348441
2021-02-22,-0.007691516243342744,-0.007607265179034761,0.014969164015496528
2021-02-23,0.001214254063832021,-0.002884262212934141,-0.0023007456922117253
2021-02-24,0.011019186780809598,-0.006559820677192962,-0.0007095264939214196
2021-02-25,-0.024095793248620878,-0.016330759870350375,-0.018816524708764826
2021-02-26,-0.005152607086803318,0.03305904615008837,-0.024182906697045592
2021-03-01,0.024240288132573395,-0.013207519664992451,-0.0017304170540851649
2021-03-02,-0.007803070458535677,7.120683336792055e-05,0.005447934683729505
2021-03-03,-0.013246016829286833,-0.010846056410325877,-0.011021541189334294
2021-03-04,-0.012374649490773937,-0.006449670354257364,-0.009836893780889033
2021-03-05,0.018396570754621866,0.001947441814563966,0.0006288110395962221
2021-03-08,-0.004978795463046359,-0.007774889806162033,-0.010368190918767173
2021-03-09,0.014277722965490902,0.013857825971864024,0.02127113294736649
2021-03-10,0.006224420031758271,0.002004056774435936,0.005098279923459348
2021-03-11,0.010139250396020927,-0.007213647301119175,-0.000866011298261804
2021-03-12,0.0013466151928493986,-0.02122157735232466,-0.00018572795011984056
2021-03-15,0.005963628065707827,0.005879688922606929,0.004396503999798185
2021-03-16,-0.0012613842958898447,-0.004018666024859008,0.0009248406787658592
2021-03-17,0.0034100555713374447,-0.007483072334779073,0.00714498527693741
2021-03-18,-0.014549669667523135,-0.010126537982438344,-0.005810023730399405
2021-03-19,-0.001850335868702091,0.00619790547702781,0.004183119739068708
2021-03-22,0.007984735196177484,0.01120649169790533,-0.0014702614866924923
2021-03-23,-0.007870584076893006,0.009026455705720249,-0.007300628474884996
2021-03-24,-0.005083381125913333,0.005382062344814642,0.0034608341081703298
2021-03-25,0.005625522000967109,-0.007885075826479682,-0.003633653726877295
2021-03-26,0.016114960061876182,-0.0035001638119316336,0.0028434090575977233
2021-03-29,-0.0005051402947335859,-0.008488083457927953,-0.011896005111092234
2021-03-30,-0.0026530371535286035,0.005239729672523952,-0.017091823816998808
2021-03-31,0.004053255999466154,-0.005579183501913998,0.015167857324082767
2021-04-01,0.010799185876625872,0.01659657271053616,0.012628087827510459
2021-04-05,0.014352937039749047,-0.0043634468468919385,-0.0003704010382533651
2021-04-06,-0.0005903460880763989,0.006792983434832145,0.00802867506459215
2021-04-07,0.0011574327079399982,-0.006964469083634572,-0.002818323186048577
2021-04-08,0.0047466026578009135,0.008255090718180647,0.01075202788807239
2021-04-09,0.007270101736678747,-0.0036228119700405514,-0.00753747660190629
2021-04-12,0.00036469477531153593,-0.00043641105899472343,-0.006063609158189043
2021-04-13,0.002963606687055309,0.007493743482517523,0.007086479573175097
2021-04-14,-0.003415136542778252,-0.0031771615046003454,-0.004344315528953313
2021-04-15,0.010742383201741923,0.016734039079106866,0.016162763416190717
2021-04-16,0.003342525218605674,-0.007766157639174431,0.006047777218550321
2021-04-19,-0.004913040617787412,-0.0028724963066453224,-0.0027652942409929215
2021-04-20,-0.00732164515788758,0.004609115786328388,0.0035565515706876827
2021-04-21,0.009462208035052155,0.002007314265854321,0.009911155680072392
2021-04-22,-0.00913321785686172,0.004363953157942024,-0.006483147356353358
2021-04-23,0.010842432327567098,-0.0023507281451619066,-0.003831414124593202
2021-04-26,0.0020875763307188766,-0.001427979443299754,0.002644245538133694
2021-04-27,-0.00021556309032755294,-0.008723111478244006,-0.002517371003141977
2021-04-28,-0.0002870871210159942,0.000649248180218942,0.002944390689552989
2021-04-29,0.00637274703547841,-0.002955511275555489,-0.004133978948338446
2021-04-30,-0.00657048382568548,0.0023135219853542832,-0.0033690142851713345
2021-05-03,0.0021566037196703025,0.0005996098585920873,0.012978352341882271
2021-05-04,-0.006169346436869172,0.006786045252363815,-0.007329692780131181
2021-05-05,0.0003126758161060561,0.0016490519029839223,0.004142168530566259
2021-05-06,0.007985672624771123,0.0016464674934235646,0.01667957921247054
2021-05-07,0.00727812699505348,-0.0049313484182088585,0.00899681760120985
2021-05-10,-0.00990238546144584,-0.01012680135684707,0.0030305045955998366
2021-05-11,-0.008924772716655593,-0.005659633355797,0.000174300035968189
2021-05-12,-0.021245436947044838,-0.010507897565905089,-0.009933813872024522
2021-05-13,0.012012680770183914,0.0015483319927047656,0.004107329913244362
2021-05-14,0.015355247135298233,0.009351595050447248,0.009115862292308208
2021-05-17,-0.002544318961581249,-0.002115553218828836,0.011639321781340195
2021-05-18,-0.00861582955376572,-0.002558570387969028,0.001946172546249958
2021-05-19,-0.0026218842162569755,-0.002418781516851376,0.000685616890880425
2021-05-20,0.010758130549971545,0.008228905457479563,0.004567270124640199
2021-05-21,-0.0008188132036232032,0.0032055903242549366,0.0004545724551812125
2021-05-24,0.010194288810866814,0.003705154467054994,0.001761036294059215
2021-05-25,-0.0022185699336414455,0.009263088356555649,0.009072814229376336
2021-05-26,0.0019843753255401886,-0.0017213947918086614,-0.0017420486873281904
2021-05-27,0.0005249919543184323,-0.004021593652961175,0.00039409662496781017
2021-05-28,0.0017888488059458751,-0.0015867254813086706,0.003770176937892389
2021-06-01,-0.0008808948300481623,-0.00022448667763730334,-0.0026909461441234628
2021-06-02,0.0015724117302040597,0.0023150365899968772,0.004890446350902078
2021-06-03,-0.0037112352094974543,-0.0037533933707218914,-0.019578228541437537
2021-06-04,0.009145988252438508,0.013694520048863179,0.010783359066451448
2021-06-07,-0.0009703623223457081,-0.0030734103106195843,0.0040076283608136976
2021-06-08,0.00021322461257589076,0.007026376202312834,-0.0030920774052216604
2021-06-09,-0.00149194379827855,0.008828456803582796,-0.0019175027218333307
2021-06-10,0.0046485469182915296,0.0059997364023702815,0.004294325821970535
2021-06-11,0.0016523643999029058,-0.0016138449599187865,-0.011252390785353672
2021-06-14,0.0022390213374463563,-0.007659369720562026,-0.005860923791407013
2021-06-15,-0.0018342977159481189,-0.001203734147139035,-0.0037777095572453234
2021-06-16,-0.005583234029620798,-0.0008510944703248313,-0.016891711518855712
2021-06-17,-0.0003316938262651892,0.014972546242088436,-0.030740427140865334
2021-06-18,-0.013490381996013823,0.018805619404975493,-0.005547261946798776
2021-06-21,0.014315987022295529,-0.01674346413820571,0.012247646651096789
2021-06-22,0.005346315728223194,0.0024428709077719546,-0.0041928539145718036
2021-06-23,-0.001205340881730077,-0.0025760508055837628,-0.0006616578066259704
2021-06-24,0.005915608071088929,0.001605177934323354,-0.0006019387497473438
2021-06-25,0.0035520109525202237,-0.01038319647556174,0.0033124733437563947
2021-06-28,0.0020160963182918046,0.010281235681076195,-5.999463986816611e-05
2021-06-29,0.0005378221251666204,0.0016727158041258683,-0.010505462725200698
2021-06-30,0.0008419136817081618,0.004453126662323337,0.004853503869870712
2021-07-01,0.005536486638426208,5.5543394711365934e-05,0.0034413575356286863
2021-07-02,0.007643635348504096,0.006034665853168253,0.006558341503640763
2021-07-06,-0.001821637884105498,0.011721149108379514,0.004961455343207799
2021-07-07,0.0035341533508350675,0.008859393089827083,0.003806801143447114
2021-07-08,-0.00814804833063687,0.003917630966296937,-0.0006518168637834609
2021-07-09,0.010674872760411569,-0.014062830713190477,0.003320562334123478
2021-07-12,0.0035818853585263266,-0.0012968601445377814,-0.001241101031467462
2021-07-13,-0.0034089339439113964,-0.007653137908273155,0.001301782371024407
2021-07-14,0.001492237359815629,0.0113621428219155,0.010755182911599048
2021-07-15,-0.003415647488772322,0.011029722774204886,0.00017547964957964624
2021-07-16,-0.007843394085489619,-0.0018852147807448816,-0.00970365108457183
2021-07-19,-0.014768044600646846,0.021928377264023968,0.0011805498135817327
2021-07-20,0.014330406251251038,-0.009639925580475439,-0.001297100524211059
2021-07-21,0.008096345642035985,-0.012666840364037424,-0.0037192566567244567
2021-07-22,0.002094147207954089,0.009453843075459378,0.001955450591350383
2021-07-23,0.01028801647222366,-0.006689242988408228,-0.0031344183025339145
2021-07-26,0.0024547271904789003,-0.0029631978961447425,-0.0023730060647713103
2021-07-27,-0.004557452322256461,0.01067153122289799,0.0016650735799190741
2021-07-28,-0.0004101862141284718,6.693312366623516e-05,0.005046252863966982
2021-07-29,0.004147296667653233,-0.005546028109909007,0.011105233370970247
2021-07-30,-0.004856418543413787,0.004703376943174575,-0.007886842666167015
2021-08-02,-0.0020978723654572207,0.008919643938818833,-0.0012366429443513294
2021-08-03,0.008135581787370061,0.0005306749778433151,-0.0007074766626713469
2021-08-04,-0.004919081261283265,0.0020562383321556243,0.0002359625041987723
2021-08-05,0.006332920094199723,-0.005097145940807124,-0.0039520921003340925
2021-08-06,0.0016523355842941179,-0.016700728110551788,-0.024991124040327772
2021-08-09,-0.000813330353139019,-0.0035863795711996715,-0.017735654639032372
2021-08-10,0.0012436610397406067,-0.00461821494698289,0.00030919522248562537
2021-08-11,0.0024850438948693654,-0.0006143908420089828,0.01378497662510525
2021-08-12,0.0029970132139933714,-0.001638494526019052,0.0002438615008097944
2021-08-13,0.00181991824929284,0.015796182614031373,0.014325811995228088
2021-08-16,0.0023545882838802434,0.0024234017858633106,0.004988291568599701
2021-08-17,-0.006555313153084108,-0.0004025276026765612,-0.0014950364679763295
2021-08-18,-0.010945013446050145,0.0033587967634312044,0.0007786122169375354
2021-08-19,0.0015485135741772904,0.007365224446211682,-0.002932408589264246
2021-08-20,0.007956932543081274,0.0006647965718267201,0.0005401616803368814
2021-08-23,0.008796586621260927,-0.0006643549109593971,0.012177557387281546
2021-08-24,0.001587264737390237,-0.007776695929662569,-0.00047414113127741686
2021-08-25,0.002098397028467369,-0.00830631129822279,-0.006937433805443538
2021-08-26,-0.00590312597716558,0.0027691913360368137,0.0011344784228162208
2021-08-27,0.008940780708430074,0.006804124215672003,0.015029547921398434
2021-08-30,0.004397743011162358,0.0026090169242936057,-0.0049356385559711224
2021-08-31,-0.0014818063380271917,-0.006807009828019517,0.0020076547129428413
2021-09-01,0.0005316908499353179,0.0016752638863890557,5.8898619200498104e-05
2021-09-02,0.0030765021264282932,0.004365536418187377,-0.0026517204262498373
2021-09-03,-0.00024273406311103862,-0.009094294305363793,0.01069422486613747
2021-09-07,-0.003575449383245277,-0.008435905491769757,-0.01958371853465668
2021-09-08,-0.001218104055247915,0.006805992259680149,-0.0025044029033459703
2021-09-09,-0.004280439576545669,0.012100309825443523,0.004423489287242344
2021-09-10,-0.00788446808875809,-0.008816920241760284,-0.005058656845151166
2021-09-13,0.0025592952137571956,0.006064780761025457,0.0033497597913456634
2021-09-14,-0.005396889993976028,0.012123542853041291,0.006438546534438316
2021-09-15,0.00835307265132501,-0.0035071545232303603,-0.005864266379652205
2021-09-16,-0.0015853591145318369,-0.004582421849293694,-0.02264197706190263
2021-09-17,-0.009741059158730692,-0.00480342282133317,-0.0015850424237688898
2021-09-20,-0.016674045335010268,0.012402071793151226,0.0071441542310690664
2021-09-21,-0.0009448472418221998,-0.0008610568877467362,0.006669036185550814
2021-09-22,0.009754866230590187,0.0059646965861452905,-0.0037340107339023376
2021-09-23,0.012149988716147364,-0.022597167281753094,-0.011546389089901132
2021-09-24,0.0016472898959951632,-0.009773445838599404,-0.00128427290155253
2021-09-27,-0.0028608227127239205,-0.0036756744480919146,0.00208203509820426
2021-09-28,-0.0201521119999859,-0.01557659741311923,-0.009716428402719801
2021-09-29,0.0016833696630100814,0.0017345303419484814,-0.004504756024632184
2021-09-30,-0.012222502328985807,-0.00013887641381027382,0.01797665363761114
2021-10-01,0.011884166614966274,0.008415659871749748,0.0022530453929923144
2021-10-04,-0.012896025448164927,-0.002545104985346991,0.0046783175745395145
2021-10-05,0.010404814855087263,-0.009656667371159111,-0.004656532835140448
2021-10-06,0.004156282411070578,0.005641263020348841,0.0026733243283083574
2021-10-07,0.008645695760987504,-0.010457431578598797,-0.005271739220885419
2021-10-08,-0.0018237895765306211,-0.0069988443943939105,0.00042636491147840516
2021-10-11,-0.00723980312873429,-0.0025372760745530076,-0.0018875818465466931
2021-10-12,-0.0024615408114855297,0.017100006788484556,0.004514430828637339
2021-10-13,0.003597876417489987,0.009726186713797658,0.017794197805277356
2021-10-14,0.016820520138567607,0.003715714740862408,0.0024464685904206362
2021-10-15,0.007615803947993438,-0.005827100710772193,-0.015892846243722114
2021-10-18,0.0029603722269870847,0.004689128733334602,-0.0024799108302698825
2021-10-19,0.007715051202346723,-0.01379479714151377,0.003213671993580469
2021-10-20,0.003927772097636284,-0.006750591014611951,0.008763958748792211
2021-10-21,0.002608006250409245,-0.0011905703680249458,-0.0008987052245035265
2021-10-22,-0.0010361548437261003,0.011012771252721487,0.006116967151190034
2021-10-25,0.005362706755446034,-0.0015263555797858652,0.006914158513320778
2021-10-26,0.0009001626780222871,0.008269051763636126,-0.00739951491266011
2021-10-27,-0.004430093944174818,0.018194133199074702,0.002624060476058121
2021-10-28,0.009648884622866394,-0.00338415396886238,-0.00023788536339730548
2021-10-29,0.0020291206833604747,0.0030563083566010896,-0.008507900517562339
2021-11-01,0.0017202641919846773,-0.007199699340683097,0.005220584505493342
2021-11-02,0.004042997485198319,0.004438046222201786,-0.0021490007233168074
2021-11-03,0.006105150562380368,-0.010333868748683583,-0.008315382622616663
2021-11-04,0.004712601486710266,0.010510790995510888,0.011340951773961994
2021-11-05,0.003469547146441876,0.014955461776493983,0.0130629437586407
2021-11-08,0.0008537591801689448,-0.001874844484760274,0.003591619309376348
2021-11-09,-0.003305303853214814,0.013018819525808079,0.0049281100201232775
2021-11-10,-0.008044942596461269,-0.018282876109672386,0.010858781500706183
2021-11-11,0.00032342750313185675,-0.0014852926675199551,0.005602086369596027
2021-11-12,0.007546892001297989,-0.0043921674073824635,0.0018952552280546708
2021-11-15,0.00034256386695119545,-0.012557357832033711,-0.0015477459282561279
2021-11-16,0.003957771423538148,-0.00254332305125915,-0.007233864736584827
2021-11-17,-0.002429151370031968,0.007925562431627675,0.009137183945092442
2021-11-18,0.0033963282111466597,0.0037598582667603964,-0.0032091550635745536
2021-11-19,-0.0017883832004229605,0.010558021255254069,-0.007646325240812324
2021-11-22,-0.0028150340616761582,-0.011728123174795324,-0.022420457120115533
2021-11-23,0.0013260784428650307,-0.014459129383149083,-0.008652404091134991
2021-11-24,0.0026699171537345467,0.01605546730003704,-0.0009565020521100642
2021-11-26,-0.02230335429458341,0.025268850716618996,-0.001615539860939763
2021-11-29,0.012266550404292031,-0.008038374460985431,-0.0013785494630753625
2021-11-30,-0.019457681415153028,0.015202294109987635,-0.006721853018899604
2021-12-01,-0.01110707284812873,0.006168753461519794,0.003987937535404162
2021-12-02,0.01531629652187072,0.0012474598716942786,-0.005536820827328315
2021-12-03,-0.008701362771371457,0.011931915282679117,0.008412002804647267
2021-12-06,0.01184343976158364,-0.013735185336464562,-0.002460563224478851
2021-12-07,0.02068479585105143,-0.008079520619737823,0.003549490636251651
2021-12-08,0.0026479967304906538,-0.017284625283251476,0.0005395140531609943
2021-12-09,-0.006751687869976486,0.005593416210571522,-0.006111378376110088
2021-12-10,0.009413546632332404,-0.0024127690266821933,0.004219899491422874
2021-12-13,-0.008858360540577204,0.014779026334035272,0.00252130006200435
2021-12-14,-0.006879972509129972,-0.0023828423868029747,-0.009341302746070368
2021-12-15,0.015625038414078585,-0.009621862217340071,0.004291534360497673
2021-12-16,-0.008818529389795549,0.00038876375908403205,0.012097561477355745
2021-12-17,-0.010642892056557551,0.011331652974683637,-0.002140821851282393
2021-12-20,-0.01063346369057483,-0.0074921415149985515,-0.0042312675861405635
2021-12-21,0.01775903267474388,-0.003807405489558491,-0.0004188884251822289
2021-12-22,0.009998611060816787,0.00462664030327864,0.009400024100517657
2021-12-23,0.006222124332360579,-0.008676641194895973,0.0022540179789249937
2021-12-27,0.014152259379956122,0.00242365984786308,0.002367247994286892
2021-12-28,-0.0008171989491738696,-0.003962966659534106,-0.004310065233419702
2021-12-29,0.0012792056845485344,-0.010924301289401694,-0.0002965076609273698
2021-12-30,-0.0027644938941080444,0.008385892277748885,0.0071772153754725565
2021-12-31,-0.0025202670338718702,0.0019613674121912172,0.00683158799329231
2022-01-03,0.005789886140274314,-0.026250588421233845,-0.015383743445999576
2022-01-04,-0.0003349906112329881,-0.004157899389863773,0.007366515057776857
2022-01-05,-0.019202059897837742,-0.005427862723096588,-0.00300766493835114
2022-01-06,-0.0009394015376520404,0.002589074967210392,-0.012244126909514819
2022-01-07,-0.003953410501011834,-0.007188490909284417,0.004551137683908024
2022-01-10,-0.0012444934955313514,0.0024602321762068335,0.0030402057039400354
2022-01-11,0.009108301542972486,0.006661746004904101,0.0120646549718888
2022-01-12,0.00270365645404258,-0.0038313567056252884,0.002642622730480104
2022-01-13,-0.013778819318179703,0.008880237292517412,-0.0033969884760131075
2022-01-14,0.00040907936963652247,-0.015109259897892136,-0.0028796749096049457
2022-01-18,-0.017709613510025646,-0.01407478935783335,-0.001650255097062403
2022-01-19,-0.010383519432108357,0.006923801986874922,0.015880526897095182
2022-01-20,-0.011068055907754282,0.006167129398564564,-0.0024988838330701757
2022-01-21,-0.01963059665409539,0.011906585542309278,-0.0032624385581478954
2022-01-24,0.004246577411896046,-0.008215579582126153,0.005494198734739664
2022-01-25,-0.01220861547178742,-0.001614723184701572,0.0031971345443269072
2022-01-26,-0.0025088838885729547,-0.012094263558888763,-0.016166464916677392
2022-01-27,-0.004938186602444716,0.01836313502781106,-0.012898211138547944
2022-01-28,0.024835653654187606,0.00034977187584406266,-0.0029832934474428585
2022-01-31,0.01801100980235093,-0.005170237490036644,0.005924537392067553
2022-02-01,0.006756805952979006,-0.0033191335783990805,0.0008328835308379912
2022-02-02,0.009714099253073982,0.0033873386781781978,0.0036259919505645666
2022-02-03,-0.02350501722143461,-0.007806210235342559,-0.0014214062993387344
2022-02-04,0.00470217443704013,-0.014742732225027866,0.0015420788696549614
2022-02-07,-0.003209334110337414,0.0006474067112789417,0.007402581993851909
2022-02-08,0.00822788504804417,-0.006685756985820301,0.003056870675416823
2022-02-09,0.014636135327215305,0.0018819098780282761,0.0033991784238243117
2022-02-10,-0.01796554860536581,-0.01589287047335297,-0.0037965605384254753
2022-02-11,-0.01971862462284668,0.01482816420023303,0.019054878321533186
2022-02-14,-0.003269446579893809,-0.01244146506815913,0.005350715998122091
2022-02-15,0.01612676826331194,-0.011352856120212307,-0.009499848975192515
2022-02-16,0.0011208964263200727,0.005927068338198893,0.010284254451501385
2022-02-17,-0.021361279753706497,0.007438253537881634,0.013668073780773726
2022-02-18,-0.006475107957425674,0.010527212230753591,-0.0007334549100845855
2022-02-22,-0.010731617613007782,0.0026045001930887768,0.0020890378623359407
2022-02-23,-0.017738734037830994,-0.013781774058865714,0.0045072272703239324
2022-02-24,0.015049143023701417,0.0006584431040626004,-0.006450131470019049
2022-02-25,0.022064069282164978,0.0007311293659602036,-0.003330678220184624
2022-02-28,-0.0025585466103814625,0.02191838279305114,0.010365345791119474
2022-03-01,-0.015230133753096564,0.011562090632212474,0.018163415997793697
2022-03-02,0.0183960941263297,-0.03418238650694627,-0.010406339832951472
2022-03-03,-0.004978430553730595,0.010185073346821838,0.005953415398956663
2022-03-04,-0.008124787662905919,0.017264207841952484,0.015929145881701023
2022-03-07,-0.02947912974426925,-0.0076301810175067875,0.014862865283030269
2022-03-08,-0.0075816503415087055,-0.01005976027359623,0.027358997610294145
2022-03-09,0.026810845954397422,-0.00979847852649185,-0.029711176156992036
2022-03-10,-0.004515658842114911,-0.014367589039690043,0.0031212277978962533
2022-03-11,-0.012714950700980276,0.0033469631112696963,-0.007027884128157469
2022-03-14,-0.007308354981212739,-0.02334938774225337,-0.015073711931138378
2022-03-15,0.021990579421574008,-0.0017450939165090107,-0.01870545038411886
2022-03-16,0.022173883527863536,0.009807327171400093,0.006260803404375848
2022-03-17,0.01251115884461762,-0.007453669195662371,0.004888644573449508
2022-03-18,0.010952646236277008,0.012212717519216598,-0.008789852082788041
2022-03-21,-0.00029247818269872994,-0.0231563984027382,0.007640798069546317
2022-03-22,0.011701385905266593,-0.012811855314830534,-0.007250775291250955
2022-03-23,-0.012878252366424703,0.021915171862950444,0.013659661796972422
2022-03-24,0.015074421706269714,-0.007833105405732899,0.007260367097212672
2022-03-25,0.004883484327309784,-0.013872793702855213,-0.004095451209537915
2022-03-28,0.007113208146869665,0.008549533311835944,-0.018203790082975457
2022-03-29,0.012370583473194419,0.007552405657335504,0.00044678784846130526
2022-03-30,-0.006174685987143436,0.007801701628871838,0.008038419372069505
2022-03-31,-0.015391434391008096,0.0024288593395576097,0.000387595883929448
2022-04-01,0.0028340721522539525,0.003806538365564549,-0.006365867342034592
2022-04-04,0.008566781985528626,-0.006949678925322278,0.004846769455083555
2022-04-05,-0.012631452433349843,-0.022592435387776555,-0.006264842571455875
2022-04-06,-0.009999301760781565,-0.008093980593548267,0.002343216670796844
2022-04-07,0.005038925002299077,-0.007532533883749637,0.003784886240234764
2022-04-08,-0.002673948016917338,-0.010831100277256644,0.006265969312183373
2022-04-11,-0.017092311688957196,-0.01582446306280194,0.004959463770487282
2022-04-12,-0.003705120314431376,-0.0013805513056507346,0.007676751619003053
2022-04-13,0.011453554702182345,0.0020331796211550124,0.004788537865617837
2022-04-14,-0.012451741760324042,-0.02004549514244569,-0.003303550666205468
2022-04-18,0.00041108159585623305,-0.004969194195201476,0.0030971927027434454
2022-04-19,0.016142755464064518,-0.007490566973089141,-0.015112904376299419
2022-04-20,-0.0007416385125439406,0.020125823405160226,0.004894947496407287
2022-04-21,-0.014953420518238114,-0.0073981302251999725,-0.0035576001936850066
2022-04-22,-0.027439205765589336,-0.006294114246528704,-0.0097220932450649
2022-04-25,0.00579729547074348,0.010000664110403124,-0.017970993150090764
2022-04-26,-0.028960504198446868,0.010067025535768437,0.001525017044941901
2022-04-27,0.002811703443614144,-0.01282579699691444,-0.00755702425744631
2022-04-28,0.0252594854606083,0.001489573838099334,0.005398323510093839
2022-04-29,-0.0369556695064881,-0.012973185162672984,-0.00011297696546286318
2022-05-02,0.006019496381411749,-0.017333725528449917,-0.018540493535693647
2022-05-03,0.004583989782637632,0.00674211549812509,0.00264926246698316
2022-05-04,0.030452814417700758,0.0055099233509725565,0.009822544372671826
2022-05-05,-0.03554272383137491,-0.02739865228087468,-0.003811138551277793
2022-05-06,-0.005968867127912336,-0.014735283101797614,0.0016558743678838361
2022-05-09,-0.03201727736139004,0.008797274729755555,-0.014479496708730832
2022-05-10,0.0023105224226567245,0.00906946123286323,-0.008445202872691127
2022-05-11,-0.015886109874241106,0.019272384119177755,0.008167128516088473
2022-05-12,-0.0010438052435097767,-0.00186534647080705,-0.015333925720196762
2022-05-13,0.023907917301338566,-0.014780842249967674,-0.00810956630229509
2022-05-16,-0.004057926034947368,-0.0010345789393628735,0.009538483763206873
2022-05-17,0.020570458327238583,-0.012083568526631505,-0.006279296383541522
2022-05-18,-0.04031160759513819,0.02131770235750441,0.0005314848929158789
2022-05-19,-0.006124491248475361,0.0023949674764842666,0.014697234801531733
2022-05-20,0.00043635823849097477,0.011350235488034599,0.0006980112537449124
2022-05-23,0.01871015953405708,-0.016454226713778608,0.004650369455528214
2022-05-24,-0.007633593382790793,0.019732074123004706,0.007521859850632806
2022-05-25,0.008834885698850936,0.003954062162598859,-0.006029994959596108
2022-05-26,0.01998130317778446,-0.004525095006852831,-0.0018488983177334939
2022-05-27,0.02454936457722967,0.0024411958250674104,0.00052102106703944
2022-05-31,-0.005611266447560492,-0.02116191910484233,-0.009893009276743081
2022-06-01,-0.008088544818332544,-0.0011430765425012313,0.006369033199590923
2022-06-02,0.019043672008983492,0.0005159591050412082,0.012309182073779512
2022-06-03,-0.01641161781753997,-0.0021496191932660613,-0.010152017266979896
2022-06-06,0.003044787836726348,-0.01844360529170841,-0.0044037229040009285
2022-06-07,0.009592197345303477,0.010799841841182545,0.006518420844169315
2022-06-08,-0.01087212158222639,-0.00886040579747116,-0.0009251975242893229
2022-06-09,-0.02378296069888841,0.0033302876574803353,-0.0031832564859568535
2022-06-10,-0.028995710579796663,-0.006201705459225937,0.013412283666592417
2022-06-13,-0.03796821460586619,-0.03137916582533218,-0.026412288230091452
2022-06-14,-0.003013209856137289,-0.012613309372974113,-0.008003209616781914
2022-06-15,0.014256268105188097,0.018656059424253524,0.013050939388113303
2022-06-16,-0.0330960657765389,0.007939370173184912,0.011243181594596585
2022-06-17,0.0021557919956147753,0.003222613991505696,-0.008222816311715064
2022-06-21,0.025173858447589126,-0.01695242073884029,-0.0037367862070599722
2022-06-22,-0.0018131863557125927,0.027500482652776714,0.003985188163408093
2022-06-23,0.009802576900934223,0.00821498229558304,-0.006129257292171064
2022-06-24,0.03179395865479928,-0.013842862447344229,-0.0009984622015154487
2022-06-27,-0.0038199342232482225,-0.008528392222369674,-0.0011170700540719114
2022-06-28,-0.02043271192457763,0.004659302026432499,-0.0016480211262837052
2022-06-29,-0.0008144776403051779,0.015608029651343669,-0.0007663579045243951
2022-06-30,-0.0081242441635907,0.008782189252868333,-0.006077047294322124
2022-07-01,0.010576706446195239,0.010266424978415234,-0.0008310541616338707
2022-07-05,0.0018883862556353659,0.007857308664069196,-0.02120964335120412
2022-07-06,0.003377297738688112,-0.016791085904079073,-0.015842188833696924
2022-07-07,0.01497720821270443,-0.008800188336906989,0.000555053276362516
2022-07-08,-0.0008224236195891743,-0.011075848331141613,0.0004315313201161963
2022-07-11,-0.011423761025339596,0.01724452742429139,-0.005360507452973451
2022-07-12,-0.008848881277488618,0.005942082902780088,-0.0037167247224720867
2022-07-13,-0.005251785424444044,0.01146617705566233,0.004787690503602615
2022-07-14,-0.0024284872706679117,-0.008158625227565275,-0.014047055610919013
2022-07-15,0.019105296965008955,0.005627955943731111,-0.0020084561635671516
2022-07-18,-0.008257008501267982,-0.010418284654638565,0.0009433945063559435
2022-07-19,0.027019085613427585,-0.005394708036460583,0.0023874693093759447
2022-07-20,0.006373198915142986,0.002624518664980924,-0.009402031234323593
2022-07-21,0.010183315832275497,0.017275529635903064,0.014110421925231709
2022-07-22,-0.009278286847041461,0.016811486335441828,0.00249575020790771
2022-07-25,0.0012149554414480068,-0.009784727700053453,-0.0027385476219622396
2022-07-26,-0.0118309932517916,0.0007666896960270009,-0.0011858106875901608
2022-07-27,0.025966269019942922,-0.00561803307389952,0.010184984698782484
2022-07-28,0.012542476561126614,0.007960836149373485,0.012185323455280006
2022-07-29,0.014578799360348116,-0.002717741427573084,0.0028110896821249565
2022-08-01,-0.002961398590950348,0.024083576267841078,0.0056672312077465925
2022-08-02,-0.00659725370847164,-0.02115964583296648,-0.005938288400823777
2022-08-03,0.01565966244210415,0.015744879978412785,0.002438243761313297
2022-08-04,-0.0006759671313119053,-0.00033530275439963564,0.016539989487255546
2022-08-05,-0.0016896617528345814,-0.023803491981169156,-0.011246066300201418
2022-08-08,-0.0011611023246339558,0.016141488116373726,0.008470017618367853
2022-08-09,-0.003971139508589627,-0.0038869430770340774,0.0030595386607856767
2022-08-10,0.021004117205184247,-0.006531660209928236,-0.0025119508170524663
2022-08-11,0.0,-0.023309202517991512,-0.0026382206776995876
2022-08-12,0.01692884419944196,0.010140653203647876,0.00919802099904432
2022-08-15,0.004120883159028699,-0.0008651681481967044,-0.012867030834262327
2022-08-16,0.0019587868778621065,0.004157546428046777,-0.001750096754401964
2022-08-17,-0.007098099938316116,-0.010437380639816696,-0.006468335614034371
2022-08-18,0.002906351581009714,0.0014817922253642646,-0.0026164156896926194
2022-08-19,-0.013438096979355052,-0.01610217529111868,-0.007320625681104476
2022-08-22,-0.020822259096940243,-0.00336180639517214,-0.006637179344595956
2022-08-23,-0.0024193801517363722,-0.005503241930086555,0.0069908740848763085
2022-08-24,0.003200924159693086,-0.007318955883196976,0.0029489200401788818
2022-08-25,0.014117872479584959,0.013936477255522828,0.003062787136294043
2022-08-26,-0.03384907667557624,0.007537708512253216,-0.012152705301765265
2022-08-29,-0.006611936419417264,-0.008273343261010369,0.0006182375550920494
2022-08-30,-0.010978099533009988,0.002485105553071465,-0.008340578885610683
2022-08-31,-0.00760912308933126,-0.009560799490393901,-0.007725314789180926
2022-09-01,0.003137879229654139,-0.018308602994680623,-0.008790162100319021
2022-09-02,-0.010544474915392787,0.005656895097617465,0.008804709144487166
2022-09-06,-0.0037731265076705878,-0.024768641825837046,-0.0058394619355668365
2022-09-07,0.017964978133990783,0.015815692240817247,0.010168638866495439
2022-09-08,0.006536220669297599,-0.010257452312770421,-0.006002292729855863
2022-09-09,0.015535401407323901,0.0022203288270674637,0.005283756568463582
2022-09-12,0.010747630917717466,-0.008216844428364456,0.005068186218703863
2022-09-13,-0.043482368468549804,0.0023274696431412334,-0.01301133993119441
2022-09-14,0.0038156479402626786,0.003436312495805005,-0.003847613448870524
2022-09-15,-0.011353256256345423,-0.0006478890596456344,-0.018679143196684067
2022-09-16,-0.007628852418214316,-0.008335532143890156,0.005549107201315628
2022-09-19,0.007754857554990391,0.002334744975161396,0.0007700871329356929
2022-09-20,-0.011478574353853133,-0.009970125696975862,-0.005706587274526553
2022-09-21,-0.017443879436912835,0.016753307988014,0.004642973675810236
2022-09-22,-0.008399699551953188,-0.025549119090350736,-0.0005776772692025478
2022-09-23,-0.016754668380463134,0.0040853277367560725,-0.01727683040546535
2022-09-26,-0.009892906936214696,-0.019111011119096966,-0.011633219026207842
2022-09-27,-0.0025527022339950634,-0.026330671481051726,0.002049841746687875
2022-09-28,0.01967633196699614,0.033481703622882275,0.02078665233491006
2022-09-29,-0.020889000226280263,-0.005175743062441618,-0.00019392836526865853
2022-09-30,-0.015463370859125636,-0.012911023465740357,6.462244018679009e-05
2022-10-03,0.02640103632887092,0.015889391736557235,0.024309785681440932
2022-10-04,0.030986680925640275,-0.0027928288774059506,0.014328122056449066
2022-10-05,-0.0023281142122190124,-0.009561657875402085,-0.005538266375543777
2022-10-06,-0.010315731584194854,-0.005557887431351105,-0.00112629171222689
2022-10-07,-0.02789408906142421,-0.009708095454261323,-0.010962851258976669
2022-10-10,-0.007635221088492461,-0.015546264883898653,-0.015201476317757034
2022-10-11,-0.006333074739312328,0.004425970947376623,-0.002058091550185215
2022-10-12,-0.003298302666076447,0.004906507924751891,0.00534932850905423
2022-10-13,0.026391011546337273,-0.009566559405189357,-0.006923532232980256
2022-10-14,-0.02278871907767177,-0.008250281865647358,-0.012458897998479546
2022-10-17,0.025696854115355272,-0.00486965726663624,0.0028762090057179446
2022-10-18,0.011749662653353088,0.0023449127088910338,0.0021509701146735782
2022-10-19,-0.0070865426789512576,-0.018205737366498442,-0.013398358104674823
2022-10-20,-0.00838542885236604,-0.017093191641537997,-0.0015822103586343728
2022-10-21,0.024301697251924548,-0.018022573017000387,0.017827646105301076
2022-10-24,0.012236270184945885,-0.008264547867527505,-0.003243594030472474
2022-10-25,0.01596874899505618,0.02911234209022262,0.002277944142005106
2022-10-26,-0.007534020875488379,0.01440756327276338,0.006363608620383543
2022-10-27,-0.005339984765201811,0.010470570952353153,-0.001548523944967184
2022-10-28,0.023790580584941434,-0.006873616654815562,-0.010210687443231947
2022-10-31,-0.007223268483452339,-0.007128116039866184,-0.008161399648159207
2022-11-01,-0.0043758217274172395,0.00934553106373115,0.010203429757038585
2022-11-02,-0.025096307784670757,-0.00434032536789386,-0.006972548399621914
2022-11-03,-0.010296767185619005,-0.005396706361831427,-0.003806036048150885
2022-11-04,0.014393112972917788,-0.01680052799599696,0.030696289684813083
2022-11-07,0.009565695511989825,-0.009976874414657444,-0.003962389674382338
2022-11-08,0.005395321017212407,0.010934908312077996,0.023099074133724695
2022-11-09,-0.020602131707665894,0.0032872071766103517,-0.0050172660211307285
2022-11-10,0.0549542341567808,0.03847386325690305,0.030444387121793204
2022-11-11,0.009678397055140397,-0.0036642894940146498,0.006606324071935177
2022-11-14,-0.008506787359441104,-0.002451421696104461,0.002187655661719301
2022-11-15,0.00852913830125801,0.016180105553896817,0.0035168677995043307
2022-11-16,-0.0076286698888281546,0.02186812557113038,-0.0022961020109516506
2022-11-17,-0.0030599097740118264,-0.010551801647371684,-0.007267423593311895
2022-11-18,0.004540516854442567,-0.006877558570875353,-0.006893636502166456
2022-11-21,-0.0036363159435958137,0.004215041330409619,-0.005589952950737276
2022-11-22,0.013457115666759112,0.014191801134565196,0.00117372396636517
2022-11-23,0.006301549963531716,0.017441374349367544,0.006231840940288613
2022-11-25,-0.0002237257135500048,-0.0033898244020005297,0.000858470616118101
2022-11-28,-0.015956774935200202,0.0028185528014714745,-0.007903495498554403
2022-11-29,-0.001717761799539974,-0.011725839462043863,0.004940425418036076
2022-11-30,0.03150070812992212,0.007354168566503061,0.012781920270785507
2022-12-01,-0.0007359731369018796,0.03194590280551646,0.01838479961277617
2022-12-02,-0.0011535694778281869,0.012575524075552291,-0.0034556830535615868
2022-12-05,-0.017989424576532742,-0.014006735873605347,-0.017158885635801036
2022-12-06,-0.014414798837213083,0.012879951110126742,0.0027373742314797944
2022-12-07,-0.0017011897907771578,0.023562463441958226,0.009039101712364994
2022-12-08,0.007833947901335181,-0.002740442291824019,0.0008416965556858891
2022-12-09,-0.007470100743352637,-0.02601452705800733,0.003544160110315664
2022-12-12,0.014416987553252936,0.003197723891362747,-0.008260534556326027
2022-12-13,0.007570207962722453,0.009655864105365453,0.017081132038632596
2022-12-14,-0.0063937688690720584,0.004271091405786409,-0.0024330212847030186
2022-12-15,-0.024461561074910265,0.0039018111455437765,-0.01635930934057528
2022-12-16,-0.011806116040452341,-0.011170710367145786,0.008708721678036602
2022-12-19,-0.008479681324532362,-0.016805291870037098,-0.0028178306902848504
2022-12-20,0.0013683689995596104,-0.017756957012992403,0.016594482836064905
2022-12-21,0.014952652268872546,0.0025132265438581047,-0.0016560135809358112
2022-12-22,-0.014266304572376987,-0.0001925266181862506,-0.012085358459954287
2022-12-23,0.0057521249606729,-0.01466043072034462,0.002998321039039853
2022-12-27,-0.003943262825147897,-0.019772990295603088,0.008430011409881644
2022-12-28,-0.012428163877237663,-0.005891696786492817,-0.004505807286929064
2022-12-29,0.018000528403018023,0.011351006747064796,0.005598251568726287
2022-12-30,-0.0026340030862243013,-0.011124325380607702,0.0046786689817972515
2023-01-03,-0.00421009568376518,0.01908404245655615,0.008370656531798915
2023-01-04,0.007720286246805985,0.013699941627143941,0.0094119059589024
2023-01-05,-0.011413367149978204,0.00418060057352565,-0.012451461859522062
2023-01-06,0.022932113742072824,0.0183966660294137,0.01870749684189077
2023-01-09,-0.0005668858713092639,0.005324276621362145,0.0022451175785793698
2023-01-10,0.0070127836026780965,-0.016550037950007646,0.0036760446135073455
2023-01-11,0.012648001134849762,0.016251904003471873,-0.000686793935011365
2023-01-12,0.003640581134098042,0.01968189481870497,0.011568000967502767
2023-01-13,0.003879513184290584,-0.00937276103083029,0.012001783992939385
2023-01-17,-0.0018318270336247222,-0.006463413254588213,-0.00654507834469964
2023-01-18,-0.01578822409298286,0.024231170744408947,-0.0028717524486322477
2023-01-19,-0.007279565546253974,-0.006259620018352896,0.015868520044824974
2023-01-20,0.018628785950780324,-0.01621121588977603,-0.003335405556458948
2023-01-23,0.011998820039305746,-0.004707827280564736,0.0018964337632443318
2023-01-24,-0.001073479876813055,0.014380004790054857,0.003618515163479552
2023-01-25,0.0003747460256304791,0.0024247880006083022,0.004603959599926544
2023-01-26,0.010990558088269209,-0.004651515629914282,-0.009055266877154966
2023-01-27,0.0022976374974943425,-0.002523909452688544,-0.0013929904624704337
2023-01-30,-0.01254683003353041,-0.0036551010049070687,-0.002566715270248765
2023-01-31,0.014703244958183426,0.007995044871241141,0.0036362115419990015
2023-02-01,0.010627889218882913,0.01202110726014638,0.012596814339808304
2023-02-02,0.014557136931436787,0.001293842213178964,-0.02075193653580043
2023-02-03,-0.010629199802429823,-0.014955816621222917,-0.024957770292002968
2023-02-06,-0.00611145008141345,-0.007403616451287176,0.0020754098721176284
2023-02-07,0.0130787683842426,-0.008025903507690613,0.000920425708082595
2023-02-08,-0.010934725802802747,0.004759420909367096,0.002471594120761589
2023-02-09,-0.008669201449988728,-0.00947350237822453,-0.007912418174625069
2023-02-10,0.0023335873505687665,-0.011189643926737158,0.0019071943211166342
2023-02-13,0.011739013618119243,0.008414814154677375,-0.005076170279846859
2023-02-14,-0.0004601509437346385,-0.0023021319681549857,0.0007537389032514774
2023-02-15,0.00324759953140763,-0.009324863013472906,-0.00996466725346834
2023-02-16,-0.013769106004954734,-0.014168051935730785,-0.0008192368783922488
2023-02-17,-0.002498216899446848,0.007776278171526485,0.002986790669610162
2023-02-21,-0.020060866592698012,-0.019437361369799677,-0.003737004613899475
2023-02-22,-0.0013780769013614913,0.009164246887215954,-0.005626488586046308
2023-02-23,0.005319308248879828,0.009771729449449928,-0.0005304511136865475
2023-02-24,-0.01068229738258586,-0.013000921221588468,-0.00719467575637045
2023-02-27,0.0034057003389516005,0.002773597455949517,0.003920334893926292
2023-02-28,-0.003695863725286519,0.004543332636345099,0.00455596886271592
2023-03-01,-0.003835945936890295,-0.010743276289536308,0.005772150633673867
2023-03-02,0.007777355364443572,-0.008867419405406363,-0.0005855636445488699
2023-03-03,0.016037673103702632,0.024225998351549594,0.010723085619275707
2023-03-06,0.000692820495610702,-0.0077535193912871,-0.005043830646819902
2023-03-07,-0.015328792059369878,0.006132560039543655,-0.017480480627863337
2023-03-08,0.0016322228747125411,0.0009834302436615427,-0.00047445044105887124
2023-03-09,-0.018449953340476277,0.002454695839687604,0.009849316056938173
2023-03-10,-0.014429289309512594,0.03448634968490949,0.021562856843419187
2023-03-13,-0.001425307722233593,0.002273278868996975,0.022948211912439564
2023-03-14,0.01652997012636037,-0.016441631990964933,-0.005791064746217711
2023-03-15,-0.006254228527553418,0.019310001871354343,0.007804133170404848
2023-03-16,0.017545033361856754,-0.007822799057134344,0.002020092008242713
2023-03-17,-0.011692521398339095,0.01500914233508066,0.02912021467748982
2023-03-20,0.009615361098016972,-0.008797182655817193,0.0003808677357699519
2023-03-21,0.01313066590438261,-0.008592465937193428,-0.018875115806276432
2023-03-22,-0.017046504734449464,0.013333343356582317,0.01702060989813825
2023-03-23,0.0027034105624375027,0.0,0.012538176085624908
2023-03-24,0.006561910930938275,0.004229382379111968,-0.011252350246951037
2023-03-27,0.0018700007246694739,-0.023490809608880503,-0.009256722051406152
2023-03-28,-0.0022447681817562293,0.0018207242651329114,0.008189093257242153
2023-03-29,0.014535050770606794,-0.0020087132899696547,-0.00496077000653139
2023-03-30,0.005855098241038581,0.004601402615666883,0.009039576549164652
2023-03-31,0.014094796629497308,0.014980794796979113,-0.005212246135594234
2023-04-03,0.003810404735610007,0.004703020033100858,0.007204410308019105
2023-04-04,-0.005548109677563584,0.004971844623782751,0.018640958960437715
2023-04-05,-0.0026183707004513446,0.010454678225161107,-0.0007979247786651378
2023-04-06,0.0039010096758456125,0.0025866272012131653,-0.007134091065472581
2023-04-10,0.0010262811264352134,-0.016124812147893186,-0.007399886547073353
2023-04-11,0.0002687267289793738,0.0020603816601207914,0.006320556237305208
2023-04-12,-0.004075990587934397,-0.0010279499703216288,0.004885138866613126
2023-04-13,0.013282698737322018,-0.00785861386200204,0.013515672558895409
2023-04-14,-0.002442868872969073,-0.009146675954044614,-0.017710313033589165
2023-04-17,0.0035884055441717244,-0.011895519896700457,-0.0044537552497120325
2023-04-18,0.0006521155542618118,0.0035632137422716426,0.003880780603893852
2023-04-19,-0.00016894828731650602,-0.000959443529469306,-0.004778520212877502
2023-04-20,-0.005457007487032706,0.008549416146349964,0.00393825919904689
2023-04-21,0.0007768032635153688,-0.005619604682062351,-0.00988766926809792
2023-04-24,0.0010431613806292095,0.00967417704219109,0.003039335460481629
2023-04-25,-0.015873680002582824,0.014704732672685461,0.005086318131183543
2023-04-26,-0.004235609072473112,-0.010658263982315841,-0.0054373863086726315
2023-04-27,0.01990791529641478,-0.009922244529401825,5.410039265330013e-05
2023-04-28,0.008535243352076005,0.01613044769586569,0.0002706525128974846
2023-05-01,-0.0010098035026345764,-0.028834664607953586,-0.004491351825477108
2023-05-02,-0.011239125891845836,0.024919799561941458,0.019296640909943763
2023-05-03,-0.006863899262509854,0.00558192339835073,0.008479075840785555
2023-05-04,-0.007083161023273554,-0.009878378341767302,0.00703295344911492
2023-05-05,0.018512529319208992,-0.003325700035438528,-0.015647950479605433
2023-05-08,0.00026652877135324715,-0.01401481455106146,0.0012269055761324754
2023-05-09,-0.004385190526151939,-0.0035777844753364096,0.007086162362163639
2023-05-10,0.0046722912324459465,0.009704094511592265,-0.001428442843921074
2023-05-11,-0.0017438742796334061,0.010571837640297455,-0.008582755587748347
2023-05-12,-0.0013104219588023769,-0.008368878279024328,-0.0017100802429794726
2023-05-15,0.00345006829145289,-0.010357718121872583,0.0021412620336231925
2023-05-16,-0.006682492792676853,-0.003004128996664912,-0.0124993937971285
2023-05-17,0.01213901332919165,-0.002916063677059655,-0.0034618889303412725
2023-05-18,0.009633040905335122,-0.007408881266159462,-0.012972911279784505
2023-05-19,-0.001455154220409871,-0.007071497689784323,0.0098988291245512
2023-05-22,0.00040618676829140554,-0.0035605415489443626,-0.002341497915543389
2023-05-23,-0.01122276880631623,0.0028785687816998973,0.001200731149241463
2023-05-24,-0.007244767727471735,-0.00494910198414944,-0.008068450017086337
2023-05-25,0.008659868222557598,-0.0024865983053945495,-0.009618027091793824
2023-05-26,0.012950739159889313,0.008077246682470784,0.003995567330169925
2023-05-30,0.0003808365414137427,0.009990820678316803,0.006190554546333882
2023-05-31,-0.005545111949878612,0.008716825598960698,0.0015382006614657051
2023-06-01,0.009500734355175844,0.003923756272629753,0.00789813034647624
2023-06-02,0.014461292762298461,-0.01095834709002852,-0.014747450675273721
2023-06-05,-0.0019162841429363198,-0.0018624562492165486,0.006020416015011243
2023-06-06,0.002177462201675473,0.005893679522637418,0.0010980396887689814
2023-06-07,-0.0034576509440906733,-0.014843644160493663,-0.012010543410059138
2023-06-08,0.006048552856186884,0.011696952782646042,0.013211240429905624
2023-06-09,0.001794483881022657,-0.0013717940485781233,-0.0026845203333208945
2023-06-12,0.009071722296726925,0.002943584485280981,-0.0008788640365902101
2023-06-13,0.00659295942324567,-0.00988066440512192,-0.007367558613950331
2023-06-14,0.001190716301083139,0.008003052975102953,0.0005539277015322863
2023-06-15,0.012397725311585006,0.00960589750444929,0.007030581691497284
2023-06-16,-0.0034062534638480413,-0.003883570288972016,-0.0015392159510752013
2023-06-20,-0.005188221050783204,0.006920165740607498,-0.010350739592973501
2023-06-21,-0.005123692693211224,0.0024200954862791946,-0.0014464228474878604
2023-06-22,0.0036097827997971788,-0.012070423437143596,-0.009916979914319946
2023-06-23,-0.007560143192721691,0.009969968621190262,0.0027572461643308177
2023-06-26,-0.004085595843359213,0.0010642717015916237,0.0017396047357047806
2023-06-27,0.010963307794132016,-0.0026101455684317543,-0.004593535884055422
2023-06-28,0.0005043104234006002,0.004264870761121475,-0.002307409851291853
2023-06-29,0.003941496087357832,-0.018048431261984854,-0.001071764681377263
2023-06-30,0.01180069614057011,0.011794568977411934,0.006663323502016594
2023-07-03,0.0011504421616792548,-0.005668961655015847,0.0011218766110339118
2023-07-05,-0.0014870253062684302,-0.009502391752973516,-0.00353003237800964
2023-07-06,-0.00783085815328255,-0.014143018783734362,-0.002980200124891419
2023-07-07,-0.002524592077363219,-0.006019317298712856,0.007500997402107412
2023-07-10,0.002530981773897434,0.001312350443208432,0.0007836956455820054
2023-07-11,0.006368614939907591,0.00514033789086743,0.0037476125602418087
2023-07-12,0.00804582633721429,0.011131214165594594,0.013541420874312982
2023-07-13,0.007936935192751626,0.010512677905979428,0.0007146999149643118
2023-07-14,-0.0006228861330327407,-0.005888417616714436,-0.0031866482531699436
2023-07-17,0.0034723573590087486,0.0004934009550281448,0.0007165567329587841
2023-07-18,0.007430435704876004,0.004539396939647666,0.011456278139590825
2023-07-19,0.0022238554704570035,0.011296485116398802,0.00016335645500209495
2023-07-20,-0.006634494192364615,-0.01214203363466404,-0.005063389149303599
2023-07-21,0.0,0.0002952910045910251,-0.0030645332195952113
2023-07-24,0.004467271138958395,-0.0036369794846133896,-0.00428147332668416
2023-07-25,0.0027301361601883567,-0.0018744508411352445,0.005567859975791123
2023-07-26,0.00015364150894181527,0.0009881439031957928,0.0048791150253855164
2023-07-27,-0.006629979177784628,-0.019452823453435353,-0.01571197400361901
2023-07-28,0.00979033491976189,0.005135941759037532,0.007981390400291666
2023-07-31,0.0019040724619334704,0.0024045384913993217,0.0026944104889450315
2023-08-01,-0.002861648273700834,-0.01638695757973241,-0.010364679607279714
2023-08-02,-0.01391073356115402,-0.010699172536174029,-0.004765602229612864
2023-08-03,-0.002865940487663754,-0.023071155706319457,-0.0003341470787491252
2023-08-04,-0.004522745349619273,0.017712094418753876,0.003620414278603157
2023-08-07,0.008728562671913798,-0.009841418604705332,-0.0022753962847783527
2023-08-08,-0.0043485857485192625,0.01161322164364953,-0.006341080194621318
2023-08-09,-0.006685311212118239,0.005171099244195121,-0.00475820704444585
2023-08-10,0.00035901784315828245,-0.016462567052565547,-0.0010686044760203073
2023-08-11,-0.0005833011763488605,-0.0023013216458972474,0.0
2023-08-14,0.005520037047133108,-0.002201803754665388,-0.003040588549344525
2023-08-15,-0.011648691551893964,-0.006095063488842367,-0.002654474343068869
2023-08-16,-0.007338300442465195,-0.007824126908008378,-0.005776029417432049
2023-08-17,-0.007619873679635569,-0.004262611474673772,-0.0015378724223797935
2023-08-18,0.0004813736705591154,0.0035315489766205577,0.00017112823031739666
2023-08-21,0.0065063033964274375,-0.013330272425419731,0.002737670236275802
2023-08-22,-0.002708630796397493,0.0076741689451047534,0.0016495566176504273
2023-08-23,0.011137811255540031,0.02477707742008084,0.01016464068195777
2023-08-24,-0.013859214071814563,-0.006594021060932209,-0.00022482031744353037
2023-08-25,0.007049871211805447,0.0032664562656736784,-0.0012932863561120334
2023-08-28,0.0063413039300805885,0.0010498221465475854,0.0028713533365909427
2023-08-29,0.014454760432480285,0.010386053615631718,0.009768091768254772
2023-08-30,0.004119011758771718,-0.0010383005555217872,0.0025018747942815445
2023-08-31,-0.001463500938383877,0.004469611794859274,-0.0016637258183913595
2023-09-01,0.0018651692980347079,-0.015578554485263019,0.0004999240959600026
2023-09-05,-0.004321914265616789,-0.014021979741662083,-0.008161685723844458
2023-09-06,-0.006722372421519296,0.00245918718188598,-0.004534245193468567
2023-09-07,-0.0030703020367922607,0.0027733071761717465,0.0010684498647577367
2023-09-08,0.0015059837736284276,0.003829647469379527,0.0003370270596214642
2023-09-11,0.006576860641868798,-0.007205947723409767,0.001853109993606994
2023-09-12,-0.005485781870840811,0.005764045520282535,-0.005156651253074851
2023-09-13,0.0011661802196258897,-0.00021274473772736613,-0.0023100098564432514
2023-09-14,0.008622192924120586,-0.007217730802961175,0.0005082241752882855
2023-09-15,-0.01204824785433245,-0.006094534719324085,0.006603816566220333
2023-09-18,0.0005864319287232078,0.005701717171285869,0.005887647601878543
2023-09-19,-0.0020738287592076965,-0.007380483220606693,-0.0009476457412548323
2023-09-20,-0.009193263597168877,0.0031250345818252256,0.0007253927124595272
2023-09-21,-0.016528359435111217,-0.0256743109306814,-0.007248413758109917
2023-09-22,-0.0022485745369166255,0.008048612125343801,0.0032013033173832195
2023-09-25,0.0042051361330319725,-0.02460903428658423,-0.005150588926742139
2023-09-26,-0.01469117974189238,-0.003476194747803918,-0.007990985893820302
2023-09-27,0.00039912898714855594,-0.005176305714522655,-0.012366647894697436
2023-09-28,0.00579747125046981,0.0030542407385933945,-0.004997187509914736
2023-09-29,-0.0024270904217696954,0.00011288370973239203,-0.01027534966921384
2023-10-02,-0.0003977090012120543,-0.016740321460410268,-0.010498705650611395
2023-10-03,-0.01338594990876607,-0.02151134794458842,-0.0028882419805683623
2023-10-04,0.007282136207094281,0.014107786543460232,-0.00011825651470720455
2023-10-05,-0.0003769354737163111,-0.0049847930105192395,-0.0018327868021307259
2023-10-06,0.011872702287896608,-0.012117090042178646,0.005153083621109555
2023-10-09,0.0064021982644399955,0.02346968477490341,0.01838544744893622
2023-10-10,0.005204839800025507,-0.00138276704880691,-0.0016780958953311886
2023-10-11,0.004096329669438736,0.020885872702392616,0.007303045938392039
2023-10-12,-0.006096385366099577,-0.02712745139507755,-0.0030496507265770356
2023-10-13,-0.004980947856252582,0.017892176386884895,0.03214825984540237
2023-10-16,0.010521569293863386,-0.016094104745908,-0.004864928190345896
2023-10-17,-4.596869727169217e-05,-0.01102060612834721,0.001854273768354009
2023-10-18,-0.01332501949415743,-0.008797776766442444,0.014470816805260078
2023-10-19,-0.008786523905952914,-0.02047358645098274,0.012274016037125302
2023-10-20,-0.012288052505455282,0.005678474024951585,0.0027308974274993236
2023-10-23,-0.0017330797828243316,0.012013660271789517,-0.0033770637265356784
2023-10-24,0.007539391567962461,0.013176536857560706,-0.0001093308866343401
2023-10-25,-0.014352265498730699,-0.022261423232525113,0.004208823642007475
2023-10-26,-0.011974614723953003,0.01533846302607067,0.0015784524505007003
2023-10-27,-0.0045326618301441135,-0.004248769904560024,0.011629799758343662
2023-10-30,0.011955641753641721,-0.00450365436323763,-0.00564054701797434
2023-10-31,0.006280243872613278,-0.004881690546786777,-0.005456562573315948
2023-11-01,0.010664845087113184,0.021682299859434595,-0.003150642851826202
2023-11-02,0.019164265161966787,0.022796236991406538,0.0033240729584831374
2023-11-03,0.009123600847574131,0.006778686741975237,0.003638921283475316
2023-11-06,0.002300344470738791,-0.00969943235481674,-0.007792560392528847
2023-11-07,0.0028460458234895736,0.014749590091582165,-0.0041451308444239165
2023-11-08,0.0007323394361860025,0.017033623697925382,-0.00996764391222027
2023-11-09,-0.007798612756973133,-0.02300115788337087,0.003982968433291267
2023-11-10,0.015604568434403499,0.005599742043272515,-0.010909752197912126
2023-11-13,-0.0009530378646105397,-0.002272613010979918,0.005570720464602941
2023-11-14,0.0194007709739088,0.022667838910426674,0.008919177105678688
2023-11-15,0.0021170155644785194,-0.014034625012198876,-0.002635601473798599
2023-11-16,0.001223092010858906,0.012426710638749894,0.011286077178189302
2023-11-17,0.0012437526668118704,0.0046864018487706716,-0.00010890234740634774
2023-11-20,0.007697626206968566,0.006108369525030799,-0.0016333808174913145
2023-11-21,-0.002179354867042904,-0.0004413827355187472,0.01079790063288577
2023-11-22,0.0038607640202614757,0.0035339466124679753,-0.004262252597287075
2023-11-24,0.0006153992582187406,-0.01177522806597131,0.005201596914642392
2023-11-27,-0.0018009688501093857,0.016703861248172247,0.006737817869841178
2023-11-28,0.0009900036991439265,0.0019716213108629255,0.013331852960406732
2023-11-29,-0.0007032940193641979,0.012570980022881484,0.0014794398574642376
2023-11-30,0.003937427215192413,-0.011551403142396333,-0.004167950375202456
2023-12-01,0.005916002011515431,0.018834004467067178,0.017271494075951965
2023-12-04,-0.005249414392136997,-0.003978739618221816,-0.02161342646325959
2023-12-05,-0.00019705638812439474,0.02148574372766543,-0.0037794459254785195
2023-12-06,-0.004029909529073783,0.01331773774057865,0.0036868953454944897
2023-12-07,0.007630426640316212,-0.005736897162037957,0.0016503277504122948
2023-12-08,0.004299109868161732,-0.008183183237030711,-0.01334039111485108
2023-12-11,0.003889668351380271,-0.0021154436334430704,-0.011042895165362276
2023-12-12,0.0045672121517017494,0.0029680988034028744,-0.0005446421195114404
2023-12-13,0.013790131437190212,0.023462271507714405,0.022562533466176538
2023-12-14,0.00320929808177417,0.02601277067256591,0.005862552982469849
2023-12-15,-0.0016463950775735814,0.0011107523476405756,-0.009166511771857233
2023-12-18,0.0056250203886392125,-0.007967597275017613,0.004545487184575592
2023-12-19,0.0060807462729217665,0.005388371624343247,0.00681394057869511
2023-12-20,-0.013857198254307423,0.006774976939804445,-0.005445982936102989
2023-12-21,0.00948187939793832,-0.006327670737975244,0.007070635455129759
2023-12-22,0.0020097300784458483,-0.004548608022616585,0.004434417088942322
2023-12-26,0.004222535037011754,0.002843273603539087,0.007620733251079592
2023-12-27,0.001808101093975223,0.017719602590695827,0.004537842226414179
2023-12-28,0.00037771224607752174,-0.007262868126913347,-0.005815437657636813
2023-12-29,-0.002894986310545189,-0.009019974514279827,-0.001566841018672216
2024-01-02,-0.005596317714220755,-0.005764598680533806,-0.002353909884146743
2024-01-03,-0.008166614120016513,0.004170125452097162,-0.008336809604204354
2024-01-04,-0.003221209214564258,-0.015194171330802031,0.0010046128932528209
2024-01-05,0.0013697360128013258,-0.009566006443345931,0.00015845540955172766
2024-01-08,0.014275917445046193,0.009865944532371662,-0.007816271130823282
2024-01-09,-0.0015171280196250025,-0.006375618153227514,0.0003193567900841021
2024-01-10,0.005655465289015282,-0.004657796956377025,-0.00228804710551489
2024-01-11,-0.000440673039669659,0.005615157950233485,0.0019733072916665595
2024-01-12,0.0006927160733294357,-0.0019647957505588565,0.009794068475553752
2024-01-16,-0.0036711752397221575,-0.017612771443660913,-0.009488181898979597
2024-01-17,-0.0055586288622799795,-0.0015818932516729056,-0.01101595063528893
2024-01-18,0.008892810333086754,-0.009295030358960843,0.008232882099906247
2024-01-19,0.012466214778504625,0.0031983479834214457,0.00298872590696031
2024-01-22,0.0021142563857137198,0.005951867373490849,-0.003777957126316789
2024-01-23,0.002916478516551635,-0.00792402996918462,0.0038991332271092194
2024-01-24,0.0010931331410748424,-0.00585749628797827,-0.008246890539639895
2024-01-25,0.005438906700346413,0.006534711904162771,0.003969986681303217
2024-01-26,-0.0012703986234009479,-0.0019159543978737315,-0.0006946931881827156
2024-01-29,0.007919372812505543,0.01151634058290596,0.0070584854445867595
2024-01-30,-0.0007734281174205382,0.009066008744339493,0.0013805262268788976
2024-01-31,-0.01631726054723548,0.009820393451160703,-0.0007423479101065222
2024-02-01,0.013088048421898923,0.019615817974233618,0.01040067256889099
2024-02-02,0.010527360933223484,-0.022088422664849783,-0.009453300862028224
2024-02-05,-0.0036412597587345275,-0.020193756544993113,-0.005513988032274764
2024-02-06,0.0029033819983421694,0.009773740879994719,0.005224693124019186
2024-02-07,0.008340496313372414,-0.004839525072077411,-0.0002651978305409086
2024-02-08,0.00044156112686710713,-0.0058145223737743335,-0.0009018470501077624
2024-02-09,0.005779462489611031,-0.0020203302560505287,-0.003876152075832917
2024-02-12,-0.0004388300349678076,0.0011720375403063699,-0.0026119694947860372
2024-02-13,-0.013773113248840119,-0.017135148241367526,-0.013788690196348319
2024-02-14,0.009087666865085442,0.005089237737925245,-0.0005961123453055439
2024-02-15,0.0068997302180955344,0.005171507501160466,0.0067238125229136525
2024-02-16,-0.004979973581171526,-0.005788161076862419,0.0036625695484677756
2024-02-20,-0.005505444268469661,0.0008627654594297596,0.006064210073093879
2024-02-21,0.0009058827445729278,-0.007108729705561756,5.331256612173263e-05
2024-02-22,0.02069548839377333,0.0048815963706287935,0.00042672195902415666
2024-02-23,0.0006896579493562704,0.013386447302648818,0.005651511902278639
2024-02-26,-0.0036624551393661386,-0.002982749730888523,-0.0022266895335479875
2024-02-27,0.00185762380353105,-0.0070520342814858195,-0.0010626830578386315
2024-02-28,-0.001321454793476784,0.006348660144063434,0.00180849115899262
2024-02-29,0.0035947189854033113,0.007057677361245185,0.005150266749304189
2024-03-01,0.009388331285634655,0.0062306770527211786,0.018910791174389097
2024-03-04,-0.0010724602446435805,-0.004022393942646696,0.016174996770490724
2024-03-05,-0.0099940695152958,0.014241932932971935,0.006020141664404566
2024-03-06,0.00506719125229993,0.005867960553964657,0.008215401882095241
2024-03-07,0.009926328851974642,-0.0009373824138417808,0.005683843351386164
2024-03-08,-0.006002087778289478,-0.0017726353923872562,0.008452547868211147
2024-03-11,-0.0008598013296785556,-0.0005227520952526543,0.00183502012710135
2024-03-12,0.01075722647102273,-0.008360976776676576,-0.01094062729637224
2024-03-13,-0.0015673472009858358,-0.004848355190260389,0.00700740378557585
2024-03-14,-0.001976760948957379,-0.015356788327266613,-0.004175139558116325
2024-03-15,-0.006866645595945631,-0.0003226713399382408,-0.00319440663913817
2024-03-18,0.005943216707643639,-0.0030125408842882617,0.0016022835845583838
2024-03-19,0.005556905065490003,0.0028057793903197847,-0.0011498061737871268
2024-03-20,0.009249343265452126,-0.00032284497110202093,0.011911859798154678
2024-03-21,0.0033046116735047093,0.0021529341404997737,-0.0010386361790747367
2024-03-22,-0.001895633620864312,0.009560820576555384,-0.00802096899240623
2024-03-25,-0.0027627133218162125,-0.005001336620001462,0.0031944066391380588
2024-03-26,-0.0018470319627820198,0.002780638255962753,0.003233961285236564
2024-03-27,0.008403562369588169,0.009917834029107953,0.007240660177973313
2024-03-28,-0.0001909192182267816,-0.0008445890080972518,0.012900024807739996
2024-04-01,-0.001739751800762357,-0.018641036635370423,0.010208079384865787
2024-04-02,-0.006358195852623538,-0.0055110057396320355,0.014772360490971526
2024-04-03,0.0010986562240766773,-0.00021706027785917126,0.008772374739768773
2024-04-04,-0.012206150055177223,0.007172429120117174,-0.005734705223284009
2024-04-05,0.010446735059327139,-0.013918633253936163,0.017114197447370305
2024-04-08,0.0005594956015666508,-0.00010948661853804609,0.00622848536623688
2024-04-09,0.0011567923030353366,0.00930193437691229,0.005497054993034878
2024-04-10,-0.010013225036973217,-0.021793754977959545,-0.009463856185613961
2024-04-11,0.007546924360555707,-0.00454408117833216,0.019433247203493043
2024-04-12,-0.013803149534362014,0.005344337835123669,-0.013239324939518515
2024-04-15,-0.012528045539618837,-0.015505715806659826,0.01871915519396472
2024-04-16,-0.0018238497618979777,-0.006637119215584408,0.0012220152803359419
2024-04-17,-0.005918238137195275,0.011098384329318645,-0.007368252752093185
2024-04-18,-0.002057580702845785,-0.0050401260598500475,0.0034154561341945833
2024-04-19,-0.008728459620780615,0.003602357274555379,0.003131535140574959
2024-04-22,0.009209134257071705,-0.0016828070531400563,-0.02470249054532203
2024-04-23,0.011866825733086728,0.000337185610203683,-0.002458663172418052
2024-04-24,-0.0004748382522159478,-0.007076141967467309,-0.0018600907225296837
2024-04-25,-0.0037988363571601624,-0.007013571616107717,0.005963468053189924
2024-04-26,0.00947376696647173,0.005240337266157358,0.003241927353549112
2024-04-29,0.0035414892186309554,0.008386360998358766,-0.002031218037689575
2024-04-30,-0.015841166694993025,-0.00854123448249644,-0.019937078844561418
2024-05-01,-0.0032470879194256286,0.007370821039307307,0.00906215232545482
2024-05-02,0.009353387028529392,0.004290890456364327,-0.0030870874411647042
2024-05-03,0.012395394600887455,0.010119000917863996,-0.0007976266365629092
2024-05-06,0.010326733612151306,0.0038958603430783167,0.010518361024399514
2024-05-07,0.0011034234216742433,0.006098108344754882,-0.004600326433150892
2024-05-08,9.660297516567162e-05,-0.006061146814784757,-0.002941061869504713
2024-05-09,0.005761925997270323,0.00487872904153952,0.015778607960932778
2024-05-10,0.0012881687006938147,-0.0056274041213270065,0.008112513438038427
2024-05-13,0.00013424729000699465,0.002552414284452187,-0.011202103844459854
2024-05-14,0.004588102052269782,0.005644470825858505,0.008462045119477013
2024-05-15,0.012383127726450782,0.013647279676795687,0.012838750510223873
2024-05-16,-0.0020575211449046504,-0.000977108423616646,-0.0038933433506626036
2024-05-17,0.001437424832782641,-0.006738170852008563,0.0164977725898805
2024-05-20,0.0011521724820675594,-0.0029543734892930607,0.004023937591649318
2024-05-21,0.002452584934648172,0.0051577705174563615,-0.001469548604570936
2024-05-22,-0.002879396361313069,0.0012010158515918246,-0.01837396956557802
2024-05-23,-0.007304162035511652,-0.0064338264787601185,-0.019944570339717638
2024-05-24,0.00661651357559756,0.0029634530525919356,0.0009271136061119734
2024-05-28,0.000698751458297453,-0.014335823411890658,0.010513172896031486
2024-05-29,-0.007002629786867498,-0.012101667485429624,-0.009303812074716977
2024-05-30,-0.006633638369695882,0.009664891226746741,0.0018967600627461945
2024-05-31,0.009108273619901519,0.006789845140697803,-0.00586417430627717
2024-06-03,0.0008153591799815452,0.016174538602635957,0.008917780500373507
2024-06-04,0.0011176521585258836,0.011681470196097443,-0.008977059834655465
2024-06-05,0.011885299916094771,0.007337908522024206,0.011845603201319
2024-06-06,-1.875747881197043e-05,-0.0014999916976284888,0.007391356612921562
2024-06-07,-0.0012157418997532643,-0.0183455115080583,-0.03568330143379639
2024-06-10,0.0030898885966279543,-0.006666761289105594,0.009168181127878317
2024-06-11,0.002408104637113828,0.01034219873356701,0.0028566106093961263
2024-06-12,0.008212993608445407,0.0075139735656450934,0.0026617200115086614
2024-06-13,0.0020137416563510424,0.014699520472711614,-0.008150148984962247
2024-06-14,0.0006082700460166013,0.008414809922665967,0.012959545903254766
2024-06-17,0.00795905911726269,-0.009929254394330123,-0.005191652247571676
2024-06-18,0.002540605288468889,0.009175412508285463,0.004007271832187298
2024-06-20,-0.002716444143760155,-0.006660325608438655,0.012484347826456466
2024-06-21,-0.001340836794000877,0.0,-0.015493238109986152
2024-06-24,-0.0032505104166534737,0.004044159381184409,0.003957566385821121
2024-06-25,0.0038508688831582205,0.0016959826721301141,-0.004962237629221655
2024-06-26,0.0012481562631090348,-0.014285581291014982,-0.009228168111804491
2024-06-27,0.0015764614739341987,0.003972107815742865,0.011336925587312363
2024-06-28,-0.003935407806548219,-0.01860552749975075,9.297647872519299e-05
2024-07-01,0.0020582538182398746,-0.017259061381517338,0.002604589701363791
2024-07-02,0.006729662300142714,0.007785724756194989,-4.643394389247657e-05
2024-07-03,0.004462748330993138,0.013133100514334695,0.011273000380832565
2024-07-05,0.005766370396420806,0.008278949917338796,0.013486798057397165
2024-07-08,0.001153984236467176,0.0021605730607832108,-0.012402074526820739
2024-07-09,0.0009723971750748017,-0.00441996800162503,0.0016957473442755777
2024-07-10,0.009895394053725859,0.003140154290003805,0.0036603361122538036
2024-07-11,-0.00862278725723753,0.009715266771795239,0.017733403441032136
2024-07-12,0.006307514754080756,0.004275963538278749,-0.0006270969301161999
2024-07-15,0.0027501766488369217,-0.011496540999887062,0.0032271131671974818
2024-07-16,0.005930226787752568,0.014107186591885812,0.019925798233449088
2024-07-17,-0.014021126594645938,0.00021223929843428024,-0.004643206403117217
2024-07-18,-0.007684866404461421,-0.007643781785911297,-0.006381186355259194
2024-07-19,-0.00664064103061246,-0.005884623632854358,-0.017937829186174925
2024-07-22,0.010309854435858412,-0.0029055281346805906,0.00031573231212611574
2024-07-23,-0.0015683944689509621,-0.0014031347102172465,0.003516676143213937
2024-07-24,-0.022662531867334357,-0.010808530552236961,-0.0035043524704835294
2024-07-25,-0.0052104238954299165,0.008194768201386315,-0.01564473026582147
2024-07-26,0.01119966931668226,0.007803381012515098,0.010534525866662925
2024-07-29,0.0005879167331797053,0.005376905684861821,-0.0014050562105476505
2024-07-30,-0.0050666697863112065,0.0038507746217657512,0.009985461488319247
2024-07-31,0.01625473240430919,0.010228985459782791,0.018110725786084414
2024-08-01,-0.014160869859156988,0.008624748009890437,-0.003442943141866439
2024-08-02,-0.01861848434454616,0.03116177320994784,-0.0019046282784819235
2024-08-05,-0.029123751439333545,0.005290806312444829,-0.012691935106198704
2024-08-06,0.009219607809513253,-0.022368321499218857,-0.008000713832612472
2024-08-07,-0.006683984546729693,-0.007040060727504516,-0.0006796279952806517
2024-08-08,0.023117299501307587,-0.006151651751086118,0.015688013635013043
2024-08-09,0.004409457125771121,0.009861455290590682,0.0024552612171107047
2024-08-12,0.0005256396444828226,0.0036359579769909,0.017144665770273848
2024-08-13,0.01644549418204444,0.006935120729365085,-0.001532358906807807
2024-08-14,0.0031548955749161056,0.006270645617218351,-0.008155751250824572
2024-08-15,0.017140048186923273,-0.00807034190381084,0.0031388449312386157
2024-08-16,0.002242219842832238,0.0035016280920332488,0.02238773852658915
2024-08-19,0.00956131738916266,0.0046182029024335325,-0.0016380226467286318
2024-08-20,-0.0016260605567995912,0.007968296549242693,0.0036699887797402297
2024-08-21,0.003436571382049669,0.000608022488479909,-0.0013336178629832496
2024-08-22,-0.007848624874648658,-0.009926320279430967,-0.011975011209935604
2024-08-23,0.010625387116536933,0.006547410862805636,0.011553425520716143
2024-08-26,-0.00238369696215901,-0.00254087701036787,0.0031893380775307456
2024-08-27,0.0013729592647899747,-0.0017320483830157718,0.002706671669018279
2024-08-28,-0.005805074553067668,-0.0012251585488052275,-0.007026862307456638
2024-08-29,8.930518884420202e-05,-0.0032701045626971625,0.005177980359189593
2024-08-30,0.009546185515074246,-0.010663412150204277,-0.0071260085162319076
2024-09-03,-0.020579137680261428,0.016355116804885217,-0.0043235765879541255
2024-09-04,-0.002046831078605038,0.012890046433740476,0.000607926500195255
2024-09-05,-0.0024320674546598475,0.005656124428871312,0.008332306942507639
2024-09-06,-0.016830090287505373,-0.00010049814078438857,-0.007402630408956501
2024-09-09,0.01119613658708496,0.004318937486207153,0.004205876079289794
2024-09-10,0.004355686662705027,0.007000923338200682,0.004404097525005923
2024-09-11,0.010258963429025103,-0.0007946301035186565,-0.001590555949419148
2024-09-12,0.00842312265102474,-0.004671370723157375,0.017567284525531468
2024-09-13,0.005222783831508426,0.002696098739572328,0.009943683944142245
2024-09-16,0.0014770382037720964,0.009162283655218761,-8.374817448153493e-05
2024-09-17,0.0004084005064655116,-0.004835602295907959,-0.0055309113549146804
2024-09-18,-0.0029656037238378063,-0.012396075397575701,-0.007710465405288858
2024-09-19,0.01706426753929513,-0.0033132741168622193,0.01554075728197235
2024-09-20,-0.001728493464093095,-0.0038283484193287753,0.012710660066880486
2024-09-23,0.0024987947776549113,-0.0021238454474898916,0.0019404068737312041
2024-09-24,0.0028613778394273037,-0.00020282964168527595,0.01396907347432852
2024-09-25,-0.002205682811472598,-0.00831223530387426,-0.001381767735031958
2024-09-26,0.003964690943036642,0.0023509577275426796,0.005086884066794806
2024-09-27,-0.0014503990937563271,0.005201031321687477,-0.007935830791900744
2024-09-30,0.004007307218167,-0.00476821805264438,-0.007999374253898295
2024-10-01,-0.008958496969196927,0.007220130499266064,0.010491249392624136
2024-10-02,0.000422292856316675,-0.008427399136694769,0.00020358719772617384
2024-10-03,-0.0018282872845175602,-0.009420343490743832,-0.0006920058878576718
2024-10-04,0.009087314968778681,-0.012300943862890712,-0.001996030315693287
2024-10-07,-0.009040375451706217,-0.007535308749008096,-0.0033877625757333663
2024-10-08,0.009457661081755386,0.0016870911623163565,-0.007371925565205384
2024-10-09,0.006926264849700381,-0.005684865078488199,-0.005446185963701722
2024-10-10,-0.0017500368840644986,-0.003917095543663485,0.007342892553628744
2024-10-11,0.005988126241714964,-0.00403931075370223,0.010913408354139564
2024-10-14,0.008178563713568066,0.0007470920430814321,-0.001629502157067031
2024-10-15,-0.007769602322363345,0.012157554726151432,0.003468359323146597
2024-10-16,0.004346198671580703,0.004214346607656738,0.005001609209081437
2024-10-17,8.589743781750592e-05,-0.015842866037396153,0.00598831083503093
2024-10-18,0.003846548369420555,0.0007462954375903053,0.010618185005034864
2024-10-21,-0.0016422800212634314,-0.017471206804479777,-0.00019900127714245208
2024-10-22,-0.0005311797270139973,0.0009757412485937866,0.01078732362833379
2024-10-23,-0.009137259973135414,-0.0027080190528867565,-0.012050555849465017
2024-10-24,0.0021628023642212835,0.006408271519267261,0.007693259346016168
2024-10-25,-0.00034551232929502795,-0.00561198973928978,0.0020569789010425055
2024-10-28,0.0030914301936280086,-0.0027130400688865075,3.945407605776552e-05
2024-10-29,0.0016183796278272933,0.0015234355803483979,0.010894858433216914
2024-10-30,-0.0030252091843017137,0.002934034549137543,0.005505891218995584
2024-10-31,-0.019603301045631794,0.0016248225356514379,-0.015495166963743978
2024-11-01,0.004220808348551319,-0.014098076054106068,-0.0041023758773532926
2024-11-04,-0.0021541105300423302,0.015521847359260654,0.0014259144001700363
2024-11-05,0.012091924203754711,0.005311488358669347,0.002254447895034817
2024-11-06,0.02486548513056608,-0.027388416033584106,-0.030386729020158154
2024-11-07,0.007732272756398428,0.012527865135394833,0.016076503855530166
2024-11-08,0.004331606609927707,0.01270092889181984,-0.006769426092267161
2024-11-11,0.0009529898599045517,-0.00486520318735828,-0.02347155656813127
2024-11-12,-0.0031065437781114813,-0.014993491019971827,-0.008631355179477884
2024-11-13,0.0004857686989643284,-0.009485854364695845,-0.010081225320474285
2024-11-14,-0.006429998524105307,0.005790610390090878,-0.0026091417886487944
2024-11-15,-0.012808534501926205,-0.0026573710698643005,-0.0017720694429753658
2024-11-18,0.004097196574939677,0.0017760264882240584,0.019020246289590537
2024-11-19,0.0036553686844147393,0.00509749183781083,0.008959325127211537
2024-11-20,0.0003389332950363144,-0.0031970611647539338,0.005632045702723465
2024-11-21,0.005368247246335223,-0.0007743178472194856,0.008339500390982302
2024-11-22,0.003099394453447868,0.0005534736677101915,0.012892210445830665
2024-11-25,0.0033921054211556445,0.025887710279568488,-0.029458856541118794
2024-11-26,0.00522148547086676,-0.0038820176678382445,0.0019383092584315254
2024-11-27,-0.003029984694522536,0.006928428930262243,0.002222714763140843
2024-11-29,0.006212153757098493,0.010321532953159629,0.008624546377060671
2024-12-02,0.0017923271897524184,0.0024027532717469935,-0.008754403389975018
2024-12-03,0.00046384223378992395,-0.008628985477062812,0.002012776164397767
2024-12-04,0.006209406835690379,0.010745660840752791,0.003033679807253664
2024-12-05,-0.0016455346383350555,0.0020202124292711954,-0.007397709454119217
2024-12-06,0.0018956944029322464,0.0014853699815817745,0.0003705687954560499
2024-12-09,-0.005149775023360559,-0.009216990898578303,0.009919751769426055
2024-12-10,-0.003108991042220177,-0.00470477047072293,0.01316431251835759
2024-12-11,0.007730739542463061,-0.009454549433807191,0.009533812345188464
2024-12-12,-0.005152741655185644,-0.01214717085420236,-0.014663722649505995
2024-12-13,-0.000198618165903941,-0.01021113099046378,-0.012091578404740733
2024-12-16,0.00426995333865432,0.002995049466608668,0.002415209844427002
2024-12-17,-0.004119991479773488,0.0024330358704272026,-0.0038386247250202787
2024-12-18,-0.02980346115350485,-0.012504226544028718,-0.01918507783771317
2024-12-19,-0.0003072589937267445,-0.015141258824432069,0.0014210967336203417
2024-12-20,0.012011121262937685,0.00569409622133632,0.010434056495473909
2024-12-23,0.005988313845908255,-0.009172327041227946,-0.004708795377563968
2024-12-24,0.011114993282984376,0.004228705843011049,0.001992014086009908
2024-12-26,6.659179477574995e-05,-0.0005692442888631799,0.006751179863859091
2024-12-27,-0.010526377731204462,-0.00819850687889312,-0.0068705038771271765
2024-12-30,-0.011411792655248942,0.008036867945663717,-0.0031896811646235923
2024-12-31,-0.0036380303829519622,-0.005353186749527783,0.006233636577161361
2025-01-02,-0.002457018332623462,0.0027482939580165677,0.013587714119632333
2025-01-03,0.012503404560544995,-0.003197399397409928,-0.007864039973028869
2025-01-06,0.005760615382937484,-0.0044680704272511695,-0.0012320959587239777
2025-01-07,-0.011304045433904064,-0.011277322918262445,0.005633435188264313
2025-01-08,0.0014610115160782478,0.001280226823851871,0.005315681488123669
2025-01-10,-0.015267533310024395,-0.006625593522343598,0.009558310004399662
2025-01-13,0.0015505849049237685,-0.000351006030582357,-0.009951255605703757
2025-01-14,0.001375843498309326,-0.0016386990823036296,0.005249423200524461
2025-01-15,0.018189924151601256,0.01723539812481234,0.007488993695735191
2025-01-16,-0.0019229973708283499,0.0032270620135934625,0.006910965874952435
2025-01-17,0.010040006199192764,0.0017234539396993043,-0.005307269747253374
2025-01-21,0.00915337560722529,0.008946203686611476,0.01548521901629396
2025-01-22,0.005621538331987974,-0.005229177768325433,0.005135652699768123
2025-01-23,0.005457956171128542,-0.0077705973425220565,-0.0014148699521492336
2025-01-24,-0.002919265256986603,0.004491741518816372,0.006218705580030903
2025-01-27,-0.014145255556364478,0.011809149553228426,-0.0104048052682425
2025-01-28,0.008592418892591214,-0.0006798179734526233,0.008656417783572623
2025-01-29,-0.004483069391403416,-0.0020413052328893677,-0.0038404097330004827
2025-01-30,0.0053671859760371365,0.003749753507537701,0.01514551884715587
2025-01-31,-0.005321911081975883,-0.006565712374466681,0.0019763991077348386
2025-02-03,-0.006729655863189077,0.008142202112862762,0.005337271410283728
2025-02-04,0.006708369785656254,0.0030626074085966515,0.00984841707528572
2025-02-05,0.004054526223509436,0.016510266603736,0.006209542410714253
2025-02-06,0.0034756291897781733,-0.0004451755595352713,-0.0026502562908058414
2025-02-07,-0.009153513013858694,-0.006455198187724109,0.0017841598670260694
2025-02-10,0.006791224284519393,-0.003024526843988684,0.016938239196991
2025-02-11,0.0007604384781254581,-0.006404350429037753,-0.0036516022155236305
2025-02-12,-0.0032212799544473203,-0.013569957099510477,0.0010471549570203464
2025-02-13,0.010557293434562576,0.01662233073050534,0.009862831092105617
2025-02-14,-4.927878863780766e-05,0.005300072008749934,-0.014871773334245608
2025-02-18,0.002935999786583876,-0.011777830497648578,0.01656090548123368
2025-02-19,0.0023549188372289365,0.0012486439552656936,0.000554096378723612
2025-02-20,-0.0041602448320542385,0.003741167932085787,0.0005168326664386491
2025-02-21,-0.01710420781148192,0.012084676998650679,-0.0009225433005247696
2025-02-24,-0.004550510344039749,0.0029015915534478243,0.005429568123388684
2025-02-25,-0.004973079507837541,0.0172471356082744,-0.013188334192659745
2025-02-26,0.0005049020314549235,0.005906792543867168,0.0015263333689308212
2025-02-27,-0.01596211835726624,-0.007068428269280003,-0.015239958822878874
2025-02-28,0.015605704427724687,0.012265981797339176,-0.006265820058134697
2025-03-03,-0.01751997766630431,0.004666741764066229,0.013180390342641513
2025-03-04,-0.011836867992038314,-0.012314987418446388,0.008697635934455272
2025-03-05,0.010747731993943743,-0.007984330032249853,0.0020813110966888537
2025-03-06,-0.017751052138385348,-0.003307310601871949,-0.005081207410422395
2025-03-07,0.005604777447865361,-0.0032081462206909883,0.0005219558189655249
2025-03-10,-0.026635406729509925,0.01043193562263145,-0.008755937163287819
2025-03-11,-0.008313111741900747,-0.007138990584420135,0.011727541035094546
2025-03-12,0.0053067124815113775,-0.005973488783041603,0.004346793335703092
2025-03-13,-0.013330547411436466,0.008791436803899266,0.017756144523255468
2025-03-14,0.020655906135268243,-0.005295044798879989,0.00039975774946587883
2025-03-17,0.00771133679017999,0.0049905295766283775,0.0054135329342379634
2025-03-18,-0.010808597358321625,0.0009931495730075568,0.011671955843306048
2025-03-19,0.010890957855881567,0.005181421431804223,0.004107707999658539
2025-03-20,-0.0028918084037365954,0.0006577658353625893,-0.0012805854303336028
2025-03-21,0.00033011155289441874,-0.005918495460889295,-0.008049901213267985
2025-03-24,0.017908376041436913,-0.010253406645519436,-0.004452548665506595
2025-03-25,0.0024038215328545665,-0.0001115457249648566,0.004400365088198743
2025-03-26,-0.01193812074974343,-0.006572967463589152,-0.0008259812019960622
2025-03-27,-0.0026557355920602266,-0.00291578407283144,0.013405732882559862
2025-03-28,-0.020138428433983946,0.013834186489646072,0.007412123023167849
2025-03-31,0.006712800625198856,0.009873655584329288,0.014363222998346137
2025-04-01,0.0028245533885180585,0.008665494862329037,-0.0019782303576065807
2025-04-02,0.006328297594604848,-0.0006558451479585781,0.0020516615880092903
2025-04-03,-0.04928091072982521,0.004593397472776539,-0.006038278082531101
2025-04-04,-0.05854282631206209,0.010887443280421794,-0.02339226273628292
2025-04-07,-0.001781249590409928,-0.030155781173679452,-0.02148580630415131
2025-04-08,-0.015662815673295305,-0.018878737160571868,0.005443793790763651
2025-04-09,0.10501944686832076,0.005885881547573524,0.03699125081478161
2025-04-10,-0.043819062573260736,-0.027568295817345434,0.0244235794430141
2025-04-11,0.01784265778614169,0.005438367650034248,0.019086664805096243
2025-04-14,0.009701508108546752,0.0071354132830814265,-0.005705977012200658
2025-04-15,-0.0028007924327630995,0.0035424762128988263,0.005232379352138938
2025-04-16,-0.02222796326408627,0.005579453681644475,0.0325408102664011
2025-04-17,0.0014265993667199606,-0.008832363555527523,-0.004390692094044635
2025-04-21,-0.023802592345244733,-0.017479796733983477,0.03093558529908469
2025-04-22,0.02601775974219156,0.005581794721266187,-0.014195668551963636
2025-04-23,0.015495362918822586,0.00971291293833576,-0.023978630729734163
2025-04-24,0.02104903098185429,0.010535916607493867,0.014556277018207942
2025-04-25,0.0072251980963009554,0.0073662938730900684,-0.010841679678267213
2025-04-28,0.0003813852095151393,0.006299931285403959,0.01424210344049559
2025-04-29,0.006299389544388578,0.008384351227041398,-0.009738925467677184
2025-04-30,0.00039694175083582195,-0.008092777016491692,-0.007482221012837353
2025-05-01,0.007086756457844956,-0.005070852536856463,-0.02077228754256477
2025-05-02,0.014844248983960195,-0.010823885368166808,0.0017481999132260562
2025-05-05,-0.005734215590911473,-0.005585211518789435,0.029867754776654154
2025-05-06,-0.00835843551316362,0.0033239802263040907,0.02802400275899264
2025-05-07,0.00420552756227166,0.0042272652895667395,-0.014993060801348546
2025-05-08,0.006967762571935099,-0.011149093898020768,-0.0196942722998793
2025-05-09,-0.0012742213508586397,0.0014955331738222277,0.007254674259445482
2025-05-12,0.03304754271395138,-0.009305269800637506,-0.028190568373488878
2025-05-13,0.0066040731540844,-0.00405808453956058,0.004258992599597278
2025-05-14,0.0012778714349117593,-0.006636429253274123,-0.021037827999516923
2025-05-15,0.004884285134641564,0.008790321878970886,0.015963953531585195
2025-05-16,0.006334043929497213,0.0026724203798069723,-0.012087047232674286
2025-05-19,0.0010938196429841618,-0.002896989418003759,0.012880671121226372
2025-05-20,-0.003362153676216839,-0.007205002655131021,0.0186222454642182
2025-05-21,-0.016850775346555102,-0.01708990319738868,0.007378683875855163
2025-05-22,0.00039470808698149895,0.005239810606522788,-0.008861493387459118
2025-05-23,-0.0068258512570531504,0.001658539504451273,0.021906288045034472
2025-05-27,0.020790577842265234,0.013956285720639006,-0.016949152542372836
2025-05-28,-0.005785347645933303,-0.004315927187847124,-0.0022660178699712707
2025-05-29,0.003947442276660329,0.00925487853237783,0.0059247154716217665
2025-05-30,-0.0011186108246576953,0.0015089002636594628,-0.006576942326457891
2025-06-02,0.005633026900562443,-0.009306296971034578,0.026581051258171673
2025-06-03,0.005702557269405606,-0.001761593467538236,-0.008855551213511115
2025-06-04,-0.00026851243178294126,0.01623316045663814,0.006441974072654677
2025-06-05,-0.004832756264298466,0.0006944749460462418,-0.00504987891618125
2025-06-06,0.010269030973764526,-0.012723886665728656,-0.013416073696802311
2025-06-09,0.0009012287764704752,0.0010545468999278995,0.004718534884218695
2025-06-10,0.005669821601985259,0.0051496611146437665,0.000293510988597534
2025-06-11,-0.002852077351950366,0.003027480880730904,0.005412290790508978
2025-06-12,0.003974378305442006,0.011957274330524958,0.0124202002480438
2025-06-13,-0.0111801611547373,-0.00963629530746013,0.013100564311248064
2025-06-16,0.009514136167775744,-0.010077582326344925,-0.01425909653729851
2025-06-17,-0.008544966880486782,0.012169531911050857,0.0005131941200071655
2025-06-18,-0.00015071307483049967,0.001734025506104464,-0.005385627565021256
2025-06-20,-0.0023484740098860257,-0.0018466233808646093,-0.00041901914110908933
2025-06-23,0.009877277029178178,0.0032374765398903715,0.0030631724583116693
2025-06-24,0.011047290002159427,0.007260468064215209,-0.015719378751237634
2025-06-25,0.0005603844216792719,0.0012586593769157162,0.003037305817845004
2025-06-26,0.007823809728070064,0.0050279411209464,-0.0011070472235482631
2025-06-27,0.004968423150459644,-0.006367192273777467,-0.018123728993798327
2025-06-30,0.004781078490475821,0.009840909120178987,0.01198454729743359
2025-07-01,-0.0003235144031829007,0.002479408330713584,0.008923010663382636
2025-07-02,0.004533265125870711,-0.0063532971910442715,0.005527596405484614
2025-07-03,0.007881399459640726,-0.0069651172573735876,-0.006822911403597365
2025-07-07,-0.007452069870285016,-0.009543633769500515,0.000748780548875283
2025-07-08,-0.0005477352950125081,-0.0012770655850118384,-0.010443411868664265
2025-07-09,0.005996656078344209,0.010461681402500034,0.004471282664348264
2025-07-10,0.002820258275139098,0.0006900832457830131,0.0022257895319868215
2025-07-11,-0.0035154084840562927,-0.01379481722780973,0.009601575193336043
2025-07-14,0.0019081841138897104,-0.002097947014327861,-0.0036553174266280575
2025-07-15,-0.004273212189356279,-0.007008357788490405,-0.004155705135267751
2025-07-16,0.0033432733845384366,0.0014112439749613959,0.004988096125243757
2025-07-17,0.0061196372725167425,-0.00023473473892554608,-0.0021735334020257513
2025-07-18,-0.0007324327901533367,0.001527404445705871,0.002600924347578637
2025-07-21,0.001896143492131186,0.00891601845574752,0.015370115792427752
2025-07-22,0.0001431954391026835,0.006046390428591231,0.009484882235462067
2025-07-23,0.008507476351847565,-0.005547661343550669,-0.01240118112003663
2025-07-24,0.00033102965109055305,-0.0017436122085807693,-0.006118276977772341
2025-07-25,0.004224338152491125,0.006287165781883708,-0.0092499926477293
2025-07-28,-0.0002510690047468067,-0.006479088357295604,-0.00647361832754334
2025-07-29,-0.0026375648019045794,0.016885924106099903,0.002750389076383808
2025-07-30,-0.0012594666428340506,-0.005153334257895659,-0.017273497289540862
2025-07-31,-0.003751164153554032,0.0005754050792752263,0.0066454015709211944
2025-08-01,-0.01639041762130744,0.014216522938051313,0.020299689958884537
2025-08-04,0.015199764160073403,0.0027328565491979706,0.005823229257701401
2025-08-05,-0.0050698285705123025,0.0030661750542138044,0.0008040912066364925
2025-08-06,0.007659561420999328,-0.005773879727233644,-0.00212110700071233
2025-08-07,-0.0008375389073296269,-0.00170794449030498,0.008437987494967825
2025-08-08,0.007797456463786601,-0.004334547172783698,-0.00022357985855403495
2025-08-11,-0.0019774044951013092,0.0011455735824681401,-0.014374701087597641
2025-08-12,0.010646077812391797,-0.005034920419278777,-0.0009074665058316222
2025-08-13,0.0034230360367946133,0.008280786587551825,0.0030492830145867345
2025-08-14,9.301357079483097e-05,-0.007414361795992197,-0.006338706734070332
2025-08-15,-0.002341293610408912,-0.007124539152232656,0.0005858183101099534
2025-08-18,-0.00021752076014103228,-0.0028935731352595084,-0.0015612675411803556
2025-08-19,-0.005425196437217061,0.005803847782429372,-0.005473279447945512
2025-08-20,-0.002657177257710863,0.0021926014158724083,0.010122175284489776
2025-08-21,-0.004011713483852319,-0.00495150161645963,-0.0034698951143765644
2025-08-22,0.015356833041096918,0.007406501836228596,0.01070642694476942
2025-08-25,-0.0044010200352035955,-0.002871967129752351,-0.0024148368614391735
2025-08-26,0.004186968758527643,-0.0005760662004578032,0.007262047243691283
2025-08-27,0.002278548405594716,-0.0011526125409063726,0.0020187288833615202
2025-08-28,0.003541419568318549,0.00657808048666686,0.007419038046796889
2025-08-29,-0.005963733924517545,-0.00710829285892145,0.00964990177666114
2025-09-02,-0.007410347641911175,-0.00744193811381777,0.023642559312442524
2025-09-03,0.005419642546478309,0.010977879293823767,0.007831992196408066
2025-09-04,0.00835741674721624,0.00762364015228556,-0.004418882618094533
2025-09-05,-0.0028963839692857096,0.01524718807386316,0.01334594055214322
2025-09-08,0.0024568640068374226,0.013324213278601116,0.011388067271604019
2025-09-09,0.002311789068507597,-0.005682981197588921,-0.002269905468609168
2025-09-10,0.0028907101289483705,0.00571546206101714,0.0035922056391106683
2025-09-11,0.008310290457562264,0.006685974855540566,-0.0014913797811720864
2025-09-12,-0.00033472424849623206,-0.004316940982098116,0.0019715725978484144
2025-09-15,0.0053240571686796745,0.0023345305692812346,0.01040483601055886
2025-09-16,-0.0013768848246955567,0.002107283223255596,0.0020064107533963593
2025-09-17,-0.001242457061691904,-0.0025454510904602268,-0.007715171664187115
2025-09-18,0.004672499536354291,-0.010319800388251532,-0.0040063094596702875
2025-09-19,0.004952868450893266,-0.0019060682983448318,0.010607227252210416
2025-09-22,0.004731049353107419,-0.0035944982399396253,0.01730643093326134
2025-09-23,-0.005443470649980853,0.006989827999977383,0.004086375052867464
2025-09-24,-0.0031816642308674092,-0.003806587685489471,-0.009063049726670935
2025-09-25,-0.004613467564511753,0.0,0.004165188877066628
2025-09-26,0.005729127602591033,-0.0008990060819583645,0.00577227044053652
2025-09-29,0.0028103535347194786,0.008211437932835963,0.016496514338703028
2025-09-30,0.003766834755358328,-0.0029008469220835886,0.008540004081594166
2025-10-01,0.0034075722246513784,0.002582524128506014,0.0015753722020723782
2025-10-02,0.0011517326256851312,0.0029119940159791913,-0.003482825151325697
2025-10-03,-1.4805406382656372e-05,-0.0018984541525489673,0.008032937892485048
2025-10-06,0.003586271966467658,-0.00794360110566672,0.01884573861512795
2025-10-07,-0.0037075138893177817,0.005751618105993117,0.005159462258136571
2025-10-08,0.005963055269571305,0.0007849858968107526,0.01649095687844504
2025-10-09,-0.002896974724933221,-0.000784370177283833,-0.018452848086064955
2025-10-10,-0.027027862178845674,0.016147190095996855,0.010097700011942212
2025-10-13,0.015344118135168339,-0.0005518941796666121,0.02430104394061705
2025-10-14,-0.0012216462876413203,0.0032020366817864243,0.007141189222626965
2025-10-15,0.004439622839291779,-0.0022012226069832996,0.017332403569977117
2025-10-16,-0.006810318970138396,0.007500492763712563,0.02338727694573084
2025-10-17,0.0056762988463516795,-0.0015326719100453579,-0.01881705572696646
2025-10-20,0.010400500262923273,0.0038378220542232278,0.03640197438905224
2025-10-21,-1.503455288609512e-05,0.004915379031511513,-0.06426889260666147
2025-10-22,-0.005198824867010954,0.0006520978108832676,0.00010605594835544352
2025-10-23,0.005929962705964353,-0.006843253318850939,0.004002358382396931
2025-10-24,0.008172554694480416,0.00043741322017143425,-0.0033528327110016187
2025-10-27,0.011797664492784632,0.003389011518101448,-0.027839530498784404
2025-10-28,0.002656016019079832,0.0026147302772423497,-0.007166030388359279
2025-10-29,0.0004802810674313651,-0.01010626956611338,-0.0037872684129753864
2025-10-30,-0.010998098598900663,-0.0058185546266130705,0.01964188672951095
2025-10-31,0.0032802220875831622,-0.0029814514482697785,-0.005430550723012573
2025-11-03,0.0018767398754619968,-0.0025007599394153424,0.0017929035935666526
2025-11-04,-0.01185354736001909,0.0022285878571512985,-0.017517195825319742
2025-11-05,0.0034653852011290454,-0.010896149263818877,0.011564369498527016
2025-11-06,-0.010729363869237507,0.008992779107915405,-0.0012005195756799036
2025-11-07,0.000984565078659072,-0.00211668692817224,0.006119021470095687
2025-11-10,0.01560437034633999,-0.0002233698822854402,0.02734111859838051
2025-11-11,0.002289177027853917,0.004578387030758968,0.003937814406542062
2025-11-12,0.0005563903663643455,0.0017786859832280566,0.016110762091908537
2025-11-13,-0.016593996414786205,-0.008211356652528257,-0.008083098515826892
2025-11-14,-0.0001635496688257021,-0.005706053980224279,-0.018047911171504505
2025-11-17,-0.009316528985265693,0.002475623421763329,-0.011463979297139493
2025-11-18,-0.0083974608943449,-0.0003367271818831563,0.007264932736103624
2025-11-19,0.0038631762831033978,-0.0020210436316255853,0.0016294519610446923
2025-11-20,-0.015242318774626007,0.00393785425570381,-0.0002933255655774847
2025-11-21,0.009961232480063087,0.003025878112747238,-0.0015473311468576778
2025-11-24,0.014718418739979588,0.005698491334097389,0.01584423909859023
2025-11-25,0.00940592893130443,0.00255510038019624,-0.00031569077041548876
2025-11-26,0.006903582418005261,0.004432654817566828,0.007998338908444147
2025-11-28,0.0054584342293309,-0.004744149094663697,0.012424331348639184
2025-12-01,-0.004565470301164498,-0.012448580390968411,0.004821066034977672
2025-12-02,0.0018522768711999316,0.00045049071594882584,-0.006440050713598433
2025-12-03,0.003462749080359595,0.002814985438478468,-0.0009296182229129313
2025-12-04,0.0007310498015529188,-0.005389522688067916,0.0006461951944911615
2025-12-05,0.0018994848443159018,-0.004628566299502368,-0.0017823532991587676
2025-12-08,-0.0030042091058060105,-0.0032892421881055567,-0.002639449868615862
2025-12-09,-0.000863208114894487,0.001024294555828753,0.005137202012788666
2025-12-10,0.006632325948745521,0.003864842786041045,0.004259147967166088
2025-12-11,0.0023269460314641055,-0.001358779139881583,0.010769830543307712
2025-12-12,-0.010752075575282682,-0.009638360825900638,0.005594579039939429
2025-12-15,-0.0015108085502177904,0.0006871149778999719,0.0009103412637567754
2025-12-16,-0.002732285145230273,0.005491795689327672,0.00022745542760316262
2025-12-17,-0.011003593983400228,-0.0009101062059041487,0.008588228474273762
2025-12-18,0.00755126270975226,0.0047833505757164385,-0.0018032036998043566
2025-12-19,0.009063506223587092,-0.0037323874041441663,0.0011289903434381632
2025-12-22,0.00622989400678442,-0.0021701191601487535,0.02308160549906857
2025-12-23,0.0045704023396588855,0.0016025458518129643,0.013252341857567629
2025-12-24,0.003517674396244841,0.006057208280190185,-0.004134082564786756
2025-12-26,-0.00010140966545213459,-0.0032943383015527905,0.011676735474757116
2025-12-29,-0.0035636535074947684,0.0037611140361739626,-0.0435283019531133
2025-12-30,-0.0012211244085722495,-0.002384484121703556,0.0007275678386380324
2025-12-31,-0.0074089416209803804,-0.007967129649732563,-0.006467991163222386
2026-01-02,0.0018329931020035772,-0.0014917174047118786,0.004970859258759619
2026-01-05,0.006660117292359935,0.004940904207703323,0.026313174195160993
2026-01-06,0.0059472480516442605,-0.002057970713328361,0.010813149047262716
2026-01-07,-0.003223412281198157,0.005843151052558726,-0.009559953917111952
2026-01-08,-0.00010152731427326422,-0.005011992571111068,0.005522515913727544
2026-01-09,0.006613382996888628,0.006640058243890801,0.007242001159325273
2026-01-12,0.00157043300066384,-0.002957041864090071,0.018722729613168898
2026-01-13,-0.0019995067653818532,0.0017110762543648406,-0.0014210408732292512
2026-01-14,-0.0049151644595419874,0.0058074898814497455,0.010222226854541994
2026-01-15,0.002723208385480236,-0.00022668708269424354,-0.006127660830587689
2026-01-16,-0.000837905189162047,-0.005774912025735324,-0.004818883830700504
2026-01-20,-0.02035680001149731,-0.01309793296614259,0.03783617488689295
2026-01-21,0.0115411092816613,0.007616671187053559,0.014568979615140476
2026-01-22,0.005223257672714476,0.004352437917936047,0.01846258414950319
2026-01-23,0.00036273518897367296,0.002736882710603794,0.013745304981574558
2026-01-26,0.005078142735685631,0.004776383007972118,0.014628847613605389
2026-01-27,0.0039842543077575066,-0.006225037140877299,0.024531942321975864
2026-01-28,-0.0001006645803248718,-0.0022780565568671918,0.038773348494905324
2026-01-29,-0.001984377154833794,0.0002283973366044023,0.0027094717415592218
2026-01-30,-0.002982572514766746,-0.005592311222504143,-0.10274245274560045
2026-02-02,0.004971400525214165,-0.0028572399596054066,-0.04004945911975222
2026-02-03,-0.008455473390127866,0.0024264025052809224,0.06358720612372104
2026-02-04,-0.004843853725993386,-0.0025358440276025407,-0.0007044119795716064
2026-02-05,-0.012489284060324235,0.010862089286604704,-0.026631707613677613
2026-02-06,0.01918478647681998,0.0006858368534361503,0.03073229479090611
2026-02-09,0.004821815563577747,-0.00022839616947001318,0.02540290594406658
2026-02-10,-0.0026371459581814305,0.011540119033893514,-0.009913720520981939
2026-02-11,-0.00023112214366449724,-0.005308964247749626,0.011310577541873812
2026-02-12,-0.01544885969788623,0.01328653189215201,-0.03472828959819363
2026-02-13,0.0007044991031190939,0.0054913857974019376,0.024878663914389865
2026-02-17,0.0016134830190519533,0.0016718716403389955,-0.0311702543391007
2026-02-18,0.005037707550576753,-0.003783198506901342,0.022489929267582198
2026-02-19,-0.002637433731113581,0.0010051122917273947,0.0027930496262249527
2026-02-20,0.007231939581382241,-0.0023431103126199115,0.019714504323102178
2026-02-23,-0.010211366038766267,0.0036908527234897903,0.027015500392687075
2026-02-24,0.00726847527019836,0.001782897489307711,-0.01385890426498504
2026-02-25,0.008438306300538434,0.00011120022368515947,-0.0025072627221415233
2026-02-26,-0.005554445579207146,0.004004064910100968,0.008575889154321725
2026-02-27,-0.004801940858611298,0.0060927592247475015,0.01313141674919538
2026-03-02,0.0005686124327104469,-0.010042148547356966,0.012919896640826822
2026-03-03,-0.008814339520359149,-0.002008544211668961,-0.04461221500318879
2026-03-04,0.00705526576749449,-0.0031309898151290483,0.007818116439543887
2026-03-05,-0.005575491873376914,-0.004038164510969278,-0.012017768242597593
2026-03-06,-0.01310712873041986,-0.0037166592833391965,0.01583250339069653
2026-03-09,0.00875996072290297,0.00870452755718576,-0.0020696732193965506
2026-03-10,-0.0016071058958396778,-0.01064668467235852,0.01127967872100144
2026-03-11,-0.0012551345486657706,-0.01291336667903109,-0.003390104145245987
2026-03-12,-0.015184966271003186,-0.0019509559121632103,-0.019653925633074443
2026-03-13,-0.00566013575260893,-0.004944206742483859,-0.012936961278600778
2026-03-16,0.01017686501045656,0.007741985816036356,-0.0008896876689686861
2026-03-17,0.002630544991105488,0.002752174769251825,-0.002519392047785618
2026-03-18,-0.013953644515257158,-0.005603445745570479,-0.03163716142328721
2026-03-19,-0.002464288275344284,0.006094946351913988,-0.041215062676522196
2026-03-20,-0.014335787930812693,-0.01897357307251346,-0.0305574415876555
2026-03-23,0.010499991225476402,0.0065244469657597115,-0.02259421410703788
2026-03-24,-0.0033568144771775055,-0.004398656282758595,0.00022274115430986896
2026-03-25,0.0055726882440485515,0.009650074254296426,0.030089336389747867
2026-03-26,-0.017858729983344035,-0.00840625989730448,-0.0375939695290467
2026-03-27,-0.01705189415742525,-0.005458140660618782,0.035093842463368
2026-03-30,-0.0033433906874337227,0.013311624116049803,-0.0002894276132928697
2026-03-31,0.029067865784757174,-0.0010372016779147675,0.037893826237359374
2026-04-01,0.00753449141030349,-0.0009843548500987342,0.017499822514495555
2026-04-02,0.0009004595313388819,0.006144111941370989,-0.019208815315471695
2026-04-06,0.004726845083763864,-0.0016129880259516671,-0.004098669687746526
2026-04-07,0.0004400005646272298,-0.00011542511355422391,0.009727589667910319
2026-04-08,0.02546963651219092,0.0032316503404583585,0.00629906958171822
2026-04-09,0.005769017699185586,-0.0025310191788631142,0.007778530578574028
2026-04-10,-0.0006617754265585418,-0.0024220829341354833,-0.0017811851128632927
2026-04-13,0.009772447246481741,0.0030059777386204356,-0.004049183335572026
2026-04-14,0.012184877209840739,0.005302631883287612,0.022349346089928224
2026-04-15,0.007890969227043909,-0.004357279508331868,-0.010402401583740839
2026-04-16,0.002457347646937613,-0.006334151024975587,-0.0008627455164704756
2026-04-17,0.012085686101644066,0.009156251590983322,0.013293051904224695
2026-04-20,-0.0019997351150194964,-0.00022973668190118257,-0.008611208936292747
2026-04-21,-0.006546892848539487,-0.005514057384358617,-0.028320000717914517
2026-04-22,0.01012671209511895,0.001963682390861754,0.013245809401008168
2026-04-23,-0.0038807408683984024,-0.0021903553093206574,-0.00969535708776803
2026-04-24,0.007749309237231605,0.0018484880681621796,0.005127114447075254
2026-04-27,0.001722787837563633,-0.004958952811547457,-0.007755303754327758
2026-04-28,-0.004865992267119479,0.0010430115665995832,-0.0185629131043068
2026-04-29,-0.00015450932498595193,-0.0077572989677535675,-0.010665781709228828
2026-04-30,0.009949633527564838,-0.0009334562995825246,0.014973287523456946
2026-05-01,0.0027690952923506984,0.0035755300409310298,-0.0011330099187530918
2026-05-04,-0.0036633921467564834,-0.00759270505974774,-0.02001512681908002
2026-05-05,0.008022228723942426,0.005532070190025662,0.008584306218673232
2026-05-06,0.013899399692774095,0.007608522709151355,0.030339261182306565
2026-05-07,-0.0030660824190705815,-0.004995250261966344,0.001670691560653026
2026-05-08,0.00825609701116825,0.00502032805700825,0.004841540894531038
2026-05-11,0.002277563042387465,-0.0060408741096146246,0.0020287362083613036
2026-05-12,-0.0015149526145865622,-0.006662080817694482,-0.003957209812161522
2026-05-13,0.00559483781461112,-0.002235405632034282,-0.005612899814961714
2026-05-14,0.0078943149045545,0.0014150269748050004,-0.007642296271595517
2026-05-15,-0.012029343756796207,-0.014837425032328433,-0.02322039069444226
2026-05-18,-0.0007035093177317764,-0.0011954419864652621,0.00273187497307803
2026-05-19,-0.0066607880874933745,-0.0064623924966782376,-0.016561892782745447
2026-05-20,0.010248994582563453,0.010720403371144993,0.014337773746013083
2026-05-21,0.0019830877010671433,0.0036943966263449646,-0.0009822799906678004
2026-05-22,0.003931549076803931,0.00546190068571617,-0.0076020599640161945
2026-05-25,0.0,0.0,0.0
2026-05-26,0.006638641352187502,0.004959795151062707,0.00043495402009452455
2026-05-27,-0.0001732421647460125,0.0023502459676800758,-0.013309202332427494
2026-05-28,0.005516578600909927,0.005158109918242726,0.010477609933210896
2026-05-29,0.0024914048034492264,0.00023343233577088895,0.010538571648365469
2026-06-01,0.0027231134609038143,0.0005384881308954093,-0.014048680044494555
2026-06-02,0.0013579397972762752,0.0021059269280867543,0.001677776649860796
2026-06-03,-0.00701718232049986,-0.003969612206535134,-0.009904155768766576
2026-06-04,0.0037786857621391334,0.002227127133072271,0.008335974543818736
2026-06-05,-0.025809371248925683,-0.00514620541424804,-0.036545333189379026
2026-06-08,0.002264172608771542,-0.00517273545039354,0.002599431669397134
2026-06-09,-0.0029354505508077944,0.005908779843731171,-0.01633647245916592
2026-06-10,-0.015765562508027298,-0.002819658976350947,-0.04145558180468856
2026-06-11,0.016996847886747934,0.01295962492685665,0.03134182597256352
2026-06-12,0.005408247901529384,-0.00244253492829416,0.0005694792310315666
2026-06-15,0.01763396989375332,-0.0005829286612030193,0.025896360083728753
2026-06-16,-0.005961562844234103,0.0054829765914006234,0.002723533282284807
2026-06-17,-0.012487870885051433,0.001624389281813965,-0.02270955075927472
2026-06-18,0.010396992441959574,0.004864997586069952,-0.003808571701190089
2026-06-22,-0.003146979693962715,-0.0076081226573586624,-0.0065354381359996605
2026-06-23,-0.014521954010491611,0.0012777118892310924,-0.018903219228002643
2026-06-24,-0.0004635170636431152,0.01368904374345048,-0.030213064971899906
2026-06-25,0.0014456352254532678,-0.00034324246133621283,0.009674185334065832
2026-06-26,-0.007231373616869652,0.00011451211808433115,0.011286779419095394
2026-06-29,0.016474862380159383,0.0010302270336643993,-0.013516094115971211
2026-06-30,0.007786800986842035,-0.011778271094797454,-0.0005425733809176769
2026-07-01,-0.001352504438058455,-0.006759350589188973,0.006026389031102086
2026-07-02,-0.001314069480687241,-0.00011689040355766789,0.020318398961908235
2026-07-06,0.008727409093039817,-0.0007017827377749919,0.01057837238078907
2026-07-07,-0.004751899671231685,-0.010532340848387278,-0.012142502784779907
2026-07-08,-0.0030894297130047432,-0.002247212388478581,-0.008053135463158334
2026-07-09,0.00846525000257925,0.0015409242512691712,0.009961224054354512
2026-07-10,0.0043101596888019955,-0.00023663079096059025,-0.003093719744077794
2026-07-13,-0.007656174850540931,-0.005919255704355919,-0.02620621369961662
2026-07-14,0.00355064169730146,0.001309984949769083,0.013673600487310367
2026-07-15,0.003963635929681075,0.0019029149847882287,0.0005374505181017231
2026-07-16,-0.005418617756386079,-0.00035618141154958316,-0.01984695723728025
2026-07-17,-0.009897156017872222,0.0036812462295174875,0.009453124418586922
2026-07-20,-0.0016143782471810253,-0.007453762122910601,-0.0021986307389650905
2026-07-21,0.008341309298597777,-0.002741630061377842,0.019613686984128575
2026-07-22,-0.0011627413779321527,-0.0026297696220726197,0.011499153135369422
2026-07-23,-0.012349287272575782,-0.003235908448614766,-0.020046439653404247
2026-07-24,0.0010160123647910968,0.0009619139545677946,0.0010228383237773642
2026-07-27,0.0002165755636849287,0.006006000755983454,0.007340712640850455
2026-07-28,0.002394780651586048,0.005850783258425585,-0.01404054586409964
2026-07-29,-0.015387473482586067,-0.01650046534551275,0.004629481218515252
2026-07-30,0.01676579949601198,-0.0006034720120091652,0.016384653740035837
2026-07-31,0.007199809675054292,-0.006642570568696993,-0.014900824749758845
2026-08-03,0.01424300656734756,0.0032959506652343595,0.00045750903333918735
2026-08-04,0.018029002715958642,0.007665132433438027,0.00659119276681408
2026-08-05,-0.0019966020100066206,0.0021733917633306454,0.04137270374924307
2026-08-06,-0.001597813044932006,-0.0057831729751035565,7.699101265035146e-05
2026-08-07,0.006115348472417681,0.0029084525318412435,0.022583179330530445
2026-08-10,-0.00029741673673222557,-0.008458247457321821,0.01021408716277361
2026-08-11,-0.0031952597501651026,0.0015842662281297937,-0.003925118140567174
2026-08-12,0.0025046624297864195,-0.0009733766720803061,0.009876351898066904
2026-08-13,0.006977455651952402,0.00584576451066976,-0.014719010607066263
2026-08-14,-0.0019797115463531245,-0.006659346733872584,0.006316471789712619
2026-08-17,-0.004727366641364417,-0.008410561112946802,0.009987992274373525
2026-08-18,-0.006755757074274671,0.0038107583749604768,-0.017115101749848094
2026-08-19,0.00209783741736147,0.016654334067683463,0.0383640923679176
2026-08-20,-0.008399893367440514,-0.008190801405345227,0.003431310265562093
2026-08-21,0.0040912604472485015,-0.0035219006440417866,0.019505792504578512
2026-08-24,-0.0029384110198065194,0.006215654940490811,0.007865686897826407
2026-08-25,0.003195937672779925,0.011022331504594973,0.0032342095547504
2026-08-26,0.0002220155779071309,-0.0020366379113355704,-0.015768448815633995
2026-08-27,0.006552786111251541,-0.0020408858596825397,0.0030380678748822554
