Date,return,forecast_volatility,exposure,turnover,gross_strategy_return,cost,net_strategy_return
2010-01-05,0.0026467924802660026,,0.0,0.0,0.0,0.0,0.0
2010-01-06,0.0007043499751195892,,0.0,0.0,0.0,0.0,0.0
2010-01-07,0.004221147416327398,,0.0,0.0,0.0,0.0,0.0
2010-01-08,0.0033277546970928995,,0.0,0.0,0.0,0.0,0.0
2010-01-11,0.0013966065459016797,,0.0,0.0,0.0,0.0,0.0
2010-01-12,-0.0093259116672757,,0.0,0.0,-0.0,0.0,-0.0
2010-01-13,0.008445736585408037,,0.0,0.0,0.0,0.0,0.0
2010-01-14,0.0027048565138148017,,0.0,0.0,0.0,0.0,0.0
2010-01-15,-0.011224133817904436,,0.0,0.0,-0.0,0.0,-0.0
2010-01-19,0.012495371618132634,,0.0,0.0,0.0,0.0,0.0
2010-01-20,-0.01016837082790134,,0.0,0.0,-0.0,0.0,-0.0
2010-01-21,-0.019229307156287345,,0.0,0.0,-0.0,0.0,-0.0
2010-01-22,-0.022291922773635675,,0.0,0.0,-0.0,0.0,-0.0
2010-01-25,0.005128030873400524,,0.0,0.0,0.0,0.0,0.0
2010-01-26,-0.0041908669832788625,,0.0,0.0,-0.0,0.0,-0.0
2010-01-27,0.004757386743305059,,0.0,0.0,0.0,0.0,0.0
2010-01-28,-0.011472327836430263,,0.0,0.0,-0.0,0.0,-0.0
2010-01-29,-0.010868763836184292,,0.0,0.0,-0.0,0.0,-0.0
2010-02-01,0.015551144036519693,,0.0,0.0,0.0,0.0,0.0
2010-02-02,0.012103278308660537,,0.0,0.0,0.0,0.0,0.0
2010-02-03,-0.004982725317356995,,0.0,0.0,-0.0,0.0,-0.0
2010-02-04,-0.03086581435628455,0.16428104370402757,0.60871295765665,0.60871295765665,-0.018788421147295058,0.00012174259153133001,-0.018910163738826386
2010-02-05,0.00206648221740946,0.1923869765239161,0.5197857038289115,0.08892725382773847,0.001074127913826106,1.7785450765547694e-05,0.0010563424630605583
2010-02-08,-0.0072191142054858215,0.19277824149517636,0.518730740691512,0.0010549631373995005,-0.0037447764589482765,2.109926274799001e-07,-0.0037449874515757564
2010-02-09,0.012560227061100937,0.19146832073554274,0.5222796106209164,0.003548869929404397,0.006559950498782095,7.097739858808794e-07,0.0065592407247962135
2010-02-10,-0.0019583926420880804,0.1981805529636807,0.5045903773329685,0.017689233287947914,-0.0009881860822373338,3.537846657589583e-06,-0.0009917239288949233
2010-02-11,0.010466243005953668,0.19756600280776918,0.5061599596024603,0.001569582269491776,0.005297593137083042,3.1391645389835525e-07,0.005297279220629144
2010-02-12,-0.0008322610593909374,0.20173336808813627,0.4957038141370372,0.010456145465423117,-0.0004125549814978189,2.0912290930846236e-06,-0.00041464621059090356
2010-02-16,0.015734727097470813,0.19803561653965257,0.5049596721404761,0.009255858003438922,0.007945402636358727,1.8511716006877845e-06,0.00794355146475804
2010-02-17,0.004738652172608937,0.20746611799599898,0.4820064161123819,0.022953256028094227,0.0022840607509223856,4.5906512056188455e-06,0.0022794700997167665
2010-02-18,0.0058951009154271095,0.20600037967277346,0.4854359985105248,0.0034295823981429496,0.002861694199200668,6.8591647962859e-07,0.0028610082827210392
2010-02-19,0.0020736190528509724,0.2016309655837804,0.49595556769006616,0.010519569179541333,0.0010284229145296412,2.1039138359082664e-06,0.001026319000693733
2010-02-22,0.0001800095569712834,0.1995791489577562,0.5010543462191356,0.005098778529069425,9.019457088144265e-05,1.019755705813885e-06,8.917481517562876e-05
2010-02-23,-0.012144549708551056,0.1883588296620025,0.5309015785426328,0.029847232323497175,-0.006447560610959226,5.969446464699435e-06,-0.006453530057423925
2010-02-24,0.009197650952884162,0.17622729677109156,0.5674489811297161,0.03654740258708333,0.00521919766200088,7.309480517416667e-06,0.005211888181483464
2010-02-25,-0.0013537393278294507,0.17817936538554488,0.5612322155465073,0.0062167655832088276,-0.0007597621222301622,1.2433531166417655e-06,-0.000761005475346804
2010-02-26,0.0006330324712495727,0.17750525351005297,0.5633636076823862,0.0021313921358789845,0.00035662745678325574,4.262784271757969e-07,0.00035620117835607996
2010-03-01,0.01038456233922247,0.17687630685571598,0.5653668474747916,0.0020032397924053535,0.005871087272131655,4.006479584810707e-07,0.005870686624173174
2010-03-02,0.0027703027853873685,0.17449869061681672,0.5730702026847349,0.007703355209943252,0.001587577978720025,1.5406710419886505e-06,0.0015860373076780363
2010-03-03,0.0008910890547841888,0.1686214246565398,0.5930444497411119,0.01997424705637707,0.0005284554181648167,3.9948494112754145e-06,0.0005244605687535414
2010-03-04,0.0030279157776604837,0.1614270579899472,0.6194748343008734,0.026430384559761433,0.0018757176246432283,5.286076911952287e-06,0.001870431547731276
2010-03-05,0.014293576476242853,0.15687393149729004,0.6374545410161246,0.017979706715251287,0.009111505232142264,3.5959413430502577e-06,0.009107909290799214
2010-03-08,0.00017484100563813776,0.16172838547074378,0.6183206473553137,0.019133893660810974,0.00010810780379042739,3.826778732162195e-06,0.0001042810250582652
2010-03-09,0.0016626673783139978,0.1098376117845339,0.9104349445995592,0.29211429724424554,0.001513750482462799,5.842285944884911e-05,0.0014553276230139499
2010-03-10,0.004455625809244079,0.10990866675147044,0.9098463565764446,0.0005885880231145668,0.004053934908808698,1.1771760462291336e-07,0.004053817191204075
2010-03-11,0.0041748864114703466,0.10292942042215712,0.971539522809491,0.061693166233046326,0.0040560671519837286,1.2338633246609266e-05,0.004043728518737119
2010-03-12,8.624623956654531e-05,0.09807040097487191,1.0196756514294514,0.04813612861996042,8.794319051335762e-05,9.627225723992084e-06,7.831596478936553e-05
2010-03-15,0.0002603986818037196,0.09687289572703649,1.0322804872249811,0.012604835795529734,0.0002688044781250865,2.520967159105947e-06,0.00026628351096598054
2010-03-16,0.007965895148347446,0.09423113019145098,1.0612204246816135,0.02893993745663237,0.008453570632298481,5.787987491326474e-06,0.008447782644807155
2010-03-17,0.005927469315640144,0.09446610878480108,1.0585807046186844,0.0026397200629291184,0.006274704644755974,5.279440125858237e-07,0.006274176700743388
2010-03-18,-0.0005124556402857916,0.08410212221619917,1.1890306375733608,0.13044993295467644,-0.0006093254566970796,2.6089986590935288e-05,-0.000635415443288015
2010-03-19,-0.005061587348171637,0.084784712550613,1.1794579115934858,0.009572725979875019,-0.005969929243022528,1.9145451959750037e-06,-0.005971843788218503
2010-03-22,0.005345966418077941,0.08826556482243025,1.1329446562901024,0.04651325530338335,0.006056684086067743,9.30265106067667e-06,0.006047381435007066
2010-03-23,0.007033088287302647,0.08886815367031721,1.1252624913417204,0.007682164948382031,0.00791407044799645,1.5364329896764064e-06,0.007912534015006772
2010-03-24,-0.004854379455487834,0.089786531173061,1.1137527944726235,0.011509696869096864,-0.0054065786839800675,2.301939373819373e-06,-0.005408880623353887
2010-03-25,-0.001626484528747807,0.0771379979750107,1.2963779541231493,0.18262515965052573,-0.0021085386857910365,3.6525031930105146e-05,-0.0021450637177211416
2010-03-26,-0.0005998628510862636,0.07557243199677906,1.3232338480818253,0.026855893958676047,-0.0007937588287642115,5.3711787917352095e-06,-0.0007991300075559468
2010-03-29,0.006347796030057751,0.0751127451721188,1.3313319832852966,0.008098135203471246,0.008451023878187316,1.6196270406942493e-06,0.008449404251146621
2010-03-30,0.0006816545034800114,0.07574952784177404,1.320140241783163,0.011191741502133645,0.0008998795410366842,2.238348300426729e-06,0.0008976411927362575
2010-03-31,-0.0034072516443957035,0.07107882291207215,1.4068888017983177,0.08674856001515474,-0.004793624183409219,1.734971200303095e-05,-0.00481097389541225
2010-04-01,0.00683754034764017,0.07394359795288796,1.3523821232463353,0.054506678551982324,0.009246967333124098,1.0901335710396466e-05,0.009236065997413702
2010-04-05,0.008149724624748611,0.07546760395220091,1.325071882013602,0.02731024123273329,0.010798970946408238,5.462048246546658e-06,0.010793508898161691
2010-04-06,0.0023574197813742703,0.07797469345155586,1.2824673695207027,0.042604512492899316,0.0030233139458751305,8.520902498579863e-06,0.0030147930433765506
2010-04-07,-0.0057122717026341086,0.0656625472537186,1.5,0.21753263047929727,-0.008568407553951163,4.3506526095859456e-05,-0.008611914080047023
2010-04-08,0.003463654848734121,0.07086785535878187,1.411076989613008,0.08892301038699202,0.004887483657010242,1.7784602077398406e-05,0.004869699054932844
2010-04-09,0.006568060890215666,0.07107209462464525,1.4070219898278276,0.004054999785180424,0.009241406103061579,8.109999570360849e-07,0.009240595103104543
2010-04-12,0.0015887628412081245,0.07236887277256113,1.3818095566346213,0.025212433193206207,0.00219536767720736,5.042486638641242e-06,0.0021903251905687187
2010-04-13,0.0007517137389736472,0.07197357839130404,1.3893987520854203,0.007589195450798947,0.0010444301308554509,1.5178390901597894e-06,0.0010429122917652912
2010-04-14,0.011349224683467662,0.07179375837065897,1.3928787441899475,0.0034799921045272075,0.015808093824637992,6.959984209054416e-07,0.015807397826217085
2010-04-15,0.0008256362578313858,0.07842426779270165,1.2751155071581841,0.11776323703176339,0.0010527815956328527,2.355264740635268e-05,0.0010292289482265
2010-04-16,-0.015912619219994317,0.07602279109455923,1.3153950093152627,0.04027950215707854,-0.020931379907114654,8.055900431415708e-06,-0.02093943580754607
2010-04-19,0.0037699374315600664,0.09711994522415154,1.029654616970812,0.2857403923444506,0.003881733482096907,5.714807846889012e-05,0.003824585403628017
2010-04-20,0.008931169272603734,0.09734321881174747,1.0272929251845524,0.0023616917862596676,0.009174927007371481,4.723383572519335e-07,0.00917445466901423
2010-04-21,-0.0018202488279810414,0.09783690154009396,1.0221092289908589,0.005183696193693521,-0.0018604931261392166,1.0367392387387042e-06,-0.0018615298653779553
2010-04-22,0.002983675470341618,0.09789337319512914,1.0215196058334997,0.0005896231573592203,0.003047882990398451,1.1792463147184407e-07,0.0030477650657669796
2010-04-23,0.006527717054752413,0.09607766788890858,1.04082459740412,0.019304991570620267,0.006794208475480688,3.8609983141240535e-06,0.0067903474771665645
2010-04-26,-0.0037763556938913423,0.09473237085727121,1.0556053764416524,0.014780779037532499,-0.003986341373827748,2.9561558075065e-06,-0.003989297529635255
2010-04-27,-0.023650623364884216,0.09605362230740794,1.0410851522076092,0.0145202242340432,-0.024622312825635324,2.9040448468086402e-06,-0.024625216870482133
2010-04-28,0.007596393169759574,0.13059329149912824,0.7657361174686951,0.27534903473891414,0.005816832612577411,5.506980694778283e-05,0.005761762805629628
2010-04-29,0.012397312687519646,0.13133085618642218,0.7614356816348742,0.0043004358338208926,0.009439756236662196,8.600871667641786e-07,0.009438896149495432
2010-04-30,-0.01696173112343513,0.13726476773955865,0.7285190631709405,0.03291661846393368,-0.012356944467802345,6.583323692786736e-06,-0.012363527791495132
2010-05-03,0.01296176963061857,0.1506490573288067,0.6637943958835398,0.06472466728740067,0.008603950041538067,1.2944933457480136e-05,0.008591005108080587
2010-05-04,-0.023514595711156105,0.15518030866219523,0.6444116580389418,0.019382737844597986,-0.015153079610341498,3.876547568919597e-06,-0.015156956157910417
2010-05-05,-0.005956472253404899,0.17452843098972173,0.5729725491309159,0.07143910890802596,-0.0034128950908609754,1.4287821781605193e-05,-0.0034271829126425804
2010-05-06,-0.03321365156517364,0.17522321779297695,0.5707006255195484,0.002271923611367521,-0.018955051724032924,4.5438472227350424e-07,-0.018955506108755196
2010-05-07,-0.014875129966842815,0.2077435780298365,0.48136265365390896,0.08933797186563941,-0.00716033203428624,1.786759437312788e-05,-0.007178199628659367
2010-05-10,0.04404110063495348,0.21118745056138058,0.4735129844798022,0.007849669174106733,0.020854033001432133,1.5699338348213466e-06,0.02085246306759731
2010-05-11,-0.0028409681027838918,0.26552879189736434,0.3766069934843575,0.09690599099544472,-0.0010699284557744006,1.9381198199088946e-05,-0.0010893096539734896
2010-05-12,0.013985841881882344,0.26537836772168155,0.37682046527950647,0.0002134717951489673,0.005270151445256513,4.269435902979346e-08,0.005270108750897483
2010-05-13,-0.01243052843680259,0.27066704802437386,0.3694576075289183,0.007362857750588148,-0.00459255329658127,1.4725715501176296e-06,-0.004594025868131388
2010-05-14,-0.01810486523323429,0.26973299463124617,0.37073699543769456,0.0012793879087762416,-0.006712143339373656,2.5587758175524835e-07,-0.006712399216955411
2010-05-17,0.0005266155391006055,0.27519546147070056,0.36337808576340486,0.007358909674289704,0.00019136054653164151,1.471781934857941e-06,0.00018988876459678357
2010-05-18,-0.013602062824661698,0.2712274741410678,0.3686942125486488,0.0053161267852439575,-0.005015001842175895,1.0632253570487917e-06,-0.005016065067532944
2010-05-19,-0.00569392890333309,0.2731852316506557,0.36605199847654346,0.0026422140721053533,-0.002084274054248431,5.284428144210706e-07,-0.002084802497062852
2010-05-20,-0.03775967863917218,0.26988574918902763,0.37052715936461,0.004475160888066543,-0.01399098646469301,8.950321776133085e-07,-0.013991881496870624
2010-05-21,0.014599418450644608,0.2945061739051931,0.33955145548898347,0.030975703875626537,0.004957253784209096,6.195140775125308e-06,0.0049510586434339705
2010-05-24,-0.012831261350510492,0.30129487428578244,0.331900767436052,0.007650688052931454,-0.004258705489406985,1.5301376105862908e-06,-0.004260235627017572
2010-05-25,0.0010210296954984432,0.29962339583840286,0.3337523083609046,0.0018515409248525683,0.0003407710177776369,3.703081849705137e-07,0.0003404007095926664
2010-05-26,-0.006028808577797196,0.30046544051699836,0.33281697831182905,0.0009353300490755334,-0.002006489853682898,1.8706600981510668e-07,-0.0020066769196927133
2010-05-27,0.03349850106460184,0.29312186979912924,0.34115502902778316,0.008338050715954115,0.011428182103081466,1.6676101431908232e-06,0.011426514492938274
2010-05-28,-0.012549944425509052,0.3192727169818,0.31321185519807654,0.027943173829706625,-0.003930791376146449,5.5886347659413255e-06,-0.0039363800109123905
2010-06-01,-0.016823364263266805,0.31542137387967645,0.3170362197399689,0.003824364541892389,-0.005333615809334595,7.648729083784778e-07,-0.005334380682242974
2010-06-02,0.026039132976337198,0.3153531747788138,0.3171047828205288,6.856308055985805e-05,0.008257133607296277,1.371261611197161e-08,0.008257119894680165
2010-06-03,0.0034441726866327738,0.32752324052666737,0.30532184476190743,0.01178293805862135,0.0010515811583612935,2.3565876117242704e-06,0.0010492245707495692
2010-06-04,-0.035136905507992866,0.320448491479779,0.3120626330247843,0.0067407882628768845,-0.0109649152491673,1.348157652575377e-06,-0.010966263406819875
2010-06-07,-0.01245089874337768,0.3396173491699296,0.29444903284362073,0.01761360018116359,-0.003666155093021411,3.5227200362327185e-06,-0.0036696778130576434
2010-06-08,0.010712585043533451,0.3244166452766978,0.3082455892936971,0.01379655645007638,0.0033021070896028146,2.7593112900152763e-06,0.0032993477783127994
2010-06-09,-0.005346596825042793,0.3247700539960093,0.30791016218887224,0.00033542710482487026,-0.0016462714955574357,6.708542096497405e-08,-0.0016463385809784006
2010-06-10,0.029231416726443804,0.27867222154444743,0.3588445215162943,0.050934359327422074,0.010489533748444128,1.0186871865484414e-05,0.010479346876578643
2010-06-11,0.00485572549900426,0.3018009463826351,0.3313442227355247,0.027500298780769594,0.0016089165912846343,5.500059756153919e-06,0.0016034165315284804
2010-06-14,-0.0015501702866701494,0.29707913687196313,0.33661064540893215,0.005266422673407434,-0.0005218038206897884,1.0532845346814869e-06,-0.0005228571052244699
2010-06-15,0.02273790919004748,0.29515214159224284,0.3388083158080266,0.0021976703990944646,0.007703792717675836,4.395340798188929e-07,0.007703353183596017
2010-06-16,-0.000357062149357823,0.30189785578412737,0.33123786103172986,0.007570454776296753,-0.00011827250260867734,1.5140909552593508e-06,-0.0001197865935639367
2010-06-17,0.0016077173341937367,0.3018709326416088,0.33126740333996757,2.954230823770665e-05,0.000532584346603014,5.90846164754133e-09,0.0005325784381413664
2010-06-18,0.0010841028093706573,0.29823477101823775,0.3353063080424139,0.004038904702446333,0.00036350651054848395,8.077809404892667e-07,0.0003626987296079947
2010-06-21,-0.002863807532689888,0.29751101643931044,0.33612200716741897,0.0008156991250050649,-0.0009625887360288991,1.63139825001013e-07,-0.0009627518758539001
2010-06-22,-0.0165160512491086,0.26379089786299365,0.37908813689218906,0.0429661297247701,-0.006261039096840491,8.59322594495402e-06,-0.006269632322785445
2010-06-23,-0.003102722388975132,0.26712865553573184,0.374351451735674,0.004736685156515041,-0.0011615086306456194,9.473370313030083e-07,-0.0011624559676769225
2010-06-24,-0.016570722280520256,0.26307842592239894,0.38011478763179657,0.005763335896122546,-0.006298776580565437,1.152667179224509e-06,-0.006299929247744661
2010-06-25,0.004189515439063429,0.2700467611496625,0.37030623723933154,0.009808550392465032,0.0015514036980956644,1.9617100784930063e-06,0.0015494419880171715
2010-06-28,-0.0031520885545631705,0.26940266909735183,0.37119157109710677,0.0008853338577752279,-0.0011700287028055115,1.7706677155504557e-07,-0.0011702057695770665
2010-06-29,-0.03087517965368536,0.24161850551715278,0.4138755836849628,0.042684012587856035,-0.012778483000547115,8.536802517571207e-06,-0.012787019803064686
2010-06-30,-0.009499599102877232,0.26021069918971684,0.38430395180288524,0.029571631882077565,-0.0036507334757788635,5.914326376415513e-06,-0.003656647802155279
2010-07-01,-0.0044565796149032,0.25613923775575614,0.390412655539156,0.00610870373627076,-0.0017399050820760275,1.221740747254152e-06,-0.0017411268228232817
2010-07-02,-0.005449576771822451,0.23564733070827015,0.4243629651964925,0.03395030965733653,-0.0023125985579565047,6.790061931467306e-06,-0.002319388619887972
2010-07-06,0.006555277416223193,0.23457137651210203,0.4263094734188116,0.0019465082223190655,0.0027945768634243372,3.893016444638131e-07,0.0027941875617798735
2010-07-07,0.03149616304424585,0.20643140700225956,0.4844224115514817,0.0581129381326701,0.015257447256512232,1.162258762653402e-05,0.015245824668885698
2010-07-08,0.00989548836395615,0.231619028682095,0.4317434563515652,0.0526789551999165,0.004272312348541123,1.05357910399833e-05,0.00426177655750114
2010-07-09,0.007465319360121514,0.23118669370482622,0.4325508462337269,0.0008073898821617242,0.0032291302066255858,1.6147797643234486e-07,0.0032289687286491536
2010-07-12,0.0006482695276999184,0.23131724845391483,0.43230671585618025,0.00024413037754666966,0.0002802512705095888,4.882607550933394e-08,0.0002802024444340795
2010-07-13,0.015088600718140333,0.20761608148854155,0.4816582573133626,0.049351541457182346,0.007267549127196624,9.87030829143647e-06,0.007257678818905188
2010-07-14,-9.092343839922634e-05,0.2136831569143161,0.4679826030467089,0.01367565426665368,-4.2550587380027034e-05,2.735130853330736e-06,-4.528571823335777e-05
2010-07-15,0.00027316475975003307,0.21358341936321862,0.4682011379822543,0.00021853493554541137,0.00012789605137161457,4.3706987109082274e-08,0.0001278523443845055
2010-07-16,-0.02753462036772203,0.19751670468593063,0.5062862918810286,0.03808515389877426,-0.01394040084432583,7.617030779754852e-06,-0.013948017875105585
2010-07-19,0.005906677628497725,0.21827431269716907,0.45813911295525966,0.04814717892576892,0.0027060800492326245,9.629435785153784e-06,0.0026964506134474707
2010-07-20,0.011091575051445535,0.21967088301660434,0.455226467098242,0.0029126458570176705,0.005049178525224553,5.825291714035341e-07,0.005048595996053149
2010-07-21,-0.012997673512556984,0.2240110192274868,0.4464066113571332,0.008819855741108773,-0.00580224738826693,1.7639711482217546e-06,-0.005804011359415152
2010-07-22,0.022321185219058126,0.22761849713472943,0.4393316064327106,0.007075004924422645,0.009806402159770881,1.4150009848845292e-06,0.009804987158785996
2010-07-23,0.008679247833080828,0.23558420670286034,0.42447667184298504,0.014854934589725532,0.0036841382342865897,2.9709869179451065e-06,0.0036811672473686446
2010-07-26,0.010415914309316099,0.2371233698851117,0.42172140202144925,0.0027552698215357885,0.00439261398586006,5.510539643071577e-07,0.004392062931895753
2010-07-27,-8.973821690894113e-05,0.23081862620655896,0.43324059952817795,0.011519197506728696,-3.887823889421933e-05,2.3038395013457393e-06,-4.118207839556507e-05
2010-07-28,-0.006454827922426576,0.23076058523217993,0.4333495683389125,0.00010896881073457765,-0.002797196893885516,2.1793762146915532e-08,-0.002797218687647663
2010-07-29,-0.004872024000539765,0.23191624205417197,0.43119015345480455,0.0021594148841079797,-0.0021007687764282323,4.3188297682159593e-07,-0.0021012006594050537
2010-07-30,-0.00018108377398429187,0.20163483382798525,0.4959460530778627,0.06475589962305817,-8.980778298395331e-05,1.2951179924611634e-05,-0.00010275896290856494
2010-08-02,0.022580761358563572,0.1970150248683101,0.507575501243332,0.011629448165469236,0.011461441265028967,2.3258896330938475e-06,0.011459115375395873
2010-08-03,-0.004788812307870427,0.2058005117425272,0.4859074409159291,0.02166806032740287,-0.0023269195335440234,4.333612065480575e-06,-0.0023312531456095038
2010-08-04,0.0066834685665959626,0.20540988516767134,0.4868314877756361,0.0009240468597070395,0.0032537229457776104,1.848093719414079e-07,0.003253538136405669
2010-08-05,-0.0010625209156336357,0.20542618590462722,0.4867928572963273,3.8630479308798815e-05,-0.0005172275924584075,7.726095861759763e-09,-0.0005172353185542692
2010-08-06,-0.0040759223823844115,0.1811392678725775,0.5520614120531008,0.06526855475677346,-0.002250159465837977,1.3053710951354691e-05,-0.0022632131767893315
2010-08-09,0.005338217698846792,0.1809024589182458,0.5527840837431205,0.0007226716900197161,0.0029508817794783333,1.4453433800394323e-07,0.002950737245140329
2010-08-10,-0.0053989233361495526,0.1802912092697563,0.554658213259735,0.0018741295166144756,-0.0029945571711549983,3.7482590332289514e-07,-0.002994931997058321
2010-08-11,-0.027406777050803854,0.18216787994622913,0.548944193836571,0.005714019423163963,-0.015044791133812158,1.1428038846327927e-06,-0.015045933937696791
2010-08-12,-0.006129920533157196,0.20193929937026472,0.49519831113529583,0.05374588270127517,-0.003035526295413016,1.0749176540255035e-05,-0.003046275471953271
2010-08-13,-0.002945999217770612,0.20302437148035582,0.49255170337850684,0.002646607756788988,-0.0014510569328646636,5.293215513577976e-07,-0.0014515862544160214
2010-08-16,-0.0004612193141808607,0.20320269793266924,0.4921194502699703,0.0004322531085365622,-0.00022697499534857788,8.645062170731244e-08,-0.0002270614459702852
2010-08-17,0.012284764839956885,0.1779221922875858,0.5620434343477755,0.0699239840778052,0.006904571420804168,1.3984796815561041e-05,0.006890586623988607
2010-08-18,0.0018249936664269661,0.18157701984977884,0.5507304838615117,0.011312950486263795,0.0010050796449555172,2.262590097252759e-06,0.0010028170548582644
2010-08-19,-0.017396395683000443,0.17793565019111113,0.5620009250119095,0.01127044115039777,-0.009776790465719437,2.254088230079554e-06,-0.009779044553949517
2010-08-20,-0.0032444081345582854,0.1827677572091893,0.547142458423581,0.014858466588328456,-0.0017751534428716847,2.9716933176656913e-06,-0.0017781251361893504
2010-08-23,-0.0038131058894746994,0.1647382966678482,0.6070233942118748,0.05988093578829379,-0.002314644479518222,1.1976187157658758e-05,-0.0023266206666758805
2010-08-24,-0.014843232621228553,0.16133430411995806,0.619830981051905,0.01280758684003025,-0.009200295437597733,2.56151736800605e-06,-0.009202856954965739
2010-08-25,0.003885660866724816,0.16177181245979308,0.6181546616772566,0.001676319374648405,0.0024019393784628345,3.3526387492968105e-07,0.002401604114587905
2010-08-26,-0.006702138750493747,0.16312737471809916,0.6130178958179783,0.005136765859278358,-0.0041085309943078106,1.0273531718556718e-06,-0.004109558347479666
2010-08-27,0.015489887529226865,0.16320699134429892,0.6127188497032064,0.0002990461147718282,0.009490946068939927,5.980922295436564e-08,0.009490886259716972
2010-08-30,-0.01450536233678823,0.17421623840995182,0.5739993063372655,0.03871954336594097,-0.00832606791948714,7.743908673188194e-06,-0.008333811828160329
2010-08-31,0.0,0.17988044563393804,0.555924795758528,0.018074510578737435,0.0,3.614902115747487e-06,-3.614902115747487e-06
2010-09-01,0.029911895413340606,0.15625471843890967,0.6399806738578371,0.08405587809930903,0.019143034982994866,1.681117561986181e-05,0.019126223807375005
2010-09-02,0.009312245494920823,0.1935941063990223,0.5165446503515307,0.12343602350630634,0.004810190593161494,2.4687204701261268e-05,0.004785503388460233
2010-09-03,0.012971396412657432,0.195210360870918,0.5122678916931288,0.004276758658401936,0.006644829892627837,8.553517316803872e-07,0.006643974540896156
2010-09-07,-0.011272262512864728,0.20149171391128287,0.4962983244265328,0.015969567266595985,-0.0055944049976307825,3.193913453319197e-06,-0.005597598911084102
2010-09-08,0.007022899606360822,0.20450470477035582,0.488986305289616,0.007312019136916814,0.003434101730934277,1.4624038273833629e-06,0.0034326393271068936
2010-09-09,0.004619271465093666,0.20525486957458103,0.48719915979223183,0.0017871454973841794,0.0022505051766458658,3.574290994768359e-07,0.002250147747546389
2010-09-10,0.00504867246936036,0.20549546876722996,0.48662873492978376,0.0005704248624480712,0.0024568290968396593,1.1408497248961425e-07,0.0024567150118671695
2010-09-13,0.011123345354886682,0.18137581336984357,0.5513414282867469,0.06471269335696317,0.006132761115289975,1.2942538671392635e-05,0.006119818576618583
2010-09-14,-0.0006211635733139875,0.18266945885679714,0.5474368875116367,0.0039045407751102656,-0.00034004785321061566,7.809081550220532e-07,-0.00034082876136563774
2010-09-15,0.003817178409217803,0.18208106918772843,0.5492059138608113,0.0017690263491746405,0.0020964169566042214,3.538052698349281e-07,0.0020960631513343864
2010-09-16,-0.0002653270740875513,0.18197477380910898,0.5495267168453783,0.0003208029845670479,-0.00014580431591352253,6.416059691340959e-08,-0.00014586847651043593
2010-09-17,0.00037349251804941197,0.1783145527925891,0.5608067229168751,0.011280006071496707,0.00020945711508126252,2.2560012142993415e-06,0.00020720111386696318
2010-09-20,0.015290631669139021,0.17835632718119526,0.5606753714905123,0.0001313514263627802,0.008573080591419112,2.627028527255604e-08,0.00857305432113384
2010-09-21,-0.0020141768966920326,0.17055824371900108,0.5863099772811479,0.02563460579063559,-0.0011809320105397186,5.126921158127118e-06,-0.0011860589316978456
2010-09-22,-0.004913142377316437,0.17004059199014646,0.5880948709340815,0.0017848936529336612,-0.002889393832268677,3.5697873058673227e-07,-0.0028897508109992634
2010-09-23,-0.008111227916458241,0.17064467431950003,0.5860130144628413,0.002081856471240262,-0.0047532851223188455,4.1637129424805243e-07,-0.004753701493613094
2010-09-24,0.020621998972945033,0.16318855916085595,0.6127880564312685,0.026775041968427282,0.012636914670358603,5.355008393685457e-06,0.012631559661964917
2010-09-27,-0.004790033878458,0.17382588752432848,0.5752883038552248,0.037499752576043766,-0.0027556504653471667,7.499950515208753e-06,-0.0027631504158623756
2010-09-28,0.0035002036581555096,0.1724421402838924,0.57990465576088,0.004616351905655236,0.0020297843974756437,9.232703811310473e-07,0.0020288611270945127
2010-09-29,-0.0017434701172772682,0.16752101618253384,0.5969400274592308,0.017035371698350787,-0.0010407470996818408,3.407074339670158e-06,-0.001044154174021511
2010-09-30,-0.0029704668485263097,0.15547255993081563,0.6432003180786334,0.04626029061940262,-0.0019106052218141583,9.252058123880524e-06,-0.0019198572799380388
2010-10-01,0.0042052371933398724,0.15683747095311693,0.6376027322570942,0.0055975858215392416,0.0026812707242626567,1.1195171643078485e-06,0.002680151207098349
2010-10-04,-0.007503854421583522,0.12582479926022203,0.7947558874557552,0.15715315519866102,-0.005963732480164405,3.14306310397322e-05,-0.0059951631112041374
2010-10-05,0.020132594047489016,0.12850729814889675,0.7781659208501421,0.01658996660561307,0.01566649858606638,3.3179933211226144e-06,0.015663180592745258
2010-10-06,-8.642221080346069e-05,0.1381626192453133,0.7237847729453215,0.054381147904820626,-6.255108022381551e-05,1.0876229580964125e-05,-7.342730980477964e-05
2010-10-07,-0.0012065409634555158,0.12930956281546724,0.773338010141649,0.04955323719632754,-0.0009330639878330767,9.910647439265508e-06,-0.0009429746352723422
2010-10-08,0.00560853944462858,0.1292159667032695,0.7738981687119145,0.0005601585702654788,0.004340438405346596,1.1203171405309576e-07,0.004340326373632543
2010-10-11,0.0009444040084243266,0.12945640208276127,0.7724608315320718,0.0014373371798427348,0.0007295151056496771,2.8746743596854695e-07,0.0007292276382137085
2010-10-12,0.0030859440071719924,0.1292758805252727,0.7735395001270216,0.001078668594949761,0.0023870995847278006,2.157337189899522e-07,0.0023868838510088105
2010-10-13,0.00777674528859329,0.12541996896930413,0.7973211987038082,0.023781698576786692,0.006200563875515395,4.7563397153573385e-06,0.006195807535800037
2010-10-14,-0.0039008465808895165,0.12652315356121938,0.7903691710593832,0.006952027644425041,-0.0030831088785674764,1.3904055288850082e-06,-0.0030844992840963615
2010-10-15,0.002043310143555077,0.12829580992175885,0.7794486823925503,0.010920488666832928,0.0015926553991133375,2.184097733366586e-06,0.0015904713013799709
2010-10-18,0.004927494930185405,0.12800916134386173,0.7811940875964124,0.001745405203862127,0.0038493299061221355,3.4908104077242545e-07,0.003848980825081363
2010-10-19,-0.013104187854187543,0.12815935412599072,0.7802785889642682,0.0009154986321442404,-0.010224917208388157,1.830997264288481e-07,-0.010225100308114587
2010-10-20,0.00976635470040188,0.12997329308834518,0.7693888307656267,0.010889758198641464,0.007514124223784585,2.177951639728293e-06,0.007511946272144857
2010-10-21,0.0022058499101995643,0.1328246079249165,0.7528725404296192,0.016516290336007544,0.0016607238256983934,3.303258067201509e-06,0.0016574205676311918
2010-10-22,0.00186201928585783,0.13067615249546882,0.7652505686029246,0.012378028173305466,0.001424911317252316,2.4756056346610935e-06,0.0014224357116176549
2010-10-25,0.0029576494070691073,0.12544239031834056,0.7971786869352991,0.03192811833237452,0.002357775070742317,6.385623666474905e-06,0.002351389447075842
2010-10-26,0.0001682068932900016,0.10672131410180871,0.9370199462180836,0.13984125928278446,0.00015761321410410822,2.796825185655689e-05,0.00012964496224755133
2010-10-27,-0.0028639602334431524,0.1043329826743751,0.9584696750413203,0.021449728823236702,-0.002745019034279522,4.2899457646473405e-06,-0.0027493089800441693
2010-10-28,0.00016900220332893845,0.1053819887940612,0.9489287604490104,0.00954091459230988,0.00016037105131808119,1.908182918461976e-06,0.0001584628683996192
2010-10-29,0.0007603388462156246,0.10483840353829398,0.9538489391768861,0.004920178727875646,0.0007252484018777511,9.840357455751292e-07,0.000724264366132176
2010-11-01,0.00033769053359011814,0.1035647467973121,0.9655795344694975,0.011730595292611445,0.0003260670682187025,2.346119058522289e-06,0.0003237209491601802
2010-11-02,0.007929987476505751,0.10330255778645689,0.9680302418718053,0.0024507074023077946,0.007676467694922249,4.901414804615589e-07,0.007675977553441788
2010-11-03,0.004017782007170068,0.0999008327720024,1.0009926566700793,0.032962414798274,0.0040217702852784094,6.5924829596548e-06,0.004015177802318755
2010-11-04,0.019258342450076293,0.07666945604907499,1.3043003714020285,0.3033077147319492,0.02511866321022196,6.066154294638984e-05,0.02505800166727557
2010-11-05,0.0037622078852124208,0.09773122014936392,1.023214484042752,0.28108588735927653,0.0038495456001292,5.621717747185531e-05,0.0037933284226573448
2010-11-08,-0.0018739301712367151,0.09686120079847955,1.0324051237817167,0.009190639738964723,-0.0019346551103939344,1.8381279477929447e-06,-0.0019364932383417273
2010-11-09,-0.007184364739582505,0.09754284157281494,1.025190556145023,0.007214567636693703,-0.007365342882921282,1.4429135273387406e-06,-0.00736678579644862
2010-11-10,0.004029294496781244,0.1029759472997881,0.971100559132276,0.05408999701274697,0.003912850138732869,1.0817999402549395e-05,0.0039020321393303196
2010-11-11,-0.003767550970526945,0.10315243632601376,0.9694390511916707,0.0016615079406052669,-0.0036524110381838996,3.3230158812105336e-07,-0.003652743339772021
2010-11-12,-0.011838153051585087,0.10282801968199065,0.9724975771123797,0.0030585259207089877,-0.011512575160152022,6.117051841417975e-07,-0.011513186865336164
2010-11-15,-0.0014141388393379417,0.11139971371405676,0.8976683751331912,0.07482920197918852,-0.001269427714121227,1.4965840395837705e-05,-0.0012843935545170649
2010-11-16,-0.015579319414086079,0.11168293402718975,0.8953919492807605,0.002276425852430708,-0.01394959717864613,4.552851704861416e-07,-0.013950052463816616
2010-11-17,0.000507353339443517,0.12436965604797816,0.8040546478750649,0.09133730140569563,0.0004079398106944953,1.8267460281139127e-05,0.0003896723504133562
2010-11-18,0.014718488792349937,0.1149033047018491,0.8702969880586101,0.06624234018354525,0.01280945646475656,1.324846803670905e-05,0.012796207996719851
2010-11-19,0.002750841989034969,0.1209848261715106,0.8265499332803763,0.04374705477823382,0.002273708262501711,8.749410955646764e-06,0.002264958851546064
2010-11-22,-0.0008313423262754638,0.12107563242239365,0.8259300240624176,0.0006199092179587362,-0.0006866305875448,1.2398184359174724e-07,-0.0006867545693883917
2010-11-23,-0.014476654200132444,0.12116287811921857,0.8253352970173317,0.0005947270450858966,-0.011948093694083513,1.1894540901717932e-07,-0.01194821263949253
2010-11-24,0.014773799881368399,0.13177069452888693,0.7588940800344487,0.06644121698288297,0.011211749269584119,1.3288243396576594e-05,0.011198461026187542
2010-11-26,-0.011647254994262113,0.14145738672154265,0.7069266746518437,0.051967405382605025,-0.008233755241915794,1.0393481076521005e-05,-0.008244148722992315
2010-11-29,0.0030304364583564336,0.14733916814755232,0.6787061530024069,0.02822052164943678,0.0020567758705693335,5.644104329887357e-06,0.002051131766239446
2010-11-30,-0.005622610073535039,0.14766229678179343,0.6772209438660842,0.0014852091363226627,-0.0038077493009903525,2.9704182726453255e-07,-0.003808046342817617
2010-12-01,0.02126752864798065,0.1490851950213021,0.6707574148171551,0.006463529048929106,0.014265352535469287,1.2927058097858214e-06,0.014264059829659502
2010-12-02,0.012808801073165066,0.16625004344622513,0.6015036022071524,0.06925381261000274,0.007704539985463626,1.385076252200055e-05,0.007690689222941626
2010-12-03,0.002692485226939434,0.16962305030969424,0.589542516877406,0.01196108532974638,0.0015873345173451076,2.392217065949276e-06,0.0015849423002791583
2010-12-06,-0.0010577482829736695,0.16941463410254623,0.5902677801698658,0.0007252632924598101,-0.000624354730969355,1.4505265849196203e-07,-0.0006244997836278469
2010-12-07,0.0005700335427343273,0.15624659120668524,0.6400139627220319,0.04974618255216612,0.0003648294265698755,9.949236510433224e-06,0.00035488019005944227
2010-12-08,0.0036635975858723135,0.15573044675218642,0.6421351899101004,0.0021212271880685085,0.0023525249315583035,4.242454376137017e-07,0.00235210068612069
2010-12-09,0.0038935293375113034,0.15603240226070988,0.6408925232908547,0.0012426666192457692,0.002495333841624589,2.4853332384915386e-07,0.0024950853083007397
2010-12-10,0.005818212912893417,0.15399627746300448,0.6493663460405635,0.00847382274970887,0.0037781516597316218,1.6947645499417741e-06,0.00377645689518168
2010-12-13,0.0006427195733857971,0.15458087586582414,0.6469105537142886,0.002455792326274908,0.0004157820751020174,4.911584652549816e-07,0.0004152909166367624
2010-12-14,0.0008830301795974549,0.15363172712409598,0.65090721735638,0.0039966636420913915,0.0005747707170434839,7.993327284182784e-07,0.0005739713843150656
2010-12-15,-0.004572135287021495,0.14619521374010516,0.6840169212226911,0.03310970386631107,-0.003127417902442068,6.621940773262214e-06,-0.0031340398432153304
2010-12-16,0.0058012144785253295,0.14746848779887906,0.678110974707914,0.00590594651477705,0.003933867204522474,1.18118930295541e-06,0.003932686015219519
2010-12-17,0.0010715927472768616,0.13401561287893046,0.7461817160836318,0.06807074137571778,0.0007996029151058221,1.3614148275143557e-05,0.0007859887668306785
2010-12-20,0.0024133625431936867,0.1339162540790821,0.746735343574848,0.0005536274912162353,0.0018021431078624067,1.1072549824324707e-07,0.0018020323823641634
2010-12-21,0.006340504491629817,0.12655454864855722,0.7901730998045802,0.043437756229732116,0.005010096088475996,8.687551245946423e-06,0.005001408537230049
2010-12-22,0.0031103382064017193,0.12739910780018635,0.784934853365227,0.005238246439353222,0.0024414128639581967,1.0476492878706445e-06,0.002440365214670326
2010-12-23,-0.001431218302759274,0.12692476519656765,0.7878683080101081,0.0029334546448811505,-0.0011276115425880478,5.866909289762301e-07,-0.001128198233517024
2010-12-27,0.0003983300153800329,0.11219737943819191,0.8912864141812573,0.10341810617114922,0.0003550261310688346,2.0683621234229845e-05,0.00033434250983460477
2010-12-28,0.0014321403803980726,0.1040572931361698,0.9610090459410624,0.06972263175980509,0.001376299860620022,1.3944526351961019e-05,0.001362355334268061
2010-12-29,0.000715285183015224,0.0908619071537471,1.100571219914968,0.13956217397390558,0.0007872222864581663,2.7912434794781118e-05,0.0007593098516633852
2010-12-30,-0.0015883157037828166,0.09120777270972621,1.0963977852880538,0.004173434626914219,-0.0017414258199657166,8.346869253828438e-07,-0.0017422605068910994
2010-12-31,0.00023853067021128993,0.08745293033676838,1.143472261191417,0.04707447590336322,0.00027275320483000786,9.414895180672644e-06,0.0002633383096493352
2011-01-03,0.010338089813007434,0.057631475893693995,1.5,0.356527738808583,0.01550713471951115,7.130554776171661e-05,0.015435829171749434
2011-01-04,-0.0005506662683055774,0.052221942575186545,1.5,0.0,-0.0008259994024583661,0.0,-0.0008259994024583661
2011-01-05,0.0051972594588654,0.05286127830244602,1.5,0.0,0.0077958891882981,0.0,0.0077958891882981
2011-01-06,-0.001958405177001521,0.0530177331025539,1.5,0.0,-0.0029376077655022814,0.0,-0.0029376077655022814
2011-01-07,-0.0019626415737336034,0.054643814336800545,1.5,0.0,-0.002943962360600405,0.0,-0.002943962360600405
2011-01-10,-0.001258112792958399,0.05593718673296428,1.5,0.0,-0.0018871691894375986,0.0,-0.0018871691894375986
2011-01-11,0.003543402955433539,0.0562668284005548,1.5,0.0,0.005315104433150308,0.0,0.005315104433150308
2011-01-12,0.009024832057036747,0.05458352972952905,1.5,0.0,0.01353724808555512,0.0,0.01353724808555512
2011-01-13,-0.0016333548416023191,0.060568238229026274,1.5,0.0,-0.0024500322624034787,0.0,-0.0024500322624034787
2011-01-14,0.007244927941236323,0.06165056944485527,1.5,0.0,0.010867391911854485,0.0,0.010867391911854485
2011-01-18,0.0017011804667976804,0.06019414264674706,1.5,0.0,0.0025517707001965206,0.0,0.0025517707001965206
2011-01-19,-0.00980533163940267,0.05877405987900711,1.5,0.0,-0.014707997459104005,0.0,-0.014707997459104005
2011-01-20,-0.0013253218320445903,0.07164919406921592,1.3956891113582672,0.10431088864173277,-0.0018497372500300248,2.0862177728346554e-05,-0.0018705994277583714
2011-01-21,0.002263935540500306,0.0722172646414345,1.3847104358841253,0.010978675474141886,0.0031348951690997415,2.195735094828377e-06,0.0031326994340049132
2011-01-24,0.005686613538809171,0.06999465611739311,1.428680495726456,0.04397005984233071,0.008124353849630664,8.794011968466143e-06,0.008115559837662198
2011-01-25,0.0005424658330011045,0.07146729721755007,1.3992413858270718,0.029439109899384253,0.0007590406439323023,5.887821979876851e-06,0.0007531528219524255
2011-01-26,0.0038708810084813194,0.07085841007634418,1.4112650833155602,0.012023697488488416,0.005462839208939009,2.4047394976976833e-06,0.0054604344694413115
2011-01-27,0.002467672065519233,0.07129359569036858,1.4026505330759957,0.008614550239564478,0.0034612815381572957,1.7229100479128957e-06,0.003459558628109383
2011-01-28,-0.017462727215721285,0.0713694873863059,1.4011590059309802,0.0014915271450155476,-0.02446805750642391,2.9830542900310953e-07,-0.024468355811852915
2011-01-31,0.007516436071043131,0.09718890374178313,1.0289240453384014,0.37223496059257877,0.0077338418087451784,7.444699211851576e-05,0.007659394816626663
2011-02-01,0.016008570649421516,0.09958301635935621,1.0041872967488659,0.024736748589535562,0.01607560328525583,4.947349717907113e-06,0.016070655935537925
2011-02-02,-0.0019122755112322976,0.11201689704880058,0.8927224609376087,0.11146483581125721,-0.0017071313003780204,2.2292967162251443e-05,-0.0017294242675402719
2011-02-03,0.0022225080457003443,0.10833793013184302,0.9230377567515267,0.03031529581391801,0.0020514588408654653,6.063059162783602e-06,0.0020453957817026815
2011-02-04,0.0028295105655096187,0.10816836913526398,0.9244846788338884,0.0014469220823617457,0.0026158391664122538,2.8938441647234913e-07,0.0026155497819957815
2011-02-07,0.006252188311777651,0.10743707680348748,0.9307773719766167,0.0062926931427282895,0.005819395405939322,1.258538628545658e-06,0.005818136867310776
2011-02-08,0.0045465029670330726,0.1080486101151169,0.9255093600321025,0.005268011944514206,0.004207831051402834,1.0536023889028413e-06,0.004206777449013931
2011-02-09,-0.0022628872871731653,0.10761618795857067,0.929228231337253,0.003718871305150473,-0.002102738751575475,7.437742610300947e-07,-0.002103482525836505
2011-02-10,0.00037794009308433907,0.10805668181998763,0.9254402255900351,0.0037880057472178263,0.0003497609650034896,7.576011494435653e-07,0.00034900336385404603
2011-02-11,0.005970121885473745,0.10803141935420563,0.9256566339476409,0.00021640835760572408,0.0055262829287647695,4.328167152114482e-08,0.005526239647093248
2011-02-14,0.002404125714127403,0.10596180011940072,0.9437363265565252,0.018079692608884312,0.0022688607700306783,3.6159385217768625e-06,0.0022652448315089013
2011-02-15,-0.0031479692840432616,0.10529613788909557,0.9497024487766703,0.0059661222201451425,-0.0029896341377296273,1.1932244440290285e-06,-0.0029908273621736562
2011-02-16,0.006315217548616081,0.1047571816534394,0.9545884914203091,0.004886042643638788,0.006028433992724487,9.772085287277577e-07,0.00602745678419576
2011-02-17,0.0029889556280575658,0.10615173073863841,0.9420477584695731,0.012540732950735989,0.002815738949576645,2.508146590147198e-06,0.002813230802986498
2011-02-18,0.00208520490325248,0.09776996608982781,1.0228089872520085,0.08076122878243541,0.0021327663153085917,1.6152245756487084e-05,0.0021166140695521047
2011-02-22,-0.020069500815771524,0.09693170986161534,1.031654142310758,0.008845155058749388,-0.020704783650699828,1.7690310117498777e-06,-0.02070655268171158
2011-02-23,-0.006144114846509341,0.12423884424260369,0.8049012417141292,0.22675290059662867,-0.004945405669189585,4.535058011932574e-05,-0.00499075624930891
2011-02-24,-0.0006872569281061169,0.12572224833352724,0.7954041653368388,0.00949707637729047,-0.0005466470232722057,1.899415275458094e-06,-0.0005485464385476638
2011-02-25,0.010693004133881967,0.12581789779868402,0.7947994820260457,0.0006046833107931082,0.008498794146911752,1.2093666215862165e-07,0.008498673210249594
2011-02-28,0.00619628624384605,0.1301465171537519,0.7683647798416493,0.026434702184396364,0.0047610081155886105,5.286940436879273e-06,0.004755721175151731
2011-03-01,-0.01667284999555363,0.13131218524820903,0.7615439481947385,0.00682083164691083,-0.012697108013272538,1.364166329382166e-06,-0.01269847217960192
2011-03-02,0.002138616141987848,0.12992056094813242,0.7697011102031998,0.008157162008461283,0.0016460952187865305,1.6314324016922566e-06,0.0016444637863848382
2011-03-03,0.017224555354845128,0.12795464871337114,0.7815269003942809,0.011825790191081098,0.013461453357141825,2.36515803821622e-06,0.013459088199103608
2011-03-04,-0.007492644935061743,0.12981258459312237,0.7703413371934213,0.011185563200859505,-0.005771894118390979,2.237112640171901e-06,-0.005774131231031151
2011-03-07,-0.007850665176362015,0.13280385015726007,0.7529902173889139,0.01735111980450743,-0.00591147407779641,3.4702239609014865e-06,-0.005914944301757311
2011-03-08,0.008749705540956443,0.13594452125696888,0.7355941900076663,0.01739602738124757,0.006436232560205445,3.479205476249514e-06,0.006432753354729195
2011-03-09,-0.0014334348547531128,0.13886387234904513,0.7201297091056358,0.015464480902030564,-0.0010322590249752385,3.092896180406113e-06,-0.0010353519211556445
2011-03-10,-0.018505547377804632,0.13743438120894197,0.7276199675827089,0.007490258477073075,-0.013465005783138488,1.4980516954146151e-06,-0.013466503834833903
2011-03-11,0.006926452353634316,0.15077314146678425,0.6632481025941235,0.06437186498858538,0.004593956381256561,1.2874372997717076e-05,0.0045810820082588435
2011-03-14,-0.0060380363492914535,0.15307750545224583,0.6532638463408726,0.009984256253250834,-0.003944430849884136,1.9968512506501667e-06,-0.003946427701134786
2011-03-15,-0.011457356646007,0.1542371918792014,0.6483520529751348,0.004911793365737882,-0.007428400703106942,9.823586731475765e-07,-0.00742938306178009
2011-03-16,-0.01851265355105125,0.15642851376800312,0.639269642031558,0.009082410943576757,-0.011834577408634785,1.8164821887153516e-06,-0.0118363938908235
2011-03-17,0.013235124449867408,0.16614747864949794,0.6018749174699087,0.03739472456164927,0.007965889435967918,7.478944912329855e-06,0.007958410491055588
2011-03-18,0.0036371581106664497,0.17493276181175976,0.5716482090850837,0.030226708384824996,0.0020791749201217627,6.045341676965e-06,0.0020731295784447976
2011-03-21,0.015497932739046982,0.17360363104520118,0.5760248181327671,0.004376609047683333,0.008927193887443395,8.753218095366667e-07,0.008926318565633858
2011-03-22,-0.003468796604115698,0.18323042471421133,0.5457608918168054,0.030263926315961642,-0.0018931335281932896,6.0527852631923285e-06,-0.0018991863134564819
2011-03-23,0.0028620941313017845,0.1829259167242514,0.5466693937674415,0.0009085019506360759,0.0015646192636640985,1.8170039012721517e-07,0.0015644375632739714
2011-03-24,0.009563361959849859,0.17061959490991763,0.5860991526371705,0.03942975886972899,0.005605078341030552,7.8859517739458e-06,0.005597192389256606
2011-03-25,0.0030557545366352024,0.1727686262369598,0.5788087928814436,0.007290359755726894,0.0017686975946918165,1.4580719511453789e-06,0.0017672395227406712
2011-03-28,-0.0024372171019408917,0.17300754602989088,0.5780094700766566,0.000799322804787006,-0.0014087345655546194,1.598645609574012e-07,-0.0014088944301155768
2011-03-29,0.006718645798797995,0.16909719010604485,0.5913758823389533,0.013366412262296734,0.003973245087387067,2.673282452459347e-06,0.003970571804934607
2011-03-30,0.00690153377259084,0.16935671287494403,0.5904696560439371,0.0009062262950162436,0.004075146272877328,1.8124525900324873e-07,0.004074965027618325
2011-03-31,-0.0013556427671533866,0.1598946751133392,0.6254116963502151,0.03494204030627801,-0.0008478348426502991,6.9884080612556026e-06,-0.0008548232507115547
2011-04-01,0.004223406019033149,0.16001717694238807,0.6249329097713279,0.00047878657888722476,0.002639345412620126,9.575731577744496e-08,0.0026392496553043487
2011-04-04,0.0008260590826425496,0.14912213509707195,0.67059125685737,0.045658347086042106,0.0005539479984677134,9.131669417208422e-06,0.000544816329050505
2011-04-05,-0.0001500481644869378,0.14652298713074763,0.6824867685148029,0.011895511657432967,-0.00010240588690226779,2.3791023314865936e-06,-0.00010478498923375439
2011-04-06,0.0031524583271023143,0.1433673338234643,0.6975089606055953,0.015022192090792363,0.002198867931089589,3.004438418158473e-06,0.0021958634926714303
2011-04-07,-0.0025440058794006237,0.14079248383352141,0.710265188007081,0.012756227401485742,-0.0018069188142236035,2.5512454802971485e-06,-0.0018094700597039005
2011-04-08,-0.0034504530043972803,0.14104994506237997,0.7089687270404434,0.0012964609666376026,-0.0024462632742404135,2.5929219332752054e-07,-0.002446522566433741
2011-04-11,-0.0030106746746951796,0.12399602256560406,0.8064774815425374,0.09750875450209395,-0.0024280413293920663,1.950175090041879e-05,-0.0024475430802924853
2011-04-12,-0.00747393832258092,0.12308394679886331,0.8124536351065687,0.00597615356403125,-0.006072228358743158,1.19523071280625e-06,-0.006073423589455965
2011-04-13,-7.593166059427503e-05,0.1241877823352789,0.8052321904744433,0.007221444632125373,-6.114261738669005e-05,1.4442889264250747e-06,-6.258690631311512e-05
2011-04-14,0.0007606652027449812,0.1160817604604675,0.8614617800705714,0.056229589596128116,0.0006552839995944336,1.1245917919225623e-05,0.0006440380816752079
2011-04-15,0.0036485239803398795,0.09117122244212723,1.096837327847359,0.2353755477767877,0.004001837293183004,4.707510955535754e-05,0.003954762183627647
2011-04-18,-0.011208877829219532,0.08217184885844314,1.2169617866608953,0.12012445881353617,-0.0136407759895107,2.4024891762707236e-05,-0.013664800881273408
2011-04-19,0.005744431409559159,0.09323828670251937,1.0725207802139711,0.14444100644692415,0.006161022057266031,2.888820128938483e-05,0.006132133855976646
2011-04-20,0.013632125633319614,0.07926940378046655,1.261520778899082,0.18899999868511097,0.0171972097469955,3.779999973702219e-05,0.017159409747258478
2011-04-21,0.005108669670587096,0.08969980806255111,1.1148295872636225,0.14669119163545963,0.005695296100326798,2.9338238327091927e-05,0.005665957861999706
2011-04-25,-0.0010464039053408314,0.0904955421388412,1.105026807249541,0.009802780014081414,-0.0011563043666122299,1.960556002816283e-06,-0.0011582649226150462
2011-04-26,0.008605216718886144,0.08594195436454288,1.1635760524577627,0.05854924520822169,0.01001282410030508,1.170984904164434e-05,0.010001114251263436
2011-04-27,0.0065288082906695966,0.08968244417204928,1.1150454352934143,0.04853061716434848,0.007279917882416932,9.706123432869696e-06,0.007270211758984063
2011-04-28,0.0032427882342509484,0.09039405327866745,1.1062674631009108,0.008777972192503425,0.003587391113278279,1.7555944385006851e-06,0.003585635518839778
2011-04-29,0.0023510150987169354,0.08874560612353395,1.1268163503306285,0.020548887229717705,0.0026491622531084197,4.109777445943542e-06,0.002645052475662476
2011-05-02,-0.0015387890074415322,0.08664819496199723,1.1540921313347463,0.02727578100411776,-0.0017759042852726768,5.455156200823553e-06,-0.0017813594414735003
2011-05-03,-0.0035973603430449197,0.08672147660760011,1.153116896896059,0.0009752344386873002,-0.0041481769957889,1.9504688773746005e-07,-0.004148372042676637
2011-05-04,-0.006630690179725285,0.08762800721663763,1.1411876542253871,0.011929242670671858,-0.007566861772096009,2.385848534134372e-06,-0.007569247620630143
2011-05-05,-0.009048283251713474,0.09146150203452942,1.0933561966022278,0.047831457623159324,-0.009892996561873082,9.566291524631866e-06,-0.009902562853397714
2011-05-06,0.004415758686980409,0.09735315935249422,1.0271880303126286,0.0661681662895992,0.004535814468015285,1.3233633257919842e-05,0.004522580834757366
2011-05-09,0.0038745207525197056,0.09794066370750704,1.0210263665217036,0.006161663790924976,0.003955987845958132,1.2323327581849952e-06,0.003954755513199947
2011-05-10,0.008536677629251033,0.09818997706811693,1.0184338868989389,0.002592479622764765,0.008694041779161348,5.184959245529531e-07,0.008693523283236795
2011-05-11,-0.010525181216681112,0.10083386507357654,0.9917303073429935,0.026703579555945378,-0.010438141202859862,5.340715911189076e-06,-0.010443481918771052
2011-05-12,0.004760586219204832,0.10780056421377705,0.9276389296227809,0.06409137772021256,0.004416105104760132,1.2818275544042513e-05,0.004403286829216089
2011-05-13,-0.007699003817871697,0.1043465083775952,0.9583454353655358,0.030706505742754908,-0.0073783051657191736,6.141301148550982e-06,-0.007384446466867724
2011-05-16,-0.006341538653342305,0.10886701338812461,0.9185518816750067,0.03979355369052917,-0.005825032262742362,7.958710738105835e-06,-0.005832990973480468
2011-05-17,-0.00014997713242226318,0.11176274822664556,0.8947525144711753,0.023799367203831356,-0.0001341924163479964,4.759873440766272e-06,-0.00013895228978876267
2011-05-18,0.008935660054214312,0.11123495216010923,0.8989980042969059,0.004245489825730586,0.008033140555814248,8.490979651461173e-07,0.008032291457849103
2011-05-19,0.0023821561923837997,0.10646516318072566,0.9392743787021585,0.04027637440525256,0.002237498277572793,8.055274881050512e-06,0.0022294430026917425
2011-05-20,-0.007944899589713228,0.1053632605562018,0.9490974318003288,0.009823053098170331,-0.00754048379650831,1.9646106196340663e-06,-0.007542448407127944
2011-05-23,-0.011601369086177593,0.0997187418320884,1.002820514606825,0.05372308280649618,-0.011634090917144325,1.0744616561299236e-05,-0.011644835533705624
2011-05-24,-0.0008328019184756785,0.10596188715021297,0.9437355514274551,0.05908496317936984,-0.000785944777762487,1.181699263587397e-05,-0.000797761770398361
2011-05-25,0.0033346651213790324,0.10595299916530532,0.9438147177314199,7.916630396476165e-05,0.0031473060202631626,1.5833260792952332e-08,0.00314729018700237
2011-05-26,0.004607636796427839,0.10167993788865695,0.9834781774700085,0.03966345973858865,0.004531510238994599,7.932691947717729e-06,0.004523577547046882
2011-05-27,0.003834421101190255,0.10013273399018337,0.9986744195939324,0.015196242123923898,0.0038293382677099053,3.03924842478478e-06,0.0038262990192851204
2011-05-31,0.01041087810996899,0.1004635942792526,0.9953854499972998,0.003288969596632607,0.010362836592358522,6.577939193265215e-07,0.010362178798439195
2011-06-01,-0.022460646988113342,0.10738973420428585,0.9311877037498903,0.06419774624740948,-0.020915078293598153,1.2839549249481896e-05,-0.020927917842847636
2011-06-02,-0.0010617869785521927,0.1316243491309345,0.759737849875513,0.1714498538743774,-0.0008066797561110603,3.428997077487548e-05,-0.0008409697268859358
2011-06-03,-0.009944770221995247,0.131410926341464,0.7609717303122538,0.0012338804367408862,-0.0075676890033895,2.4677608734817727e-07,-0.007567935779476848
2011-06-06,-0.010581075461376321,0.1335599183688358,0.7487276214398578,0.01224410887239602,-0.00792234346247194,2.448821774479204e-06,-0.007924792284246418
2011-06-07,-0.0006196662095628858,0.13474470967040386,0.742144164654834,0.006583456785023811,-0.00045988166146087515,1.3166913570047624e-06,-0.0004611983528178799
2011-06-08,-0.004187546600544434,0.13302002574168537,0.7517665061514294,0.009622341496595355,-0.0031480572772375846,1.9244682993190712e-06,-0.0031499817455369035
2011-06-09,0.007630940046989387,0.1315636531455637,0.7600883497006482,0.008321843549218833,0.00580018862698075,1.6643687098437666e-06,0.005798524258270906
2011-06-10,-0.013909874842370717,0.13066272999189474,0.7653291799903706,0.005240830289722442,-0.010645633106880267,1.0481660579444885e-06,-0.010646681272938212
2011-06-13,0.0007833630064115749,0.13383865528044117,0.7471682959639967,0.018160884026373947,0.0005853040026217698,3.6321768052747895e-06,0.000581671825816495
2011-06-14,0.012686441503423795,0.13183312979885162,0.7585346729807448,0.011366377016748141,0.009623105757088917,2.2732754033496282e-06,0.009620832481685567
2011-06-15,-0.017785506788135064,0.14059618689020148,0.7112568428196061,0.047277830161138734,-0.012650063406075619,9.455566032227747e-06,-0.012659518972107847
2011-06-16,0.002204658169526974,0.1506208102937681,0.6639188821581946,0.04733796066141149,0.0014637141874532802,9.4675921322823e-06,0.001454246595320998
2011-06-17,0.0029836841535693104,0.15124673723630808,0.6611712875746859,0.0027475945835087057,0.0019727262935316076,5.495189167017412e-07,0.001972176774614906
2011-06-20,0.005116000946984833,0.14712346777935845,0.679701216327842,0.018529928753156066,0.0034773520663999827,3.7059857506312136e-06,0.0034736460806493513
2011-06-21,0.0137041711790018,0.14853746737759638,0.6732308135144818,0.006470402813360199,0.009226070311381097,1.2940805626720398e-06,0.009224776230818426
2011-06-22,-0.006025472088164285,0.15678948702152953,0.6377978645103196,0.03543294900416216,-0.0038430332304977173,7.086589800832433e-06,-0.00385011982029855
2011-06-23,-0.0028755158782177714,0.15328983590645043,0.6523589735005516,0.014561108990231997,-0.0018758685865986825,2.9122217980463995e-06,-0.001878780808396729
2011-06-24,-0.011613276558897545,0.15343211923276615,0.6517540166951207,0.000604956805430934,-0.007568999644252764,1.209913610861868e-07,-0.00756912063561385
2011-06-27,0.008910919087560698,0.15674556439050633,0.6379765857416297,0.013777430953490932,0.005684957735301893,2.7554861906981866e-06,0.005682202249111195
2011-06-28,0.013052744298435615,0.1596328687461496,0.6264374046865084,0.011539181055121306,0.008176727262348627,2.3078362110242615e-06,0.008174419426137603
2011-06-29,0.008564214208974352,0.16660118469161606,0.6002358277649892,0.026201576921519254,0.0051405482048804026,5.240315384303851e-06,0.005135307889496099
2011-06-30,0.009562426488613607,0.16510645258823142,0.6056698477399658,0.005434019974976612,0.005791673395383219,1.0868039949953224e-06,0.0057905865913882235
2011-07-01,0.014776035852388736,0.14972535298554765,0.6678895591560408,0.06221971141607496,0.009868760071525765,1.2443942283214993e-05,0.009856316129242551
2011-07-05,-0.0008211150133647926,0.1577295339903862,0.6339966743710479,0.03389288478499286,-0.0005205841877494171,6.778576956998573e-06,-0.0005273627647064157
2011-07-06,0.00119549258318008,0.15279212027129094,0.6544840128040924,0.02048733843304451,0.000782430783117229,4.097467686608902e-06,0.0007783333154306201
2011-07-07,0.010375479490834838,0.14636799043176013,0.6832094893495319,0.028725476545439443,0.007088626044689811,5.745095309087889e-06,0.007082880949380723
2011-07-08,-0.007092140809839109,0.14876446810606136,0.6722035259703626,0.011005963379169259,-0.004767362059052152,2.201192675833852e-06,-0.004769563251727986
2011-07-11,-0.018080425921938925,0.1507580165915473,0.6633146432997501,0.008888882670612497,-0.011993011271118473,1.7777765341224995e-06,-0.011994789047652596
2011-07-12,-0.004319340013517081,0.16523677342237827,0.6051921610958838,0.05812248220386629,-0.0026140307172883262,1.1624496440773258e-05,-0.0026256552137290993
2011-07-13,0.003349037672345956,0.15731897151522672,0.6356512443276501,0.03045908323176627,0.0021288199637268836,6.0918166463532545e-06,0.0021227281470805304
2011-07-14,-0.0069027326126333,0.15738554144752692,0.6353823806193816,0.0002688637082685075,-0.004385874680193989,5.3772741653701497e-08,-0.004385928452935643
2011-07-15,0.00580456297159504,0.15492768267889725,0.6454624394483442,0.010080058828962679,0.0037466273755772644,2.0160117657925358e-06,0.003744611363811472
2011-07-18,-0.008200994284377261,0.13996458336758422,0.7144664571134642,0.06900401766511999,-0.005859335331166791,1.3800803533023998e-05,-0.005873136134699816
2011-07-19,0.016231721896366347,0.1443402895827172,0.6928072563045049,0.021659200808959334,0.011245454712119324,4.331840161791867e-06,0.011241122871957531
2011-07-20,-0.0006029094873151175,0.15308870048368198,0.6532160746289646,0.03959118167554032,-0.0003938301686605426,7.918236335108065e-06,-0.0004017484049956506
2011-07-21,0.013870940421004674,0.1529645853624216,0.6537460926858873,0.0005300180569227653,0.009068073102110543,1.0600361138455306e-07,0.009067967098499158
2011-07-22,0.0006694710491810252,0.15312833730384312,0.6530469915674469,0.0006991011184404039,0.0004371960546091708,1.398202236880808e-07,0.0004370562343854827
2011-07-25,-0.005573101667088465,0.1505157002126401,0.6643825186258021,0.011335527058355166,-0.003702671322137891,2.267105411671033e-06,-0.003704938427549562
2011-07-26,-0.0037360255321056135,0.15194147177433479,0.6581481595000024,0.006234359125799727,-0.0024588583278003268,1.2468718251599453e-06,-0.002460105199625487
2011-07-27,-0.02047552009078646,0.1453188219919288,0.6881421045757867,0.029993945075784345,-0.014090067487557598,5.998789015156869e-06,-0.014096066276572755
2011-07-28,-0.0029093867979205212,0.1633434889180885,0.6122068327446267,0.07593527183116,-0.0017811464767839536,1.5187054366232001e-05,-0.0017963335311501857
2011-07-29,-0.006834364251102287,0.15780625793883232,0.6336884310301639,0.021481598285537196,-0.00433085755936965,4.29631965710744e-06,-0.004335153879026757
2011-08-01,-0.004253049248824858,0.15662049058616914,0.638486060321604,0.00479762929144012,-0.0027155126592359412,9.595258582880239e-07,-0.002716472185094229
2011-08-02,-0.025547685951503363,0.15274227323727615,0.6546976019183365,0.016211541596732437,-0.016726008727012028,3.242308319346488e-06,-0.016729251035331374
2011-08-03,0.005419052180788642,0.16336752171418348,0.6121167717470373,0.04258083017129921,0.0033170927268330853,8.516166034259842e-06,0.0033085765607988255
2011-08-04,-0.04684170663576215,0.16584703333173464,0.6029652625740706,0.009151509172966699,-0.028243921941049906,1.8303018345933398e-06,-0.0282457522428845
2011-08-05,-0.0014966314435005401,0.22456157690219417,0.44531215615552133,0.15765310641854924,-0.0006664681750753758,3.153062128370985e-05,-0.0006979987963590856
2011-08-08,-0.06512341333453342,0.2179679461005784,0.4587830540636298,0.013470897908108459,-0.029877518460665355,2.694179581621692e-06,-0.029880212640246977
2011-08-09,0.04649919247256307,0.3001818498532939,0.33313140034573185,0.12565165371789794,0.015490341103330647,2.513033074357959e-05,0.015465210772587067
2011-08-10,-0.04417756527857952,0.35261282449203407,0.283597172462623,0.04953422788310885,-0.012528632599288103,9.906845576621771e-06,-0.012538539444864725
2011-08-11,0.04488355021759194,0.3773997691979918,0.26497101525130484,0.01862615721131816,0.01189283986923826,3.7252314422636325e-06,0.011889114637795996
2011-08-12,0.006733066035826907,0.4173187591560596,0.23962498163808693,0.02534603361321791,0.0016134108252030494,5.0692067226435825e-06,0.0016083416184804057
2011-08-15,0.02116518205317841,0.41928826693253685,0.2384993997842776,0.0011255818538093432,0.005047883216008015,2.2511637076186864e-07,0.005047658099637253
2011-08-16,-0.008539242674834413,0.4273689266159548,0.23398987098063562,0.004509528803641971,-0.001998096291756842,9.019057607283943e-07,-0.0019989981975175705
2011-08-17,0.0006689053218631447,0.42741418181440627,0.23396509581290043,2.4775167735191506e-05,0.00015650049771946965,4.955033547038302e-09,0.0001564955426859226
2011-08-18,-0.0431185828055588,0.42156558169069824,0.23721101613406806,0.0032459203211676335,-0.01022820284156756,6.491840642335267e-07,-0.010228852025631792
2011-08-19,-0.01633044523911209,0.4417537898686726,0.22637044048841923,0.010840575645648831,-0.0036967300821498126,2.1681151291297665e-06,-0.0036988981972789423
2011-08-22,0.000799335486236119,0.43647192197062423,0.2291098120321478,0.0027393715437285804,0.0001831356030021827,5.478743087457161e-07,0.00018258772869343698
2011-08-23,0.032910477990758746,0.4365048175247233,0.2290925460274813,1.7266004666505186e-05,0.007539545193884309,3.4532009333010374e-09,0.007539541740683375
2011-08-24,0.01408424029857791,0.4590188115467735,0.21785599518901225,0.011236550838469056,0.0030683361867278815,2.2473101676938112e-06,0.0030660888765601875
2011-08-25,-0.01524413686073145,0.46434658703208825,0.2153563798953681,0.0024996152936441474,-0.0032829221289566663,4.999230587288295e-07,-0.0032834220520153953
2011-08-26,0.014534095504693534,0.46255053342643154,0.21619259469712612,0.0008362148017580229,0.003142163818735532,1.672429603516046e-07,0.0031419965757751803
2011-08-29,0.028736388079880104,0.46751518083183924,0.21389679758007485,0.0022957971170512737,0.0061466213843045904,4.5915942341025476e-07,0.00614616222488118
2011-08-30,0.0026365975155970833,0.48110403983741606,0.2078552490097442,0.0060415485703306515,0.0005480306331429047,1.2083097140661304e-06,0.0005468223234288385
2011-08-31,0.004437823570042632,0.4813945556471478,0.207729810873262,0.00012543813648219215,0.0009218682508938602,2.5087627296438433e-08,0.0009218431632665638
2011-09-01,-0.010472426724872919,0.4742671382608646,0.21085163177592178,0.0031218209026597776,-0.0022081282635932273,6.243641805319555e-07,-0.002208752627773759
2011-09-02,-0.025550343684258126,0.4748247270113437,0.21060402778394263,0.0002476039919791506,-0.005381005291168781,4.952079839583013e-08,-0.005381054811967177
2011-09-06,-0.007297342494564152,0.4545497646406183,0.21999791393372128,0.009393886149778652,-0.0016054001260640113,1.8787772299557306e-06,-0.0016072789032939671
2011-09-07,0.028207574669069757,0.45514257414886394,0.21971137327024234,0.00028654066347894025,0.006197524967164218,5.730813269578805e-08,0.006197467659031522
2011-09-08,-0.010391556477399644,0.4006320177391901,0.2496056120634363,0.029894238793193945,-0.002593790814833104,5.978847758638789e-06,-0.002599769662591743
2011-09-09,-0.026209838592502144,0.3712682461102923,0.26934703155381917,0.019741419490382883,-0.007059542222395182,3.948283898076577e-06,-0.007063490506293259
2011-09-12,0.006470222025319661,0.34829369341900523,0.2871140129422261,0.017766981388406933,0.0018576914103167054,3.553396277681387e-06,0.001854138014039024
2011-09-13,0.009170872668819108,0.3118599423524453,0.3206567642053433,0.033542751263117176,0.002940702354922756,6.708550252623436e-06,0.0029339938046701324
2011-09-14,0.013844538263552586,0.31264476165238136,0.31985183270457757,0.0008049315007657154,0.004428200936545944,1.609863001531431e-07,0.004428039950245791
2011-09-15,0.017256820169544218,0.3073941408792786,0.3253152441811587,0.005463411476581137,0.005613906667245622,1.0926822953162274e-06,0.005612813984950306
2011-09-16,0.00591886458321067,0.31165897064608516,0.32086353809323964,0.004451706087919061,0.0018991478316637438,8.903412175838121e-07,0.00189825749044616
2011-09-19,-0.0099570143367409,0.31213771479369407,0.32037141063230545,0.0004921274609341886,-0.003189942728747771,9.842549218683771e-08,-0.003190041154239958
2011-09-20,-0.0011639349379262143,0.27133476990755956,0.3685484172709188,0.04817700663861335,-0.0004289663791790314,9.63540132772267e-06,-0.00043860178050675406
2011-09-21,-0.029458267030151974,0.2628572166983028,0.38043467573795425,0.011886258467035449,-0.011206946265417935,2.37725169340709e-06,-0.011209323517111342
2011-09-22,-0.03232454679085528,0.28655042307861633,0.34897872048356593,0.031455955254388324,-0.011280578979283832,6.291191050877665e-06,-0.01128687017033471
2011-09-23,0.0060250358417306416,0.2870545386411421,0.34836585574776036,0.0006128647358055739,0.0020989167669154224,1.225729471611148e-07,0.0020987941939682613
2011-09-26,0.0237802518984207,0.2830178415852828,0.35333461466550914,0.004968758917748783,0.00840238614117722,9.937517835497568e-07,0.00840139238939367
2011-09-27,0.011183800543598021,0.29124972134520827,0.34334796798474343,0.00998664668076571,0.00383993519099105,1.997329336153142e-06,0.0038379378616548968
2011-09-28,-0.020418671122501397,0.28942522273678717,0.3455123885002355,0.0021644205154920937,-0.007054903829536243,4.3288410309841877e-07,-0.007055336713639342
2011-09-29,0.007903744380339583,0.27830077009499415,0.35932347569813183,0.01381108719789631,0.0028400009017731966,2.762217439579262e-06,0.0028372386843336173
2011-09-30,-0.024989383169605195,0.2800254778870967,0.3571103627946274,0.002213112903504455,-0.008923967689711666,4.4262258070089104e-07,-0.008924410312292366
2011-10-03,-0.028457880923095535,0.2900622277229116,0.34475360954452583,0.012356753250101549,-0.009810957168225488,2.47135065002031e-06,-0.009813428518875508
2011-10-04,0.021922967560088713,0.30213652105770566,0.33097620787425697,0.013777401670268863,0.007255980668388514,2.7554803340537728e-06,0.00725322518805446
2011-10-05,0.01851531093243186,0.3044499410020616,0.32846122311885373,0.002514984755403238,0.006081561675292453,5.029969510806476e-07,0.006081058678341372
2011-10-06,0.018091406922869924,0.3116826030618135,0.32083920956014284,0.007622013558710894,0.005804432696964483,1.524402711742179e-06,0.00580290829425274
2011-10-07,-0.006695810113449108,0.3017007021314986,0.3314543164583496,0.010615106898206772,-0.0022193551642881782,2.1230213796413547e-06,-0.0022214781856678195
2011-10-10,0.03344569382432372,0.30053734856065484,0.33273734688525036,0.0012830304269007553,0.011128631427841876,2.566060853801511e-07,0.011128374821756496
2011-10-11,0.0010031115631459198,0.308267448208157,0.32439364123997677,0.008343705645273591,0.0003254030125388298,1.6687411290547183e-06,0.0003237342714097751
2011-10-12,0.008772104358089283,0.3078293721444322,0.3248552901348233,0.0004616488948465114,0.002849664506340042,9.232977896930228e-08,0.0028495721765610725
2011-10-13,-0.0019876028123687606,0.3077096491582087,0.32498168410892136,0.0001263939740980824,-0.0006459345093032282,2.527879481961648e-08,-0.0006459597880980479
2011-10-14,0.01709400167436792,0.30466255012128823,0.32823200606766184,0.0032503219587404764,0.005610798461301753,6.500643917480953e-07,0.0056101483969100046
2011-10-17,-0.019090930713409504,0.30455273889953643,0.32835035521708855,0.00011834914942671082,-0.006268513881172837,2.3669829885342164e-08,-0.006268537551002722
2011-10-18,0.01954566952394532,0.31156734880911024,0.32095789363752486,0.007392461579563692,0.006273336920140653,1.4784923159127384e-06,0.00627185842782474
2011-10-19,-0.01182916654472943,0.31679231559892795,0.31566422250785936,0.0052936711296655,-0.003734044660257997,1.0587342259331e-06,-0.00373510339448393
2011-10-20,0.004375799377818179,0.31988377804192847,0.31261353924265767,0.0030506832652016924,0.0013679341305155603,6.101366530403385e-07,0.00136732399386252
2011-10-21,0.018987356167223357,0.30076142489473623,0.33248944752472526,0.01987590828206759,0.006313095561995279,3.975181656413518e-06,0.006309120380338865
2011-10-24,0.012260918545340838,0.27826371589341714,0.35937132399361343,0.026881876468888177,0.004406222531016986,5.3763752937776355e-06,0.0044008461557232086
2011-10-25,-0.019443815755424643,0.27949409700913697,0.35778930957790817,0.0015820144157052685,-0.0069567894146934355,3.1640288314105373e-07,-0.006957105817576577
2011-10-26,0.010158473569039206,0.282839415428207,0.35355751194933066,0.004231797628577505,0.0035916046402725385,8.46359525715501e-07,0.003590758280746823
2011-10-27,0.034835126349930245,0.28248156819292464,0.35400539808566783,0.0004478861363371722,0.012331822770871593,8.957722726743445e-08,0.012331733193644326
2011-10-28,-0.00023317240467968237,0.2899619905823682,0.3448727876338449,0.009132610451822953,-8.041481720116903e-05,1.8265220903645908e-06,-8.224133929153362e-05
2011-10-31,-0.02410612087756281,0.29046343424602417,0.3442774139869855,0.000595373646859354,-0.008299192956985006,1.190747293718708e-07,-0.008299312031714377
2011-11-01,-0.027888032417305086,0.28932594353201996,0.34563094750240714,0.0013535335154216122,-0.009638967068371003,2.707067030843224e-07,-0.009639237775074088
2011-11-02,0.016311321563982295,0.2884986267865928,0.3466221004718045,0.0009911529693973353,0.005653864541978582,1.9823059387946709e-07,0.005653666311384702
2011-11-03,0.018227254627470213,0.28501686737153664,0.3508564279799061,0.004234327508101654,0.006395149450474413,8.468655016203308e-07,0.006394302584972793
2011-11-04,-0.006098806711646199,0.2848447077820759,0.3510684849251484,0.00021205694524228935,-0.0021410988321089574,4.241138904845787e-08,-0.0021411412434980057
2011-11-07,0.00621608943960994,0.28299497216858627,0.3533631683761075,0.0022946834509590675,0.0021965370592898306,4.5893669019181354e-07,0.002196078122599639
2011-11-08,0.012830553446615989,0.28054420354222614,0.35645006646857524,0.0030868980924677603,0.004573451628874877,6.173796184935521e-07,0.004572834249256383
2011-11-09,-0.036909553441373144,0.2620495001163078,0.38160729158275863,0.02515722511418339,-0.014084954722291494,5.031445022836679e-06,-0.014089986167314331
2011-11-10,0.00941865383083118,0.2968871009890749,0.33682837572549135,0.04477891585726729,0.0031724698713595434,8.955783171453458e-06,0.0031635140881880897
2011-11-11,0.01882219302241106,0.29709433273653796,0.3365934283528713,0.0002349473726200313,0.006335426478532831,4.698947452400626e-08,0.006335379489058307
2011-11-14,-0.009473913597439876,0.3026604924715004,0.3304032157729221,0.006190212579949228,-0.0031302115185489476,1.2380425159898457e-06,-0.0031314495610649377
2011-11-15,0.004941652643157157,0.30055637929690543,0.33271627850299174,0.0023130627300696482,0.0016441682770857219,4.626125460139297e-07,0.0016437056645397078
2011-11-16,-0.01586264834123996,0.29142206020435585,0.34314492159542187,0.010428643092430134,-0.005443187221350535,2.085728618486027e-06,-0.00544527294996902
2011-11-17,-0.015877401407981218,0.2910261277037982,0.3436117601845647,0.00046683858914281506,-0.005455661844953312,9.336771782856302e-08,-0.005455755212671141
2011-11-18,-0.0010639869119979384,0.29355598495786556,0.3406505236619622,0.002961236522602495,-0.00036244769874157177,5.922473045204991e-07,-0.00036303994604609227
2011-11-21,-0.01901993387780554,0.29326674196080577,0.34098650031500916,0.00033597665304696545,-0.006485540689215792,6.71953306093931e-08,-0.006485607884546401
2011-11-22,-0.003927508091256304,0.29228458952212993,0.34213230387375126,0.001145803558742109,-0.0013437273917443187,2.291607117484218e-07,-0.001343956552456067
2011-11-23,-0.022065710766664304,0.28801471725220373,0.3472044795281546,0.005072175654403321,-0.007661313622158476,1.0144351308806643e-06,-0.007662328057289357
2011-11-25,-0.0018874494446809997,0.2901175339274936,0.3446878878578641,0.0025165916702905022,-0.0006505809625255923,5.033183340581005e-07,-0.0006510842808596504
2011-11-28,0.02896702150802244,0.2865169033201796,0.34901954768180316,0.004331659823939071,0.010110056744419055,8.663319647878143e-07,0.010109190412454267
2011-11-29,0.0028399707599080504,0.27732934131961706,0.36058211339690815,0.011562565715105,0.001024042658593068,2.3125131430210003e-06,0.001021730145450047
2011-11-30,0.041149557697470085,0.27795703042247477,0.35976783838857096,0.0008142750083371952,0.014804287423464594,1.6285500166743905e-07,0.014804124568462926
2011-12-01,-0.00015994891754989027,0.3063593222189002,0.3264140920397646,0.033353746348806335,-5.220958069479061e-05,6.670749269761267e-06,-5.8880329964551876e-05
2011-12-02,-0.0008801365516439841,0.2891490331350056,0.3458424152962993,0.019428323256534652,-0.0003043885508111115,3.8856646513069306e-06,-0.00030827421546241845
2011-12-05,0.010891964825260114,0.2839930264758059,0.3521213222766203,0.00627890698032102,0.003835293056461029,1.255781396064204e-06,0.003834037275064965
2011-12-06,0.00031701537966966065,0.2793171705347431,0.3580159422657528,0.005894619989132488,0.00011349655986516893,1.1789239978264977e-06,0.00011231763586734242
2011-12-07,0.0037225957436817225,0.27839547518634283,0.359201240368815,0.0011852981030622267,0.001337161008522146,2.3705962061244535e-07,0.0013369239489015336
2011-12-08,-0.021936451120298295,0.2778772811461651,0.35987108981176263,0.0006698494429476232,-0.00789429457126421,1.3396988858952463e-07,-0.007894428541152798
2011-12-09,0.01694232696362974,0.2841866933937234,0.351881359418388,0.007989730393374639,0.005961689043672842,1.5979460786749278e-06,0.005960091097594167
2011-12-12,-0.014597668014028287,0.25938901733822733,0.3855213340417037,0.033639974623315694,-0.005627712446666092,6.727994924663139e-06,-0.005634440441590755
2011-12-13,-0.009338955801629356,0.26315205488298776,0.3800084329361047,0.0055129011055989885,-0.0035488819594367152,1.1025802211197977e-06,-0.003549984539657835
2011-12-14,-0.010645725001138473,0.25587196827140046,0.39082045866755966,0.010812025731454955,-0.004160567127793645,2.162405146290991e-06,-0.004162729532939936
2011-12-15,0.003614196112289747,0.25637802799624676,0.3900490255797738,0.0007714330877858777,0.0014097136718528224,1.5428661755717554e-07,0.0014095593852352652
2011-12-16,0.0014823538261383717,0.25601120842780695,0.39060789804521073,0.0005588724654369548,0.0005790191121871852,1.1177449308739096e-07,0.0005789073376940978
2011-12-19,-0.010691684518177258,0.25063578137812775,0.39898533022758065,0.008377432182369915,-0.0042658252781740645,1.6754864364739831e-06,-0.0042675007646105385
2011-12-20,0.03026020071203539,0.24726005596135678,0.4044324895551612,0.005447159327580553,0.012238208308407335,1.0894318655161107e-06,0.012237118876541818
2011-12-21,0.0019365995040119266,0.2689023593288037,0.3718821963838695,0.03255029317129171,0.0007201868770678675,6.510058634258343e-06,0.0007136768184336092
2011-12-22,0.008858872146694008,0.25865899728923386,0.3866094009796979,0.014727204595828436,0.003424923253989101,2.9454409191656874e-06,0.0034219778130699353
2011-12-23,0.008940686386524899,0.2586410098751876,0.3866362880668344,2.688708713649568e-05,0.0034567937972556657,5.377417427299136e-09,0.0034567884198382385
2011-12-27,0.0007912627314710097,0.24290659431034262,0.4116808779272492,0.0250445898604148,0.0003257477359630985,5.00891797208296e-06,0.0003207388179910155
2011-12-28,-0.013123691312719288,0.24222654500956112,0.41283666906140626,0.001155791134157036,-0.005417941007333145,2.311582268314072e-07,-0.005418172165559977
2011-12-29,0.010334016483072084,0.23211759265744197,0.43081611718927104,0.017979448127864783,0.004452060856207042,3.595889625572957e-06,0.004448464966581469
2011-12-30,-0.004916036047764583,0.2337430933081073,0.42782012757992166,0.002995989609349381,-0.0021031791691421375,5.991979218698763e-07,-0.0021037783670640074
2012-01-03,0.015936154286868787,0.18849548934836663,0.5305166736122036,0.1026965460322819,0.008454395562440487,2.053930920645638e-05,0.008433856253234031
2012-01-04,0.0015688256497794484,0.1958232104045501,0.5106646949225812,0.019851978689622407,0.0008011438718313422,3.970395737924482e-06,0.0007971734760934177
2012-01-05,0.002662495426395406,0.1956588792697276,0.5110935950018601,0.0004289000792789821,0.0013607843591524386,8.578001585579642e-08,0.0013606985791365827
2012-01-06,-0.002577196044756036,0.19270695107769487,0.5189226410399819,0.007829046038121734,-0.0013373653780225975,1.5658092076243469e-06,-0.0013389311872302218
2012-01-09,0.0024272998063972206,0.19310665486310089,0.5178485437018885,0.0010740973380933827,0.0012569736698706765,2.1481946761867656e-07,0.0012567588504030578
2012-01-10,0.00867062021686249,0.1929214408649507,0.5183457035758002,0.0004971598739117455,0.004494378736748145,9.943197478234912e-08,0.004494279304773363
2012-01-11,0.000542146263441845,0.17573328358664736,0.5690441671551298,0.05069846357932961,0.00030850516895653034,1.0139692715865923e-05,0.0002983654762406644
2012-01-12,0.002399230750345982,0.16752001210813444,0.5969436053732484,0.027899438218118577,0.0014322054542338946,5.579887643623716e-06,0.001426625566590271
2012-01-13,-0.0051733800374165195,0.15691322231980045,0.6372949234080019,0.04035131803475345,-0.0032969688347058465,8.07026360695069e-06,-0.003305039098312797
2012-01-17,0.0038810812911989068,0.15363611532239532,0.6508886259598309,0.013593702551829012,0.002526151668866863,2.7187405103658027e-06,0.002523432928356497
2012-01-18,0.011055597630395653,0.14598002362676643,0.6850252350669186,0.03413660910708771,0.00757336336556705,6.8273218214175425e-06,0.0075665360437456326
2012-01-19,0.005276802135802283,0.1484815126731981,0.6734845180362354,0.011540717030683156,0.0035538445432033786,2.3081434061366316e-06,0.003551536399797242
2012-01-20,0.003727237842310549,0.14838654731400627,0.6739155389092402,0.00043102087300472824,0.002511843499143627,8.620417460094565e-08,0.002511757294969026
2012-01-23,-0.002576887437017006,0.13878250688895,0.7205519070210866,0.04663636811184646,-0.0018567811569212837,9.327273622369292e-06,-0.001866108430543653
2012-01-24,-0.0011394459148577063,0.10413073570076306,0.9603312540436341,0.23977934702254744,-0.001094245524330197,4.795586940450949e-05,-0.0011422013937347065
2012-01-25,0.00836761011191789,0.10502609559257194,0.952144316474739,0.008186937568895103,0.007967172410539172,1.6373875137790208e-06,0.007965535023025393
2012-01-26,-0.00512983565368752,0.10467875395020113,0.9553036908289246,0.0031593743541856734,-0.004900550933313497,6.318748708371347e-07,-0.004901182808184334
2012-01-27,-0.000454889808547132,0.10548418792397893,0.9480093838525704,0.007294306976354248,-0.00043123980712158033,1.4588613952708495e-06,-0.00043269866851685117
2012-01-30,-0.0034137849268564002,0.10575919776892559,0.9455442373767914,0.002465146475779001,-0.0032278846652328205,4.930292951558002e-07,-0.0032283776945279765
2012-01-31,-0.0003807831724634836,0.09283645460881888,1.077163065105899,0.1316188277291076,-0.0004101655691915141,2.632376554582152e-05,-0.00043648933473733564
2012-02-01,0.008757460592175192,0.08870023122543455,1.1273927769798786,0.05022971187397962,0.009873097816304242,1.0045942374795924e-05,0.009863051873929446
2012-02-02,0.0015849861242362984,0.08802667352457168,1.1360192995602192,0.008626522580340579,0.0018005748266675863,1.7253045160681157e-06,0.0017988495221515181
2012-02-03,0.014018929192162188,0.07344497629652193,1.3615635138374416,0.22554421427722238,0.019087662491118634,4.510884285544448e-05,0.01904255364826319
2012-02-06,-0.0006690266778585086,0.08454409857598995,1.1828146693186157,0.1787488445188259,-0.0007913345687365438,3.574976890376518e-05,-0.000827084337640309
2012-02-07,0.002528825898192144,0.08524876539829096,1.1730375159427795,0.009777153375836178,0.002966407649867081,1.9554306751672356e-06,0.002964452219191914
2012-02-08,0.0029677347816257083,0.08334971993488718,1.199764079328881,0.026726563386101576,0.003560581587969466,5.345312677220315e-06,0.0035552362752922454
2012-02-09,0.0012573100349742017,0.0833578031473169,1.19964773811603,0.00011634121285108989,0.0015083291395673877,2.326824257021798e-08,0.0015083058713248176
2012-02-10,-0.007387912986947742,0.08047397708175158,1.2426377274533407,0.042989989337310686,-0.009180499404723765,8.597997867462138e-06,-0.009189097402591226
2012-02-13,0.00744290048812446,0.08702682257336884,1.149071022507963,0.09356670494537767,0.00855242127431419,1.8713340989075533e-05,0.008533707933325115
2012-02-14,-0.0012557311915458724,0.08913373959626862,1.1219096209016937,0.027161401606269342,-0.0014088169050616617,5.432280321253869e-06,-0.0014142491853829156
2012-02-15,-0.004660233555018101,0.08607476728844139,1.161780660584238,0.03987103968254435,-0.0054141692180257606,7.974207936508871e-06,-0.00542214342596227
2012-02-16,0.011072986781424987,0.08913821742926037,1.1218532620910833,0.03992739849315474,0.012422266341833067,7.98547969863095e-06,0.012414280862134435
2012-02-17,0.002646188927827531,0.0891607375840367,1.1215699052034755,0.00028335688760772193,0.0029678858649340102,5.667137752154439e-08,0.0029678291935564885
2012-02-21,0.0004399994960739839,0.08836817098811213,1.13162917011661,0.010059264913134358,0.000497916264593929,2.011852982626872e-06,0.000495904411611302
2012-02-22,-0.0032241405128301537,0.08818728693603033,1.1339502945876818,0.0023211244710719114,-0.0036560150843158324,4.642248942143823e-07,-0.0036564793092100467
2012-02-23,0.004410697453717027,0.08860291483700433,1.1286310409083264,0.0053192536793553735,0.004978050058320353,1.0638507358710747e-06,0.004976986207584482
2012-02-24,0.0021953049482261733,0.08853538459531173,1.12949190266798,0.0008608617596534973,0.0024795791629084116,1.7217235193069946e-07,0.002479406990556481
2012-02-27,0.001680092754717366,0.08533717281227213,1.171822275152983,0.04233037248500304,0.0019687701143009466,8.46607449700061e-06,0.001960304039803946
2012-02-28,0.002916383266629907,0.08179851406410377,1.2225160951167415,0.050693819963758546,0.003565325482984201,1.013876399275171e-05,0.0035551867189914494
2012-02-29,-0.003925818569543771,0.0814168805573956,1.2282465173730657,0.005730422256324141,-0.004821872985880647,1.1460844512648284e-06,-0.004823019070331912
2012-03-01,0.005181952808710255,0.08186745571679424,1.2214865983612835,0.0067599190117821895,0.006329685909180188,1.3519838023564379e-06,0.006328333925377832
2012-03-02,-0.0030498358507402568,0.08207978008829724,1.2183268509299747,0.003159747431308757,-0.0037156969078857172,6.319494862617515e-07,-0.003716328857371979
2012-03-05,-0.004077719618067355,0.08052397000371224,1.241866241758695,0.023539390828720252,-0.0050639823370350065,4.70787816574405e-06,-0.00506869021520075
2012-03-06,-0.014625271973041198,0.0829971184884616,1.2048611062792762,0.03700513547941875,-0.01762142136907371,7.40102709588375e-06,-0.017628822396169596
2012-03-07,0.006975935089981844,0.0875428475933824,1.1422977747363026,0.06256333154297367,0.007968595129991148,1.2512666308594733e-05,0.007956082463682554
2012-03-08,0.00994860833757727,0.09065924596331962,1.1030314551751248,0.039266319561177765,0.010973627931565234,7.853263912235553e-06,0.010965774667652998
2012-03-09,0.0038676963229942185,0.09626994144649886,1.0387458275912018,0.06428562758392298,0.0040175534179000775,1.2857125516784596e-05,0.004004696292383293
2012-03-12,7.273868872337275e-05,0.09657454706071837,1.035469521147513,0.0032763064436889255,7.531869518128877e-05,6.552612887377851e-07,7.466343389255098e-05
2012-03-13,0.01802560586777946,0.09659862144706237,1.0352114605983445,0.00025806054916843735,0.018660313778554063,5.161210983368747e-08,0.01866026216644423
2012-03-14,-0.0010707717591661448,0.1088231618701377,0.9189220224949293,0.11628943810341519,-0.0009839557505634071,2.3257887620683037e-05,-0.00100721363818409
2012-03-15,0.005789221818139012,0.10744823582019576,0.9306807062643666,0.01175868376943734,0.0053879170504266966,2.351736753887468e-06,0.005385565313672809
2012-03-16,0.0013852233583691032,0.10786186310308975,0.9271117438832323,0.003568962381134355,0.0012842568434453668,7.137924762268711e-07,0.00128354305096914
2012-03-19,0.0039196722934864425,0.10520611703886264,0.9505150728361211,0.02340332895288888,0.003725707595536992,4.680665790577776e-06,0.0037210269297464145
2012-03-20,-0.0029107488139420434,0.1004321899671914,0.9956966987642848,0.04518162592816366,-0.00289822298497415,9.036325185632732e-06,-0.002907259310159783
2012-03-21,-0.0016378465499437,0.10173444886840613,0.9829512137953424,0.012745484968942344,-0.0016099232542776739,2.549096993788469e-06,-0.0016124723512714624
2012-03-22,-0.007203326923263309,0.10229006287748804,0.9776120689237348,0.005339144871607693,-0.007042059336585484,1.0678289743215386e-06,-0.007043127165559806
2012-03-23,0.003232808120834152,0.10549235248305044,0.9479360128599569,0.029676056063777878,0.003064495240404816,5.935211212755576e-06,0.0030585600291920603
2012-03-26,0.01403517591035719,0.1051368338086301,0.9511414447007206,0.0032054318407637172,0.013349437492005888,6.410863681527434e-07,0.013348796405637735
2012-03-27,-0.0031074347207068476,0.11406901396304503,0.8766622637099066,0.07447918099081396,-0.0027241707565856263,1.4895836198162793e-05,-0.002739066592783789
2012-03-28,-0.004958429614304483,0.11534922561548382,0.8669325647087532,0.009729699001153391,-0.004298624102456819,1.9459398002306782e-06,-0.0043005700422570495
2012-03-29,-0.001708631785325987,0.1174295965088161,0.851574074790357,0.015358489918396279,-0.0014550265317463732,3.0716979836792558e-06,-0.0014580982297300524
2012-03-30,0.004135958695633546,0.11644968845918699,0.8587399530488892,0.00716587825853221,0.0035517129761004963,1.4331756517064422e-06,0.0035502798004487897
2012-04-02,0.007314698979427714,0.11607032111016992,0.8615466817317019,0.0028067286828127314,0.006301954633592214,5.613457365625463e-07,0.006301393287855651
2012-04-03,-0.004089082031723867,0.11674132005333049,0.8565947340180614,0.004951947713640492,-0.00350268613534254,9.903895427280986e-07,-0.0035036765248852683
2012-04-04,-0.009910542380466847,0.11674851146912532,0.8565419699286313,5.2764089430112904e-05,-0.00848879549362626,1.0552817886022582e-08,-0.008488806046444145
2012-04-05,-0.0005004662466310261,0.10930582079543812,0.9148643619551275,0.05832239202649625,-0.0004578587334041712,1.1664478405299251e-05,-0.00046952321180947047
2012-04-09,-0.011231052809085096,0.10808322957349877,0.9252129159593441,0.010348554004216526,-0.010391115118787004,2.0697108008433052e-06,-0.010393184829587848
2012-04-10,-0.01678483709966372,0.11240649822784861,0.8896282828533582,0.03558463310598592,-0.014932265806947174,7.1169266211971845e-06,-0.014939382733568372
2012-04-11,0.00809387869038325,0.12678316607070872,0.7887482470995292,0.10088003575382898,0.006384032629276021,2.0176007150765797e-05,0.006363856622125255
2012-04-12,0.013065811065859911,0.13011556731182347,0.7685475463543024,0.02020070074522673,0.010041697035795528,4.040140149045346e-06,0.010037656895646483
2012-04-13,-0.011888295935068904,0.12238123725900729,0.8171187204813128,0.0485711741270104,-0.009714149163166695,9.71423482540208e-06,-0.009723863397992097
2012-04-16,-0.0006563307290896603,0.1289167811397526,0.7756942045550665,0.0414245159262463,-0.0005091119428262509,8.284903185249259e-06,-0.0005173968460115002
2012-04-17,0.014812097001275282,0.12673614305300335,0.7890408970247595,0.013346692469693,0.011687350304703999,2.6693384939386e-06,0.011684680966210061
2012-04-18,-0.0033790082224923745,0.13798182787073318,0.7247331155352135,0.06430778148954608,-0.0024488791565060023,1.2861556297909216e-05,-0.0024617407128039114
2012-04-19,-0.006421469190053819,0.1374315679030395,0.7276348623960387,0.0029017468608252273,-0.004672484850485213,5.803493721650455e-07,-0.004673065199857378
2012-04-20,0.001670123817051783,0.13866686008686627,0.7211528402486085,0.006482022147430211,0.0012044145342337406,1.2964044294860422e-06,0.0012031181298042546
2012-04-23,-0.00840877585270483,0.13891670650646323,0.719855822347382,0.0012970179012264937,-0.006053106256383644,2.5940358024529875e-07,-0.00605336565996389
2012-04-24,0.0038014633328722347,0.139684345251936,0.7158998370192384,0.003955985328143563,0.002721466980437844,7.911970656287126e-07,0.0027206757833722153
2012-04-25,0.013691615903046461,0.13990463906725376,0.7147725812860921,0.0011272557331463151,0.009786391640998229,2.2545114662926302e-07,0.009786166189851599
2012-04-26,0.006968816602092698,0.1394509522946828,0.7170980072526401,0.002325425966547945,0.0049973244982697874,4.65085193309589e-07,0.004996859413076478
2012-04-27,0.0016415373975731118,0.1416859347398685,0.7057863589889657,0.011311648263674368,0.0011585747029773487,2.262329652734874e-06,0.001156312373324614
2012-04-30,-0.0037043991053894443,0.14079590121694677,0.7102479485245384,0.004461589535572741,-0.0026310418651189884,8.923179071145483e-07,-0.002631934183026103
2012-05-01,0.0062204649718577976,0.14127185337648906,0.7078550865578319,0.0023928619667065165,0.004403187771084362,4.785723933413033e-07,0.004402709198691021
2012-05-02,-0.002984229372105851,0.14223778254920857,0.7030480805295457,0.004807006028286209,-0.00209805673191891,9.61401205657242e-07,-0.002099018133124567
2012-05-03,-0.007625988087555213,0.1400349277520412,0.71410755591683,0.011059475387284246,-0.005445775714654913,2.211895077456849e-06,-0.00544798760973237
2012-05-04,-0.016157960234985058,0.14171078171193863,0.7056626093791095,0.008444946537720432,-0.011402068381663445,1.6889893075440866e-06,-0.011403757370970989
2012-05-07,0.0007302238301609698,0.1483547908981752,0.6740597954038169,0.03160281397529263,0.0004922145255572949,6.3205627950585265e-06,0.00048589396276223635
2012-05-08,-0.00401208811004472,0.14846213402616878,0.6735724274472131,0.000487367956603757,-0.002702431927414924,9.74735913207514e-08,-0.0027025294010062447
2012-05-09,-0.00593164240735522,0.14416622080161126,0.6936437637330531,0.020071336285840014,-0.004114446764556462,4.014267257168003e-06,-0.00411846103181363
2012-05-10,0.002063130214323472,0.13324513240514033,0.7504964586319268,0.05685269489887368,0.001548371919546294,1.1370538979774736e-05,0.0015370013805665191
2012-05-11,-0.0030144661598013878,0.13021984078196866,0.7679321323041185,0.017435673672191676,-0.0023149054258548873,3.4871347344383354e-06,-0.0023183925605893257
2012-05-14,-0.01106115589648693,0.12099596262257196,0.8264738577429597,0.058541725438841175,-0.009141756184865839,1.1708345087768235e-05,-0.009153464529953607
2012-05-15,-0.005741891134373955,0.12009517655149134,0.8326729088667817,0.006199051123822019,-0.004781117193255547,1.2398102247644038e-06,-0.004782357003480311
2012-05-16,-0.003824589915588983,0.12117977196632587,0.8252202358310146,0.007452673035767132,-0.0031561289920992606,1.4905346071534265e-06,-0.003157619526706414
2012-05-17,-0.014831024192230036,0.10628122761557524,0.9408999335395828,0.11567969770856823,-0.013954509676793184,2.3135939541713646e-05,-0.013977645616334898
2012-05-18,-0.008558553644854916,0.11497662762031419,0.869741982085513,0.07115795145406978,-0.007443733410861306,1.4231590290813957e-05,-0.00745796500115212
2012-05-21,0.01718815292542608,0.11607864869709489,0.8614848735959029,0.008257108489610143,0.014807333750307735,1.6514216979220286e-06,0.014805682328609814
2012-05-22,0.001742446945531828,0.134599558499058,0.7429444874494135,0.11854038614648932,0.0012945413528559402,2.3708077229297865e-05,0.0012708332756266422
2012-05-23,0.0005296865574988541,0.1331655837558912,0.7509447800214825,0.008000292572068912,0.0003977653554013133,1.6000585144137826e-06,0.00039616529688689953
2012-05-24,0.0019657215069432965,0.13197335956395642,0.7577286835040249,0.0067839034825424305,0.001489483569591692,1.356780696508486e-06,0.0014881267888951835
2012-05-25,-0.0032442739221859584,0.12043730032799162,0.83030755195995,0.0725788684559251,-0.0026937451382177285,1.451577369118502e-05,-0.0027082609119089135
2012-05-29,0.012112072082393954,0.11562922209043894,0.8648332851516151,0.034525733191665076,0.010474923089009927,6.905146638333015e-06,0.010468017942371594
2012-05-30,-0.014510009741397711,0.12591766753707678,0.7941697297605576,0.07066355539105751,-0.011523410515148878,1.4132711078211503e-05,-0.01153754322622709
2012-05-31,-0.002201212358667659,0.1328189875232919,0.7529043991730733,0.04126533058748427,-0.0016573024683550173,8.253066117496856e-06,-0.0016655555344725142
2012-06-01,-0.0251770975237805,0.12874829862684997,0.7767092929890211,0.02380489381594786,-0.019555285617211187,4.760978763189572e-06,-0.019560046595974375
2012-06-04,-0.0004676533057939025,0.14953684639160347,0.6687315027235657,0.1079777902654554,-0.00031273449793719967,2.1595558053091082e-05,-0.0003343300559902907
2012-06-05,0.00757197197255266,0.14956551159148906,0.6686033359958797,0.00012816672768600768,0.00506264572091601,2.5633345537201536e-08,0.005062620087570473
2012-06-06,0.02246839235401832,0.14768638517316754,0.6771104857278919,0.008507149732012165,0.015213584060354196,1.7014299464024331e-06,0.015211882630407793
2012-06-07,0.000606103935600899,0.17150036369274033,0.5830891424764544,0.09402134325143752,0.00035341262406113236,1.8804268650287503e-05,0.00033460835541084487
2012-06-08,0.007951878095044052,0.17148197863498368,0.5831516570779713,6.251460151696087e-05,0.004637150888006961,1.2502920303392174e-08,0.004637138385086658
2012-06-11,-0.012697470106909692,0.173730286130474,0.575604877119114,0.00754677995885733,-0.007308725720611376,1.5093559917714662e-06,-0.007310235076603148
2012-06-12,0.011490647345627547,0.1780528352011738,0.5616310455658544,0.013973831553259597,0.006453504282953309,2.7947663106519196e-06,0.006450709516642657
2012-06-13,-0.006394628318021622,0.18358507276035213,0.5447065956747899,0.016924449891064564,-0.0034831962217151654,3.384889978212913e-06,-0.0034865811116933784
2012-06-14,0.01060008229249898,0.18102124852650459,0.5524213362463817,0.007714740571591827,0.005855711624343896,1.5429481143183655e-06,0.005854168676229577
2012-06-15,0.010227161930332462,0.18407543138726573,0.5432555515223308,0.00916578472405083,0.005555962494970947,1.833156944810166e-06,0.005554129338026137
2012-06-18,0.0019384062214051756,0.18670766222264754,0.535596658485021,0.007658893037309822,0.0010382038949711878,1.5317786074619645e-06,0.0010366721163637257
2012-06-19,0.009672918498740968,0.1778690881996218,0.5622112364334515,0.026614577948430473,0.005438223469097165,5.322915589686095e-06,0.005432900553507479
2012-06-20,-0.0016214494371697974,0.17597982703472187,0.5682469501476973,0.006035713714245827,-0.0009213836974904377,1.2071427428491654e-06,-0.0009225908402332869
2012-06-21,-0.02243849058299774,0.16800853626967033,0.5952078520551486,0.026960901907451262,-0.013355565783265763,5.392180381490253e-06,-0.013360957963647254
2012-06-22,0.007701412968605936,0.18742094100743456,0.5335583071052515,0.06164954494989705,0.004109152865847813,1.232990898997941e-05,0.004096822956857833
2012-06-25,-0.016034846351945076,0.18912270980231544,0.528757229126672,0.004801077978579538,-0.008478540926526404,9.602155957159077e-07,-0.00847950114212212
2012-06-26,0.005026000692996302,0.19773707980158786,0.5057220431309161,0.023035185995755936,0.00254175933923949,4.607037199151187e-06,0.002537152302040339
2012-06-27,0.009016594061796335,0.19816370925163787,0.5046332669975165,0.0010887761333995272,0.004550073318594692,2.1775522667990544e-07,0.004549855563368012
2012-06-28,-0.0028534090152123603,0.19611389294500706,0.5099077811281904,0.005274514130673813,-0.0014549754595981094,1.0549028261347627e-06,-0.0014560303624242441
2012-06-29,0.024926812524474595,0.18918441755378923,0.5285847602726997,0.018676979144509387,0.013175933222611933,3.7353958289018774e-06,0.013172197826783031
2012-07-02,0.003012244299959388,0.20651585892460103,0.4842243134291688,0.044360446843530965,0.0014586019280287618,8.872089368706194e-06,0.0014497298386600555
2012-07-03,0.006592813230772654,0.1813700557171149,0.5513589308037222,0.06713461737455345,0.003635006453907444,1.342692347491069e-05,0.003621579530432533
2012-07-05,-0.004512101346516362,0.18116162011355397,0.5519932971305896,0.0006343663268674193,-0.00249064969925094,1.2687326537348386e-07,-0.0024907765725163135
2012-07-06,-0.009503484886074998,0.18269963782973997,0.5473464599486028,0.004646837181986885,-0.0052016988095682,9.29367436397377e-07,-0.0052026281770045976
2012-07-09,-0.001254387448573202,0.17327571715111506,0.5771149105260333,0.029768450577430494,-0.0007239257001483027,5.953690115486099e-06,-0.0007298793902637887
2012-07-10,-0.008720794621347672,0.1735241085016324,0.5762887985046715,0.0008261120213617357,-0.005025696254342451,1.6522240427234714e-07,-0.005025861476746723
2012-07-11,0.00014952093477993422,0.1752783971138307,0.5705209634879146,0.005767835016756928,8.530482777226171e-05,1.1535670033513856e-06,8.415126076891033e-05
2012-07-12,-0.004844928572376284,0.16844528569254383,0.5936645812844288,0.023143617796514193,-0.0028762624922727318,4.628723559302839e-06,-0.0028808912158320345
2012-07-13,0.016777638965264963,0.1654554674405486,0.604392236454392,0.010727655169963213,0.010140274736640842,2.145531033992643e-06,0.010138129205606848
2012-07-16,-0.002357368967007334,0.17259126743362693,0.5794035902683013,0.024988646186090646,-0.001365868043071126,4.997729237218129e-06,-0.0013708657723083442
2012-07-17,0.0068672474134612305,0.16990503959893108,0.5885640604660978,0.009160470197796422,0.004041815021892049,1.8320940395592845e-06,0.004039982927852489
2012-07-18,0.007406973074734813,0.167992637579292,0.5952641820555994,0.0067001215895016175,0.004409105768839867,1.3400243179003235e-06,0.004407765744521967
2012-07-19,0.0026207994312739125,0.1695063772854569,0.5899483051991324,0.00531587685646695,0.001546136182746895,1.0631753712933901e-06,0.0015450730073756015
2012-07-20,-0.009148644229019287,0.16674803517550918,0.5997072163084014,0.009758911109268964,-0.005486507963581078,1.951782221853793e-06,-0.005488459745802932
2012-07-23,-0.010112072049983434,0.17010734318850798,0.5878640987836894,0.01184311752471201,-0.005944524122499246,2.3686235049424023e-06,-0.005946892746004188
2012-07-24,-0.008587175542728698,0.15383476290073606,0.6500481303080133,0.062184031524323946,-0.00558207740617749,1.243680630486479e-05,-0.005594514212482355
2012-07-25,0.00022412465921028968,0.15522060910354143,0.6442443473037399,0.005803783004273422,0.00014439104478760622,1.1607566008546845e-06,0.00014323028818675153
2012-07-26,0.016497716524632944,0.14355706033152033,0.6965871254891066,0.0523427781853667,0.011492096931028196,1.0468555637073341e-05,0.011481628375391122
2012-07-27,0.01843226493899497,0.1528249473177789,0.6543434285769029,0.042243696912203754,0.012061031436619804,8.448739382440752e-06,0.012052582697237364
2012-07-30,0.0,0.16184849108213953,0.6178617998313567,0.03648162874554617,0.0,7.296325749109234e-06,-7.296325749109234e-06
2012-07-31,-0.006994233194411947,0.16107442697070046,0.6208310150821773,0.0029692152508206116,-0.004342236893808229,5.938430501641223e-07,-0.0043428307368583935
2012-08-01,-0.000871608039136218,0.14079897111362605,0.7102324627024377,0.08940144762026037,-0.0006190443241469587,1.7880289524052073e-05,-0.0006369246136710108
2012-08-02,-0.00690429397542669,0.1406023372330738,0.7112257304388327,0.000993267736395076,-0.004910511525837279,1.986535472790152e-07,-0.004910710179384558
2012-08-03,0.019833231490113512,0.1409006203309797,0.7097200833118908,0.0015056471269419003,0.014076042705507379,3.011294253883801e-07,0.01407574157608199
2012-08-06,0.0019376885162918356,0.1560076556224671,0.6409941845546119,0.06872589875727897,0.001242047070421321,1.3745179751455795e-05,0.0012283018906698651
2012-08-07,0.0050138260071610485,0.15133176917027202,0.6607997814886066,0.01980559693399475,0.003313135129953914,3.96111938679895e-06,0.003309174010567115
2012-08-08,0.0012112787142339876,0.15146562107907297,0.6602158251329837,0.0005839563556229166,0.0007997053757840117,1.1679127112458332e-07,0.0007995885845128872
2012-08-09,0.0008539451274829357,0.14662629316260367,0.6820059202417628,0.02179009510877905,0.000582395632504969,4.35801902175581e-06,0.0005780376134832131
2012-08-10,0.001635527676098647,0.14651969365092407,0.6825021094996626,0.0004961892578998484,0.0011162510890824074,9.923785157996967e-08,0.0011161518512308275
2012-08-13,-0.000496908462762069,0.144251882405579,0.6932318548110153,0.010729745311352734,-0.00034447277531183943,2.145949062270547e-06,-0.00034661872437411
2012-08-14,0.00014240965848433262,0.1349528841950314,0.7409993539336429,0.047767499122627566,0.0001055254649308012,9.553499824525513e-06,9.597196510627569e-05
2012-08-15,0.0011360751959632598,0.13426685914589806,0.7447854268441422,0.0037860729104992608,0.0008461322497525389,7.572145820998521e-07,0.0008453750351704391
2012-08-16,0.007378524278581988,0.13304895416375845,0.7516030518880942,0.0068176250439520025,0.005545721366212621,1.3635250087904006e-06,0.00554435784120383
2012-08-17,0.001338082098766069,0.13303337447584823,0.7516910729657141,8.80210776199597e-05,0.001005824368537681,1.760421552399194e-08,0.0010058067643221571
2012-08-20,7.046448822389806e-05,0.13298472824526064,0.7519660439172559,0.0002749709515417198,5.2986902446378684e-05,5.4994190308343965e-08,5.293190825607034e-05
2012-08-21,-0.0030240132896237615,0.12735639199887683,0.7851981233959731,0.0332320794787172,-0.0023744495601370607,6.646415895743441e-06,-0.0023810959760328042
2012-08-22,0.0004235591373089598,0.12108390245195234,0.8258736130484504,0.04067548965247736,0.00034980631506903535,8.135097930495472e-06,0.0003416712171385399
2012-08-23,-0.008179741841879862,0.11470735531344917,0.8717836770513987,0.04591006400294828,-0.007130965420245206,9.182012800589657e-06,-0.007140147433045796
2012-08-24,0.006043277980414485,0.12058641908222492,0.8292807827041655,0.0425028943472332,0.005011574293696973,8.500578869446641e-06,0.005003073714827526
2012-08-27,0.00021163813137614618,0.11012010268936753,0.9080994074450254,0.07881862474085988,0.0001921884616954508,1.5763724948171976e-05,0.0001764247367472788
2012-08-28,-0.000988970413147161,0.09219138181093602,1.0847000883995612,0.17660068095453585,-0.0010727362945652762,3.532013619090717e-05,-0.0011080564307561834
2012-08-29,0.0007781466269833892,0.09238843733568006,1.082386528918813,0.002313559480748184,0.000842255426570433,4.6271189614963683e-07,0.0008417927146742834
2012-08-30,-0.007208137682048976,0.08778515834454056,1.1391447242997323,0.05675819538091931,-0.008211112012532194,1.1351639076183863e-05,-0.008222463651608378
2012-08-31,0.0047689103600632166,0.09239403696163426,1.0823209298834302,0.05682379441630214,0.005161491495434344,1.136475888326043e-05,0.005150126736551084
2012-09-04,-0.0009207278918328399,0.08856510406885311,1.1291128831312283,0.04679195324779806,-0.0010396057245267154,9.358390649559612e-06,-0.001048964115176275
2012-09-05,-0.000850951188659077,0.058809545681389186,1.5,0.37088711686877174,-0.0012764267829886156,7.417742337375435e-05,-0.00135060420636237
2012-09-06,0.020296642493051076,0.05879018999198947,1.5,0.0,0.030444963739576614,0.0,0.030444963739576614
2012-09-07,0.0038949274810780032,0.08954774957757856,1.1167226476570051,0.38327735234299487,0.004349553729101458,7.665547046859898e-05,0.004272898258632859
2012-09-10,-0.0056815681384155825,0.09004363830175963,1.110572627739386,0.006150019917619209,-0.006309794057160565,1.230003983523842e-06,-0.006311024061144089
2012-09-11,0.002787645516193926,0.09324106390563301,1.0724888349751944,0.03808379276419149,0.0029897186919866483,7.616758552838299e-06,0.00298210193343381
2012-09-12,0.0033352805921560424,0.09342696567928067,1.0703547875383588,0.002134047436835651,0.003569933549597992,4.268094873671302e-07,0.0035695067401106248
2012-09-13,0.01523688600419959,0.09357371613850214,1.0686761638491098,0.0016786236892489814,0.01628329688397421,3.357247378497963e-07,0.01628296115923636
2012-09-14,0.004433706306819385,0.105251521772103,0.9501050276168557,0.11857113623225413,0.004212486653085659,2.3714227246450827e-05,0.004188772425839208
2012-09-17,-0.0033958698348327543,0.10555164437602291,0.9474035254605279,0.0027015021563278063,-0.003217259053525612,5.403004312655613e-07,-0.0032177993539568776
2012-09-18,-0.0008177725974392036,0.10536397306884446,0.9490910136300608,0.0016874881695329025,-0.0007761406234224614,3.374976339065805e-07,-0.000776478121056368
2012-09-19,0.0005457827255355152,0.10569281702185485,0.9461380897750346,0.0029529238550262127,0.0005163858253703843,5.905847710052425e-07,0.0005157952405993791
2012-09-20,6.816076206384025e-05,0.10562539090996292,0.9467420583109784,0.0006039685359437996,6.453066017236497e-05,1.2079370718875993e-07,6.44098664651762e-05
2012-09-21,-0.000417754562266337,0.10449037257684747,0.9570259683633052,0.010283910052326872,-0.00039980196449112984,2.0567820104653744e-06,-0.00040185874650159524
2012-09-24,-0.001508816441350147,0.104655939369398,0.9555119432547043,0.0015140251086008805,-0.0014416921298891266,3.028050217201761e-07,-0.001441994934910847
2012-09-25,-0.01064191040635798,0.0991973617579735,1.0080913265010496,0.05257938324634526,-0.010728017578050739,1.0515876649269051e-05,-0.010738533454700008
2012-09-26,-0.005620606257637828,0.10701858070816218,0.9344171763284571,0.07367415017259249,-0.005251991028515996,1.4734830034518499e-05,-0.005266725858550514
2012-09-27,0.009420964338079818,0.10953309082404375,0.912966111406845,0.021451064921612084,0.008601021177439293,4.290212984322417e-06,0.008596730964454971
2012-09-28,-0.004631835810771978,0.11319207366677148,0.8834540861438064,0.029512025263038644,-0.004092014273373715,5.902405052607729e-06,-0.004097916678426323
2012-10-01,0.002639254920050238,0.11507656144184042,0.8689866880541083,0.014467398089698102,0.0022934773919049667,2.893479617939621e-06,0.0022905839122870273
2012-10-02,0.0010391022981901532,0.1111064889616581,0.9000374409680891,0.03105075291398085,0.0009352309733671257,6.21015058279617e-06,0.0009290208227843295
2012-10-03,0.004083129741511149,0.11050243204597845,0.9049574579353281,0.004920016967238983,0.0036950587112980627,9.840033934477966e-07,0.003694074707904615
2012-10-04,0.007167999880502318,0.11054298213834585,0.9046254955818799,0.0003319623534482341,0.006484355444230265,6.639247068964683e-08,0.006484289051759576
2012-10-05,6.846056294174119e-05,0.11175956052929432,0.8947780353322711,0.009847460249608808,6.125700800675246e-05,1.969492049921762e-06,5.9287515956830696e-05
2012-10-08,-0.003421535927418229,0.0898849202171969,1.112533668143234,0.217755632810963,-0.0038065739160144645,4.35511265621926e-05,-0.0038501250425766573
2012-10-09,-0.009886972902766744,0.09053584784550629,1.104534859723672,0.007998808419562131,-0.010920506228249211,1.5997616839124264e-06,-0.010922105989933123
2012-10-10,-0.006380454359203314,0.09531632719987494,1.049138200534139,0.05539665918953296,-0.006693978405004767,1.1079331837906593e-05,-0.006705057736842674
2012-10-11,0.0005583085331259952,0.09780152563851503,1.0224789372878575,0.02665926324628143,0.0005708587156294102,5.331852649256286e-06,0.0005655268629801539
2012-10-12,-0.003278131133883866,0.09710127757469876,1.0298525673163392,0.007373630028481681,-0.0033759917642299216,1.4747260056963363e-06,-0.003377466490235618
2012-10-15,0.008327740992426502,0.08000405202472513,1.2499366903203248,0.2200841230039856,0.010409149013918479,4.401682460079712e-05,0.010365132189317682
2012-10-16,0.010133160745035008,0.08432696452133294,1.1858603065772884,0.06407638374303648,0.012016513107704158,1.2815276748607297e-05,0.01200369783095555
2012-10-17,0.004535252912710952,0.09171038457556072,1.0903890596774177,0.09547124689987063,0.004945190158890164,1.9094249379974127e-05,0.00492609590951019
2012-10-18,-0.002599196615564847,0.0930631127723572,1.0745396002883678,0.015849459389049914,-0.0027929396923599293,3.169891877809983e-06,-0.002796109584237739
2012-10-19,-0.01666451360301635,0.09352402370870601,1.06924398710073,0.0052956131876378265,-0.017818430967983554,1.0591226375275654e-06,-0.01781949009062108
2012-10-22,0.00013940256755784475,0.10986741943693012,0.9101879384488997,0.15905604865183032,0.00012688253557995819,3.181120973036607e-05,9.507132584959211e-05
2012-10-23,-0.013875975859056533,0.10990963519938061,0.9098383396377931,0.0003495988111065218,-0.012624894836458097,6.991976222130437e-08,-0.012624964756220318
2012-10-24,-0.002828598944897398,0.11891395825775852,0.840944170601398,0.06889416903639511,-0.002378693793680732,1.3778833807279024e-05,-0.0023924726274880113
2012-10-25,0.0029076325147687765,0.11423053985893104,0.8754226332423445,0.03447846264094645,0.0025454073125799424,6.895692528189291e-06,0.0025385116200517532
2012-10-26,-0.0005660217821928937,0.11370634346204335,0.8794584097533775,0.00403577651103304,-0.0004977926164531349,8.071553022066081e-07,-0.0004985997717553415
2012-10-31,0.0,0.10772489086524802,0.9282905668021423,0.04883215704876476,0.0,9.766431409752952e-06,-9.766431409752952e-06
2012-11-01,0.010470556974491618,0.10698928908189177,0.9346730019250616,0.006382435122919361,0.009786546919175472,1.2764870245838722e-06,0.009785270432150888
2012-11-02,-0.008892052759598812,0.11345372646051642,0.8814166190900877,0.053256382834973914,-0.00783760308013627,1.0651276566994783e-05,-0.007848254356703265
2012-11-05,0.0020489720658654065,0.11694107586408799,0.8551315203925663,0.02628509869752138,0.0017521405979253827,5.257019739504276e-06,0.0017468835781858784
2012-11-06,0.007825134310123438,0.1160462847593164,0.8617251315490463,0.006593611156479939,0.006743114892780075,1.3187222312959879e-06,0.0067417961705487795
2012-11-07,-0.022663661962985193,0.11665332991611622,0.8572408526349706,0.004484278914075657,-0.01942821690498018,8.968557828151314e-07,-0.019429113760762996
2012-11-08,-0.012024042267790858,0.13851567077513546,0.7219399757471391,0.13530087688783154,-0.008680636783191507,2.706017537756631e-05,-0.008707696958569072
2012-11-09,0.0008691826494013899,0.14269198326387764,0.7008102187147534,0.021129757032385732,0.0006091320826300568,4.225951406477146e-06,0.0006049061312235797
2012-11-12,0.0007962981066718111,0.14053404949384754,0.7115713263807851,0.010761107666031777,0.0005666228999589686,2.1522215332063554e-06,0.0005644706784257623
2012-11-13,-0.0034719270230579857,0.13991174819202848,0.7147362626242815,0.0031649362434963413,-0.002481512144564712,6.329872486992683e-07,-0.0024821451318134116
2012-11-14,-0.013498571542021942,0.13980450417206625,0.7152845367336926,0.0005482741094111621,-0.009655319492001772,1.0965482188223242e-07,-0.009655429146823654
2012-11-15,-0.0016918232457895366,0.1454891459260439,0.687336497602596,0.02794803913109667,-0.001162851864323636,5.589607826219334e-06,-0.0011684414721498553
2012-11-16,0.004937339093003867,0.1402838881588744,0.7128402364122381,0.025503738809642185,0.0035195339663042623,5.100747761928437e-06,0.003514433218542334
2012-11-19,0.02023892465458932,0.13530914508737835,0.7390483469201079,0.026208110507869753,0.014957543809414851,5.241622101573951e-06,0.014952302187313277
2012-11-20,0.00043129094378024924,0.15579879591986895,0.6418534842299577,0.09719486269015021,0.00027682559498217976,1.9438972538030044e-05,0.00025738662244414974
2012-11-21,0.0018680290382104836,0.15608172672378484,0.6406899904238521,0.0011634938061055866,0.0011968275066025524,2.3269876122111733e-07,0.0011965948078413312
2012-11-23,0.013624909457745638,0.1473514794317966,0.6786494467894786,0.037959456365626476,0.009246537266055812,7.591891273125296e-06,0.009238945374782686
2012-11-26,-0.0021220383560384137,0.1561369412994513,0.6404634237596112,0.0381860230298674,-0.0013590879508575792,7.63720460597348e-06,-0.0013667251554635527
2012-11-27,-0.005104970759752581,0.1487174723541098,0.6724159469432814,0.031952523183670256,-0.0034326637475367945,6.390504636734052e-06,-0.0034390542521735286
2012-11-28,0.008052336602727861,0.1494542606469532,0.6691010317613092,0.0033149151819722444,0.005387826728974567,6.629830363944489e-07,0.005387163745938173
2012-11-29,0.004665648261855226,0.1518418744430817,0.6585798572809719,0.010521174480337292,0.0030727019664158295,2.1042348960674586e-06,0.003070597731519762
2012-11-30,0.00021138092606087788,0.15265220380947328,0.6550838933502132,0.003495963930758683,0.00013847224002393343,6.991927861517366e-07,0.0001377730472377817
2012-12-03,-0.004924440993488655,0.15264867627842396,0.6550990315671309,1.513821691767614e-05,-0.0032259965258438976,3.027643383535228e-09,-0.003225999553487281
2012-12-04,-0.0014141707777939327,0.14901337881287324,0.6710806827994764,0.015981651232345517,-0.000949022691157019,3.196330246469104e-06,-0.0009522190214034881
2012-12-05,0.0017703709792318278,0.14587512625578475,0.6855178299873756,0.014437147187899235,0.0012136208719556278,2.887429437579847e-06,0.0012107334425180479
2012-12-06,0.003392126082885527,0.14582746141946007,0.685741896804736,0.0002240668173603133,0.0023261229742787405,4.4813363472062664e-08,0.0023260781609152686
2012-12-07,0.0030282140855635298,0.14359200548340031,0.6964176011286388,0.010675704323902857,0.002108901589172108,2.1351408647805715e-06,0.0021067664483073274
2012-12-10,0.0004214933337609583,0.11854553360697238,0.8435577196146544,0.1471401184860156,0.00035555395546017245,2.9428023697203122e-05,0.0003261259317629693
2012-12-11,0.006808690730740974,0.10884595432656348,0.9187295992644473,0.07517187964979288,0.006255345706569212,1.5034375929958577e-05,0.006240311330639253
2012-12-12,0.0004877388088866397,0.11032781074153257,0.9063897790401392,0.012339820224308129,0.00044208147121606203,2.467964044861626e-06,0.00043961350717120043
2012-12-13,-0.006131753104557713,0.11036871811415698,0.9060538321788574,0.0003359468612817995,-0.005555698398359122,6.71893722563599e-08,-0.005555765587731378
2012-12-14,-0.0037160902188723144,0.11233534277995094,0.8901917911612721,0.01586204101758526,-0.003308033008054829,3.1724082035170523e-06,-0.003311205416258346
2012-12-17,0.011752457401946304,0.10014232300439949,0.9985787926609888,0.1083870014997167,0.011735754723235242,2.167740029994334e-05,0.011714077322935298
2012-12-18,0.011128716562587293,0.10440778741444418,0.9577829630950078,0.040795829565981045,0.010658895124759347,8.15916591319621e-06,0.01065073595884615
2012-12-19,-0.007429267714136323,0.1081588621933341,0.924565939139133,0.03321702395587478,-0.006868847881236489,6.643404791174956e-06,-0.006875491286027664
2012-12-20,0.005752340058533978,0.09441299590162022,1.0591762187506635,0.1346102796115305,0.006092741792165989,2.69220559223061e-05,0.006065819736243682
2012-12-21,-0.0090773532127989,0.0952702825410224,1.0496452548772597,0.009530963873403797,-0.009528000726659214,1.9061927746807594e-06,-0.009529906919433895
2012-12-24,-0.0030809303316958747,0.10272313706578867,0.973490518849277,0.07615473602798273,-0.002999256467141092,1.5230947205596547e-05,-0.0030144874143466886
2012-12-26,-0.004215289327284766,0.09375576890748162,1.0666010333580669,0.09311051450878993,-0.004496031952385162,1.862210290175799e-05,-0.00451465405528692
2012-12-27,-0.001340445870060436,0.09482093874087884,1.0546193839450821,0.01198164941298474,-0.0014136601976948667,2.396329882596948e-06,-0.0014160565275774637
2012-12-28,-0.010807794278308802,0.09284863247959602,1.0770217862064424,0.022402402261360255,-0.011640229898575914,4.480480452272051e-06,-0.011644710379028186
2012-12-31,0.016995887899095008,0.09709567158714935,1.0299120276462976,0.047109758560144765,0.017504269367806115,9.421951712028953e-06,0.017494847416094087
2013-01-02,0.02563013336468889,0.11288015109453482,0.885895341478167,0.14401668616813068,0.022705615749242024,2.8803337233626138e-05,0.022676812412008397
2013-01-03,-0.0022588343133652655,0.14260960129539466,0.7012150590959498,0.18468028238221712,-0.0015839286365343839,3.693605647644343e-05,-0.0016208646930108274
2013-01-04,0.00439090715814916,0.1413503432108032,0.7074620247003203,0.006246965604370436,0.003106400068375334,1.2493931208740873e-06,0.00310515067525446
2013-01-07,-0.0027323360209497993,0.14111993121345526,0.7086171254487217,0.0011551007484014164,-0.001936180096925445,2.3102014968028329e-07,-0.0019364111170751253
2013-01-08,-0.002877573408331058,0.14209959542398576,0.7037317713792763,0.004885354069445347,-0.002025039831918717,9.770708138890693e-07,-0.002026016902732606
2013-01-09,0.002542122844849004,0.1429037168344968,0.6997718618880606,0.0039599094912157184,0.001778906036288161,7.919818982431438e-07,0.001778114054389918
2013-01-10,0.007950111279041439,0.14285063766019934,0.7000318769165826,0.0002600150285220204,0.005565331320363072,5.2003005704404084e-08,0.005565279317357367
2013-01-11,-6.851911255401077e-05,0.1444823148212042,0.6921262309767758,0.007905645939806805,-4.742387512188096e-05,1.581129187961361e-06,-4.900500430984232e-05
2013-01-14,-0.0006796203010239754,0.14349538835599626,0.6968865072646866,0.0047602762879107585,-0.00047361821784677315,9.520552575821517e-07,-0.0004745702731043553
2013-01-15,0.000680082498896617,0.1436628359313458,0.6960742446138849,0.0008122626508016983,0.0004733879116945859,1.6245253016033968e-07,0.0004732254591644256
2013-01-16,-0.0001356105098928584,0.14101033921608905,0.7091678564559483,0.013093611842063368,-9.617061461361655e-05,2.618722368412674e-06,-9.878933698202923e-05
2013-01-17,0.0064605351252724486,0.13977436677050786,0.7154387625607174,0.006270906104769103,0.00462211725550497,1.2541812209538206e-06,0.004620863074284016
2013-01-18,0.0022296785015085696,0.1362832739118159,0.7337657595803464,0.018326997019629032,0.001636061739279404,3.6653994039258067e-06,0.0016323963398754782
2013-01-22,0.00539317159410202,0.13198878421943996,0.757640132768732,0.02387437318838559,0.0040860832426000086,4.774874637677118e-06,0.004081308367962331
2013-01-23,0.0016091628809884462,0.12870005197217296,0.7770004632291961,0.019360330460464148,0.0012503203039392506,3.87206609209283e-06,0.0012464482378471578
2013-01-24,0.0002678808540568234,0.12795197674358136,0.7815432207069553,0.004542757477759118,0.00020936046544529959,9.085514955518237e-07,0.00020845191394974777
2013-01-25,0.005622641077532631,0.12194862342048862,0.8200174564922476,0.0384742357852923,0.004610663835167138,7.69484715705846e-06,0.004602968988010079
2013-01-28,-0.0011983069095395926,0.12093307582229755,0.8269036350894011,0.006886178597153569,-0.0009908843394510352,1.377235719430714e-06,-0.0009922615751704659
2013-01-29,0.003931418475016546,0.11922952109771058,0.8387184573026033,0.01181482221320218,0.0032973532383768307,2.362964442640436e-06,0.0032949902739341902
2013-01-30,-0.0039160229500421195,0.11834802483060972,0.8449655171104795,0.00624705980787621,-0.003308904356998845,1.249411961575242e-06,-0.0033101537689604202
2013-01-31,-0.002465746847557626,0.11035683388743324,0.9061514042891311,0.06118588717865159,-0.002234339968535841,1.2237177435730318e-05,-0.0022465771459715712
2013-02-01,0.010287500413930895,0.10009652549850824,0.9990356758336265,0.09288427154449541,0.010277579928670164,1.8576854308899085e-05,0.010259003074361265
2013-02-04,-0.011240511500919426,0.06214538047395807,1.5,0.5009643241663735,-0.01686076725137914,0.0001001928648332747,-0.016960960116212412
2013-02-05,0.010097871878962161,0.07562365712188386,1.322337530421577,0.17766246957842302,0.013352794962940314,3.553249391568461e-05,0.01331726246902463
2013-02-06,0.0007279857145365831,0.08101138871860221,1.2343943435824294,0.08794318683914759,0.0008986214482327714,1.758863736782952e-05,0.0008810328108649418
2013-02-07,-0.0013229710767863612,0.07960150651152387,1.2562576310728875,0.021863287490458072,-0.0016619925109015812,4.3726574980916145e-06,-0.0016663651683996728
2013-02-08,0.005564399350213467,0.07865728887933031,1.271337995813865,0.015080364740977625,0.007074232317808363,3.016072948195525e-06,0.007071216244860167
2013-02-11,-0.00019752036940678952,0.07972970106243443,1.2542377391041812,0.017100256709683848,-0.0002477375015517944,3.42005134193677e-06,-0.0002511575528937312
2013-02-12,0.0016470034620685858,0.07687779883674688,1.300765650332342,0.04652791122816069,0.0021423655294372625,9.305582245632138e-06,0.0021330599471916303
2013-02-13,0.0008551043365057076,0.07666420029443664,1.304389788401103,0.0036241380687611624,0.0011153893645555455,7.248276137522325e-07,0.0011146645369417933
2013-02-14,0.0009201676721917185,0.07627539672656192,1.311038739771986,0.0066489513708829495,0.0012063754653291526,1.3297902741765899e-06,0.001205045675054976
2013-02-15,-0.0011823185404100656,0.07624098843446724,1.3116304241773409,0.000591684405354842,-0.0015507649686707888,1.183368810709684e-07,-0.0015508833055518597
2013-02-19,0.007495217948253252,0.07663907198107013,1.304817469928394,0.00681295424894679,0.009779891319801698,1.362590849789358e-06,0.009778528728951909
2013-02-20,-0.012463769842152916,0.07754042826932872,1.2896498282503712,0.01516764167802287,-0.016073898636284664,3.0335283356045742e-06,-0.016076932164620267
2013-02-21,-0.006079153736602172,0.09163534353731079,1.0912819894573038,0.1983678387930674,-0.006634070983896021,3.9673567758613484e-05,-0.006673744551654634
2013-02-22,0.009773108304459655,0.09326583099237203,1.072204031594151,0.019077957863152806,0.010478766125247918,3.815591572630562e-06,0.010474950533675288
2013-02-25,-0.019026999538907297,0.09869950153735814,1.013176342761464,0.05902768883268705,-0.019277705806554156,1.1805537766537411e-05,-0.019289511344320692
2013-02-26,0.006845698183455706,0.12031348497452497,0.8311620266105157,0.1820143161509482,0.005689884375724971,3.640286323018964e-05,0.005653481512494781
2013-02-27,0.012598218156037566,0.1211188131414248,0.8256355673105438,0.005526459299971975,0.010401536994362068,1.1052918599943951e-06,0.010400431702502074
2013-02-28,-0.001975164981802169,0.12865834693693934,0.7772523305387566,0.04838323677178713,-0.0015352015853042765,9.676647354357426e-06,-0.001544878232658634
2013-03-01,0.0032978652082824578,0.1283647833246765,0.7790298663697139,0.0017775358309572997,0.002569135492513612,3.5550716619145997e-07,0.0025687799853474206
2013-03-04,0.005324962884861506,0.12778893004114913,0.7825403966352887,0.003510530265574796,0.004166998567987714,7.021060531149593e-07,0.004166296461934599
2013-03-05,0.00895914822660604,0.12822605199182893,0.7798727204544393,0.0026676761808493987,0.006986995300437818,5.335352361698797e-07,0.006986461765201648
2013-03-06,0.0013615125204855527,0.12709724424161808,0.7867991206000904,0.006926400145651046,0.0010712368538040454,1.3852800291302093e-06,0.0010698515737749153
2013-03-07,0.0018120319518546424,0.11907133015009008,0.8398327277771185,0.0530336071770281,0.0015218037369453805,1.060672143540562e-05,0.001511197015509975
2013-03-08,0.0042642063816054065,0.11499428734969436,0.869608415380695,0.029775687603576517,0.0037081897543641247,5.955137520715304e-06,0.0037022346168434092
2013-03-11,0.003795908821549565,0.11546778094559107,0.8660424508124951,0.0035659645681999086,0.0032874181788755553,7.131929136399817e-07,0.0032867049859619155
2013-03-12,-0.002242937023453573,0.11533299587642493,0.8670545600596931,0.0010121092471979676,-0.0019447487741121351,2.0242184943959352e-07,-0.0019449511959615748
2013-03-13,0.0014127932769454343,0.1151220287503875,0.8686434827935866,0.0015889227338935497,0.0012272136725532462,3.1778454677870995e-07,0.0012268958880064674
2013-03-14,0.005323437972091005,0.11500592323145546,0.8695204315585099,0.0008769487649232799,0.004628838082867529,1.7538975298465599e-07,0.0046286626931145445
2013-03-15,-0.001320149775120294,0.11584600303796472,0.863214935151697,0.006305496406812883,-0.001139573002520992,1.2610992813625766e-06,-0.0011408341018023546
2013-03-18,-0.005518482989833151,0.11623813102632026,0.8603028895686271,0.0029120455830699,-0.004747566862188777,5.8240911661398e-07,-0.004748149271305391
2013-03-19,-0.002323267527684303,0.1186706419825482,0.8426683999460126,0.01763448962261449,-0.0019577441302002603,3.526897924522898e-06,-0.001961271028124783
2013-03-20,0.006985352522813626,0.11900874152462704,0.8402744094164422,0.0023939905295704555,0.005869612965672874,4.787981059140912e-07,0.00586913416756696
2013-03-21,-0.008542325459215072,0.11867155441997504,0.8426619208686105,0.0023875114521683116,-0.007198292380147008,4.775022904336624e-07,-0.0071987698824374415
2013-03-22,0.008033107718122157,0.11374487356889922,0.8791605007097444,0.036498579841133916,0.0070623910037195875,7.299715968226784e-06,0.00705509128775136
2013-03-25,-0.004177218769055302,0.11290314576394779,0.8857149136400058,0.006554412930261377,-0.003699824961289228,1.3108825860522754e-06,-0.0037011358438752803
2013-03-26,0.008001963887215302,0.11089140887503,0.9017831138992547,0.016068200259248933,0.007216035911522399,3.213640051849787e-06,0.00721282227147055
2013-03-27,0.0,0.08542013018540602,1.1706842378131255,0.2689011239138708,0.0,5.378022478277416e-05,-5.378022478277416e-05
2013-03-28,0.003073699404886332,0.08428811475484474,1.1864068889291675,0.015722651116041986,0.0036466581484546267,3.1445302232083974e-06,0.0036435136182314184
2013-04-01,-0.003957668067348763,0.07539510154809295,1.3263461146240663,0.1399392256948988,-0.0052492376640997694,2.7987845138979763e-05,-0.005277225509238749
2013-04-02,0.00493468644128825,0.07690791703494351,1.3002562526113466,0.026089862012719678,0.006416356899961481,5.217972402543936e-06,0.006411138927558937
2013-04-03,-0.010138791465279073,0.07756985303476928,1.2891606221707912,0.011095630440555393,-0.013070530713439077,2.219126088111079e-06,-0.013072749839527189
2013-04-04,0.004058336882873714,0.08639878981377304,1.157423619191235,0.13173700297955615,0.00469721496287297,2.634740059591123e-05,0.004670867562277059
2013-04-05,-0.00449180754614098,0.08223490941321131,1.2160285785386258,0.05860495934739074,-0.005462166345402889,1.1720991869478149e-05,-0.0054738873372723665
2013-04-08,0.0067674034841795905,0.08412548791923424,1.1887003864513248,0.027328192087300973,0.008044415136916321,5.465638417460195e-06,0.00803894949849886
2013-04-09,0.003456595764430359,0.08685981901651495,1.1512803173235564,0.03742006912776841,0.0039795106685326445,7.484013825553682e-06,0.003972026654707091
2013-04-10,0.012249104688423218,0.08648224539625671,1.1563067025122407,0.005026385188684257,0.014163721850997879,1.0052770377368515e-06,0.014162716573960142
2013-04-11,0.0032770817365610494,0.094931915197238,1.0533865222484151,0.10292018026382554,0.0034520337335998408,2.058403605276511e-05,0.0034314496975470757
2013-04-12,-0.002449678018627943,0.09446026380341967,1.0586462071301117,0.005259684881696591,-0.002593342343110479,1.0519369763393184e-06,-0.002594394280086818
2013-04-15,-0.023173395631934546,0.0953408509586015,1.0488683391699702,0.009777867960141462,-0.02430584098939583,1.9555735920282925e-06,-0.02430779656298786
2013-04-16,0.014762213965841875,0.12572434412639488,0.79539090615153,0.2534774330184403,0.01174173074309374,5.069548660368806e-05,0.011691035256490052
2013-04-17,-0.014611686420419101,0.135929097190427,0.7356776589188047,0.05971324723272531,-0.010749491258629612,1.1942649446545062e-05,-0.010761433908076157
2013-04-18,-0.006253467759807729,0.14440100609399326,0.692515950580761,0.04316170833804367,-0.004330626170109392,8.632341667608734e-06,-0.0043392585117770005
2013-04-19,0.008693378956389886,0.14586049387902847,0.6855865995005918,0.006929351080169233,0.005960064116881345,1.3858702160338467e-06,0.005958678246665311
2013-04-22,0.0044380730255404455,0.1470219688667994,0.6801704586788598,0.0054161408217319185,0.00301864616543212,1.0832281643463837e-06,0.003017562937267774
2013-04-23,0.010309237941964255,0.14439775130418614,0.6925315601995872,0.012361101520727336,0.007139472636417287,2.472220304145467e-06,0.0071370004161131415
2013-04-24,0.000633835107336056,0.14608054884649313,0.6845538354670595,0.007977724732527669,0.00043389425378057245,1.5955449465055338e-06,0.0004322987088340669
2013-04-25,0.004053163351479316,0.14500200589028192,0.6896456320450256,0.005091796577966101,0.0027952464013126874,1.0183593155932203e-06,0.0027942280419970943
2013-04-26,-0.0017662251154157982,0.14321033913991543,0.6982736065047702,0.008627974459744614,-0.0012333083812406933,1.7255948919489228e-06,-0.0012350339761326423
2013-04-29,0.006698664425598633,0.14345648761262478,0.6970754802670882,0.0011981262376820068,0.004669474721622225,2.3962524753640135e-07,0.004669235096374689
2013-04-30,0.002385964651050232,0.14476850421791954,0.6907579831692559,0.006317497097832359,0.0016481241302725956,1.2634994195664719e-06,0.001646860630853029
2013-05-01,-0.008767505256196517,0.14378809386121608,0.6954678743882631,0.004709891219007223,-0.006097518244214915,9.419782438014446e-07,-0.006098460222458716
2013-05-02,0.009287083449480482,0.1470236886004584,0.6801625027362307,0.015305371652032385,0.006316725922118871,3.061074330406477e-06,0.0063136648477884645
2013-05-03,0.010140835086178246,0.1447236143127494,0.690972240258586,0.010809737522355256,0.007007035537589453,2.1619475044710515e-06,0.007004873590084982
2013-05-06,0.0025410526520428522,0.14763201446366192,0.6773598556064814,0.01361238465210457,0.001721207057476213,2.722476930420914e-06,0.0017184845805457922
2013-05-07,0.005068514693206128,0.14591743872594481,0.6853190466686798,0.007959191062198445,0.0034735496575742197,1.5918382124396892e-06,0.00347195781936178
2013-05-08,0.004550846947169118,0.14534029368788356,0.6880404426232187,0.0027213959545389077,0.0031311667478407636,5.442791909077815e-07,0.003130622468649856
2013-05-09,-0.002816301334873872,0.14553241624437074,0.6871321357853705,0.0009083068378482606,-0.0019351711512470735,1.8166136756965214e-07,-0.001935352812614643
2013-05-10,0.00325374221459529,0.1414688663268129,0.7068693105166051,0.019737174731234597,0.002299970515829744,3.9474349462469194e-06,0.0022960230808834973
2013-05-13,0.0007959013480338673,0.14146474998813094,0.7068898789867449,2.0568470139870065e-05,0.0005626146075970476,4.113694027974013e-09,0.0005626104939030196
2013-05-14,0.01033381036960268,0.14083058169035034,0.7100730452131049,0.003183166226359946,0.007337760197798537,6.366332452719892e-07,0.0073371235645532645
2013-05-15,0.0053864112765700245,0.11190886971083709,0.8935842195385533,0.1835111743254484,0.004813212116687488,3.670223486508968e-05,0.004776509881822398
2013-05-16,-0.004695200057852289,0.10395974318262861,0.96191080257218,0.06832658303362671,-0.004516363655885642,1.3665316606725343e-05,-0.004530028972492367
2013-05-17,0.009676963292513774,0.08768955420287991,1.140386684697227,0.17847588212504706,0.011035480087086545,3.569517642500941e-05,0.010999784910661536
2013-05-20,-5.981398538068561e-05,0.08364038036066403,1.1955947542179026,0.055208069520675584,-7.151328715001403e-05,1.1041613904135118e-05,-8.255490105414915e-05
2013-05-21,0.001437455007910371,0.08270414264336651,1.209129274590464,0.01353452037256142,0.0017380689309710966,2.7069040745122843e-06,0.0017353620268965844
2013-05-22,-0.007417487290993452,0.08288366458825265,1.2065103599940645,0.002618914596399513,-0.008949275261707908,5.237829192799026e-07,-0.008949799044627189
2013-05-23,-0.0028928129398071434,0.08655234100395118,1.1553702515733795,0.05114010842068506,-0.003342270014019707,1.0228021684137012e-05,-0.0033524980357038437
2013-05-24,-0.0008456309587413502,0.08831125602851253,1.1323584840387007,0.023011767534678818,-0.0009575573904965483,4.602353506935764e-06,-0.0009621597440034841
2013-05-28,0.005987838945114676,0.08867882156344152,1.127664962580262,0.00469352145843871,0.006752276179979377,9.38704291687742e-07,0.0067513374756876885
2013-05-29,-0.006493861285233549,0.0885819015669403,1.1288987731250177,0.0012338105447557979,-0.007330912037744204,2.467621089511596e-07,-0.007331158799853155
2013-05-30,0.0036923101860106833,0.0921988743545624,1.0846119402221486,0.044286832902869167,0.004004723714751049,8.857366580573834e-06,0.003995866348170475
2013-05-31,-0.01435281521083498,0.09242227974923722,1.0819901897174888,0.0026217505046597367,-0.0155296052529514,5.243501009319473e-07,-0.015530129603052332
2013-06-03,0.005507334100601113,0.1020100048628316,0.9802960026760673,0.10169418704142152,0.005398817604220866,2.0338837408284304e-05,0.005378478766812582
2013-06-04,-0.004807334178803968,0.09920007673276078,1.0080637363758718,0.027767733699804453,-0.004846099254292561,5.553546739960891e-06,-0.004851652801032522
2013-06-05,-0.014001163225739854,0.09601369948975676,1.0415180388989025,0.03345430252303072,-0.014582464065176005,6.690860504606145e-06,-0.014589154925680612
2013-06-06,0.00905328014009843,0.10824992546299161,0.9237881649552536,0.11772987394364887,0.00836331304744737,2.3545974788729776e-05,0.00833976707265864
2013-06-07,0.012720391312019297,0.11149177573193443,0.8969271441190002,0.026861020836253413,0.01140926425156561,5.372204167250683e-06,0.011403892047398358
2013-06-10,0.0,0.11897700337389717,0.8404985599253998,0.05642858419360042,0.0,1.1285716838720084e-05,-1.1285716838720084e-05
2013-06-11,-0.010315509258480016,0.11840122456349697,0.8445858593833323,0.004087299457932514,-0.008712333252050066,8.174598915865029e-07,-0.008713150711941653
2013-06-12,-0.008276731102881185,0.12375657186092898,0.8080378964631847,0.036547962920147614,-0.0066879123899635275,7.309592584029523e-06,-0.006695221982547557
2013-06-13,0.01520836193815267,0.12691505072530643,0.7879286138918143,0.020109282571370346,0.01198310354149366,4.021856514274069e-06,0.011979081684979387
2013-06-14,-0.006272234525632192,0.13312615217034604,0.7511672077176965,0.03676140617411783,-0.0047114968947696645,7.352281234823566e-06,-0.004718849176004488
2013-06-17,0.0077215890561137535,0.1330201680515491,0.7517657018839967,0.0005984941663002008,0.0058048258164291435,1.1969883326004017e-07,0.005804706117595883
2013-06-18,0.007905199952491504,0.13539139590592847,0.7385993720714806,0.013166329812516087,0.005838775721009723,2.6332659625032174e-06,0.00583614245504722
2013-06-19,-0.013817236499608754,0.13388944058137023,0.7468848892473026,0.008285517175821933,-0.010319885152714071,1.6571034351643865e-06,-0.010321542256149235
2013-06-20,-0.024777561422960837,0.14181320200880182,0.7051529658980084,0.04173192334929421,-0.01747197092512091,8.346384669858842e-06,-0.017480317309790768
2013-06-21,0.003210230206405651,0.16361781772174383,0.6111803799392113,0.0939725859587971,0.001962029717243338,1.879451719175942e-05,0.0019432352000515788
2013-06-24,-0.012636067429681819,0.16350023431509628,0.6116199185823847,0.000439538643173476,-0.007728470532543517,8.790772863469521e-08,-0.007728558440272152
2013-06-25,0.009614176577709133,0.16781733798505793,0.5958859865176969,0.015733932064687872,0.005728953094563541,3.1467864129375748e-06,0.005725806308150604
2013-06-26,0.009900862970772417,0.17269882050765298,0.579042750298162,0.016843236219534874,0.005733022924921291,3.368647243906975e-06,0.005729654277677384
2013-06-27,0.005869979961672378,0.17539677947932905,0.5701358958633859,0.008906854434776124,0.0033466862841482047,1.7813708869552247e-06,0.0033449049132612493
2013-06-28,-0.0040976823783474,0.17617681933918236,0.567611564194925,0.0025243316684608885,-0.0023258919043477482,5.048663336921777e-07,-0.00232639677068144
2013-07-01,0.005859498480829117,0.17568555166668845,0.5691987704812547,0.0015872062863296899,0.003335219330924713,3.17441257265938e-07,0.003334901889667447
2013-07-02,-0.0009291291115643974,0.17059739752628225,0.5861754132831598,0.01697664280190514,-0.0005446326409646757,3.395328560381028e-06,-0.0005480279695250568
2013-07-03,0.00043389452798336947,0.16928572550600404,0.5907172604252052,0.004541847142045419,0.00025630898688382354,9.083694284090838e-07,0.00025540061745541446
2013-07-05,0.010788976260712735,0.16862171285736885,0.5930434361355733,0.0023261757103680836,0.0063983315540382096,4.6523514207361675e-07,0.006397866318896136
2013-07-08,0.005704530264522001,0.16519098462663423,0.605359912503825,0.012316476368251728,0.00345329394180646,2.4632952736503454e-06,0.0034508306465328097
2013-07-09,0.007197109410779667,0.16348581866134348,0.6116738492599615,0.006313936756136451,0.004402283616836693,1.2627873512272902e-06,0.004401020829485466
2013-07-10,0.00036378893143651503,0.15942004837756163,0.6272736774183227,0.01559982815836125,0.00022819522082626485,3.1199656316722504e-06,0.0002250752551945926
2013-07-11,0.01362070923756975,0.15941367562221295,0.6272987534456288,2.5076027306059068e-05,0.008544253925772865,5.0152054612118135e-09,0.008544248910567404
2013-07-12,0.0004177504863622783,0.16067718901052908,0.6223658791631403,0.004932874282488453,0.0002599936487156888,9.865748564976906e-07,0.00025900707385919107
2013-07-15,0.003820775362377349,0.1567507583290631,0.6379554463785905,0.015589567215450129,0.002437484451817762,3.117913443090026e-06,0.002434366538374672
2013-07-16,-0.0037465957784370563,0.14942159380365322,0.6692473119474589,0.03129186556886843,-0.0025073991536726974,6.258373113773685e-06,-0.002513657526786471
2013-07-17,0.002567098385976685,0.14803222044872216,0.6755286092235552,0.006281297276096276,0.0017341484024188632,1.2562594552192553e-06,0.001732892142963644
2013-07-18,0.005477484712191227,0.146389692015762,0.6831082067529239,0.0075795975293687645,0.003741714759261505,1.515919505873753e-06,0.003740198839755631
2013-07-19,0.0017766314427820618,0.14524629193529043,0.6884857345931531,0.005377527840229157,0.0012231854039851011,1.0755055680458315e-06,0.0012221098984170552
2013-07-22,0.001950412505496102,0.1346103358755077,0.7428850047033794,0.05439927011022627,0.0014489322033190016,1.0879854022045255e-05,0.0014380523492969564
2013-07-23,-0.002123427790601151,0.09331031453438536,1.0716928830322339,0.3288078783288545,-0.0022756624508201142,6.576157566577091e-05,-0.002341424026485885
2013-07-24,-0.0036653777113174746,0.09511354812504398,1.051374929978765,0.02031795305346895,-0.0038536862345821352,4.06359061069379e-06,-0.003857749825192829
2013-07-25,0.002432400724864836,0.08056141640968659,1.2412889998291559,0.18991406985039094,0.003019312262951186,3.798281397007819e-05,0.002981329448981108
2013-07-26,0.0010655777498354002,0.0773257530310912,1.2932302121880654,0.05194121235890958,0.001378037339522516,1.0388242471781917e-05,0.001367649097050734
2013-07-29,-0.003074958989107257,0.07339017578715647,1.3625801945210811,0.0693499823330157,-0.004189878217522113,1.386999646660314e-05,-0.004203748213988717
2013-07-30,0.0,0.07490758480063235,1.3349782971397555,0.02760189738132568,0.0,5.520379476265136e-06,-5.520379476265136e-06
2013-07-31,0.0007119683022862588,0.0718616890915771,1.3915620585060948,0.05658376136633936,0.0009907480763205558,1.1316752273267872e-05,0.000979431324047288
2013-08-01,0.011558321198368748,0.07092566334003735,1.4099268909276492,0.0183648324215544,0.016296387871559192,3.6729664843108804e-06,0.01629271490507488
2013-08-02,0.0016995713552372393,0.07705929602101734,1.297701966713085,0.11222492421456431,0.0022055370902605885,2.2444984842912863e-05,0.0021830921054176756
2013-08-05,-0.0014627155574230555,0.07670856755539543,1.3036353459186234,0.0059333792055384915,-0.001906847701681757,1.1866758411076983e-06,-0.0019080343775228646
2013-08-06,-0.005682191867556585,0.07221587109406657,1.3847371565973707,0.08110181067874733,-0.00786834220992101,1.622036213574947e-05,-0.007884562572056759
2013-08-07,-0.0032407459309899966,0.07593850584168725,1.3168549853808678,0.06788217121650297,-0.004267592435576939,1.3576434243300596e-05,-0.004281168869820239
2013-08-08,0.003665073924021378,0.07495431977045716,1.3341459212256699,0.017290935844802124,0.004889743426723683,3.458187168960425e-06,0.004886285239554722
2013-08-09,-0.002886186747208752,0.0753808419697372,1.3265970157264435,0.007548905499226377,-0.0038288067256763416,1.5097810998452754e-06,-0.003830316506776187
2013-08-12,-0.0011813053677185437,0.06193687343694182,1.5,0.1734029842735565,-0.0017719580515778155,3.46805968547113e-05,-0.0018066386484325268
2013-08-13,0.002956812511554441,0.062222458890321505,1.5,0.0,0.004435218767331661,0.0,0.004435218767331661
2013-08-14,-0.005129381096265706,0.061704319985780194,1.5,0.0,-0.007694071644398559,0.0,-0.007694071644398559
2013-08-15,-0.013986285258062003,0.06305173650761249,1.5,0.0,-0.020979427887093005,0.0,-0.020979427887093005
2013-08-16,-0.0033054270899547378,0.07962497025444214,1.2558874393352903,0.24411256066470965,-0.004151244363912756,4.882251213294193e-05,-0.0042000668760456975
2013-08-19,-0.006391926470756926,0.07718269749986956,1.2956271708457587,0.03973973151046839,-0.008281553609560911,7.947946302093679e-06,-0.008289501555863004
2013-08-20,0.004915583954397507,0.07884471236231287,1.2683158705744635,0.027311300271295247,0.006234513142503537,5.462260054259049e-06,0.0062290508824492784
2013-08-21,-0.006159903283933343,0.08099733182476014,1.2346085697779852,0.03370730079647832,-0.007605069383347659,6.741460159295665e-06,-0.0076118108435069545
2013-08-22,0.00911488897404511,0.08282552963536148,1.2073572054443715,0.027251364333613637,0.011004926879638818,5.450272866722727e-06,0.010999476606772095
2013-08-23,0.0033726424418054624,0.0897561178736527,1.1141301826441217,0.09322702280024986,0.0037575627396820364,1.8645404560049972e-05,0.0037389173351219866
2013-08-26,-0.0037213847031971614,0.09022543222804065,1.1083349509177698,0.005795231726351879,-0.004124540732364165,1.159046345270376e-06,-0.0041256997787094355
2013-08-27,-0.016084445459289,0.09060827245975085,1.1036519876749782,0.004682963242791605,-0.017751630201794082,9.36592648558321e-07,-0.01775256679444264
2013-08-28,0.0035512262227335167,0.1047108126455966,0.9550112111006074,0.1486407765743708,0.003391460855864971,2.9728155314874162e-05,0.0033617327005500968
2013-08-29,0.0015862556704229203,0.10606038146020963,0.9428591395130586,0.01215207158754883,0.0014956156564626644,2.430414317509766e-06,0.0014931852421451546
2013-08-30,-0.0031672550842291036,0.10631420223241948,0.9406081022118227,0.002251037301235881,-0.0029791457939974835,4.502074602471762e-07,-0.002979596001457731
2013-09-03,0.004522033679157156,0.09561343269977897,1.045878148878878,0.1052700466670553,0.004729496213524828,2.1054009333411064e-05,0.0047084422041914166
2013-09-04,0.00827261704608917,0.0974632859569333,1.0260273806506752,0.019850768228202753,0.008487931598924997,3.970153645640551e-06,0.008483961445279357
2013-09-05,0.001267292824199684,0.1035849592867555,0.9653911213419392,0.06063625930873606,0.0012234332406227259,1.2127251861747213e-05,0.0012113059887609787
2013-09-06,0.00048144101636671266,0.10274216281078839,0.9733102483365238,0.007919126994584635,0.0004685914751992735,1.5838253989169271e-06,0.0004670076498003566
2013-09-09,0.009576512858454622,0.10255061173058581,0.9751282641074184,0.0018180157708945766,0.009338328359867226,3.6360315417891533e-07,0.009337964756713047
2013-09-10,0.007397017945180995,0.10775814734619393,0.9280040763760593,0.04712418773135907,0.006864462806154825,9.424837546271815e-06,0.006855037968608553
2013-09-11,0.003138711792902482,0.11084132775977719,0.9021905639449462,0.025813512431113073,0.0028317161624993436,5.162702486222615e-06,0.002826553460013121
2013-09-12,-0.0026564403429817363,0.11131981924677817,0.8983126336049474,0.0038779303399988363,-0.002386313920518353,7.755860679997673e-07,-0.002387089506586353
2013-09-13,0.00224893584383401,0.11120619994044931,0.8992304390721902,0.0009178054672428493,0.0020223115662960436,1.8356109344856986e-07,0.002022128005202595
2013-09-16,0.0057874998005356115,0.10998421729213366,0.9092213634105868,0.009990924338396545,0.005262118459381488,1.998184867679309e-06,0.005260120274513809
2013-09-17,0.004462737488290847,0.09861515944742348,1.0140428769809458,0.10482151357035896,0.00452540716183717,2.0964302714071794e-05,0.004504442859123098
2013-09-18,0.011574279285436972,0.0978808715733083,1.0216500772074202,0.007607200226474431,0.011824863325586927,1.5214400452948863e-06,0.011823341885541632
2013-09-19,-0.0016762083208943235,0.09940181036707943,1.0060178947517306,0.015632182455689536,-0.0016862955661514406,3.1264364911379073e-06,-0.0016894220026425785
2013-09-20,-0.006991118383988026,0.09988490185475016,1.0011523077373317,0.0048655870143989866,-0.006999174303794498,9.731174028797973e-07,-0.007000147421197377
2013-09-23,-0.004627414338096436,0.10078240538889069,0.9922366866927654,0.008915621044566224,-0.004591490270787404,1.783124208913245e-06,-0.004593273394996317
2013-09-24,-0.0023539377922573435,0.09980139743853354,1.0019899777614716,0.00975329106870615,-0.002358622076115823,1.95065821374123e-06,-0.002360572734329564
2013-09-25,-0.002890500431430465,0.10030810269819984,0.9969284365877517,0.00506154117371993,-0.002881622076062195,1.0123082347439861e-06,-0.002882634384296939
2013-09-26,0.003845121098630333,0.09984767653677516,1.0015255584156606,0.004597121827908945,0.0038509870554815826,9.194243655817891e-07,0.0038500676311160006
2013-09-27,-0.004596359737544686,0.07808787185091054,1.2806085968244243,0.2790830384087637,-0.00588613779399738,5.581660768175274e-05,-0.005941954401679132
2013-09-30,-0.005328679837843686,0.08117268366320897,1.2319415286909432,0.048667068133481095,-0.006564621985337758,9.73341362669622e-06,-0.006574355398964454
2013-10-01,0.00791670803981881,0.0847259253280425,1.1802762804043652,0.051665248286578036,0.009343902718284678,1.0333049657315607e-05,0.009333569668627362
2013-10-02,-0.0009450121674090539,0.08597580873056158,1.1631178755571656,0.01715840484719955,-0.0010991605445324914,3.43168096943991e-06,-0.0011025922255019313
2013-10-03,-0.00922121296474454,0.08594062457409755,1.1635940568919245,0.0004761813347589072,-0.010729748603111511,9.523626695178145e-08,-0.010729843839378464
2013-10-04,0.007576560347568151,0.09012756743705083,1.1095384336190426,0.054055623272881936,0.008406484900260915,1.0811124654576389e-05,0.008395673775606339
2013-10-07,-0.00864415667588636,0.09315532573368075,1.073475930789908,0.03606250282913459,-0.009279294133540908,7.212500565826919e-06,-0.009286506634106734
2013-10-08,-0.011646849605219556,0.0990722156509088,1.0093647279713653,0.06411120281854266,-0.01175591918349584,1.2822240563708533e-05,-0.011768741424059549
2013-10-09,0.0007251488059818456,0.10220015236454871,0.9784721224612195,0.030892605510145832,0.0007095378912892756,6.178521102029167e-06,0.0007033593701872464
2013-10-10,0.02155768748528475,0.09835790882624348,1.0166950598416788,0.03822293738045934,0.02191759436789979,7.644587476091869e-06,0.021909949780423696
2013-10-11,0.006443311662726492,0.12457270558961149,0.8027440644135718,0.21395099542810703,0.005172330192420434,4.279019908562141e-05,0.005129539993334813
2013-10-14,0.003994184170672099,0.12592820344594458,0.7941032847572196,0.008640779656352238,0.003171794769856005,1.7281559312704476e-06,0.0031700666139247344
2013-10-15,-0.0072543799674673615,0.12635542144960107,0.7914183566700906,0.002684928087128946,-0.0057412494725134445,5.369856174257892e-07,-0.0057417864581308705
2013-10-16,0.013965912234319422,0.12782348368842336,0.7823288578470871,0.009089498823003583,0.010925936167067773,1.8178997646007168e-06,0.010924118267303173
2013-10-17,0.006683351476652,0.13590220405770154,0.7358232391694095,0.04650561867767755,0.00491776533205773,9.301123735535511e-06,0.004908464208322195
2013-10-18,0.00675452977538793,0.13189753838058083,0.7581642631681057,0.022341023998696197,0.00512104309020402,4.4682047997392395e-06,0.005116574885404281
2013-10-21,5.73325571722183e-05,0.13352035625344255,0.7489494696238254,0.009214793544280342,4.2939188286310544e-05,1.8429587088560686e-06,4.1096229577454474e-05
2013-10-22,0.005791559242146027,0.1305968070624685,0.7657155044546142,0.016766034830788867,0.004434686706678628,3.3532069661577734e-06,0.00443133349971247
2013-10-23,-0.00478900866268428,0.12987693455726312,0.769959657123796,0.004244152669181767,-0.003687343467883277,8.488305338363534e-07,-0.0036881922984171134
2013-10-24,0.0033222933716949843,0.1310663330260513,0.7629724406810373,0.006987216442758681,0.002534818282460555,1.3974432885517364e-06,0.002533420839172003
2013-10-25,0.004567784352143889,0.13025129749319686,0.7677466706634772,0.004774229982439926,0.003506901228667199,9.548459964879851e-07,0.003505946382670711
2013-10-28,0.0015910784237862519,0.1304235096862264,0.7667329321268884,0.0010137385365888152,0.0012199322251134608,2.0274770731776304e-07,0.001219729477406143
2013-10-29,0.005334281764705517,0.12836984305311927,0.7789991607189247,0.012266228592036299,0.004155401017743862,2.45324571840726e-06,0.004152947772025455
2013-10-30,-0.004966846186806428,0.12593502086793668,0.7940602964195818,0.015061135700657036,-0.003943975355365982,3.0122271401314073e-06,-0.0039469875825061135
2013-10-31,-0.00283648314329632,0.1269356086093701,0.7878010047420078,0.006259291677573997,-0.0022345842702226094,1.2518583355147995e-06,-0.0022358361285581244
2013-11-01,0.0023890054474882128,0.1276458091186064,0.7834178081560174,0.004383196585990401,0.001871589411344001,8.766393171980802e-07,0.001870712772026803
2013-11-04,0.0035186570063270306,0.12111835642495944,0.8256386806400927,0.042220872484075356,0.0029051393283288677,8.444174496815071e-06,0.0028966951538320525
2013-11-05,-0.003167070773831826,0.11974538712208138,0.8351052378998884,0.009466557259795727,-0.002644837392026611,1.8933114519591455e-06,-0.00264673070347857
2013-11-06,0.005106187142854601,0.11489058062950833,0.8703933729995977,0.035288135099709295,0.0044443914504363954,7.057627019941859e-06,0.004437333823416454
2013-11-07,-0.012643221277267469,0.10297906163847183,0.9710711906763104,0.10067781767671269,-0.012277467939700184,2.013556353534254e-05,-0.012297603503235527
2013-11-08,0.013490877734076312,0.11665532614813495,0.8572261833378687,0.11384500733844172,0.011564733629860071,2.2769001467688345e-05,0.011541964628392383
2013-11-11,0.000169611476502185,0.10268153797174048,0.9738849064329512,0.11665872309508252,0.00016518205692328514,2.3331744619016505e-05,0.00014185031230426863
2013-11-12,-0.0020306141649407694,0.10175282281138934,0.9827737180850659,0.008888811652114637,-0.0019956342328750413,1.7777623304229275e-06,-0.001997411995205464
2013-11-13,0.008024378856747783,0.10237086711460103,0.9768404119118488,0.005933306173217079,0.007838537547762234,1.1866612346434157e-06,0.00783735088652759
2013-11-14,0.004989418411793567,0.09922323901174887,1.0078284179793724,0.03098800606752361,0.005028477664595063,6.197601213504722e-06,0.005022280063381558
2013-11-15,0.004350840174806914,0.0905271639455692,1.1046408132273589,0.09681239524798646,0.004806115628920973,1.936247904959729e-05,0.004786753149871376
2013-11-18,-0.003499143435012231,0.0893497128787531,1.1191977766699628,0.014556963442603932,-0.003916233552714985,2.9113926885207867e-06,-0.003919144945403506
2013-11-19,-0.002173179768014011,0.08933016948523406,1.1194426314900212,0.0002448548200584266,-0.002432750078206478,4.8970964011685326e-08,-0.00243279904917049
2013-11-20,-0.003128045849236316,0.09007423309678209,1.1101954084088952,0.009247223081126021,-0.003472742139114661,1.8494446162252043e-06,-0.0034745915837308865
2013-11-21,0.008068422223662886,0.08972381757077946,1.1145312661391618,0.004335857730266568,0.008992508836684347,8.671715460533137e-07,0.008991641665138293
2013-11-22,0.0050026655271298015,0.09061226376594092,1.1036033738027824,0.010927892336379363,0.0055209585537473235,2.185578467275873e-06,0.005518772975280048
2013-11-25,-0.000995762146062229,0.09123427094578776,1.0960793456597129,0.007524028143069517,-0.0010914343214885995,1.5048056286139035e-06,-0.0010929391271172135
2013-11-26,0.0002769694841899817,0.09093634160576532,1.099670365380743,0.003591019721030042,0.00030457513387851306,7.182039442060084e-07,0.00030385692993430705
2013-11-27,0.002434916831025813,0.09099115311943361,1.099007942769354,0.0006624226113889353,0.0026759929372801535,1.3248452227778707e-07,0.002675860452757876
2013-11-29,-0.0006625312394404892,0.08988036627462473,1.1125900365654415,0.013582093796087547,-0.0007371256559148411,2.7164187592175095e-06,-0.0007398420746740587
2013-12-02,-0.0025965384717991924,0.08744400136579236,1.143589021980866,0.03099898541542445,-0.0029693728915005306,6.1997970830848905e-06,-0.0029755726885836156
2013-12-03,-0.0043204740752674775,0.08730583825848517,1.1453987728052206,0.001809750824354639,-0.004948665703748139,3.619501648709278e-07,-0.0049490276539130105
2013-12-04,-0.0001113512308577036,0.08930495214136708,1.1197587323231861,0.0256400404820345,-0.00012468651310784863,5.1280080964069e-06,-0.00012981452120425552
2013-12-05,-0.004395860728663714,0.08888018494503126,1.1251101700772326,0.005351437754046451,-0.004945827612062659,1.0702875508092903e-06,-0.004946897899613468
2013-12-06,0.011177067307702515,0.0896679078656798,1.1152261983160956,0.009883971761136978,0.012464958281892194,1.976794352227396e-06,0.012462981487539966
2013-12-09,0.002542351773241469,0.0956655427586183,1.045308447706384,0.0699177506097115,0.0026575417856106133,1.3983550121942301e-05,0.002643558235488671
2013-12-10,-0.003583127888489135,0.08179467480372515,1.222573477307177,0.17726502960079293,-0.004380637122266485,3.545300592015859e-05,-0.004416090128186644
2013-12-11,-0.01123076984323379,0.0716530158043936,1.395614669911329,0.17304119260415196,-0.015673827147614835,3.460823852083039e-05,-0.015708435386135665
2013-12-12,-0.00330140845189808,0.08314065016497502,1.2027810680042936,0.19283360190703536,-0.003970871583692375,3.856672038140707e-05,-0.0040094383040737815
2013-12-13,-0.00011257653131191425,0.0837208916871609,1.1944449943709283,0.008336073633365304,-0.00013446647430915805,1.6672147266730608e-06,-0.0001361336890358311
2013-12-16,0.0062322750408654315,0.07890100637905798,1.2674109569601404,0.07296596258921206,0.007898853673582054,1.4593192517842413e-05,0.007884260481064212
2013-12-17,-0.003180624005823862,0.08001290486799768,1.2497983939587782,0.017612563001362158,-0.003975138774265399,3.5225126002724318e-06,-0.0039786612868656715
2013-12-18,0.017072748302169316,0.07909964291772721,1.2642282102842308,0.014429816325452594,0.021583850030684654,2.885963265090519e-06,0.021580964067419564
2013-12-19,-0.001155754547748189,0.09852784801071933,1.014941481205603,0.2492867290786278,-0.0011730232326016587,4.9857345815725564e-05,-0.0012228805784173843
2013-12-20,0.005816968934744038,0.0982270325587938,1.0180496895306799,0.0031082083250768555,0.005921963418025778,6.216416650153712e-07,0.005921341776360762
2013-12-23,0.005342565578765779,0.09875716085835927,1.0125848002396833,0.005464889290996533,0.005409800699341954,1.0929778581993067e-06,0.005408707721483755
2013-12-24,0.002191375896804848,0.09676294753818374,1.0334534296874214,0.02086862944773804,0.002264684936287319,4.173725889547608e-06,0.002260511210397771
2013-12-26,0.0050841842150401995,0.0957696043533155,1.0441726336372616,0.010719203949840272,0.005308766021715519,2.1438407899680546e-06,0.00530662218092555
2013-12-27,-5.511025739157738e-05,0.09662088941084822,1.034972878119381,0.009199755517880659,-5.703762170646073e-05,1.8399511035761318e-06,-5.887757281003686e-05
2013-12-30,-0.00016257397525643036,0.09666423630534912,1.0345087678975051,0.0004641102218758686,-0.00016818420283472925,9.282204437517372e-08,-0.00016827702487910443
2013-12-31,0.0047327272412447385,0.09663246894130555,1.03484885665852,0.0003400887610149894,0.00489765737447875,6.801775220299789e-08,0.004897589356726547
2014-01-02,-0.009583722325868571,0.09728180856215969,1.0279414155433129,0.006907441115207247,-0.00985150509382739,1.3814882230414493e-06,-0.009852886582050432
2014-01-03,-0.00016391528545045553,0.10355999936383978,0.9656237989020032,0.06231761664130964,-0.00015828050063477513,1.2463523328261928e-05,-0.00017074402396303706
2014-01-06,-0.0028979247929766805,0.10190526905370204,0.9813035275663912,0.015679728664387937,-0.0028437438219701206,3.1359457328775878e-06,-0.002846879767702998
2014-01-07,0.0061414283207579246,0.1027770029583652,0.9729803080608397,0.008323219505551482,0.005975488819464611,1.6646439011102966e-06,0.0059738241755635
2014-01-08,0.00021843415965361324,0.10232639378410567,0.9772649685181516,0.004284660457311906,0.00021346805215717723,8.569320914623813e-07,0.00021261112006571486
2014-01-09,0.0006538252419852064,0.09608114495214946,1.0407869311903206,0.06352196267216903,0.0006804927671405518,1.2704392534433806e-05,0.000667788374606118
2014-01-10,0.0027228165752446465,0.0959093209865643,1.0426515272067118,0.0018645960163912179,0.0028389488604825793,3.729192032782436e-07,0.002838575941279301
2014-01-13,-0.013305153238471035,0.09470864739040481,1.0558697938930894,0.0132182666863776,-0.014048509407620383,2.64365333727552e-06,-0.014051153060957658
2014-01-14,0.010897553111694158,0.09833157112742462,1.0169673773483525,0.03890241654473692,0.011082456007513987,7.780483308947385e-06,0.01107467552420504
2014-01-15,0.0053899870561968655,0.10260278055086572,0.9746324559929896,0.042334921355362876,0.0052532563223515755,8.466984271072576e-06,0.0052447893380805025
2014-01-16,-0.0012994760381248582,0.10312184735401121,0.9697266153185359,0.004905840674453765,-0.0012601365001383596,9.81168134890753e-07,-0.0012611176682732503
2014-01-17,-0.004229481677862856,0.1025255336639447,0.9753667835348917,0.005640168216355823,-0.004125295940156851,1.1280336432711647e-06,-0.004126423973800122
2014-01-21,0.0029403424314384807,0.10320914130773336,0.9689064237230226,0.006460359811869099,0.0028489166697661153,1.2920719623738198e-06,0.0028476245978037414
2014-01-22,0.000651789224821675,0.0868056247289953,1.1519990819972457,0.18309265827422305,0.000750860588650266,3.6618531654844614e-05,0.0007142420569954214
2014-01-23,-0.008193358226350589,0.08648676746441054,1.1562462435788248,0.0042471615815791175,-0.00947353967151353,8.494323163158235e-07,-0.009474389103829845
2014-01-24,-0.02133578391976787,0.09020093433600103,1.1086359663137988,0.04761027726502598,-0.023653617422954264,9.522055453005196e-06,-0.02366313947840727
2014-01-27,-0.004919376073277526,0.11537670825736845,0.8667260620482607,0.24190990426553804,-0.004263751451726266,4.8381980853107614e-05,-0.0043121334325793735
2014-01-28,0.005954738191802367,0.11557941573532753,0.8652059656452686,0.0015200964029921105,0.0051520750074031275,3.040192805984221e-07,0.005151770988122529
2014-01-29,-0.00960483975719173,0.11622021447364954,0.8604355141908027,0.004770451454465974,-0.008264345235199531,9.540902908931948e-07,-0.008265299325490425
2014-01-30,0.010600224518570567,0.11966045753395099,0.8356979578790866,0.024737556311716036,0.008858585983229247,4.947511262343208e-06,0.008853638471966904
2014-01-31,-0.005858616236730452,0.12697119846530638,0.787580185181319,0.048117772697767625,-0.004614130060630451,9.623554539553526e-06,-0.004623753615170005
2014-02-03,-0.022505411357222727,0.12606190185043983,0.7932610767576731,0.005680891576354097,-0.017852666846104866,1.1361783152708193e-06,-0.017853803024420137
2014-02-04,0.007004953209118536,0.14307280692306584,0.6989448389991589,0.09431623775851417,0.004896075892943997,1.8863247551702833e-05,0.004877212645392294
2014-02-05,-0.0012539030780276406,0.14653012691259698,0.6824535138746485,0.01649132512451046,-0.0008557305616582008,3.298265024902092e-06,-0.0008590288266831029
2014-02-06,0.01318632876905279,0.14650694830291797,0.682561483659054,0.00010796978440552607,0.00900048012862074,2.1593956881105215e-08,0.00900045853466386
2014-02-07,0.012396045668435551,0.15324045015985788,0.6525692132572155,0.029992270401838494,0.008089277769351502,5.998454080367699e-06,0.008083279315271134
2014-02-10,0.0018366292978326815,0.16062681827990136,0.6225610459751766,0.030008167282038922,0.0011434138567273683,6.001633456407785e-06,0.0011374122232709605
2014-02-11,0.01094422632764247,0.16082844985679262,0.6217805375171095,0.0007805084580670973,0.006804906928710436,1.5610169161341948e-07,0.006804750827018822
2014-02-12,0.0004942857012750768,0.16561310134268073,0.6038169636898688,0.017963573827240675,0.0002984580913392344,3.592714765448135e-06,0.00029486537657378626
2014-02-13,0.005162919909417418,0.15894404390653782,0.6291522320823921,0.025335268392523314,0.0032482625850725907,5.067053678504663e-06,0.003243195531394086
2014-02-14,0.005518819114521234,0.15525565070318215,0.6440989396977252,0.014946707615333121,0.0035546655400466656,2.9893415230666245e-06,0.003551676198523599
2014-02-18,0.0011956103231463011,0.15531394980038837,0.6438571688410564,0.000241770856668877,0.000769802277698118,4.83541713337754e-08,0.0007697539235267842
2014-02-19,-0.006621569459675847,0.1553155962158101,0.6438503436644611,6.825176595226523e-06,-0.0042632997722103945,1.3650353190453046e-09,-0.004263301137245714
2014-02-20,0.005900707053732912,0.15635381479621802,0.6395750569331096,0.00427528673135158,0.0037739450498368286,8.55057346270316e-07,0.0037730899924905584
2014-02-21,-0.0011408707323485867,0.15741531220459992,0.6352622155970786,0.004312841336030937,-0.0007247520691416249,8.625682672061874e-07,-0.0007256146374088311
2014-02-24,0.005547101457439085,0.15744806171202202,0.6351300798031003,0.00013213579397830522,0.00352313099133918,2.6427158795661044e-08,0.0035231045641803847
2014-02-25,-0.0003789977978201353,0.15568841610756523,0.642308544849669,0.007178465046568716,-0.00024343352401908017,1.4356930093137434e-06,-0.00024486921702839394
2014-02-26,5.43086307520646e-05,0.13389195468823392,0.7468708648913895,0.1045623200417205,4.05615340208616e-05,2.0912464008344103e-05,1.96490700125175e-05
2014-02-27,0.005247477511283627,0.13193797569832758,0.7579318954282516,0.011061030536862027,0.003977230576344324,2.2122061073724052e-06,0.003975018370236952
2014-02-28,0.0025295160887846,0.13168188654747826,0.7594058880979407,0.0014739926696891725,0.001920929411861499,2.947985339378345e-07,0.001920634613327561
2014-03-03,-0.007032665468371002,0.12498271286125744,0.8001106529909413,0.04070476489300057,-0.005626910560165167,8.140952978600114e-06,-0.0056350515131437665
2014-03-04,0.014055700489599143,0.12528572708208238,0.798175517108057,0.001935135882884298,0.011218916006601767,3.8702717657685963e-07,0.01121852897942519
2014-03-05,0.0009070499690755351,0.12940343533496654,0.7727770112218858,0.025398505886171208,0.000700947364131096,5.079701177234242e-06,0.0006958676629538617
2014-03-06,0.002289845692467818,0.09262832211887895,1.0795834115580791,0.30680640033619333,0.002472079424615979,6.136128006723867e-05,0.0024107181445487402
2014-03-07,0.0004253564061327264,0.09188009493467544,1.0883750182354255,0.008791606677346353,0.00046294728628126113,1.7583213354692706e-06,0.00046118896494579185
2014-03-10,-0.0005317195470009306,0.09099440286672257,1.098968693123551,0.01059367488812546,-0.0005843431356758592,2.118734977625092e-06,-0.0005864618706534842
2014-03-11,-0.004942667855522775,0.08469662131332434,1.1806846418355081,0.0817159487119572,-0.005835732026709787,1.6343189742391442e-05,-0.005852075216452178
2014-03-12,0.0002670710185594949,0.08116791895151447,1.2320138460089738,0.05132920417346565,0.0003290351927330173,1.026584083469313e-05,0.00031876935189832417
2014-03-13,-0.011212781069992017,0.08138329026109302,1.22875346621132,0.003260379797653812,-0.013777743605621364,6.520759595307624e-07,-0.013778395681580895
2014-03-14,-0.0028082856835707215,0.08639621776131252,1.1574580761888298,0.07129539002249019,-0.0032504729446944003,1.4259078004498038e-05,-0.0032647320226988985
2014-03-17,0.00904360256655945,0.0873174477461594,1.145246483734958,0.012211592453871711,0.010357154039648653,2.4423184907743425e-06,0.010354711721157879
2014-03-18,0.007137997477305813,0.09078956250547669,1.1014481977922046,0.04379828594275348,0.00786213445722379,8.759657188550695e-06,0.00785337480003524
2014-03-19,-0.005328577550604674,0.09199896667896676,1.0869687303005597,0.01447946749164486,-0.005791997174488829,2.895893498328972e-06,-0.005794893067987158
2014-03-20,0.005839823483520634,0.09452019324237812,1.0579749847058608,0.028993745594698916,0.006178387160662669,5.798749118939784e-06,0.006172588411543729
2014-03-21,-0.0038788041963752073,0.0922911566508105,1.0835274324099806,0.025552447704119796,-0.004202790751719487,5.110489540823959e-06,-0.00420790124126031
2014-03-24,-0.004135596654504026,0.0922752134510573,1.083714642968991,0.00018721055901038675,-0.004481806651899583,3.744211180207735e-08,-0.004481844094011386
2014-03-25,0.004745850465059265,0.09362827627457998,1.0680534126969712,0.01566123027201982,0.005068821785356056,3.1322460544039647e-06,0.005065689539301652
2014-03-26,-0.0071922360646022865,0.09313723391146174,1.0736844525043783,0.00563103980740709,-0.0077221920413047505,1.126207961481418e-06,-0.007723318249266232
2014-03-27,-0.0021083619797395148,0.09693899480001326,1.0315766137899578,0.042107838714420476,-0.00217493691170318,8.421567742884096e-06,-0.0021833584794460643
2014-03-28,0.00492983758598875,0.09728595516335846,1.0278976017872696,0.0036790120026881645,0.005067368231838579,7.358024005376329e-07,0.005066632429438041
2014-03-31,0.008194790674729502,0.0970825875402686,1.0300508312937302,0.0021532295064605744,0.008441050946783232,4.306459012921149e-07,0.00844062030088194
2014-04-01,0.006630286288675125,0.1007516963347039,0.992539119815842,0.03751171147788823,0.006580818517088654,7.502342295577647e-06,0.006573316174793076
2014-04-02,0.0033466969458788576,0.09913403332997144,1.0087353115871536,0.016196191771311597,0.0033759313864888847,3.2392383542623196e-06,0.0033726921481346222
2014-04-03,-0.0013232337772571823,0.08773549207104367,1.1397895838895526,0.13105427230239908,-0.0015082080763685647,2.6210854460479817e-05,-0.0015344189308290446
2014-04-04,-0.011822395472001701,0.08796206208764686,1.1368537483848247,0.0029358355047279794,-0.013440334607232911,5.871671009455959e-07,-0.013440921774333857
2014-04-07,-0.011051635629398149,0.09732344139749369,1.0275016847336356,0.1093520636511891,-0.011355574228268871,2.187041273023782e-05,-0.011377444640999108
2014-04-08,0.004122906390637171,0.10423260025954033,0.9593927403806382,0.06810894435299741,0.003955486460446241,1.3621788870599484e-05,0.003941864671575642
2014-04-09,0.01075109348048886,0.10560558890934019,0.9469195809877786,0.012473159392859534,0.01018042093370495,2.494631878571907e-06,0.010177926301826377
2014-04-10,-0.021006275062414925,0.11122394028732822,0.8990870107790367,0.047832570208741876,-0.018886469053468857,9.566514041748376e-06,-0.018896035567510606
2014-04-11,-0.009008498977989166,0.1332822033178395,0.7502877166693361,0.1487992941097006,-0.006758966128813539,2.9759858821940123e-05,-0.006788725987635479
2014-04-14,0.007878509955007162,0.13131985486231526,0.7614994709280395,0.011211754258703355,0.005999481162439246,2.242350851740671e-06,0.005997238811587506
2014-04-15,0.006887470381858218,0.13435197509849475,0.744313583233064,0.017185887694975532,0.005126437759332489,3.4371775389951065e-06,0.005123000581793494
2014-04-16,0.010478178621938117,0.13267970732025836,0.7536947587517884,0.009381175518724416,0.007897348308619795,1.8762351037448834e-06,0.00789547207351605
2014-04-17,0.0013965795235832967,0.13551466316200406,0.7379275250859957,0.01576723366579269,0.0010305744714236011,3.153446733158538e-06,0.0010274210246904425
2014-04-21,0.0034870322279361154,0.13427031358481017,0.7447662653802938,0.006838740294298096,0.002597023969660706,1.3677480588596191e-06,0.0025956562216018463
2014-04-22,0.0045443973485501665,0.13326318052093059,0.750394817301346,0.005628551921052272,0.0034100922181100235,1.1257103842104543e-06,0.003408966507725813
2014-04-23,-0.002341458546443409,0.13331834649125215,0.7500843104633137,0.0003105068380323539,-0.0017562913192874373,6.210136760647079e-08,-0.0017563534206550438
2014-04-24,0.002027251153070342,0.13268175243916427,0.7536831415145113,0.0035988310511976263,0.0015279050176849707,7.197662102395253e-07,0.0015271852514747311
2014-04-25,-0.00819891756598301,0.1319304756409252,0.7579749827641774,0.004291841249666084,-0.006214574400760884,8.583682499332169e-07,-0.006215432769010818
2014-04-28,0.003167009313105096,0.13270615085356194,0.7535445746621617,0.0044304081020156705,0.0023864826857948845,8.860816204031341e-07,0.0023855966041744815
2014-04-29,0.00465574843606853,0.13272198382310885,0.7534546811271257,8.989353503607855e-05,0.003507895453306128,1.7978707007215713e-08,0.003507877474599121
2014-04-30,0.002982185784381697,0.13261327663337197,0.7540723111492378,0.0006176300221121256,0.0022487837267051087,1.2352600442242513e-07,0.002248660200700686
2014-05-01,0.00010614728184288325,0.13006171817810258,0.7688657462072201,0.014793435057982363,8.161300906199653e-05,2.9586870115964727e-06,7.865432205040006e-05
2014-05-02,-0.0014333340369241387,0.12804792926438707,0.7809575724846352,0.012091826277415008,-0.0011193730700358778,2.4183652554830018e-06,-0.001121791435291361
2014-05-05,0.0019141876019510562,0.12756767691269372,0.783897633163291,0.0029400606786558203,0.0015005271305999486,5.880121357311641e-07,0.0014999391184642174
2014-05-06,-0.008704069595138253,0.12769380767309535,0.7831233308979764,0.0007743022653146081,-0.006816359973712469,1.5486045306292163e-07,-0.006816514834165532
2014-05-07,0.005889837973989787,0.12447934100022895,0.8033461552452794,0.020222824347303048,0.004731578691422341,4.0445648694606095e-06,0.00472753412655288
2014-05-08,-0.0010646001825997953,0.11902555231880559,0.840155731705018,0.03680957645973859,-0.0008944299453854268,7.361915291947718e-06,-0.0009017918606773745
2014-05-09,0.0014916490134884164,0.1186297699479186,0.8429587281835114,0.002802996478493358,0.001257398555306385,5.605992956986716e-07,0.0012568379560106862
2014-05-12,0.009736245667517407,0.11293063700128646,0.8854992998831739,0.04254057169966252,0.008621438722077249,8.508114339932505e-06,0.008612930607737317
2014-05-13,0.0008952156989672222,0.0873544697898968,1.144761112287877,0.25926181240470303,0.0010248081192872865,5.1852362480940606e-05,0.000972955756806346
2014-05-14,-0.004737408599097992,0.07831328708939833,1.2769225212810345,0.13216140899315754,-0.006049303732698661,2.643228179863151e-05,-0.006075736014497292
2014-05-15,-0.008780329697021139,0.07893961005984368,1.2667911574960982,0.010131363784936287,-0.011122844020086772,2.0262727569872574e-06,-0.01112487029284376
2014-05-16,0.0034686388659253,0.08415264928468118,1.1883167178933203,0.07847443960277789,0.004121841552713561,1.569488792055558e-05,0.004106146664793005
2014-05-19,0.0036690375746302184,0.07725088954630477,1.294483475689419,0.10616675779609874,0.004749508512042401,2.123335155921975e-05,0.004728275160483181
2014-05-20,-0.006304850269989282,0.07798080994580593,1.282366778050865,0.012116697638554053,-0.008085130526819282,2.4233395277108106e-06,-0.008087553866346993
2014-05-21,0.008424312360917119,0.08075417875724253,1.2383260103556113,0.04404076769525367,0.010432045115883956,8.808153539050734e-06,0.010423236962344906
2014-05-22,0.002432388300146915,0.08445305756436226,1.184089752153607,0.054236258202004395,0.0028801660594622936,1.0847251640400879e-05,0.0028693188078218928
2014-05-23,0.00400834068759548,0.0841712659553719,1.1880538906593205,0.003964138505713644,0.004762124748985866,7.928277011427287e-07,0.004761331921284724
2014-05-27,0.006147105165816402,0.08488487978430755,1.178066108523685,0.009987782135635559,0.007241696261379171,1.997556427127112e-06,0.007239698704952044
2014-05-28,-0.000731457990314488,0.0804776067414491,1.2425816826445972,0.06451557412091224,-0.000908896300388812,1.290311482418245e-05,-0.0009217994152129945
2014-05-29,0.005172942874140718,0.08049042148438261,1.2423838533309557,0.00019782931364153988,0.006426780701035854,3.956586272830798e-08,0.006426741135173126
2014-05-30,0.0016113384577880474,0.08079394817878717,1.2377164658262791,0.004667387504676546,0.001994380141223389,9.334775009353092e-07,0.0019934466637224536
2014-06-02,0.0011418195775199091,0.08054582656942715,1.2415292543283316,0.0038127885020524666,0.0014176024086557835,7.625577004104933e-07,0.001416839850955373
2014-06-03,-0.0005181076686059383,0.08046380992803122,1.2427947432447262,0.0012654889163945526,-0.0006439014869782407,2.5309778327891055e-07,-0.0006441545847615197
2014-06-04,0.0020227371685588302,0.08015477892343917,1.2475862492929617,0.004791506048235528,0.0025235390774277764,9.583012096471055e-07,0.0025225807762181292
2014-06-05,0.0065221410854512385,0.08016787712872742,1.2473824127764752,0.0002038365164864775,0.008135604083638745,4.07673032972955e-08,0.008135563316335448
2014-06-06,0.004782691626369795,0.07353535561534258,1.3598900714248505,0.11250765864837531,0.006503934857387055,2.250153172967506e-05,0.0064814333256573795
2014-06-09,0.001023638014879369,0.07288095859612559,1.3721005037016087,0.01221043227675822,0.0014045342358240968,2.4420864553516444e-06,0.0014020921493687452
2014-06-10,0.00010210572688484909,0.0721750194158908,1.3855209296692335,0.013420425967624716,0.00014146962163804895,2.6840851935249434e-06,0.000138785536444524
2014-06-11,-0.0034763210796602273,0.07245228635840888,1.3802186932420237,0.005302236427209728,-0.00479808333785834,1.0604472854419455e-06,-0.004799143785143782
2014-06-12,-0.007079924738101817,0.06883353740949694,1.4527801964482947,0.07256150320627097,-0.010285574451858698,1.4512300641254195e-05,-0.010300086752499953
2014-06-13,0.0030482765703279124,0.07468991379412851,1.3388688635474253,0.11391133290086941,0.004081242587493175,2.2782266580173883e-05,0.004058460320913002
2014-06-16,0.0008241063271023918,0.0721104894614504,1.3867607992518074,0.047891935704382105,0.0011428383488409843,9.578387140876422e-06,0.001133259961700108
2014-06-17,0.00277930988224262,0.062242873434477174,1.5,0.1132392007481926,0.00416896482336393,2.264784014963852e-05,0.004146316983214291
2014-06-18,0.007339878308390224,0.06204549168995627,1.5,0.0,0.011009817462585336,0.0,0.011009817462585336
2014-06-19,0.0011208959677266872,0.0647605081022185,1.5,0.0,0.0016813439515900308,0.0,0.0016813439515900308
2014-06-20,0.0020301843065311242,0.05767019957397943,1.5,0.0,0.0030452764597966864,0.0,0.0030452764597966864
2014-06-23,-0.00030582024208081204,0.05307878227391062,1.5,0.0,-0.00045873036312121807,0.0,-0.00045873036312121807
2014-06-24,-0.006024243882748248,0.05359031649134218,1.5,0.0,-0.009036365824122372,0.0,-0.009036365824122372
2014-06-25,0.0045199990645237165,0.05931796755475731,1.5,0.0,0.006779998596785575,0.0,0.006779998596785575
2014-06-26,-0.0007161977285864429,0.057897325250492473,1.5,0.0,-0.0010742965928796644,0.0,-0.0010742965928796644
2014-06-27,0.001944744691984246,0.05789082289046302,1.5,0.0,0.002917117037976369,0.0,0.002917117037976369
2014-06-30,-0.0005103301593116782,0.05617825248524208,1.5,0.0,-0.0007654952389675174,0.0,-0.0007654952389675174
2014-07-01,0.006692409465732352,0.05640601878375668,1.5,0.0,0.010038614198598528,0.0,0.010038614198598528
2014-07-02,0.0010154345867761094,0.05978325926452681,1.5,0.0,0.0015231518801641641,0.0,0.0015231518801641641
2014-07-03,0.004917794534497144,0.0594488465458505,1.5,0.0,0.007376691801745716,0.0,0.007376691801745716
2014-07-07,-0.0034808318857721954,0.060714359713233905,1.5,0.0,-0.005221247828658293,0.0,-0.005221247828658293
2014-07-08,-0.006430318578411809,0.06007992318043118,1.5,0.0,-0.009645477867617713,0.0,-0.009645477867617713
2014-07-09,0.004483957385287507,0.06358792841361256,1.5,0.0,0.0067259360779312605,0.0,0.0067259360779312605
2014-07-10,-0.003956692423256802,0.06509692791351593,1.5,0.0,-0.0059350386348852036,0.0,-0.0059350386348852036
2014-07-11,0.0013752404817419794,0.06698635606998633,1.4928413167529446,0.007158683247055375,0.0020530158116156506,1.431736649411075e-06,0.0020515840749662393
2014-07-14,0.0050354334064381945,0.06552670628953894,1.5,0.007158683247055375,0.007553150109657292,1.431736649411075e-06,0.0075517183730078805
2014-07-15,-0.0018724874485165355,0.06079502438670008,1.5,0.0,-0.0028087311727748032,0.0,-0.0028087311727748032
2014-07-16,0.003701095738554816,0.06132194743007461,1.5,0.0,0.005551643607832224,0.0,0.005551643607832224
2014-07-17,-0.011366080944746892,0.062029869822537664,1.5,0.0,-0.01704912141712034,0.0,-0.01704912141712034
2014-07-18,0.010219781854409193,0.07523093064370896,1.3292405018036595,0.1707594981963405,0.01358454796047881,3.41518996392681e-05,0.013550396060839541
2014-07-21,-0.001871822757611885,0.07911397297587577,1.2639992183238353,0.06524128347982416,-0.0023659825024621886,1.3048256695964833e-05,-0.0023790307591581533
2014-07-22,0.0043577781024535245,0.07953912894427356,1.2572428354107532,0.006756382913082115,0.005478785297619561,1.351276582616423e-06,0.0054774340210369445
2014-07-23,0.002220184908071854,0.08052519977395148,1.2418472761411055,0.015395559269647752,0.002757130580618622,3.0791118539295505e-06,0.002754051468764693
2014-07-24,5.026156210874433e-05,0.08065889034888539,1.2397889379268145,0.0020583382142909112,6.231372870534276e-05,4.116676428581823e-07,6.190206106248457e-05
2014-07-25,-0.0046809481240321915,0.07695821065249117,1.299406511042145,0.05961757311533056,-0.006082454470217945,1.1923514623066111e-05,-0.006094377984841011
2014-07-28,0.0004039632189600795,0.07819776236326766,1.278808970715173,0.02059754032697203,0.0005165917882451273,4.1195080653944065e-06,0.000512472280179733
2014-07-29,-0.00429726329200486,0.07806901797660444,1.2809178671873112,0.0021088964721380776,-0.005504441330737189,4.217792944276155e-07,-0.005504863110031617
2014-07-30,0.0001521733115679158,0.07967537072634853,1.2550929991083197,0.025824868078991425,0.00019099165800002022,5.1649736157982856e-06,0.00018582668438422195
2014-07-31,-0.019747877903192657,0.07962497336889532,1.255887390212478,0.000794391104158354,-0.02480111084207529,1.5887822083167082e-07,-0.024801269720296122
2014-08-01,-0.0030559830581402547,0.1023800746688258,0.9767525597483226,0.27913483046415544,-0.002984939274586001,5.582696609283109e-05,-0.003040766240678832
2014-08-04,0.007221120945051007,0.10237097921897594,0.9768393421938038,8.678244548110392e-05,0.007053875033865524,1.7356489096220786e-08,0.007053857677376428
2014-08-05,-0.00969635172396266,0.10437830047045556,0.9580535374620817,0.01878580473172209,-0.00928962406961898,3.7571609463444178e-06,-0.009293381230565325
2014-08-06,0.0003122740010463865,0.10836500693011612,0.9228071204248558,0.03524641703722586,0.0002881686716891643,7.049283407445173e-06,0.00028111938828171914
2014-08-07,-0.005414168752539528,0.10686672062673626,0.9357450047454875,0.012937884320631698,-0.00506628136503797,2.58757686412634e-06,-0.005068868941902096
2014-08-08,0.011568470956466737,0.10596294939648665,0.9437260907661715,0.007981086020684036,0.010917467871888346,1.5962172041368073e-06,0.01091587165468421
2014-08-11,0.0028981305657553857,0.114666421353423,0.8720948889804593,0.07163120178571225,0.002527444853993319,1.4326240357142451e-05,0.0025131186136361765
2014-08-12,-0.0013936499135625002,0.11513953213012038,0.8685114326067347,0.0035834563737245917,-0.001210400882980419,7.166912747449184e-07,-0.0012111175742551639
2014-08-13,0.006769305359593414,0.11327116871829353,0.8828371873578965,0.014325754751161823,0.005976194504030184,2.8651509502323647e-06,0.005973329353079951
2014-08-14,0.0047217190359754024,0.1163149689024979,0.8597345719434094,0.023102615414487104,0.004059425094231361,4.620523082897421e-06,0.004054804571148463
2014-08-15,-0.00020352742095863796,0.116838054516407,0.8558855281688852,0.003849043774524219,-0.0001741961741840349,7.698087549048438e-07,-0.00017496598293893973
2014-08-18,0.008378264681843328,0.10996136154385418,0.9094103473802346,0.05352481921134944,0.007619280594758692,1.0704963842269888e-05,0.007608575630916422
2014-08-19,0.005219407242361251,0.10797737160664794,0.9261199685827805,0.01670962120254582,0.004833797271316339,3.3419242405091646e-06,0.00483045534707583
2014-08-20,0.0026714524545898843,0.10926653826392121,0.9151932658327757,0.010926702750004735,0.002444895296433101,2.185340550000947e-06,0.0024427099558831
2014-08-21,0.002915664140333174,0.1086269679356377,0.9205817109730133,0.005388445140237619,0.0026841070829305732,1.0776890280475237e-06,0.0026830293939025256
2014-08-22,-0.0015539175334879918,0.108816884586132,0.9189750320488806,0.0016066789241326873,-0.0014280114151384448,3.213357848265375e-07,-0.0014283327509232713
2014-08-25,0.005070927022346794,0.1089916911133402,0.9175011322286049,0.0014738998202757925,0.004652581284451811,2.947799640551585e-07,0.0046522865044877565
2014-08-26,0.0006490544200856707,0.10877838763775041,0.9193002596528287,0.0017991274242238342,0.0005966758969135732,3.5982548484476686e-07,0.0005963160714287284
2014-08-27,-0.0003993525030607792,0.1087756757523198,0.9193231787196445,2.2919066815840772e-05,-0.00036713401254348207,4.5838133631681545e-09,-0.00036713859635684523
2014-08-28,-0.0005493640144670353,0.10738104837122249,0.9312630256159748,0.01193984689633032,-0.0005116023942771094,2.387969379266064e-06,-0.0005139903636563755
2014-08-29,0.0028484726139064165,0.10746295417831589,0.9305532382263341,0.0007097873896407814,0.002650655414869646,1.4195747792815627e-07,0.002650513457391718
2014-09-02,-0.0004986404771477604,0.07737076148971654,1.2924779086385385,0.36192467041220444,-0.0006444818010664603,7.238493408244089e-05,-0.0007168667351489012
2014-09-03,-0.0005483781634419982,0.07581659354192384,1.318972474603513,0.02649456596497446,-0.000723295703253622,5.2989131929948925e-06,-0.0007285946164466169
2014-09-04,-0.0014462974914524196,0.07379670808715622,1.3550739943832846,0.03610151977977161,-0.0019598401188089544,7.220303955954322e-06,-0.0019670604227649087
2014-09-05,0.004494965580759347,0.06255035211244302,1.5,0.14492600561671543,0.00674244837113902,2.8985201123343085e-05,0.006713463170015677
2014-09-08,-0.0025853067241266015,0.06280535915969573,1.5,0.0,-0.003877960086189902,0.0,-0.003877960086189902
2014-09-09,-0.006331026411295793,0.05914181193696293,1.5,0.0,-0.009496539616943689,0.0,-0.009496539616943689
2014-09-10,0.003762466693612243,0.056368232361507245,1.5,0.0,0.005643700040418365,0.0,0.005643700040418365
2014-09-11,0.0011495255315645547,0.0567202040159716,1.5,0.0,0.001724288297346832,0.0,0.001724288297346832
2014-09-12,-0.0058411840791467995,0.05574803964062449,1.5,0.0,-0.0087617761187202,0.0,-0.0087617761187202
2014-09-15,-0.0007536614243994766,0.05820281973237217,1.5,0.0,-0.0011304921365992149,0.0,-0.0011304921365992149
2014-09-16,0.007539297420162461,0.05691995817081727,1.5,0.0,0.011308946130243691,0.0,0.011308946130243691
2014-09-17,0.0013461889318733267,0.061373825405701556,1.5,0.0,0.00201928339780999,0.0,0.00201928339780999
2014-09-18,0.005330293188435586,0.05549411218203261,1.5,0.0,0.00799543978265338,0.0,0.00799543978265338
2014-09-19,-0.0009011789669673975,0.055606162943519735,1.5,0.0,-0.0013517684504510963,0.0,-0.0013517684504510963
2014-09-22,-0.007723015766069263,0.05548641520207851,1.5,0.0,-0.011584523649103895,0.0,-0.011584523649103895
2014-09-23,-0.005724276826560848,0.061888024288903005,1.5,0.0,-0.008586415239841272,0.0,-0.008586415239841272
2014-09-24,0.00782755899632237,0.0649418905446032,1.5,0.0,0.011741338494483555,0.0,0.011741338494483555
2014-09-25,-0.016135282040962262,0.06829768349042105,1.4641785034191577,0.03582149658084233,-0.023624933110982137,7.164299316168465e-06,-0.023632097410298307
2014-09-26,0.007945414336541612,0.08833894239486101,1.1320035908174668,0.33217491260169085,0.008994237559497685,6.643498252033817e-05,0.008927802576977346
2014-09-29,-0.0018189953232672362,0.09331131183526746,1.0716814288983614,0.060322161919105444,-0.0019493835071984684,1.206443238382109e-05,-0.0019614479395822894
2014-09-30,-0.0026325704737056865,0.0934535769341409,1.0700500000173618,0.0016314288809995414,-0.002816982035434476,3.262857761999083e-07,-0.002817308321210676
2014-10-01,-0.013551706556589438,0.09299248741406668,1.0753556849676582,0.005305684950296374,-0.01457290468664194,1.061136990059275e-06,-0.014573965823632
2014-10-02,0.000154447313252426,0.10317007349914924,0.9692733232454722,0.10608236172218599,0.0001497016605825134,2.12164723444372e-05,0.0001284851882380762
2014-10-03,0.011009265312218686,0.10326040381120487,0.9684254206756155,0.0008479025698566733,0.010661652391314842,1.6958051397133468e-07,0.01066148281080087
2014-10-06,-0.0011706115535626838,0.11161305374577878,0.8959525489533703,0.07247287172224526,-0.0010488124052487513,1.4494574344449052e-05,-0.0010633069795932004
2014-10-07,-0.01543602091496088,0.11004333294239309,0.9087329266221816,0.012780377668811349,-0.014027220461453606,2.55607553376227e-06,-0.014029776536987369
2014-10-08,0.017489658735881264,0.1209704110951269,0.8266484266252803,0.08208449999690137,0.014457798876229335,1.6416899999380275e-05,0.014441381976229954
2014-10-09,-0.0198334580845394,0.13622031556263622,0.7341048916746816,0.09254353495059864,-0.014559838598685136,1.8508706990119727e-05,-0.014578347305675256
2014-10-10,-0.01141470595066385,0.15089609832134954,0.6627076585309661,0.07139723314371549,-0.007564613053383926,1.4279446628743099e-05,-0.0075788925000126696
2014-10-13,-0.016426796854551062,0.15434244345939196,0.6479099187405981,0.014797739790368025,-0.010643084615200492,2.9595479580736054e-06,-0.010646044163158565
2014-10-14,0.0015472537806424658,0.16174600361151192,0.6182532969419389,0.029656621798659244,0.0009565947510880839,5.931324359731849e-06,0.0009506634267283521
2014-10-15,-0.0067658904909402295,0.16227485978902637,0.6162384002673615,0.0020148966745773267,-0.0041694015325211605,4.0297933491546537e-07,-0.004169804511856076
2014-10-16,-0.0008584469244464765,0.15864538111822793,0.6303366621526574,0.014098261885295837,-0.0005411105689908064,2.8196523770591676e-06,-0.0005439302213678656
2014-10-17,0.01181099456986634,0.15803463236654433,0.6327726935704875,0.002436031417830109,0.007473674847720725,4.872062835660218e-07,0.007473187641437159
2014-10-20,0.009709797097655626,0.16397177622898249,0.6098610523091029,0.022911641261384563,0.005921627075684133,4.582328252276913e-06,0.005917044747431856
2014-10-21,0.01981058805121716,0.16968820815100394,0.5893161409955543,0.02054491131354863,0.011674699301195935,4.1089822627097266e-06,0.011670590318933225
2014-10-22,-0.007110617323558777,0.1850694483675092,0.5403376996154489,0.04897844138010543,-0.0038421346074575093,9.795688276021087e-06,-0.0038519302957335305
2014-10-23,0.01162492314733754,0.18556143973514239,0.538905066390588,0.0014326332248608686,0.006264729980501421,2.865266449721737e-07,0.006264443453856449
2014-10-24,0.007695005117044129,0.18834258554385422,0.5309473675921037,0.007957698798484292,0.004085642710502348,1.5915397596968585e-06,0.004084051170742652
2014-10-27,-0.0013741721822992936,0.1822869636010454,0.5485855819007482,0.01763821430864454,-0.0007538510462584791,3.527642861728908e-06,-0.000757378689120208
2014-10-28,0.011469654739965529,0.18006849638371564,0.5553442273817055,0.006758645480957282,0.006369606549901073,1.3517290961914563e-06,0.006368254820804882
2014-10-29,-0.0015119333199022922,0.18453957943215185,0.5418891725434227,0.013455054838282798,-0.0008193002956626832,2.6910109676565596e-06,-0.0008219913066303397
2014-10-30,0.006410740836514828,0.18435795225260287,0.5424230350692028,0.0005338625257800267,0.0034773335015844528,1.0677250515600534e-07,0.003477226729079297
2014-10-31,0.011435718869318157,0.17829219401638396,0.5608770510211492,0.0184540159519464,0.006414032275730078,3.6908031903892805e-06,0.006410341472539689
2014-11-03,0.0005453794177252558,0.18164804322093306,0.5505151513158499,0.010361899705299216,0.0003002396326735693,2.072379941059843e-06,0.00029816725273250946
2014-11-04,-0.0034694326386275343,0.17856494751017576,0.5600203253457757,0.00950517402992579,-0.0019429527950494449,1.901034805985158e-06,-0.0019448538298554301
2014-11-05,0.006316180774392555,0.17914501406319439,0.5582069951705407,0.001813330175234995,0.0035257362910276068,3.62666035046999e-07,0.00352537362499256
2014-11-06,0.004003298183795634,0.1692567277355133,0.5908184645768624,0.03261146940632165,0.002365222486193478,6.52229388126433e-06,0.0023587001923122135
2014-11-07,0.0009351846966918487,0.16015214240375042,0.6244062583183915,0.03358779374152909,0.000583935177297977,6.717558748305819e-06,0.0005772176185496712
2014-11-10,0.003147498813613314,0.14002418160756347,0.7141623600433774,0.08975610172498594,0.002247825180963815,1.7951220344997187e-05,0.002229873960618818
2014-11-11,0.0009800063943550263,0.13043128269905313,0.7666872389097954,0.05252487886641799,0.0007513583966019992,1.0504975773283598e-05,0.0007408534208287156
2014-11-12,-0.0010772063375502627,0.10955596747545131,0.9127754727044645,0.14608823379466906,-0.000983247523957686,2.9217646758933815e-05,-0.0010124651707166198
2014-11-13,0.001127728272766193,0.1107013356927341,0.903331467269401,0.009444005435063518,0.0010187124353190724,1.8888010870127039e-06,0.0010168236342320597
2014-11-14,0.0002450680509584746,0.10422829491801461,0.9594323698632837,0.056100902593882784,0.00023512622090886528,1.1220180518776557e-05,0.00022390604039008871
2014-11-17,0.0006364387658690518,0.1035999622975507,0.9652513165283672,0.005818946665083424,0.0006143233566447915,1.163789333016685e-06,0.0006131595673117748
2014-11-18,0.005773657886980255,0.10074136903083382,0.9926408680171211,0.027389551488753994,0.005731168776565977,5.477910297750799e-06,0.005725690866268227
2014-11-19,-0.0016054462636369005,0.09877656583963401,1.0123858746248808,0.019745006607759685,-0.0016253311197752904,3.9490013215519375e-06,-0.0016292801210968423
2014-11-20,0.0017542945006279176,0.08101680715552759,1.2343117867880238,0.22192591216314295,0.0021653463796224488,4.438518243262859e-05,0.0021209611971898202
2014-11-21,0.005350615819116111,0.07294145709218759,1.370962467525351,0.1366506807373271,0.0073354934661556005,2.7330136147465424e-05,0.007308163330008135
2014-11-24,0.002806527630250244,0.06666843613615799,1.4999601879931375,0.12899772046778657,0.00420967971187809,2.5799544093557316e-05,0.004183880167784533
2014-11-25,-0.0007238658397071829,0.06425234852533104,1.5,3.9812006862538496e-05,-0.0010857987595607743,7.962401372507699e-09,-0.0010858067219621469
2014-11-26,0.002558908160918749,0.06378759959371419,1.5,0.0,0.0038383622413781238,0.0,0.0038383622413781238
2014-11-28,-0.002118959440359225,0.05504046739089816,1.5,0.0,-0.0031784391605388373,0.0,-0.0031784391605388373
2014-12-01,-0.006949762853372343,0.05558999994153248,1.5,0.0,-0.010424644280058515,0.0,-0.010424644280058515
2014-12-02,0.00646370728697887,0.061610649467060435,1.5,0.0,0.009695560930468305,0.0,0.009695560930468305
2014-12-03,0.0038630405086022,0.05337279559432344,1.5,0.0,0.0057945607629033,0.0,0.0057945607629033
2014-12-04,-0.001106320115003001,0.05403736799423259,1.5,0.0,-0.0016594801725045016,0.0,-0.0016594801725045016
2014-12-05,0.0016373460521266203,0.05191648002522773,1.5,0.0,0.0024560190781899305,0.0,0.0024560190781899305
2014-12-08,-0.006682543336826274,0.048939793128046846,1.5,0.0,-0.010023815005239411,0.0,-0.010023815005239411
2014-12-09,-0.0006775957640060559,0.055159304124963573,1.5,0.0,-0.0010163936460090839,0.0,-0.0010163936460090839
2014-12-10,-0.01603159303660595,0.0553957150960502,1.5,0.0,-0.024047389554908927,0.0,-0.024047389554908927
2014-12-11,0.005069937470588259,0.07947333143338253,1.258283731113294,0.24171626888670605,0.006379419837002891,4.834325377734121e-05,0.00633107658322555
2014-12-12,-0.016161391957419613,0.08146335684692117,1.2275457809565995,0.03073795015669445,-0.019838848511716366,6.1475900313388904e-06,-0.019844996101747704
2014-12-15,-0.006869402845345984,0.09890309881734811,1.0110906654671925,0.216455115489407,-0.006945589094263097,4.32910230978814e-05,-0.006988880117360978
2014-12-16,-0.008019897008736065,0.1008972774133193,0.9911070205626693,0.0199836449045232,-0.007948576229547866,3.99672898090464e-06,-0.00795257295852877
2014-12-17,0.019604834266718107,0.10355254112849513,0.965693346683913,0.02541367387875626,0.018932258014210467,5.082734775751252e-06,0.018927175279434716
2014-12-18,0.02472924628037254,0.12669375965699806,0.7893048581929616,0.17638848849095146,0.019518914228548272,3.527769769819029e-05,0.01948363653085008
2014-12-19,0.004254644478389746,0.15295574712531995,0.653783868075698,0.1355209901172636,0.002781617924368559,2.710419802345272e-05,0.002754513726345106
2014-12-22,0.004599867849397032,0.15336884418980468,0.6520229094003147,0.001760958675383284,0.002999219218020822,3.521917350766568e-07,0.0029988670262857454
2014-12-23,0.0013496459027053653,0.15395266882993633,0.6495502855521453,0.002472623848169375,0.000876662881496553,4.94524769633875e-07,0.0008761683567269191
2014-12-24,9.612091210486895e-05,0.1530651165760107,0.653316720601986,0.003766435049840644,6.279739907762472e-05,7.532870099681288e-07,6.204411206765659e-05
2014-12-26,0.003224942304099976,0.1528499606950733,0.6542363474956603,0.0009196268936743079,0.0021098744739186073,1.839253787348616e-07,0.0021096905485398724
2014-12-29,0.0013433649972680595,0.15308850013811384,0.6532169294870726,0.0010194180085877358,0.0008775087586958514,2.0388360171754716e-07,0.0008773048750941338
2014-12-30,-0.005365985639312898,0.152951486455046,0.6538020801085253,0.0005851506214527014,-0.0035082925728152476,1.1703012429054028e-07,-0.0035084096029395382
2014-12-31,-0.00992299967236554,0.15407573748944586,0.6490314544614786,0.004770625647046667,-0.0064403389099761815,9.541251294093334e-07,-0.006441293035105591
2015-01-02,-0.0005351131853362778,0.15619219096264508,0.6402368734549347,0.008794581006543845,-0.00034259919272420955,1.758916201308769e-06,-0.0003443581089255183
2015-01-05,-0.018059982749231485,0.15456112135127212,0.6469932355933762,0.006756362138441441,-0.011684686673685836,1.3512724276882883e-06,-0.011686037946113524
2015-01-06,-0.009418649108387744,0.1657718409177303,0.6032387614590603,0.04375447413431588,-0.005681694222761305,8.750894826863177e-06,-0.005690445117588168
2015-01-07,0.012460877463431386,0.1682454956018794,0.594369552909938,0.00886920854912232,0.007406366166805235,1.7738417098244642e-06,0.00740459232509541
2015-01-08,0.01774536047343611,0.17484966972988417,0.5719198678183643,0.022449685091573635,0.010148924216356808,4.489937018314727e-06,0.010144434279338492
2015-01-09,-0.008013829402499062,0.1850279462739369,0.5404588983112225,0.031460969507141834,-0.004331145410128726,6.292193901428367e-06,-0.004337437604030154
2015-01-12,-0.007833652172277272,0.18718047103735722,0.5342437672359642,0.0062151310752582845,-0.004185079847733604,1.2430262150516568e-06,-0.004186322873948656
2015-01-13,-0.0028125364340330083,0.18047057982970482,0.554106935847171,0.01986316861120674,-0.0015584459454205592,3.972633722241348e-06,-0.0015624185791428007
2015-01-14,-0.0060368496564913166,0.1798571984518381,0.5559966510140981,0.0018897151669271528,-0.0033564681916847805,3.779430333854306e-07,-0.003356846134718166
2015-01-15,-0.009160992510444887,0.17175298683839918,0.5822315049116968,0.02623485389759872,-0.00533381845584111,5.246970779519744e-06,-0.00533906542662063
2015-01-16,0.01311447746755845,0.17313789067626115,0.5775743230404906,0.0046571818712062285,0.007574585445354839,9.314363742412458e-07,0.0075736540089805975
2015-01-20,0.0021326698767571983,0.17594927077599393,0.5683456348467217,0.009228688193768875,0.0012120936150240497,1.845737638753775e-06,0.001210247877385296
2015-01-21,0.005047615085980617,0.16285347928364383,0.6140489011341835,0.0457032662874618,0.003099482496894725,9.14065325749236e-06,0.003090341843637233
2015-01-22,0.014871222829381914,0.13816973434924884,0.723747501368368,0.10969860023418443,0.010763010365057392,2.1939720046836887e-05,0.010741070645010556
2015-01-23,-0.005482779183132114,0.1474174703802941,0.6783456515840975,0.04540184978427042,-0.0037192194174734796,9.080369956854085e-06,-0.0037282997874303336
2015-01-26,0.0023415246289528735,0.147542778138893,0.6777695341066614,0.0005761174774361333,0.0015870140568646624,1.1522349548722666e-07,0.001586898833369175
2015-01-27,-0.013190288608539102,0.14774238019633323,0.6768538578240794,0.0009156762825820453,-0.008927897730502699,1.8313525651640905e-07,-0.008928080865759216
2015-01-28,-0.012824549951690356,0.15411134609662966,0.6488814907716062,0.02797236705247319,-0.008321613091127769,5.594473410494639e-06,-0.008327207564538263
2015-01-29,0.009243611074242652,0.1583775015188256,0.6314028131584931,0.01747867761311306,0.005836442036019811,3.4957355226226117e-06,0.005832946300497188
2015-01-30,-0.012574578565600292,0.16271224648775948,0.614581890168438,0.01682092299005511,-0.007728108262918153,3.364184598011022e-06,-0.007731472447516164
2015-02-02,0.01238396487302973,0.1667314759510872,0.5997667772660771,0.014815112902360927,0.007427490701673344,2.9630225804721857e-06,0.0074245276790928716
2015-02-03,0.014460890038154206,0.170979719534715,0.5848646861284412,0.014902091137635853,0.008457663913302962,2.980418227527171e-06,0.008454683495075435
2015-02-04,-0.003807652495932401,0.17896695764335124,0.5587623621522466,0.026102323976194608,-0.002127572902882086,5.2204647952389214e-06,-0.002132793367677325
2015-02-05,0.01009487167881229,0.1673552921664233,0.5975311488838781,0.03876878673163153,0.006032000272076031,7.753757346326306e-06,0.006024246514729705
2015-02-06,-0.0027650980510598444,0.1662813044389774,0.6013905191410043,0.003859370257126127,-0.001662903752402659,7.718740514252254e-07,-0.0016636756264540842
2015-02-09,-0.004475895017237108,0.16198103112333126,0.6173562379897476,0.015965718848743315,-0.0027632217094785577,3.1931437697486634e-06,-0.0027664148532483062
2015-02-10,0.010653354464729592,0.15059160981748854,0.6640476193939112,0.04669138140416362,0.007074334670863181,9.338276280832724e-06,0.007064996394582348
2015-02-11,0.000580150699838633,0.15234185049937365,0.6564184409747021,0.007629178419209071,0.0003808216179184579,1.5258356838418142e-06,0.00037929578223461604
2015-02-12,0.009616704794256581,0.14920290486873738,0.6702282377677292,0.013809796793027074,0.006445387107387061,2.761959358605415e-06,0.006442625148028456
2015-02-13,0.004116595946430213,0.15135837892322468,0.6606836087397857,0.009544629027943508,0.0027197674656110867,1.9089258055887014e-06,0.002717858539805498
2015-02-17,0.0015732452846670686,0.1489458585283376,0.6713848977611859,0.010701289021400218,0.0010562531245994677,2.140257804280044e-06,0.0010541128667951878
2015-02-18,9.521707823356707e-05,0.14324060994187862,0.6981260414946295,0.026741143733443606,6.647352190988463e-05,5.348228746688721e-06,6.11252931631959e-05
2015-02-19,-0.0007140161403516032,0.13823967795529252,0.7233813148229451,0.025255273328315564,-0.0005165059344123472,5.051054665663113e-06,-0.0005215569890780103
2015-02-20,0.006000455178428732,0.13855773131967403,0.7217208238585013,0.0016604909644437615,0.004330653454901595,3.320981928887523e-07,0.004330321356708706
2015-02-23,-0.00014201790300072403,0.13887213143673,0.7200868811145158,0.0016339427439855392,-0.0001022652288342152,3.267885487971079e-07,-0.00010259201738301232
2015-02-24,0.0028410238846119373,0.13072160186440568,0.7649845058028555,0.04489762468833969,0.0021733392523439715,8.979524937667937e-06,0.0021643597274063034
2015-02-25,-0.0008497268934332114,0.12852217553939022,0.7780758424008426,0.013091336597987113,-0.0006611519684186969,2.6182673195974226e-06,-0.0006637702357382944
2015-02-26,-0.0011815339236230793,0.1287640143550535,0.7766144951357319,0.0014613472651107129,-0.0009175963715802782,2.922694530221426e-07,-0.0009178886410333003
2015-02-27,-0.0034061718337484725,0.11782261122478546,0.8487335237310014,0.07211902859526953,-0.002890932222890628,1.4423805719053907e-05,-0.002905356028609682
2015-03-02,0.006313168736477026,0.10688526305429379,0.9355826719461193,0.08684914821511791,0.005906491274919882,1.736982964302358e-05,0.0058891214452768586
2015-03-03,-0.00410377476869539,0.10500882010720197,0.9523009581281978,0.01671828618207849,-0.003908028644170943,3.343657236415698e-06,-0.003911372301407359
2015-03-04,-0.004215621713859918,0.09331399425915059,1.0716506221165618,0.119349663988364,-0.004517673632266068,2.38699327976728e-05,-0.004541543565063741
2015-03-05,0.001094327728748068,0.08930167774117102,1.1197997902103993,0.04814916809383751,0.0012254279610735093,9.629833618767503e-06,0.0012157981274547418
2015-03-06,-0.014064741927841906,0.07681386794399332,1.3018482557461135,0.1820484655357142,-0.018310159746280214,3.6409693107142836e-05,-0.018346569439387356
2015-03-09,0.004144589047815561,0.0921048357315746,1.0857193241344532,0.21612893161166036,0.0044998604198093674,4.3225786322332076e-05,0.0044566346334870355
2015-03-10,-0.016221878839176918,0.08669655153063766,1.1534484155884914,0.06772909145403827,-0.01871110044491709,1.3545818290807655e-05,-0.018724646263207897
2015-03-11,-0.0023415007990950087,0.10395381594903483,0.9619656487552776,0.19148276683321386,-0.002252443335262431,3.829655336664277e-05,-0.0022907398886290735
2015-03-12,0.012713724625846412,0.103084091322715,0.9700817916407689,0.00811614288549134,0.012333352763468452,1.623228577098268e-06,0.012331729534891355
2015-03-13,-0.0061322452416430195,0.10597609273828551,0.9436090481931256,0.026472743447643277,-0.005786442095753594,5.294548689528656e-06,-0.005791736644443123
2015-03-16,0.013360687311327446,0.10811272191734345,0.9249605247794432,0.018648523413682394,0.012358108346899483,3.729704682736479e-06,0.012354378642216746
2015-03-17,-0.0029725843655913353,0.1130740620006412,0.8843761180122188,0.04058440676722441,-0.0026288826217054796,8.116881353444883e-06,-0.0026369995030589245
2015-03-18,0.01202172288443526,0.11244497666463223,0.8893238539081258,0.004947735895907024,0.010691204926201476,9.895471791814048e-07,0.010690215379022294
2015-03-19,-0.004561853432783036,0.12029584204933425,0.8312839271617488,0.058039926746377035,-0.0037921954367401874,1.1607985349275408e-05,-0.003803803422089463
2015-03-20,0.00882701183601009,0.12137828458320725,0.823870598792719,0.007413328369029859,0.007272315526884051,1.4826656738059719e-06,0.007270832861210245
2015-03-23,-0.0019485029880454974,0.12522409010434152,0.7985683898096299,0.025302208983089103,-0.0015560128937027453,5.060441796617821e-06,-0.0015610733354993632
2015-03-24,-0.005619242936077851,0.12371449148596518,0.8083127433082044,0.009744353498574498,-0.004542105672976336,1.9488706997149e-06,-0.004544054543676052
2015-03-25,-0.014653401831657642,0.1252176071752862,0.7986097343324468,0.009703008975757599,-0.011702349343846698,1.9406017951515197e-06,-0.01170428994564185
2015-03-26,-0.0023818740537504546,0.1340421293406087,0.7460341050379341,0.05257562929451265,-0.0017769592780027966,1.051512585890253e-05,-0.0017874744038616991
2015-03-27,0.0022899942660550288,0.13410636288994815,0.7456767736074024,0.00035733143053173766,0.0017075955358913653,7.146628610634753e-08,0.0017075240696052588
2015-03-30,0.012199789758973623,0.13465248017008,0.7426524923543159,0.0030242812530865137,0.00906020427070042,6.048562506173028e-07,0.009059599414449802
2015-03-31,-0.008739503486555278,0.14185780964361505,0.7049312283280482,0.03772126402626763,-0.006160748927754672,7.544252805253527e-06,-0.0061682931805599256
2015-04-01,-0.0035360479828463465,0.14260063479461882,0.7012591503819421,0.0036720779461061337,-0.002479686004160609,7.344155892212268e-07,-0.00248042041974983
2015-04-02,0.003596964395220059,0.14245915798128678,0.7019555739135834,0.0006964235316413436,0.002524909206393422,1.3928470632826874e-07,0.002524769921687094
2015-04-06,0.006733498918818359,0.1427988199698355,0.7002858988689387,0.0016696750446447695,0.004715374342897741,3.3393500892895393e-07,0.004715040407888812
2015-04-07,-0.0026461834042957877,0.1449692324911904,0.6898015412068688,0.010484357662069899,-0.001825341390599273,2.09687153241398e-06,-0.001827438262131687
2015-04-08,0.0033770151451968378,0.1365042482000919,0.7325779330575638,0.04277639185069504,0.002473926774972388,8.555278370139008e-06,0.002465371496602249
2015-04-09,0.004423482897899955,0.13625020590034145,0.7339438449960493,0.0013659119384854534,0.0032465880463589595,2.731823876970907e-07,0.0032463148639712623
2015-04-10,0.005457000699093939,0.12310915616715706,0.8122872669537304,0.07834342195768118,0.004432652183631612,1.5668684391536237e-05,0.004416983499240076
2015-04-13,-0.004522994669543534,0.12329155499545254,0.81108556059406,0.0012017063596704292,-0.0036685356671106624,2.4034127193408586e-07,-0.0036687760083825966
2015-04-14,0.0019133077134982912,0.11790508482766107,0.8481398418581142,0.03705428126405419,0.0016227525015523507,7.410856252810838e-06,0.0016153416452995399
2015-04-15,0.00448693621292251,0.11530128012752064,0.8672930594474081,0.01915321758929389,0.0038914886356509306,3.830643517858778e-06,0.003887657992133072
2015-04-16,-0.0002852603262665232,0.10720289329980169,0.9328106445815953,0.06551758513418726,-0.0002660938688182317,1.3103517026837454e-05,-0.00027919738584506913
2015-04-17,-0.01150353757296585,0.10645887721378118,0.9393298390625421,0.006519194480946733,-0.010805616097063918,1.3038388961893466e-06,-0.010806919935960108
2015-04-20,0.009136906614896079,0.1063565077601396,0.940233955645901,0.0009041165833588716,0.008590829848890938,1.8082331667177433e-07,0.008590649025574265
2015-04-21,-0.0011916069227305703,0.11002450765394634,0.9088884116121125,0.03134554403378842,-0.0010830377232665853,6.269108806757684e-06,-0.001089306832073343
2015-04-22,0.004914344025139794,0.10564434809731095,0.9465721716403434,0.03768376002823082,0.004651781296064321,7.536752005646164e-06,0.004644244544058675
2015-04-23,0.0025162720790454784,0.10685055229054814,0.9358865991453174,0.010685572495025997,0.00235494531858219,2.1371144990051995e-06,0.002352808204083185
2015-04-24,0.0023205273216311273,0.10500273237287855,0.952356169598395,0.01646957045307762,0.002209968511477043,3.293914090615524e-06,0.0022066745973864277
2015-04-27,-0.004157790269589068,0.08932570252533432,1.1194986120779544,0.16714244247955945,-0.0046546404361161855,3.342848849591189e-05,-0.004688068924612097
2015-04-28,0.0031789598284288623,0.09046759657481038,1.1053681515381808,0.014130460539773626,0.003513920949364544,2.8260921079547253e-06,0.0035110948572565893
2015-04-29,-0.00411495072670498,0.09064545395545648,1.1031992850864907,0.0021688664516901213,-0.004539610699867069,4.337732903380243e-07,-0.004540044473157407
2015-04-30,-0.01002035845198912,0.08328676613808711,1.200670942538492,0.09747165745200137,-0.012031153227123321,1.9494331490400274e-05,-0.01205064755861372
2015-05-01,0.01084149628158082,0.08518168073239236,1.1739613393419768,0.026709603196515275,0.01272749749519568,5.341920639303055e-06,0.012722155574556377
2015-05-04,0.0028474557573485715,0.0910026035021199,1.0988696603352728,0.07509167900670399,0.0031289827408973415,1.5018335801340799e-05,0.003113964405096001
2015-05-05,-0.011451734264972369,0.09078695458119064,1.1014798377290005,0.0026101773937277084,-0.012613854399897399,5.220354787455417e-07,-0.012614376435376145
2015-05-06,-0.0041169164116483525,0.09819492877922682,1.0183825299657945,0.08309730776320601,-0.00419259575095215,1.66194615526412e-05,-0.004209215212504791
2015-05-07,0.003989666752503007,0.09887373605490038,1.0113909314044152,0.00699159856137932,0.004035112772807245,1.398319712275864e-06,0.0040337144530949685
2015-05-08,0.013166005641278344,0.09914474515363526,1.008626325530813,0.002764605873602166,0.013279579891880531,5.529211747204333e-07,0.01327902697070581
2015-05-11,-0.004772533594232131,0.10803936583139796,0.9255885503442896,0.08303777518652344,-0.0044174024509547405,1.660755503730469e-05,-0.004434010005992045
2015-05-12,-0.002991363319268525,0.10810195563455063,0.9250526450979287,0.0005359052463608238,-0.002767168550938269,1.0718104927216477e-07,-0.002767275731987541
2015-05-13,0.00019031834048721663,0.1073954141865445,0.9311384546299272,0.006085809531998443,0.00017721272544899918,1.2171619063996886e-06,0.0001759955635425995
2015-05-14,0.010427600628202471,0.10721965519543672,0.9326648161451653,0.001526361515238106,0.009725456222737667,3.052723030476212e-07,0.00972515095043462
2015-05-15,0.0010841525068925328,0.11211602908620912,0.8919331233458798,0.04073169279928546,0.0009669915316559224,8.146338559857092e-06,0.0009588451930960652
2015-05-18,0.0031061828716796303,0.11210708907430404,0.8920042508080865,7.11274622067215e-05,0.0027707283253254993,1.4225492441344302e-08,0.002770714099833058
2015-05-19,-0.00032837511363681404,0.10350688519864032,0.9661193050886399,0.07411505428055332,-0.00031724953659520194,1.4823010856110665e-05,-0.0003320725474513126
2015-05-20,-0.0007040154260096187,0.09945976556214177,1.0054316882289522,0.03931238314031238,-0.000707839418312076,7.862476628062476e-06,-0.0007157018949401385
2015-05-21,0.0029123836605877695,0.09935503875643091,1.006491479965603,0.001059791736650828,0.0029312893407726246,2.1195834733016562e-07,0.0029310773824252944
2015-05-22,-0.0023886413342625312,0.09853856851884782,1.0148310606001207,0.008339580634517674,-0.002424067418642932,1.667916126903535e-06,-0.0024257353347698356
2015-05-26,-0.010751654811430034,0.09884065962154372,1.0117293873077673,0.0031016732923534462,-0.010877765134912716,6.203346584706893e-07,-0.010878385469571187
2015-05-27,0.009492041493738945,0.10581633433430508,0.9450336815114994,0.06669570579626793,0.008970298917888028,1.3339141159253588e-05,0.008956959776728774
2015-05-28,-0.0011284316175281806,0.10985962841466923,0.9102524871333654,0.034781194378133984,-0.0010271576864149528,6.956238875626797e-06,-0.0010341139252905795
2015-05-29,-0.006212822630899395,0.10952769614279666,0.9130110786738824,0.0027585915405170525,-0.005672375891846965,5.517183081034105e-07,-0.005672927610155068
2015-06-01,0.0020367945223258577,0.11081509202421722,0.9024041596982683,0.010606918975614166,0.0018380118493975012,2.1213837951228332e-06,0.0018358904656023784
2015-06-02,-0.0009926836088726132,0.1045644978689762,0.9563475370512876,0.05394337735301935,-0.0009493505244165074,1.0788675470603871e-05,-0.0009601391998871112
2015-06-03,0.0026491486066562153,0.09796771944857824,1.0207443897118427,0.06439685266055506,0.0027041035777572767,1.2879370532111012e-05,0.0026912242072251657
2015-06-04,-0.008446008246844716,0.09790162688461208,1.0214334856545446,0.000689095942701945,-0.008627035643441628,1.3781918854038899e-07,-0.008627173462630169
2015-06-05,-0.0017136550652160354,0.09388365743421452,1.0651481070608193,0.04371462140627469,-0.001825296448870045,8.742924281254938e-06,-0.0018340393731513
2015-06-08,-0.006149501722295336,0.09282337672355516,1.0773148266068593,0.012166719546039984,-0.006624949381673182,2.433343909207997e-06,-0.00662738272558239
2015-06-09,-0.00014378783196800082,0.09452699994269033,1.0578988020420392,0.019416024564820056,-0.0001521129751871701,3.883204912964011e-06,-0.0001559961801001341
2015-06-10,0.011993276819823873,0.08136949704506592,1.2289617563276287,0.17106295428558949,0.014739278544614183,3.42125908571179e-05,0.014705065953757066
2015-06-11,0.003223760522141461,0.0909723952874156,1.0992345500419423,0.12972720628568646,0.003543668946999146,2.5945441257137295e-05,0.0035177235057420085
2015-06-12,-0.007655225974376734,0.0908654127944675,1.1005287592342141,0.0012942091922718557,-0.008424796343238354,2.5884183845437113e-07,-0.008425055185076809
2015-06-15,-0.004285273554752389,0.09504900480037813,1.0520888694207788,0.04843988981343528,-0.004508488609378203,9.687977962687056e-06,-0.00451817658734089
2015-06-16,0.0054513444814547896,0.08815461762951983,1.1343705263434047,0.0822816569226259,0.006183844508707084,1.645633138452518e-05,0.006167388177322559
2015-06-17,0.001617072195752689,0.09052566934861864,1.1046590510686563,0.02971147527474849,0.0017863134372696737,5.942295054949698e-06,0.001780371142214724
2015-06-18,0.010399465473255987,0.08992781965758118,1.1120029417011414,0.007343890632485195,0.01156423619838011,1.468778126497039e-06,0.011562767420253613
2015-06-19,-0.0044389954675728704,0.09760960252058629,1.0244893680302567,0.08751357367088475,-0.004547703661262904,1.750271473417695e-05,-0.004565206375997081
2015-06-22,0.005122844345420097,0.09878121730524332,1.0123382028284844,0.012151165201772285,0.005186051038012644,2.430233040354457e-06,0.005183620804972289
2015-06-23,0.0007075726948457817,0.09995305184532857,1.0004697020631654,0.011868500765318979,0.0007079050432003903,2.373700153063796e-06,0.0007055313430473265
2015-06-24,-0.007262165127814635,0.09963885601332935,1.0036245296375377,0.003154827574372243,-0.007288487060553092,6.309655148744487e-07,-0.007289118026067966
2015-06-25,-0.0030405168365652546,0.09552656915653178,1.0468291793892228,0.04320464975168514,-0.0031829017449407212,8.64092995033703e-06,-0.0031915426748910583
2015-06-26,-0.0001906391137043162,0.08986914269385977,1.1127289857504383,0.06589980636121551,-0.00021212966763656623,1.3179961272243102e-05,-0.00022530962890880934
2015-06-29,-0.020970375871406932,0.08983124687271805,1.1131983967860322,0.00046941103559383635,-0.02334418880005069,9.388220711876727e-08,-0.02334428268225781
2015-06-30,0.0020931761868288046,0.11341851179765335,0.8816902850780398,0.23150811170799235,0.001845533108883653,4.630162234159847e-05,0.0017992314865420546
2015-07-01,0.00801567625405819,0.11343802395416067,0.8815386280036855,0.00015165707435427223,0.007066128247524179,3.033141487085445e-08,0.007066097916109308
2015-07-02,-0.0009157908161960826,0.11770641314573142,0.8495713812652737,0.03196724673841189,-0.0007780296686657582,6.393449347682379e-06,-0.0007844231180134406
2015-07-06,-0.0028458531242807616,0.11710509989550445,0.8539337747820742,0.004362393516800567,-0.00243017010089243,8.724787033601134e-07,-0.00243104257959579
2015-07-07,0.006288731871268771,0.1140591264020161,0.8767382598349659,0.022804485052891676,0.005513571837384872,4.560897010578335e-06,0.005509010940374293
2015-07-08,-0.016777177506377527,0.11635239184317824,0.8594580516641354,0.017280208170830536,-0.014419280292054587,3.4560416341661075e-06,-0.014422736333688752
2015-07-09,0.0018089630827824443,0.12846058461697346,0.7784488938623982,0.08100915780173712,0.0014081853108299078,1.6201831560347426e-05,0.0013919834792695603
2015-07-10,0.012591464975014066,0.1287350146984836,0.7767894401862209,0.0016594536761773693,0.009780917029065583,3.3189073523547384e-07,0.009780585138330349
2015-07-13,0.011037035723695743,0.1294842023200647,0.7722949843164315,0.00449445586978936,0.008523847331131498,8.98891173957872e-07,0.00852294843995754
2015-07-14,0.00433815992849973,0.13504511358151394,0.7404932866352064,0.031801697681225094,0.0032123783034039167,6.360339536245019e-06,0.0032060179638676717
2015-07-15,-0.0003319290847973999,0.1330277000358699,0.7517231371589209,0.011229850523714502,-0.00024951877293819094,2.2459701047429006e-06,-0.00025176474304293385
2015-07-16,0.00802377613408245,0.13196785140326062,0.7577603100805598,0.006037172921638856,0.006080099091379312,1.2074345843277712e-06,0.006078891656794984
2015-07-17,0.0008480165834354736,0.13345077630313573,0.7493399646686827,0.008420345411877084,0.0006354527166699948,1.6840690823754168e-06,0.0006337686475876194
2015-07-20,0.000517836326166643,0.13341274490149596,0.7495535758134206,0.0002136111447379463,0.00038814606996429203,4.272222894758926e-08,0.0003881033477353444
2015-07-21,-0.003951322407694691,0.1286585900862823,0.7772508616248399,0.02769728581141928,-0.003071168745938235,5.539457162283856e-06,-0.003076708203100519
2015-07-22,-0.001794301795339015,0.1284469958230097,0.7785312483118911,0.001280386687051216,-0.0013969200165735508,2.560773374102432e-07,-0.001397176093910961
2015-07-23,-0.005630346690679855,0.12736645969406174,0.7851360573278331,0.006604809015941959,-0.0044205882021091936,1.320961803188392e-06,-0.004421909163912382
2015-07-24,-0.01037201282390876,0.12875353181859334,0.7766777236130076,0.008458333714825517,-0.00805571130935838,1.6916667429651035e-06,-0.008057402976101344
2015-07-27,-0.005817215219277361,0.13127163835537453,0.7617791722023236,0.014898551410683969,-0.004431433394263867,2.979710282136794e-06,-0.004434413104546004
2015-07-28,0.012282914505219011,0.13228759191895714,0.7559287953571838,0.005850376845139782,0.009285008765405486,1.1700753690279565e-06,0.009283838690036458
2015-07-29,0.006879249039866364,0.1397040576120786,0.7157988229495358,0.04012997240764804,0.004924158365513067,8.025994481529609e-06,0.004916132371031538
2015-07-30,0.0002373134553863565,0.1189931330012954,0.8403846295811992,0.12458580663166341,0.00019943458029949765,2.4917161326332683e-05,0.00017451741897316498
2015-07-31,-0.001517820720579377,0.1190014703358304,0.8403257515877163,5.887799348291978e-05,-0.001275463837796274,1.1775598696583956e-08,-0.0012754756133949708
2015-08-03,-0.003373077441062189,0.11664391142371368,0.8573100711338975,0.01698431954618118,-0.00289177326093717,3.3968639092362365e-06,-0.0028951701248464065
2015-08-04,-0.0019539614304170394,0.11738358327756673,0.851907883605314,0.0054021875285834575,-0.001664595146832992,1.0804375057166916e-06,-0.0016656755843387086
2015-08-05,0.0032954068578832096,0.11709471415038594,0.8540095146529756,0.0021016310476615896,0.002814308811284927,4.2032620953231793e-07,0.002813888485075395
2015-08-06,-0.008187977700278015,0.1157247526396439,0.8641193670241897,0.01010985237121409,-0.007075390107572419,2.0219704742428182e-06,-0.007077412078046662
2015-08-07,-0.0019199438659959212,0.10266227183460555,0.9740676707515824,0.10994830372739273,-0.0018701552495244353,2.1989660745478546e-05,-0.0018921449102699138
2015-08-10,0.012599088391201496,0.10305881899744995,0.9703196773725339,0.00374799337904852,0.012225143382938673,7.49598675809704e-07,0.012224393784262863
2015-08-11,-0.009023087683830755,0.10306988287231446,0.9702155199291581,0.00010415744337577415,-0.008754339708534238,2.083148867515483e-08,-0.008754360540022913
2015-08-12,0.001197982400823694,0.10118807064508033,0.988258787448893,0.01804326751973484,0.0011839166348231373,3.6086535039469683e-06,0.0011803079813191904
2015-08-13,-0.0012443793779399748,0.09997891979775805,1.0002108464692816,0.01195205902038865,-0.0012446417509382602,2.39041180407773e-06,-0.001247032162742338
2015-08-14,0.003642360174312742,0.10002328410502737,0.9997672131520605,0.00044363331722108157,0.0036415122807687034,8.872666344421632e-08,0.003641423554105259
2015-08-17,0.005586555073645139,0.09644836223119428,1.0368242413519908,0.037057028199930286,0.005792275726003236,7.411405639986058e-06,0.0057848643203632505
2015-08-18,-0.002896256888235027,0.09873468267636804,1.0128153277990413,0.02400891355294954,-0.00293337336964799,4.801782710589908e-06,-0.00293817515235858
2015-08-19,-0.00790543220098927,0.09903960108549625,1.0096971201820035,0.003118207617037738,-0.007982092127132944,6.236415234075477e-07,-0.007982715768656352
2015-08-20,-0.020881614478444166,0.10165349433631825,0.9837340137974235,0.025963106384579993,-0.020541954425450273,5.192621276915999e-06,-0.02054714704672719
2015-08-21,-0.030102478603819538,0.12330397571863255,0.8110038578820045,0.17273015591541907,-0.024413226279508142,3.4546031183083816e-05,-0.024447772310691226
2015-08-24,-0.04210696733159869,0.15759067070598048,0.6345553296525507,0.17644852822945378,-0.026719200535771787,3.528970564589076e-05,-0.026754490241417676
2015-08-25,-0.011767660061472451,0.20724362976060975,0.48252387837209526,0.15203145128045542,-0.0056781769722260966,3.0406290256091084e-05,-0.005708583262482188
2015-08-26,0.03839370703589973,0.20879614619393033,0.4789360427520524,0.003587835620042834,0.018388130114355448,7.175671240085669e-07,0.01838741254723144
2015-08-27,0.024735161251431714,0.2508056508841059,0.39871509931093513,0.0802209434411173,0.009862282274836591,1.604418868822346e-05,0.009846238086148368
2015-08-28,5.033038037272064e-05,0.2671091537211989,0.3743787833807344,0.024336315930200747,1.8842626571028745e-05,4.867263186040149e-06,1.3975363384988594e-05
2015-08-31,-0.00807936444377999,0.2670855029601599,0.37441193509823933,3.315171750495338e-05,-0.0030250104757595766,6.630343500990677e-09,-0.0030250171061030773
2015-09-01,-0.029847237628986667,0.26773490325820903,0.37350378595785083,0.0009081491403885034,-0.011148056254810147,1.816298280777007e-07,-0.011148237884638224
2015-09-02,0.018980914964714657,0.28361701723510174,0.35258815206108,0.020915633896770813,0.006692445731837241,4.183126779354163e-06,0.006688262605057887
2015-09-03,0.0007162960824091957,0.2946827709709843,0.33934796958267516,0.01324018247840486,0.00024307362118558513,2.6480364956809724e-06,0.00024042558468990416
2015-09-04,-0.015136646957354505,0.29411038396189615,0.34000839634739194,0.0006604267647167816,-0.005146587058046734,1.3208535294335633e-07,-0.005146719143399678
2015-09-08,0.025130891047427717,0.29655788994266113,0.33720229132779034,0.0028061050196016013,0.00847419404430168,5.612210039203203e-07,0.00847363282329776
2015-09-09,-0.013371563934209574,0.3128156349862233,0.3196771158973691,0.017525175430421258,-0.004274582993525395,3.5050350860842517e-06,-0.004278088028611479
2015-09-10,0.005441747101667005,0.3101727233862759,0.3224010122755516,0.0027238963781825443,0.0017544247741249916,5.447792756365089e-07,0.001753879994849355
2015-09-11,0.004544353988261696,0.3109856772598753,0.321558217346566,0.0008427949289856462,0.0014612743674571882,1.6855898579712925e-07,0.001461105808471391
2015-09-14,-0.003710852487683325,0.31174713955103367,0.3207727908715255,0.0007854264750404849,-0.0011903405089867232,1.57085295008097e-07,-0.0011904975942817312
2015-09-15,0.012499614843421103,0.3117218813577396,0.32079878244170346,2.5991570177963386e-05,0.004009861222759733,5.198314035592677e-09,0.004009856024445698
2015-09-16,0.00866661133550961,0.31551164385857744,0.3169455135697726,0.0038532688719308816,0.0027468435806427063,7.706537743861764e-07,0.00274607292686832
2015-09-17,-0.0022479883713137916,0.31666835153155737,0.31578779349547526,0.0011577200742973193,-0.0007098872875806693,2.3154401485946387e-07,-0.0007101188315955288
2015-09-18,-0.01634169144478459,0.3166589030483624,0.31579721598646254,9.422490987287535e-06,-0.005160660662772766,1.884498197457507e-09,-0.005160662547270964
2015-09-21,0.00516784070873455,0.3199091883524325,0.3125887084238218,0.003208507562640739,0.001615408652483381,6.417015125281478e-07,0.0016147669509708527
2015-09-22,-0.01297986613380675,0.3138131691993937,0.3186609416523913,0.006072233228569479,-0.004136176364720842,1.214446645713896e-06,-0.004137390811366556
2015-09-23,-0.001598738811316558,0.2993179380196522,0.334092906898999,0.015431965246607726,-0.0005341272968449991,3.0863930493215454e-06,-0.0005372136898943206
2015-09-24,-0.003615642001221997,0.25854706968228675,0.3867767680480158,0.0526838611490168,-0.0013984463276513041,1.053677222980336e-05,-0.0014089830998811074
2015-09-25,-0.00025918382390899275,0.2548342917150451,0.3924118662641356,0.005635098216119794,-0.00010170680804560293,1.1270196432239589e-06,-0.00010283382768882688
2015-09-28,-0.02509740559217477,0.21726990448706107,0.4602570256386118,0.06784515937447622,-0.011551257249100224,1.3569031874895244e-05,-0.011564826280975118
2015-09-29,0.0005853062563661027,0.21416965607926716,0.4669195526138802,0.006662526975268368,0.00027329093536456573,1.3325053950536737e-06,0.0002719584299695121
2015-09-30,0.01865845058903859,0.2142558079659665,0.46673180507612905,0.00018774753775113728,0.008708492323345744,3.754950755022746e-08,0.008708454773838194
2015-10-01,0.0026091097369076444,0.2250836755952371,0.4442792207633385,0.02245258431279057,0.0011591732407993673,4.490516862558114e-06,0.0011546827239368091
2015-10-02,0.01493730352417666,0.19954726228527384,0.5011344122428474,0.056855191479508904,0.007485596822081283,1.137103829590178e-05,0.007474225783785381
2015-10-05,0.017795390589453897,0.1952514141171328,0.5121601830755974,0.011025770832750026,0.00911409050219647,2.2051541665500052e-06,0.009111885348029921
2015-10-06,-0.0034264696546761897,0.2045422078610843,0.48889664898853263,0.023263534087064774,-0.0016751895320320836,4.652706817412955e-06,-0.0016798422388494966
2015-10-07,0.008190826182623123,0.19675282054106533,0.5082519260715171,0.019355277082984512,0.004163003183435214,3.8710554165969026e-06,0.004159132128018618
2015-10-08,0.009026736081278575,0.1791810342127421,0.5580947807303632,0.04984285465884608,0.005037774293992024,9.968570931769216e-06,0.0050278057230602555
2015-10-09,0.0005961334394211093,0.17359889301928183,0.5760405395493673,0.017945758819004065,0.0003433970280875559,3.5891517638008132e-06,0.00033980787632375506
2015-10-12,0.0009434060376358744,0.17314653494195106,0.5775454878928181,0.0015049483434508293,0.0005448599002874414,3.009896686901659e-07,0.0005445589106187512
2015-10-13,-0.006301635933527616,0.17282901985964827,0.5786065330996405,0.0010610452068223752,-0.0036461677203545304,2.1220904136447506e-07,-0.003646379929395895
2015-10-14,-0.004794204003840896,0.1740321738277798,0.5746063949012028,0.004000138198437697,-0.0027547802790679294,8.000276396875395e-07,-0.002755580306707617
2015-10-15,0.01535443861367325,0.17031094074243933,0.587161338925546,0.012554944024343206,0.00901553273485449,2.5109888048686414e-06,0.009013021746049621
2015-10-16,0.0045467690424521034,0.17583734471720663,0.5687074049077953,0.01845393401775075,0.002585781222848037,3.6907868035501504e-06,0.002582090436044487
2015-10-19,0.0004920121694413915,0.17591934854453345,0.5684423051094082,0.00026509979838706954,0.0002796805317391453,5.301995967741391e-08,0.0002796275117794679
2015-10-20,-0.0012785309311645898,0.16410683903749432,0.6093591259603294,0.04091682085092119,-0.0007790844907277005,8.183364170184239e-06,-0.0007872678548978848
2015-10-21,-0.0062034481429456,0.1640306851970558,0.6096420305741362,0.00028290461380686693,-0.0037818827224267103,5.658092276137339e-08,-0.0037819393033494716
2015-10-22,0.016893451209039068,0.15799045958151256,0.6329496114188253,0.02330758084468909,0.010692703378284162,4.661516168937818e-06,0.010688041862115225
2015-10-23,0.010962018170860954,0.16554794155677663,0.6040546264702652,0.028894984948560132,0.006621657791559673,5.778996989712027e-06,0.006615878794569961
2015-10-26,-0.0024580521101782438,0.1660857290874822,0.6020986905342547,0.001955935936010511,-0.0014799899568032821,3.9118718720210223e-07,-0.0014803811439904843
2015-10-27,-0.0019317066666221239,0.16689133910396317,0.5991922680763324,0.0029064224579222753,-0.0011574636988314821,5.812844915844551e-07,-0.0011580449833230666
2015-10-28,0.011374200588882388,0.1328113927303521,0.7529474538606089,0.1537551857842765,0.008564175373098833,3.07510371568553e-05,0.008533424335941979
2015-10-29,-0.0005745741777093416,0.13402355646814323,0.7461374898208252,0.0068099640397837335,-0.00042871133467191287,1.3619928079567467e-06,-0.0004300733274798696
2015-10-30,-0.004309342564354779,0.12571441468823955,0.7954537293753546,0.04931623955452946,-0.0034278826139719633,9.863247910905893e-06,-0.003437745861882869
2015-11-02,0.011830683316311097,0.12901102995138147,0.7751275223342188,0.020326207041135858,0.009170288246493,4.065241408227172e-06,0.009166223005084772
2015-11-03,0.002899420133281261,0.12604715061840016,0.7933539116861414,0.018226389351922667,0.002300266304360242,3.6452778703845335e-06,0.002296621026489857
2015-11-04,-0.0030331563309016207,0.11507425693848515,0.8690040905800214,0.07565017889387993,-0.002635825258922197,1.5130035778775986e-05,-0.0026509552947009732
2015-11-05,-0.0009982025775662207,0.11480764884747083,0.8710221052680582,0.002018014688036862,-0.0008694565105957317,4.0360293760737244e-07,-0.0008698601135333391
2015-11-06,-0.000523468853603215,0.11394519876604867,0.8776148629598617,0.0065927576918034525,-0.00045940404621874146,1.3185515383606905e-06,-0.00046072259775710217
2015-11-09,-0.00933158879463869,0.11186319651103283,0.8939490656351593,0.016334202675297615,-0.008341965083858779,3.266840535059523e-06,-0.008345231924393839
2015-11-10,0.0023065936413055876,0.11859601068778215,0.8431986828229971,0.050750382812162154,0.0019449167201567722,1.015007656243243e-05,0.0019347666435943398
2015-11-11,-0.003931417309375518,0.11859521698416413,0.843204325966644,5.643143646816284e-06,-0.0033149880824455804,1.1286287293632568e-09,-0.00331498921107431
2015-11-12,-0.013960021272814038,0.11686111713278646,0.8557166186112394,0.012512292644595413,-0.0119458221993134,2.502458528919083e-06,-0.011948324657842319
2015-11-13,-0.011228215134749475,0.12720927051788597,0.7861062294665052,0.06961038914473416,-0.008826569863216657,1.3922077828946833e-05,-0.008840491941045605
2015-11-16,0.015207031261939008,0.12358548344958484,0.8091565223418312,0.023050292875326006,0.012304868531054078,4.6100585750652015e-06,0.012300258472479012
2015-11-17,-0.0007295392745639839,0.13356181997419664,0.7487169613241226,0.06043956101770864,-0.0005462184288181508,1.2087912203541729e-05,-0.0005583063410216925
2015-11-18,0.0158661927712338,0.1336391008189727,0.7482839931365584,0.00043296818756421995,0.011872418082733224,8.6593637512844e-08,0.011872331489095712
2015-11-19,-0.0008624206587386496,0.14355618965879693,0.6965913503115339,0.051692642825024504,-0.0006007547712073185,1.03385285650049e-05,-0.0006110932997723234
2015-11-20,0.003644290434136943,0.14119306167828305,0.7082500996249806,0.011658749313446792,0.002581069063039854,2.3317498626893585e-06,0.0025787373131771645
2015-11-23,-0.0011468238051881574,0.13012956384225746,0.768464882593625,0.060214782968644354,-0.0008812938208094917,1.2042956593728872e-05,-0.0008933367774032206
2015-11-24,0.0013392940729770597,0.1250679868297525,0.7995651208180392,0.03110023822441421,0.0010708528272707866,6.220047644882842e-06,0.0010646327796259038
2015-11-25,-0.00014306470159830553,0.12467102896415805,0.8021109702138516,0.002545849395812372,-0.00011475376660237201,5.091698791624744e-07,-0.00011526293648153449
2015-11-27,0.0011465079955037538,0.12437294603114854,0.8040333785689658,0.001922408355114258,0.0009218306971812159,3.844816710228516e-07,0.000921446215510193
2015-11-30,-0.004151755499429588,0.11815425763664583,0.8463512191623703,0.04231784059340449,-0.0035138433286063075,8.463568118680897e-06,-0.0035223068967249883
2015-12-01,0.009535646521684926,0.11908260093897348,0.8397532402844243,0.006597978877945998,0.008007590064791816,1.3195957755891996e-06,0.008006270469016226
2015-12-02,-0.010205039311775632,0.12238945590768886,0.8170638496458723,0.02268939063855202,-0.008338168705866861,4.537878127710404e-06,-0.008342706583994572
2015-12-03,-0.014002568352615152,0.12082919223808332,0.8276145701856451,0.010550720539772795,-0.011588729588644707,2.110144107954559e-06,-0.011590839732752661
2015-12-04,0.019502906299995626,0.12893615270186728,0.7755776630874436,0.052036907098201524,0.015126018491563989,1.0407381419640305e-05,0.015115611110144348
2015-12-07,-0.006058476738505014,0.1472345135577103,0.6791885787078301,0.09638908437961347,-0.0041148482051596704,1.9277816875922694e-05,-0.004134126022035593
2015-12-08,-0.006719609681516081,0.1486485163098331,0.6727278716429744,0.006460707064855686,-0.0045204687193178385,1.2921414129711374e-06,-0.00452176086073081
2015-12-09,-0.007779718572454852,0.1502710152042708,0.6654643269965607,0.0072635446464137665,-0.005177125184041312,1.4527089292827533e-06,-0.005178577892970594
2015-12-10,0.0025811199631142756,0.14923562671653043,0.6700812815290257,0.004616954532465023,0.0017295601726637652,9.233909064930046e-07,0.0017286367817572722
2015-12-11,-0.01938134774779876,0.1493057566061969,0.6697665399717717,0.00031474155725397246,-0.012980978221032866,6.29483114507945e-08,-0.012981041169344317
2015-12-14,0.005052754271910986,0.16267455661562435,0.6147242819065126,0.055042258065259086,0.003106050741450545,1.1008451613051818e-05,0.003095042289837493
2015-12-15,0.010497721786099534,0.15729192186255675,0.6357605579222371,0.021036276015724442,0.006674037459643063,4.207255203144889e-06,0.006669830204439918
2015-12-16,0.014631884276243401,0.15646095131635343,0.6391371083881933,0.0033765504659561962,0.009351780206588878,6.753100931912393e-07,0.009351104896495687
2015-12-17,-0.015238153252194131,0.15579697741548154,0.6418609761171337,0.002723867728940399,-0.0097807759206758,5.447735457880798e-07,-0.009781320694221588
2015-12-18,-0.01781466350909544,0.16518205583369674,0.6053926347827925,0.03646834133434118,-0.010784866079540156,7.293668266868237e-06,-0.010792159747807024
2015-12-21,0.008248756859071227,0.16539330796487825,0.6046193841242675,0.0007732506585249599,0.004987358291922472,1.5465013170499198e-07,0.004987203641790767
2015-12-22,0.00907425689259056,0.16894381859288743,0.5919127484680284,0.012706635656239085,0.00537116833759823,2.5413271312478173e-06,0.005368627010466982
2015-12-23,0.012383233739573729,0.1719503120585546,0.5815633528245462,0.010349395643482251,0.007201634932396541,2.0698791286964504e-06,0.007199565053267845
2015-12-24,-0.001650481342804988,0.1780845073509935,0.5615311600514817,0.02003219277306445,-0.0009267967030686122,4.00643855461289e-06,-0.0009308031416232251
2015-12-28,-0.0022850323298592157,0.17802680187287323,0.5617131743534256,0.00018201430194386692,-0.001283532763505424,3.6402860388773386e-08,-0.0012835691663658129
2015-12-29,0.0106720893816592,0.17812736301816823,0.5613960612542186,0.0003171130992070115,0.005991268944216444,6.34226198414023e-08,0.005991205521596602
2015-12-30,-0.0070876253797674815,0.18231238084428575,0.548509100352382,0.012886960901836608,-0.003887627020690971,2.577392180367322e-06,-0.0038902044128713382
2015-12-31,-0.010003718655212657,0.18340516647841137,0.5452409107121364,0.0032681896402455557,-0.005454436670076138,6.536379280491112e-07,-0.0054550903080041865
2016-01-04,-0.013979200367473243,0.18270726360025438,0.5473236149975418,0.002082704285405357,-0.00765114647990042,4.1654085708107136e-07,-0.007651563020757501
2016-01-05,0.0016916238508517534,0.18549287294835004,0.539104270749231,0.008219344248310834,0.0009119616424954403,1.6438688496621668e-06,0.0009103177736457781
2016-01-06,-0.012614248850994825,0.17993952098067684,0.5557422819344879,0.016638011185256985,-0.007010271441341356,3.327602237051397e-06,-0.007013599043578407
2016-01-07,-0.023991940237446885,0.1686568102496549,0.592920024112721,0.03717774217823311,-0.01422530178409797,7.435548435646622e-06,-0.014232737332533616
2016-01-08,-0.010976469560054158,0.18454600508376365,0.541870304667993,0.051049719444728026,-0.005947822904685498,1.0209943888945606e-05,-0.005958032848574444
2016-01-11,0.000990125527810859,0.18619896046593246,0.5370599263807185,0.004810378287274486,0.00053175674307377,9.620756574548973e-07,0.0005307946674163152
2016-01-12,0.008068055968393217,0.1859810506935855,0.5376891872965905,0.0006292609158720097,0.0043381064567087554,1.2585218317440195e-07,0.0043379806045255815
2016-01-13,-0.02494027714991276,0.1889362583750791,0.5292790323045273,0.008410154992063212,-0.01320036575531254,1.6820309984126426e-06,-0.013202047786310954
2016-01-14,0.016416875555449906,0.19602159728356533,0.5101478683256506,0.01913116397887671,0.008375034069180252,3.826232795775342e-06,0.008371207836384476
2016-01-15,-0.021466370923914457,0.20549805854089914,0.4866226022281255,0.023525266097525144,-0.010446021279389423,4.705053219505029e-06,-0.010450726332608929
2016-01-19,0.0013313576108457958,0.2102295297626114,0.4756705687964901,0.010952033431635366,0.0006332876320225559,2.1904066863270734e-06,0.0006310972253362288
2016-01-20,-0.012815240469581601,0.2003504196944596,0.49912548300374415,0.02345491420725404,-0.006396413089189046,4.690982841450808e-06,-0.0064011040720304965
2016-01-21,0.005602164705377666,0.19887491367551563,0.5028286280649757,0.003703145061231594,0.0028169287929990807,7.406290122463188e-07,0.0028161881639868344
2016-01-22,0.020515091595063595,0.19536878320053594,0.5118524994720123,0.009023871407036532,0.010500700909830572,1.8047742814073064e-06,0.010498896135549165
2016-01-25,-0.015116722254120973,0.2086034634556647,0.47937842614609033,0.03247407332592195,-0.0072466305226680915,6.49481466518439e-06,-0.007253125337333276
2016-01-26,0.013643178815714752,0.20834479089514701,0.47997360322930593,0.0005951770832156034,0.0065483656956803445,1.1903541664312068e-07,0.006548246660263701
2016-01-27,-0.010882914438110847,0.20961776559197362,0.47705880137398554,0.0029148018553203925,-0.005191790117300802,5.829603710640786e-07,-0.005192373077671866
2016-01-28,0.005209389099361861,0.21090836438160462,0.4741395643231397,0.0029192370508458465,0.002469977477961146,5.838474101691694e-07,0.0024693936305509767
2016-01-29,0.024376900818943836,0.21332900261717155,0.46875951592692944,0.005380048396210257,0.011426904227686883,1.0760096792420515e-06,0.01142582821800764
2016-02-01,-0.000361201806046374,0.22969578105172203,0.43535845343838675,0.03340106248854269,-0.0001572522596595015,6.680212497708538e-06,-0.00016393247215721005
2016-02-02,-0.01802212707158568,0.2294224696945691,0.4358770966642036,0.0005186432258168505,-0.007855432423676112,1.0372864516337011e-07,-0.007855536152321275
2016-02-03,0.005994593044970076,0.23421565787472431,0.4269569374968403,0.008920159167363273,0.0025594330880202823,1.7840318334726547e-06,0.0025576490561868095
2016-02-04,0.0015681989129046059,0.23285559493265684,0.42945070754654,0.002493770049699695,0.0006734641327205979,4.98754009939939e-07,0.000672965378710658
2016-02-05,-0.019049926672192852,0.23282963018526331,0.42949859912773847,4.789158119844483e-05,-0.008181916819192971,9.578316239688968e-09,-0.00818192639750921
2016-02-08,-0.013461202527415783,0.2374569544270558,0.42112895889397467,0.008369640233763798,-0.00566890220583155,1.6739280467527595e-06,-0.005670576133878303
2016-02-09,5.397978403398618e-05,0.22810289559948102,0.4383986434595157,0.01726968456554101,2.3664664094737164e-05,3.453936913108202e-06,2.0210727181628963e-05
2016-02-10,-0.0008628490671029887,0.22586286966411964,0.44274652203219533,0.004347878572679653,-0.0003820234234985726,8.695757145359307e-07,-0.0003828929992131085
2016-02-11,-0.013008034454673911,0.22569244661725057,0.4430808451892453,0.00033432315704995386,-0.00576361090042774,6.686463140999077e-08,-0.00576367776505915
2016-02-12,0.020617065890933928,0.2260917409632445,0.44229833241125294,0.0007825127779923502,0.009118893862772998,1.5650255559847005e-07,0.0091187373602174
2016-02-16,0.01687816008484555,0.22452705370415768,0.445380627190532,0.003082294779279071,0.007517205524410714,6.164589558558143e-07,0.007516589065454858
2016-02-17,0.016334985460833007,0.22496925631215034,0.4445051810157009,0.000875446174831096,0.007260985669156418,1.750892349662192e-07,0.0072608105799214515
2016-02-18,-0.004095995495812521,0.21847111278655196,0.4577264184931434,0.013221237477442471,-0.0018748453484623124,2.6442474954884945e-06,-0.0018774895959578009
2016-02-19,-0.00046866608248297137,0.2192872996189811,0.456022761800402,0.0017036566927413621,-0.00021372240129605963,3.4073133854827245e-07,-0.0002140631326346079
2016-02-22,0.014478900420300533,0.21350975498839161,0.4683626750704526,0.012339913270050573,0.006781376532930658,2.4679826540101147e-06,0.006778908550276648
2016-02-23,-0.012629300892422424,0.2177323487663079,0.4592794803648125,0.009083194705640119,-0.005800378751242633,1.8166389411280238e-06,-0.005802195390183762
2016-02-24,0.004575652465737434,0.21264657371337087,0.47026386672371845,0.010984386358905973,0.0021517640213216025,2.1968772717811947e-06,0.0021495671440498213
2016-02-25,0.012111657140940757,0.20519702543599658,0.4873364990916557,0.017072632367937268,0.005902452589264521,3.4145264735874536e-06,0.005899038062790934
2016-02-26,-0.0023011535294535923,0.2041180653440008,0.4899125407223006,0.0025760416306448986,-0.0011273639722066988,5.152083261289797e-07,-0.0011278791805328277
2016-02-29,-0.007842301558858122,0.19973000890173712,0.5006758901673001,0.01076334944499946,-0.003926451313941696,2.152669888999892e-06,-0.003928603983830696
2016-03-01,0.023506683921932447,0.20203231541335245,0.4949703209380282,0.005705569229271901,0.01163511088502769,1.1411138458543802e-06,0.011633969771181836
2016-03-02,0.004492080366112372,0.20079233113569842,0.4980269885527577,0.0030566676147295024,0.002237177257071914,6.113335229459006e-07,0.002236565923548968
2016-03-03,0.003919916521121669,0.20103771346803334,0.49741910746463414,0.0006078810881235408,0.0019498413772722142,1.2157621762470816e-07,0.0019497198010545896
2016-03-04,0.0032537668137708753,0.18833025503379425,0.5309821302055576,0.03356302274092349,0.0017276920339682092,6.712604548184698e-06,0.0017209794294200246
2016-03-07,0.0007979128564656879,0.18791357780238047,0.5321595233802909,0.00117739317473331,0.00042461692539578696,2.35478634946662e-07,0.0004243814467608403
2016-03-08,-0.01091761982407402,0.18796974982572143,0.5320004952537113,0.00015902812657964116,-0.005808179153399116,3.180562531592823e-08,-0.005808210959024431
2016-03-09,0.004939640002080026,0.1782151982786326,0.5611193712202583,0.029118875966547053,0.0027717276920215797,5.823775193309411e-06,0.00276590391682827
2016-03-10,0.0008022965398033488,0.1683975712277622,0.5938327926638998,0.03271342144364142,0.00047642999477600625,6.542684288728285e-06,0.000469887310487278
2016-03-11,0.01613719719738782,0.16822359455274005,0.5944469339504503,0.0006141412865505735,0.00959270739654099,1.2282825731011472e-07,0.00959258456828368
2016-03-14,-0.0012821997134063734,0.17284692037347926,0.5785466109776491,0.015900322972801195,-0.0007418122987877704,3.1800645945602394e-06,-0.0007449923633823306
2016-03-15,-0.0016296548015201084,0.16246101183395603,0.6155322983104736,0.03698568733282448,-0.0010031051654323712,7.3971374665648965e-06,-0.0010105023028989361
2016-03-16,0.005787094855464137,0.15340218201003925,0.6518812098347833,0.036348911524309635,0.0037724983958086116,7.269782304861928e-06,0.0037652286135037498
2016-03-17,0.00634393468503025,0.1461844301539477,0.6840673790956356,0.03218616926085238,0.00433967877314254,6.437233852170477e-06,0.004333241539290369
2016-03-18,0.00392979265766491,0.13890251111318616,0.71992938931474,0.0358620102191044,0.002829173228166248,7.172402043820881e-06,0.0028220008261224273
2016-03-21,0.0014188083736477175,0.13660450128892146,0.732040299232145,0.012110909917404933,0.001038624906398148,2.4221819834809866e-06,0.001036202724414667
2016-03-22,-0.0005371058782169813,0.1361147237525876,0.7346743779296614,0.0026340786975164177,-0.0003945979269614252,5.268157395032836e-07,-0.0003951247427009285
2016-03-23,-0.006599609572541132,0.13043595045580494,0.7666598023823392,0.031985424452677824,-0.005059655370684978,6.3970848905355655e-06,-0.005066052455575514
2016-03-24,-0.0004431391191890288,0.12301932018461866,0.8128804471519361,0.046220644769596864,-0.00036021912535689284,9.244128953919373e-06,-0.0003694632543108122
2016-03-28,0.0005907595071590332,0.12338609137225282,0.8104641202897209,0.002416326862215157,0.00047878938427243497,4.832653724430314e-07,0.0004783061188999919
2016-03-29,0.009250329005131341,0.11863060284151554,0.8429528098545949,0.03248868956487394,0.007797590826954923,6.497737912974788e-06,0.007791093089041948
2016-03-30,0.004387494604514153,0.11995663490338579,0.8336345887040009,0.009318221150593997,0.003657567260075179,1.8636442301187995e-06,0.00365570361584506
2016-03-31,-0.0024267909469842808,0.11378416452265967,0.8788569166853213,0.04522232798132042,-0.002132802009106456,9.044465596264085e-06,-0.00214184647470272
2016-04-01,0.00681208805467759,0.08818160087285887,1.1340234131628095,0.25516649647748824,0.007725067346531084,5.103329929549765e-05,0.007674034047235586
2016-04-04,-0.0032380646728797924,0.08936264955164819,1.1190357548900096,0.014987658272799909,-0.0036235101455987105,2.997531654559982e-06,-0.0036265076772532706
2016-04-05,-0.009987583617638962,0.09097241664067338,1.0992342920270455,0.019801462862964136,-0.010978694406996283,3.960292572592827e-06,-0.010982654699568876
2016-04-06,0.010921159079922083,0.09943924099540788,1.0056392124374522,0.09359507958959323,0.010982745816036974,1.8719015917918647e-05,0.010964026800119056
2016-04-07,-0.011966241863641147,0.10501561652984169,0.9522393269155695,0.053399885521882795,-0.011394726097942556,1.067997710437656e-05,-0.011405406075046932
2016-04-08,0.002696775673379559,0.10664466979822536,0.937693371728777,0.01454595518679247,0.0025287486739674217,2.909191037358494e-06,0.0025258394829300633
2016-04-11,-0.00234700362788387,0.1060360538355995,0.9430754576650134,0.005382085936236458,-0.0022134015205080276,1.0764171872472917e-06,-0.002214477937695275
2016-04-12,0.009312662886210576,0.10684577764431259,0.9359284213635279,0.007147036301485499,0.00871598587378178,1.4294072602970999e-06,0.008714556466521483
2016-04-13,0.010101089595523582,0.0970952030440306,1.0299169975951554,0.09398857623162749,0.01040328386866131,1.8797715246325498e-05,0.010384486153414986
2016-04-14,4.795951316771685e-05,0.10162602617319844,0.9839999040164452,0.04591709357871021,4.719215635370882e-05,9.183418715742043e-06,3.800873763796678e-05
2016-04-15,-0.0011056128637519924,0.1011313396121128,0.9888131649748532,0.00481326095840795,-0.0010932445550435187,9.6265219168159e-07,-0.0010942072072352002
2016-04-18,0.007026748493308643,0.10036999955105992,0.996313643990088,0.007500479015234873,0.007000845396770195,1.5000958030469747e-06,0.0069993453009671485
2016-04-19,0.00315405616476383,0.10082973502265358,0.9917709292554706,0.004542714734617426,0.003128101213451769,9.085429469234852e-07,0.0031271926705048456
2016-04-20,0.0009528240978795566,0.10061289625046026,0.9939083728497932,0.0021374435943225523,0.0009470198487355421,4.274887188645105e-07,0.0009465923600166776
2016-04-21,-0.005378370116025599,0.10061826946481972,0.9938552961792303,5.3076670562868244e-05,-0.005345321624624143,1.061533411257365e-08,-0.005345332239958256
2016-04-22,0.0,0.10307941818655691,0.9701257705880366,0.02372952559119368,0.0,4.745905118238736e-06,-4.745905118238736e-06
2016-04-25,-0.0017226644635311983,0.09938863795991644,1.0061512266656691,0.03602545607763252,-0.001733260963115272,7.2050912155265045e-06,-0.0017404660543307985
2016-04-26,0.001485936557802825,0.09977766648094707,1.0022282894248222,0.003922937240846913,0.0014892476545205337,7.845874481693826e-07,0.0014884630670723644
2016-04-27,0.0020582631279237873,0.09974684982370084,1.0025379265284728,0.00030963710365061736,0.0020634868485187225,6.192742073012347e-08,0.0020634249210979925
2016-04-28,-0.009075738264921918,0.0955775429550103,1.0462708802534444,0.043732953724971546,-0.009495680663389723,8.74659074499431e-06,-0.009504427254134718
2016-04-29,-0.005398727039916396,0.10078395407756491,0.9922214395660488,0.05404944068739559,-0.00535673271537,1.0809888137479118e-05,-0.005367542603507479
2016-05-02,0.007948307420776457,0.10232914640180885,0.9772386804375056,0.014982759128543188,0.0077673934555912184,2.996551825708638e-06,0.00776439690376551
2016-05-03,-0.008702964213143094,0.1033240743513673,0.9678286558845586,0.009410024552947038,-0.008422978156617696,1.8820049105894078e-06,-0.008424860161528285
2016-05-04,-0.005578106327886245,0.10731333801437548,0.9318506147540039,0.035978041130554694,-0.005197961810803997,7.1956082261109395e-06,-0.005205157419030108
2016-05-05,-0.00019533855799569455,0.1031482202788415,0.9694786757315745,0.037628060977570654,-0.00018937656652498133,7.525612195514131e-06,-0.00019690217872049545
2016-05-06,0.0036591846342532985,0.09551003412865273,1.0470104100821414,0.07753173435056682,0.0038312044044758165,1.5506346870113365e-05,0.003815698057605703
2016-05-09,0.0008262733932089539,0.08640339306157095,1.1573619560141595,0.11035154593201812,0.0009562973905667716,2.2070309186403626e-05,0.000934227081380368
2016-05-10,0.012433806211699538,0.08602604155217175,1.1624387010688333,0.005076745054673815,0.014453537542069602,1.015349010934763e-06,0.014452522193058667
2016-05-11,-0.009354720867046695,0.09498718681845619,1.052773572409556,0.10966512865927736,-0.009848402906094967,2.1933025731855474e-05,-0.009870335931826823
2016-05-12,0.00029045770151947536,0.09650297907480063,1.0362374401155927,0.016536132293963224,0.00030098314508440006,3.307226458792645e-06,0.0002976759186256074
2016-05-13,-0.008713903174126902,0.08948742307150709,1.1174754682576187,0.08123802814202596,-0.00973757302985901,1.6247605628405192e-05,-0.009753820635487416
2016-05-16,0.009864945424415739,0.09406890829349861,1.0630505000440333,0.054424968213585334,0.01048693516633225,1.0884993642717068e-05,0.010476050172689532
2016-05-17,-0.009333525838809531,0.10094627166552804,0.9906259869739085,0.07242451307012487,-0.00924603324601717,1.4484902614024976e-05,-0.009260518148631195
2016-05-18,0.000292973050610712,0.10207008795703366,0.9797189558815207,0.010907031092387776,0.0002870312512457507,2.1814062184775554e-06,0.00028484984502727314
2016-05-19,-0.0034651733078753244,0.10108305104051471,0.9892855327439551,0.00956657686243445,-0.003428045821931574,1.91331537248689e-06,-0.0034299591373040607
2016-05-20,0.006317428888802823,0.10109693779418512,0.9891496437170206,0.00013588902693451033,0.006248882534566926,2.7177805386902066e-08,0.006248855356761539
2016-05-23,-0.0013625989801100413,0.10329912989681973,0.9680623650933453,0.02108727862367532,-0.0013190807913591068,4.217455724735064e-06,-0.0013232982470838418
2016-05-24,0.01296217730673499,0.10327746333838324,0.9682654547038516,0.0002030896105063018,0.012550828503857702,4.061792210126036e-08,0.012550787885935602
2016-05-25,0.006783500060809855,0.11370508235250779,0.879468163876621,0.08879729082723065,0.00596587234313739,1.775945816544613e-05,0.005948112884971943
2016-05-26,0.00028659931797792026,0.1161176924216909,0.8611952056095106,0.018272958267110395,0.00024681795857354056,3.6545916534220793e-06,0.0002431633669201185
2016-05-27,0.004299048265719474,0.11590465173120515,0.8627781413977269,0.001582935788216333,0.003709124872476569,3.1658715764326664e-07,0.0037088082853189257
2016-05-31,-0.0019026518847644613,0.11186508249600813,0.8939339941359135,0.03115585273818655,-0.0017008451987977186,6.231170547637311e-06,-0.001707076369345356
2016-06-01,0.0020491532483455366,0.11012124316395358,0.908090002681094,0.01415600854518051,0.0018608155787840706,2.831201709036102e-06,0.0018579843770750344
2016-06-02,0.0030444084054479514,0.10717072536982335,0.9330906332388934,0.02500063055779944,0.002840708966877239,5.000126111559889e-06,0.002835708840765679
2016-06-03,-0.0029876995908401094,0.1019985324451897,0.9804062627443819,0.04731562950548851,-0.0029291593900584705,9.463125901097703e-06,-0.002938622515959568
2016-06-06,0.005088529486565907,0.10023953773841228,0.9976103467372587,0.017204083992876762,0.005076369665475779,3.4408167985753525e-06,0.005072928848677204
2016-06-07,0.001561326672717911,0.10096253446836272,0.9904664193165206,0.007143927420738105,0.0015464416389102862,1.4287854841476212e-06,0.0015450128534261385
2016-06-08,0.003259758178530081,0.10065304834418642,0.9935118870721799,0.0030454677556592813,0.0032386084993503927,6.090935511318563e-07,0.0032379994057992606
2016-06-09,-0.0013654283611781448,0.10083719877789081,0.9916975204781833,0.0018143665939965858,-0.0013540919201709555,3.628733187993172e-07,-0.0013544547934897547
2016-06-10,-0.00947758774263574,0.09300328409430031,1.075230847747327,0.08353332726914364,-0.010190594703113901,1.6706665453828728e-05,-0.01020730136856773
2016-06-13,-0.007711824672113066,0.09317378182393068,1.073263294055926,0.0019675536914010028,-0.00827681835077383,3.935107382802006e-07,-0.00827721186151211
2016-06-14,-0.0019668461726576325,0.09777109748144744,1.0227971514687713,0.05046614258715465,-0.0020116846627714815,1.009322851743093e-05,-0.0020217778912889122
2016-06-15,-0.0013940205123376126,0.09245020873161874,1.0816633231223758,0.058866171653604527,-0.0015078608598758589,1.1773234330720906e-05,-0.0015196340942065798
2016-06-16,0.0029841752902659557,0.08653692582944257,1.1555760623747149,0.0739127392523391,0.003448441531361455,1.478254785046782e-05,0.003433658983510987
2016-06-17,-0.003724089514339668,0.07961527051226916,1.256040447474074,0.10046438509935918,-0.004677607060024703,2.0092877019871836e-05,-0.004697699937044575
2016-06-20,0.00643992498478374,0.08115384433507587,1.232227515767587,0.023812931706487017,0.007935452765729684,4.762586341297404e-06,0.007930690179388387
2016-06-21,0.002838895033795197,0.08210064201344941,1.218017271821314,0.014210243946273016,0.003457823184050303,2.842048789254603e-06,0.0034549811352610482
2016-06-22,-0.0016311382749776282,0.0801792401938569,1.247205632757564,0.02918836093624999,-0.0020343648443585543,5.8376721872499984e-06,-0.0020402025165458045
2016-06-23,0.013022565250124352,0.08028167090955442,1.2456143334717127,0.001591299285851333,0.016221093934125533,3.1825985717026665e-07,0.016220775674268363
2016-06-24,-0.035909282099869544,0.08039594219729469,1.243843871555062,0.0017704619166507563,-0.04466554047186462,3.540923833301513e-07,-0.04466589456424795
2016-06-27,-0.017909690820982704,0.14844643658209355,0.6736436542530154,0.5702002173020465,-0.012064749571188476,0.0001140400434604093,-0.012178789614648886
2016-06-28,0.01803598419680652,0.15928491361771824,0.6278058463213831,0.04583780793163228,0.01132309632291521,9.167561586326457e-06,0.011313928761328883
2016-06-29,0.01702733497744302,0.1726460438472883,0.5792197595240215,0.04858608679736165,0.009862568870969507,9.71721735947233e-06,0.009852851653610035
2016-06-30,0.013645699475802076,0.1839222098018955,0.543708125884911,0.035511633639110474,0.0074192776883770595,7.102326727822095e-06,0.0074121753616492375
2016-07-01,0.00210046073657133,0.19016148800877852,0.525868834153126,0.017839291731785,0.0011045668387251817,3.5678583463570003e-06,0.0011009989803788247
2016-07-05,-0.007193055454102981,0.1900076767980191,0.5262945249643858,0.00042569081125976016,-0.0037856657032596126,8.513816225195204e-08,-0.0037857508414218645
2016-07-06,0.005997487960457848,0.19141965292227617,0.5224123984834718,0.0038821264809140166,0.0031331620702985297,7.764252961828033e-07,0.003132385645002347
2016-07-07,-0.0006200365887375492,0.1917561984906394,0.5214955281087381,0.0009168703747336471,-0.0003233463082904287,1.8337407494672943e-07,-0.00032352968236537544
2016-07-08,0.014890281528655791,0.19167192977979006,0.5217248040174114,0.00022927590867327652,0.007768629212302023,4.5855181734655304e-08,0.007768583357120288
2016-07-11,0.003527317398166918,0.19840945900231935,0.5040082287550164,0.017716575262395007,0.0017777969941068614,3.5433150524790014e-06,0.0017742536790543823
2016-07-12,0.007263533903570707,0.19858949752506483,0.5035513017871379,0.0004569269678784682,0.003657561952718041,9.138539357569365e-08,0.003657470567324465
2016-07-13,-0.00013983957950125525,0.19632114228245945,0.5093694893855283,0.0058181875983903675,-7.123001520644138e-05,1.1636375196780736e-06,-7.239365272611945e-05
2016-07-14,0.005583696858737053,0.1936194625692529,0.5164770042899612,0.007107514904432954,0.0028838510264637797,1.421502980886591e-06,0.002882429523482893
2016-07-15,-0.0013418398581390711,0.19354728938069893,0.5166695969753647,0.00019259268540350316,-0.0006932878587101945,3.851853708070063e-08,-0.0006933263772472753
2016-07-18,0.002687534615049225,0.19353538521606672,0.5167013767965896,3.1779821224819926e-05,0.001388652835784427,6.355964244963986e-09,0.001388646479820182
2016-07-19,-0.001016805769735396,0.19352176209480745,0.5167377504087082,3.637361211861201e-05,-0.0005254219260556635,7.274722423722402e-09,-0.0005254292007780872
2016-07-20,0.004162839268500251,0.19271659869415525,0.5188966631706791,0.002158912761970888,0.002160083405740651,4.3178255239417765e-07,0.0021596516231882565
2016-07-21,-0.003777232404917674,0.1922540355700111,0.520145128311671,0.0012484651409919723,-0.0019647090339189053,2.4969302819839447e-07,-0.001964958726947104
2016-07-22,0.0044852420453651565,0.19331585090696107,0.5172881557867075,0.0028569725249635303,0.002320162585903942,5.713945049927061e-07,0.002319591191398949
2016-07-25,-0.0027161855717112715,0.19309749387142636,0.5178731116343998,0.0005849558476922478,-0.0014066394737985773,1.1699116953844958e-07,-0.0014067564649681158
2016-07-26,0.0004614547225769705,0.1895654120356078,0.5275223941233335,0.009649282488933708,0.00024342770003332213,1.9298564977867416e-06,0.0002414978435355354
2016-07-27,-0.0010607488862343084,0.13281707593748232,0.7529152354405884,0.2253928413172549,-0.0007986539974224461,4.507856826345098e-05,-0.0008437325656858971
2016-07-28,0.0011546187189375168,0.11011515598943863,0.9081402019681215,0.15522496652753315,0.0010485556766120902,3.104499330550663e-05,0.0010175106833065835
2016-07-29,0.00161456890192202,0.09764019556481468,1.0241683706339861,0.11602816866586463,0.0016535904015577794,2.3205633733172926e-05,0.0016303847678246063
2016-08-01,-0.0008290843003576631,0.08351796128549437,1.1973472347841936,0.17317886415020745,-0.0009927017944362357,3.463577283004149e-05,-0.0010273375672662773
2016-08-02,-0.006407470113666158,0.0733174405624302,1.3639319544283528,0.16658471964415922,-0.008739353235073943,3.3316943928831844e-05,-0.008772670179002774
2016-08-03,0.0029228899237876416,0.0784439386133762,1.2747957556397873,0.08913619878856549,0.003726087669046787,1.78272397577131e-05,0.003708260429289074
2016-08-04,0.0010643741260552009,0.0722726713775217,1.3836488688461857,0.10885311320639834,0.0014727200555454262,2.177062264127967e-05,0.0014509494329041465
2016-08-05,0.008178316807342378,0.07062498211681793,1.4159295620718748,0.03228069322568916,0.011579920535505347,6.456138645137833e-06,0.01157346439686021
2016-08-08,-0.0005955776512072131,0.0737729601042005,1.3555102012818134,0.06041936079006138,-0.000807311581866839,1.2083872158012277e-05,-0.0008193954540248512
2016-08-09,0.0005959325753308597,0.0571473696597008,1.5,0.14448979871818657,0.0008938988629962896,2.8897959743637314e-05,0.0008650009032526524
2016-08-10,-0.0024747589692155625,0.056542842432228756,1.5,0.0,-0.0037121384538233437,0.0,-0.0037121384538233437
2016-08-11,0.0046407174539471185,0.05303847868487822,1.5,0.0,0.006961076180920678,0.0,0.006961076180920678
2016-08-12,-0.0008687521469951109,0.054758307258471944,1.5,0.0,-0.0013031282204926664,0.0,-0.0013031282204926664
2016-08-15,0.0028832981329285357,0.052195469709747956,1.5,0.0,0.0043249471993928035,0.0,0.0043249471993928035
2016-08-16,-0.005157240397260288,0.052350306814511534,1.5,0.0,-0.007735860595890431,0.0,-0.007735860595890431
2016-08-17,0.001880666326087077,0.055587249787307634,1.5,0.0,0.0028209994891306156,0.0,0.0028209994891306156
2016-08-18,0.0022440647661570168,0.05559855147562518,1.5,0.0,0.003366097149235525,0.0,0.003366097149235525
2016-08-19,-0.001462136803589198,0.05438273446781629,1.5,0.0,-0.002193205205383797,0.0,-0.002193205205383797
2016-08-22,-4.557425238349566e-05,0.0527118903801436,1.5,0.0,-6.836137857524349e-05,0.0,-6.836137857524349e-05
2016-08-23,0.002013145820072726,0.05069670897847393,1.5,0.0,0.003019718730109089,0.0,0.003019718730109089
2016-08-24,-0.005114581514829131,0.04980621127070099,1.5,0.0,-0.007671872272243696,0.0,-0.007671872272243696
2016-08-25,-0.0006885746439089235,0.05348711979717647,1.5,0.0,-0.0010328619658633853,0.0,-0.0010328619658633853
2016-08-26,-0.001883406374403651,0.053387954249711496,1.5,0.0,-0.0028251095616054767,0.0,-0.0028251095616054767
2016-08-29,0.004923953167375261,0.0537853351450886,1.5,0.0,0.007385929751062892,0.0,0.007385929751062892
2016-08-30,-0.0016484248043387995,0.05611563795829402,1.5,0.0,-0.002472637206508199,0.0,-0.002472637206508199
2016-08-31,-0.0028440248238970067,0.05639026105283082,1.5,0.0,-0.00426603723584551,0.0,-0.00426603723584551
2016-09-01,4.622947917920506e-05,0.05230173640091636,1.5,0.0,6.934421876880759e-05,0.0,6.934421876880759e-05
2016-09-02,0.0045077014669558935,0.05150196092478248,1.5,0.0,0.00676155220043384,0.0,0.00676155220043384
2016-09-06,0.003022301439520536,0.05351248839901087,1.5,0.0,0.004533452159280804,0.0,0.004533452159280804
2016-09-07,-9.110818467183979e-05,0.046652695449389964,1.5,0.0,-0.00013666227700775968,0.0,-0.00013666227700775968
2016-09-08,-0.0022829832682649265,0.04657843077304306,1.5,0.0,-0.0034244749023973897,0.0,-0.0034244749023973897
2016-09-09,-0.02393452277697461,0.04734183185849912,1.5,0.0,-0.035901784165461914,0.0,-0.035901784165461914
2016-09-12,0.014347269053415435,0.09564014662547933,1.045586017256891,0.45441398274310907,0.015001303908073688,9.088279654862182e-05,0.014910421111525065
2016-09-13,-0.01437576694990339,0.10790785122829996,0.9267166277681745,0.11886938948871639,-0.013322262269395646,2.3773877897743278e-05,-0.01334603614729339
2016-09-14,-0.000375101556751245,0.11817157690056118,0.8462271776583623,0.08048945010981223,-0.0003174211317048641,1.6097890021962446e-05,-0.00033351902172682656
2016-09-15,0.00999262289584868,0.11731438022832019,0.8524104189561202,0.006183241297757935,0.008517815869120893,1.2366482595515872e-06,0.008516579220861341
2016-09-16,-0.0038652407912210807,0.12262682227650785,0.8154822749505223,0.03692814400559796,-0.0031520353536565234,7.385628801119593e-06,-0.003159420982457643
2016-09-19,0.00018727924521622086,0.12280091697945571,0.8143261667722707,0.0011561081782516247,0.00015250638987292925,2.3122163565032495e-07,0.00015227516823727893
2016-09-20,4.710335260615928e-05,0.12235722316095764,0.8172790900006998,0.002952923228429105,3.849658515394394e-05,5.905846456858211e-07,3.790600050825812e-05
2016-09-21,0.011245312226235038,0.12238651560978808,0.8170834793502555,0.00019561065044426673,0.009188358840192092,3.9122130088853345e-08,0.009188319718062003
2016-09-22,0.006301569557832121,0.12938323127417994,0.7728976855438628,0.04418579380639265,0.00487046852654211,8.83715876127853e-06,0.004861631367780831
2016-09-23,-0.005479519282131973,0.13119873489075953,0.7622024715654717,0.010695213978391127,-0.004176503139831649,2.1390427956782253e-06,-0.004178642182627327
2016-09-26,-0.008101961113095246,0.13137981195176085,0.761151949560693,0.0010505220047787311,-0.0061668234964973685,2.1010440095574625e-07,-0.006167033600898324
2016-09-27,0.006207779028723381,0.13425148868914205,0.7448706973488315,0.016281252211861497,0.004623992694112637,3.2562504423722994e-06,0.004620736443670264
2016-09-28,0.004963596106114521,0.1361053734585237,0.7347248492762387,0.010145848072592778,0.0036468774009331163,2.0291696145185558e-06,0.003644848231318598
2016-09-29,-0.009047137720822551,0.13612389132828104,0.7346248995985325,9.994967770621255e-05,-0.006646252639813363,1.998993554124251e-08,-0.006646272629748904
2016-09-30,0.007546081433287277,0.1395530002721332,0.7165736301261638,0.01805126947236868,0.00540732296587831,3.6102538944737364e-06,0.005403712711983836
2016-10-03,-0.002404205270365334,0.14193182330539775,0.7045636254867794,0.012010004639384397,-0.0016939155817030224,2.4020009278768795e-06,-0.0016963175826308992
2016-10-04,-0.005097615011660506,0.14218430499871096,0.7033125069669722,0.0012511185198071928,-0.003585216393403422,2.502237039614386e-07,-0.0035854666171073832
2016-10-05,0.004425348530547435,0.14217629957577557,0.7033521078996932,3.9600932720929016e-05,0.003112578217151348,7.920186544185804e-09,0.0031125702969648037
2016-10-06,0.0006953083219611855,0.1427004862986598,0.7007684598264692,0.0025836480732239764,0.0004872501418852667,5.167296146447953e-07,0.00048673341227062193
2016-10-07,-0.0034294398066779808,0.14275252922684314,0.7005129824431583,0.000255477383310887,-0.0024023671070852806,5.10954766621774e-08,-0.002402418202561943
2016-10-10,0.005208318224356301,0.1429951944479608,0.6993242002715852,0.001188782171573144,0.0036423029770078926,2.377564343146288e-07,0.003642065220573578
2016-10-11,-0.012629244715641419,0.1158308560337419,0.8633278163019851,0.16400361603039992,-0.010903178261898091,3.280072320607999e-05,-0.01093597898510417
2016-10-12,0.0013117552325530024,0.11406566954026902,0.8766879675807859,0.013360151278800858,0.001150000028790353,2.6720302557601716e-06,0.0011473279985345928
2016-10-13,-0.003275675757722585,0.1021340555065501,0.9791053483975947,0.10241738081680873,-0.0032072316540025262,2.0483476163361748e-05,-0.003227715130165888
2016-10-14,0.0005168507398320976,0.10289097870239296,0.9719025055563426,0.007202842841252055,0.0005023285290414651,1.440568568250411e-06,0.0005008879604732146
2016-10-17,-0.0034724095190235005,0.09660490240686784,1.0351441542669662,0.06324164871062354,-0.0035944444148381443,1.264832974212471e-05,-0.003607092744580269
2016-10-18,0.006262314447222694,0.09642768684511412,1.0370465503400894,0.001902396073123258,0.006494311594637199,3.8047921462465163e-07,0.006493931115422574
2016-10-19,0.0026671941952727263,0.09900025331063005,1.0100984255690042,0.026948124771085213,0.002694128657331768,5.389624954217043e-06,0.002688739032377551
2016-10-20,-0.0018667523283874,0.09940270514562868,1.0060088390300472,0.0040895865389569686,-0.0018779693426376456,8.179173077913937e-07,-0.001878787259945437
2016-10-21,0.00046758173576244566,0.09109196851226677,1.0977916234902054,0.0917827844601582,0.0005133073128170234,1.835655689203164e-05,0.0004949507559249918
2016-10-24,0.004252830250285555,0.08785695927296844,1.1382137604979428,0.040422137007737335,0.004840629911936929,8.084427401547467e-06,0.004832545484535381
2016-10-25,-0.0033508311969019378,0.08764304209411543,1.1409918872123934,0.002778126714450657,-0.003823271211083305,5.556253428901314e-07,-0.003823826836426195
2016-10-26,-0.0020077711044405033,0.08372281513666363,1.194417553169546,0.05342566595715259,-0.002398117049890343,1.0685133191430519e-05,-0.0024088021830817735
2016-10-27,-0.002666570159363779,0.08083172759554885,1.237137977557054,0.042720424387507894,-0.0032989152139692966,8.54408487750158e-06,-0.003307459298846798
2016-10-28,-0.0029551330470395376,0.07875490006654969,1.2697622613386308,0.03262428378157689,-0.0037523164203654416,6.5248567563153786e-06,-0.003758841277121757
2016-10-31,4.6709135921307876e-05,0.07331421047422777,1.3639920467417856,0.09422978540315485,6.371088990684499e-05,1.884595708063097e-05,4.4864932826214015e-05
2016-11-01,-0.007245280019091971,0.06734656078541729,1.4848568187264173,0.12086477198463164,-0.01075820343993098,2.417295439692633e-05,-0.010782376394327907
2016-11-02,-0.0060185745166658755,0.07077841103808337,1.4128602003539403,0.07199661837247695,-0.008503404397461669,1.4399323674495391e-05,-0.008517803721136164
2016-11-03,-0.004577081011665651,0.07150941897564211,1.39841717961745,0.014443020736490286,-0.006400668719214065,2.8886041472980574e-06,-0.006403557323361363
2016-11-04,-0.0011015972477143032,0.06951999091480247,1.4384351707201908,0.040017991102740735,-0.001584576225080816,8.003598220548147e-06,-0.0015925798233013641
2016-11-07,0.022057096677923882,0.06907349225002381,1.4477333741579503,0.009298203437759556,0.03193279499765886,1.8596406875519113e-06,0.03193093535697131
2016-11-08,0.004503437804527888,0.10676595965486456,0.9366281193300146,0.5111052548279358,0.0042180464813746455,0.00010222105096558716,0.004115825430409058
2016-11-09,0.010602314520263612,0.1063265348289569,0.9404990030086645,0.003870883678649961,0.009971466235892214,7.741767357299923e-07,0.009970692059156483
2016-11-10,0.0024956533227986633,0.10315693726609564,0.9693967526589875,0.02889774965032299,0.002419278226883636,5.779549930064598e-06,0.0024134986769535714
2016-11-11,-0.0023048975539919914,0.10333056237995693,0.9677678868357447,0.0016288658232428421,-0.0022306058351997064,3.2577316464856844e-07,-0.002230931608364355
2016-11-14,0.0007851725427781009,0.10291023144403903,0.9717206792443999,0.0039527924086552035,0.0007629683965923889,7.905584817310407e-07,0.0007621778381106579
2016-11-15,0.007803021176278513,0.10290590108279916,0.9717615700147163,4.08907703164374e-05,0.007582676109118486,8.17815406328748e-09,0.007582667930964422
2016-11-16,-0.001878596161921986,0.10442388788049044,0.9576352885313615,0.014126281483354819,-0.0017990099775560694,2.8252562966709637e-06,-0.0018018352338527402
2016-11-17,0.005140992599418359,0.1033778487025755,0.96732521768475,0.00968992915338851,0.004973011785348053,1.937985830677702e-06,0.004971073799517375
2016-11-18,-0.0022375328473842604,0.10425058156946433,0.9592272627598526,0.0080979549248974,-0.002146302508531663,1.61959098497948e-06,-0.0021479220995166423
2016-11-21,0.00755135609790325,0.10438939253532781,0.9579517379235412,0.0012755248363114369,0.007233834697665949,2.5510496726228737e-07,0.0072335795926986865
2016-11-22,0.001953313958604763,0.10675845421421057,0.9366939671058768,0.021257770817664334,0.00182965740088878,4.251554163532867e-06,0.0018254058467252472
2016-11-23,0.0005439579778725445,0.10627375640247866,0.9409660802924971,0.004272113186620241,0.0005118460062825611,8.544226373240482e-07,0.0005109915836452371
2016-11-25,0.003715267638173536,0.10499030888186858,0.9524688617929156,0.011502781500418502,0.0035386767385872015,2.3005563000837003e-06,0.0035363761822871176
2016-11-28,-0.004694701204704277,0.10448467177124826,0.9570781848167481,0.0046093230238325456,-0.00449319610725537,9.218646047665092e-07,-0.004494117971860136
2016-11-29,0.00195030954676767,0.10578669870112127,0.9452984281372614,0.01177975667948672,0.0018436245489405732,2.355951335897344e-06,0.0018412685976046759
2016-11-30,-0.002399215133846,0.10446554654519871,0.9572534037021803,0.011954975564918868,-0.0022966568530878653,2.390995112983774e-06,-0.002299047848200849
2016-12-01,-0.003675615154811629,0.10534085796826785,0.9492992740777118,0.007954129624468509,-0.0034892587982517155,1.5908259248937018e-06,-0.003490849624176609
2016-12-02,0.0005014089697574775,0.10218064059207052,0.9786589653437763,0.029359691266064525,0.0004907083835569417,5.871938253212905e-06,0.0004848364453037288
2016-12-05,0.006008537448738194,0.09822167773064867,1.0181051913430759,0.03944622599929959,0.006117323168939636,7.889245199859918e-06,0.006109433923739776
2016-12-06,0.0031672193762339873,0.09579947765956127,1.0438470275940956,0.02574183625101978,0.0033060925316202735,5.148367250203956e-06,0.0033009441643700693
2016-12-07,0.013081013011552844,0.09478441525857996,1.0550257626972903,0.01117873510319467,0.013800805729366717,2.2357470206389342e-06,0.013798569982346078
2016-12-08,0.0024486759675670378,0.07500039109332098,1.3333263805994382,0.2783006179021479,0.0032648842650969856,5.566012358042958e-05,0.003209224141516556
2016-12-09,0.0060404385213499445,0.07464758805905544,1.339628012105196,0.006301631505757799,0.008091940648599676,1.2603263011515599e-06,0.008090680322298524
2016-12-12,-0.0011479568351233649,0.06985643758226107,1.4315072949753942,0.0918792828701982,-0.0016433085837959628,1.837585657403964e-05,-0.0016616844403700025
2016-12-13,0.006674215068964928,0.0707897811049635,1.4126332704959925,0.018874024479401674,0.009428218260865562,3.7748048958803352e-06,0.009424443455969682
2016-12-14,-0.008254217923435725,0.07071638587609616,1.414099416438113,0.001466145942120578,-0.011672284748683473,2.932291884241156e-07,-0.011672577977871896
2016-12-15,0.004117073969798435,0.07974510563465588,1.25399545469461,0.16010396174350316,0.0051627920447687315,3.202079234870064e-05,0.005130771252420031
2016-12-16,-0.0019558370132155556,0.07736012386714883,1.2926556344678406,0.03866017977323066,-0.0025282237352338404,7.732035954646132e-06,-0.0025359557711884867
2016-12-19,0.002177297167403447,0.07740733386334238,1.291867256099319,0.0007883783685216361,0.0028127789173663107,1.5767567370432724e-07,0.0028126212416926064
2016-12-20,0.0038575573004389074,0.07648768764882859,1.307399962973407,0.015532706874088031,0.005043370271761624,3.1065413748176064e-06,0.005040263730386806
2016-12-21,-0.002782499235757796,0.07544776222841355,1.3254203576940564,0.018020394720649424,-0.0036879811323415365,3.604078944129885e-06,-0.0036915852112856663
2016-12-22,-0.001727541199212812,0.07432339118286482,1.3454714378406203,0.02005108014656387,-0.0023243573412337717,4.010216029312774e-06,-0.0023283675572630847
2016-12-23,0.0014641743103289695,0.0751247963971313,1.3311184162333196,0.014353021607300676,0.001948989389054611,2.8706043214601354e-06,0.0019461187847331508
2016-12-27,0.002481155238942101,0.07507318437846654,1.332033546037822,0.0009151298045024792,0.0033049820111983666,1.8302596090049584e-07,0.003304798985237466
2016-12-28,-0.008264508759456834,0.07470622300611904,1.3385765733573387,0.006543027319516614,-0.01106267781571544,1.308605463903323e-06,-0.011063986421179343
2016-12-29,-0.00022274882152761855,0.07920451502303283,1.2625542870999187,0.07602228625742002,-0.00028123247956614945,1.5204457251484006e-05,-0.00029643693681763347
2016-12-30,-0.0036551266389230896,0.07927914597141807,1.2613657573462291,0.001188529753689549,-0.0046104515811016,2.377059507379098e-07,-0.004610689287052338
2017-01-03,0.0076500223377988785,0.08007858342292788,1.248773338957046,0.012592418389183235,0.009553143937869091,2.518483677836647e-06,0.009550625454191254
2017-01-04,0.005949151881041281,0.08140295015059892,1.228456705991561,0.020316632965484915,0.007308275523227471,4.0633265930969835e-06,0.007304212196634375
2017-01-05,-0.0007944463981720551,0.08273119265824265,1.2087339344072279,0.01972277158433311,-0.0009602743205381593,3.9445543168666225e-06,-0.0009642188748550259
2017-01-06,0.0035778903344838575,0.08168635829678883,1.2241946156624184,0.015460681255190512,0.004380034082905748,3.0921362510381024e-06,0.00437694194665471
2017-01-09,-0.0033009235380148105,0.08180787659212228,1.222376183879946,0.0018184317824723184,-0.004034970317678034,3.636863564944637e-07,-0.004035334004034529
2017-01-10,0.0,0.07153011742595336,1.3980125239346648,0.17563634005471873,0.0,3.512726801094375e-05,-3.512726801094375e-05
2017-01-11,0.0028262034700623495,0.07127077360121363,1.403099685146355,0.005087161211690283,0.003965445199004019,1.0174322423380566e-06,0.003964427766761681
2017-01-12,-0.002510051010110037,0.06899322724647708,1.4494176311357603,0.046317945989405196,-0.0036381121891036123,9.263589197881039e-06,-0.003647375778301493
2017-01-13,0.0022957128442591124,0.06954064895425702,1.4380078630813293,0.011409768054430947,0.003301253121421407,2.2819536108861896e-06,0.0032989711678105206
2017-01-17,-0.0035237883417030824,0.06609029889131635,1.5,0.06199213691867067,-0.005285682512554624,1.2398427383734135e-05,-0.005298080939938357
2017-01-18,0.002210057940796206,0.060298169978306476,1.5,0.0,0.0033150869111943093,0.0,0.0033150869111943093
2017-01-19,-0.0037045065466312366,0.059153891499963855,1.5,0.0,-0.005556759819946855,0.0,-0.005556759819946855
2017-01-20,0.0036739662058169476,0.06028377355969856,1.5,0.0,0.005510949308725421,0.0,0.005510949308725421
2017-01-23,-0.0026023418341395432,0.06112236166865112,1.5,0.0,-0.003903512751209315,0.0,-0.003903512751209315
2017-01-24,0.0064120032123480275,0.06042657033121274,1.5,0.0,0.009618004818522041,0.0,0.009618004818522041
2017-01-25,0.008655448682017619,0.06349583814901684,1.5,0.0,0.012983173023026429,0.0,0.012983173023026429
2017-01-26,-0.0010451312059923668,0.0690708988266209,1.4477877325878752,0.05221226741212481,-0.00151312813898052,1.0442453482424962e-05,-0.0015235705924629452
2017-01-27,-0.0015699164480561523,0.06935288049058577,1.4419011768887435,0.005886555699131657,-0.002263664374069162,1.1773111398263315e-06,-0.002264841685208988
2017-01-30,-0.0062017079169764955,0.06951092207841951,1.4386228381085768,0.0032783387801667008,-0.008921918644641156,6.556677560333402e-07,-0.008922574312397189
2017-01-31,-8.799069510079249e-05,0.06650845217815643,1.5,0.06137716189142317,-0.00013198604265118874,1.2275432378284635e-05,-0.00014426147502947338
2017-02-01,0.00039544784858236426,0.0664872347910896,1.5,0.0,0.0005931717728735464,0.0,0.0005931717728735464
2017-02-02,0.0006593381785997554,0.06461467533865294,1.5,0.0,0.0009890072678996331,0.0,0.0009890072678996331
2017-02-03,0.0068926620916809345,0.05972756847512553,1.5,0.0,0.010338993137521402,0.0,0.010338993137521402
2017-02-06,-0.0017876446850290106,0.060882710260812045,1.5,0.0,-0.002681467027543516,0.0,-0.002681467027543516
2017-02-07,4.37301424518477e-05,0.061262019748893566,1.5,0.0,6.559521367777155e-05,0.0,6.559521367777155e-05
2017-02-08,0.0013104537945463068,0.06026642715456196,1.5,0.0,0.0019656806918194603,0.0,0.0019656806918194603
2017-02-09,0.005932454332692849,0.05882900739507384,1.5,0.0,0.008898681499039274,0.0,0.008898681499039274
2017-02-10,0.003946013949626126,0.061606157555215826,1.5,0.0,0.005919020924439189,0.0,0.005919020924439189
2017-02-13,0.005442854656531937,0.06217365186505623,1.5,0.0,0.008164281984797905,0.0,0.008164281984797905
2017-02-14,0.003995320346118936,0.06274082948239543,1.5,0.0,0.005992980519178404,0.0,0.005992980519178404
2017-02-15,0.00522027043778861,0.06335318513613404,1.5,0.0,0.007830405656682915,0.0,0.007830405656682915
2017-02-16,-0.0008512463261435288,0.062047381658542226,1.5,0.0,-0.0012768694892152932,0.0,-0.0012768694892152932
2017-02-17,0.001576441801079742,0.06269504645349068,1.5,0.0,0.002364662701619613,0.0,0.002364662701619613
2017-02-21,0.005955092493075798,0.059600746503374054,1.5,0.0,0.008932638739613696,0.0,0.008932638739613696
2017-02-22,-0.0008880770430997886,0.06096199229759255,1.5,0.0,-0.001332115564649683,0.0,-0.001332115564649683
2017-02-23,0.000677392256535958,0.05960042324552418,1.5,0.0,0.001016088384803937,0.0,0.001016088384803937
2017-02-24,0.0012687354873859302,0.057645940291452924,1.5,0.0,0.0019031032310788953,0.0,0.0019031032310788953
2017-02-27,0.0015628408961205764,0.05201812125431719,1.5,0.0,0.0023442613441808646,0.0,0.0023442613441808646
2017-02-28,-0.0026991872397492678,0.05120704173675342,1.5,0.0,-0.004048780859623902,0.0,-0.004048780859623902
2017-03-01,0.013997407102190218,0.0522257285383794,1.5,0.0,0.020996110653285327,0.0,0.020996110653285327
2017-03-02,-0.0062971407111964695,0.06068236258045079,1.5,0.0,-0.009445711066794704,0.0,-0.009445711066794704
2017-03-03,0.0006296442959632387,0.06745665520041953,1.4824334189546071,0.01756658104539288,0.0009334057463900505,3.5133162090785764e-06,0.0009298924301809719
2017-03-06,-0.0029781337959660092,0.0673822339095766,1.4840707141617586,0.0016372952071515012,-0.004419761149448544,3.2745904143030027e-07,-0.0044200886084899745
2017-03-07,-0.0029869550299728154,0.06958487155876386,1.4370939797675824,0.04697673439417627,-0.004292535091410431,9.395346878835254e-06,-0.004301930438289267
2017-03-08,-0.0018565900273460612,0.06932885059772412,1.44240095051111,0.005306970743527595,-0.0026779472201534063,1.061394148705519e-06,-0.002679008614302112
2017-03-09,0.0012680173209562717,0.06937138105959766,1.4415166380223712,0.0008843124887387699,0.001827868065459019,1.7686249774775398e-07,0.0018276912029612713
2017-03-10,0.0035044191993338636,0.06916097533304673,1.4459021076329106,0.0043854696105394275,0.005067047106346071,8.770939221078855e-07,0.005066170012423963
2017-03-13,0.0005049744907372755,0.069450319165381,1.4398781920911192,0.00602391554179138,0.0007271017567749219,1.2047831083582761e-06,0.0007258969736665636
2017-03-14,-0.0038268237988340337,0.06784276325175036,1.473996565100405,0.034118373009285774,-0.005640725134725849,6.823674601857155e-06,-0.005647548809327706
2017-03-15,0.008653733386627005,0.06959736297283374,1.4368360485013414,0.03716051659906361,0.012433996084025277,7.4321033198127224e-06,0.012426563980705465
2017-03-16,-0.00196712772953056,0.07292769503731915,1.371221179400051,0.06561486910129033,-0.0026973672053174393,1.3122973820258067e-05,-0.002710490179137697
2017-03-17,-0.001756057823674162,0.07303322867242139,1.3692397531613132,0.001981426238737871,-0.0024044641810246022,3.9628524774757426e-07,-0.0024048604662723497
2017-03-20,-0.0010969455596294697,0.07191305765679096,1.3905680450587365,0.021328291897423357,-0.0015253774423898134,4.265658379484672e-06,-0.001529643100769298
2017-03-21,-0.012839668957422723,0.07198236348722678,1.3892291827531467,0.001338862305589883,-0.017837242812541315,2.677724611179766e-07,-0.017837510585002433
2017-03-22,0.002353259438304889,0.08562589272725141,1.167871035441758,0.2213581473113886,0.0027483035368762207,4.427162946227772e-05,0.002704031907413943
2017-03-23,-0.0010672753190793527,0.08331801680997916,1.2002205984819216,0.032349563040163565,-0.0012809658222104046,6.469912608032713e-06,-0.0012874357348184374
2017-03-24,-0.0007264743709536337,0.08333823505822786,1.1999294193131242,0.00029117916879739525,-0.0008717179700842608,5.823583375947905e-08,-0.0008717762059180203
2017-03-27,-0.001026192308272611,0.08328628730389886,1.2006778455031304,0.0007484261900061462,-0.0012321263697686428,1.4968523800122925e-07,-0.001232276055006644
2017-03-28,0.007276964690979826,0.08311997447352358,1.2030802539749728,0.0024024084718423655,0.008754772528590919,4.804816943684731e-07,0.00875429204689655
2017-03-29,0.0009348085550464624,0.08709249048390248,1.1482046206783265,0.05487563329664624,0.0010733515023539778,1.0975126659329249e-05,0.0010623763756946486
2017-03-30,0.003184174043813437,0.08665560755096695,1.153993409384205,0.0057887887058785115,0.003674515860892959,1.1577577411757024e-06,0.0036733581031517834
2017-03-31,-0.002327614482234397,0.071464393107907,1.3992982470166075,0.24530483763240252,-0.00325702686472106,4.9060967526480504e-05,-0.0033060878322475405
2017-04-03,-0.0017392129507604048,0.06866231242585695,1.456403031983261,0.0571047849666535,-0.002532995014752008,1.14209569933307e-05,-0.0025444159717453387
2017-04-04,0.0006375230281203681,0.06875168224094141,1.4545098642030072,0.001893167780253835,0.0009272835330576465,3.78633556050767e-07,0.0009269048995015957
2017-04-05,-0.002972662562567341,0.0681854951342625,1.46658757559936,0.01207771139635283,-0.004359669980710617,2.415542279270566e-06,-0.004362085522989887
2017-04-06,0.00281117635531003,0.06817824000025155,1.4667436413675543,0.00015606576819426898,0.004123275043913803,3.12131536388538e-08,0.004123243830760164
2017-04-07,-0.0010197549515887916,0.06869282098532926,1.4557561993466104,0.010987442020943927,-0.001484514592589786,2.1974884041887854e-06,-0.0014867120809939748
2017-04-10,0.0005954205275615632,0.06861349116102412,1.4574393214494379,0.0016831221028275056,0.0008677892896663909,3.3662442056550116e-07,0.0008674526652458254
2017-04-11,-0.0011896826403487992,0.06740710003228727,1.4835232483240057,0.026083926874567842,-0.0017649218550849304,5.2167853749135685e-06,-0.0017701386404598439
2017-04-12,-0.004382000900342242,0.06742110187075412,1.4832151540878027,0.0003080942362030381,-0.006499450140614009,6.161884724060763e-08,-0.0064995117594612494
2017-04-13,-0.006494772844648833,0.06780934261647534,1.4747230417140698,0.00849211237373293,-0.009577991164702468,1.698422474746586e-06,-0.009579689587177214
2017-04-17,0.008859891522155161,0.06252220850377406,1.5,0.02527695828593024,0.013289837283232742,5.055391657186048e-06,0.013284781891575555
2017-04-18,-0.002984270213224227,0.0712417750243213,1.4036708092388337,0.0963291907611663,-0.004188932985183798,1.9265838152233262e-05,-0.004208198823336031
2017-04-19,-0.0018385124916181494,0.07162527447898498,1.3961552081638477,0.007515601074985945,-0.002566848790446972,1.503120214997189e-06,-0.002568351910661969
2017-04-20,0.008138983102852881,0.07173227929939059,1.3940725288071192,0.0020826793567285673,0.011346332756112529,4.165358713457135e-07,0.011345916220241184
2017-04-21,-0.0031869551410932395,0.06316823511226655,1.5,0.10592747119288082,-0.004780432711639859,2.1185494238576163e-05,-0.0048016182058784355
2017-04-24,0.01099812223329466,0.06384906386045168,1.5,0.0,0.01649718334994199,0.0,0.01649718334994199
2017-04-25,0.005818607359152406,0.07401085142342873,1.3511532170854639,0.14884678291453612,0.007861830052275929,2.9769356582907227e-05,0.00783206069569302
2017-04-26,-0.0006289915169345184,0.07593040629403845,1.3169954551902792,0.03415776189518471,-0.0008283789691560002,6.831552379036943e-06,-0.0008352105215350371
2017-04-27,0.0008392571970690099,0.07581207389674066,1.3190511070334832,0.0020556518432039983,0.0011070231348796957,4.1113036864079966e-07,0.0011066120045110548
2017-04-28,-0.002179603047244516,0.07226725241406792,1.3837526218242313,0.06470151479074815,-0.003016031431160683,1.294030295814963e-05,-0.0030289717341188327
2017-05-01,0.00252019210369947,0.07292534491097374,1.3712653690164733,0.012487252807757976,0.003455852155071856,2.4974505615515954e-06,0.0034533547045103043
2017-05-02,0.0003770415476724853,0.07265558307063147,1.3763567199341846,0.00509135091771129,0.0005189436678334104,1.0182701835422582e-06,0.0005179253976498681
2017-05-03,-0.001214412705552781,0.07193485154690428,1.3901467487535741,0.01379002881938951,-0.00168821187426923,2.758005763877902e-06,-0.0016909698800331079
2017-05-04,0.001174018200463145,0.07174087160204831,1.3939055627133592,0.0037588139597850567,0.0016364705003523055,7.517627919570114e-07,0.0016357187375603485
2017-05-05,0.003937105037053135,0.07176441673066067,1.393448237380796,0.00045732533256326313,0.005486152074264744,9.146506651265263e-08,0.005486060609198231
2017-05-08,-0.00016707354349221326,0.07133741716789029,1.4017889064395654,0.008340669058769512,-0.0002342018398269328,1.6681338117539024e-06,-0.00023586997363868672
2017-05-09,-0.0009178802318308144,0.0711291705958549,1.405892957309804,0.004104050870238574,-0.001290441353584832,8.208101740477147e-07,-0.0012912621637588798
2017-05-10,0.0017960385178643623,0.07109619080564468,1.4065451167893022,0.0006521594794981489,0.002526209206867615,1.3043189589962978e-07,0.002526078774971715
2017-05-11,-0.002042883490035785,0.07116136788370514,1.405256854581887,0.0012882622074150696,-0.002870776027484955,2.576524414830139e-07,-0.002871033679926438
2017-05-12,-0.001671052744066981,0.07154012372519389,1.397816984272052,0.007439870309835062,-0.0023358259072712444,1.4879740619670124e-06,-0.0023373138813332114
2017-05-15,0.005523615869992282,0.06961961572162344,1.4363767878273508,0.038559803555298755,0.007933993620531692,7.711960711059752e-06,0.007926281659820632
2017-05-16,-0.0009156556485755418,0.06563827079354913,1.5,0.06362321217264921,-0.0013734834728633127,1.2724642434529843e-05,-0.0013862081152978426
2017-05-17,-0.017744007382515914,0.060509709976737304,1.5,0.0,-0.02661601107377387,0.0,-0.02661601107377387
2017-05-18,0.004028532564987808,0.08831552219935053,1.1323037843140942,0.3676962156859058,0.004561522668568259,7.353924313718117e-05,0.004487983425431078
2017-05-19,0.00650410696092929,0.08877057301266711,1.126499431131649,0.00580435318244521,0.007326872791506243,1.160870636489042e-06,0.007325711920869754
2017-05-22,0.0050775682425008295,0.08720885840784424,1.1466725035240826,0.0201730723924336,0.0058223078884428025,4.03461447848672e-06,0.005818273273964316
2017-05-23,0.00221262582928361,0.08737195461728715,1.144532023325186,0.002140480198896455,0.002532421117251538,4.28096039779291e-07,0.0025319930212117587
2017-05-24,0.002332753152149092,0.07967268056285932,1.2551353775665053,0.11060335424131917,0.0029279210083921056,2.2120670848263836e-05,0.002905800337543842
2017-05-25,0.004779516087285884,0.0776787485050701,1.2873533871812184,0.032218009614713106,0.006152926224054607,6.443601922942621e-06,0.006146482622131664
2017-05-26,-0.00020673407233651186,0.07900570583388067,1.265731366418806,0.021622020762412486,-0.00026166979986381745,4.324404152482497e-06,-0.0002659942040162999
2017-05-30,-0.0008689297719353117,0.07906196915270713,1.2648306268068197,0.0009007396119862232,-0.0010990489880880472,1.8014792239724465e-07,-0.0010992291360104444
2017-05-31,-0.0002480849935097007,0.07860440346674916,1.2721933580006304,0.007362731193810701,-0.0003156120809626707,1.4725462387621402e-06,-0.00031708462720143285
2017-06-01,0.007951869505893772,0.07837741134702422,1.2758778107283935,0.0036844527277630768,0.010145613856377618,7.368905455526154e-07,0.010144876965832064
2017-06-02,0.0033286246203680925,0.08244244088156637,1.212967482897021,0.06291032783137251,0.004037513427276937,1.2582065566274504e-05,0.004024931361710663
2017-06-05,-0.0007372002229447672,0.08246249701303068,1.2126724707863024,0.00029501211071858435,-0.0008939824158226438,5.900242214371687e-08,-0.0008940414182447875
2017-06-06,-0.003196963354805793,0.08271689028897047,1.2089429335490152,0.003729537237287195,-0.0038649462566076164,7.45907447457439e-07,-0.0038656921640550738
2017-06-07,0.0018503842907748869,0.08326435003796018,1.2009941824371422,0.007948751111872987,0.0022223007684937165,1.5897502223745974e-06,0.002220711018271342
2017-06-08,0.0004924954895608735,0.08329120050320983,1.2006070196592527,0.000387162777889527,0.000591293541917305,7.743255557790541e-08,0.0005912161093617271
2017-06-09,-0.001517937058767016,0.0830673020570995,1.203843119056174,0.003236099396921377,-0.0018273580833570394,6.472198793842754e-07,-0.0018280053032364238
2017-06-12,-0.00020547765001122098,0.08339386909027634,1.1991289178794071,0.004714201176766908,-0.00024639419210635896,9.428402353533817e-07,-0.00024733703234171235
2017-06-13,0.004889923262429097,0.08287058862730336,1.2067007325087713,0.007571814629364182,0.005900673982684871,1.5143629258728365e-06,0.005899159619758999
2017-06-14,-0.0012675898745460046,0.08352108529819732,1.1973024493511744,0.009398283157596943,-0.001517688461566679,1.8796566315193886e-06,-0.0015195681181981984
2017-06-15,-0.00192427598393774,0.0823046150103821,1.2149986970643842,0.01769624771320988,-0.00233799281327664,3.539249542641976e-06,-0.0023415320628192822
2017-06-16,0.00021878008859466114,0.08264108991759855,1.2100518047343038,0.004946892330080388,0.0002647352410439006,9.893784660160776e-07,0.0002637458625778845
2017-06-19,0.008324631919523373,0.048318402057846016,1.5,0.28994819526569615,0.01248694787928506,5.798963905313923e-05,0.01242895824023192
2017-06-20,-0.006743878018330318,0.05309999262459259,1.5,0.0,-0.010115817027495477,0.0,-0.010115817027495477
2017-06-21,-0.00024700862370030663,0.05792321159083091,1.5,0.0,-0.00037051293555045994,0.0,-0.00037051293555045994
2017-06-22,-0.00045258766618760937,0.056310023025594014,1.5,0.0,-0.0006788814992814141,0.0,-0.0006788814992814141
2017-06-23,0.0011939033859313941,0.05629310958246741,1.5,0.0,0.0017908550788970912,0.0,0.0017908550788970912
2017-06-26,0.0006581962145377762,0.05603704962884023,1.5,0.0,0.0009872943218066643,0.0,0.0009872943218066643
2017-06-27,-0.00805603060681137,0.05407231618688215,1.5,0.0,-0.012084045910217056,0.0,-0.012084045910217056
2017-06-28,0.008950284345943249,0.06172850039194955,1.5,0.0,0.013425426518914874,0.0,0.013425426518914874
2017-06-29,-0.008788761552594893,0.06864278902144597,1.4568172626079798,0.043182737392020165,-0.01280361954676555,8.636547478404034e-06,-0.012812256094243954
2017-06-30,0.0018644698932595016,0.07600305790605325,1.3157365342274674,0.14108072838051244,0.002453151155528713,2.821614567610249e-05,0.0024249350098526105
2017-07-03,0.001695455256346845,0.07096333366508362,1.4091784423764102,0.09344190814894282,0.002389198997257744,1.8688381629788566e-05,0.0023705106156279554
2017-07-05,0.002312328025994015,0.07020065577168606,1.424488117678423,0.01530967530201277,0.003293883797203278,3.061935060402554e-06,0.003290821862142875
2017-07-06,-0.009144519861723599,0.07066859571749766,1.415055711588731,0.00943240608969198,-0.01294000506006857,1.8864812179383963e-06,-0.01294189154128651
2017-07-07,0.006485200456825657,0.07679874141782,1.3021046719496954,0.11295103963903563,0.008444409813362986,2.259020792780713e-05,0.00842181960543518
2017-07-10,0.0010737209852591523,0.08002964422795897,1.249536980511332,0.05256769143836326,0.0013416540778323736,1.0513538287672652e-05,0.001331140539544701
2017-07-11,-0.0007428377546727649,0.08010550444015728,1.2483536643190967,0.0011833161922354396,-0.0009273242330403163,2.3666323844708794e-07,-0.0009275608962787634
2017-07-12,0.007515089076676418,0.0799692794238312,1.2504801934003618,0.002126529081265094,0.009397470042023274,4.253058162530188e-07,0.009397044736207021
2017-07-13,0.0016802432305509374,0.0840804607711121,1.1893369646513337,0.06114322874902811,0.0019983753836994027,1.2228645749805623e-05,0.001986146737949597
2017-07-14,0.004663934671155001,0.08263008300059389,1.2102129922740277,0.020876027622694027,0.005644354334149077,4.175205524538806e-06,0.0056401791286245385
2017-07-17,-0.00012197156089355232,0.08383124647351822,1.1928726364767748,0.017340355797252904,-0.00014549653741827923,3.468071159450581e-06,-0.00014896460857772981
2017-07-18,0.0005291322709835011,0.08340547326631427,1.1989620834678234,0.00608944699104863,0.0006344095300484394,1.217889398209726e-06,0.0006331916406502298
2017-07-19,0.005414234034784693,0.08339511169664567,1.1991110505823834,0.00014896711456002798,0.00649226786154957,2.97934229120056e-08,0.006492238068126658
2017-07-20,0.0004452557234979615,0.0805606640697575,1.2413005919788593,0.042189541396475905,0.0005526961931599949,8.437908279295182e-06,0.0005442582848806997
2017-07-21,-0.0008901861682022449,0.07618692331803172,1.3125612066333734,0.07126061465451405,-0.0011684238310638777,1.4252122930902811e-05,-0.0011826759539947805
2017-07-24,-0.0002431365828109433,0.07633138273299116,1.3100771454619418,0.0024840611714316285,-0.0003185276803663316,4.968122342863257e-07,-0.00031902449260061796
2017-07-25,0.002431103557983816,0.07629236274368896,1.310747188889129,0.0006700434271871281,0.003186562154525646,1.3400868543742562e-07,0.0031864281458402087
2017-07-26,4.023327065838522e-05,0.07649593309335144,1.3072590392219348,0.0034881496671941292,5.2595306745636724e-05,6.976299334388259e-07,5.18976768121979e-05
2017-07-27,-0.0009297272244325194,0.07654481772439387,1.3064241704782487,0.0008348687436861013,-0.0012146181179502986,1.6697374873722027e-07,-0.0012147850916990359
2017-07-28,-0.0011728461611340002,0.06982442013614586,1.432163701539044,0.12573953106079538,-0.0016797076994655277,2.5147906212159077e-05,-0.0017048556056776867
2017-07-31,-0.0005671312459452071,0.06415914270338234,1.5,0.06783629846095596,-0.0008506968689178107,1.3567259692191192e-05,-0.0008642641286100019
2017-08-01,0.0022289749959234495,0.05447353332179624,1.5,0.0,0.0033434624938851742,0.0,0.0033434624938851742
2017-08-02,0.00048498209498926137,0.05455561881716768,1.5,0.0,0.0007274731424838921,0.0,0.0007274731424838921
2017-08-03,-0.0019396975297911734,0.05454500381889709,1.5,0.0,-0.00290954629468676,0.0,-0.00290954629468676
2017-08-04,0.0018221160859488439,0.05526307593952892,1.5,0.0,0.002733174128923266,0.0,0.002733174128923266
2017-08-07,0.0018590369183955069,0.04175119105123568,1.5,0.0,0.0027885553775932603,0.0,0.0027885553775932603
2017-08-08,-0.0024607532800541287,0.037423586791598594,1.5,0.0,-0.003691129920081193,0.0,-0.003691129920081193
2017-08-09,-4.054332601111099e-05,0.0394311255413916,1.5,0.0,-6.081498901666649e-05,0.0,-6.081498901666649e-05
2017-08-10,-0.014115046032387113,0.03912405639385925,1.5,0.0,-0.02117256904858067,0.0,-0.02117256904858067
2017-08-11,0.0014766271996717872,0.05989383772326335,1.5,0.0,0.002214940799507681,0.0,0.002214940799507681
2017-08-14,0.009913090731102026,0.05982417837547206,1.5,0.0,0.014869636096653038,0.0,0.014869636096653038
2017-08-15,-0.00012162915271340946,0.06733017400196618,1.485218202422584,0.014781797577416045,-0.00018064583155519195,2.956359515483209e-06,-0.00018360219107067515
2017-08-16,0.0017444653784088882,0.06733015349192434,1.4852186548482194,4.524256353999334e-07,0.002590912522749739,9.048512707998669e-11,0.0025909124322646116
2017-08-17,-0.015590944975042431,0.06753670475801707,1.4806763279064088,0.004542326941810559,-0.023085143154236702,9.08465388362112e-07,-0.023086051619625063
2017-08-18,-0.0015631028288095594,0.08441263331269767,1.1846567992916484,0.29601952861476044,-0.001851740394141254,5.920390572295209e-05,-0.001910944299864206
2017-08-21,0.000782521799105762,0.08434276194420379,1.185638194610631,0.0009813953189825586,0.0009277877331352185,1.9627906379651174e-07,0.0009275914540714219
2017-08-22,0.010457412976741631,0.08452898699344068,1.1830261257923256,0.0026120688183053353,0.012371392759685042,5.224137636610671e-07,0.012370870345921381
2017-08-23,-0.0035856133407391466,0.09305139999142484,1.0746748572210145,0.10835126857131105,-0.0038533685050086072,2.1670253714262213e-05,-0.0038750387587228696
2017-08-24,-0.0023305968711351266,0.09320076676474014,1.0729525461139464,0.0017223111070681085,-0.002500619846849631,3.444622214136217e-07,-0.002500964309071045
2017-08-25,0.0023360412415434073,0.09337743070420644,1.0709225906715296,0.0020299554424167976,0.002501719338309202,4.0599108848335954e-07,0.002501313347220719
2017-08-28,4.0990938346530115e-05,0.09393774757775968,1.0645347858401877,0.006387804831341937,4.363627977411177e-05,1.2775609662683874e-06,4.235871880784338e-05
2017-08-29,0.0011448996118510468,0.09392139684954168,1.064720110159733,0.00018532431954532136,0.001218997640851882,3.7064863909064274e-08,0.001218960575987973
2017-08-30,0.004737413766449761,0.0940785323895568,1.0629417515350241,0.0017783586247088756,0.005035594886656244,3.5567172494177513e-07,0.005035239214931302
2017-08-31,0.006016200680278416,0.09533951270332967,1.0488830618546634,0.014058689680360725,0.006310290990262534,2.8117379360721453e-06,0.006307479252326462
2017-09-01,0.0014142926054139249,0.09776093101694248,1.0229035153385506,0.025979546516112784,0.0014466848777952214,5.195909303222557e-06,0.001441488968491999
2017-09-05,-0.007182325490656893,0.09760071883806307,1.0245826177358157,0.0016791023972650976,-0.007358885852647917,3.358204794530195e-07,-0.00735922167312737
2017-09-06,0.0034137580335156237,0.10063766367460902,0.9936637671093919,0.030918850626423855,0.0033921276675830843,6.1837701252847716e-06,0.0033859438974577997
2017-09-07,-0.000121522917522765,0.10118910401886436,0.9882486950507767,0.0054150720586151335,-0.00012009486466063569,1.0830144117230268e-06,-0.00012117787907235871
2017-09-08,-0.0011747694873128767,0.10084493836723124,0.9916214102471425,0.0033727151963657276,-0.0011649265757245073,6.745430392731456e-07,-0.0011656011187637803
2017-09-11,0.010666243834177358,0.10091927806289272,0.9908909568068865,0.0007304534402559071,0.010569084558383556,1.4609068805118142e-07,0.010568938467695504
2017-09-12,0.003370537176720756,0.09385091375116213,1.0655197270123726,0.07462877020548608,0.003591373852424553,1.4925754041097218e-05,0.0035764480983834558
2017-09-13,0.00047982764961540525,0.094182991078504,1.0617628390740679,0.0037568879383047538,0.0005094631675218897,7.513775876609507e-07,0.0005087117899342288
2017-09-14,-0.0003198720399555377,0.08864303334638093,1.1281202394015633,0.06635740032749537,-0.0003608541222925076,1.3271480065499076e-05,-0.0003741256023580067
2017-09-15,0.0013465881449417072,0.08866915632908122,1.1277878818296883,0.00033235757187499715,0.0015186657916807771,6.647151437499943e-08,0.001518599320166402
2017-09-18,0.002126391397912153,0.08862089900989012,1.1284020035594535,0.0006141217297652712,0.0023994243137556606,1.2282434595305426e-07,0.0023993014894097076
2017-09-19,0.001001440913621865,0.06598998738598134,1.5,0.3715979964405465,0.0015021613704327974,7.43195992881093e-05,0.001427841771144688
2017-09-20,0.0003598505470581159,0.06506869037507534,1.5,0.0,0.0005397758205871739,0.0,0.0005397758205871739
2017-09-21,-0.002679429674734335,0.06515598803002741,1.5,0.0,-0.004019144512101502,0.0,-0.004019144512101502
2017-09-22,0.0002003430489438962,0.05825293049489218,1.5,0.0,0.0003005145734158443,0.0,0.0003005145734158443
2017-09-25,-0.0020443504281369984,0.055925270200286044,1.5,0.0,-0.0030665256422054976,0.0,-0.0030665256422054976
2017-09-26,0.0006027713586966854,0.05570702774875977,1.5,0.0,0.0009041570380450281,0.0,0.0009041570380450281
2017-09-27,0.0038943669533804126,0.055583836478706766,1.5,0.0,0.005841550430070619,0.0,0.005841550430070619
2017-09-28,0.0011997235018792463,0.056245230186753724,1.5,0.0,0.0017995852528188694,0.0,0.0017995852528188694
2017-09-29,0.003514957988119072,0.05624367360495306,1.5,0.0,0.005272436982178608,0.0,0.005272436982178608
2017-10-02,0.00433882830635568,0.05545630708027481,1.5,0.0,0.00650824245953352,0.0,0.00650824245953352
2017-10-03,0.0021399634998719996,0.0539200017406083,1.5,0.0,0.0032099452498079994,0.0,0.0032099452498079994
2017-10-04,0.001186391320523672,0.05402124116198194,1.5,0.0,0.001779586980785508,0.0,0.001779586980785508
2017-10-05,0.005925203347632246,0.04462764378207371,1.5,0.0,0.00888780502144837,0.0,0.00888780502144837
2017-10-06,-0.0011386975300642366,0.04671616414107619,1.5,0.0,-0.0017080462950963549,0.0,-0.0017080462950963549
2017-10-09,-0.0016511702622875601,0.04734859129407901,1.5,0.0,-0.00247675539343134,0.0,-0.00247675539343134
2017-10-10,0.0026380417898619335,0.047735969377779755,1.5,0.0,0.0039570626847929,0.0,0.0039570626847929
2017-10-11,0.00157119560712915,0.03502586627846278,1.5,0.0,0.002356793410693725,0.0,0.002356793410693725
2017-10-12,-0.0014900887723536815,0.03420573613143639,1.5,0.0,-0.0022351331585305223,0.0,-0.0022351331585305223
2017-10-13,0.0012174091776393503,0.035371598140050364,1.5,0.0,0.0018261137664590255,0.0,0.0018261137664590255
2017-10-16,0.001333650271989173,0.035002858825246314,1.5,0.0,0.0020004754079837594,0.0,0.0020004754079837594
2017-10-17,0.0007050453684342983,0.03500199628187305,1.5,0.0,0.0010575680526514475,0.0,0.0010575680526514475
2017-10-18,0.0009784903758300878,0.03485075637268398,1.5,0.0,0.0014677355637451317,0.0,0.0014677355637451317
2017-10-19,0.00027381059084063963,0.034851556365346995,1.5,0.0,0.00041071588626095945,0.0,0.00041071588626095945
2017-10-20,0.005160408538147809,0.034875405317010215,1.5,0.0,0.007740612807221714,0.0,0.007740612807221714
2017-10-23,-0.0038892681068736223,0.03479626431622796,1.5,0.0,-0.0058339021603104335,0.0,-0.0058339021603104335
2017-10-24,0.0017568676841801523,0.039252873554003566,1.5,0.0,0.0026353015262702284,0.0,0.0026353015262702284
2017-10-25,-0.004949905140550048,0.03738479208658237,1.5,0.0,-0.007424857710825072,0.0,-0.007424857710825072
2017-10-26,0.0012925945806421257,0.043415970014950754,1.5,0.0,0.0019388918709631886,0.0,0.0019388918709631886
2017-10-27,0.008176251541726742,0.04228484707418307,1.5,0.0,0.012264377312590113,0.0,0.012264377312590113
2017-10-30,-0.0037253159265170366,0.0489679800329787,1.5,0.0,-0.005587973889775555,0.0,-0.005587973889775555
2017-10-31,0.0015581608367636335,0.05136481146526604,1.5,0.0,0.0023372412551454502,0.0,0.0023372412551454502
2017-11-01,0.001322104491975784,0.05000003380750309,1.5,0.0,0.001983156737963676,0.0,0.001983156737963676
2017-11-02,0.00038842065448041474,0.04982610053880044,1.5,0.0,0.0005826309817206221,0.0,0.0005826309817206221
2017-11-03,0.0033387815448053804,0.04983875089240855,1.5,0.0,0.0050081723172080705,0.0,0.0050081723172080705
2017-11-06,0.0015476408548524834,0.04724567454271661,1.5,0.0,0.002321461282278725,0.0,0.002321461282278725
2017-11-07,-0.000695483695581034,0.04683739005144427,1.5,0.0,-0.001043225543371551,0.0,-0.001043225543371551
2017-11-08,0.0017008492292114319,0.04631204134618043,1.5,0.0,0.002551273843817148,0.0,0.002551273843817148
2017-11-09,-0.0036275178407628728,0.04597670517407457,1.5,0.0,-0.005441276761144309,0.0,-0.005441276761144309
2017-11-10,-0.00030998568016382677,0.048393781864828685,1.5,0.0,-0.00046497852024574016,0.0,-0.00046497852024574016
2017-11-13,0.0009298392712204784,0.04792530778289816,1.5,0.0,0.0013947589068307176,0.0,0.0013947589068307176
2017-11-14,-0.0023224724962531695,0.047892401636632845,1.5,0.0,-0.0034837087443797543,0.0,-0.0034837087443797543
2017-11-15,-0.005005248115372507,0.04888163359761117,1.5,0.0,-0.0075078721730587605,0.0,-0.0075078721730587605
2017-11-16,0.008501013653927636,0.05239364792399321,1.5,0.0,0.012751520480891454,0.0,0.012751520480891454
2017-11-17,-0.0029388956664004873,0.059786688219110075,1.5,0.0,-0.004408343499600731,0.0,-0.004408343499600731
2017-11-20,0.0017064632532839408,0.060993204499906424,1.5,0.0,0.002559694879925911,0.0,0.002559694879925911
2017-11-21,0.006542743346354296,0.058721310793198804,1.5,0.0,0.009814115019531444,0.0,0.009814115019531444
2017-11-22,-0.0008847435261762904,0.06059830146954099,1.5,0.0,-0.0013271152892644356,0.0,-0.0013271152892644356
2017-11-24,0.0023099563713018245,0.060721336567117534,1.5,0.0,0.0034649345569527368,0.0,0.0034649345569527368
2017-11-27,-0.0004991458694253437,0.05748632435001243,1.5,0.0,-0.0007487188041380155,0.0,-0.0007487188041380155
2017-11-28,0.010144588957318845,0.05768380435692536,1.5,0.0,0.015216883435978268,0.0,0.015216883435978268
2017-11-29,-0.0006085544263778608,0.06113039345505341,1.5,0.0,-0.0009128316395667913,0.0,-0.0009128316395667913
2017-11-30,0.008754901008293903,0.059043764977678555,1.5,0.0,0.013132351512440854,0.0,0.013132351512440854
2017-12-01,-0.002075528129124815,0.0647362873555139,1.5,0.0,-0.0031132921936872227,0.0,-0.0031132921936872227
2017-12-04,-0.001209989491449015,0.06587589337663685,1.5,0.0,-0.0018149842371735225,0.0,-0.0018149842371735225
2017-12-05,-0.003596534908359761,0.06637950639132564,1.5,0.0,-0.005394802362539641,0.0,-0.005394802362539641
2017-12-06,0.0001899046905462498,0.06790031758883862,1.4727471615896817,0.027252838410318336,0.0002796815939745563,5.4505676820636675e-06,0.0002742310262924926
2017-12-07,0.0031531067877339503,0.06789360818994458,1.4728927017729272,0.00014554018324552942,0.004644187975564013,2.9108036649105885e-08,0.004644158867527364
2017-12-08,0.005453225344961288,0.0681270210600363,1.4678463617523498,0.005046340020577356,0.008004496982417128,1.0092680041154711e-06,0.008003487714413013
2017-12-11,0.003013174867772639,0.06983681816667046,1.4319094515638298,0.03593691018852008,0.0043145935723782345,7.187382037704016e-06,0.00430740619034053
2017-12-12,0.0017646885178150828,0.06784709352940332,1.4739024886403185,0.041993037076488715,0.0026009787980826454,8.398607415297744e-06,0.0025925801906673475
2017-12-13,-0.00011263214713996827,0.06753427216872462,1.480729661973175,0.006827173332856429,-0.00016677776116187813,1.3654346665712859e-06,-0.00016814319582844942
2017-12-14,-0.004086191374012227,0.06775822485785393,1.47583559353546,0.0048940684377150045,-0.006030546671764812,9.78813687543001e-07,-0.006031525485452355
2017-12-15,0.008327437959160244,0.06928238521182545,1.4433683207392163,0.03246727279624362,0.012019560143173128,6.493454559248724e-06,0.012013066688613879
2017-12-18,0.006341225261962791,0.06901634764051875,1.4489320779601944,0.005563757220978127,0.009188004695629425,1.1127514441956254e-06,0.009186891944185229
2017-12-19,-0.0038401356256891894,0.06685952493511836,1.4956732058303097,0.04674112787011531,-0.005743587962097732,9.348225574023063e-06,-0.005752936187671755
2017-12-20,-0.0005241535784947793,0.06776263889356324,1.4757394580968568,0.01993374773345291,-0.0007735141178874139,3.986749546690583e-06,-0.0007775008674341045
2017-12-21,0.002059636309481583,0.06829889374769221,1.4641525581573414,0.01158689993951545,0.003015621771401205,2.31737998790309e-06,0.003013304391413302
2017-12-22,-0.000261642795875372,0.06613761471279367,1.5,0.035847441842658645,-0.00039246419381305797,7.169488368531729e-06,-0.0003996336821815897
2017-12-26,-0.0011959581332137148,0.06587467457595836,1.5,0.0,-0.0017939371998205722,0.0,-0.0017939371998205722
2017-12-27,0.0004864499173855563,0.06654970043209488,1.5,0.0,0.0007296748760783345,0.0,0.0007296748760783345
2017-12-28,0.002057466808685904,0.06626636824982274,1.5,0.0,0.0030862002130288557,0.0,0.0030862002130288557
2017-12-29,-0.0037708959453071067,0.0584883930314266,1.5,0.0,-0.00565634391796066,0.0,-0.00565634391796066
2018-01-02,0.0071575368027549935,0.0606696782408402,1.5,0.0,0.01073630520413249,0.0,0.01073630520413249
2018-01-03,0.006325282115950515,0.05830203555322195,1.5,0.0,0.009487923173925772,0.0,0.009487923173925772
2018-01-04,0.004214683454369705,0.06009786525946676,1.5,0.0,0.006322025181554558,0.0,0.006322025181554558
2018-01-05,0.0066642149109961135,0.060157731847879946,1.5,0.0,0.00999632236649417,0.0,0.00999632236649417
2018-01-08,0.0018285506652517824,0.05953273718136947,1.5,0.0,0.0027428259978776737,0.0,0.0027428259978776737
2018-01-09,0.0022636069752901555,0.059150973336859085,1.5,0.0,0.0033954104629352333,0.0,0.0033954104629352333
2018-01-10,-0.001530121565812781,0.05904020496591712,1.5,0.0,-0.0022951823487191714,0.0,-0.0022951823487191714
2018-01-11,0.00729641447621221,0.05900338251404327,1.5,0.0,0.010944621714318314,0.0,0.010944621714318314
2018-01-12,0.006518538959972231,0.06193282957142661,1.5,0.0,0.009777808439958346,0.0,0.009777808439958346
2018-01-16,-0.0034180245101638196,0.06388837312664568,1.5,0.0,-0.005127036765245729,0.0,-0.005127036765245729
2018-01-17,0.009531615501800816,0.06637424951262555,1.5,0.0,0.014297423252701225,0.0,0.014297423252701225
2018-01-18,-0.001680469278225627,0.0672855977332437,1.486202149774366,0.013797850225633956,-0.0024975170539287043,2.7595700451267914e-06,-0.002500276623973831
2018-01-19,0.004549337960275457,0.06563530746542029,1.5,0.013797850225633956,0.006824006940413185,2.7595700451267914e-06,0.006821247370368058
2018-01-22,0.008130748006502264,0.06449977412210307,1.5,0.0,0.012196122009753396,0.0,0.012196122009753396
2018-01-23,0.00212230692881743,0.06386571236896221,1.5,0.0,0.003183460393226145,0.0,0.003183460393226145
2018-01-24,-0.00038824717871976944,0.06283187019196154,1.5,0.0,-0.0005823707680796542,0.0,-0.0005823707680796542
2018-01-25,0.00042405840651138504,0.06377329818821167,1.5,0.0,0.0006360876097670776,0.0,0.0006360876097670776
2018-01-26,0.011577979562042318,0.06341398796020976,1.5,0.0,0.017366969343063476,0.0,0.017366969343063476
2018-01-29,-0.00663001781092909,0.06864179582014968,1.4568383417883304,0.04316165821166962,-0.00965886415370103,8.632331642333924e-06,-0.009667496485343364
2018-01-30,-0.010257237463332292,0.07637443566832891,1.3093386435517478,0.1474996982365826,-0.013430197386827674,2.9499939647316522e-05,-0.01345969732647499
2018-01-31,0.0004966420066729871,0.08915710100270176,1.1216156523188172,0.18772299123293057,0.0005570414482834488,3.754459824658612e-05,0.0005194968500368627
2018-02-01,-0.0011350322089820342,0.08660939646740377,1.1546091310962536,0.032993478777436414,-0.0013105185525790078,6.598695755487283e-06,-0.0013171172483344951
2018-02-02,-0.02177005001199339,0.085906529339786,1.1640558729182287,0.009446741821975024,-0.02534155457018446,1.8893483643950049e-06,-0.025343443918548855
2018-02-05,-0.041822387269725536,0.11813194925569417,0.8465110465886926,0.31754482632953607,-0.03540311281853298,6.350896526590722e-05,-0.035466621783798884
2018-02-06,0.019702425427562398,0.18851425059742655,0.5304638757180786,0.31604717087061396,0.010451424953351171,6.32094341741228e-05,0.010388215519177048
2018-02-07,-0.005424814533716127,0.20048235404692433,0.49879701620320305,0.03166685951487558,-0.002705881302873374,6.333371902975116e-06,-0.0027122146747763495
2018-02-08,-0.03750901691839792,0.20091484250414793,0.4977233078135354,0.001073708389667638,-0.018669111973458875,2.147416779335276e-07,-0.018669326715136807
2018-02-09,0.015021416663911769,0.23676352630106406,0.4223623526912751,0.07536095512226032,0.006344480882925699,1.5072191024452064e-05,0.006329408691901247
2018-02-12,0.014684525177621088,0.24478980057144586,0.40851375247888805,0.013848600212387041,0.005998830483680701,2.7697200424774085e-06,0.005996060763638223
2018-02-13,0.0024873972875165684,0.24966273920496213,0.40054034622244694,0.007973406256441107,0.0009963029707346616,1.5946812512882214e-06,0.0009947082894833734
2018-02-14,0.01349622530021466,0.24836260575603897,0.4026371026974478,0.0020967564750008494,0.005434081052230423,4.193512950001699e-07,0.005433661700935423
2018-02-15,0.012759982976889628,0.2539657448597645,0.3937538901367123,0.008883212560735487,0.0050242929352285175,1.7766425121470976e-06,0.0050225162927163705
2018-02-16,0.0002931516154054403,0.2559171916838372,0.39075139634831985,0.0030024937883924574,0.00011454940306144143,6.004987576784916e-07,0.00011394890430376294
2018-02-20,-0.006261232594251931,0.25594315148359725,0.3907117632190629,3.963312925692186e-05,-0.0024463372268248395,7.926625851384372e-09,-0.002446345153450691
2018-02-21,-0.004974250096831168,0.2557753011454979,0.3909681644480401,0.00025640122897718776,-0.0019447734298635674,5.128024579543755e-08,-0.0019448247101093627
2018-02-22,0.0012961198016829822,0.25362364110347796,0.39428501051761256,0.0033168460695724433,0.0005110406096386606,6.633692139144887e-07,0.0005103772404247461
2018-02-23,0.0159394166667417,0.25346837983755094,0.39452652857169196,0.00024151805407940374,0.006288522724987373,4.830361081588075e-08,0.0062884744213765565
2018-02-26,0.011612339591335896,0.2610485763062064,0.38307046686476226,0.011456061706929699,0.004448344348645205,2.29121234138594e-06,0.004446053136303819
2018-02-27,-0.012486872053873777,0.26483706459681344,0.377590652396935,0.005479814467827249,-0.004714926165219255,1.0959628935654497e-06,-0.004716022128112821
2018-02-28,-0.010129936129524952,0.2638043251073558,0.37906884187476747,0.001478189477832459,-0.003839943156884388,2.956378955664918e-07,-0.0038402387947799547
2018-03-01,-0.014540924330159188,0.2648668564552379,0.3775481815215331,0.0015206603532343932,-0.0054898995384938185,3.0413207064687864e-07,-0.005490203670564465
2018-03-02,0.005155261000954647,0.2669378709774405,0.3746190064146096,0.002929175106923476,0.0019312587539856158,5.858350213846952e-07,0.0019306729189642311
2018-03-05,0.011558110258823362,0.2680380221199285,0.3730813979639684,0.0015376084506412147,0.0043121159331835045,3.0752169012824294e-07,0.004311808411493376
2018-03-06,0.0025348857286771054,0.27217441578907053,0.3674114619116071,0.0056699360523612685,0.0009313460713521247,1.1339872104722537e-06,0.0009302120841416524
2018-03-07,-0.00036662492773076316,0.26217449394168274,0.38142535719833864,0.014013895286731526,-0.00013984004401752144,2.8027790573463054e-06,-0.00014264282307486774
2018-03-08,0.004838981094496431,0.21446662903482341,0.466273006901054,0.08484764970271536,0.0022562862652682042,1.696952994054307e-05,0.002239316735327661
2018-03-09,0.017402616854099717,0.20466760396544817,0.48859711093741015,0.02232410403635615,0.008502868317663803,4.464820807271231e-06,0.008498403496856531
2018-03-12,-0.0012553133923758342,0.21088829317418664,0.4741846903630794,0.014412420574330731,-0.0005952503922723617,2.8824841148661464e-06,-0.0005981328763872279
2018-03-13,-0.006462808289678157,0.15529122033440274,0.6439514081006054,0.16976671773752594,-0.0041617344984225145,3.395334354750519e-05,-0.00419568784197002
2018-03-14,-0.005131369813066389,0.15349261067393669,0.651497160423112,0.007545752322506649,-0.0033430728622936274,1.50915046450133e-06,-0.0033445820127581288
2018-03-15,-0.001089575299862089,0.1493598651690983,0.6695239038063181,0.01802674338320609,-0.0007294967082546054,3.605348676641218e-06,-0.0007331020569312466
2018-03-16,0.0010841274152140201,0.1496656098291694,0.6681561656959238,0.0013677381103942565,0.0007243664168752324,2.735476220788513e-07,0.0007240928692531536
2018-03-19,-0.01353019307796266,0.14330498359766422,0.6978124381267501,0.029656272430826247,-0.009441537020058802,5.93125448616525e-06,-0.009447468274544967
2018-03-20,0.0017006310741625175,0.14513355145933596,0.6890205537898545,0.008791884336895595,0.001171769764511693,1.758376867379119e-06,0.0011700113876443139
2018-03-21,-0.0019190025659111543,0.14527746408140607,0.6883380063955763,0.000682547394278199,-0.0013209224004872794,1.3650947885563982e-07,-0.001321058909966135
2018-03-22,-0.02499723935069531,0.14374581142859377,0.6956724443388415,0.00733443794326516,-0.01738989060082128,1.466887588653032e-06,-0.017391357488409934
2018-03-23,-0.02131458977790779,0.16737231616875592,0.5974703719770081,0.09820207236183331,-0.012734835883143902,1.9640414472366664e-05,-0.01275447629761627
2018-03-26,0.027359092822877074,0.18138398939995723,0.5513165761256742,0.046153795851333945,0.015083521381013095,9.23075917026679e-06,0.015074290621842828
2018-03-27,-0.017011997375476207,0.19904607971674879,0.5023962297690281,0.048920346356646105,-0.008546763342279847,9.784069271329222e-06,-0.008556547411551176
2018-03-28,-0.002954995033046859,0.20011364874764337,0.4997160394896735,0.0026801902793545662,-0.0014766584146258333,5.360380558709133e-07,-0.0014771944526817042
2018-03-29,0.012778057128481013,0.19699410554245028,0.5076294020302602,0.007913362540586666,0.00648651749923932,1.5826725081173332e-06,0.006484934826731202
2018-04-02,-0.02158478927124674,0.20150708539836323,0.4962604654933502,0.011368936536910013,-0.010711677571324778,2.2737873073820025e-06,-0.01071395135863216
2018-04-03,0.01281704837409725,0.20871139197054633,0.4791305307096613,0.017129934783688905,0.0061410391896126165,3.425986956737781e-06,0.006137613202655878
2018-04-04,0.010699172127782042,0.21346088878464933,0.46846989427128877,0.010660636438372506,0.005012240035492372,2.1321272876745015e-06,0.005010107908204698
2018-04-05,0.007892026525700757,0.21283302474259833,0.46985189502869995,0.0013820007574111837,0.0037080836187172676,2.7640015148223675e-07,0.0037078072185657853
2018-04-06,-0.02228603462109746,0.21483536150292934,0.46547271966973874,0.004379175358961207,-0.01037354114573619,8.758350717922415e-07,-0.010374416980807983
2018-04-09,0.0049283257150181115,0.22708736740019994,0.4403591496297031,0.02511357004003567,0.002170233320963574,5.022714008007135e-06,0.002165210606955567
2018-04-10,0.015900204018160835,0.22712170672710166,0.4402925701864116,6.657944329147014e-05,0.007000741693644343,1.3315888658294029e-08,0.007000728377755685
2018-04-11,-0.0052420555329217855,0.2255552640457336,0.4433503266841248,0.003057756497713171,-0.0023240670330171975,6.115512995426342e-07,-0.00232467858431674
2018-04-12,0.008227208253908103,0.22578686512962398,0.44289555968009975,0.0004547670040250251,0.0036437940042193654,9.095340080500503e-08,0.0036437030508185606
2018-04-13,-0.0029333951159730143,0.22809955483516342,0.43840506428109954,0.004490495399000205,-0.0012860152743800128,8.98099079800041e-07,-0.0012869133734598128
2018-04-16,0.008222079455117104,0.22779811552860568,0.4389851942714712,0.0005801299903716584,0.003609371146920054,1.1602599807433168e-07,0.0036092551209219795
2018-04-17,0.010698245307743992,0.2302792347586542,0.434255394781061,0.004729799490410191,0.004645770739579001,9.459598980820384e-07,0.004644824779680919
2018-04-18,0.0007402230869513193,0.23378642057072935,0.4277408403613681,0.006514554419692897,0.0003166236452674434,1.3029108839385795e-06,0.0003153207343835048
2018-04-19,-0.0055474706783592564,0.22901773835892708,0.4366473999637331,0.008906559602364972,-0.002422288648080616,1.7813119204729945e-06,-0.002424069960001089
2018-04-20,-0.008479069895606317,0.22974739355169588,0.4352606506393241,0.0013867493244089646,-0.0036906054795779117,2.773498648817929e-07,-0.0036908828294427935
2018-04-23,-0.00015012339727693558,0.23146054596632826,0.4320390742297286,0.003221576409595528,-6.4859173579749e-05,6.443152819191056e-07,-6.55034888616681e-05
2018-04-24,-0.013467415214303502,0.21375467362795592,0.46782602832840003,0.03578695409867144,-0.006300407371557076,7.157390819734289e-06,-0.00630756476237681
2018-04-25,0.002471730585315912,0.20517050113959762,0.4873995016074957,0.019573473279095643,0.0012047202553909793,3.914694655819129e-06,0.0012008055607351602
2018-04-26,0.010165857176966053,0.18161574481936146,0.5506130544984519,0.0632135528909562,0.005597453671804288,1.2642710578191242e-05,0.005584810961226097
2018-04-27,0.0009384831052563491,0.17417342668140276,0.5741403950380993,0.023527340539647446,0.0005388210607884625,4.70546810792949e-06,0.000534115592680533
2018-04-30,-0.007690463269621084,0.1735551576617177,0.5761856999658485,0.0020453049277491253,-0.004431134962068272,4.090609855498251e-07,-0.004431544023053822
2018-05-01,0.0017768419035462113,0.1709265615183118,0.5850465785523145,0.008860878586466003,0.0010395352762980925,1.7721757172932007e-06,0.0010377631005807993
2018-05-02,-0.006717536106380928,0.15126355214774181,0.6610977897856598,0.07605121123334535,-0.004440948272733798,1.5210242246669071e-05,-0.004456158514980467
2018-05-03,-0.0022036107961471707,0.14780450296879322,0.6765693736753985,0.015471583889738683,-0.0014908955761736376,3.0943167779477366e-06,-0.0014939898929515853
2018-05-04,0.0129463196877031,0.1432557937610942,0.6980520464447579,0.021482672769359445,0.00903720495192921,4.29653455387189e-06,0.009032908417375337
2018-05-07,0.003383121473108819,0.1478197597287655,0.6764995436570187,0.021552502787739236,0.0022886801326943767,4.310500557547847e-06,0.002284369632136829
2018-05-08,0.0,0.12357486449501127,0.8092260542518095,0.1327265105947908,0.0,2.654530211895816e-05,-2.654530211895816e-05
2018-05-09,0.009666204345216256,0.12294527183837585,0.8133700345260959,0.0041439802742864185,0.007862200962004845,8.287960548572837e-07,0.007861372165949988
2018-05-10,0.009350443395142793,0.11513632482885473,0.868535626342475,0.055165591816379145,0.008121193210780205,1.103311836327583e-05,0.008110160092416928
2018-05-11,0.0030511352007436265,0.11657497169743355,0.8578170643656399,0.010718561976835184,0.002617315840884565,2.143712395367037e-06,0.002615172128489198
2018-05-14,0.00047655269987001425,0.11416265630361587,0.8759431782495474,0.018126113883907502,0.00041743308652754293,3.6252227767815006e-06,0.00041380786375076143
2018-05-15,-0.006887031726678483,0.1131957562182,0.8834253450918831,0.0074821668423357135,-0.0060841783797996865,1.4964333684671428e-06,-0.006085674813168154
2018-05-16,0.0042051023807563315,0.11383934408169252,0.8784309221620142,0.004994422929868847,0.0036938919621134656,9.988845859737694e-07,0.003692893077527492
2018-05-17,-0.0008447860611889846,0.10875641906729537,0.919485956393276,0.04105503423126178,-0.0007767689194200621,8.211006846252355e-06,-0.0007849799262663144
2018-05-18,-0.002499906126233853,0.10882927630192576,0.9188703940525099,0.000615562340766096,-0.002297089727306784,1.231124681532192e-07,-0.002297212839774937
2018-05-21,0.007518577760536882,0.10726442932411377,0.9322755048445434,0.013405110792033437,0.007009385877417478,2.6810221584066876e-06,0.007006704855259071
2018-05-22,-0.0027801646631078203,0.10476774074119527,0.9544922825722387,0.02221677772769537,-0.0026536457152164625,4.443355545539074e-06,-0.0026580890707620015
2018-05-23,0.0027515917224651965,0.10559204872490612,0.9470410055261377,0.007451277046101046,0.002605870191640837,1.4902554092202092e-06,0.002604379936231617
2018-05-24,-0.0020491332205108126,0.09141694394778278,1.0938891159730721,0.14684811044693447,-0.002241524527095627,2.9369622089386893e-05,-0.002270894149185014
2018-05-25,-0.0023821215363002413,0.09237274727662602,1.0825703786911618,0.011318737281910352,-0.0025788142136409244,2.2637474563820705e-06,-0.0025810779610973065
2018-05-29,-0.01150159878539636,0.08790883412212297,1.137542102550012,0.0549717238588503,-0.013083552865026441,1.099434477177006e-05,-0.013094547209798212
2018-05-30,0.013344898422901874,0.0980784757752574,1.019591701538528,0.11795040101148402,0.013606347689865341,2.3590080202296806e-05,0.013582757609663045
2018-05-31,-0.006126149399174441,0.1030098054719193,0.9707813692285849,0.04881033230994314,-0.005947151701829437,9.762066461988628e-06,-0.005956913768291426
2018-06-01,0.009817786066750989,0.10628680052434075,0.9408505995727945,0.029930769655790446,0.009237069907380095,5.98615393115809e-06,0.009231083753448938
2018-06-04,0.0047515776426048095,0.10643446599508552,0.9395452785436758,0.0013053210291187334,0.004464322339743038,2.610642058237467e-07,0.004464061275537215
2018-06-05,0.0007276663271729156,0.10580680503219539,0.9451187942927823,0.005573515749106583,0.0006877311217851232,1.1147031498213168e-06,0.0006866164186353019
2018-06-06,0.008360473286721959,0.09837486838033815,1.0165197844370042,0.07140099014422185,0.008498586503209938,1.4280198028844371e-05,0.008484306305181094
2018-06-07,-0.00010821306591013435,0.10097686012859643,0.9903259011287104,0.026193883308293753,-0.00010716620201135434,5.238776661658751e-06,-0.00011240497867301309
2018-06-08,0.002956645990574769,0.10100259811552499,0.990073541332291,0.0002523597964194657,0.0029272969663542807,5.0471959283893145e-08,0.002927246494394997
2018-06-11,0.0013296550793702178,0.09705727764062007,1.0303194405501062,0.040245899217815184,0.0013699694775013297,8.049179843563038e-06,0.0013619202976577667
2018-06-12,0.0012925279480116014,0.09279787521358296,1.0776108803120834,0.04729143976197725,0.0013928421798847525,9.45828795239545e-06,0.0013833838919323571
2018-06-13,-0.0031909018426681257,0.09254310670714729,1.0805775120177246,0.002966631705641154,-0.003448016774243096,5.933263411282308e-07,-0.0034486101005842245
2018-06-14,0.002517942496218062,0.09370146668828398,1.0672191539185754,0.013358358099149203,0.0026871964604294656,2.671671619829841e-06,0.002684524788809636
2018-06-15,-0.0012761498298156093,0.08943292880880511,1.1181563807866093,0.050937226868033925,-0.0014269350750480692,1.0187445373606785e-05,-0.001437122520421676
2018-06-18,-0.002056811760182242,0.08923401522262443,1.1206488887731454,0.0024925079865361077,-0.002304963813463767,4.985015973072215e-07,-0.0023054623150610743
2018-06-19,-0.0038327047794708413,0.08966060945489783,1.1153169781909995,0.005331910582145882,-0.00427468071293762,1.0663821164291766e-06,-0.004275747095054049
2018-06-20,0.0017060302024647367,0.09043521247656845,1.1057639746897234,0.00955300350127608,0.001886466737618121,1.910600700255216e-06,0.0018845561369178656
2018-06-21,-0.006268812542071456,0.08730762134057951,1.1453753803451892,0.039611405655465726,-0.007180143549687786,7.922281131093146e-06,-0.0071880658308188785
2018-06-22,0.0018232791134085158,0.0898484930249119,1.1129847216499609,0.03239065869522828,0.0020292817965271645,6.478131739045657e-06,0.0020228036647881188
2018-06-25,-0.013612539105351873,0.08961425455844255,1.1158938998347,0.002909178184739236,-0.015190149348923461,5.818356369478473e-07,-0.01519073118456041
2018-06-26,0.002213736268523281,0.10182759678103566,0.9820520483757894,0.1338418514589107,0.0021740042370670645,2.6768370291782143e-05,0.0021472358667752826
2018-06-27,-0.008283967423290184,0.10176425120309619,0.9826633500248021,0.0006113016490126855,-0.00814035117966666,1.222603298025371e-07,-0.008140473439996463
2018-06-28,0.005717263000304396,0.09765513981672196,1.0240116412477505,0.04134829122294836,0.005854543868386742,8.269658244589673e-06,0.005846274210142152
2018-06-29,0.0014397358571400787,0.08789364914735814,1.1377386303798236,0.11372698913207313,0.0016380431022112744,2.2745397826414626e-05,0.0016152977043848598
2018-07-02,0.002137884938564927,0.0851950018926916,1.173777777785089,0.03603914740526548,0.0025094018323489516,7.207829481053097e-06,0.0025021940028678983
2018-07-03,-0.003531344973638717,0.07823941991066242,1.2781280857422623,0.10435030795717326,-0.004513511191252414,2.0870061591434652e-05,-0.004534381252843848
2018-07-05,0.008158288534359404,0.07704827519016609,1.2978875874013507,0.019759501659088352,0.010588541423183828,3.95190033181767e-06,0.01058458952285201
2018-07-06,0.00845782816860452,0.0826067989305006,1.2105541104931663,0.08733347690818438,0.01023865865534909,1.7466695381636877e-05,0.010221191959967454
2018-07-09,0.009004501405950105,0.08273331294739529,1.2087029569767558,0.0018511535164105197,0.010883767475473247,3.7023070328210396e-07,0.010883397244769964
2018-07-10,0.0035985941749248074,0.08855964427512383,1.1291824941091113,0.07952046286764447,0.004063469545728114,1.5904092573528896e-05,0.0040475654531545845
2018-07-11,-0.00731480414399488,0.08882805206538814,1.125770493384094,0.00341200072501735,-0.00823479067019313,6.8240014500347e-07,-0.008235473070338135
2018-07-12,0.009066354758549222,0.09259412849533927,1.0799820855275237,0.045788407856570235,0.009791500720270378,9.157681571314047e-06,0.009782343038699064
2018-07-13,0.0007872817416829658,0.09779672360114847,1.0225291432853858,0.05745294224213793,0.0008050185248473095,1.1490588448427586e-05,0.0007935279363988819
2018-07-16,-0.0008942875992674626,0.0969707120238771,1.0312392052496944,0.008710061964308569,-0.0009222244331332352,1.7420123928617138e-06,-0.0009239664455260969
2018-07-17,0.004045541399642971,0.09679525444021944,1.0331084987411217,0.0018692934914272819,0.004179483201980206,3.738586982854564e-07,0.0041791093432819205
2018-07-18,0.002103350779736113,0.09743239901955096,1.0263526404592975,0.006755858281824123,0.0021587796265942817,1.3511716563648247e-06,0.0021574284549379166
2018-07-19,-0.003771523674838906,0.09707429594412807,1.030138813034048,0.003786172574750557,-0.0038851929217283616,7.572345149501114e-07,-0.0038859501562433117
2018-07-20,-0.0011428127559741652,0.09703783685715742,1.030525857116982,0.00038704408293388504,-0.001177698094874497,7.740881658677701e-08,-0.0011777755036910837
2018-07-23,0.001859480438636707,0.09720053530551728,1.0288009184896312,0.0017249386273507916,0.0019130351831829465,3.449877254701583e-07,0.0019126901954574763
2018-07-24,0.005032055806349467,0.09392953683506029,1.0646278409271772,0.03582692243754604,0.005357266708538899,7.165384487509208e-06,0.005350101324051389
2018-07-25,0.008522367381799567,0.09491873172858793,1.0535328293886346,0.011095011538542643,0.008978593820836708,2.2190023077085285e-06,0.008976374818528999
2018-07-26,-0.0023588794154654202,0.08142494865973325,1.2281248148880024,0.17459198549936783,-0.0028969983454615886,3.4918397099873566e-05,-0.002931916742561462
2018-07-27,-0.00677647150991556,0.08297507249613803,1.2051812308407972,0.0229435840472052,-0.00816687627507763,4.588716809441041e-06,-0.008171464991887072
2018-07-30,-0.005223418507990019,0.08074844689109535,1.2384139119711992,0.03323268113040201,-0.006468754148342684,6.646536226080402e-06,-0.006475400684568765
2018-07-31,0.0049290627307219115,0.08342617187457449,1.1986646127110223,0.039749299260176896,0.005908293069149114,7.94985985203538e-06,0.0059003432092970785
2018-08-01,-0.0016705540076572545,0.08422360015621037,1.1873156670402236,0.011348945670798694,-0.001983474945928292,2.269789134159739e-06,-0.0019857447350624517
2018-08-02,0.00544780475209139,0.08503034992975089,1.176050669938634,0.01126499710158968,0.006406894428391953,2.2529994203179362e-06,0.006404641428971635
2018-08-03,0.004284902502142529,0.08393045024421862,1.191462689751129,0.01541201981249496,0.00510530146052408,3.082403962498992e-06,0.005102219056561582
2018-08-06,0.0036672517343134814,0.0813793564895306,1.2288128625453674,0.03735017279423847,0.004506366101316212,7.4700345588476935e-06,0.004498896066757364
2018-08-07,0.003302435203112797,0.07807250929420823,1.2808605859350606,0.05204772338969321,0.0042299590892716276,1.0409544677938643e-05,0.004219549544593689
2018-08-08,-0.0004204450344608146,0.07361212909230212,1.3584717794890864,0.07761119355402579,-0.000571162714141333,1.552223871080516e-05,-0.0005866849528521382
2018-08-09,-0.0013659494903573988,0.07335332897269069,1.3632646452518853,0.004792865762798915,-0.0018621506474040728,9.58573152559783e-07,-0.0018631092205566326
2018-08-10,-0.006700282239013533,0.06738864653990458,1.483929491606341,0.12066484635445573,-0.00994274641655835,2.4132969270891148e-05,-0.00996687938582924
2018-08-13,-0.0037434306611103807,0.06692329161818984,1.4942480798840425,0.01031858827770149,-0.0055936140775432385,2.063717655540298e-06,-0.005595677795198779
2018-08-14,0.006380626920634791,0.06862520521223027,1.4571905423195466,0.037057537564495924,0.00929778920281851,7.411507512899185e-06,0.00929037769530561
2018-08-15,-0.007467589644736816,0.0714205346909796,1.4001575377820574,0.05703300453748916,-0.010455801930141489,1.1406600907497834e-05,-0.010467208531048986
2018-08-16,0.008091907303707346,0.07579166328288045,1.3194063260858355,0.0807512116962219,0.01067651368661165,1.615024233924438e-05,0.010660363444272406
2018-08-17,0.0035201308163608225,0.08035560760840059,1.24446822040514,0.07493810568069548,0.004380690932629845,1.4987621136139095e-05,0.004365703311493706
2018-08-20,0.002139916889364324,0.07941571954946926,1.2591965490875958,0.014728328682455771,0.002694575962421819,2.9456657364911544e-06,0.002691630296685328
2018-08-21,0.002345292586033887,0.07918373457038005,1.2628856234498267,0.003689074362230871,0.0029618362896856616,7.378148724461742e-07,0.0029610984748132153
2018-08-22,-0.0005938139346089999,0.07926635645672954,1.261569276930102,0.001316346519724787,-0.0007491374161156948,2.6326930394495743e-07,-0.0007494006854196398
2018-08-23,-0.001327751321518189,0.07808746275781361,1.2806153058160898,0.019046028885987942,-0.0017003386646537331,3.8092057771975886e-06,-0.0017041478704309307
2018-08-24,0.006018313402042175,0.07307050784833694,1.3685411932206242,0.08792588740453433,0.008236309804406473,1.758517748090687e-05,0.008218724626925565
2018-08-27,0.00789551026436719,0.07495670808270823,1.3341034119275712,0.03443778129305297,0.010533427182601427,6.887556258610595e-06,0.010526539626342816
2018-08-28,0.0004831620062903941,0.07372230873782228,1.3564415129161074,0.02233810098853617,0.0006553810027961239,4.467620197707234e-06,0.0006509133825984166
2018-08-29,0.005380814582496063,0.06980344280862211,1.432594095310841,0.07615258239473355,0.0077085231988463275,1.5230516478946711e-05,0.0076932926823673805
2018-08-30,-0.004048512618609279,0.0700856034751962,1.4268265526941026,0.005767542616738286,-0.005776525303148852,1.1535085233476572e-06,-0.0057776788116722
2018-08-31,3.455153004505718e-05,0.07198427900151173,1.3891922151210254,0.037634337573077215,4.7998716559113644e-05,7.5268675146154435e-06,4.04718490444982e-05
2018-09-04,-0.0017224114377523136,0.07075641287785153,1.4132994584198662,0.02410724329884073,-0.0024342831521515277,4.821448659768146e-06,-0.0024391046008112958
2018-09-05,-0.0026915479293676547,0.07065278594177656,1.4153723546359214,0.00207289621605522,-0.0038095425304045362,4.1457924321104403e-07,-0.003809957109647747
2018-09-06,-0.0030100091749230007,0.07110738057499033,1.4063237766794028,0.009048577956518589,-0.004233047470717367,1.8097155913037178e-06,-0.004234857186308671
2018-09-07,-0.0019429155084143002,0.07160018860125493,1.3966443657977643,0.009679410881638484,-0.002713561998047931,1.935882176327697e-06,-0.002715497880224259
2018-09-10,0.0017383413111429213,0.07202317826821686,1.38844192112151,0.008202444676254306,0.0024135859496081623,1.6404889352508613e-06,0.0024119454606729113
2018-09-11,0.0032970511742829167,0.07188551803508622,1.3911007770882522,0.002658855966742202,0.0045865304506447,5.317711933484404e-07,0.004585998679451351
2018-09-12,0.00024260857702707028,0.0674502615795672,1.482573939050418,0.09147316196216582,0.00035968515369044036,1.8294632392433163e-05,0.0003413905212980072
2018-09-13,0.005914124280718358,0.06530539406153618,1.5,0.01742606094958199,0.008871186421077537,3.485212189916398e-06,0.008867701208887621
2018-09-14,0.00017232433288327798,0.06485567805378993,1.5,0.0,0.00025848649932491696,0.0,0.00025848649932491696
2018-09-17,-0.0052944460928694426,0.05697561334761896,1.5,0.0,-0.007941669139304164,0.0,-0.007941669139304164
2018-09-18,0.0054263866942916295,0.056390485620681406,1.5,0.0,0.008139580041437444,0.0,0.008139580041437444
2018-09-19,0.001065178118753174,0.057880536257377595,1.5,0.0,0.0015977671781297609,0.0,0.0015977671781297609
2018-09-20,0.008103901895786914,0.05772732525313417,1.5,0.0,0.01215585284368037,0.0,0.01215585284368037
2018-09-21,-0.000913545766870083,0.06274382041795809,1.5,0.0,-0.0013703186503051246,0.0,-0.0013703186503051246
2018-09-24,-0.0033220202028748647,0.06286846780851105,1.5,0.0,-0.004983030304312297,0.0,-0.004983030304312297
2018-09-25,-0.0009275687535136301,0.06423625500299039,1.5,0.0,-0.0013913531302704452,0.0,-0.0013913531302704452
2018-09-26,-0.0029925254722252825,0.06198451519393257,1.5,0.0,-0.004488788208337924,0.0,-0.004488788208337924
2018-09-27,0.0027944784666069644,0.05749616422474116,1.5,0.0,0.004191717699910447,0.0,0.004191717699910447
2018-09-28,0.00010340314383339155,0.058173951557811784,1.5,0.0,0.00015510471575008733,0.0,0.00015510471575008733
2018-10-01,0.0034740336228480384,0.05521847446563276,1.5,0.0,0.005211050434272058,0.0,0.005211050434272058
2018-10-02,-0.0005828036348127785,0.05424369806797998,1.5,0.0,-0.0008742054522191678,0.0,-0.0008742054522191678
2018-10-03,0.0005486609413076771,0.054346013828066426,1.5,0.0,0.0008229914119615156,0.0,0.0008229914119615156
2018-10-04,-0.007815483773681797,0.05378163925525031,1.5,0.0,-0.011723225660522696,0.0,-0.011723225660522696
2018-10-05,-0.005597332532884525,0.060199230895625136,1.5,0.0,-0.008395998799326787,0.0,-0.008395998799326787
2018-10-08,0.0,0.06260516834182457,1.5,0.0,0.0,0.0,0.0
2018-10-09,-0.00145921824766726,0.062140461093317736,1.5,0.0,-0.00218882737150089,0.0,-0.00218882737150089
2018-10-10,-0.03166331435527514,0.06216840194532694,1.5,0.0,-0.04749497153291271,0.0,-0.04749497153291271
2018-10-11,-0.022026341554953865,0.12538255978134646,0.7975590877582107,0.7024409122417893,-0.017567308877219773,0.00014048818244835785,-0.01770779705966813
2018-10-12,0.013888307555761648,0.14373955970148597,0.6957027015226499,0.10185638623556081,0.009662133086120808,2.0371277247112165e-05,0.009641761808873696
2018-10-15,-0.0056169880049685705,0.1521143406498069,0.6574002133711839,0.038302488151465974,-0.003692609112969719,7.660497630293195e-06,-0.0037002696106000123
2018-10-16,0.02186608917976085,0.15227995278003342,0.6566852574773832,0.0007149558938007727,0.014359138403034676,1.4299117876015455e-07,0.014358995411855915
2018-10-17,0.00017823466548594347,0.17360555235593073,0.5760184432061098,0.08066681427127331,0.0001026664545385749,1.6133362854254662e-05,8.653309168432024e-05
2018-10-18,-0.01444110326745085,0.17201810774692797,0.5813341473742951,0.005315704168185276,-0.008395106455127687,1.0631408336370552e-06,-0.008396169595961324
2018-10-19,-0.0005425663169541517,0.17743861526774157,0.5635751826010786,0.01775896477321648,-0.00030577691115063076,3.5517929546432958e-06,-0.0003093287041052741
2018-10-22,-0.004488709661792933,0.17359258256411939,0.5760614798334676,0.012486297232388921,-0.0025857727303152207,2.4972594464777845e-06,-0.0025882699897616986
2018-10-23,-0.005090815309016117,0.17359120469106887,0.5760660522977805,4.572464312957436e-06,-0.00293264587804202,9.144928625914872e-10,-0.0029326467925348825
2018-10-24,-0.03029856119190466,0.1737673574137783,0.5754820783852862,0.0005839739124943177,-0.01743627896680107,1.1679478249886356e-07,-0.017436395761583567
2018-10-25,0.01794045725944371,0.1977498009589319,0.5056895102552731,0.06979256813001311,0.009072301045283749,1.3958513626002623e-05,0.009058342531657746
2018-10-26,-0.017587425920774558,0.21222504095764927,0.4711979300310541,0.034491580224219,-0.008287158688443477,6.8983160448438e-06,-0.00829405700448832
2018-10-29,-0.005540296960227398,0.2165773945126836,0.4617287054588868,0.009469224572167312,-0.002558114143303602,1.8938449144334624e-06,-0.002560007988218035
2018-10-30,0.014818570161397426,0.21603031850067358,0.46289798901392726,0.001169283555040479,0.006859486327772656,2.3385671100809582e-07,0.006859252471061648
2018-10-31,0.010680855952382329,0.224717491641979,0.44500318719879844,0.017894801815128814,0.004753014940821394,3.5789603630257628e-06,0.004749435980458368
2018-11-01,0.0106420260276332,0.23018194640651699,0.4344389365071803,0.010564250691618149,0.0046233104697267,2.11285013832363e-06,0.004621197619588376
2018-11-02,-0.005923023464958432,0.23499117497220984,0.42554789562555295,0.008891040881627343,-0.002520530171253832,1.7782081763254688e-06,-0.0025223083794301574
2018-11-05,0.0055166074968313605,0.23458954936201776,0.42627644868220604,0.0007285530566530918,0.0023515998525229067,1.4571061133061837e-07,0.002351454141911576
2018-11-06,0.006328134869178381,0.23611549533682832,0.4235215476110365,0.0027549010711695465,0.002680101473285792,5.509802142339093e-07,0.002679550493071558
2018-11-07,0.02140913375055642,0.23791654604598741,0.4203154495218285,0.0032060980892080204,0.00899858967623807,6.412196178416041e-07,0.008997948456620228
2018-11-08,-0.001815109181289909,0.2514238283169481,0.39773477585401623,0.022580673667812245,-0.0007219320433709089,4.51613473356245e-06,-0.0007264481781044713
2018-11-09,-0.009768157338626016,0.2253955891590475,0.44366440520464795,0.04592962935063172,-0.004333783715586928,9.185925870126345e-06,-0.0043429696414570545
2018-11-12,-0.018685407417756927,0.2136742007667373,0.468002218523178,0.024337813318530077,-0.00874481212551969,4.867562663706016e-06,-0.008749679688183395
2018-11-13,-0.0018711249547906927,0.21875770730839073,0.45712675100871464,0.010875467514463388,-0.0008553412713147975,2.175093502892678e-06,-0.0008575163648176902
2018-11-14,-0.006836446611689917,0.21803651557683038,0.45863877312221407,0.0015120221134994338,-0.003135459486500981,3.0240442269988676e-07,-0.003135761890923681
2018-11-15,0.010436534206593961,0.20342150979819046,0.4915900983096998,0.032951325187485725,0.00513049687663207,6.590265037497145e-06,0.005123906611594573
2018-11-16,0.0026004394769107986,0.20766472958563378,0.4815454227568454,0.010044675552854376,0.0012522297272626005,2.0089351105708753e-06,0.0012502207921520295
2018-11-19,-0.01691448479038904,0.20229075751816258,0.4943379580306409,0.01279253527379548,-0.00836147187242125,2.5585070547590962e-06,-0.00836403037947601
2018-11-20,-0.018506242087174107,0.21024565007642593,0.47563409736966844,0.01870386066097246,-0.008802199750837625,3.7407721321944923e-06,-0.00880594052296982
2018-11-21,0.003407794418705423,0.21848456989554652,0.4576982257731435,0.017935871596524933,0.0015597414592410932,3.5871743193049868e-06,0.0015561542849217881
2018-11-23,-0.006678893285954612,0.21887033024901104,0.45689152973008706,0.0008066960430564429,-0.0030515297703238107,1.613392086112886e-07,-0.003051691109532422
2018-11-26,0.016144225755995834,0.19342710613168848,0.5169906224617675,0.06009909273168046,0.008346413322755585,1.2019818546336092e-05,0.008334393504209248
2018-11-27,0.0033647993995786774,0.19138183969238107,0.522515616741566,0.0055249942797984675,0.0017581602334825034,1.1049988559596936e-06,0.0017570552346265437
2018-11-28,0.023025176135789804,0.18114520285129748,0.552043324504101,0.029527707762534994,0.012710894781293893,5.905541552506999e-06,0.012704989239741386
2018-11-29,-0.0021852754150579745,0.1953922490295408,0.5117910280303969,0.0402522964737041,-0.001118404351202073,8.05045929474082e-06,-0.0011264548104968138
2018-11-30,0.006095589218791719,0.1901111199248355,0.5260081579632856,0.014217129932888706,0.0032063296566774953,2.8434259865777415e-06,0.0032034862306909175
2018-12-03,0.013241313945145938,0.18786823802773284,0.532287953779809,0.006279795816523381,0.0070481919052177815,1.2559591633046764e-06,0.007046935946054477
2018-12-04,-0.03240239997483951,0.18976540431464872,0.5269664423879428,0.005321511391866207,-0.017074977439572345,1.0643022783732414e-06,-0.01707604174185072
2018-12-06,-0.0015172667816530927,0.221559070261898,0.4513469021231817,0.07561954026476109,-0.0006848136615935333,1.5123908052952218e-05,-0.0006999375696464854
2018-12-07,-0.023235851175751665,0.22061217845903028,0.4532841328094266,0.0019372306862449062,-0.010532442650289488,3.8744613724898127e-07,-0.010532830096426738
2018-12-10,0.0018970030762264223,0.23248391657115755,0.43013728207470425,0.023146850734722335,0.0008159717472953862,4.629370146944467e-06,0.0008113423771484418
2018-12-11,0.00022732889651089216,0.2171121379023406,0.46059147575148973,0.03045419367678548,0.00010470575192490951,6.090838735357096e-06,9.861491318955242e-05
2018-12-12,0.005035304617417191,0.21735195285842068,0.460083282827177,0.0005081929243127559,0.0023166594784161435,1.0163858486255117e-07,0.002316557839831281
2018-12-13,-0.0003390462562888885,0.21739545581568143,0.4599912156617705,9.206716540649529e-05,-0.00015595829959589802,1.841343308129906e-08,-0.0001559767130289793
2018-12-14,-0.018464827924801863,0.20884350700523868,0.47882743128562566,0.01883621562385518,-0.008841466124363966,3.767243124771036e-06,-0.008845233367488737
2018-12-17,-0.01961821406098807,0.21726530718153472,0.46026676461716737,0.018560666668458292,-0.009029611913417999,3.7121333336916584e-06,-0.009033324046751692
2018-12-18,-0.0010964706008820269,0.22523004644693254,0.4439904958398233,0.01627626877734406,-0.0004868225257594001,3.2552537554688125e-06,-0.0004900777795148689
2018-12-19,-0.01497598837756764,0.22031525999180288,0.45389502299441553,0.009904527154592224,-0.006797526589000164,1.980905430918445e-06,-0.006799507494431082
2018-12-20,-0.016277891505304787,0.22294352575381507,0.4485440860499569,0.005350936944458651,-0.007301351968067292,1.0701873888917302e-06,-0.007302422155456184
2018-12-21,-0.020489495616915043,0.222488466866511,0.4494614997729216,0.0009174137229647217,-0.00920923942956934,1.8348274459294435e-07,-0.009209422912313933
2018-12-24,-0.02642287412427302,0.22422315607625287,0.4459842674143451,0.0034772323585764986,-0.011784186159295358,6.954464717152998e-07,-0.011784881605767074
2018-12-26,0.050524747878127885,0.23527768061088708,0.4250296914707543,0.020954575943590792,0.021474518002278342,4.190915188718158e-06,0.021470327087089625
2018-12-27,0.007677354078065246,0.3047401130483186,0.3281484639475222,0.09688122752323214,0.002519311947898356,1.937624550464643e-05,0.0024999357023937096
2018-12-28,-0.0012898418917460797,0.29949668711770744,0.3338935096824569,0.005745045734934728,-0.0004306698361705582,1.1490091469869457e-06,-0.0004318188453175452
2018-12-31,0.008758830707357168,0.2986557842491791,0.33483362879242434,0.0009401191099674411,0.0029327510697229175,1.8802382199348823e-07,0.002932563045900924
2019-01-02,0.0010399870871795613,0.28662047110175465,0.34889343254375743,0.014059803751333089,0.0003628446646472611,2.811960750266618e-06,0.00036003270389699444
2019-01-03,-0.0238623996179812,0.2871009187790332,0.3483095784760092,0.0005838540677482462,-0.008311502352365115,1.1677081354964925e-07,-0.008311619123178664
2019-01-04,0.033495735417425454,0.2926777005654001,0.3416727677128055,0.00663681076320366,0.0114445806266476,1.327362152640732e-06,0.01144325326449496
2019-01-07,0.007884481326006165,0.3163129769276192,0.31614257806085094,0.025530189651954582,0.002492620253076226,5.106037930390917e-06,0.002487514215145835
2019-01-08,0.009395261942788835,0.30174493884990755,0.33140572425554915,0.015263146194698207,0.0031136435887205317,3.0526292389396418e-06,0.003110590959481592
2019-01-09,0.004673735317395122,0.30451643507004594,0.3283895004780207,0.0030162237775284706,0.0015348056062458677,6.032447555056942e-07,0.001534202361490362
2019-01-10,0.003527493122710723,0.2950924734680723,0.3388768233386324,0.010487322860611714,0.0011953856637730825,2.097464572122343e-06,0.0011932881992009602
2019-01-11,0.00038629792115307815,0.29531904500906064,0.33861683386160185,0.0002599894770305422,0.00013080697898817402,5.199789540610844e-08,0.00013075498109276791
2019-01-14,-0.006100926361834569,0.2953245227819953,0.33861055308914767,6.280772454181349e-06,-0.002065838049736965,1.2561544908362699e-09,-0.0020658393058914557
2019-01-15,0.011460683300557939,0.2952155197814818,0.33873557892220535,0.00012502583305767923,0.0038821411926585445,2.5005166611535846e-08,0.003882116187491933
2019-01-16,0.0024199426281572567,0.2983750519320615,0.335148663912992,0.003586915009213376,0.0008110405385729989,7.173830018426752e-07,0.0008103231555711562
2019-01-17,0.007586734622518021,0.29118507443333275,0.34342419574426075,0.008275531831268779,0.002605468236063389,1.6551063662537559e-06,0.0026038131296971354
2019-01-18,0.01331019550805057,0.28259121036623674,0.3538680480203207,0.010443852276059928,0.004710052903202696,2.088770455211986e-06,0.004707964132747484
2019-01-22,-0.013510862159875181,0.28511041459649034,0.3507413089119439,0.003126739108376797,-0.004738817478483474,6.253478216753594e-07,-0.00473944282630515
2019-01-23,0.0020925670199938295,0.28402127227341917,0.3520863039573066,0.001344995045362729,0.0007367641878525828,2.689990090725458e-07,0.0007364951888435103
2019-01-24,0.0005316329712163892,0.27565852263778523,0.3627676700981229,0.010681366140816273,0.00019285925431551193,2.1362732281632547e-06,0.00019072298108734867
2019-01-25,0.00846115785866397,0.2619275326709505,0.38178498831440594,0.019017318216283052,0.003230343054196368,3.8034636432566108e-06,0.0032265395905531112
2019-01-28,-0.007600149660536237,0.2367778233805243,0.42233684967738966,0.04055186136298372,-0.0032098232647075568,8.110372272596745e-06,-0.0032179336369801536
2019-01-29,-0.0013269953998139572,0.1776514940079875,0.5628998537749638,0.1405630040975741,-0.0007469655165153261,2.811260081951482e-05,-0.000775078117334841
2019-01-30,0.0158309420102396,0.17762585454311344,0.5629811057473503,8.125197238650905e-05,0.00891252123794687,1.625039447730181e-08,0.008912504987552392
2019-01-31,0.008782300157922363,0.18235078964675402,0.5483935671115975,0.014587538635752795,0.00481615691104779,2.917507727150559e-06,0.0048132394033206394
2019-02-01,0.00048163584816496297,0.18235895315204725,0.5483690176518068,2.4549459790690342e-05,0.0002641141769241155,4.9098919581380685e-09,0.0002641092670321574
2019-02-04,0.007035433152426718,0.18247322434455274,0.5480256095610844,0.00034340809072241907,0.0038555975418849133,6.868161814448382e-08,0.003855528860266769
2019-02-05,0.0041919195055120095,0.15258987272794577,0.6553514870432532,0.10732587748216882,0.002747180681502914,2.1465175496433766e-05,0.0027257155060064803
2019-02-06,-0.0013182742655025725,0.1126037966885963,0.8880695228825023,0.2327180358392491,-0.0011707191979931507,4.654360716784982e-05,-0.0012172628051610006
2019-02-07,-0.00953290927185202,0.11289601256218287,0.885770876495042,0.002298646387460246,-0.008443973401276075,4.597292774920492e-07,-0.008444433130553567
2019-02-08,0.001221653910271181,0.11899746458276837,0.8403540390597589,0.04541683743528313,0.0010266217978295352,9.083367487056626e-06,0.0010175384303424786
2019-02-11,0.0005545852800681317,0.11878413777665726,0.8418632476671595,0.0015092086074005584,0.0004668849649865585,3.0184172148011167e-07,0.0004665831232650784
2019-02-12,0.012859070467035494,0.11883791832167863,0.8414822593013885,0.0003809883657709401,0.01082067966911679,7.619767315418802e-08,0.010820603471443636
2019-02-13,0.003247352502901979,0.12424900688562325,0.8048354067896452,0.03664685251174338,0.0026135842726624867,7.329370502348676e-06,0.002606254902160138
2019-02-14,-0.0022182262749590453,0.12002089026717953,0.8331882872838983,0.028352880494253108,-0.0018482001508412687,5.670576098850622e-06,-0.0018538707269401193
2019-02-15,0.010896904463274293,0.1174560347217355,0.8513823937348941,0.01819410645099584,0.009277432606242919,3.638821290199168e-06,0.00927379378495272
2019-02-19,0.0017308454730604605,0.12097530507990273,0.8266149850496447,0.024767408685249404,0.0014307428048371178,4.953481737049881e-06,0.001425789323100068
2019-02-20,0.0020151553482434803,0.11983181015400543,0.8345029576994791,0.00788797264983443,0.0016816530983331081,1.5775945299668859e-06,0.0016800755038031412
2019-02-21,-0.003555668229693554,0.11339000122568811,0.8819119756508597,0.04740901795138053,-0.0031357863932080367,9.481803590276107e-06,-0.0031452681967983126
2019-02-22,0.006200308502914753,0.10062982073697714,0.9937412117763447,0.11182923612548501,0.00616150208507368,2.2365847225097004e-05,0.006139136237848583
2019-02-25,0.0013609980595405968,0.10137749345776449,0.9864122359827493,0.0073289757935953714,0.0013425051390796232,1.4657951587190745e-06,0.0013410393439209042
2019-02-26,-0.0007154246943197329,0.1011857268042921,0.9882816792274917,0.0018694432447423637,-0.0007070411182631205,3.7388864894847275e-07,-0.000707415006912069
2019-02-27,-0.0004296598414300634,0.09972777866652699,1.002729644008048,0.014447964780556322,-0.0004308326598417218,2.8895929561112647e-06,-0.00043372225279783306
2019-02-28,-0.0018626392588444451,0.09358341256928925,1.0685654354179477,0.0658357914098997,-0.001990351930653678,1.3167158281979941e-05,-0.002003519088935658
2019-03-01,0.006244009445337317,0.09389381616383949,1.0650328646298235,0.0035325707881241897,0.006650075266343278,7.065141576248379e-07,0.006649368752185653
2019-03-04,-0.0036375998495398187,0.08214331596589848,1.2173845044375207,0.15235163980769717,-0.004428357690174032,3.0470327961539434e-05,-0.004458828018135571
2019-03-05,-0.0013600983563742952,0.08095170635439262,1.2353044117713496,0.017919907333828977,-0.0016801355000721282,3.5839814667657955e-06,-0.001683719481538894
2019-03-06,-0.00605661250040801,0.08153755201147507,1.2264287746329035,0.00887563713844619,-0.007428003847301721,1.7751274276892381e-06,-0.00742977897472941
2019-03-07,-0.008365602996332044,0.08307451514316753,1.2037385933299005,0.022690181303002932,-0.010069999183161137,4.538036260600586e-06,-0.010074537219421737
2019-03-08,-0.0019999923091531535,0.08812516646648681,1.1347496295286896,0.06898896380121089,-0.0022694905318717696,1.3797792760242179e-05,-0.002283288324632012
2019-03-11,0.014501253385782231,0.08831887029854095,1.1322608595645955,0.002488769964094084,0.01641920162334979,4.977539928188169e-07,0.01641870386935697
2019-03-12,0.003770915403696673,0.09363736416774622,1.0679497536993403,0.06431110586525524,0.00402714817659891,1.2862221173051048e-05,0.004014285955425859
2019-03-13,0.006619182202052931,0.09397190534319394,1.0641478390247694,0.0038019146745709165,0.007043788436425841,7.603829349141834e-07,0.007043028053490927
2019-03-14,-0.0006398624483681115,0.09547439458468628,1.0474012475805698,0.016746591444199543,-0.000670192726700718,3.3493182888399087e-06,-0.0006735420449895578
2019-03-15,0.0049406028386005385,0.08696789344691522,1.1498496288292819,0.10244838124871203,0.0056809503401577255,2.0489676249742405e-05,0.005660460663907983
2019-03-18,0.0036257048346655107,0.08765883592617395,1.14078631028388,0.009063318545401877,0.0041361544405164935,1.8126637090803756e-06,0.004134341776807413
2019-03-19,0.0002481787344026376,0.087033314014072,1.1489853182406853,0.008199007956805282,0.00028515372212818506,1.6398015913610566e-06,0.000283513920536824
2019-03-20,-0.003009999073319114,0.08022894130552317,1.2464330000215986,0.09744768178091334,-0.003751762175019375,1.948953635618267e-05,-0.0037712517113755576
2019-03-21,0.011295065312913133,0.0814148176637416,1.228277638758815,0.01815536126278361,0.013873476152171538,3.631072252556722e-06,0.013869845079918982
2019-03-22,-0.019246471375872654,0.08907170540276531,1.1226909774301392,0.10558666132867578,-0.021607839761059667,2.1117332265735157e-05,-0.021628957093325404
2019-03-25,-0.000751957201989395,0.11316256185078945,0.8836844833175044,0.23900649411263486,-0.0006644929115168748,4.780129882252698e-05,-0.0007122942103394017
2019-03-26,0.007453842918949682,0.11133413931459372,0.898197090448895,0.014512607131390576,0.006695020022463703,2.9025214262781154e-06,0.006692117501037425
2019-03-27,-0.005229352150769362,0.11409036009080753,0.8764982415727969,0.021698848876098076,-0.004583517964714269,4.339769775219615e-06,-0.004587857734489489
2019-03-28,0.003790785144450748,0.11575853256562396,0.8638672051523253,0.012631036420471586,0.0032747349680696215,2.5262072840943173e-06,0.003272208760785527
2019-03-29,0.006305368056637395,0.1163492518125761,0.8594812466958304,0.0043859584564949206,0.005419345598194773,8.771916912989842e-07,0.005418468406503474
2019-04-01,0.011859299092560782,0.11769921901944864,0.849623309594569,0.009857937101261371,0.010075936944493361,1.9715874202522744e-06,0.010073965357073108
2019-04-02,0.0004896852978792943,0.12243529995401146,0.816757912444871,0.03286539714969805,0.0003999543416508372,6.573079429939611e-06,0.00039338126222089755
2019-04-03,0.00157404097281022,0.12123140992316106,0.8248687370985955,0.008110824653724591,0.001298377189383411,1.6221649307449182e-06,0.001296755024452666
2019-04-04,0.002652797948246688,0.1208319777854688,0.8275954911335232,0.0027267540349276143,0.0021954436208572203,5.453508069855229e-07,0.0021948982700502346
2019-04-05,0.004840483319799471,0.11770945349360051,0.8495494374666915,0.021953946333168384,0.004112229881402544,4.3907892666336766e-06,0.00410783909213591
2019-04-08,0.0007622157550797315,0.11194758187077036,0.893275212638694,0.04372577517200249,0.0006808684406954099,8.745155034400499e-06,0.0006721232856610094
2019-04-09,-0.005124690129955534,0.11094426766284694,0.9013534642807691,0.008078251642075096,-0.004619157202000885,1.6156503284150193e-06,-0.0046207728523293004
2019-04-10,0.0034113219431093356,0.10523400311966849,0.9502631947421353,0.04890973046136615,0.003241653687953026,9.781946092273231e-06,0.003231871741860753
2019-04-11,-0.0002779204294607318,0.1051532589985633,0.9509928741377982,0.0007296793956629299,-0.00026430034799447257,1.45935879132586e-07,-0.0002644462838736052
2019-04-12,0.006766103184163708,0.10379997999306724,0.9633913224904183,0.01239844835262005,0.006518405094698104,2.4796896705240103e-06,0.00651592540502758
2019-04-15,-0.000655031775947279,0.10514630134693885,0.951055802429434,0.012335520060984262,-0.0006229717712903167,2.4671040121968524e-06,-0.0006254388753025136
2019-04-16,0.0006554611238112074,0.10478098107758228,0.9543716709996987,0.0033158685702646684,0.0006255535280070423,6.631737140529337e-07,0.0006248903542929894
2019-04-17,-0.002447356034936732,0.10451432763989718,0.9568066145394798,0.0024349435397811314,-0.0023416464423605793,4.869887079562263e-07,-0.0023421334310685356
2019-04-18,0.001969212370201978,0.10527834679614732,0.9498629399417917,0.0069436745976880765,0.0018704818513297949,1.3887349195376153e-06,0.0018690931164102571
2019-04-22,0.0008620476635885499,0.10417918301982249,0.959884663147845,0.010021723206053323,0.000827466331181082,2.0043446412106648e-06,0.0008254619865398714
2019-04-23,0.008991927765034102,0.09780909719858125,1.0223997855431646,0.06251512239531953,0.009193345018590494,1.2503024479063908e-05,0.00918084199411143
2019-04-24,-0.00221890300330041,0.06908960023693583,1.447395840431267,0.42499605488810244,-0.003211630977297459,8.49992109776205e-05,-0.0032966301882750796
2019-04-25,-0.0006162217170851969,0.07008074395792643,1.4269254912595655,0.02047034917170154,-0.0008793024763766075,4.094069834340308e-06,-0.0008833965462109478
2019-04-26,0.004656726610305029,0.06801919750045936,1.4701731816128039,0.04324769035323839,0.006846194576573151,8.649538070647679e-06,0.006837545038502504
2019-04-29,0.0015672340997914258,0.06357319036780158,1.5,0.02982681838719614,0.0023508511496871387,5.965363677439229e-06,0.0023448857860096993
2019-04-30,0.0005106141990736113,0.06338143513665631,1.5,0.0,0.0007659212986104169,0.0,0.0007659212986104169
2019-05-01,-0.007516337264488526,0.06180156393735132,1.5,0.0,-0.01127450589673279,0.0,-0.01127450589673279
2019-05-02,-0.0021590665197337433,0.05890059293379332,1.5,0.0,-0.003238599779600615,0.0,-0.003238599779600615
2019-05-03,0.009787678380091425,0.0598921306676777,1.5,0.0,0.014681517570137137,0.0,0.014681517570137137
2019-05-06,-0.004114687276951634,0.06740179806743539,1.4836399453312827,0.01636005466871726,-0.006104714406631847,3.272010933743452e-06,-0.006107986417565591
2019-05-07,-0.016699808940897842,0.06967583050325762,1.4352179124054303,0.048422032925852454,-0.02396786492572494,9.684406585170492e-06,-0.02397754933231011
2019-05-08,-0.001389452476219244,0.09112071121162788,1.0974453411338063,0.33777257127162397,-0.0015248481467536401,6.755451425432479e-05,-0.0015924026610079649
2019-05-09,-0.003026107471111872,0.091171994560912,1.0968280389345877,0.0006173021992186278,-0.003319119523144939,1.2346043984372557e-07,-0.0033192429835847827
2019-05-10,0.005023789570740345,0.09002412143147354,1.1108133954533521,0.013985356518764425,0.005580492751117221,2.797071303752885e-06,0.005577695679813468
2019-05-13,-0.025130257270192358,0.09098306509941989,1.0991056400521024,0.011707755401249686,-0.02762080750162877,2.3415510802499376e-06,-0.02762314905270902
2019-05-14,0.009043473928437296,0.125911846716329,0.7942064436978147,0.30489919635428775,0.00718238526737809,6.097983927085755e-05,0.007121405428107232
2019-05-15,0.005857819112300433,0.1279576287803608,0.7815086990370067,0.012697744660807975,0.004577936593648025,2.539548932161595e-06,0.004575397044715864
2019-05-16,0.009261237332953254,0.13020625127644034,0.7680122806676188,0.013496418369387864,0.0071127440058855245,2.699283673877573e-06,0.007110044722211647
2019-05-17,-0.006464897455549012,0.13473607047458774,0.7421917504923878,0.025820530175231005,-0.004798193559287706,5.164106035046201e-06,-0.004803357665322752
2019-05-20,-0.006612359976454152,0.13622677006773987,0.7340701093498304,0.008121641142557423,-0.0048539358109761415,1.6243282285114846e-06,-0.004855560139204653
2019-05-21,0.009015871162812328,0.13745560813955282,0.7275076030253655,0.006562506324464867,0.006559114818843112,1.3125012648929735e-06,0.006557802317578219
2019-05-22,-0.0030719690000702293,0.14166318113439855,0.7058997207265034,0.021607882298862124,-0.0021685020592300507,4.321576459772425e-06,-0.002172823635689823
2019-05-23,-0.012218067240780228,0.1374925294452909,0.727312243097474,0.021412522370970577,-0.008886349891207632,4.282504474194115e-06,-0.008890632395681827
2019-05-24,0.0022680358385898103,0.14272907475850322,0.7006280967574366,0.02668414634003735,0.0015890496329688355,5.33682926800747e-06,0.001583712803700828
2019-05-28,-0.009300298541594976,0.14333640522072866,0.6976594665256644,0.0029686302317722957,-0.006488441319058565,5.937260463544592e-07,-0.00648903504510492
2019-05-29,-0.00671089719424145,0.14394089246723205,0.694729609396891,0.002929857128773361,-0.004662258986458054,5.859714257546722e-07,-0.004662844957883809
2019-05-30,0.0027313488680580367,0.1440961509605683,0.6939810628763072,0.0007485465205837594,0.0018955043905409148,1.4970930411675187e-07,0.001895354681236798
2019-05-31,-0.013475425023457444,0.1448944972385466,0.6901573345146801,0.0038237283616271434,-0.00930016341564181,7.647456723254287e-07,-0.009300928161314136
2019-06-03,-0.0025427858561215544,0.14893465018214044,0.6714354240447368,0.018721910469943315,-0.0017073164995599348,3.744382093988663e-06,-0.0017110608816539234
2019-06-04,0.021706661916592873,0.14892196364760293,0.6714926230534539,5.7199008717145894e-05,0.014575863348107461,1.1439801743429179e-08,0.014575851908305718
2019-06-05,0.008662443239282558,0.1662785257368635,0.6014005690563461,0.07009205399710783,0.005209598293522829,1.4018410799421566e-05,0.005195579882723407
2019-06-06,0.0065021936148614845,0.17025194758729975,0.5873647932792264,0.014035775777119675,0.0038191596084546217,2.807155155423935e-06,0.003816352453299198
2019-06-07,0.010007415373746609,0.16310210227572822,0.6131128820825834,0.025748088803356994,0.006135675281995337,5.149617760671399e-06,0.006130525664234666
2019-06-10,0.004588982875235903,0.16702361003739186,0.5987177500091924,0.014395132073391048,0.002747505501891954,2.8790264146782097e-06,0.002744626475477276
2019-06-11,-0.00024235836551256273,0.1673263120780168,0.5976346383190139,0.0010831116901784954,-0.0001448417541166878,2.1662233803569908e-07,-0.00014505837645472348
2019-06-12,-0.0017652245473783745,0.1664991427711006,0.6006036928218774,0.002969054502863555,-0.001060200381815279,5.93810900572711e-07,-0.0010607941927158516
2019-06-13,0.0041259052983841915,0.13916793997956148,0.7185562997820204,0.11795260696014298,0.0029646952444579776,2.3590521392028598e-05,0.002941104723065949
2019-06-14,-0.00110473611479589,0.13674050564775342,0.7313121998949034,0.012755900112882967,-0.0008079069984147308,2.5511800225765935e-06,-0.0008104581784373074
2019-06-17,0.00038019871547323447,0.13578812762363704,0.7364414087597502,0.0051292088648468015,0.0002799940776317562,1.0258417729693603e-06,0.00027896823585878686
2019-06-18,0.010470974972877967,0.13219648822317354,0.7564497464651287,0.020008337705378576,0.007920766363476247,4.0016675410757155e-06,0.00791676469593517
2019-06-19,0.0022566955138361156,0.13426461927712233,0.7447978517229464,0.011651894742182312,0.0016807819706979497,2.3303789484364626e-06,0.0016784515917495132
2019-06-20,0.009554642094386168,0.13131577803308603,0.7615231124382039,0.016725260715257484,0.007276080785950034,3.3450521430514967e-06,0.007272735733806983
2019-06-21,-0.0014533485448949834,0.13171504294954348,0.7592147241549877,0.002308388283216223,-0.0011034036146134977,4.6167765664324456e-07,-0.001103865292270141
2019-06-24,-0.0012244980546679551,0.13111534407908923,0.7626872407830442,0.0034725166280564768,-0.0009339090426589079,6.945033256112954e-07,-0.0009346035459845192
2019-06-25,-0.009808109413789068,0.12166468128610769,0.8219312206542436,0.05924397987119945,-0.008061591342786027,1.184879597423989e-05,-0.008073440138760267
2019-06-26,-0.000997396307401699,0.12853216333772774,0.778015380766934,0.04391583988730963,-0.0007759896678786667,8.783167977461925e-06,-0.0007847728358561287
2019-06-27,0.0035462701211499414,0.12275774927676762,0.8146125241718275,0.036597143404893506,0.0028888360547850863,7.319428680978701e-06,0.0028815166261041076
2019-06-28,0.005145696563684021,0.1186782735270571,0.8426142125938605,0.02800168842203299,0.004335837058255546,5.600337684406598e-06,0.0043302367205711395
2019-07-01,0.00907843785068807,0.1190388085914866,0.8400621711796248,0.002552041414235706,0.007626452211768307,5.104082828471413e-07,0.007625941803485459
2019-07-02,0.0026040970028706756,0.10556972422449164,0.9472412733346945,0.10717910215506976,0.0024667081608862806,2.1435820431013952e-05,0.0024452723404552665
2019-07-03,0.007995303158475409,0.1032384031824562,0.9686317970577977,0.021390523723103128,0.007744504866415921,4.278104744620625e-06,0.0077402267616713
2019-07-05,-0.0011378613026368223,0.08224193312144719,1.2159247260437005,0.24729292898590283,-0.0013835536926844064,4.9458585797180566e-05,-0.001433012278481587
2019-07-08,-0.0054947730574923526,0.08111999790452987,1.2327416492008545,0.016816923157153996,-0.006773635600877544,3.3633846314307994e-06,-0.006776998985508975
2019-07-09,0.001246343243726411,0.08476046522182487,1.1797953177615539,0.05294633143930061,0.001470429923272167,1.0589266287860123e-05,0.0014598406569843068
2019-07-10,0.004778203576061069,0.07990700981169582,1.251454662559069,0.07165934479751512,0.005979705143918042,1.4331868959503025e-05,0.005965373274958539
2019-07-11,0.00234417941722187,0.07999291619969949,1.2501106941813889,0.001343968377680138,0.0029304837585489556,2.6879367553602765e-07,0.0029302149648734194
2019-07-12,0.0044770634908266604,0.07965894107234801,1.2553518619984891,0.005241167817100267,0.005620289989494704,1.0482335634200534e-06,0.005619241755931283
2019-07-15,0.0003323213795070057,0.07894161565128019,1.266758973387927,0.01140711138943784,0.0004209710895391542,2.2814222778875682e-06,0.00041868966726126667
2019-07-16,-0.0032250088784395725,0.07888609529895928,1.267650523467084,0.0008915500791570885,-0.004088184192939917,1.783100158314177e-07,-0.004088362502955749
2019-07-17,-0.006805186991840628,0.08028305926762604,1.245592792704211,0.022057730762873096,-0.008476491870041137,4.411546152574619e-06,-0.008480903416193711
2019-07-18,0.003660953623417784,0.08572326836019929,1.1665444156866667,0.0790483770175443,0.004270665005485884,1.580967540350886e-05,0.004254855330082376
2019-07-19,-0.005554929694714161,0.07989563018550536,1.2516329086811806,0.08508849299451393,-0.006952732811314548,1.7017698598902786e-05,-0.006969750509913451
2019-07-22,0.002456766594889581,0.08320605849971915,1.2018355610527751,0.049797347628405486,0.0029526294589448357,9.959469525681097e-06,0.0029426699894191544
2019-07-23,0.007149823614386985,0.07733798692599063,1.2930256394661013,0.09119007841332616,0.009244905251062563,1.8238015682665233e-05,0.009226667235379897
2019-07-24,0.0046995153582540805,0.08019185601879618,1.247009421711863,0.04601621775423825,0.0058603399292224394,9.203243550847651e-06,0.005851136685671591
2019-07-25,-0.004777102916495135,0.0807641607505556,1.2381729602670584,0.008836461444804655,-0.00591487965961718,1.7672922889609311e-06,-0.005916646951906141
2019-07-26,0.006699924243209532,0.07364211116548902,1.3579187019133572,0.11974574164629881,0.00909795243125692,2.3949148329259764e-05,0.009074003282927661
2019-07-29,-0.0018208802249162215,0.07516321899342672,1.3304379633973014,0.027480738516055814,-0.0024225681780279578,5.496147703211163e-06,-0.0024280643257311688
2019-07-30,-0.002454880154869943,0.07594829903377476,1.3166851828443094,0.013752780552992006,-0.0032323043255757973,2.750556110598401e-06,-0.0032350548816863956
2019-07-31,-0.010940450759429399,0.07605624552131705,1.31481641401786,0.001868768826449374,-0.014384684235251934,3.737537652898748e-07,-0.014385057989017224
2019-08-01,-0.008707874872609822,0.08151331066247368,1.2267935038741722,0.0880229101436878,-0.010682764326266865,1.760458202873756e-05,-0.010700368908295602
2019-08-02,-0.0075295402132428135,0.08673081775080022,1.1529927030934441,0.07380080078072804,-0.00868150492351762,1.4760160156145608e-05,-0.008696265083673766
2019-08-05,-0.030073019377117594,0.08480507377448825,1.1791747303459432,0.026182027252499074,-0.03546134451470096,5.236405450499815e-06,-0.03546658092015146
2019-08-06,0.01402310066853052,0.1317312255856128,0.7591214577671223,0.42005327257882097,0.010645236621909995,8.40106545157642e-05,0.010561225967394231
2019-08-07,0.0005907343262210318,0.14276604205548848,0.7004466787776695,0.058674778989452725,0.0004137778968414861,1.1734955797890546e-05,0.00040204294104359556
2019-08-08,0.019619932543460727,0.1426292087362075,0.7011186620613584,0.0006719832836888928,0.01375590085460529,1.3439665673777857e-07,0.013755766457948553
2019-08-09,-0.006811891081113575,0.15912216881919256,0.6284479450102775,0.07267071705108097,-0.004280918951559663,1.4534143410216194e-05,-0.0042954530949698795
2019-08-12,-0.012173151101550372,0.1600344020345857,0.624865645940231,0.0035822990700464796,-0.007606583926198307,7.164598140092959e-07,-0.007607300386012317
2019-08-13,0.015551792061117897,0.16297219353864678,0.6136016079104089,0.011264038029822121,0.009542604614590272,2.2528076059644243e-06,0.009540351806984308
2019-08-14,-0.0295677000960215,0.17386052077133837,0.5751737056598385,0.038427902250570356,-0.01700656363206745,7.685580450114072e-06,-0.017014249212517565
2019-08-15,0.0026418434185715434,0.1996506788544369,0.5008748308484786,0.07429887481135988,0.0013232328754051884,1.4859774962271978e-05,0.0013083731004429164
2019-08-16,0.014755223099381709,0.19977344333635833,0.5005670339857441,0.0003077968627345218,0.0073859782626554404,6.155937254690436e-08,0.007385916703282894
2019-08-19,0.012047310221953378,0.2073321507516713,0.4823178635703894,0.018249170415354676,0.005810632928022267,3.6498340830709355e-06,0.005806983093939197
2019-08-20,-0.007662062661307645,0.21194641389812857,0.4718173719516892,0.010500491618700203,-0.0036150942685873387,2.100098323740041e-06,-0.0036171943669110786
2019-08-21,0.00813508481950298,0.21294595031762997,0.46960273182392104,0.002214640127768175,0.003820258054857909,4.42928025553635e-07,0.0038198151268323552
2019-08-22,-0.00030766037345952846,0.2134581839323297,0.46847583052473596,0.001126901299185079,-0.00014413144897600303,2.2538025983701584e-07,-0.00014435682923584004
2019-08-23,-0.025687604800886388,0.21243714400366498,0.4707274731497746,0.00225164262503863,-0.012091861299191268,4.5032852500772603e-07,-0.012092311627716276
2019-08-26,0.01105838058414399,0.2284121340126467,0.43780511237841335,0.032922360771361237,0.004841415554364424,6.584472154272247e-06,0.004834831082210152
2019-08-27,-0.00392360287956206,0.23107514103224755,0.43275966230415314,0.005045450074260216,-0.00169797705717488,1.0090900148520431e-06,-0.0016989861471897322
2019-08-28,0.007041455311860956,0.23115130635436681,0.4326170661856216,0.00014259611853151277,0.003046253738694448,2.8519223706302556e-08,0.003046225219470742
2019-08-29,0.012773147666609974,0.23337942020485175,0.4284867959318081,0.004130270253813517,0.0054731251176295586,8.260540507627035e-07,0.005472299063578796
2019-08-30,-0.00044430355706237545,0.23612539458711543,0.42350379202058375,0.00498300391122436,-0.0001881642412241498,9.96600782244872e-07,-0.0001891608420063947
2019-09-03,-0.005847049569379537,0.23431211623992373,0.42678117378106506,0.0032773817604813127,-0.00249541067837587,6.554763520962625e-07,-0.002496066154727966
2019-09-04,0.011350289538000657,0.23372824351802912,0.4278473088866827,0.0010661351056176493,0.00485619083391825,2.1322702112352989e-07,0.004855977606897126
2019-09-05,0.012855425176792945,0.20985493077783934,0.4765196587439917,0.048672349857309005,0.0061258628182542935,9.7344699714618e-06,0.006116128348282832
2019-09-06,0.0007719654647029284,0.2090332305373581,0.4783928361195574,0.0018731773755656933,0.000369302748045586,3.746354751131387e-07,0.00036892811257047283
2019-09-09,0.0005037379464933878,0.20902190142939792,0.4784187652879876,2.5929168430194327e-05,0.00024099768639007294,5.1858336860388655e-09,0.0002409925005563869
2019-09-10,-0.00023519359946977403,0.19862956720981062,0.5034497200226535,0.025030954734665933,-0.00011840815180417785,5.006190946933187e-06,-0.00012341434275111104
2019-09-11,0.007111320019717926,0.19674639419407033,0.5082685271546078,0.004818807131954261,0.003614460152547107,9.637614263908524e-07,0.003613496391120716
2019-09-12,0.0034635162293996657,0.1915960945719649,0.5219313067075032,0.01366277955289541,0.0018077175514132119,2.732555910579082e-06,0.0018049849955026327
2019-09-13,-0.0006634555150496491,0.185331441936015,0.5395738518805926,0.017642545173089386,-0.00035798324780676163,3.528509034617877e-06,-0.0003615117568413795
2019-09-16,-0.003088676700618853,0.14753649293226753,0.6777984077872108,0.1382245559066182,-0.0020935001498489144,2.7644911181323642e-05,-0.002121145061030238
2019-09-17,0.0025320623549913712,0.14896432792959952,0.6713016558384365,0.006496751948774304,0.0016997776515918785,1.2993503897548609e-06,0.0016984783012021236
2019-09-18,0.0005980010769410793,0.14223378050567367,0.7030678622509864,0.0317662064125499,0.00042043533878875224,6.353241282509981e-06,0.00041408209750624225
2019-09-19,-6.667925415326792e-05,0.13748325723368124,0.7273612948377366,0.024293432586750208,-4.849990863973548e-05,4.858686517350042e-06,-5.335859515708552e-05
2019-09-20,-0.004724775936030379,0.1336072312714586,0.7484624825195534,0.02110118768181679,-0.0035363175264299437,4.220237536363358e-06,-0.003540537763966307
2019-09-23,-0.00023438812123710573,0.13335820822214156,0.7498601048495261,0.0013976223299727586,-0.00017575830116633954,2.7952446599455173e-07,-0.0001760378256323341
2019-09-24,-0.007847186440570919,0.13334805470852407,0.7499172014063709,5.709655684471571e-05,-0.005884740094426965,1.1419311368943141e-08,-0.005884751513738334
2019-09-25,0.005915052356690653,0.0975406986354222,1.0252130792477705,0.27529587784139964,0.006064189040514607,5.505917556827993e-05,0.006009129864946327
2019-09-26,-0.002083535401562475,0.09307864047996443,1.0743603417964127,0.04914726254864221,-0.0022384678061675867,9.829452509728442e-06,-0.002248297258677315
2019-09-27,-0.005387086918730133,0.0918627887582875,1.0885800589303185,0.014219717133905796,-0.005864275395453996,2.8439434267811594e-06,-0.005867119338880777
2019-09-30,0.004637452511584206,0.0931602147892252,1.0734195946869574,0.01516046424336115,0.0049779323953647306,3.03209284867223e-06,0.004974900302516058
2019-10-01,-0.011894336005100703,0.08438254589533234,1.185079200194309,0.11165960550735154,-0.014095730199767112,2.233192110147031e-05,-0.014118062120868581
2019-10-02,-0.017664857392911015,0.09531271698964705,1.0491779392970415,0.1359012608972674,-0.018533578677470488,2.718025217945348e-05,-0.01856075892964994
2019-10-03,0.008193184854900837,0.11229632432216888,0.8905010970181737,0.1586768422788678,0.007296040101361882,3.173536845577356e-05,0.007264304732906108
2019-10-04,0.013532056977155094,0.10867992716522915,0.920133115731364,0.029632018713190322,0.01245129374864406,5.926403742638065e-06,0.012445367344901422
2019-10-07,-0.004314634071070023,0.10973583785159453,0.911279322760891,0.008853792970473062,-0.003931836814245756,1.7707585940946125e-06,-0.003933607572839851
2019-10-08,-0.015524937085886648,0.11051245915141168,0.9048753486065432,0.006403974154347791,-0.014048132857686331,1.2807948308695583e-06,-0.0140494136525172
2019-10-09,0.009496559113780334,0.12193095031873098,0.8201363127130327,0.0847390358935105,0.0077884729750371485,1.69478071787021e-05,0.007771525167858446
2019-10-10,0.006763322076531075,0.12755389179091509,0.7839823512709349,0.036153961442097815,0.005302325143961454,7.230792288419564e-06,0.005295094351673035
2019-10-11,0.01036687702705752,0.1272853578203709,0.7856363191524602,0.0016539678815253867,0.00814459510864367,3.3079357630507735e-07,0.008144264315067365
2019-10-14,-0.001113421101879175,0.13239369719886254,0.7553229656378171,0.03031335351464315,-0.0008409925286751046,6.06267070292863e-06,-0.0008470551993780333
2019-10-15,0.009900314754228035,0.13240791434163957,0.7552418637301356,8.110190768151337e-05,0.00747713216649814,1.6220381536302677e-08,0.007477115946116604
2019-10-16,-0.00160612841327612,0.1368614874720953,0.7306657398443738,0.024576123885761803,-0.0011735430053714663,4.9152247771523604e-06,-0.0011784582301486185
2019-10-17,0.0029485164737406144,0.13666700781042326,0.7317054906090747,0.0010397507647009752,0.0021574456929873156,2.0795015294019503e-07,0.0021572377428343754
2019-10-18,-0.004376777683009259,0.13707012864973067,0.729553557621152,0.002151932987922711,-0.0031930937295562675,4.303865975845423e-07,-0.0031935241161538523
2019-10-21,0.006779034066119793,0.1378938750059332,0.7251953721345293,0.004358185486622701,0.004916124132292395,8.716370973245402e-07,0.00491525249519507
2019-10-22,-0.0032665422675496325,0.1389329341630217,0.7197717416855358,0.005423630448993522,-0.0023511648172036183,1.0847260897987045e-06,-0.002352249543293417
2019-10-23,0.0029095332954667263,0.13947829180114185,0.7169574469880434,0.002814294697492392,0.002086011563444533,5.628589394984784e-07,0.0020854487045050343
2019-10-24,0.001633645582043819,0.13664177941561023,0.7318405865883785,0.014883139600335049,0.0011955681410404614,2.97662792006701e-06,0.0011925915131203943
2019-10-25,0.0040955424964059794,0.13537267953771628,0.7387014894104902,0.006860902822111714,0.003025383342039054,1.3721805644223429e-06,0.003024011161474632
2019-10-28,0.005636122498541063,0.13559455929380781,0.7374927174129375,0.001208771997552649,0.004156599297121244,2.417543995105298e-07,0.004156357542721733
2019-10-29,-0.0002966219156561589,0.13466440424392745,0.7425867330082471,0.005094015595309531,-0.00022026749928575487,1.0188031190619063e-06,-0.00022128630240481677
2019-10-30,0.003067408079009626,0.13420381888779834,0.7451352787777629,0.0025485457695157976,0.0022856339740779997,5.097091539031595e-07,0.0022851242649240965
2019-10-31,-0.0026634400512488554,0.12575293621238445,0.7952100603926238,0.0500747816148609,-0.002117994324005735,1.001495632297218e-05,-0.0021280092803287074
2019-11-01,0.009264135507073501,0.10567617257997833,0.9462871105056113,0.15107705011298755,0.00876653202032102,3.0215410022597514e-05,0.008736316610298422
2019-11-04,0.0040175798930439655,0.10646737313660447,0.9392548820725913,0.0070322284330199825,0.003773531528658224,1.4064456866039967e-06,0.00377212508297162
2019-11-05,-0.001106414577526471,0.09891838447168405,1.0109344237079163,0.07167954163532497,-0.0011185125833137607,1.4335908327064996e-05,-0.0011328484916408256
2019-11-06,0.00022825626241829156,0.09690836960465149,1.03190261489241,0.020968191184493667,0.0002355382340550032,4.1936382368987335e-06,0.00023134459581810446
2019-11-07,0.003516623025220378,0.07293177097733809,1.3711445459218694,0.33924193102945943,0.004821798481094186,6.784838620589188e-05,0.004753950094888294
2019-11-08,0.0024661868210207327,0.06904237545919921,1.4483858548449755,0.0772413089231061,0.0035719901069715264,1.544826178462122e-05,0.003556541845186905
2019-11-11,-0.0019097237347645013,0.06744192514422158,1.482757198673591,0.03437134382861551,-0.00283165661519988,6.874268765723102e-06,-0.002838530883965603
2019-11-12,0.002108032520438785,0.06262385413974704,1.5,0.017242801326408985,0.0031620487806581776,3.4485602652817973e-06,0.003158600220392896
2019-11-13,0.0003238147335486996,0.061650495338700595,1.5,0.0,0.0004857221003230494,0.0,0.0004857221003230494
2019-11-14,0.0014554972887390605,0.05486519792344159,1.5,0.0,0.0021832459331085907,0.0,0.0021832459331085907
2019-11-15,0.007236694088761597,0.05361613698832855,1.5,0.0,0.010855041133142396,0.0,0.010855041133142396
2019-11-18,0.0007374402084256992,0.056784259831787705,1.5,0.0,0.0011061603126385489,0.0,0.0011061603126385489
2019-11-19,-0.00028854782162568426,0.052171792605482194,1.5,0.0,-0.0004328217324385264,0.0,-0.0004328217324385264
2019-11-20,-0.0037190916101754734,0.05006039078546502,1.5,0.0,-0.00557863741526321,0.0,-0.00557863741526321
2019-11-21,-0.0016084454591701602,0.05066578543965918,1.5,0.0,-0.0024126681887552404,0.0,-0.0024126681887552404
2019-11-22,0.002223592855875811,0.0518709143451683,1.5,0.0,0.0033353892838137167,0.0,0.0033353892838137167
2019-11-25,0.0077502689202229025,0.051911919639287464,1.5,0.0,0.011625403380334354,0.0,0.011625403380334354
2019-11-26,0.0022656925215935875,0.055495706942451394,1.5,0.0,0.003398538782390381,0.0,0.003398538782390381
2019-11-27,0.004457725998427753,0.05378528206611533,1.5,0.0,0.006686588997641629,0.0,0.006686588997641629
2019-11-29,-0.0037087014244736594,0.05411550975871119,1.5,0.0,-0.005563052136710489,0.0,-0.005563052136710489
2019-12-02,-0.008494672124260028,0.05726699139774789,1.5,0.0,-0.012742008186390041,0.0,-0.012742008186390041
2019-12-03,-0.006706767862141749,0.06565195404718463,1.5,0.0,-0.010060151793212624,0.0,-0.010060151793212624
2019-12-04,0.006170134371525471,0.06452987934445642,1.5,0.0,0.009255201557288206,0.0,0.009255201557288206
2019-12-05,0.001798241165236858,0.06639722618077014,1.5,0.0,0.002697361747855287,0.0,0.002697361747855287
2019-12-06,0.009133897187693973,0.06619781624562866,1.5,0.0,0.01370084578154096,0.0,0.01370084578154096
2019-12-09,-0.003143908139712104,0.07218644977379042,1.3853015394629946,0.11469846053700539,-0.004355260785873417,2.293969210740108e-05,-0.004378200477980819
2019-12-10,-0.0011151948948855406,0.0731742046529838,1.3666018028379396,0.018699736625054975,-0.0015240273538662463,3.739947325010995e-06,-0.0015277673011912572
2019-12-11,0.0028387449300653067,0.0732496730292288,1.3651938072146346,0.0014079956233050694,0.0038754369987870976,2.815991246610139e-07,0.0038751553996624367
2019-12-12,0.008619142695504234,0.0729540351299927,1.3707260992735442,0.005532292058909594,0.01181448384609058,1.1064584117819187e-06,0.011813377387678799
2019-12-13,0.000598987259585515,0.07760719238074378,1.2885403650398315,0.08218573423371267,0.0007718192621205278,1.6437146846742535e-05,0.0007553821152737853
2019-12-16,0.006870022295366818,0.07757171216791563,1.2891297253248062,0.0005893602849746937,0.00885634995460152,1.1787205699493875e-07,0.008856232082544525
2019-12-17,0.00021924210678392342,0.07997240579634243,1.2504313082022291,0.038698417122577045,0.0002741471943988342,7.73968342451541e-06,0.00026640751097431876
2019-12-18,6.243135051864357e-05,0.07730163218740775,1.2936337457605425,0.04320243755831332,8.076330182432226e-05,8.640487511662665e-06,7.212281431265959e-05
2019-12-19,0.004098946565679551,0.07738626134532366,1.29221903554387,0.001414710216672388,0.005296736777848288,2.829420433344776e-07,0.0052964538358049535
2019-12-20,0.004384165086839253,0.07784727760779798,1.2845664366557499,0.007652598888120199,0.005631751323311646,1.53051977762404e-06,0.0056302208035340215
2019-12-23,0.0015279059702635323,0.07622664785421421,1.3118771822585333,0.02731074560278346,0.002004424979025313,5.462149120556692e-06,0.0019989628299047564
2019-12-24,3.11639636183525e-05,0.07525450926290712,1.328824026353593,0.016946844095059754,4.141142361247606e-05,3.389368819011951e-06,3.802205479346411e-05
2019-12-26,0.005323347835068271,0.07551762729054187,1.324194146292046,0.004629880061547187,0.0070491460418738395,9.259760123094375e-07,0.00704822006586153
2019-12-27,-0.0002480875076069644,0.07354772118788114,1.3596614332148411,0.035467286922795216,-0.00033731501615558303,7.093457384559044e-06,-0.0003444084735401421
2019-12-30,-0.005513306151348929,0.0738095195800321,1.3548387873134633,0.00482264590137782,-0.007469641020181441,9.64529180275564e-07,-0.007470605549361717
2019-12-31,0.0024292430942740584,0.07689131309781237,1.3005370304027895,0.05430175691067385,0.0031593205999536672,1.086035138213477e-05,0.0031484602485715323
2020-01-02,0.00935234279780972,0.07498789279391853,1.3335486073041105,0.03301157690132106,0.01247180371304978,6.602315380264212e-06,0.012465201397669516
2020-01-03,-0.007572472266525021,0.07075560761386067,1.4133155430695574,0.07976693576544691,-0.010702292753742973,1.5953387153089384e-05,-0.010718246140896063
2020-01-06,0.0038150741483060635,0.07218177385663754,1.3853912789482439,0.027924264121313547,0.00528537045360412,5.5848528242627095e-06,0.005279785600779857
2020-01-07,-0.0028116121578665165,0.07099436455162238,1.4085625053702209,0.023171226421976998,-0.003960331465213834,4.6342452843954e-06,-0.003964965710498229
2020-01-08,0.005329416401257392,0.0729862960822167,1.370120219381365,0.038442285988855796,0.007301941168865423,7.68845719777116e-06,0.007294252711667651
2020-01-09,0.006780594971153242,0.0693007103797538,1.4429866512481668,0.07286643186680175,0.009784308030894577,1.4573286373360351e-05,0.009769734744521216
2020-01-10,-0.0028776418014472283,0.06913961592602473,1.4463487923767764,0.0033621411286095526,-0.00416207374441613,6.724282257219105e-07,-0.0041627461726418515
2020-01-13,0.0068771994600620445,0.0704436345509236,1.4195746803454632,0.02677411203131319,0.009762698225189569,5.354822406262639e-06,0.009757343402783307
2020-01-14,-0.0015246907511656804,0.07236904410274636,1.3818062852678341,0.03776839507762908,-0.0021068272630504724,7.553679015525816e-06,-0.002114380942065998
2020-01-15,0.0022600085435358075,0.06960243162080103,1.4367314139943714,0.05492512872653732,0.0032470252703935606,1.0985025745307464e-05,0.003236040244648253
2020-01-16,0.008318305004448856,0.06948831398160077,1.4390908955781856,0.0023594815838141603,0.011970796998544806,4.7189631676283206e-07,0.011970325102228044
2020-01-17,0.0031127648042990064,0.07097234824976063,1.4089994549438805,0.030091440634305133,0.0043858839126257945,6.018288126861027e-06,0.004379865624498934
2020-01-21,-0.0019585662234216095,0.07080771838513847,1.412275416870212,0.0032759619263316164,-0.0027660349296506704,6.551923852663234e-07,-0.0027666901220359365
2020-01-22,0.00012076212115674778,0.07186255077333435,1.3915453727131888,0.020730044157023286,0.00016804597089470184,4.1460088314046574e-06,0.00016389996206329718
2020-01-23,0.001147152146547592,0.07169089247758621,1.3948773204527267,0.0033319477395379327,0.001600136512327899,6.663895479075866e-07,0.0015994701227799912
2020-01-24,-0.008892984330394427,0.07107759015365388,1.4069132026539215,0.01203588220119478,-0.012511657065426363,2.407176440238956e-06,-0.012514064241866601
2020-01-27,-0.01602955542523088,0.07986290475232671,1.2521457904658373,0.1547674121880842,-0.02007134034874167,3.095348243761684e-05,-0.02010229383117929
2020-01-28,0.010479053380931802,0.09956759041347196,1.0043428748725602,0.24780291559327705,0.010524562598548068,4.956058311865541e-05,0.010475002015429414
2020-01-29,-0.0008257058135752171,0.10429907346962539,0.9587812880152058,0.04556158685735445,-0.00079167128346129,9.11231737147089e-06,-0.0008007836008327609
2020-01-30,0.003245177745208716,0.10437739379581623,0.9580618595978808,0.0007194284173249743,0.0031090810253003205,1.4388568346499487e-07,0.0031089371396168554
2020-01-31,-0.0181579005176572,0.10233291876603155,0.9772026558592998,0.019140796261418958,-0.01774394861068357,3.828159252283792e-06,-0.01774777676993585
2020-02-03,0.0074282645345868925,0.12170012273350755,0.8216918582652104,0.15551079759408937,0.006103744489110262,3.1102159518817875e-05,0.006072642329591444
2020-02-04,0.01524166333540955,0.12000962880561084,0.8332664719926597,0.011574613727449279,0.01270036703479659,2.314922745489856e-06,0.0126980521120511
2020-02-05,0.011547847426664148,0.12783643778786075,0.7822495818128619,0.051016890179797825,0.009033298820346763,1.0203378035959565e-05,0.009023095442310804
2020-02-06,0.0033648880858379027,0.13269345754072934,0.7536166579223071,0.028632923890554718,0.0025358357135317495,5.7265847781109435e-06,0.0025301091287536384
2020-02-07,-0.0053296373589073465,0.13196284181872794,0.7577890762413709,0.0041724183190637865,-0.004038740970907898,8.344836638127574e-07,-0.004039575454571711
2020-02-10,0.007465251252422256,0.13339248069192808,0.7496674436316354,0.00812163260973553,0.005596455822471257,1.624326521947106e-06,0.00559483149594931
2020-02-11,0.0017329160516563746,0.1337766051863247,0.7475148577789033,0.0021525858527321473,0.0012953804958966933,4.305171705464295e-07,0.0012949499787261469
2020-02-12,0.00644272964981818,0.13296068569522584,0.7521020178041294,0.004587160025226189,0.004845589969794745,9.174320050452379e-07,0.0048446725377897
2020-02-13,-0.0010669475081274138,0.1327439530900635,0.7533299835673303,0.0012279657632008334,-0.0008037635487648286,2.455931526401667e-07,-0.0008040091419174687
2020-02-14,0.0016022796453272203,0.13262673686690002,0.753995780657386,0.0006657970900557642,0.0012081120920099371,1.3315941801115285e-07,0.001207978932591926
2020-02-18,-0.002577139138539186,0.13259329520723637,0.7541859476657945,0.00019016700840845946,-0.0019436421234657853,3.80334016816919e-08,-0.001943680156867467
2020-02-19,0.004781423142028451,0.13076924238752805,0.7647058144120393,0.010519866746244833,0.003656382077873439,2.1039733492489666e-06,0.00365427810452419
2020-02-20,-0.004108249103358386,0.13125803703286998,0.7618581098767898,0.002847704535249518,-0.0031299028967876363,5.695409070499036e-07,-0.003130472437694686
2020-02-21,-0.010298533978892466,0.1320651399050564,0.7572020903615557,0.004656019515234089,-0.007798071456476885,9.312039030468178e-07,-0.007799002660379932
2020-02-24,-0.03316516744320952,0.13759516917339615,0.726769701296569,0.030432389064986687,-0.02410343883615208,6.086477812997338e-06,-0.024109525313965076
2020-02-25,-0.03030199820233237,0.17990184569462123,0.5558586662292917,0.17091103506727734,-0.016843628304830865,3.418220701345547e-05,-0.01687781051184432
2020-02-26,-0.003678451647170178,0.2048558270568242,0.4881481841971787,0.067710482032113,-0.0017956294922232433,1.35420964064226e-05,-0.0018091715886296659
2020-02-27,-0.04491197364943522,0.19881300774805707,0.5029851976623358,0.014837013465157145,-0.022590057943466794,2.9674026930314292e-06,-0.022593025346159826
2020-02-28,-0.004201109492625865,0.2435418559803195,0.410607037535597,0.09237816012673883,-0.0017250051231297815,1.8475632025347767e-05,-0.0017434807551551293
2020-03-02,0.04330643881742491,0.2432050382265008,0.41117569244954694,0.0005686549139499175,0.017806554968278626,1.1373098278998351e-07,0.017806441237295835
2020-03-03,-0.02863225357247845,0.2936801304248463,0.34050652271005555,0.07066916973949139,-0.009749469101317203,1.4133833947898278e-05,-0.009763602935265101
2020-03-04,0.042032746156513756,0.30276652231318046,0.33028750746940383,0.010219015240651719,0.013882890960129093,2.043803048130344e-06,0.013880847157080963
2020-03-05,-0.03324158802145816,0.3394538345667003,0.29459086867481155,0.035696638794592284,-0.009792668291371568,7.139327758918457e-06,-0.009799807619130487
2020-03-06,-0.016531074508220334,0.35074957326057604,0.2851036968353168,0.009487171839494768,-0.004713070454953683,1.8974343678989536e-06,-0.004714967889321582
2020-03-09,-0.0780944595527564,0.3487769974846302,0.28671615594261424,0.0016124591072974592,-0.022390943243382283,3.224918214594919e-07,-0.022391265735203742
2020-03-10,0.051745015847187714,0.42880685841260346,0.23320522523867546,0.05351093070393878,0.012067208075622242,1.0702186140787756e-05,0.012056505889481454
2020-03-11,-0.048748288250243244,0.4777332981196116,0.20932181280560996,0.023883412433065493,-0.010204080067711332,4.776682486613099e-06,-0.010208856750197946
2020-03-12,-0.09567754799707617,0.49667848381845,0.20133749147175223,0.007984321333857736,-0.01926347750389949,1.5968642667715472e-06,-0.01926507436816626
2020-03-13,0.08548629150401088,0.5782175391080928,0.172945290027437,0.02839220144431523,0.014784451477531185,5.678440288863046e-06,0.014778773037242322
2020-03-16,-0.10942372475970041,0.6702290964548334,0.14920271371229402,0.023742576315142983,-0.01632631667865444,4.748515263028597e-06,-0.016331065193917468
2020-03-17,0.05399211711279439,0.7524576090068131,0.13289785205573562,0.016304861656558395,0.0071754363922321,3.2609723313116792e-06,0.007172175419900789
2020-03-18,-0.050632853556292545,0.7880512182122904,0.12689530539252508,0.0060025466632105395,-0.006425071414920742,1.2005093326421079e-06,-0.006426271924253384
2020-03-19,0.0021247878124242003,0.7979566892358206,0.12532008484792204,0.0015752205446030454,0.00026627858893683143,3.150441089206091e-07,0.00026596354482791084
2020-03-20,-0.04309408562035899,0.7971889565384244,0.125440774335639,0.00012068948771695731,-0.005405755469504158,2.4137897543391463e-08,-0.005405779607401701
2020-03-23,-0.025568302287858224,0.8019625275661012,0.12469410547584167,0.0007466688597973226,-0.0031882165823203974,1.4933377195946452e-07,-0.003188365916092357
2020-03-24,0.09060329767966913,0.8021569591151876,0.12466388138090101,3.0224094940661805e-05,0.011294958754656735,6.044818988132361e-09,0.011294952709837748
2020-03-25,0.014970490829806948,0.8822573384388016,0.11334561430450099,0.011318267076400018,0.0016968394795443674,2.263653415280004e-06,0.0016945758261290875
2020-03-26,0.05838959031698798,0.8840975013105198,0.11310969644385094,0.00023591786065005338,0.006604428836235329,4.718357213001068e-08,0.006604381652663199
2020-03-27,-0.02978564390453231,0.9148030058573977,0.10931315196792031,0.003796544475930627,-0.0032559626185985,7.593088951861255e-07,-0.003256721927493686
2020-03-30,0.0324755190474173,0.9082736679533246,0.1100989751528709,0.0007858231849505876,0.003575521364678183,1.5716463699011753e-07,0.003575364200041193
2020-03-31,-0.014905311165162138,0.9179024186274994,0.10894404238472949,0.001154932768141409,-0.0016238448513350057,2.3098655362828181e-07,-0.001624075837888634
2020-04-01,-0.04500492870631323,0.9021038846567412,0.1108519780269552,0.0019079356422257165,-0.004988885368056919,3.815871284451433e-07,-0.004989266955185365
2020-04-02,0.02307554800251621,0.9088572973677504,0.11002827428422689,0.0008237037427283184,0.0025389627248796976,1.6474074854566367e-07,0.0025387979841311518
2020-04-03,-0.014454226289862704,0.8981312068880336,0.11134230637246591,0.00131403208823902,-0.0016093668919428443,2.62806417647804e-07,-0.001609629698360492
2020-04-06,0.06716648145280968,0.8939501025803588,0.11186306675434474,0.0005207603818788292,0.007513448598410107,1.0415207637576585e-07,0.007513344446333731
2020-04-07,0.001019034096674698,0.9296872962015456,0.10756304878917174,0.004300017965173,0.0001096104142584501,8.600035930346001e-07,0.00010875041066541549
2020-04-08,0.03356853296679252,0.8893179506922254,0.11244572306469494,0.004882674275523205,0.003774637961672034,9.76534855104641e-07,0.0037736614268169292
2020-04-09,0.015217344699973712,0.8781977162010633,0.11386957419177006,0.001423851127075118,0.0017327925613153953,2.8477022541502364e-07,0.0017325077910899803
2020-04-13,-0.009130238961169823,0.8618924195519342,0.11602376089116352,0.002154186699393462,-0.0010593246621099527,4.3083733987869244e-07,-0.0010597554994498314
2020-04-14,0.029493199175900653,0.7867188085500252,0.12711021894125885,0.011086458050095324,0.003748887004526887,2.217291610019065e-06,0.0037466697129168677
2020-04-15,-0.021248437476909632,0.7382885125934686,0.13544840302163016,0.00833818408037132,-0.0028780669229523663,1.6676368160742639e-06,-0.0028797345597684405
2020-04-16,0.004824445567125357,0.6218939207228297,0.16079912774154412,0.025350724719913953,0.0007757666390303166,5.070144943982791e-06,0.0007706964940863339
2020-04-17,0.02701534322091792,0.5989926654826386,0.16694695237950027,0.006147824637956156,0.00451012921821844,1.2295649275912313e-06,0.004508899653290849
2020-04-20,-0.017617719113719232,0.5665423133281458,0.17650932268862896,0.009562370309128682,-0.0031096916680810943,1.9124740618257366e-06,-0.00311160414214292
2020-04-21,-0.030363139017438923,0.5738044525532142,0.17427539914519238,0.0022339235434365723,-0.005291548171565133,4.4678470868731447e-07,-0.00529199495627382
2020-04-22,0.022194242962145116,0.5609517186875029,0.17826846173851973,0.003993062593327351,0.0039565335523125775,7.986125186654702e-07,0.003955734939793912
2020-04-23,-7.17917509728272e-05,0.5480807689401623,0.18245486006263736,0.0041863983241176295,-1.3098753877398896e-05,8.372796648235259e-07,-1.3936033542222422e-05
2020-04-24,0.013938915980029165,0.46676473644208827,0.21424069170745305,0.03178583164481569,0.002986283001213519,6.357166328963138e-06,0.002979925834884556
2020-04-27,0.014418282032036878,0.4665561896129316,0.21433645555739572,9.576384994267051e-05,0.0030903634659736694,1.91527699885341e-08,0.003090344313203681
2020-04-28,-0.0045983310251042075,0.4287998116162381,0.23320905767910355,0.018872602121707827,-0.0010723724452611385,3.7745204243415656e-06,-0.0010761469656854802
2020-04-29,0.026178397748795268,0.4117024209075693,0.24289388383861568,0.009684826159512133,0.006358572701876956,1.936965231902427e-06,0.006356635736645053
2020-04-30,-0.009310626544321576,0.4071621893643445,0.24560237323637174,0.0027084893977560587,-0.0022867119756029377,5.416978795512117e-07,-0.002287253673482489
2020-05-01,-0.026473115472893105,0.40403561014760303,0.2475029365938013,0.0019005633574295522,-0.006552173820327842,3.8011267148591044e-07,-0.006552553932999328
2020-05-04,0.0027582818781646257,0.3788662326664312,0.2639454017746785,0.01644246518087722,0.0007280358185399769,3.288493036175444e-06,0.0007247473255038015
2020-05-05,0.009238977208730903,0.3744461321138593,0.26706111086118156,0.003115709086503049,0.0024673715165848134,6.231418173006099e-07,0.002466748374767513
2020-05-06,-0.006778835871272926,0.36711807661151036,0.27239192611542645,0.005330815254244892,-0.0018465001597963774,1.0661630508489784e-06,-0.0018475663228472263
2020-05-07,0.012066966023316805,0.29729302408760105,0.3363684711637693,0.06397654504834283,0.004058946912848222,1.2795309009668565e-05,0.004046151603838553
2020-05-08,0.016545944792086598,0.2985747115718968,0.3349245469367891,0.0014439242269801977,0.005541643063130729,2.8878484539603954e-07,0.005541354278285332
2020-05-11,0.00020520924172284793,0.28278449014485774,0.3536261834896762,0.018701636552887146,7.256736096726115e-05,3.7403273105774293e-06,6.882703365668372e-05
2020-05-12,-0.01993136743841606,0.2795442521954298,0.357725115843519,0.004098932353842788,-0.007129950725827128,8.197864707685576e-07,-0.007130770512297897
2020-05-13,-0.01768565185704396,0.28761217857981947,0.34769042289441005,0.01003469294910897,-0.006149131773338923,2.0069385898217942e-06,-0.006151138711928745
2020-05-14,0.011966936147106644,0.2770766753440925,0.36091092790763873,0.01322050501322869,0.004318998029063722,2.644101002645738e-06,0.004316353928061076
2020-05-15,0.004597088156544249,0.26909512773430727,0.37161579565548886,0.010704867747850122,0.0017083505729926156,2.1409735495700244e-06,0.0017062095994430455
2020-05-18,0.030460001374245538,0.26905937691970544,0.37166517348266476,4.9377827175900446e-05,0.011320921695041175,9.87556543518009e-09,0.01132091181947574
2020-05-19,-0.010271607857862408,0.27342907271931505,0.36572555729161127,0.005939616191053487,-0.003756589508097623,1.1879232382106974e-06,-0.0037577774313358337
2020-05-20,0.016988306246874973,0.2680854856796068,0.3730153452600995,0.007289787968488226,0.006336898920062373,1.4579575936976452e-06,0.006335440962468675
2020-05-21,-0.006904003292883765,0.24560917058100815,0.4071509209670063,0.034135575706906784,-0.002810971299056869,6.827115141381357e-06,-0.00281779841419825
2020-05-22,0.0018989859997189384,0.23922380624300246,0.4180185976073822,0.010867676640375912,0.0007938114644785633,2.1735353280751825e-06,0.0007916379291504881
2020-05-26,0.01232046410386145,0.23903027240867766,0.4183570515663674,0.0003384539589851854,0.005154353036420743,6.769079179703708e-08,0.005154285345628945
2020-05-27,0.014878724953534261,0.23814615531334749,0.4199102012309298,0.0015531496645624365,0.006247728389298228,3.106299329124873e-07,0.006247417759365316
2020-05-28,-0.0018441019441749473,0.23843564609817194,0.4194003775711735,0.0005098236597563255,-0.000773417051666708,1.019647319512651e-07,-0.0007735190163986593
2020-05-29,0.004455466048054468,0.23755260407126066,0.4209593929351419,0.001559015363968408,0.0018755702828321447,3.1180307279368157e-07,0.001875258479759351
2020-06-01,0.00404174390629497,0.2221508212263978,0.4501446334879323,0.029185240552790426,0.001819369329351233,5.837048110558085e-06,0.001813532281240675
2020-06-02,0.008279814122753582,0.21847144438042135,0.45772572376036186,0.007581090272429536,0.0037898839119386487,1.5162180544859073e-06,0.0037883676938841628
2020-06-03,0.013308598509558012,0.19195737572777694,0.5209489847465634,0.06322326098620151,0.006933100881953873,1.2644652197240304e-05,0.006920456229756632
2020-06-04,-0.0026266545732800406,0.19445203054445176,0.5142656506080557,0.006683334138507635,-0.001350798223050485,1.336666827701527e-06,-0.0013521348898781866
2020-06-05,0.025629436656530835,0.19527317980406733,0.5121030962897093,0.0021625543183464435,0.013124913867970414,4.325108636692887e-07,0.013124481357106746
2020-06-08,0.01208732474577734,0.2045862296449152,0.4887914507910059,0.023311645498703404,0.005908180998670532,4.662329099740681e-06,0.005903518669570792
2020-06-09,-0.007456707391045314,0.20459430364008255,0.48877216139857754,1.9289392428345487e-05,-0.0036446309884379663,3.857878485669097e-09,-0.003644634846316452
2020-06-10,-0.0055801511344107935,0.20536450360516703,0.48693906806922976,0.0018330933293477791,-0.002717193593075447,3.6661866586955583e-07,-0.0027175602117413167
2020-06-11,-0.05764873807012216,0.2078500858289665,0.48111599088915924,0.005823077180070524,-0.027735729740116424,1.164615436014105e-06,-0.027736894355552436
2020-06-12,0.01197581784081403,0.28849239680562144,0.3466295857612406,0.13448640512791865,0.004151172777313442,2.689728102558373e-05,0.004124275496287858
2020-06-15,0.009335456506711637,0.28063225918553647,0.3563382210235719,0.009708635262331289,0.0033265799640445535,1.941727052466258e-06,0.0033246382369920874
2020-06-16,0.019247808858915638,0.2798184668067313,0.3573745548004497,0.0010363337768778402,0.006878677121839128,2.0726675537556807e-07,0.006878469855083752
2020-06-17,-0.00415392870000153,0.2849584894640669,0.3509283060423085,0.006446248758141204,-0.0014577311621120656,1.289249751628241e-06,-0.0014590204118636939
2020-06-18,0.0003851080037853283,0.2699162018081545,0.3704853555663026,0.019557049523994063,0.00014267687571383635,3.911409904798813e-06,0.00013876546580903753
2020-06-19,-0.005714933566686287,0.26592835208985627,0.3760411374497231,0.005555781883420541,-0.0021490501188663144,1.1111563766841083e-06,-0.0021501612752429984
2020-06-22,0.0064150797536526305,0.26277975196355785,0.380546823919173,0.004505686469449877,0.002441238225440699,9.011372938899754e-07,0.002440337088146809
2020-06-23,0.0046037586249128015,0.2610188586243511,0.38311408044242656,0.0025672565232535693,0.0017637647521623581,5.134513046507139e-07,0.0017632513008577074
2020-06-24,-0.02550883383257685,0.26106667749605506,0.3830439064806005,7.017396182606994e-05,-0.009771003360994745,1.403479236521399e-08,-0.00977101739578711
2020-06-25,0.010720682186593278,0.2763967260019813,0.36179878628259576,0.02124512019800473,0.003878729803230893,4.249024039600946e-06,0.003874480779191292
2020-06-26,-0.023751362839674828,0.27416033680611984,0.36475006255451825,0.002951276271922487,-0.008663311081526454,5.902552543844975e-07,-0.00866390133678084
2020-06-29,0.014697391253640113,0.2871682455786684,0.34822791704734457,0.01652214550717368,0.005118041942284957,3.3044291014347363e-06,0.005114737513183522
2020-06-30,0.012809738753818856,0.2913731904330268,0.34320247463874126,0.005025442408603309,0.004396334039786417,1.005088481720662e-06,0.004395328951304697
2020-07-01,0.00700466221633822,0.2943241696542928,0.3397614273997884,0.003441047238952888,0.0023799140330764386,6.882094477905776e-07,0.002379225823628648
2020-07-02,0.005507229085255805,0.29394942367125587,0.34019457752649646,0.00043315012670808173,0.001873529472000232,8.663002534161636e-08,0.0018734428419748903
2020-07-06,0.01543714211480851,0.2909775338641498,0.34366914404700233,0.003474566520505873,0.005305269417128172,6.949133041011746e-07,0.00530457450382407
2020-07-07,-0.010313808307634287,0.29532172513561616,0.33861376081992783,0.005055383227074495,-0.003492397419423861,1.011076645414899e-06,-0.003493408496069276
2020-07-08,0.007648708578120056,0.28394857735257084,0.3521764431164339,0.01356268229650609,0.002693694981476478,2.712536459301218e-06,0.002690982445017177
2020-07-09,-0.005693092240273034,0.2818837841652499,0.35475612865114864,0.002579685534714715,-0.0020196593632131566,5.159371069429431e-07,-0.0020201753003200994
2020-07-10,0.010210824555521025,0.2814156013197271,0.35534632597140964,0.0005901973202609989,0.0036283789909430483,1.1803946405219979e-07,0.003628260951478996
2020-07-13,-0.00865923006017888,0.28320449402919795,0.35310174135051037,0.0022445846208992704,-0.003057589213003847,4.489169241798541e-07,-0.003058038129928027
2020-07-14,0.012959259950820812,0.19402588515586666,0.5153951490527519,0.1622934077022415,0.00667913971396665,3.24586815404483e-05,0.006646681032426202
2020-07-15,0.009186922927375551,0.1946608224900622,0.5137140525803809,0.0016810964723709132,0.004719451407765711,3.3621929447418266e-07,0.004719115188471237
2020-07-16,-0.0032935518642267514,0.1945960886004165,0.5138849435218605,0.0001708909414795956,-0.0016925067137344826,3.417818829591912e-08,-0.0016925408919227784
2020-07-17,0.002899180120332856,0.1856505117502606,0.5386465087396111,0.024761565217750525,0.0015616332500245783,4.9523130435501055e-06,0.001556680936981028
2020-07-20,0.0080815682273927,0.1845714803553974,0.5417955136267385,0.003149004887127438,0.004378557408669758,6.298009774254876e-07,0.004377927607692332
2020-07-21,0.0021274471747643187,0.18575612717214848,0.5383402503182334,0.0034552633085050966,0.0011452904446014418,6.910526617010193e-07,0.0011445993919397407
2020-07-22,0.005692382735630996,0.18354325634426683,0.544830695454334,0.006490445136100642,0.0031013848446460805,1.2980890272201284e-06,0.00310008675561886
2020-07-23,-0.011931873654952185,0.18336740323695197,0.545353199285794,0.0005225038314599084,-0.006507085471202054,1.0450076629198168e-07,-0.006507189971968346
2020-07-24,-0.006440410732533541,0.18980373972705783,0.526860008890248,0.018493190395545978,-0.00339319485579947,3.698638079109196e-06,-0.0033968934938785793
2020-07-27,0.007292234670103648,0.16526102236986018,0.6051033605262127,0.07824335163596474,0.0044125557046254755,1.564867032719295e-05,0.004396907034298282
2020-07-28,-0.006342137933785019,0.16356004530437737,0.611396260094602,0.0062928995683892985,-0.0038775594137202673,1.2585799136778597e-06,-0.003878817993633945
2020-07-29,0.012298860726684957,0.13745381379328409,0.7275171000376124,0.11612083994301037,0.008947631489644323,2.3224167988602073e-05,0.00892440732165572
2020-07-30,-0.003568141441383621,0.13517576326012345,0.7397775872555385,0.012260487217926164,-0.002639631066493275,2.4520974435852328e-06,-0.00264208316393686
2020-07-31,0.007902223234226069,0.13232928719035272,0.7556906118307147,0.015913024575176182,0.005971635910695187,3.1826049150352365e-06,0.0059684533057801515
2020-08-03,0.006952031490165433,0.13275984704187216,0.7532397952255868,0.0024508166051279145,0.005236546776054042,4.90163321025583e-07,0.0052360566127330165
2020-08-04,0.0038626308805869147,0.1332753327944013,0.7503263950146435,0.002913400210943329,0.0028982339039030176,5.826800421886658e-07,0.002897651223860829
2020-08-05,0.006211107785606407,0.12488285668136083,0.8007504204932664,0.0504240254786229,0.004973547171053331,1.0084805095724582e-05,0.004963462365957606
2020-08-06,0.0066845461379563265,0.11733352679254477,0.8522713220476884,0.051520901554422016,0.005697046974284808,1.0304180310884404e-05,0.005686742793973924
2020-08-07,0.0007182140714054874,0.11687121089833705,0.8556427133024845,0.00337139125479613,0.0006145346367894156,6.74278250959226e-07,0.0006138603585384563
2020-08-10,0.002988363892806767,0.11312897377032696,0.8839468499291682,0.02830413662668363,0.002641554849488608,5.660827325336726e-06,0.002635894022163271
2020-08-11,-0.008254618578041772,0.11004711396746136,0.9087017041588925,0.024754854229724343,-0.007500985969048212,4.950970845944869e-06,-0.007505936939894157
2020-08-12,0.013942407362451448,0.1095309742315194,0.9129837536971647,0.004282049538272159,0.012729191409345909,8.564099076544319e-07,0.012728334999438254
2020-08-13,-0.0018075645880754054,0.1107411601140859,0.9030066137737738,0.009977139923390888,-0.0016322427778553581,1.9954279846781776e-06,-0.0016342382058400363
2020-08-14,2.981005387847624e-05,0.1091831377545349,0.9158923443363536,0.0128857305625798,2.7302800131550612e-05,2.5771461125159602e-06,2.4725654019034653e-05
2020-08-17,0.0031764961323346164,0.10767615627769163,0.9287107142096047,0.012818369873251134,0.0029500459917445286,2.563673974650227e-06,0.0029474823177698785
2020-08-18,0.002160058299802925,0.10769827880415282,0.9285199458187072,0.00019076839089748887,0.002005657215498261,3.815367817949778e-08,0.0020056190618200813
2020-08-19,-0.004163627793125624,0.10567072157625367,0.9463359245430951,0.017815978724387893,-0.003940190557060864,3.563195744877579e-06,-0.003943753752805742
2020-08-20,0.0031135688613634915,0.10786017359839986,0.9271262660148689,0.019209658528226203,0.002886671472416101,3.841931705645241e-06,0.0028828295407104555
2020-08-21,0.0035474735284004577,0.10704877878849767,0.9341535805613969,0.007027314546527941,0.0033138850985020597,1.4054629093055883e-06,0.0033124796355927543
2020-08-24,0.010133222078218429,0.09504481443101036,1.0521352542866653,0.11798167372526847,0.010661520188009598,2.3596334745053693e-05,0.010637923853264545
2020-08-25,0.003499085970210425,0.09294844019368306,1.0758652839318565,0.02373002964519122,0.0037645451208424144,4.746005929038244e-06,0.003759799114913376
2020-08-26,0.010025769572259868,0.09175746782402563,1.0898295514407839,0.01396426750892732,0.010926379955784632,2.792853501785464e-06,0.010923587102282847
2020-08-27,0.002186404837091871,0.08820045396700774,1.1337810124810244,0.0439514610402405,0.0024789042898914304,8.790292208048101e-06,0.0024701139976833824
2020-08-28,0.0064598540458471465,0.0826827646051823,1.2094419009512936,0.0756608884702692,0.007812818157077277,1.513217769405384e-05,0.007797685979383223
2020-08-31,-0.003623118197496389,0.07941710139967696,1.2591746391842848,0.04973273823299129,-0.004562138549054532,9.94654764659826e-06,-0.004572085096701131
2020-09-01,0.009418691190693718,0.0818758310081002,1.2213616493261208,0.03781298985816406,0.011503628207159083,7.562597971632812e-06,0.01149606560918745
2020-09-02,0.014464339469130172,0.08371373594248423,1.1945470940241552,0.026814555301965637,0.01727833467982834,5.362911060393127e-06,0.017272971768767947
2020-09-03,-0.03441450320132,0.09216411871159073,1.0850209539021374,0.10952614012201778,-0.03734045709156439,2.1905228024403556e-05,-0.03736236231958879
2020-09-04,-0.008164513762601633,0.16088889393381903,0.6215469418363618,0.46347401206577554,-0.005074628560725933,9.269480241315512e-05,-0.005167323363139088
2020-09-08,-0.027322958877182946,0.1635471480896559,0.6114444743798308,0.010102467456530984,-0.01670647222916086,2.0204934913061967e-06,-0.016708492722652166
2020-09-09,0.019747259032391273,0.1911327842638486,0.5231964803168218,0.0882479940630091,0.010331696421651682,1.764959881260182e-05,0.01031404682283908
2020-09-10,-0.01736372060835145,0.20301852580371743,0.49256588581813515,0.030630594498686603,-0.008552776422551242,6.126118899737321e-06,-0.00855890254145098
2020-09-11,0.0005092482499367001,0.21038484831122747,0.475319400625598,0.01724648519253713,0.00024205557292954704,3.4492970385074263e-06,0.0002386062758910396
2020-09-14,0.01317122000736659,0.20442302768437798,0.48918167944560786,0.013862278820009843,0.0064431195235511805,2.7724557640019687e-06,0.0064403470677871786
2020-09-15,0.005052409335330577,0.20964167658720742,0.47700438971829,0.012177289727317853,0.002410021431606353,2.4354579454635706e-06,0.0024075859736608896
2020-09-16,-0.003968769659973614,0.2102769711081619,0.4755632510445577,0.0014411386737323006,-0.001887401002144056,2.8822773474646014e-07,-0.0018876892298788023
2020-09-17,-0.008795131961700231,0.21061023475054325,0.4748107332886493,0.0007525177559083995,-0.004176023056105324,1.505035511816799e-07,-0.004176173559656505
2020-09-18,-0.011512577703781779,0.21274225169121697,0.4700523718492188,0.004758361439430536,-0.005411514455761058,9.516722878861073e-07,-0.005412466128048944
2020-09-21,-0.011129381909633529,0.21591945996363202,0.4631356526032592,0.006916719245959602,-0.005154413553789031,1.3833438491919204e-06,-0.005155796897638223
2020-09-22,0.01018390794155044,0.21840680421590752,0.45786119328564656,0.005274459317612612,0.004662816242429458,1.0548918635225224e-06,0.004661761350565935
2020-09-23,-0.023191002478215705,0.22146541730495947,0.4515377670108163,0.006323426274830235,-0.010471613473755827,1.264685254966047e-06,-0.010472878159010794
2020-09-24,0.002665439606233111,0.2302301058414166,0.4343480607565737,0.017189706254242654,0.0011577285240311171,3.437941250848531e-06,0.0011542905827802686
2020-09-25,0.016167342333748058,0.22996944310497822,0.4348403798775616,0.0004923191209879052,0.0070302132820175885,9.846382419758105e-08,0.007030114818193391
2020-09-28,0.016609239874907145,0.23515954262041827,0.42524321524733766,0.00959716463022392,0.007062966567219803,1.919432926044784e-06,0.007061047134293758
2020-09-29,-0.005445894191826395,0.24381736156439768,0.41014306511387516,0.015100150133462498,-0.0022335957361215276,3.0200300266924996e-06,-0.00223661576614822
2020-09-30,0.00758178889025829,0.24229978326732757,0.41271188381407153,0.0025688187001963736,0.0031290943755790976,5.137637400392747e-07,0.0031285806118390583
2020-10-01,0.006420193752046943,0.2445893102071123,0.4088486120481816,0.0038632717658899085,0.0026248873046048004,7.726543531779818e-07,0.0026241146502516224
2020-10-02,-0.009494674975282558,0.24308750540054555,0.4113744959257605,0.0025258838775788495,-0.0039058671319357943,5.051767755157699e-07,-0.00390637230871131
2020-10-05,0.01773303828362849,0.23692437819994988,0.4220756038688684,0.010701107943107913,0.007484682841992256,2.1402215886215827e-06,0.007482542620403634
2020-10-06,-0.014216013617498802,0.217862588483843,0.45900492000909165,0.03692931614022327,-0.006525220193348195,7.385863228044654e-06,-0.00653260605657624
2020-10-07,0.017406691338152314,0.22152207905363175,0.451422270986313,0.007582649022778665,0.0078577681342265,1.516529804555733e-06,0.007856251604421945
2020-10-08,0.008862361127268015,0.2077830713201933,0.481271161142383,0.029848890156070007,0.0042651988301833955,5.969778031214002e-06,0.004259229052152182
2020-10-09,0.00893034846648888,0.198862649877029,0.5028596373518966,0.021588476209513652,0.004490711791284664,4.317695241902731e-06,0.004486394096042762
2020-10-12,0.016087646886528084,0.18919131601369452,0.5285654865509871,0.02570584919909047,0.008503374904038189,5.1411698398180945e-06,0.008498233734198371
2020-10-13,-0.006525855192714647,0.19517062907763955,0.5123721764519171,0.01619331009906999,-0.0033436666283012486,3.2386620198139982e-06,-0.0033469052903210626
2020-10-14,-0.006283748114630505,0.19392490389828904,0.5156635274263105,0.00329135097439337,-0.0032402997182487945,6.582701948786741e-07,-0.0032409579884436733
2020-10-15,-0.0012358957711456897,0.19555537043340315,0.5113641204451362,0.004299406981174259,-0.000631992753973779,8.598813962348517e-07,-0.0006328526353700138
2020-10-16,-0.0006041803084519959,0.19484891595886192,0.5132181490869203,0.0018540286417840779,-0.00031007629961849793,3.708057283568156e-07,-0.00031044710534685477
2020-10-19,-0.015203451298442361,0.19144938481793386,0.5223312683668263,0.00911311927990599,-0.00794123800026867,1.822623855981198e-06,-0.007943060624124651
2020-10-20,0.004005796959906327,0.1950894520156428,0.5125853754101567,0.00974589295666961,0.002053312938510449,1.9491785913339223e-06,0.002051363759919115
2020-10-21,-0.0018926339245163293,0.18953234020493911,0.5276144424316778,0.01502906702152107,-0.0009985809928109613,3.005813404304214e-06,-0.0010015868062152654
2020-10-22,0.005484889396474291,0.1878949807039827,0.5322121944148366,0.004597751983158815,0.0029191250218202507,9.195503966317631e-07,0.002918205471423619
2020-10-23,0.0033953483249056227,0.16459968351849,0.6075345824633174,0.07532238804848079,0.0020627915268890615,1.5064477609696159e-05,0.0020477270492793654
2020-10-26,-0.018479878925622417,0.1645896282499389,0.6075716985528651,3.711608954770629e-05,-0.011227851427891707,7.4232179095412576e-09,-0.011227858851109617
2020-10-27,-0.0034474723625509407,0.17377341784988903,0.575462008155834,0.03210969039703104,-0.001983889368815302,6.421938079406209e-06,-0.0019903113068947082
2020-10-28,-0.03417904107451464,0.16561148831752234,0.6038228447550255,0.02836083659919142,-0.02063808581261229,5.672167319838284e-06,-0.020643757979932127
2020-10-29,0.01016376914876238,0.20427547030437423,0.48953503742274174,0.11428780733228372,0.0049755211105955,2.2857561466456744e-05,0.004952663549129043
2020-10-30,-0.010425096891635732,0.20579185467783356,0.4859278816285011,0.0036071557942406463,-0.005065845248324423,7.214311588481293e-07,-0.005066566679483271
2020-11-02,0.011208411686149944,0.20679897276485845,0.4835613961859732,0.002366485442527877,0.005419955203981845,4.732970885055754e-07,0.005419481906893339
2020-11-03,0.017655933944358493,0.20904296964661293,0.47837054826120184,0.005190847924771369,0.008446078801026336,1.038169584954274e-06,0.008445040631441383
2020-11-04,0.022349116793809465,0.20895867072020832,0.478563534383783,0.00019298612258117354,0.010695472323201418,3.859722451623471e-08,0.010695433725976903
2020-11-05,0.01950301955057765,0.21683248891465232,0.4611855008469746,0.01737803353680839,0.008994509839461491,3.475606707361678e-06,0.008991034232754129
2020-11-06,-0.00022843505682745846,0.21890638841980878,0.45681627074411607,0.004369230102858557,-0.00010435285076713981,8.738460205717114e-07,-0.00010522669678771153
2020-11-09,0.012565667697907124,0.21725985821469174,0.4602783082974401,0.0034620375533240266,0.00578370427062048,6.924075106648053e-07,0.005783011863109815
2020-11-10,-0.00146664351811987,0.21929450329731912,0.45600778175648193,0.004270526540958164,-0.0006688008573253646,8.541053081916328e-07,-0.0006696549626335562
2020-11-11,0.0074286390850288875,0.2125441237303079,0.47049054212803165,0.014482760371549719,0.003495104430388726,2.896552074309944e-06,0.003492207878314416
2020-11-12,-0.009700963609310054,0.2123921064413023,0.4708272905030794,0.00033674837504776844,-0.004567478411440427,6.734967500955369e-08,-0.004567545761115436
2020-11-13,0.013844375919104479,0.21418439273415504,0.4668874268729733,0.003939863630106122,0.006463765049532845,7.879727260212244e-07,0.006462977076806823
2020-11-16,0.012482457661971536,0.2186972537193393,0.45725311269035407,0.00963431418261923,0.005707642619962044,1.9268628365238463e-06,0.00570571575712552
2020-11-17,-0.0053781128884812235,0.2217705862872905,0.450916425275875,0.00633668741447907,-0.002425079438404064,1.267337482895814e-06,-0.00242634677588696
2020-11-18,-0.012034615995729747,0.21458091123290415,0.4660246777098496,0.015108252433974623,-0.005608428040771756,3.0216504867949247e-06,-0.005611449691258551
2020-11-19,0.004209988801526121,0.22038562179602578,0.45375010939939325,0.012274568310456369,0.001910282879262698,2.454913662091274e-06,0.0019078279656006066
2020-11-20,-0.006847930011812053,0.22009354956580493,0.45435225247299393,0.0006021430736006805,-0.0031113724256442224,1.204286147201361e-07,-0.0031114928542589427
2020-11-23,0.005994496143343353,0.2218715203825862,0.4507112937593977,0.0036409587135962096,0.0027017871122020027,7.281917427192419e-07,0.0027010589204592836
2020-11-24,0.016113645001198496,0.22232564452523212,0.4497906672599383,0.0009206264994593982,0.007247767137078841,1.8412529989187965e-07,0.007247583011778949
2020-11-25,-0.0015415388563387866,0.2149821159409367,0.4651549714371292,0.015364304177190868,-0.0007170544626894931,3.0728608354381737e-06,-0.0007201273235249313
2020-11-27,0.0027848604939522126,0.2143260461956116,0.4665788492581614,0.0014238778210322045,0.0012993570046127383,2.847755642064409e-07,0.0012990722290485317
2020-11-30,-0.004427211175522583,0.16526655407290525,0.6050831068691992,0.1385042576110378,-0.002678830692851244,2.770085152220756e-05,-0.0027065315443734516
2020-12-01,0.010937474218153165,0.16743227348074408,0.5972564184974812,0.00782668837171796,0.006532476678942698,1.565337674343592e-06,0.006530911341268354
2020-12-02,0.00210398721448124,0.1596422860022199,0.6264004513103092,0.029144032812827958,0.001317938540702169,5.828806562565592e-06,0.0013121097341396034
2020-12-03,-0.0002726597090747518,0.1586509978382582,0.6303143463487584,0.003913895038449189,-0.0001718613263010948,7.827790076898378e-07,-0.00017264410530878465
2020-12-04,0.008617406572603015,0.15276910864776638,0.6545825977853023,0.024268251436543875,0.005640804380466619,4.853650287308775e-06,0.005635950730179311
2020-12-07,-0.002054712613315246,0.13901235132190962,0.7193605391828164,0.06477794139751414,-0.001478079173380189,1.2955588279502828e-05,-0.001491034761659692
2020-12-08,0.0029259277674380524,0.12742949395541173,0.7847476820004523,0.06538714281763591,0.00229611503319777,1.3077428563527184e-05,0.0022830376046342428
2020-12-09,-0.008968935337942296,0.12703703191555404,0.7871720433965547,0.002424361396102359,-0.007060095157059606,4.848722792204718e-07,-0.007060580029338827
2020-12-10,-0.0003269583061580317,0.12782299973180583,0.7823318198588426,0.004840223537712074,-0.00025578988667457754,9.680447075424149e-07,-0.00025675793138211996
2020-12-11,-0.001172628797239672,0.12753297206508135,0.7841109509230993,0.001779131064256756,-0.0009194710812834095,3.5582621285135123e-07,-0.0009198269074962609
2020-12-14,-0.004477061614517441,0.12614556729651943,0.7927349501305796,0.008623999207480249,-0.003549123215716016,1.7247998414960497e-06,-0.0035508480155575124
2020-12-15,0.01351919377405486,0.1216225904302591,0.8222156726495813,0.02948072251900169,0.011115693002614549,5.896144503800338e-06,0.011109796858110749
2020-12-16,0.0015694461151922745,0.12121287606708227,0.8249948623004166,0.0027791896508353453,0.0012947849816909744,5.558379301670691e-07,0.0012942291437608073
2020-12-17,0.005592076079198094,0.11450075236172959,0.8733567067234724,0.0483618444230558,0.004883877148275555,9.67236888461116e-06,0.004874204779390944
2020-12-18,-0.003992863546674719,0.11308286180033784,0.8843072982762207,0.010950591552748246,-0.0035309183753455286,2.190118310549649e-06,-0.0035331084936560783
2020-12-21,-0.0035756763205031517,0.10398927707227258,0.9616376112558218,0.07733031297960113,-0.003438504835472657,1.546606259592023e-05,-0.003453970898068577
2020-12-22,-0.0016853879881261191,0.10531646653074482,0.9495191330864411,0.01211847816938072,-0.0016003081413998137,2.423695633876144e-06,-0.0016027318370336898
2020-12-23,0.0008987085963776398,0.10158321844791901,0.984414566971702,0.03489543388526095,0.0008847018337368404,6.97908677705219e-06,0.0008777227469597882
2020-12-24,0.0038903408333426093,0.10045538815649412,0.9954667622628197,0.011052195291117672,0.003872704993466407,2.2104390582235346e-06,0.0038704945544081834
2020-12-28,0.00859097622397842,0.08601421944628967,1.1625984708545027,0.16713170859168303,0.009987855821144701,3.3426341718336605e-05,0.009954429479426364
2020-12-29,-0.0019078374286547461,0.08938391485155657,1.118769525435018,0.04382894541948468,-0.0021344303746632354,8.765789083896936e-06,-0.002143196163747132
2020-12-30,0.0014266233901822911,0.08997796435309989,1.111383222758527,0.007386302676491097,0.0015855253010434902,1.4772605352982195e-06,0.001584048040508192
2020-12-31,0.005080870544928118,0.08759586630836058,1.1416063818351154,0.030223159076588457,0.005800354239368,6.044631815317692e-06,0.005794309607552683
2021-01-04,-0.013613848222061464,0.0818092685553795,1.2223553854696376,0.0807490036345222,-0.01664096069120308,1.614980072690444e-05,-0.016657110491929986
2021-01-05,0.006887280908056681,0.09648966888325332,1.036380383074938,0.18597500239469955,0.0071378428258364905,3.719500047893991e-05,0.00710064782535755
2021-01-06,0.005978533324081159,0.09894329936511749,1.0106798605025602,0.02570052257237787,0.006042383225992253,5.1401045144755745e-06,0.006037243121477777
2021-01-07,0.014857551199858099,0.09672034512772906,1.0339086349199833,0.023228774417423104,0.015361350479299048,4.645754883484621e-06,0.015356704724415563
2021-01-08,0.005697778462862013,0.10777497688359433,0.9278591644515783,0.10604947046840496,0.005286735963781346,2.1209894093680992e-05,0.005265526069687665
2021-01-11,-0.0067410647208245855,0.10866120597742285,0.9202916450308638,0.007567519420714541,-0.0062037455411871785,1.5135038841429083e-06,-0.006205259045071321
2021-01-12,0.0002114180684684719,0.10616810947976775,0.9419024271036569,0.0216107820727931,0.00019913519182402078,4.32215641455862e-06,0.00019481303540946215
2021-01-13,0.0026928413319993183,0.10605249386044126,0.9429292641773613,0.0010268370737044341,0.0025391588957285028,2.0536741474088684e-07,0.0025389535283137617
2021-01-14,-0.003501919058913394,0.1055481956241568,0.9474344815527385,0.004505217375377124,-0.0033178388680212656,9.010434750754249e-07,-0.003318739911496341
2021-01-15,-0.007292623825714828,0.10485206278292795,0.9537246797616845,0.006290198208946052,-0.006955155322802305,1.2580396417892104e-06,-0.0069564133624440945
2021-01-19,0.007852092090600005,0.10073273694271502,0.9927259303682803,0.03900125060659576,0.007794975425978305,7.800250121319152e-06,0.007787175175856986
2021-01-20,0.0138386665023289,0.10349117621855353,0.966265952846252,0.026459977522028222,0.013371832273994345,5.291995504405645e-06,0.013366540278489939
2021-01-21,0.0009116970587088602,0.1114360736457362,0.8973754793076042,0.06889047353864786,0.0008181345850421964,1.3778094707729571e-05,0.0008043564903344668
2021-01-22,-0.003539369898240219,0.1095613022559432,0.9127310276615069,0.015355548353902737,-0.003230492724494998,3.0711096707805475e-06,-0.0032335638341657786
2021-01-25,0.003943625943534146,0.1095383902711699,0.9129219422746951,0.0001909146131882089,0.0036002226559760696,3.8182922637641784e-08,0.003600184473053432
2021-01-26,-0.001560839790803903,0.10893125857013168,0.9180101406394604,0.005088198364765262,-0.0014328667558715568,1.0176396729530524e-06,-0.00143388439554451
2021-01-27,-0.024440516239441545,0.10963190836640407,0.912143202559122,0.005866938080338446,-0.02229325075484244,1.1733876160676894e-06,-0.022294424142458507
2021-01-28,0.00859982877414267,0.14268535099095808,0.700842793639951,0.211300408919171,0.006027128022895384,4.2260081783834206e-05,0.005984867941111549
2021-01-29,-0.020019512721563437,0.1426914977930842,0.7008126030396653,3.0190600285640024e-05,-0.014029926821984567,6.038120057128005e-09,-0.014029932860104625
2021-02-01,0.01664577101234399,0.15969441839632612,0.6261959622898164,0.07461664074984886,0.010423514597130677,1.4923328149969773e-05,0.010408591268980708
2021-02-02,0.014140219563537393,0.169937615146052,0.5884512379090147,0.037744724380801786,0.008320829706468845,7.548944876160357e-06,0.008313280761592686
2021-02-03,0.0007860996630693062,0.17574934551086135,0.5689921615885618,0.01945907632045285,0.0004472845465138447,3.89181526409057e-06,0.00044339273124975413
2021-02-04,0.011365908437357852,0.16752199176120172,0.5969365511278509,0.027944389539289127,0.006784726183031338,5.588877907857825e-06,0.0067791373051234805
2021-02-05,0.003935953126337655,0.1699659623946476,0.5883530948850092,0.008583456242841736,0.0023157302032030865,1.7166912485683473e-06,0.002314013511954518
2021-02-08,0.007221800303696568,0.16949881792581,0.589974615892426,0.0016215210074167485,0.004260678860225188,3.243042014833497e-07,0.0042603545560237046
2021-02-09,-0.0006660586798201695,0.16408018480415698,0.6094581141492382,0.01948349825681228,-0.0004059348669159318,3.896699651362456e-06,-0.0004098315665672942
2021-02-10,-0.0004354921650993049,0.1634911374490906,0.6116539499343745,0.0021958357851362686,-0.0002663705029484626,4.3916715702725375e-07,-0.00026680967010548983
2021-02-11,0.0016152499955555122,0.16109255311714232,0.6207611591287066,0.009107209194332055,0.0010026844595236778,1.8214418388664111e-06,0.0010008630176848114
2021-02-12,0.0049398036090748665,0.16102869065177486,0.6210073471705138,0.0002461880418072049,0.0030676543348149123,4.923760836144098e-08,0.0030676050972065507
2021-02-16,-0.0008658497121284414,0.16142108908949865,0.6194977407478387,0.0015096064226750583,-0.000536391940490736,3.019212845350117e-07,-0.000536693861775271
2021-02-17,0.00022930049859670731,0.16062035109289854,0.6225861126536989,0.003088371905860199,0.00014275930605087896,6.176743811720398e-07,0.00014214163166970692
2021-02-18,-0.00425637272815671,0.15735867757226654,0.6354908514916521,0.012904738837953178,-0.0027048859292821536,2.5809477675906355e-06,-0.0027074668770497444
2021-02-19,-0.0017656971749013817,0.15739048896865335,0.6353624075716322,0.0001284439200198717,-0.0011218576080877713,2.568878400397434e-08,-0.0011218832968717754
2021-02-22,-0.007691516243342744,0.15119011355657555,0.6614189092634014,0.026056501691769207,-0.005087314284253493,5.211300338353842e-06,-0.005092525584591847
2021-02-23,0.001214254063832021,0.15402035113619333,0.6492648488482828,0.012154060415118573,0.0007883724812173102,2.4308120830237148e-06,0.0007859416691342865
2021-02-24,0.011019186780809598,0.1533713504927379,0.652012254431671,0.0027474055833881517,0.007184644814959333,5.494811166776304e-07,0.0071840953338426555
2021-02-25,-0.024095793248620878,0.1572159778413725,0.6360676654690773,0.015944588962593653,-0.015326554959275837,3.188917792518731e-06,-0.015329743877068355
2021-02-26,-0.005152607086803318,0.1795502008477689,0.5569473023579891,0.07912036311108828,-0.002869730617105765,1.5824072622217657e-05,-0.0028855546897279824
2021-03-01,0.024240288132573395,0.15773876911788715,0.6339595557846931,0.07701225342670404,0.015367362296619197,1.540245068534081e-05,0.015351959845933856
2021-03-02,-0.007803070458535677,0.17576090249962967,0.5689547480572974,0.0650048077273957,-0.004439593986809506,1.300096154547914e-05,-0.0044525949483549855
2021-03-03,-0.013246016829286833,0.16138355177150068,0.6196418340178046,0.050687085960507194,-0.008207786161529998,1.013741719210144e-05,-0.008217923578722098
2021-03-04,-0.012374649490773937,0.16071292136221613,0.6222275044992752,0.0025856704814706255,-0.007699847271697494,5.171340962941251e-07,-0.007700364405793788
2021-03-05,0.018396570754621866,0.15901455679416202,0.6288732429034533,0.0066457384041780365,0.011569111108761881,1.3291476808356074e-06,0.011567781961081046
2021-03-08,-0.004978795463046359,0.17206128301170995,0.5811882734432146,0.0476849694602387,-0.0028936175389948234,9.53699389204774e-06,-0.002903154532886871
2021-03-09,0.014277722965490902,0.16805851903958824,0.5950308295674305,0.013842556124215921,0.008495685340490005,2.7685112248431843e-06,0.008492916829265161
2021-03-10,0.006224420031758271,0.17516677677766213,0.5708845126888945,0.024146316878535967,0.003553424996601314,4.829263375707194e-06,0.003548595733225607
2021-03-11,0.010139250396020927,0.1746814573980582,0.5724706072959043,0.0015860946070097581,0.005804422831735338,3.1721892140195163e-07,0.005804105612813936
2021-03-12,0.0013466151928493986,0.17818120395113682,0.561226424462949,0.011244182832955252,0.0007557560298103525,2.2488365665910505e-06,0.0007535071932437615
2021-03-15,0.005963628065707827,0.17817547621884014,0.5612444659734047,1.8041510455701903e-05,0.0033470532490021978,3.608302091140381e-09,0.0033470496407001066
2021-03-16,-0.0012613842958898447,0.17913918820352978,0.5582251488512081,0.0030193171221966075,-0.0007041364363316849,6.038634244393215e-07,-0.0007047402997561243
2021-03-17,0.0034100555713374447,0.17859911703087203,0.5599131824527125,0.0016880336015043795,0.0019093350672881515,3.3760672030087593e-07,0.0019089974605678505
2021-03-18,-0.014549669667523135,0.17881469938273806,0.5592381406293578,0.0006750418233546496,-0.008136730211637005,1.350083646709299e-07,-0.008136865220001675
2021-03-19,-0.001850335868702091,0.18642875636251122,0.5363979353354144,0.022840205293943483,-0.000992516339648862,4.568041058788697e-06,-0.0009970843807076506
2021-03-22,0.007984735196177484,0.18592955861724564,0.5378380970927806,0.0014401617573662762,0.0042944947837018485,2.880323514732552e-07,0.004294206751350375
2021-03-23,-0.007870584076893006,0.18777563583896636,0.5325504533812818,0.005287643711498813,-0.004191483118524868,1.0575287422997625e-06,-0.004192540647267168
2021-03-24,-0.005083381125913333,0.18787546853905165,0.5322674683268406,0.00028298505444124267,-0.0027057184024303345,5.6597010888248535e-08,-0.0027057749994412227
2021-03-25,0.005625522000967109,0.1888486058869823,0.529524692704619,0.0027427756222215827,0.002978852808865182,5.485551244443165e-07,0.002978304253740738
2021-03-26,0.016114960061876182,0.18586505348695653,0.5380247557242799,0.008500063019660886,0.008670247450797459,1.7000126039321772e-06,0.008668547438193527
2021-03-29,-0.0005051402947335859,0.1719414656848957,0.5815932742091575,0.04356851848487764,-0.00029378619794908506,8.713703696975529e-06,-0.00030249990164606057
2021-03-30,-0.0026530371535286035,0.17029096977714328,0.5872301985881471,0.00563692437898955,-0.0015579435345283341,1.12738487579791e-06,-0.0015590709194041321
2021-03-31,0.004053255999466154,0.15058732473871594,0.6640665153824201,0.07683631679427305,0.0026916315875183776,1.5367263358854612e-05,0.002676264324159523
2021-04-01,0.010799185876625872,0.14760004178975325,0.6775065832463893,0.01344006786396923,0.0073165195251154586,2.688013572793846e-06,0.007313831511542665
2021-04-05,0.014352937039749047,0.14091151934801543,0.7096651889262905,0.03215860567990114,0.010185779775960661,6.431721135980229e-06,0.01017934805482468
2021-04-06,-0.0005903460880763989,0.13559898627589054,0.7374686400423333,0.027803451116042766,-0.0004353617267280134,5.560690223208554e-06,-0.0004409224169512219
2021-04-07,0.0011574327079399982,0.12542809226268803,0.7972695605587848,0.05980092051645158,0.0009227858664356867,1.1960184103290317e-05,0.0009108256823323964
2021-04-08,0.0047466026578009135,0.12233298477682654,0.8174410211802741,0.020171460621489223,0.003880067723729782,4.034292124297845e-06,0.003876033431605484
2021-04-09,0.007270101736678747,0.11573014377400816,0.8640791131762079,0.04663809199593383,0.00628194306133018,9.327618399186766e-06,0.006272615442930994
2021-04-12,0.00036469477531153593,0.11618256187059708,0.8607143653053455,0.0033647478708623835,0.00031389803206244423,6.729495741724768e-07,0.00031322508248827173
2021-04-13,0.002963606687055309,0.11329057514137233,0.8826859593149089,0.02197159400956339,0.0026159340115954944,4.394318801912678e-06,0.0026115396927935816
2021-04-14,-0.003415136542778252,0.11325308517631508,0.8829781532601751,0.0002921939452662503,-0.00301549095767368,5.843878905325006e-08,-0.003015549396462733
2021-04-15,0.010742383201741923,0.11419296364051428,0.8757106989079073,0.0072674543522678325,0.009407219901533983,1.4534908704535665e-06,0.009405766410663529
2021-04-16,0.003342525218605674,0.11745657688336854,0.8513784638837,0.024332235024207338,0.0028457539861090272,4.8664470048414675e-06,0.0028408875391041856
2021-04-19,-0.004913040617787412,0.11745041290972076,0.8514231455011217,4.4681617421771236e-05,-0.004183076496771332,8.936323484354248e-09,-0.0041830854330948165
2021-04-20,-0.00732164515788758,0.10374389388330756,0.9639121519043933,0.11248900640327153,-0.007057422739619798,2.2497801280654307e-05,-0.007079920540900453
2021-04-21,0.009462208035052155,0.10857432599327206,0.9210280523058152,0.042884099598578085,0.008714959037036521,8.576819919715617e-06,0.008706382217116806
2021-04-22,-0.00913321785686172,0.10959250318609914,0.9124711736001677,0.008556878705647475,-0.008333798016596622,1.711375741129495e-06,-0.00833550939233775
2021-04-23,0.010842432327567098,0.11121569389169061,0.8991536760754897,0.013317497524678035,0.009749012884931683,2.663499504935607e-06,0.009746349385426747
2021-04-26,0.0020875763307188766,0.11079619252553229,0.902558090856377,0.003404414780887266,0.0018841589075705898,6.808829561774532e-07,0.0018834780246144123
2021-04-27,-0.00021556309032755294,0.11061498559079486,0.9040366408393927,0.0014785499830157756,-0.00019487693206867956,2.9570999660315515e-07,-0.00019517264206528272
2021-04-28,-0.0002870871210159942,0.10085313425123187,0.9915408256018435,0.08750418476245081,-0.00028465860099185526,1.7500836952490164e-05,-0.0003021594379443454
2021-04-29,0.00637274703547841,0.1007728475162823,0.992330796089121,0.0007899704872774693,0.006323873138990877,1.5799409745549386e-07,0.006323715144893422
2021-04-30,-0.00657048382568548,0.09974050300032071,1.002601721385729,0.010270925296608002,-0.006587578393969353,2.0541850593216005e-06,-0.006589632579028675
2021-05-03,0.0021566037196703025,0.10495951517670804,0.9527483033019133,0.049853418083815715,0.002054700534810476,9.970683616763144e-06,0.0020447298511937126
2021-05-04,-0.006169346436869172,0.10050243999150793,0.9950007184745925,0.04225241517267919,-0.006138504137203493,8.450483034535839e-06,-0.006146954620238029
2021-05-05,0.0003126758161060561,0.09381418271686255,1.06593690958015,0.0709361911055576,0.0003332926931205408,1.4187238221111521e-05,0.00031910545489942924
2021-05-06,0.007985672624771123,0.09366239772723034,1.0676643180887428,0.0017274085085927648,0.008526017717406202,3.45481701718553e-07,0.008525672235704483
2021-05-07,0.00727812699505348,0.09662464538958047,1.0349326468087976,0.03273167127994525,0.007532371234801259,6.5463342559890505e-06,0.00752582490054527
2021-05-10,-0.00990238546144584,0.0980968949161721,1.019400258137163,0.015532388671634534,-0.01009449429557158,3.106477734326907e-06,-0.010097600773305907
2021-05-11,-0.008924772716655593,0.10343530334982391,0.9667879027897707,0.05261235534739239,-0.008628362297610825,1.052247106947848e-05,-0.008638884768680305
2021-05-12,-0.021245436947044838,0.10875289200269582,0.9195157770840812,0.047272125705689505,-0.019535514463852783,9.454425141137902e-06,-0.01954496888899392
2021-05-13,0.012012680770183914,0.13132626025156593,0.7614623290760129,0.1580534480080683,0.009147203877710876,3.1610689601613664e-05,0.009115593188109263
2021-05-14,0.015355247135298233,0.13820029637371783,0.7235874496939028,0.037874879382110094,0.011110864114050056,7.574975876422019e-06,0.011103289138173633
2021-05-17,-0.002544318961581249,0.143579099771229,0.6964801991329829,0.027107250560919893,-0.0017720677770199323,5.421450112183979e-06,-0.0017774892271321162
2021-05-18,-0.00861582955376572,0.14336247549182252,0.6975325981009868,0.0010523989680039092,-0.006009821973433468,2.1047979360078184e-07,-0.006010032453227069
2021-05-19,-0.0026218842162569755,0.1454676210997507,0.6874382027009815,0.01009439540000523,-0.001802383373313767,2.018879080001046e-06,-0.0018044022523937679
2021-05-20,0.010758130549971545,0.14352208843263828,0.6967568622507521,0.009318659549770514,0.0074958012856821314,1.8637319099541029e-06,0.007493937553772177
2021-05-21,-0.0008188132036232032,0.14467698277278718,0.6911949508723745,0.005561911378377582,-0.0005659595520519915,1.1123822756755165e-06,-0.0005670719343276669
2021-05-24,0.010194288810866814,0.14091849460264533,0.7096300615612935,0.01843511068891901,0.0072341737964290226,3.687022137783802e-06,0.007230486774291239
2021-05-25,-0.0022185699336414455,0.14032678689737743,0.7126223168861633,0.002992255324869797,-0.0015810024462855484,5.984510649739595e-07,-0.0015816008973505223
2021-05-26,0.0019843753255401886,0.14043390693729438,0.7120787435234665,0.0005435733626968364,0.0014130314884896271,1.0871467253936729e-07,0.0014129227738170877
2021-05-27,0.0005249919543184323,0.14057652226381964,0.7113563373856285,0.0007224061378379165,0.0003734563537808832,1.4448122756758332e-07,0.0003733118725533156
2021-05-28,0.0017888488059458751,0.14056820464161715,0.7113984293599893,4.2091974360780604e-05,0.001272584230912388,8.418394872156121e-09,0.0012725758125175157
2021-06-01,-0.0008808948300481623,0.1389409823385568,0.7197300488082811,0.00833161944829175,-0.0006340064790255263,1.66632388965835e-06,-0.0006356728029151846
2021-06-02,0.0015724117302040597,0.1369163201312443,0.7303731206341413,0.010643071825860217,0.0011484472623108685,2.1286143651720436e-06,0.0011463186479456963
2021-06-03,-0.0037112352094974543,0.136831716058138,0.7308247157955056,0.00045159516136428213,-0.0027122624172312504,9.031903227285643e-08,-0.002712352736263523
2021-06-04,0.009145988252438508,0.1356321753320506,0.737288182211802,0.0064634664162964706,0.006743229053170883,1.2926932832592942e-06,0.0067419363598876245
2021-06-07,-0.0009703623223457081,0.1389755895388288,0.7195508242262985,0.017737357985503577,-0.0006982250088419993,3.5474715971007157e-06,-0.0007017724804391
2021-06-08,0.00021322461257589076,0.13659573433332947,0.7320872828720533,0.012536458645754811,0.00015609902726213012,2.5072917291509625e-06,0.00015359173553297916
2021-06-09,-0.00149194379827855,0.13427869531888306,0.7447197767488095,0.012632493876756246,-0.0011110800523757725,2.526498775351249e-06,-0.0011136065511511237
2021-06-10,0.0046485469182915296,0.12949823769564897,0.7722112808594608,0.027491504110651266,0.003589660369909201,5.4983008221302535e-06,0.003584162069087071
2021-06-11,0.0016523643999029058,0.12559092495755564,0.7962358747958559,0.02402459393639511,0.0013156718134382196,4.804918787279023e-06,0.0013108668946509405
2021-06-14,0.0022390213374463563,0.09576789755373108,1.0441912431448594,0.24795536834900356,0.0023379664737759767,4.9591073669800715e-05,0.002288375400106176
2021-06-15,-0.0018342977159481189,0.08887263096998463,1.1252058019276314,0.08101455878277197,-0.002063962432447426,1.6202911756554396e-05,-0.00208016534420398
2021-06-16,-0.005583234029620798,0.07442691127687878,1.3436000269846704,0.21839422505703898,-0.0075016333928602345,4.36788450114078e-05,-0.007545312237871643
2021-06-17,-0.0003316938262651892,0.07690493663131796,1.3003066432444994,0.043293383740171,-0.0004313036858158123,8.6586767480342e-06,-0.0004399623625638465
2021-06-18,-0.013490381996013823,0.06914073695080207,1.4463253417613442,0.1460186985168448,-0.019511481350875777,2.920373970336896e-05,-0.019540685090579147
2021-06-21,0.014315987022295529,0.0850436611120733,1.1758665924344056,0.2704587493269386,0.016833690877241816,5.409174986538772e-05,0.016779599127376428
2021-06-22,0.005346315728223194,0.09105880400641635,1.098191449922334,0.07767514251207164,0.005871278221320009,1.553502850241433e-05,0.005855743192817594
2021-06-23,-0.001205340881730077,0.092169469955537,1.0849579589449792,0.013233490977354823,-0.0013077441828748058,2.6466981954709646e-06,-0.0013103908810702767
2021-06-24,0.005915608071088929,0.08626874036544388,1.1591684262038486,0.07421046725886948,0.006857186097802939,1.4842093451773898e-05,0.006842344004351165
2021-06-25,0.0035520109525202237,0.0875623593147691,1.1420432339028244,0.017125192301024272,0.0040565500750744474,3.4250384602048545e-06,0.004053125036614242
2021-06-28,0.0020160963182918046,0.08796425556099317,1.1368253998427966,0.005217834060027737,0.002291949503163671,1.0435668120055476e-06,0.0022909059363516657
2021-06-29,0.0005378221251666204,0.08801021473797534,1.136231746482164,0.0005936533606325511,0.0006110905725748182,1.1873067212651023e-07,0.0006109718419026916
2021-06-30,0.0008419136817081618,0.08799188867928036,1.136468389313562,0.00023664283139801512,0.0009568082857919257,4.732856627960303e-08,0.000956760957225646
2021-07-01,0.005536486638426208,0.08772214348169544,1.1399630245112118,0.003494635197649698,0.006311390053506252,6.989270395299396e-07,0.006310691126466722
2021-07-02,0.007643635348504096,0.08904833651028768,1.1229856044357112,0.016977420075500627,0.008583692461926041,3.3954840151001253e-06,0.008580296977910941
2021-07-06,-0.001821637884105498,0.08967881688542975,1.1150905361269006,0.007895068308810593,-0.0020312911648162728,1.5790136617621187e-06,-0.002032870178478035
2021-07-07,0.0035341533508350675,0.0864132905900097,1.1572293951222485,0.04213885899534797,0.004089826144456133,8.427771799069595e-06,0.004081398372657064
2021-07-08,-0.00814804833063687,0.08631745011415147,1.1585142965617485,0.001284901439499997,-0.009439630480118902,2.569802878999994e-07,-0.009439887460406802
2021-07-09,0.010674872760411569,0.09256420924820596,1.0803311648442366,0.0781831317175119,0.011532397723819442,1.563662634350238e-05,0.01151676109747594
2021-07-12,0.0035818853585263266,0.09766534001161363,1.023904693191144,0.05642647165309267,0.0036675092290677494,1.1285294330618534e-05,0.0036562239347371307
2021-07-13,-0.0034089339439113964,0.09733113959251816,1.0274204167202312,0.0035157235290872446,-0.003502408333225188,7.03144705817449e-07,-0.0035031114779310057
2021-07-14,0.001492237359815629,0.09890609227028402,1.0110600641942928,0.01636035252593837,0.001508741600808312,3.272070505187674e-06,0.0015054695303031243
2021-07-15,-0.003415647488772322,0.09886241377431652,1.0115067615917246,0.0004466973974317501,-0.003454950530106998,8.933947948635002e-08,-0.003455039869586484
2021-07-16,-0.007843394085489619,0.09966055687966928,1.003405992610904,0.008100768980820572,-0.007870108627789205,1.6201537961641144e-06,-0.007871728781585369
2021-07-19,-0.014768044600646846,0.10191338841190738,0.9812253478986102,0.022180644712293862,-0.014490779701051892,4.4361289424587725e-06,-0.014495215829994352
2021-07-20,0.014330406251251038,0.11595951348579896,0.8623699513213856,0.11885539657722455,0.012358111741307038,2.377107931544491e-05,0.012334340661991593
2021-07-21,0.008096345642035985,0.11363623080279966,0.8800010286643218,0.01763107734293623,0.007124792493413566,3.5262154685872463e-06,0.007121266277944978
2021-07-22,0.002094147207954089,0.10687603680496091,0.9356634376561974,0.05566240899187558,0.0019594169755524507,1.1132481798375116e-05,0.0019482844937540756
2021-07-23,0.01028801647222366,0.10600963006104587,0.9433105270003753,0.007647089344177904,0.009704794240201842,1.529417868835581e-06,0.009703264822333007
2021-07-26,0.0024547271904789003,0.10986751628985306,0.9101871360792346,0.033123390921140694,0.002234261111357816,6.624678184228139e-06,0.002227636433173588
2021-07-27,-0.004557452322256461,0.1089395805335045,0.9179400132649206,0.007752877185685958,-0.004183467845146339,1.5505754371371916e-06,-0.0041850184205834765
2021-07-28,-0.0004101862141284718,0.11087735474927278,0.9018974183333489,0.016042594931571674,-0.00036994588755839895,3.208518986314335e-06,-0.0003731544065447133
2021-07-29,0.004147296667653233,0.11102279238742202,0.9007159507485888,0.0011814675847601208,0.0037355362610417358,2.3629351695202417e-07,0.003735299967524784
2021-07-30,-0.004856418543413787,0.11142498786828588,0.8974647600429518,0.0032511907056369527,-0.004358464502732996,6.502381411273906e-07,-0.004359114740874123
2021-08-02,-0.0020978723654572207,0.11354191555865228,0.8807320143224382,0.016732745720513642,-0.0018476633542205162,3.3465491441027286e-06,-0.001851009903364619
2021-08-03,0.008135581787370061,0.11292386653079266,0.8855523909352812,0.004820376612842958,0.007204483903455085,9.640753225685917e-07,0.007203519828132517
2021-08-04,-0.004919081261283265,0.11331116730873923,0.8825255477911523,0.0030268431441288213,-0.004341214884743205,6.053686288257642e-07,-0.004341820253372031
2021-08-05,0.006332920094199723,0.1147248593974449,0.8716506651236494,0.010874882667502916,0.0055200940122841135,2.1749765335005836e-06,0.005517919035750613
2021-08-06,0.0016523355842941179,0.11600289834748949,0.8620474266121143,0.009603238511535106,0.0014243916383403685,1.9206477023070214e-06,0.0014224709906380615
2021-08-09,-0.000813330353139019,0.11133104897973459,0.8982220226650595,0.03617459605294515,-0.0007305512348914167,7.234919210589031e-06,-0.0007377861541020057
2021-08-10,0.0012436610397406067,0.10611415020727133,0.942381386503792,0.044159363838732535,0.0011720030149715004,8.831872767746507e-06,0.001163171142203754
2021-08-11,0.0024850438948693654,0.10563284822602279,0.9466752215752986,0.004293835071506602,0.0023525294797997996,8.587670143013205e-07,0.0023516707127854983
2021-08-12,0.0029970132139933714,0.10476470398200674,0.9545199499363348,0.007844728361036224,0.0028607089029794868,1.5689456722072448e-06,0.0028591399573072796
2021-08-13,0.00181991824929284,0.10499982831682288,0.9523825096005246,0.0021374403358102034,0.0017332583095293083,4.274880671620407e-07,0.0017328308214621462
2021-08-16,0.0023545882838802434,0.10379777049345919,0.963411829797457,0.011029320196932368,0.0022684382069927196,2.2058640393864736e-06,0.0022662323429533332
2021-08-17,-0.006555313153084108,0.09843995209127789,1.0158477109708015,0.05243588117334452,-0.006659199861257278,1.0487176234668905e-05,-0.006669687037491948
2021-08-18,-0.010945013446050145,0.08419334944622138,1.187742270116895,0.17189455914609342,-0.012999855116871538,3.4378911829218686e-05,-0.013034234028700756
2021-08-19,0.0015485135741772904,0.08347664961999006,1.1979397886142895,0.010197518497394586,0.0018550260237163011,2.0395036994789176e-06,0.0018529865200168222
2021-08-20,0.007956932543081274,0.07934590951605766,1.2603044140512683,0.06236462543697874,0.010028157206353513,1.2472925087395749e-05,0.010015684281266118
2021-08-23,0.008796586621260927,0.08324903838570973,1.2012150763433407,0.05908933770792757,0.010566592469818753,1.1817867541585515e-05,0.010554774602277167
2021-08-24,0.001587264737390237,0.08125954210161382,1.2306247046648568,0.029409628321516168,0.0019533271986758023,5.881925664303234e-06,0.0019474452730114992
2021-08-25,0.002098397028467369,0.08109216911223807,1.2331646951210786,0.0025399904562217746,0.002587669131852941,5.079980912443549e-07,0.0025871611337616963
2021-08-26,-0.00590312597716558,0.07884235370147749,1.2683538137208863,0.03518911859980767,-0.007487252346012796,7.037823719961534e-06,-0.007494290169732758
2021-08-27,0.008940780708430074,0.0823629857378339,1.214137626315609,0.05421618740527734,0.010855338266741678,1.0843237481055468e-05,0.010844495029260623
2021-08-30,0.004397743011162358,0.08638403305892983,1.1576213387928018,0.05651628752280713,0.005090921152248457,1.1303257504561426e-05,0.005079617894743895
2021-08-31,-0.0014818063380271917,0.0843480081197189,1.185564451718475,0.027943112925673086,-0.0017567769186961687,5.5886225851346175e-06,-0.0017623655412813033
2021-09-01,0.0005316908499353179,0.08404504829093695,1.1898380931834573,0.004273641464982436,0.0006326260270501304,8.547282929964872e-07,0.000631771298757134
2021-09-02,0.0030765021264282932,0.0805481091723909,1.2414940713999596,0.05165597821650225,0.003819459150610095,1.0331195643300451e-05,0.0038091279549667947
2021-09-03,-0.00024273406311103862,0.07766937494108157,1.2875087520127206,0.04601468061276104,-0.0003125222306670703,9.202936122552208e-06,-0.0003217251667896225
2021-09-07,-0.003575449383245277,0.07586474080723492,1.3181353938068605,0.030626641794139875,-0.00471292638082051,6.125328358827975e-06,-0.004719051709179338
2021-09-08,-0.001218104055247915,0.07762727177271642,1.2882070658465021,0.02992832796035838,-0.0015691702509066422,5.985665592071677e-06,-0.001575155916498714
2021-09-09,-0.004280439576545669,0.07775682992063168,1.2860606599069493,0.0021464059395528423,-0.0055049049465041465,4.2928118791056847e-07,-0.005505334227692057
2021-09-10,-0.00788446808875809,0.07981972439715485,1.252823168148705,0.03323749175824431,-0.009877844290125275,6.647498351648862e-06,-0.009884491788476923
2021-09-13,0.0025592952137571956,0.08480086585213986,1.1792332424336516,0.0735899257150534,0.003018005993263823,1.4717985143010682e-05,0.0030032880081208124
2021-09-14,-0.005396889993976028,0.08463178336536788,1.1815891858060614,0.002355943372409852,-0.006376906853867015,4.7118867448197046e-07,-0.006377378042541497
2021-09-15,0.00835307265132501,0.08653073687853127,1.155658712815267,0.025930472990794318,0.009653301188282672,5.186094598158864e-06,0.009648115093684514
2021-09-16,-0.0015853591145318369,0.09111223717467712,1.0975474107641938,0.05811130205107329,-0.0017400067912858325,1.1622260410214657e-05,-0.0017516290516960472
2021-09-17,-0.009741059158730692,0.08810643357209912,1.1349908961888482,0.037443485424654366,-0.011056013464396336,7.488697084930873e-06,-0.011063502161481267
2021-09-20,-0.016674045335010268,0.08624079645945366,1.1595440221498332,0.024553125960985023,-0.019334289593266468,4.9106251921970046e-06,-0.019339200218458665
2021-09-21,-0.0009448472418221998,0.10439258082119318,0.957922480825367,0.2016215413244662,-0.0009050904138873271,4.032430826489324e-05,-0.0009454147221522203
2021-09-22,0.009754866230590187,0.09980137593802456,1.0019901936231699,0.04406771279780286,0.009774280303157183,8.813542559560573e-06,0.009765466760597622
2021-09-23,0.012149988716147364,0.10102046199127984,0.9898984624385511,0.012091731184618815,0.01202725514876002,2.418346236923763e-06,0.012024836802523097
2021-09-24,0.0016472898959951632,0.11040803981632494,0.9057311421012476,0.08416732033730345,0.0014920017588715446,1.683346406746069e-05,0.001475168294804084
2021-09-27,-0.0028608227127239205,0.1102936890199921,0.9066701901853492,0.0009390480841016124,-0.002593822673031964,1.878096168203225e-07,-0.002594010482648784
2021-09-28,-0.0201521119999859,0.10886064024856246,0.9186056573952636,0.011935467209914341,-0.018511844091650027,2.3870934419828685e-06,-0.01851423118509201
2021-09-29,0.0016833696630100814,0.12367830119836347,0.8085492687970655,0.11005638859819811,0.0013610873101419637,2.2011277719639623e-05,0.0013390760324223242
2021-09-30,-0.012222502328985807,0.12237067638603517,0.8171892397206028,0.008639970923537299,-0.009988097385707209,1.7279941847074598e-06,-0.009989825379891916
2021-10-01,0.011884166614966274,0.12764158194331285,0.7834437530272165,0.033745486693386284,0.009310576094429928,6.749097338677257e-06,0.009303826997091251
2021-10-04,-0.012896025448164927,0.1364976738349549,0.7326132174304614,0.0508305355967551,-0.009447798695645215,1.016610711935102e-05,-0.009457964802764566
2021-10-05,0.010404814855087263,0.1406096204188789,0.7111888909314881,0.0214243264989733,0.0073997887371369826,4.284865299794661e-06,0.007395503871837188
2021-10-06,0.004156282411070578,0.1473981755782225,0.6784344487827881,0.032754442148699936,0.0028197651665402648,6.550888429739987e-06,0.0028132142781105247
2021-10-07,0.008645695760987504,0.1487524663290214,0.6722577612852,0.006176687497588151,0.005812136077034403,1.2353374995176303e-06,0.0058109007395348855
2021-10-08,-0.0018237895765306211,0.15292408298588078,0.6539192391902905,0.018338522094909493,-0.0011926110923280858,3.6677044189818986e-06,-0.0011962787967470677
2021-10-11,-0.00723980312873429,0.15251946428334678,0.6556540207499192,0.0017347815596286953,-0.004746806030792482,3.469563119257391e-07,-0.004747152987104408
2021-10-12,-0.0024615408114855297,0.15216861715717864,0.6571657275212509,0.0015117067713317223,-0.0016176402582031384,3.0234135426634446e-07,-0.0016179425995574048
2021-10-13,0.003597876417489987,0.15169601369062147,0.6592131036742098,0.002047376152958913,0.0023717672798098215,4.0947523059178263e-07,0.0023713578045792298
2021-10-14,0.016820520138567607,0.15176474049338906,0.6589145784119471,0.0002985252622627055,0.011083285935773941,5.97050524525411e-08,0.011083226230721489
2021-10-15,0.007615803947993438,0.16075184742827114,0.6220768320850611,0.03683774632688597,0.00473761519374866,7.367549265377194e-06,0.004730247644483283
2021-10-18,0.0029603722269870847,0.1630222371161509,0.6134132482107426,0.008663583874318537,0.0018159315436690174,1.7327167748637074e-06,0.0018141988268941536
2021-10-19,0.007715051202346723,0.15929155457939337,0.6277796727142773,0.014366424503534647,0.0048433523187831175,2.8732849007069294e-06,0.004840479033882411
2021-10-20,0.003927772097636284,0.14782662152917841,0.676468141973073,0.048688469258795775,0.0026570126929816966,9.737693851759155e-06,0.0026472749991299374
2021-10-21,0.002608006250409245,0.14763762505795586,0.6773341142594547,0.0008659722863816333,0.0017664916036040674,1.7319445727632666e-07,0.0017663184091467911
2021-10-22,-0.0010361548437261003,0.14499776875430742,0.6896657849228409,0.012331670663386252,-0.0007146005435999645,2.4663341326772504e-06,-0.0007170668777326418
2021-10-25,0.005362706755446034,0.1401631033372579,0.7134545227596868,0.023788737836845875,0.0038260473889068984,4.7577475673691756e-06,0.003821289641339529
2021-10-26,0.0009001626780222871,0.14093668757816796,0.7095384581430355,0.0039160646166512825,0.0006387000386418393,7.832129233302565e-07,0.000637916825718509
2021-10-27,-0.004430093944174818,0.14014740417126528,0.7135344431909444,0.003995985047908879,-0.0031610246157403534,7.991970095817758e-07,-0.0031618238127499353
2021-10-28,0.009648884622866394,0.11852771317443223,0.8436845470293874,0.13015010383844305,0.008140614852381855,2.603002076768861e-05,0.008114584831614166
2021-10-29,0.0020291206833604747,0.12127146926573945,0.824596259989827,0.019088287039560448,0.0016732053265670493,3.817657407912089e-06,0.0016693876691591372
2021-11-01,0.0017202641919846773,0.1087593909181036,0.9194608314357013,0.09486457144587435,0.0015817155442512964,1.897291428917487e-05,0.0015627426299621215
2021-11-02,0.004042997485198319,0.1042041144651811,0.9596550051141611,0.04019417367845979,0.003879882772334533,8.038834735691958e-06,0.003871843937598841
2021-11-03,0.006105150562380368,0.0872540778259474,1.146078240600719,0.18642323548655793,0.0069969802151353825,3.7284647097311584e-05,0.006959695568038071
2021-11-04,0.004712601486710266,0.08423516247817456,1.1871526932225025,0.04107445262178344,0.005594577547032462,8.214890524356689e-06,0.005586362656508105
2021-11-05,0.003469547146441876,0.08432221510583103,1.1859270996912512,0.00122559353125129,0.004114629984621871,2.4511870625025803e-07,0.004114384865915621
2021-11-08,0.0008537591801689448,0.08214400346152649,1.2173743156654968,0.0314472159742456,0.0010393444977013049,6.289443194849121e-06,0.0010330550545064557
2021-11-09,-0.003305303853214814,0.08060867939118507,1.240561199554095,0.023186883888598242,-0.004100431713034942,4.637376777719648e-06,-0.004105069089812661
2021-11-10,-0.008044942596461269,0.07510184811857357,1.331525155574285,0.09096395602019003,-0.010712043442339284,1.8192791204038008e-05,-0.010730236233543322
2021-11-11,0.00032342750313185675,0.08275792647200277,1.2083434694781807,0.12318168609610436,0.00039081151125901296,2.4636337219220873e-05,0.00036617517403979207
2021-11-12,0.007546892001297989,0.0833366578294847,1.1999521291651774,0.00839134031300337,0.009055909125537168,1.6782680626006741e-06,0.009054230857474567
2021-11-15,0.00034256386695119545,0.06898066969727036,1.4496814895950063,0.24972936042982896,0.0004966084969232346,4.9945872085965796e-05,0.0004466626248372688
2021-11-16,0.003957771423538148,0.0668947538326317,1.4948855369166385,0.04520404732163219,0.005916415259469153,9.04080946432644e-06,0.005907374450004827
2021-11-17,-0.002429151370031968,0.06711525806851934,1.489974156069071,0.004911380847567592,-0.0036193727625274084,9.822761695135185e-07,-0.003620355038696922
2021-11-18,0.0033963282111466597,0.06600661729682411,1.5,0.01002584393092909,0.00509449231671999,2.0051687861858182e-06,0.005092487147933804
2021-11-19,-0.0017883832004229605,0.06581861023996488,1.5,0.0,-0.0026825748006344408,0.0,-0.0026825748006344408
2021-11-22,-0.0028150340616761582,0.06689077506243853,1.494974455097224,0.005025544902776069,-0.0042084040124344396,1.0051089805552139e-06,-0.004209409121414995
2021-11-23,0.0013260784428650307,0.06804445644640775,1.4696274350984146,0.025347019998809284,0.0019488412607270348,5.069403999761857e-06,0.0019437718567272728
2021-11-24,0.0026699171537345467,0.06658179237196882,1.5,0.030372564901585353,0.00400487573060182,6.074512980317071e-06,0.003998801217621503
2021-11-26,-0.02230335429458341,0.06672578066481298,1.498671113378727,0.0013288866212730621,-0.03342539281274353,2.6577732425461246e-07,-0.03342565859006778
2021-11-29,0.012266550404292031,0.10445205251765075,0.9573770700494525,0.5412940433292744,0.011743714085675032,0.00010825880866585489,0.011635455277009177
2021-11-30,-0.019457681415153028,0.10767057319508708,0.9287588709945024,0.02861819905495011,-0.018071494223308237,5.723639810990022e-06,-0.01807721786311923
2021-12-01,-0.01110707284812873,0.12805233339051472,0.7809307128752981,0.14782815811920424,-0.008673854317247038,2.956563162384085e-05,-0.008703419948870878
2021-12-02,0.01531629652187072,0.13304793417860236,0.7516088139013184,0.029321898973979743,0.011511863462164141,5.864379794795949e-06,0.011505999082369345
2021-12-03,-0.008701362771371457,0.14369806367715546,0.6959036012111387,0.055705212690179695,-0.006055309688041931,1.114104253803594e-05,-0.0060664507305799665
2021-12-06,0.01184343976158364,0.1443699314689766,0.6926650098292029,0.003238591381935829,0.008203536318868904,6.477182763871658e-07,0.008202888600592517
2021-12-07,0.02068479585105143,0.15001036319586286,0.6666206112002662,0.026044398628936705,0.013788911252780634,5.208879725787341e-06,0.013783702373054848
2021-12-08,0.0026479967304906538,0.16705809906981356,0.5985941451315689,0.06802646606869722,0.0015850753391992425,1.3605293213739444e-05,0.001571470045985503
2021-12-09,-0.006751687869976486,0.16728539473263823,0.5977808173859035,0.0008133277456654486,-0.004036029493649033,1.6266554913308972e-07,-0.004036192159198166
2021-12-10,0.009413546632332404,0.16859358393444437,0.5931423822088261,0.004638435177077405,0.005583573474535514,9.27687035415481e-07,0.005582645787500099
2021-12-13,-0.008858360540577204,0.1690104548001023,0.591679373434474,0.0014630087743521258,-0.005241309214305388,2.9260175487042516e-07,-0.005241601816060259
2021-12-14,-0.006879972509129972,0.17228424047790253,0.5804361427522802,0.011243230682193794,-0.003993384705441128,2.248646136438759e-06,-0.003995633351577567
2021-12-15,0.015625038414078585,0.17193137261390268,0.5816274161002878,0.0011912733480076154,0.009087950719248266,2.382546696015231e-07,0.009087712464578665
2021-12-16,-0.008818529389795549,0.18063085141971197,0.5536152834027286,0.0280121326975592,-0.004882072647326954,5.6024265395118406e-06,-0.004887675073866465
2021-12-17,-0.010642892056557551,0.18285393672955086,0.5468845888065537,0.006730694596174924,-0.005820433646063013,1.3461389192349849e-06,-0.005821779784982248
2021-12-20,-0.01063346369057483,0.186283174274826,0.5368171354674722,0.010067453339081434,-0.005708225518471755,2.013490667816287e-06,-0.005710239009139572
2021-12-21,0.01775903267474388,0.1887985910306088,0.5296649697125525,0.007152165754919726,0.009406337503792448,1.4304331509839453e-06,0.009404907070641464
2021-12-22,0.009998611060816787,0.1999541751558856,0.5001145883652559,0.029550381347296595,0.005000451254904682,5.9100762694593195e-06,0.004994541178635223
2021-12-23,0.006222124332360579,0.20287188830877634,0.49292191655355116,0.007192671811704743,0.0030670214509416617,1.4385343623409485e-06,0.0030655829165793205
2021-12-27,0.014152259379956122,0.20390331523234057,0.4904285145440307,0.0024934020095204734,0.006940671545153706,4.986804019040947e-07,0.006940172864751802
2021-12-28,-0.0008171989491738696,0.2092592200754456,0.4778761956770476,0.012552318866983103,-0.00039051992494248977,2.5104637733966208e-06,-0.0003930303887158864
2021-12-29,0.0012792056845485344,0.1915506780347254,0.5220550562701294,0.04417886059308179,0.0006678157956280545,8.835772118616359e-06,0.0006589800235094382
2021-12-30,-0.0027644938941080444,0.18792110523209288,0.5321382070230724,0.010083150752942971,-0.001471092824136886,2.016630150588594e-06,-0.0014731094542874746
2021-12-31,-0.0025202670338718702,0.17270365376122854,0.5790265453112823,0.04688833828820993,-0.0014593015138847415,9.377667657641986e-06,-0.0014686791815423834
2022-01-03,0.005789886140274314,0.16674337068853085,0.5997239925465795,0.020697447235297206,0.0034723336324354167,4.139489447059442e-06,0.0034681941429883572
2022-01-04,-0.0003349906112329881,0.16085212950450065,0.6216890028627318,0.021965010316152278,-0.00020825997906581342,4.393002063230456e-06,-0.00021265298112904386
2022-01-05,-0.019202059897837742,0.15619426942139733,0.6402283538982437,0.018539351035511964,-0.012293703199848136,3.707870207102393e-06,-0.012297411070055239
2022-01-06,-0.0009394015376520404,0.16969911766204593,0.589278255407014,0.05095009849122978,-0.0005535688992342607,1.0190019698245956e-05,-0.0005637589189325066
2022-01-07,-0.003953410501011834,0.15425651235577137,0.648270847517697,0.058992592110683084,-0.002562880776076305,1.1798518422136618e-05,-0.0025746792944984415
2022-01-10,-0.0012444934955313514,0.1546189161018008,0.6467513970551972,0.001519450462499794,-0.0008048779068610074,3.0389009249995883e-07,-0.0008051817969535073
2022-01-11,0.009108301542972486,0.15281676833610164,0.6543784500144797,0.007627052959282454,0.005960276245954829,1.525410591856491e-06,0.005958750835362973
2022-01-12,0.00270365645404258,0.1525864854286358,0.6553660353280087,0.000987585313529049,0.0017718846111748684,1.9751706270580984e-07,0.0017716870941121626
2022-01-13,-0.013778819318179703,0.14924323907583054,0.6700471030998595,0.014681067771850742,-0.009232457968282691,2.9362135543701485e-06,-0.009235394181837062
2022-01-14,0.00040907936963652247,0.15542113050036266,0.6434131554574342,0.026633947642425326,0.000263207048050373,5.326789528485066e-06,0.0002578802585218879
2022-01-18,-0.017709613510025646,0.14515622895625555,0.6889129093463576,0.045499753888923467,-0.012200381366591328,9.099950777784694e-06,-0.012209481317369113
2022-01-19,-0.010383519432108357,0.15461888692952858,0.6467515190791504,0.04216139026720722,-0.0067155569661039565,8.432278053441445e-06,-0.006723989244157398
2022-01-20,-0.011068055907754282,0.1544136384613297,0.647611188988616,0.0008596699094656213,-0.007167796846213226,1.7193398189312427e-07,-0.007167968780195119
2022-01-21,-0.01963059665409539,0.15476918458641578,0.6461234532392638,0.001487735749352237,-0.01268378889929125,2.975471498704474e-07,-0.01268408644644112
2022-01-24,0.004246577411896046,0.15238265684675595,0.6562426595604334,0.010119206321169583,0.0027867852548119233,2.023841264233917e-06,0.0027847614135476893
2022-01-25,-0.01220861547178742,0.1476168757386997,0.6774293216787253,0.0211866621182919,-0.008270474097689343,4.23733242365838e-06,-0.008274711430113001
2022-01-26,-0.0025088838885729547,0.1471071073237749,0.6797768090151166,0.0023474873363913407,-0.0017054810839635605,4.6949746727826815e-07,-0.0017059505814308387
2022-01-27,-0.004938186602444716,0.13210918818420744,0.7569496215551961,0.07717281254007946,-0.0037379584798894676,1.5434562508015893e-05,-0.0037533930423974834
2022-01-28,0.024835653654187606,0.13141191362639154,0.7609660132056469,0.004016391650450868,0.0188990883465834,8.032783300901736e-07,0.01889828506825331
2022-01-31,0.01801100980235093,0.1658438257193746,0.6029769246231129,0.15798908858253402,0.010860223299978305,3.159781771650681e-05,0.010828625482261798
2022-02-01,0.006756805952979006,0.18202562583755225,0.5493731969873541,0.053603727635758824,0.0037120080878112623,1.0720745527151765e-05,0.0037012873422841105
2022-02-02,0.009714099253073982,0.18491272756660107,0.5407956570430363,0.008577539944317758,0.005253342688147413,1.7155079888635517e-06,0.005251627180158549
2022-02-03,-0.02350501722143461,0.18752833500222485,0.5332527481717021,0.007542908871334242,-0.01253411502915319,1.5085817742668484e-06,-0.012535623610927457
2022-02-04,0.00470217443704013,0.20157801025892264,0.4960858571406283,0.03716689103107379,0.0023326822360238042,7.433378206214758e-06,0.0023252488578175893
2022-02-07,-0.003209334110337414,0.1944126982370331,0.5143696934758725,0.018283836335244164,-0.0016507842025959174,3.656767267048833e-06,-0.0016544409698629663
2022-02-08,0.00822788504804417,0.19442002237327455,0.5143503162858717,1.9377190000779976e-05,0.004232015276825313,3.875438000155995e-09,0.004232011401387313
2022-02-09,0.014636135327215305,0.1974949447170232,0.5063420744428829,0.008008241842988761,0.00741089112340896,1.6016483685977524e-06,0.007409289475040362
2022-02-10,-0.01796554860536581,0.20526145162336368,0.48718353694336636,0.01915853749951657,-0.008752519512690078,3.831707499903314e-06,-0.008756351220189982
2022-02-11,-0.01971862462284668,0.21025572776277254,0.4756112999348492,0.011572237008517172,-0.009378400689799435,2.3144474017034347e-06,-0.009380715137201139
2022-02-14,-0.003269446579893809,0.21809395238721638,0.45851798688325995,0.017093313051589232,-0.0014991000640352686,3.4186626103178467e-06,-0.0015025187266455864
2022-02-15,0.01612676826331194,0.21462062578405905,0.46593844200517426,0.0074204551219143045,0.007514081279186056,1.484091024382861e-06,0.007512597188161673
2022-02-16,0.0011208964263200727,0.22409364824407707,0.44624200990776214,0.01969643209741212,0.000500191074179497,3.939286419482424e-06,0.0004962517877600146
2022-02-17,-0.021361279753706497,0.21667340533194662,0.4615241074316372,0.015282097523875049,-0.009858745571926893,3.05641950477501e-06,-0.009861801991431668
2022-02-18,-0.006475107957425674,0.22583657522791606,0.44279807156603934,0.018726035865597845,-0.0028671653167300047,3.745207173119569e-06,-0.0028709105239031244
2022-02-22,-0.010731617613007782,0.2239311212898805,0.44656588786758794,0.003767816301548599,-0.004792374347608265,7.535632603097198e-07,-0.004793127910868575
2022-02-23,-0.017738734037830994,0.21673776424825217,0.4613870607498731,0.014821172882285183,-0.008184422359138572,2.9642345764570365e-06,-0.008187386593715028
2022-02-24,0.015049143023701417,0.2235189544646186,0.4473893511157653,0.013997709634107847,0.006732826332222123,2.7995419268215693e-06,0.0067300267902953015
2022-02-25,0.022064069282164978,0.22755765992173613,0.4394490611056248,0.00794029001014046,0.009696034530216857,1.5880580020280923e-06,0.009694446472214829
2022-02-28,-0.0025585466103814625,0.24049077910575295,0.4158163584144164,0.02363270269120843,-0.0010638855343623685,4.726540538241686e-06,-0.00106861207490061
2022-03-01,-0.015230133753096564,0.23994254533475154,0.4167664382341481,0.0009500798197317195,-0.006347408598107733,1.900159639463439e-07,-0.006347598614071679
2022-03-02,0.0183960941263297,0.2290576962439708,0.4365712291696559,0.0198047909355078,0.008031205424652443,3.96095818710156e-06,0.008027244466465341
2022-03-03,-0.004978430553730595,0.22946830952865907,0.4357900234912859,0.0007812056783699783,-0.0021695503679599916,1.5624113567399567e-07,-0.0021697066090956654
2022-03-04,-0.008124787662905919,0.2279440565163226,0.43870413437535366,0.0029141108840677332,-0.0035643779386386938,5.828221768135467e-07,-0.003564960760815507
2022-03-07,-0.02947912974426925,0.22499912384086368,0.44444617513589757,0.0057420407605439094,-0.01310188646117534,1.148408152108782e-06,-0.013103034869327448
2022-03-08,-0.0075816503415087055,0.23280999192717522,0.4295348286910331,0.01491134644486447,-0.0032565828806352544,2.982269288972894e-06,-0.0032595651499242274
2022-03-09,0.026810845954397422,0.2316539807268787,0.4316783147270866,0.0021434860360535213,0.011573660798001808,4.2869720721070426e-07,0.011573232100794598
2022-03-10,-0.004515658842114911,0.2543085238947229,0.39322315457030216,0.03845516015678446,-0.0017756616148597035,7.691032031356893e-06,-0.0017833526468910605
2022-03-11,-0.012714950700980276,0.25164478633915666,0.3973855427516152,0.004162388181313037,-0.005052737585369077,8.324776362626075e-07,-0.005053570063005339
2022-03-14,-0.007308354981212739,0.24574736856222124,0.40692195641834844,0.009536413666733246,-0.00297393010715487,1.9072827333466492e-06,-0.0029758373898882166
2022-03-15,0.021990579421574008,0.2408104986781723,0.41526428685172717,0.00834233043337873,0.009131902280956197,1.6684660866757462e-06,0.00913023381486952
2022-03-16,0.022173883527863536,0.24850455498278845,0.40240711083515573,0.012857176016571437,0.008922928406442815,2.5714352033142873e-06,0.008920356971239501
2022-03-17,0.01251115884461762,0.2614538333113324,0.38247670242005066,0.019930408415105072,0.004785226778342798,3.9860816830210145e-06,0.004781240696659778
2022-03-18,0.010952646236277008,0.2588892312814614,0.38626558356643714,0.00378888114638648,0.00423063029005228,7.577762292772961e-07,0.004229872513823002
2022-03-21,-0.00029247818269872994,0.26184677739938017,0.3819027333205466,0.004362850245890559,-0.00011169821740927116,8.725700491781119e-07,-0.00011257078745844927
2022-03-22,0.011701385905266593,0.25003992941706155,0.39993612313496546,0.018033389814418876,0.004679806914258449,3.6066779628837756e-06,0.004676200236295566
2022-03-23,-0.012878252366424703,0.2510658176275427,0.3983019311228997,0.0016341920120657716,-0.0051294327870350116,3.2683840241315436e-07,-0.005129759625437424
2022-03-24,0.015074421706269714,0.2525350016485634,0.3959847124049898,0.002317218717909908,0.005969240544028748,4.634437435819816e-07,0.005968777100285166
2022-03-25,0.004883484327309784,0.24600870695513555,0.4064896776935499,0.010504965288560097,0.0019850859702296563,2.1009930577120197e-06,0.001982984977171944
2022-03-28,0.007113208146869665,0.24242943671370773,0.4124911617812033,0.0060014840876534414,0.0029341354924937884,1.2002968175306883e-06,0.0029329351956762575
2022-03-29,0.012370583473194419,0.232881976935153,0.4294020572826271,0.016910895501423773,0.00531195399317615,3.3821791002847547e-06,0.0053085718140758655
2022-03-30,-0.006174685987143436,0.2347826492262971,0.4259258523981226,0.003476204884504508,-0.0026299583923648107,6.952409769009016e-07,-0.0026306536333417117
2022-03-31,-0.015391434391008096,0.22796915623616346,0.43865583244254996,0.01272998004442738,-0.006751542465272549,2.545996008885476e-06,-0.006754088461281434
2022-04-01,0.0028340721522539525,0.22987199981465042,0.4350247097542617,0.0036311226882882464,0.0012328914154569116,7.262245376576493e-07,0.0012321651909192538
2022-04-04,0.008566781985528626,0.22859263956002854,0.437459404609307,0.002434694855045272,0.0037476193468070898,4.869389710090544e-07,0.0037471324078360807
2022-04-05,-0.012631452433349843,0.22649498007479646,0.4415108889697094,0.004051484360402424,-0.0055769237928268885,8.102968720804848e-07,-0.005577734089698969
2022-04-06,-0.009999301760781565,0.20239639782870572,0.49407993952853385,0.05256905055882444,-0.004940454409294518,1.0513810111764888e-05,-0.004950968219406283
2022-04-07,0.005038925002299077,0.20425762538273218,0.4895778055415205,0.004502133987013324,0.0024669458449138836,9.004267974026647e-07,0.0024660454181164807
2022-04-08,-0.002673948016917338,0.18617468118896027,0.5371299650488123,0.04755215950729175,-0.0014362576048691507,9.510431901458349e-06,-0.001445768036770609
2022-04-11,-0.017092311688957196,0.18540316082659877,0.5393651303147231,0.0022351652659108323,-0.009218996921494263,4.4703305318216646e-07,-0.009219443954547445
2022-04-12,-0.003705120314431376,0.19051645991137114,0.5248890308297788,0.014476099484944327,-0.00194477701094961,2.8952198969888657e-06,-0.001947672230846599
2022-04-13,0.011453554702182345,0.18859796564092862,0.5302284129108257,0.005339382081046895,0.006073000131925469,1.0678764162093791e-06,0.00607193225550926
2022-04-14,-0.012451741760324042,0.17818478909239652,0.5612151323879037,0.030986719477077984,-0.006988105900480246,6.197343895415597e-06,-0.0069943032443756615
2022-04-18,0.00041108159585623305,0.1691456084996448,0.5912065993732849,0.029991466985381243,0.00024303415235110657,5.9982933970762485e-06,0.00023703585895403032
2022-04-19,0.016142755464064518,0.1633584253332911,0.6121508565963193,0.02094425722303439,0.009881801585152008,4.188851444606878e-06,0.009877612733707401
2022-04-20,-0.0007416385125439406,0.16870011765849371,0.5927678142017301,0.01938304239458921,-0.0004396194400084941,3.876608478917842e-06,-0.00044349604848741193
2022-04-21,-0.014953420518238114,0.16872077696515492,0.5926952317239063,7.258247782382377e-05,-0.008862821039122153,1.4516495564764754e-08,-0.008862835555617718
2022-04-22,-0.027439205765589336,0.17085606931496353,0.5852879584608472,0.007407273263059011,-0.016059836724328893,1.4814546526118023e-06,-0.016061318178981505
2022-04-25,0.00579729547074348,0.1898107899709592,0.5268404394465661,0.058447519014281135,0.0030542496934080825,1.1689503802856227e-05,0.003042560189605226
2022-04-26,-0.028960504198446868,0.1819300065793512,0.5496619380178149,0.02282149857124882,-0.01591848686369137,4.564299714249765e-06,-0.01592305116340562
2022-04-27,0.002811703443614144,0.20174993378194583,0.4956631118802815,0.05399882613753343,0.0013936576785462903,1.0799765227506685e-05,0.0013828579133187836
2022-04-28,0.0252594854606083,0.19931942910118058,0.5017072367252114,0.006044124844929943,0.012672866651542445,1.2088249689859888e-06,0.012671657826573458
2022-04-29,-0.0369556695064881,0.21698389931799736,0.4608636876483014,0.04084354907691007,-0.01703152612827199,8.168709815382014e-06,-0.01703969483808737
2022-05-02,0.006019496381411749,0.2459910576524174,0.4065188424097061,0.054344845238595285,0.0024470387008609187,1.0868969047719057e-05,0.0024361697318131996
2022-05-03,0.004583989782637632,0.245759560169847,0.40690176988797083,0.0003829274782647385,0.0018652335557036272,7.65854956529477e-08,0.0018651569702079743
2022-05-04,0.030452814417700758,0.24644338430138954,0.4057727103670365,0.001129059520934339,0.012356921044574802,2.258119041868678e-07,0.012356695232670615
2022-05-05,-0.03554272383137491,0.2708285478845277,0.36923729341353145,0.03653541695350504,-0.013123699148041495,7.307083390701009e-06,-0.013131006231432195
2022-05-06,-0.005968867127912336,0.2920627291632314,0.34239219871191046,0.026845094701620997,-0.002043693539745151,5.3690189403242e-06,-0.002049062558685475
2022-05-09,-0.03201727736139004,0.29134035109129436,0.34324115978244296,0.0008489610705325057,-0.010989647414599672,1.6979221410650116e-07,-0.010989817206813779
2022-05-10,0.0023105224226567245,0.3052218807181078,0.3276305085491446,0.015610651233298356,0.0007569976363492243,3.1221302466596713e-06,0.0007538755061025647
2022-05-11,-0.015886109874241106,0.30629060156451726,0.326487327685554,0.0011431808635906093,-0.005186613560160071,2.286361727181219e-07,-0.005186842196332789
2022-05-12,-0.0010438052435097767,0.30573177037230087,0.3270840968808257,0.0005967691952716847,-0.0003414120953928656,1.1935383905433695e-07,-0.00034153144923191995
2022-05-13,0.023907917301338566,0.306035511675539,0.3267594647840108,0.0003246320968148808,0.0078121382614857815,6.492641936297616e-08,0.007812073335066418
2022-05-16,-0.004057926034947368,0.31734633314765226,0.3151131415577846,0.011646323226226218,-0.0012787058210813895,2.329264645245244e-06,-0.0012810350857266348
2022-05-17,0.020570458327238583,0.31602184305598224,0.3164338231591331,0.0013206816013485168,0.006509188772623731,2.6413632026970336e-07,0.006508924636303461
2022-05-18,-0.04031160759513819,0.32715860371018585,0.3056621432722131,0.010771679886920016,-0.012321732376278361,2.1543359773840035e-06,-0.012323886712255745
2022-05-19,-0.006124491248475361,0.3433086301596822,0.29128309402967023,0.014379049242542852,-0.001783960760213541,2.8758098485085707e-06,-0.0017868365700620496
2022-05-20,0.00043635823849097477,0.342811905524787,0.29170515489220517,0.00042206086253493424,0.0001272879475474996,8.441217250698685e-08,0.00012720353537499262
2022-05-23,0.01871015953405708,0.34193332021123224,0.292454680749522,0.0007495258573168573,0.005471873733305289,1.4990517146337147e-07,0.005471723828133826
2022-05-24,-0.007633593382790793,0.3417250160090354,0.2926329513943339,0.00017827064481185095,-0.002233840961350327,3.565412896237019e-08,-0.002233876615479289
2022-05-25,0.008834885698850936,0.3404623923458865,0.293718196923221,0.0010852455288871132,0.002594966697489248,2.1704910577742265e-07,0.0025947496483834705
2022-05-26,0.01998130317778446,0.3302669058997363,0.30278540844888163,0.009067211525660646,0.006050047044026404,1.8134423051321292e-06,0.006048233601721272
2022-05-27,0.02454936457722967,0.3386566704962553,0.29528430623694374,0.007501102211937893,0.007249042087745065,1.5002204423875787e-06,0.007247541867302678
2022-05-31,-0.005611266447560492,0.3379667381455367,0.29588710578062144,0.0006027995436777012,-0.0016603013889325833,1.2055990873554025e-07,-0.001660421948841319
2022-06-01,-0.008088544818332544,0.3126786732722084,0.3198171431184982,0.02393003733787674,-0.002586855295785046,4.7860074675753485e-06,-0.0025916413032526214
2022-06-02,0.019043672008983492,0.3132420905633677,0.31924189951659887,0.0005752436018993112,0.006079538025918974,1.1504872037986225e-07,0.006079422977198595
2022-06-03,-0.01641161781753997,0.32005913048894213,0.3124422660501321,0.006799633466466781,-0.0051276830604609115,1.3599266932933564e-06,-0.005129042987154205
2022-06-06,0.003044787836726348,0.30527863458524146,0.32756959928054674,0.015127333230414652,0.0009973799315707327,3.0254666460829305e-06,0.0009943544649246498
2022-06-07,0.009592197345303477,0.27994574403198047,0.3572120745960553,0.029642475315508565,0.0034264487136506294,5.928495063101713e-06,0.0034205202185875277
2022-06-08,-0.01087212158222639,0.2810119691106557,0.3558567285104587,0.0013553460855966204,-0.0038689176182190354,2.710692171193241e-07,-0.003869188687436155
2022-06-09,-0.02378296069888841,0.2586937019328397,0.38655753600820686,0.030700807497748173,-0.009193482686742326,6.140161499549635e-06,-0.009199622848241875
2022-06-10,-0.028995710579796663,0.27325379583818754,0.36596014958641937,0.02059738642178749,-0.010611274581146909,4.119477284357498e-06,-0.010615394058431267
2022-06-13,-0.03796821460586619,0.28656119808441277,0.34896559851254827,0.0169945510738711,-0.013249600734388972,3.39891021477422e-06,-0.013252999644603747
2022-06-14,-0.003013209856137289,0.3150565819361896,0.31740330383021054,0.03156229468233773,-0.0009564027634717288,6.312458936467547e-06,-0.0009627152224081964
2022-06-15,0.014256268105188097,0.3006786128810545,0.3325810207843383,0.015177716954127785,0.004741364198998662,3.035543390825557e-06,0.004738328655607836
2022-06-16,-0.0330960657765389,0.3066864091261922,0.32606596518221653,0.006515055602121789,-0.01079150063116128,1.3030111204243577e-06,-0.010792803642281705
2022-06-17,0.0021557919956147753,0.3123964976076811,0.3201060215648885,0.005959943617328045,0.0006900819990376773,1.191988723465609e-06,0.0006888900103142117
2022-06-21,0.025173858447589126,0.2852457728118373,0.3505748709761428,0.03046884941125433,0.00882532217723524,6.093769882250866e-06,0.00881922840735299
2022-06-22,-0.0018131863557125927,0.3009658931186192,0.33226356303631777,0.01831130793982505,-0.0006024557589979023,3.66226158796501e-06,-0.0006061180205858673
2022-06-23,0.009802576900934223,0.30089250302460374,0.3323446047834003,8.104174708251088e-05,0.0032578335459998733,1.6208349416502178e-08,0.0032578173376504567
2022-06-24,0.03179395865479928,0.2948679267055724,0.33913488359773586,0.006790278814335582,0.010782440467506581,1.3580557628671165e-06,0.010781082411743715
2022-06-27,-0.0038199342232482225,0.31614831538565835,0.31630723661460436,0.0228276469831315,-0.0012082728382052004,4.5655293966263005e-06,-0.0012128383676018267
2022-06-28,-0.02043271192457763,0.3146941449335611,0.3177688610034744,0.001461624388870042,-0.006492879595485142,2.923248777740084e-07,-0.006493171920362916
2022-06-29,-0.0008144776403051779,0.3124091944887668,0.3200930118706723,0.002324150867197894,-0.00026070860098660246,4.648301734395788e-07,-0.00026117343116004204
2022-06-30,-0.0081242441635907,0.2965967395344359,0.33715812303590637,0.01706511116523407,-0.002739154913281657,3.413022233046814e-06,-0.002742567935514704
2022-07-01,0.010576706446195239,0.2969173910484953,0.3367940141426983,0.0003641088932080927,0.0035621714204230473,7.282177864161854e-08,0.003562098598644406
2022-07-05,0.0018883862556353659,0.3006343609588618,0.3326299751001643,0.004164039042533985,0.0006281338731914842,8.32807808506797e-07,0.0006273010653829774
2022-07-06,0.003377297738688112,0.2904623704096424,0.34427867492429004,0.011648699824125752,0.0011627315903003444,2.3297399648251507e-06,0.0011604018503355192
2022-07-07,0.01497720821270443,0.28775615093325335,0.34751646376864265,0.003237788844352607,0.005204826435205716,6.475577688705214e-07,0.005204178877436846
2022-07-08,-0.0008224236195891743,0.29377239956172135,0.34039957514453323,0.007116888624109419,-0.0002799526506969842,1.4233777248218838e-06,-0.00028137602842180604
2022-07-11,-0.011423761025339596,0.2906410598647799,0.34406700844858185,0.0036674333040486173,-0.003930539281220099,7.334866608097235e-07,-0.003931272767880909
2022-07-12,-0.008848881277488618,0.290839460612632,0.3438322976853187,0.00023471076326314622,-0.0030425311815835097,4.6942152652629244e-08,-0.0030425781237361626
2022-07-13,-0.005251785424444044,0.2817633658711089,0.3549077421432581,0.011075444457939398,-0.0018638993072103082,2.2150888915878796e-06,-0.0018661143961018962
2022-07-14,-0.0024284872706679117,0.26475163039352695,0.37771249926340383,0.022804757120145736,-0.0009172699964333392,4.560951424029147e-06,-0.0009218309478573683
2022-07-15,0.019105296965008955,0.22838502919119286,0.4378570712543722,0.06014457199096834,0.008365389374543867,1.2028914398193669e-05,0.008353360460145674
2022-07-18,-0.008257008501267982,0.23659322151456097,0.4226663780130555,0.015190693241316666,-0.003489959876453946,3.0381386482633334e-06,-0.003492998015102209
2022-07-19,0.027019085613427585,0.2344126169826781,0.42659819802869015,0.003931820015634635,0.011526293235071114,7.86364003126927e-07,0.011525506871067986
2022-07-20,0.006373198915142986,0.21722882445804967,0.46034406460322946,0.03374586657453932,0.0029338642931218146,6.749173314907864e-06,0.0029271151198069067
2022-07-21,0.010183315832275497,0.21738733447469116,0.46000840040495683,0.00033566419827263383,0.004684410826823523,6.713283965452677e-08,0.004684343693983868
2022-07-22,-0.009278286847041461,0.20456822094779,0.4888344804324326,0.028826080027475776,-0.004535546530176586,5.765216005495156e-06,-0.0045413117461820815
2022-07-25,0.0012149554414480068,0.20838159121751415,0.47988883958380657,0.008945640848626035,0.0005830435569425154,1.7891281697252071e-06,0.0005812544287727902
2022-07-26,-0.0118309932517916,0.2067834923097341,0.48359759709548444,0.0037087575116778737,-0.005721439907819309,7.417515023355747e-07,-0.005722181659321645
2022-07-27,0.025966269019942922,0.18194844057551127,0.5496062493511646,0.0660086522556802,0.014271223725694171,1.3201730451136041e-05,0.014258021995243035
2022-07-28,0.012542476561126614,0.20190012268496532,0.4952943993800089,0.054311849971155735,0.006212218395081046,1.0862369994231147e-05,0.006201356025086815
2022-07-29,0.014578799360348116,0.18846871668733092,0.5305920354193302,0.03529763603932129,0.007735394826577136,7.059527207864258e-06,0.007728335299369272
2022-08-01,-0.002961398590950348,0.19190139058587594,0.5211009659424535,0.009491069476876723,-0.001543187666284847,1.8982138953753449e-06,-0.0015450858801802224
2022-08-02,-0.00659725370847164,0.18863682780979635,0.530119177474881,0.009018211532427545,-0.003497330709528094,1.803642306485509e-06,-0.00349913435183458
2022-08-03,0.01565966244210415,0.19061097224091228,0.5246287704446022,0.00549040703027881,0.008215509452578616,1.098081406055762e-06,0.008214411371172561
2022-08-04,-0.0006759671313119053,0.19522987311685455,0.5122166930884863,0.012412077356115936,-0.0003462416486370947,2.4824154712231873e-06,-0.0003487240641083179
2022-08-05,-0.0016896617528345814,0.19588781768049843,0.5104962686505823,0.001720424437903989,-0.0008625660201036562,3.4408488758079783e-07,-0.000862910104991237
2022-08-08,-0.0011611023246339558,0.19235344383719713,0.5198763172893196,0.009380048638737315,-0.000603629600526769,1.876009727747463e-06,-0.0006055056102545164
2022-08-09,-0.003971139508589627,0.19244135521065114,0.5196388265429616,0.0002374907463580378,-0.002063558274281907,4.7498149271607564e-08,-0.002063605772431179
2022-08-10,0.021004117205184247,0.18707783057054556,0.5345368806930376,0.014898054150076057,0.011227475292570151,2.9796108300152114e-06,0.011224495681740136
2022-08-11,0.0,0.19115170161941938,0.5231447021020966,0.011392178590940993,0.0,2.2784357181881987e-06,-2.2784357181881987e-06
2022-08-12,0.01692884419944196,0.18854060429989034,0.5303897288933118,0.007245026791215192,0.008978885085419136,1.4490053582430385e-06,0.008977436080060894
2022-08-15,0.004120883159028699,0.19085367418178983,0.5239616183901659,0.006428110503145956,0.0021591846092014564,1.2856221006291913e-06,0.0021578989871008274
2022-08-16,0.0019587868778621065,0.18476377971967162,0.5412316210012731,0.017270002611107227,0.0010601573971013307,3.4540005222214456e-06,0.0010567033965791092
2022-08-17,-0.007098099938316116,0.1786785957667312,0.5596641252461609,0.01843250424488785,-0.003972551892887518,3.68650084897757e-06,-0.003976238393736496
2022-08-18,0.002906351581009714,0.1659872475021163,0.602455920589472,0.04279179534331101,0.0017509487172938745,8.558359068662202e-06,0.0017423903582252122
2022-08-19,-0.013438096979355052,0.1658129485902129,0.6030892089564017,0.000633288366929774,-0.00810437127715865,1.266576733859548e-07,-0.008104497934832035
2022-08-22,-0.020822259096940243,0.1744894404168044,0.5731005828268414,0.029988626129560325,-0.011933248824227954,5.997725225912065e-06,-0.011939246549453865
2022-08-23,-0.0024193801517363722,0.18854918535705217,0.5303655903398989,0.04273499248694246,-0.0012831559824322953,8.546998497388491e-06,-0.0012917029809296837
2022-08-24,0.003200924159693086,0.18921260391523567,0.528506018789311,0.001859571550587913,0.0016917076840859138,3.719143101175826e-07,0.0016913357697757962
2022-08-25,0.014117872479584959,0.182361231022534,0.548362167985383,0.019856149196071926,0.007741707160246382,3.9712298392143854e-06,0.007737735930407167
2022-08-26,-0.03384907667557624,0.167368899959808,0.5974825670958823,0.04912039911049937,-0.020224233225948646,9.824079822099874e-06,-0.020234057305770745
2022-08-29,-0.006611936419417264,0.204319707720965,0.48942904781641444,0.10805351927946788,-0.003236073745978064,2.1610703855893577e-05,-0.0032576844498339577
2022-08-30,-0.010978099533009988,0.19835490265683595,0.5041468532441826,0.014717805427768182,-0.0055345743341684165,2.9435610855536367e-06,-0.00553751789525397
2022-08-31,-0.00760912308933126,0.2012667202216373,0.49685313046229806,0.00729372278188456,-0.003780616627007189,1.458744556376912e-06,-0.0037820753715635657
2022-09-01,0.003137879229654139,0.20162610643081433,0.49596752013020623,0.0008856103320918352,0.0015562861799996452,1.7712206641836703e-07,0.0015561090579332268
2022-09-02,-0.010544474915392787,0.19270714767194894,0.5189221116501239,0.02295459151991769,-0.005471761189337387,4.590918303983538e-06,-0.005476352107641371
2022-09-06,-0.0037731265076705878,0.19484402833486703,0.5132310230628976,0.005691088587226334,-0.0019364855776775136,1.1382177174452668e-06,-0.001937623795394959
2022-09-07,0.017964978133990783,0.19486648714442417,0.5131718720104272,5.9151052470340915e-05,0.009219121459646443,1.1830210494068184e-08,0.00921910962943595
2022-09-08,0.006536220669297599,0.20751635703972293,0.481889723906718,0.03128214810370922,0.0031497375737212035,6.2564296207418435e-06,0.0031434811441004617
2022-09-09,0.015535401407323901,0.20925454443591,0.4778868734706394,0.00400285043607862,0.0074241644066573905,8.005700872157241e-07,0.007423363836570175
2022-09-12,0.010747630917717466,0.20269662640842379,0.4933481221266352,0.015461248655995796,0.005302323530566077,3.0922497311991594e-06,0.005299231280834878
2022-09-13,-0.043482368468549804,0.2070470047565565,0.48298211373585853,0.010366008390776671,-0.02100120623318163,2.0732016781553343e-06,-0.021003279434859787
2022-09-14,0.0038156479402626786,0.24380690519680268,0.41016065529103574,0.0728214584448228,0.001565028659538031,1.456429168896456e-05,0.0015504643678490664
2022-09-15,-0.011353256256345423,0.24368376790522345,0.41036791600699996,0.00020726071596421924,-0.004659012109809906,4.145214319284385e-08,-0.0046590535619530984
2022-09-16,-0.007628852418214316,0.2440532635573287,0.4097466206450043,0.0006212953619956774,-0.003125896497762785,1.2425907239913547e-07,-0.003126020756835184
2022-09-19,0.007754857554990391,0.24413199981205985,0.4096144711753601,0.00013214946964418273,0.003176501876427635,2.6429893928836545e-08,0.003176475446533706
2022-09-20,-0.011478574353853133,0.24655167651637602,0.4055944839351274,0.00401998724023267,-0.0046556464413620505,8.03997448046534e-07,-0.004656450438810097
2022-09-21,-0.017443879436912835,0.24572576772695337,0.4069577274090296,0.0013632434739021537,-0.00709892153284315,2.7264869478043077e-07,-0.00709919418153793
2022-09-22,-0.008399699551953188,0.24310719251265342,0.4113411823255502,0.004383454916520646,-0.0034551423448798187,8.766909833041292e-07,-0.003456019035863123
2022-09-23,-0.016754668380463134,0.24349431842274916,0.41068720062035424,0.0006539817051959829,-0.006880927854494769,1.3079634103919658e-07,-0.006881058650835808
2022-09-26,-0.009892906936214696,0.2455506797382216,0.4072479054287641,0.0034392951915901415,-0.004028865628375127,6.878590383180283e-07,-0.004029553487413445
2022-09-27,-0.0025527022339950634,0.23556963346759174,0.42450293158756136,0.01725502615879726,-0.0010836295818010214,3.451005231759452e-06,-0.001087080587032781
2022-09-28,0.01967633196699614,0.2135296381192642,0.46831906278109414,0.04381613119353278,0.009214801345753315,8.763226238706557e-06,0.009206038119514608
2022-09-29,-0.020889000226280263,0.22968933236098477,0.43537067643541155,0.03294838634568259,-0.009094458158575102,6.589677269136518e-06,-0.009101047835844239
2022-09-30,-0.015463370859125636,0.23614669695731486,0.4234655885027081,0.011905087932703451,-0.006548205441095264,2.38101758654069e-06,-0.006550586458681805
2022-10-03,0.02640103632887092,0.23915487305710226,0.418139085863926,0.0053265026387820935,0.011039305196414387,1.0653005277564187e-06,0.01103823989588663
2022-10-04,0.030986680925640275,0.26108691278120516,0.38301421903824623,0.03512486682567978,0.01186833939532143,7.024973365135956e-06,0.011861314421956294
2022-10-05,-0.0023281142122190124,0.2852689695331433,0.35054636388828037,0.03246785514996586,-0.0008161119718100031,6.493571029993173e-06,-0.0008226055428399963
2022-10-06,-0.010315731584194854,0.28516229603858123,0.35067749625101363,0.00013113236273326612,-0.0036174949239429536,2.6226472546653224e-08,-0.0036175211504155
2022-10-07,-0.02789408906142421,0.2777647890339855,0.3600168341991132,0.009339337948099546,-0.010042341636762056,1.8678675896199093e-06,-0.010044209504351675
2022-10-10,-0.007635221088492461,0.2887419870945922,0.34632995708809017,0.01368687711102301,-0.002644305791935675,2.7373754222046023e-06,-0.0026470431673578797
2022-10-11,-0.006333074739312328,0.2796680937149822,0.35756670942203683,0.011236752333946665,-0.002264496695059733,2.247350466789333e-06,-0.002266744045526522
2022-10-12,-0.003298302666076447,0.27340408746956596,0.3657589794122282,0.008192269990191348,-0.0012063838169367525,1.6384539980382696e-06,-0.0012080222709347909
2022-10-13,0.026391011546337273,0.2375333530186385,0.42099350987628803,0.05523453046405985,0.011110444580078172,1.104690609281197e-05,0.01109939767398536
2022-10-14,-0.02278871907767177,0.2591805073052468,0.3858314849358103,0.03516202494047771,-0.00879260532152313,7.0324049880955424e-06,-0.008799637726511225
2022-10-17,0.025696854115355272,0.2666011115455678,0.37509220955707784,0.010739275378732482,0.009638689788794497,2.1478550757464965e-06,0.00963654193371875
2022-10-18,0.011749662653353088,0.2849409831337495,0.3509498665309954,0.024142343026082425,0.004123542539978487,4.8284686052164855e-06,0.004118714071373271
2022-10-19,-0.0070865426789512576,0.2870309109134031,0.34839453242779794,0.002555334103197471,-0.002468912723162858,5.110668206394942e-07,-0.0024694237899834976
2022-10-20,-0.00838542885236604,0.2856083466885713,0.35012982344329197,0.0017352910154940226,-0.0029359887235752076,3.4705820309880457e-07,-0.0029363357817783066
2022-10-21,0.024301697251924548,0.28105122257615556,0.35580702721513097,0.005677203771839001,0.008646714655489392,1.1354407543678003e-06,0.008645579214735024
2022-10-24,0.012236270184945885,0.2933307728397589,0.3409120667153055,0.014894960499825471,0.004171492157636775,2.9789920999650945e-06,0.0041685131655368095
2022-10-25,0.01596874899505618,0.28941910399474086,0.3455196931361419,0.004607626420836397,0.005517517252539886,9.215252841672795e-07,0.005516595727255719
2022-10-26,-0.007534020875488379,0.2903980091411361,0.3443549778311293,0.0011647153050126091,-0.0025943775915580657,2.3294306100252184e-07,-0.0025946105346190684
2022-10-27,-0.005339984765201811,0.29205910843871524,0.3423964434274225,0.001958534403706802,-0.0018283917915617198,3.917068807413604e-07,-0.0018287834984424612
2022-10-28,0.023790580584941434,0.2863719319305789,0.3491962334641147,0.006799790036692233,0.008307581132186043,1.3599580073384466e-06,0.008306221174178705
2022-10-31,-0.007223268483452339,0.2844639905025423,0.3515383434765754,0.0023421100124607075,-0.0025392558371593902,4.684220024921415e-07,-0.002539724259161882
2022-11-01,-0.0043758217274172395,0.27892751108915215,0.35851608760111703,0.006977744124541607,-0.0015688024857535903,1.3955488249083216e-06,-0.0015701980345784986
2022-11-02,-0.025096307784670757,0.2677609237979754,0.3734674895110895,0.014951401909972462,-0.0093726550643386,2.9902803819944923e-06,-0.009375645344720594
2022-11-03,-0.010296767185619005,0.2627747177073069,0.3805541144615958,0.007086624950506326,-0.003918477118140458,1.4173249901012653e-06,-0.003919894443130559
2022-11-04,0.014393112972917788,0.26500464703984355,0.3773518733238099,0.0032022411377858884,0.005431268143291758,6.404482275571777e-07,0.005430627695064201
2022-11-07,0.009565695511989825,0.2674507650734336,0.37390059427402694,0.003451279049782985,0.003576619236577388,6.90255809956597e-07,0.003575928980767431
2022-11-08,0.005395321017212407,0.24805607570807037,0.403134652979381,0.02923405870535406,0.0021750408659862845,5.846811741070813e-06,0.0021691940542452135
2022-11-09,-0.020602131707665894,0.24556195647084245,0.4072292037299915,0.004094550750610493,-0.008389789690453191,8.189101501220986e-07,-0.008390608600603313
2022-11-10,0.0549542341567808,0.25705680644121354,0.389019070860001,0.018210132869990514,0.021378245111493797,3.642026573998103e-06,0.0213746030849198
2022-11-11,0.009678397055140397,0.3140684551300492,0.31840192278652146,0.07061714807347952,0.0030816202318481095,1.4123429614695905e-05,0.0030674968022334137
2022-11-14,-0.008506787359441104,0.30495255764891704,0.32791985996433937,0.009517937177817903,-0.002789544519654339,1.9035874355635807e-06,-0.0027914481070899022
2022-11-15,0.00852913830125801,0.2927740447157089,0.3415603322934674,0.013640472329128017,0.002913215312354626,2.7280944658256038e-06,0.0029104872178888
2022-11-16,-0.0076286698888281546,0.2833090870030476,0.35297138209662965,0.011411049803162265,-0.0026927021542186157,2.2822099606324533e-06,-0.002694984364179248
2022-11-17,-0.0030599097740118264,0.2846665649208295,0.351288181763853,0.0016832003327766354,-0.0010749101408740569,3.366400665553271e-07,-0.0010752467809406123
2022-11-18,0.004540516854442567,0.28317497435187206,0.3531385505688805,0.0018503688050274802,0.0016034315408114206,3.7007376100549604e-07,0.001603061467050415
2022-11-21,-0.0036363159435958137,0.2799356669593679,0.357224933450566,0.004086382881685502,-0.0012989827209562467,8.172765763371004e-07,-0.0012997999975325838
2022-11-22,0.013457115666759112,0.27097382191574193,0.36903933853468157,0.011814405084115576,0.004966205064245483,2.3628810168231153e-06,0.004963842183228659
2022-11-23,0.006301549963531716,0.27155012942229495,0.3682561308762527,0.000783207658428875,0.002320584408093581,1.56641531685775e-07,0.0023204277665618955
2022-11-25,-0.0002237257135500048,0.2676408972911724,0.3736349751182003,0.005378844241947622,-8.359175141555766e-05,1.0757688483895246e-06,-8.466752026394718e-05
2022-11-28,-0.015956774935200202,0.2654619363382667,0.3767018404950317,0.0030668653768313736,-0.006010946486454906,6.133730753662747e-07,-0.006011559859530273
2022-11-29,-0.001717761799539974,0.27193220876659313,0.367738711252968,0.008963129242063717,-0.0006316875104024092,1.7926258484127434e-06,-0.0006334801362508219
2022-11-30,0.03150070812992212,0.26040203423370745,0.38402157761275896,0.016282866359790982,0.012096951631971753,3.2565732719581967e-06,0.012093695058699795
2022-12-01,-0.0007359731369018796,0.2790980911596122,0.35829696858374943,0.025724609029009526,-0.00026369694391101625,5.1449218058019054e-06,-0.00026884186571681813
2022-12-02,-0.0011535694778281869,0.2782147621221405,0.35943455781148836,0.0011375892277389332,-0.00041463273516800385,2.2751784554778667e-07,-0.00041486025301355165
2022-12-05,-0.017989424576532742,0.25959977773290943,0.385208342138434,0.02577378432694566,-0.006929676417150578,5.154756865389132e-06,-0.006934831174015967
2022-12-06,-0.014414798837213083,0.26623491248716963,0.37560813893940076,0.009600203199033264,-0.005414315764431445,1.9200406398066527e-06,-0.005416235805071251
2022-12-07,-0.0017011897907771578,0.27028953869782857,0.3699736234031442,0.005634515536256546,-0.0006293953509902619,1.1269031072513093e-06,-0.0006305222540975131
2022-12-08,0.007833947901335181,0.26928941321507144,0.3713476842854336,0.001374060882289363,0.0029091184119735517,2.748121764578726e-07,0.002908843599797094
2022-12-09,-0.007470100743352637,0.26983578157284854,0.3705957727959909,0.0007519114894427026,-0.0027683877578466762,1.5038229788854052e-07,-0.002768538140144565
2022-12-12,0.014416987553252936,0.259694018894529,0.38506855269783313,0.014472779901842259,0.005551528531393782,2.894555980368452e-06,0.005548633975413414
2022-12-13,0.007570207962722453,0.18325139035315333,0.5456984517677317,0.16062989906989855,0.004131050764817397,3.212597981397971e-05,0.004098924785003417
2022-12-14,-0.0063937688690720584,0.18207346252793652,0.5492288585694165,0.0035304068016848156,-0.0035116423779171157,7.060813603369632e-07,-0.0035123484592774526
2022-12-15,-0.024461561074910265,0.18090359697185077,0.5527806062118287,0.003551747642412173,-0.013521876559876567,7.103495284824346e-07,-0.01352258690940505
2022-12-16,-0.011806116040452341,0.19792341837493513,0.5052459219887036,0.04753468422312512,-0.005964991983963965,9.506936844625025e-06,-0.00597449892080859
2022-12-19,-0.008479681324532362,0.20020312594304243,0.4994927003709717,0.005753221617731841,-0.004235538923075968,1.1506443235463682e-06,-0.004236689567399514
2022-12-20,0.0013683689995596104,0.20171378878206095,0.4957519295224964,0.0037407708484752944,0.000678371571830445,7.481541696950589e-07,0.0006776234176607499
2022-12-21,0.014952652268872546,0.2008234715671612,0.4979497626429443,0.002197833120447912,0.007445669648167568,4.3956662408958236e-07,0.007445230081543478
2022-12-22,-0.014266304572376987,0.20862602222540438,0.47932659086965523,0.018623171773289093,-0.006838219134985636,3.7246343546578187e-06,-0.006841943769340293
2022-12-23,0.0057521249606729,0.20698763517902563,0.4831206458951474,0.0037940550254921823,0.002778970326269891,7.588110050984365e-07,0.0027782115152647923
2022-12-27,-0.003943262825147897,0.20671724536425576,0.48375257624873214,0.0006319303535847198,-0.0019075635504911491,1.2638607071694398e-07,-0.001907689936561866
2022-12-28,-0.012428163877237663,0.20670124351901925,0.48379002611466476,3.7449865932626114e-05,-0.006012621726726142,7.489973186525224e-09,-0.006012629216699329
2022-12-29,0.018000528403018023,0.20409640373092747,0.4899645372087791,0.006174511094114321,0.008819620568498209,1.2349022188228644e-06,0.008818385666279386
2022-12-30,-0.0026340030862243013,0.2156348504741057,0.46374693042490556,0.026217606783873526,-0.0012215108459662477,5.2435213567747055e-06,-0.0012267543673230223
2023-01-03,-0.00421009568376518,0.18001921708328159,0.5554962499016836,0.091749319476778,-0.002338692364058822,1.83498638953556e-05,-0.0023570422279541774
2023-01-04,0.007720286246805985,0.1799290339772849,0.5557746728781108,0.00027842297642721725,0.004290739563343974,5.568459528544345e-08,0.004290683878748688
2023-01-05,-0.011413367149978204,0.1836188267489528,0.5446064642201528,0.011168208657957979,-0.006215793528396072,2.2336417315915957e-06,-0.006218027170127664
2023-01-06,0.022932113742072824,0.17795676518849923,0.5619342422530317,0.017327778032878882,0.012886339958912026,3.4655556065757766e-06,0.01288287440330545
2023-01-09,-0.0005668858713092639,0.19209792956325858,0.5205678178174722,0.04136642443555949,-0.0002951025409790199,8.273284887111899e-06,-0.00030337582586613176
2023-01-10,0.0070127836026780965,0.19204222172311147,0.520718824760219,0.00015100694274683413,0.0036516884358842733,3.020138854936683e-08,0.003651658234495724
2023-01-11,0.012648001134849762,0.19162144951246665,0.521862245872919,0.0011434211126999383,0.006600514278035925,2.2868422253998768e-07,0.006600285593813385
2023-01-12,0.003640581134098042,0.1949102109080447,0.5130567533333504,0.008805492539568527,0.0018678247369069883,1.7610985079137054e-06,0.0018660636383990745
2023-01-13,0.003879513184290584,0.18873426512223337,0.5298454943262964,0.016788740992945916,0.0020555425808758284,3.3577481985891836e-06,0.002052184832677239
2023-01-17,-0.0018318270336247222,0.18730833063995106,0.5338790840660611,0.0040335897397647535,-0.0009779741388790163,8.067179479529507e-07,-0.0009787808568269692
2023-01-18,-0.01578822409298286,0.1860480396127124,0.5374955855926533,0.0036165015265922085,-0.00848610075432586,7.233003053184417e-07,-0.008486824054631179
2023-01-19,-0.007279565546253974,0.1736394527385736,0.5759059846298701,0.03841039903721677,-0.004192345363593073,7.682079807443354e-06,-0.004200027443400516
2023-01-20,0.018628785950780324,0.17027206539804007,0.5872953955555358,0.0113894109256657,0.010940600213682938,2.27788218513314e-06,0.010938322331497805
2023-01-23,0.011998820039305746,0.17756172281064872,0.5631844432295788,0.024110952325956947,0.00675754878324832,4.8221904651913894e-06,0.006752726592783129
2023-01-24,-0.001073479876813055,0.18086684927605576,0.5528929176367237,0.010291525592855177,-0.0005935194211154806,2.0583051185710357e-06,-0.0005955777262340516
2023-01-25,0.0003747460256304791,0.17541837429155818,0.5700657095008341,0.01717279186411047,0.00021362985898365684,3.434558372822094e-06,0.00021019530061083474
2023-01-26,0.010990558088269209,0.1656325599076018,0.603746027084198,0.03368031758336387,0.006635505781230633,6.7360635166727745e-06,0.00662876971771396
2023-01-27,0.0022976374974943425,0.16792718656971978,0.5954961911928546,0.008249835891343427,0.0013682343784997629,1.6499671782686854e-06,0.0013665844113214941
2023-01-30,-0.01254683003353041,0.16620003380314652,0.601684594832536,0.006188403639681428,-0.007549234345157438,1.2376807279362855e-06,-0.0075504720258853745
2023-01-31,0.014703244958183426,0.16633923764379335,0.6011810647716488,0.000503530060887214,0.008839312459559089,1.007060121774428e-07,0.008839211753546912
2023-02-01,0.010627889218882913,0.16294759798747793,0.6136942258436036,0.01251316107195477,0.00652227424653393,2.502632214390954e-06,0.006519771614319539
2023-02-02,0.014557136931436787,0.16381558185372824,0.6104425407424948,0.0032516851011087367,0.008886295654362678,6.503370202217474e-07,0.008885645317342455
2023-02-03,-0.010629199802429823,0.16562818263140452,0.6037619830831806,0.00668055765931419,-0.006417506751302381,1.3361115318628382e-06,-0.006418842862834244
2023-02-06,-0.00611145008141345,0.17296895606743096,0.5781384259555545,0.025623557127626095,-0.0035332641303743176,5.124711425525219e-06,-0.003538388841799843
2023-02-07,0.0130787683842426,0.16812251956077123,0.5948043145038224,0.016665888548267893,0.007779307863343686,3.3331777096535787e-06,0.007775974685634032
2023-02-08,-0.010934725802802747,0.15704732929179463,0.6367507199960055,0.04194640549218309,-0.0069626945278935485,8.389281098436619e-06,-0.006971083808991985
2023-02-09,-0.008669201449988728,0.16418129128381667,0.6090827963286765,0.027667923667329064,-0.0052802614610957515,5.533584733465813e-06,-0.005285795045829217
2023-02-10,0.0023335873505687665,0.1680216662100414,0.5951613399369072,0.013921456391769227,0.0013888609744243244,2.7842912783538456e-06,0.0013860766831459705
2023-02-13,0.011739013618119243,0.16354573963688765,0.6114497401278991,0.01628840019099187,0.00717781682615688,3.2576800381983742e-06,0.007174559146118682
2023-02-14,-0.0004601509437346385,0.1672238558679607,0.5980008024630147,0.01344893766488442,-0.00027517063360742736,2.689787532976884e-06,-0.00027786042114040423
2023-02-15,0.00324759953140763,0.16725922980264127,0.5978743302716133,0.00012647219140138333,0.001941656394830742,2.5294438280276666e-08,0.0019416311003924618
2023-02-16,-0.013769106004954734,0.1668272015916932,0.5994226303978193,0.0015483001262059926,-0.008253513739716375,3.0966002524119853e-07,-0.008253823399741617
2023-02-17,-0.002498216899446848,0.16424785509502376,0.6088359567444344,0.00941332634661507,-0.001521004276129836,1.882665269323014e-06,-0.0015228869413991591
2023-02-21,-0.020060866592698012,0.1616393019706521,0.6186614194743084,0.009825462729874057,-0.012410884202123286,1.9650925459748117e-06,-0.01241284929466926
2023-02-22,-0.0013780769013614913,0.1677809866735063,0.5960150907599273,0.022646328714381103,-0.0008213546294391287,4.5292657428762204e-06,-0.0008258838951820049
2023-02-23,0.005319308248879828,0.162482593484271,0.6154505406124037,0.01943544985247636,0.0032737711374571086,3.887089970495272e-06,0.0032698840474866134
2023-02-24,-0.01068229738258586,0.16355471611360325,0.6114161815458818,0.004034359066521831,-0.006531329475798214,8.068718133043662e-07,-0.006532136347611519
2023-02-27,0.0034057003389516005,0.16775628379396795,0.5961028567061982,0.015313324839683617,0.0020301477011343168,3.0626649679367236e-06,0.00202708503616638
2023-02-28,-0.003695863725286519,0.16325227281716104,0.6125488991629403,0.016446042456742083,-0.002263897256380501,3.2892084913484166e-06,-0.0022671864648718494
2023-03-01,-0.003835945936890295,0.16314770359802713,0.612941511247905,0.0003926120849646608,-0.002351210499622798,7.852241699293217e-08,-0.002351289022039791
2023-03-02,0.007777355364443572,0.1581389121879572,0.632355431161334,0.019413919913429,0.004918052904777629,3.8827839826858e-06,0.004914170120794943
2023-03-03,0.016037673103702632,0.15133859246691442,0.6607699884737726,0.028414557312438582,0.01059721307187972,5.682911462487717e-06,0.010591530160417233
2023-03-06,0.000692820495610702,0.1575988692427069,0.63452231910368,0.026247669370092597,0.00043961006759746354,5.24953387401852e-06,0.000434360533723445
2023-03-07,-0.015328792059369878,0.14766409223740581,0.6772127095003284,0.04269039039664846,-0.010380852803892993,8.538078079329693e-06,-0.010389390881972323
2023-03-08,0.0016322228747125411,0.15219875004979427,0.6570356193285648,0.020177090171763612,0.001072428567369005,4.035418034352723e-06,0.0010683931493346522
2023-03-09,-0.018449953340476277,0.15167550389037493,0.6593022435071392,0.0022666241785743724,-0.012164095629978047,4.533248357148745e-07,-0.012164548954813762
2023-03-10,-0.014429289309512594,0.15348365401665603,0.6515351790435483,0.007767064463590878,-0.009401189593744445,1.5534128927181757e-06,-0.009402743006637163
2023-03-13,-0.001425307722233593,0.15628585630379965,0.6398531662750904,0.011682012768457928,-0.0009119876589875016,2.3364025536915855e-06,-0.0009143240615411931
2023-03-14,0.01652997012636037,0.1549300190219489,0.6454527058815699,0.00559953960647952,0.010669313946200817,1.119907921295904e-06,0.01066819403827952
2023-03-15,-0.006254228527553418,0.1678499384398393,0.5957702512702556,0.049682454611314264,-0.003726083301362101,9.936490922262852e-06,-0.0037360197922843637
2023-03-16,0.017545033361856754,0.16087302865556394,0.6216082387191473,0.025837987448891653,0.010906137286332456,5.167597489778331e-06,0.010900969688842677
2023-03-17,-0.011692521398339095,0.17551824640830627,0.56974133485456,0.051866903864587255,-0.006661712749305223,1.037338077291745e-05,-0.006672086130078141
2023-03-20,0.009615361098016972,0.1776291964904191,0.562970513720664,0.006770821133896043,0.005413164776960302,1.3541642267792088e-06,0.005411810612733523
2023-03-21,0.01313066590438261,0.17757024753878803,0.5631574060747775,0.00018689235411351035,0.007394631750746633,3.7378470822702075e-08,0.00739459437227581
2023-03-22,-0.017046504734449464,0.18456194856781122,0.5418234949077724,0.021333911167005115,-0.009236196771181296,4.266782233401023e-06,-0.009240463553414697
2023-03-23,0.0027034105624375027,0.18084392365964358,0.5529630079703673,0.011139513062594975,0.0014948860363843042,2.227902612518995e-06,0.001492658133771785
2023-03-24,0.006561910930938275,0.18117414141140498,0.551955147798509,0.001007860171858388,0.003621880517726687,2.015720343716776e-07,0.0036216789456923154
2023-03-27,0.0018700007246694739,0.18171892205465934,0.5503004247951733,0.0016547230033356897,0.0010290621931528933,3.3094460066713795e-07,0.001028731248552226
2023-03-28,-0.0022447681817562293,0.17788217441066526,0.5621698763875933,0.011869451592420033,-0.001261941051256702,2.3738903184840066e-06,-0.001264314941575186
2023-03-29,0.014535050770606794,0.17769775208481917,0.5627533203248837,0.0005834439372903732,0.008179648082249732,1.1668878745807465e-07,0.008179531393462275
2023-03-30,0.005855098241038581,0.1840479465796615,0.5433366786122603,0.01941664171262336,0.00318128963123439,3.883328342524673e-06,0.0031774063028918655
2023-03-31,0.014094796629497308,0.18399838353926756,0.5434830354292691,0.0001463568170088081,0.007660282855957428,2.927136340176162e-08,0.0076602535845940265
2023-04-03,0.003810404735610007,0.1880508660097764,0.531771015586821,0.011712019842448074,0.0020262627960521656,2.342403968489615e-06,0.002023920392083676
2023-04-04,-0.005548109677563584,0.18086857916836638,0.5528876295694916,0.021116613982670507,-0.0030674812082196862,4.223322796534102e-06,-0.0030717045310162203
2023-04-05,-0.0026183707004513446,0.18230311760430654,0.5485369713591651,0.00435065821032643,-0.0014362731339211563,8.701316420652861e-07,-0.0014371432655632217
2023-04-06,0.0039010096758456125,0.17328404590287771,0.5770871719837846,0.028550200624619437,0.002251222641715125,5.7100401249238875e-06,0.002245512601590201
2023-04-10,0.0010262811264352134,0.17351006232724922,0.5763354508592976,0.0007517211244869593,0.0005914821957124266,1.5034422489739187e-07,0.0005913318514875292
2023-04-11,0.0002687267289793738,0.15776835953898272,0.6338406527912916,0.05750520193199404,0.0001703299253187548,1.1501040386398809e-05,0.00015882888493235598
2023-04-12,-0.004075990587934397,0.14580227286621858,0.6858603644111596,0.05201971161986796,-0.0027955603899771425,1.0403942323973592e-05,-0.002805964332301116
2023-04-13,0.013282698737322018,0.147116826667422,0.6797318992345034,0.006128465176656217,0.009028674039679635,1.2256930353312435e-06,0.009027448346644304
2023-04-14,-0.002442868872969073,0.14373134415796102,0.6957424672109086,0.01601056797640521,-0.0016996076167522345,3.2021135952810422e-06,-0.0017028097303475155
2023-04-17,0.0035884055441717244,0.1412931637404277,0.7077483252035596,0.01200585799265097,0.0025396880140387055,2.401171598530194e-06,0.0025372868424401755
2023-04-18,0.0006521155542618118,0.1310639835075259,0.762986118106641,0.055237792903081395,0.0004975551153031803,1.104755858061628e-05,0.00048650755672256405
2023-04-19,-0.00016894828731650602,0.12103519313083425,0.8262059770657281,0.0632198589590871,-0.00013958608479591522,1.2643971791817421e-05,-0.00015223005658773265
2023-04-20,-0.005457007487032706,0.11892336644784174,0.8408776423585244,0.014671665292796288,-0.004588675590028877,2.9343330585592576e-06,-0.004591609923087436
2023-04-21,0.0007768032635153688,0.11523383409806282,0.8678006835640045,0.02692304120548017,0.0006741104030733865,5.384608241096034e-06,0.0006687257948322905
2023-04-24,0.0010431613806292095,0.09347922786738136,1.069756375628922,0.20195569206491737,0.0011159285377379655,4.0391138412983474e-05,0.001075537399324982
2023-04-25,-0.015873680002582824,0.09358787592332879,1.0685144738397985,0.001241901789123423,-0.016961256835861117,2.483803578246846e-07,-0.016961505216218944
2023-04-26,-0.004235609072473112,0.1113571844952085,0.898011210083197,0.17050326375660152,-0.003803624428610947,3.4100652751320304e-05,-0.0038377250813622673
2023-04-27,0.01990791529641478,0.11292719691405684,0.8855262747388031,0.012484935344393877,0.017628982070249814,2.4969870688787756e-06,0.017626485083180935
2023-04-28,0.008535243352076005,0.12981582974218603,0.770322080123817,0.1152041946149861,0.006574886413334168,2.3040838922997222e-05,0.006551845574411171
2023-05-01,-0.0010098035026345764,0.12406127744103236,0.8060532832053987,0.03573120308158173,-0.0008139554286909118,7.146240616316347e-06,-0.0008211016693072281
2023-05-02,-0.011239125891845836,0.12346268367296677,0.8099613342674802,0.003908051062081475,-0.009103257403359636,7.816102124162949e-07,-0.009104039013572053
2023-05-03,-0.006863899262509854,0.12182740781025612,0.820833355953433,0.010872021685952804,-0.005634117466572257,2.174404337190561e-06,-0.005636291870909447
2023-05-04,-0.007083161023273554,0.12343845325977798,0.8101203260344536,0.010713029918979378,-0.0057382127175289056,2.142605983795876e-06,-0.005740355323512702
2023-05-05,0.018512529319208992,0.12436993225614242,0.8040528621825408,0.006067463851912813,0.014885052185348194,1.2134927703825628e-06,0.014883838692577813
2023-05-08,0.00026652877135324715,0.14013143944544484,0.7136157338834118,0.09043712829912898,0.00019019912477029154,1.8087425659825795e-05,0.00017211169911046575
2023-05-09,-0.004385190526151939,0.1396242735139137,0.716207844691381,0.0025921108079691724,-0.003140707855296343,5.184221615938345e-07,-0.003141226277457937
2023-05-10,0.0046722912324459465,0.14059694671223766,0.7112529990048208,0.004954845686560239,0.0033231811513011094,9.909691373120479e-07,0.003322190182163797
2023-05-11,-0.0017438742796334061,0.1414527749783312,0.7069497223742607,0.004303276630560071,-0.0012328314378424502,8.606553261120143e-07,-0.0012336920931685623
2023-05-12,-0.0013104219588023769,0.14075189176632044,0.7104700245594022,0.003520302185141544,-0.0009310155212535046,7.040604370283088e-07,-0.000931719581690533
2023-05-15,0.00345006829145289,0.13292824189697577,0.7522855833563469,0.04181555879694465,0.0025954366372548726,8.36311175938893e-06,0.0025870735254954836
2023-05-16,-0.006682492792676853,0.13323345376011705,0.7505622437743533,0.0017233395819935549,-0.005015626784477483,3.44667916398711e-07,-0.005015971452393882
2023-05-17,0.01213901332919165,0.13458583839861085,0.7430202255294058,0.00754201824494749,0.009019532421560443,1.508403648989498e-06,0.009018024017911453
2023-05-18,0.009633040905335122,0.14141794975385918,0.707123814014077,0.03589641151532885,0.006811752625534189,7.179282303065771e-06,0.006804573343231123
2023-05-19,-0.001455154220409871,0.14516204986614972,0.6888852843577746,0.01823852965630235,-0.0010024343289114699,3.64770593126047e-06,-0.0010060820348427304
2023-05-22,0.00040618676829140554,0.1437052443663053,0.6958688281765109,0.006983543818736226,0.0002826527104717443,1.3967087637472453e-06,0.00028125600170799704
2023-05-23,-0.01122276880631623,0.1437121262430106,0.6958355054249534,3.33227515574297e-05,-0.007809201004610455,6.66455031148594e-09,-0.007809207669160767
2023-05-24,-0.007244767727471735,0.14960526866561966,0.6684256570101712,0.027409848414782223,-0.00484258862812138,5.481969682956445e-06,-0.004848070597804336
2023-05-25,0.008659868222557598,0.14063350006880196,0.7110681306450961,0.042642473634924905,0.006157756308646903,8.528494726984982e-06,0.006149227813919918
2023-05-26,0.012950739159889313,0.1421090515854806,0.7036849439519944,0.007383186693101673,0.00911324015986361,1.4766373386203346e-06,0.00911176352252499
2023-05-30,0.0003808365414137427,0.13229556917588678,0.7558832137987187,0.052198269846724266,0.0002878679488558086,1.0439653969344853e-05,0.00027742829488646375
2023-05-31,-0.005545111949878612,0.1293518686311014,0.7730850822510342,0.017201868452315527,-0.004286843327863099,3.4403736904631057e-06,-0.004290283701553562
2023-06-01,0.009500734355175844,0.13096979682719034,0.7635348181225797,0.0095502641284545,0.007254141477910133,1.9100528256909002e-06,0.007252231425084442
2023-06-02,0.014461292762298461,0.12760897299359805,0.7836439527259329,0.020109134603353174,0.011332504621774491,4.0218269206706345e-06,0.01132848279485382
2023-06-05,-0.0019162841429363198,0.1317602367669982,0.7589543131805215,0.024689639545411368,-0.001454372115560959,4.937927909082274e-06,-0.0014593100434700413
2023-06-06,0.002177462201675473,0.128292669124588,0.7794677644666327,0.02051345128611115,0.001697261594550573,4.10269025722223e-06,0.0016931589042933509
2023-06-07,-0.0034576509440906733,0.11441021747884327,0.8740478097464678,0.0945800452798351,-0.0030221522345502596,1.8916009055967022e-05,-0.0030410682436062264
2023-06-08,0.006048552856186884,0.11574683626343138,0.8639544995632302,0.010093310183237558,0.005225674455948686,2.0186620366475116e-06,0.005223655793912039
2023-06-09,0.001794483881022657,0.11459342468286098,0.8726504184402509,0.008695918877020703,0.0015659571096587072,1.7391837754041407e-06,0.001564217925883303
2023-06-12,0.009071722296726925,0.11420947648067742,0.8755840853269172,0.0029336668866662974,0.007943055669519446,5.867333773332595e-07,0.007942468936142113
2023-06-13,0.00659295942324567,0.11593013506585235,0.8625884886893,0.01299559663761718,0.005687010904887362,2.599119327523436e-06,0.005684411785559839
2023-06-14,0.001190716301083139,0.11591686513517145,0.862687236092775,9.874740347493027e-05,0.0010272157547520256,1.9749480694986054e-08,0.0010271960052713306
2023-06-15,0.012397725311585006,0.11603240735990958,0.8618281933065457,0.0008590427862292804,0.010684709206394137,1.7180855724585609e-07,0.010684537397836891
2023-06-16,-0.0034062534638480413,0.11533835256475376,0.8670142912250942,0.005186097918548516,-0.0029532704326912314,1.0372195837097033e-06,-0.0029543076522749413
2023-06-20,-0.005188221050783204,0.11347112139024097,0.8812814994229929,0.014267208197898729,-0.004572283226972158,2.853441639579746e-06,-0.004575136668611738
2023-06-21,-0.005123692693211224,0.11401348651924767,0.877089220345157,0.004192279077835925,-0.00449393562957681,8.384558155671851e-07,-0.004494774085392377
2023-06-22,0.0036097827997971788,0.11618291163520363,0.8607117741547444,0.016377446190412592,0.0031069825579267104,3.2754892380825187e-06,0.003103707068688628
2023-06-23,-0.007560143192721691,0.11615043660197076,0.8609524245068854,0.00024065035214093644,-0.006508923611392965,4.813007042818729e-08,-0.006508971741463393
2023-06-26,-0.004085595843359213,0.11142289389027556,0.8974816261591237,0.036529201652238386,-0.0036667472013269834,7.305840330447677e-06,-0.003674053041657431
2023-06-27,0.010963307794132016,0.10849334413047058,0.9217155282792577,0.024233902120133988,0.010105051035156494,4.846780424026798e-06,0.010100204254732468
2023-06-28,0.0005043104234006002,0.11041687624490135,0.9056586583576498,0.01605686992160793,0.00045673310145276586,3.211373984321586e-06,0.0004535217274684443
2023-06-29,0.003941496087357832,0.10396241691118245,0.9618860639362816,0.05622740557863182,0.0037912701574888794,1.1245481115726363e-05,0.003780024676373153
2023-06-30,0.01180069614057011,0.10398693451286482,0.9616592744892237,0.00022678944705789572,0.011348248889008435,4.535788941157915e-08,0.011348203531119023
2023-07-03,0.0011504421616792548,0.1050859735945826,0.9516017845140392,0.01005748997518452,0.0010947628140341678,2.011497995036904e-06,0.001092751316039131
2023-07-05,-0.0014870253062684302,0.10254286169965567,0.9752019627938255,0.023600178279786332,-0.0014501499973970627,4.720035655957267e-06,-0.00145487003305302
2023-07-06,-0.00783085815328255,0.0938468173551673,1.0655662367488257,0.09036427395500013,-0.008344298052907146,1.8072854791000026e-05,-0.008362370907698145
2023-07-07,-0.002524592077363219,0.09894222404946022,1.0106908446894323,0.0548753920593934,-0.0025515820991664803,1.097507841187868e-05,-0.002562557177578359
2023-07-10,0.002530981773897434,0.09991823416133681,1.0008183274989744,0.009872517190457897,0.002533052945882417,1.9745034380915794e-06,0.0025310784424443255
2023-07-11,0.006368614939907591,0.09842816504922261,1.0159693615134584,0.015151034014484033,0.006470317654222987,3.030206802896807e-06,0.00646728744742009
2023-07-12,0.00804582633721429,0.09861495483681897,1.0140449809612844,0.001924380552174032,0.008158829814938266,3.8487611043480643e-07,0.00815844493882783
2023-07-13,0.007936935192751626,0.10107504774655571,0.9893638660527634,0.024681114908520985,0.007852516886910984,4.9362229817041975e-06,0.00784758066392928
2023-07-14,-0.0006228861330327407,0.10013978978551248,0.9986040535354439,0.009240187482680517,-0.0006220166173375126,1.8480374965361037e-06,-0.0006238646548340487
2023-07-17,0.0034723573590087486,0.09898891653411174,1.0102141078141798,0.011610054278735848,0.0035078243914430244,2.32201085574717e-06,0.003505502380587277
2023-07-18,0.007430435704876004,0.09919904130500885,1.0080742584248212,0.002139849389358517,0.007490430962966191,4.279698778717034e-07,0.00749000299308832
2023-07-19,0.0022238554704570035,0.09376904112468086,1.0664500649743671,0.05837580654954588,0.002371630810962473,1.1675161309909177e-05,0.002359955649652564
2023-07-20,-0.006634494192364615,0.09212791219996405,1.0854473699886908,0.01899730501432373,-0.007201394272307415,3.799461002864746e-06,-0.00720519373331028
2023-07-21,0.0,0.09361330828336556,1.0682241855752181,0.017223184413472703,0.0,3.444636882694541e-06,-3.444636882694541e-06
2023-07-24,0.004467271138958395,0.0905936013929918,1.1038307172070971,0.03560653163187899,0.004931111105275011,7.121306326375798e-06,0.004923989798948636
2023-07-25,0.0027301361601883567,0.09084963464915304,1.1007198915679104,0.003110825639186743,0.003005115178208159,6.221651278373486e-07,0.003004493013080322
2023-07-26,0.00015364150894181527,0.08407626990522803,1.1893962483435747,0.08867635677566432,0.00018274063432524088,1.7735271355132865e-05,0.00016500536297010801
2023-07-27,-0.006629979177784628,0.08118940831361843,1.23168775431544,0.04229150597186537,-0.008166064164643676,8.458301194373075e-06,-0.008174522465838049
2023-07-28,0.00979033491976189,0.08123150437039642,1.2310494650452821,0.0006382892701579657,0.012052386565587018,1.2765785403159313e-07,0.012052258907732987
2023-07-31,0.0019040724619334704,0.08566639187920282,1.1673189194311913,0.06373054561409086,0.0022226598087828667,1.2746109122818173e-05,0.0022099136996600486
2023-08-01,-0.002861648273700834,0.08543656601200489,1.1704590278821456,0.0031401084509543598,-0.0033494420565764985,6.28021690190872e-07,-0.0033500700782666893
2023-08-02,-0.01391073356115402,0.07935988170507073,1.2600825234548008,0.08962349557265514,-0.017528672248846345,1.792469911453103e-05,-0.017546596947960878
2023-08-03,-0.002865940487663754,0.09549153806775958,1.0472132088713586,0.21286931458344216,-0.003001250734520706,4.2573862916688436e-05,-0.0030438245974373944
2023-08-04,-0.004522745349619273,0.09600626252360636,1.0415987183691444,0.005614490502214187,-0.004710885759673443,1.1228981004428375e-06,-0.004712008657773886
2023-08-07,0.008728562671913798,0.09296997367208701,1.0756160946404965,0.03401737627135204,0.009388582492988736,6.803475254270408e-06,0.009381779017734466
2023-08-08,-0.0043485857485192625,0.09604443484232106,1.0411847408355612,0.03443135380493523,-0.004527681125573243,6.886270760987046e-06,-0.00453456739633423
2023-08-09,-0.006685311212118239,0.0978910281631999,1.0215440768819397,0.019640663953621518,-0.006829340070851808,3.928132790724304e-06,-0.006833268203642532
2023-08-10,0.00035901784315828245,0.0992934462967666,1.0071158140802332,0.014428262801706504,0.0003615725473816831,2.885652560341301e-06,0.0003586868948213418
2023-08-11,-0.0005833011763488605,0.09529771242083983,1.049343131746905,0.04222731766667187,-0.000612083083141567,8.445463533334374e-06,-0.0006205285466749014
2023-08-14,0.005520037047133108,0.09082850166015712,1.1009759951139442,0.051632863367039095,0.006077428281033212,1.0326572673407819e-05,0.006067101708359804
2023-08-15,-0.011648691551893964,0.09310307953653467,1.0740783279972916,0.026897667116652535,-0.012511607145414445,5.379533423330507e-06,-0.012516986678837777
2023-08-16,-0.007338300442465195,0.10023836870476813,0.9976219814044441,0.0764563465928475,-0.007320849827553238,1.52912693185695e-05,-0.0073361410968718075
2023-08-17,-0.007619873679635569,0.09793685370449665,1.0210660871517117,0.02344410574726752,-0.007780394602655806,4.688821149453504e-06,-0.007785083423805259
2023-08-18,0.0004813736705591154,0.09911083295343864,1.0089714415676345,0.012094645584077135,0.00048569228631673424,2.418929116815427e-06,0.00048327335719991883
2023-08-21,0.0065063033964274375,0.09797702585912614,1.0206474336522784,0.011675992084643871,0.006640641864126767,2.3351984169287745e-06,0.006638306665709838
2023-08-22,-0.002708630796397493,0.10188137423529904,0.9815336782663147,0.03911375538596373,-0.002658612348653449,7.822751077192747e-06,-0.0026664350997306417
2023-08-23,0.011137811255540031,0.0997275010237424,1.002732435621672,0.021198757355357367,0.011168244607762128,4.239751471071474e-06,0.011164004856291057
2023-08-24,-0.013859214071814563,0.10830955540406292,0.9232795723972549,0.07945286322441714,-0.012795929241986968,1.589057264488343e-05,-0.012811819814631852
2023-08-25,0.007049871211805447,0.1165187219947139,0.8582311776860778,0.06504839471117707,0.006050419272642966,1.3009678942235415e-05,0.006037409593700731
2023-08-28,0.0063413039300805885,0.11921537275579444,0.8388179954345655,0.01941318225151234,0.005319199851071531,3.8826364503024685e-06,0.005315317214621229
2023-08-29,0.014454760432480285,0.11571691851225667,0.8641778685923793,0.02535987315781385,0.012491484061554271,5.07197463156277e-06,0.012486412086922707
2023-08-30,0.004119011758771718,0.12786167436106194,0.7820951860650222,0.08208268252735718,0.003221459267880581,1.6416536505471437e-05,0.0032050427313751093
2023-08-31,-0.001463500938383877,0.12877840538609275,0.7765277081991214,0.005567477865900727,-0.0011364490296304956,1.1134955731801454e-06,-0.0011375625252036759
2023-09-01,0.0018651692980347079,0.11937284089080853,0.8377114865806952,0.06118377838157374,0.0015624737453813267,1.2236755676314749e-05,0.001550236989705012
2023-09-05,-0.004321914265616789,0.11904118396232902,0.8400454084163456,0.002333921835650399,-0.0036306042344004855,4.6678436713007976e-07,-0.0036310710187676155
2023-09-06,-0.006722372421519296,0.11894117845863748,0.8407517169066524,0.0007063084903068395,-0.005651846155078279,1.412616980613679e-07,-0.00565198741677634
2023-09-07,-0.0030703020367922607,0.11715025258248049,0.853604646986094,0.012852930079441549,-0.002620824086256743,2.57058601588831e-06,-0.0026233946722726315
2023-09-08,0.0015059837736284276,0.11669716658893894,0.8569188346469968,0.0033141876609028564,0.001290505860294959,6.628375321805713e-07,0.0012898430227627784
2023-09-11,0.006576860641868798,0.11455951468127018,0.8729087258986916,0.01598989125169481,0.005740999043306944,3.197978250338962e-06,0.005737801065056605
2023-09-12,-0.005485781870840811,0.11680771257675746,0.8561078527608983,0.016800873137793326,-0.004696420938160191,3.3601746275586652e-06,-0.00469978111278775
2023-09-13,0.0011661802196258897,0.11849524109178047,0.8439157478277547,0.0121921049331436,0.000984157852147518,2.43842098662872e-06,0.0009817194311608891
2023-09-14,0.008622192924120586,0.11691812535823208,0.8552993788910345,0.011383631063279775,0.00737455625267901,2.2767262126559554e-06,0.007372279526466354
2023-09-15,-0.01204824785433245,0.11280113621864153,0.8865158929442946,0.03121651405326009,-0.010680963204997713,6.243302810652019e-06,-0.010687206507808366
2023-09-18,0.0005864319287232078,0.11814698248702613,0.8464033350236527,0.040112557920641834,0.0004963579402356761,8.022511584128367e-06,0.0004883354286515477
2023-09-19,-0.0020738287592076965,0.11431399332479836,0.8747835421676833,0.028380207144030556,-0.0018141512678289202,5.676041428806111e-06,-0.0018198273092577264
2023-09-20,-0.009193263597168877,0.11479814853362787,0.8710941881672156,0.0036893540004676595,-0.00800819848978304,7.378708000935319e-07,-0.008008936360583134
2023-09-21,-0.016528359435111217,0.11791825388592811,0.8480451219769427,0.023049066190272915,-0.014016794593227645,4.609813238054583e-06,-0.014021404406465699
2023-09-22,-0.0022485745369166255,0.13107607123251216,0.7629157561688953,0.08512936580804742,-0.001715472943133871,1.7025873161609484e-05,-0.0017324988162954805
2023-09-25,0.0042051361330319725,0.12406411260940985,0.806034862916638,0.043119106747742664,0.003389486326534227,8.623821349548533e-06,0.0033808625051846785
2023-09-26,-0.01469117974189238,0.1163390070367699,0.8595569323399347,0.053522069423296736,-0.012627905391395607,1.0704413884659348e-05,-0.012638609805280266
2023-09-27,0.00039912898714855594,0.12316882911554689,0.8118937292664219,0.047663203073512794,0.0003240503218343709,9.532640614702559e-06,0.00031451768121966835
2023-09-28,0.00579747125046981,0.12017557646218427,0.8321158337149069,0.020222104448485045,0.00482416762302289,4.0444208896970095e-06,0.004820123202133193
2023-09-29,-0.0024270904217696954,0.10877146883438094,0.9193587350765975,0.08724290136169055,-0.0022313667800747125,1.744858027233811e-05,-0.0022488153603470507
2023-10-02,-0.0003977090012120543,0.10643383855542185,0.9395508172706593,0.020192082194061767,-0.00037366781712468324,4.038416438812354e-06,-0.0003777062335634956
2023-10-03,-0.01338594990876607,0.10661077855701587,0.9379914615905334,0.0015593556801258845,-0.012555906719701153,3.1187113602517693e-07,-0.012556218590837179
2023-10-04,0.007282136207094281,0.11203953323512446,0.8925420975303558,0.04544936406017752,0.006499613124781679,9.089872812035505e-06,0.006490523251969644
2023-10-05,-0.0003769354737163111,0.11744098661824942,0.8514914841873508,0.04105061334300508,-0.0003209573459575639,8.210122668601016e-06,-0.0003291674686261649
2023-10-06,0.011872702287896608,0.11660863157318747,0.8575694496272059,0.006077965439855171,0.010181666766619163,1.2155930879710342e-06,0.010180451173531191
2023-10-09,0.0064021982644399955,0.12626139663278432,0.7920077131004472,0.06556173652675878,0.005070590406234773,1.3112347305351757e-05,0.005057478058929421
2023-10-10,0.005204839800025507,0.12882796837877694,0.7762289606708876,0.015778752429559506,0.00404014738843227,3.1557504859119015e-06,0.004036991637946358
2023-10-11,0.004096329669438736,0.12786368260596578,0.7820829023685125,0.005853941697624876,0.0032036693969328964,1.1707883395249752e-06,0.0032024986085933712
2023-10-12,-0.006096385366099577,0.12822011923314183,0.7799088052489691,0.0021740971195434167,-0.00475462462721202,4.3481942390868334e-07,-0.004755059446635929
2023-10-13,-0.004980947856252582,0.12924911155794247,0.7736997089931248,0.006209096255844315,-0.0038537579068925517,1.2418192511688632e-06,-0.0038549997261437207
2023-10-16,0.010521569293863386,0.12474822856579702,0.8016145892384848,0.02791488024536004,0.008434243447644553,5.582976049072008e-06,0.00842866047159548
2023-10-17,-4.596869727169217e-05,0.12596752317206428,0.7938554119493629,0.007759177289121899,-3.6492499109394746e-05,1.55183545782438e-06,-3.804433456721913e-05
2023-10-18,-0.01332501949415743,0.12590116680107455,0.7942738144595696,0.0004184025102066391,-0.010583714061372547,8.368050204132782e-08,-0.010583797741874588
2023-10-19,-0.008786523905952914,0.13316595283669705,0.750942698713921,0.04333111574564852,-0.006598175974250664,8.666223149129705e-06,-0.0066068421973997935
2023-10-20,-0.012288052505455282,0.13287043369265814,0.752612881743951,0.0016701830300299703,-0.009248146607151678,3.3403660600599404e-07,-0.009248480643757684
2023-10-23,-0.0017330797828243316,0.1274525056235687,0.7846059950782786,0.03199311333432753,-0.0013597847875529317,6.398622666865506e-06,-0.0013661834102197971
2023-10-24,0.007539391567962461,0.12740688333592742,0.7848869494463259,0.0002809543680473148,0.005917570048459408,5.6190873609462956e-08,0.0059175138575857985
2023-10-25,-0.014352265498730699,0.12965449734159357,0.7712806115512948,0.013606337895031073,-0.011069624111007563,2.7212675790062146e-06,-0.01107234537858657
2023-10-26,-0.011974614723953003,0.1292056216073137,0.7739601323534014,0.0026795208021066497,-0.009267874396631655,5.359041604213299e-07,-0.009268410300792077
2023-10-27,-0.0045326618301441135,0.13462406804433505,0.7428092275971598,0.031150904756241604,-0.003366903033008478,6.230180951248321e-06,-0.003373133213959726
2023-10-30,0.011955641753641721,0.13230675682299228,0.755819297526776,0.013010069929616175,0.009036304751719279,2.602013985923235e-06,0.009033702737733356
2023-10-31,0.006280243872613278,0.14081516124219162,0.7101508042021656,0.045668493324610426,0.004459920236722042,9.133698664922085e-06,0.00445078653805712
2023-11-01,0.010664845087113184,0.14323653030868633,0.6981459253759631,0.012004878826202492,0.007445618142333928,2.4009757652404985e-06,0.007443217166568687
2023-11-02,0.019164265161966787,0.14122015167019822,0.7081142373613742,0.009968311985411149,0.013570489009757264,1.99366239708223e-06,0.013568495347360182
2023-11-03,0.009123600847574131,0.1541765029749222,0.6486072655070251,0.05950697185434917,0.0059176337973226335,1.1901394370869833e-05,0.0059057324029517634
2023-11-06,0.002300344470738791,0.15681158758937752,0.6377079751392941,0.010899290367730963,0.0014669480145577056,2.1798580735461926e-06,0.0014647681564841594
2023-11-07,0.0028460458234895736,0.1520174377878602,0.6578192703099605,0.020111295170666343,0.0018721837868766217,4.022259034133269e-06,0.0018681615278424884
2023-11-08,0.0007323394361860025,0.1508374003589092,0.6629655494065502,0.005146279096589712,0.0004855158166631363,1.0292558193179425e-06,0.0004844865608438184
2023-11-09,-0.007798612756973133,0.14989161742362678,0.6671487153105964,0.0041831659040462155,-0.005202834482019454,8.366331808092431e-07,-0.005203671115200263
2023-11-10,0.015604568434403499,0.15178590956110344,0.6588226818230691,0.008326033487527251,0.010280643624645324,1.6652066975054504e-06,0.010278978417947818
2023-11-13,-0.0009530378646105397,0.15962729738595074,0.6264592687942188,0.032363413028850374,-0.0005970394037971224,6.472682605770075e-06,-0.0006035120864028925
2023-11-14,0.0194007709739088,0.1583926164070558,0.6313425604575428,0.004883291663324019,0.012248532421517957,9.766583326648037e-07,0.012247555763185293
2023-11-15,0.0021170155644785194,0.16782555788321443,0.5958568007239248,0.035485759733618005,0.0012614381213329243,7.097151946723601e-06,0.0012543409693862007
2023-11-16,0.001223092010858906,0.16775472652866563,0.5961083903225355,0.00025158959861071306,0.0007290954098094556,5.0317919722142616e-08,0.0007290450918897334
2023-11-17,0.0012437526668118704,0.15886444585181017,0.6294674649435449,0.0333590746210094,0.0007829018381948415,6.67181492420188e-06,0.0007762300232706396
2023-11-20,0.007697626206968566,0.15383169771297714,0.6500610829023183,0.020593617958773458,0.005003927227879251,4.118723591754692e-06,0.004999808504287496
2023-11-21,-0.002179354867042904,0.14460989443086716,0.6915156144298719,0.04145453152755352,-0.0015070579199439056,8.290906305510703e-06,-0.0015153488262494162
2023-11-22,0.0038607640202614757,0.1448271258707871,0.6904783851694931,0.001037229260378747,0.002665774106230624,2.074458520757494e-07,0.002665566660378548
2023-11-24,0.0006153992582187406,0.14413298453019913,0.6938037141598753,0.0033253289903821814,0.00042696629104339444,6.650657980764363e-07,0.000426301225245318
2023-11-27,-0.0018009688501093857,0.12941560663334964,0.7727043329736292,0.07890061881375388,-0.0013916164340300567,1.5780123762750775e-05,-0.0014073965577928076
2023-11-28,0.0009900036991439265,0.11770097290597031,0.8496106491820473,0.07690631620841815,0.0008411176855222997,1.538126324168363e-05,0.0008257364222806161
2023-11-29,-0.0007032940193641979,0.1137634125891119,0.8790172316751583,0.02940658249311101,-0.0006182075619552125,5.881316498622203e-06,-0.0006240888784538347
2023-11-30,0.003937427215192413,0.11232618893494883,0.8902643359324933,0.011247104257334994,0.0035053510250158,2.249420851466999e-06,0.003503101604164333
2023-12-01,0.005916002011515431,0.11210035878521489,0.8920578050209521,0.0017934690884587878,0.005277415768891993,3.586938176917576e-07,0.005277057075074302
2023-12-04,-0.005249414392136997,0.10983081909748207,0.9104912521069649,0.0184334470860128,-0.0047795458827251365,3.68668941720256e-06,-0.004783232572142339
2023-12-05,-0.00019705638812439474,0.09932929773293116,1.006752310570766,0.09626105846380117,-0.00019838697405696407,1.9252211692760236e-05,-0.0002176391857497243
2023-12-06,-0.004029909529073783,0.09708193434511152,1.0300577617717752,0.02330545120100913,-0.004151039589660489,4.661090240201826e-06,-0.004155700679900691
2023-12-07,0.007630426640316212,0.09957717375791134,1.0042462165387083,0.025811545233066946,0.0076628270841137235,5.16230904661339e-06,0.00765766477506711
2023-12-08,0.004299109868161732,0.10141495105009032,0.9860479048164067,0.018198311722301574,0.004239128278076414,3.6396623444603152e-06,0.004235488615731954
2023-12-11,0.003889668351380271,0.10147801162218308,0.9854351538963345,0.0006127509200721803,0.003833015930448119,1.2255018401443606e-07,0.0038328933802641045
2023-12-12,0.0045672121517017494,0.09442488316648887,1.059042877751632,0.07360772385529757,0.0048368735004404445,1.4721544771059515e-05,0.004822151955669385
2023-12-13,0.013790131437190212,0.08292300972618213,1.2059378974570187,0.14689501970538665,0.0166300421110211,2.937900394107733e-05,0.016600663107080024
2023-12-14,0.00320929808177417,0.09058495872534975,1.1039360331685564,0.10200186428846236,0.0035428597936492346,2.0400372857692473e-05,0.003522459420791542
2023-12-15,-0.0016463950775735814,0.06883131876263955,1.4528270240592611,0.34889099089070474,-0.0023919272609770428,6.977819817814095e-05,-0.0024617054591551837
2023-12-18,0.0056250203886392125,0.0702600546711333,1.4232838341511498,0.029543189908111334,0.00800600058592081,5.908637981622267e-06,0.008000091947939186
2023-12-19,0.0060807462729217665,0.07110605140534247,1.4063500647778429,0.01693376937330693,0.008551657914821154,3.386753874661386e-06,0.008548271160946492
2023-12-20,-0.013857198254307423,0.07203961946597776,1.3881250448196376,0.018225019958205246,-0.019235523947835096,3.6450039916410494e-06,-0.019239168951826736
2023-12-21,0.00948187939793832,0.08966677558009341,1.1152402810634872,0.27288476375615045,0.010574573844766821,5.457695275123009e-05,0.010519996892015592
2023-12-22,0.0020097300784458483,0.0924406357424962,1.081775338267483,0.033464942796004093,0.0021740764354370927,6.692988559200819e-06,0.002167383446877892
2023-12-26,0.004222535037011754,0.09224631633369189,1.0840541278446278,0.0022787895771447797,0.004577456536841161,4.5575791542895597e-07,0.0045770007789257315
2023-12-27,0.001808101093975223,0.09235035669306815,1.0828328506879068,0.0012212771567210456,0.0019578712619211136,2.4425543134420914e-07,0.001957627006489769
2023-12-28,0.00037771224607752174,0.09117291625013389,1.0968169508327332,0.013984100144826428,0.0004142811940349304,2.796820028965286e-06,0.0004114843740059651
2023-12-29,-0.002894986310545189,0.09132231334180484,1.0950226329212223,0.0017943179115109675,-0.003170075532044088,3.588635823021935e-07,-0.0031704343956263903
2024-01-02,-0.005596317714220755,0.09257865525100573,1.0801625896257945,0.014860043295427783,-0.006044933034561398,2.9720086590855565e-06,-0.006047905043220483
2024-01-03,-0.008166614120016513,0.09631089248318826,1.0383041566918894,0.04185843293390512,-0.008479429386911822,8.371686586781024e-06,-0.008487801073498603
2024-01-04,-0.003221209214564258,0.10110680588696738,0.9890531020413726,0.04925105465051671,-0.003185946965989033,9.850210930103344e-06,-0.0031957971769191362
2024-01-05,0.0013697360128013258,0.09970928252271925,1.0029156510800739,0.01386254903870121,0.001373729685086466,2.7725098077402422e-06,0.001370957175278726
2024-01-08,0.014275917445046193,0.09955971372798714,1.0044223336480838,0.0015066825680098983,0.014339050315120687,3.0133651360197967e-07,0.014338748978607086
2024-01-09,-0.0015171280196250025,0.1069506242130311,0.9350109056008276,0.0694114280472562,-0.0014185312435419637,1.388228560945124e-05,-0.001432413529151415
2024-01-10,0.005655465289015282,0.10584106629408141,0.9448128547963426,0.009801949195515025,0.005343356304916152,1.960389839103005e-06,0.0053413959150770485
2024-01-11,-0.000440673039669659,0.10634532468657278,0.9403328288735392,0.004480025922803388,-0.0004143793260008718,8.960051845606776e-07,-0.0004152753311854325
2024-01-12,0.0006927160733294357,0.10637179769119087,0.9400988059853148,0.00023402288822438333,0.0006512215534238383,4.680457764487667e-08,0.0006511747488461934
2024-01-16,-0.0036711752397221575,0.10588917200398798,0.9443836240048588,0.004284818019543946,-0.0034669977772457173,8.569636039087892e-07,-0.0034678547408496263
2024-01-17,-0.0055586288622799795,0.0972535775083261,1.0282398093935288,0.08385618538867001,-0.005715603481840133,1.6771237077734003e-05,-0.005732374718917867
2024-01-18,0.008892810333086754,0.09907998682993376,1.0092855600762787,0.018954249317250094,0.008975385057681582,3.7908498634500188e-06,0.008971594207818132
2024-01-19,0.012466214778504625,0.10319338308183956,0.9690543813326967,0.04023117874358195,0.012080440049744321,8.046235748716391e-06,0.012072393813995604
2024-01-22,0.0021142563857137198,0.10978357053576453,0.9108831085742716,0.05817127275842515,0.0019258404289419172,1.163425455168503e-05,0.0019142061743902322
2024-01-23,0.002916478516551635,0.10835169429114852,0.9229205011902543,0.01203739261598269,0.002691677814206444,2.407478523196538e-06,0.0026892703356832474
2024-01-24,0.0010931331410748424,0.09427482118246545,1.0607286096724986,0.13780810848224434,0.001159517596919249,2.7561621696448868e-05,0.0011319559752228001
2024-01-25,0.005438906700346413,0.08990144277154667,1.11232920092412,0.05160059125162131,0.006049854743897167,1.0320118250324262e-05,0.006039534625646843
2024-01-26,-0.0012703986234009479,0.09103106021756713,1.0985261487781954,0.013803052145924477,-0.0013955661071777643,2.7606104291848953e-06,-0.0013983267176069492
2024-01-29,0.007919372812505543,0.09090473919831797,1.1000526582210395,0.0015265094428440484,0.008711727113840152,3.053018885688097e-07,0.008711421811951583
2024-01-30,-0.0007734281174205382,0.0938546132917747,1.065477726588895,0.03457493163214442,-0.000824070432229164,6.914986326428885e-06,-0.0008309854185555929
2024-01-31,-0.01631726054723548,0.09410782929196113,1.0626108449463747,0.002866881642520358,-0.017338898017308035,5.733763285040716e-07,-0.01733947139363654
2024-02-01,0.013088048421898923,0.11169664489744056,0.8952820390605253,0.16732880588584942,0.011717494678480558,3.3465761177169884e-05,0.011684028917303389
2024-02-02,0.010527360933223484,0.11689691198478287,0.8554545907339072,0.03982744832661811,0.009005679238638818,7.965489665323623e-06,0.008997713748973494
2024-02-05,-0.0036412597587345275,0.11500619178654824,0.8695184011100919,0.01406381037618476,-0.0031661423634413654,2.812762075236952e-06,-0.0031689551255166025
2024-02-06,0.0029033819983421694,0.11528094844994263,0.8674460207396895,0.0020723803704024713,0.0025185271611491626,4.1447607408049427e-07,0.002518112685075082
2024-02-07,0.008340496313372414,0.11520781253784325,0.8679966904774986,0.0005506697378091507,0.007239523196947034,1.1013394756183016e-07,0.007239413062999472
2024-02-08,0.00044156112686710713,0.10931868932626042,0.9147566680163088,0.04675997753881023,0.00040392098513848153,9.351995507762046e-06,0.0003945689896307195
2024-02-09,0.005779462489611031,0.10865951749028663,0.9203059456705142,0.00554927765420532,0.0053188736919687445,1.1098555308410641e-06,0.005317763836437903
2024-02-12,-0.0004388300349678076,0.10870687921484308,0.9199049841396402,0.0004009615308739889,-0.00040368193635705876,8.019230617479779e-08,-0.00040376212866323355
2024-02-13,-0.013773113248840119,0.10870626707169029,0.9199101642783059,5.180138665683565e-06,-0.012670026871364225,1.036027733136713e-09,-0.012670027907391957
2024-02-14,0.009087666865085442,0.122310981732671,0.8175880741319288,0.10232209014637705,0.007429968050577749,2.0464418029275413e-05,0.007409503632548473
2024-02-15,0.0068997302180955344,0.12318512552718507,0.8117863221881569,0.00580175194377186,0.005601106617838264,1.1603503887543722e-06,0.005599946267449509
2024-02-16,-0.004979973581171526,0.12064777395778711,0.8288590557417872,0.01707273355363026,-0.0041276962001088775,3.414546710726052e-06,-0.004131110746819604
2024-02-20,-0.005505444268469661,0.12158746367615157,0.8224532116760835,0.006405844065703659,-0.004527970320306559,1.2811688131407317e-06,-0.0045292514891197
2024-02-21,0.0009058827445729278,0.11851088796183015,0.8438043265038052,0.021351114827721673,0.000764387779175778,4.270222965544335e-06,0.0007601175562102336
2024-02-22,0.02069548839377333,0.11849580360217356,0.8439117416826879,0.00010741517888268604,0.017465165655363105,2.1483035776537207e-08,0.017465144172327328
2024-02-23,0.0006896579493562704,0.13612486857735256,0.7346196256797507,0.1092921160029372,0.0005066362646031679,2.185842320058744e-05,0.00048477784140258046
2024-02-26,-0.0036624551393661386,0.13617376546387924,0.7343558405640586,0.0002637851156921389,-0.002689545322397377,5.275702313842779e-08,-0.0026895980794205154
2024-02-27,0.00185762380353105,0.13708559123250208,0.7294712675557303,0.00488457300832823,0.001355083190603492,9.769146016656462e-07,0.0013541062760018263
2024-02-28,-0.001321454793476784,0.13664246876994507,0.7318368944896824,0.0023656269339520364,-0.0009670893722665541,4.731253867904073e-07,-0.0009675624976533446
2024-02-29,0.0035947189854033113,0.13526178701452435,0.7393071037074355,0.007470209217753099,0.002657601281740653,1.4940418435506198e-06,0.002656107239897102
2024-03-01,0.009388331285634655,0.1351965956155043,0.7396635954088481,0.000356491701412609,0.006944206873621902,7.12983402825218e-08,0.00694413557528162
2024-03-04,-0.0010724602446435805,0.12063382765328147,0.8289548789533068,0.0892912835444587,-0.000889021152280753,1.785825670889174e-05,-0.0009068794089896448
2024-03-05,-0.0099940695152958,0.11542450041693583,0.8663671892776705,0.03741231032436376,-0.008658533915412474,7.482462064872753e-06,-0.008666016377477347
2024-03-06,0.00506719125229993,0.11867042088424047,0.8426699699459824,0.023697219331688113,0.004269969900286127,4.739443866337623e-06,0.004265230456419789
2024-03-07,0.009926328851974642,0.1179825755362938,0.8475827853854403,0.004912815439457874,0.008413385457008527,9.825630878915748e-07,0.008412402893920635
2024-03-08,-0.006002087778289478,0.12137312474780115,0.8239056233230219,0.023677162062418433,-0.004945153872211084,4.735432412483687e-06,-0.0049498893046235675
2024-03-11,-0.0008598013296785556,0.12209430328157651,0.8190390322255892,0.004866591097432704,-0.0007042108489661989,9.73318219486541e-07,-0.0007051841671856854
2024-03-12,0.01075722647102273,0.12229446626100961,0.8176984867538719,0.0013405454717172471,0.00879616780702398,2.6810909434344945e-07,0.008795899697929635
2024-03-13,-0.0015673472009858358,0.12578256952369382,0.7950227156169113,0.02267577113696062,-0.0012460766280423241,4.535154227392124e-06,-0.0012506117822697162
2024-03-14,-0.001976760948957379,0.12606089910211107,0.793267386733444,0.0017553288834672998,-0.0015680999921761428,3.5106577669345995e-07,-0.0015684510579528363
2024-03-15,-0.006866645595945631,0.11419438858998611,0.875699771545247,0.08243238481180304,-0.006013119979651766,1.648647696236061e-05,-0.006029606456614127
2024-03-18,0.005943216707643639,0.115082030518823,0.8689453909456685,0.006754380599578558,0.005164330765498231,1.3508761199157116e-06,0.005162979889378315
2024-03-19,0.005556905065490003,0.11453538191163731,0.8730926490221932,0.004147258076524718,0.004851692963993511,8.294516153049436e-07,0.004850863512378206
2024-03-20,0.009249343265452126,0.11319015385651617,0.8834690703465563,0.010376421324363116,0.00817150869604517,2.0752842648726234e-06,0.008169433411780298
2024-03-21,0.0033046116735047093,0.1129066308856556,0.8856875740209929,0.002218503674436545,0.002926853496187839,4.43700734887309e-07,0.002926409795452952
2024-03-22,-0.001895633620864312,0.11281356378651353,0.8864182341516869,0.0007306601306940053,-0.0016803242068051118,1.4613202613880106e-07,-0.0016804703388312507
2024-03-25,-0.0027627133218162125,0.09218572984984463,1.0847665919973029,0.198348357845616,-0.0029968991147721205,3.9669671569123204e-05,-0.0030365687863412438
2024-03-26,-0.0018470319627820198,0.09330596378841104,1.0717428547951016,0.013023737202201291,-0.0019795433086898014,2.6047474404402585e-06,-0.0019821480561302415
2024-03-27,0.008403562369588169,0.09230336778405683,1.0833840888010653,0.01164123400596373,0.0091042857604592,2.328246801192746e-06,0.009101957513658006
2024-03-28,-0.0001909192182267816,0.09548205437108796,1.047317222683052,0.03606686611801324,-0.00019995298539009243,7.213373223602649e-06,-0.00020716635861369508
2024-04-01,-0.001739751800762357,0.09511569513174631,1.0513511977333327,0.0040339750502806915,-0.0018290901394902265,8.067950100561383e-07,-0.0018298969345002826
2024-04-02,-0.006358195852623538,0.09558602754219371,1.0461780091850545,0.005173188548278196,-0.006651804679106364,1.0346377096556392e-06,-0.006652839316816019
2024-04-03,0.0010986562240766773,0.09470542120176777,1.055905762637941,0.009727753452886345,0.0011600774381606044,1.945550690577269e-06,0.0011581318874700271
2024-04-04,-0.012206150055177223,0.09448666447873648,1.058350409041101,0.00244464640316,-0.01291838390371387,4.889292806320001e-07,-0.012918872832994501
2024-04-05,0.010446735059327139,0.09792518952814008,1.021187709534774,0.037162699506327,0.010668077447350901,7.432539901265401e-06,0.010660644907449635
2024-04-08,0.0005594956015666508,0.10259871644867986,0.9746710627712409,0.046516646763532954,0.0005453241725948023,9.303329352706592e-06,0.0005360208432420957
2024-04-09,0.0011567923030353366,0.09729207272707342,1.0278329692956891,0.05316190652444819,0.0011889892676872087,1.0632381304889638e-05,0.001178356886382319
2024-04-10,-0.010013225036973217,0.09435594498239082,1.0598166339032746,0.031983664607585505,-0.010612182453200947,6.396732921517101e-06,-0.010618579186122464
2024-04-11,0.007546924360555707,0.10152224253521261,0.9850058223971498,0.07481081150612479,0.007433764436338258,1.4962162301224958e-05,0.007418802274037033
2024-04-12,-0.013803149534362014,0.0979543515401864,1.0208836915119015,0.03587786911475166,-0.014091410251130277,7.1755738229503325e-06,-0.014098585824953228
2024-04-15,-0.012528045539618837,0.10936493283904307,0.9143698752796217,0.10651381623227985,-0.011455267437558697,2.130276324645597e-05,-0.011476570200805154
2024-04-16,-0.0018238497618979777,0.11722325880661585,0.8530730250808912,0.061296850198730435,-0.0015558770336753709,1.2259370039746087e-05,-0.001568136403715117
2024-04-17,-0.005918238137195275,0.1152232125260602,0.8678806796623801,0.014807654581488916,-0.005136324536912854,2.961530916297783e-06,-0.005139286067829152
2024-04-18,-0.002057580702845785,0.11410005704666024,0.8764237511214027,0.008543071459022555,-0.001803312597823115,1.7086142918045112e-06,-0.0018050212121149196
2024-04-19,-0.008728459620780615,0.11149511706637524,0.8969002646139923,0.02047651349258961,-0.007828557743550681,4.095302698517922e-06,-0.007832653046249199
2024-04-22,0.009209134257071705,0.10696874645877892,0.9348524995432721,0.03795223492927979,0.008609182178853057,7.590446985855959e-06,0.008601591731867201
2024-04-23,0.011866825733086728,0.11270354550637028,0.8872835326582318,0.04756896688504031,0.010529239057892803,9.513793377008062e-06,0.010519725264515795
2024-04-24,-0.0004748382522159478,0.12261778895379745,0.8155423519965781,0.07174118066165369,-0.0003872507050301384,1.4348236132330739e-05,-0.0004015989411624691
2024-04-25,-0.0037988363571601624,0.12255677087964267,0.8159483909559381,0.0004060389593599778,-0.0030996544131297516,8.120779187199557e-08,-0.0030997356209216237
2024-04-26,0.00947376696647173,0.12285172084273183,0.8139894119026191,0.0019589790533189877,0.007711546001540784,3.9179581066379753e-07,0.00771115420573012
2024-04-29,0.0035414892186309554,0.12397831647805624,0.8065926594325039,0.0073967524701151754,0.0028565392072070826,1.4793504940230352e-06,0.0028550598567130595
2024-04-30,-0.015841166694993025,0.1250860193739625,0.7994498545919488,0.007142804840555073,-0.012664218410878997,1.4285609681110145e-06,-0.012665646971847109
2024-05-01,-0.0032470879194256286,0.1350389038351571,0.7405273381222842,0.05892251646966462,-0.002404557373621287,1.1784503293932925e-05,-0.00241634187691522
2024-05-02,0.009353387028529392,0.1341546560971398,0.7454083436924558,0.0048810055701715704,0.0069720927328505945,9.76201114034314e-07,0.0069711165317365605
2024-05-03,0.012395394600887455,0.13926864718632345,0.7180367011550914,0.02737164253736435,0.00890034824873686,5.47432850747287e-06,0.008894873920229387
2024-05-06,0.010326733612151306,0.1410560597233518,0.7089379938453294,0.009098707309762033,0.00732101380997368,1.8197414619524067e-06,0.007319194068511727
2024-05-07,0.0011034234216742433,0.14094327548242377,0.7095052932303282,0.0005672993849987762,0.0007828847583521961,1.1345987699975525e-07,0.0007827712984751963
2024-05-08,9.660297516567162e-05,0.14098956254209244,0.7092723617051085,0.00023293152521963734,6.851782034349586e-05,4.658630504392747e-08,6.847123403845194e-05
2024-05-09,0.005761925997270323,0.14091757521018303,0.7096346914204764,0.0003623297153678706,0.0040888625770605464,7.246594307357413e-08,0.004088790111117473
2024-05-10,0.0012881687006938147,0.13757287335631485,0.7268874855946288,0.017252794174152375,0.000936353707869027,3.450558834830475e-06,0.0009329031490341965
2024-05-13,0.00013424729000699465,0.1352759864688481,0.7392295011873997,0.012342015592770927,9.923955722763085e-05,2.4684031185541857e-06,9.677115410907667e-05
2024-05-14,0.004588102052269782,0.1252158493505087,0.798620945500888,0.059391444313488306,0.0036641543990382584,1.1878288862697661e-05,0.003652276110175561
2024-05-15,0.012383127726450782,0.11566052277079819,0.8645992392596021,0.06597829375871411,0.010706442811943833,1.3195658751742823e-05,0.01069324715319209
2024-05-16,-0.0020575211449046504,0.12046331657962563,0.8301282318912457,0.0344710073683564,-0.0017080063900985491,6.89420147367128e-06,-0.0017149005915722204
2024-05-17,0.001437424832782641,0.11779684821199618,0.8489191478199178,0.018790915928672103,0.0012202574641010276,3.758183185734421e-06,0.0012164992809152932
2024-05-20,0.0011521724820675594,0.11665958757601483,0.8571948699444911,0.008275722124573281,0.0009876363409195232,1.6551444249146563e-06,0.0009859811964946085
2024-05-21,0.002452584934648172,0.10913454185854593,0.9163001768002508,0.059105306855759654,0.0022473040092357514,1.182106137115193e-05,0.0022354829478645993
2024-05-22,-0.002879396361313069,0.1069911913146344,0.9346563840561879,0.018356207255937118,-0.002691246191329418,3.6712414511874236e-06,-0.0026949174327806054
2024-05-23,-0.007304162035511652,0.10364720725841065,0.9648113311020767,0.030154947045888836,-0.007047138296067251,6.030989409177767e-06,-0.007053169285476429
2024-05-24,0.00661651357559756,0.10849362761053065,0.9217131199537268,0.043098211148349885,0.0060985273709802165,8.619642229669978e-06,0.006089907728750546
2024-05-28,0.000698751458297453,0.10756910298457585,0.9296349716176292,0.007921851663902357,0.0006495837921021298,1.5843703327804716e-06,0.0006479994217693493
2024-05-29,-0.007002629786867498,0.10456985362099062,0.9562985558194059,0.026663584201776724,-0.006696604752119343,5.3327168403553455e-06,-0.006701937468959698
2024-05-30,-0.006633638369695882,0.1089009312015747,0.9182657934751803,0.03803276234422559,-0.006091443201176191,7.606552468845119e-06,-0.006099049753645037
2024-05-31,0.009108273619901519,0.09409340768504798,1.062773710297779,0.14450791682259867,0.00968003374943012,2.8901583364519736e-05,0.0096511321660656
2024-06-03,0.0008153591799815452,0.09524456675200756,1.0499286564069779,0.01284505389080115,0.000856068968327119,2.56901077816023e-06,0.0008534999575489587
2024-06-04,0.0011176521585258836,0.0920709611394307,1.0861187801500378,0.036190123743059965,0.0012139029990501894,7.2380247486119936e-06,0.0012066649743015774
2024-06-05,0.011885299916094771,0.08415778035736941,1.188244266606817,0.1021254864567791,0.014122639482202094,2.042509729135582e-05,0.014102214384910737
2024-06-06,-1.875747881197043e-05,0.08634334233401997,1.1581668869517368,0.030077379655080172,-2.1724290842722953e-05,6.015475931016035e-06,-2.773976677373899e-05
2024-06-07,-0.0012157418997532643,0.08652104982759716,1.1557881024243366,0.0023787845274001462,-0.0014051400233535834,4.7575690548002926e-07,-0.0014056157802590636
2024-06-10,0.0030898885966279543,0.08692721774251919,1.1503876760004301,0.005400426423906479,0.0035545697617750628,1.0800852847812958e-06,0.0035534896764902813
2024-06-11,0.002408104637113828,0.08577700449938694,1.1658136185055836,0.0154259425051535,0.002807401180733747,3.0851885010307e-06,0.0028043159922327165
2024-06-12,0.008212993608445407,0.08584431120102846,1.164899555962678,0.0009140625429056026,0.009567312607602367,1.8281250858112053e-07,0.009567129795093787
2024-06-13,0.0020137416563510424,0.08877733759421004,1.1264135950673282,0.038485960895349836,0.0022683059786672136,7.697192179069968e-06,0.0022606087864881436
2024-06-14,0.0006082700460166013,0.08822315986289253,1.1334892125311522,0.007075617463824013,0.000689467535465645,1.4151234927648027e-06,0.0006880524119728803
2024-06-17,0.00795905911726269,0.07928002854304685,1.2613517154033667,0.12786250287221446,0.0100391728705561,2.5572500574442894e-05,0.010013600369981657
2024-06-18,0.002540605288468889,0.0817031254839973,1.2239433853676307,0.03740833003573596,0.003109557037651518,7.481666007147192e-06,0.003102075371644371
2024-06-20,-0.002716444143760155,0.08175735403836686,1.223131560166102,0.0008118252015287819,-0.0033225685636614293,1.623650403057564e-07,-0.003322730928701735
2024-06-21,-0.001340836794000877,0.0831680111201491,1.2023853721298503,0.02074618803625161,-0.00161220254752014,4.1492376072503225e-06,-0.0016163517851273902
2024-06-24,-0.0032505104166534737,0.0836642328869598,1.195253892247022,0.007131479882828362,-0.0038851852272945536,1.4262959765656726e-06,-0.0038866115232711195
2024-06-25,0.0038508688831582205,0.08390910447385135,1.1917657878372792,0.003488104409742787,0.00458933378839512,6.976208819485575e-07,0.004588636167513172
2024-06-26,0.0012481562631090348,0.0781751890078955,1.2791782312147688,0.08741244337748966,0.0015966143209234507,1.748248867549793e-05,0.0015791318322479527
2024-06-27,0.0015764614739341987,0.07623450832308667,1.311741915828901,0.03256368461413217,0.0020679105940488987,6.512736922826434e-06,0.0020613978571260723
2024-06-28,-0.003935407806548219,0.07616589795028805,1.312923535218714,0.0011816193898130933,-0.005166889529900613,2.363238779626187e-07,-0.0051671258537785755
2024-07-01,0.0020582538182398746,0.07243473918696398,1.3805530484742452,0.06762951325553113,0.002841528583304814,1.3525902651106226e-05,0.002828002680653708
2024-07-02,0.006729662300142714,0.06565883542843609,1.5,0.1194469515257548,0.01009449345021407,2.388939030515096e-05,0.01007060405990892
2024-07-03,0.004462748330993138,0.06296316448071602,1.5,0.0,0.006694122496489707,0.0,0.006694122496489707
2024-07-05,0.005766370396420806,0.0633083928725342,1.5,0.0,0.008649555594631209,0.0,0.008649555594631209
2024-07-08,0.001153984236467176,0.06429959248580294,1.5,0.0,0.001730976354700764,0.0,0.001730976354700764
2024-07-09,0.0009723971750748017,0.054506955114488956,1.5,0.0,0.0014585957626122026,0.0,0.0014585957626122026
2024-07-10,0.009895394053725859,0.05416016861527812,1.5,0.0,0.014843091080588788,0.0,0.014843091080588788
2024-07-11,-0.00862278725723753,0.05926072805417543,1.5,0.0,-0.012934180885856295,0.0,-0.012934180885856295
2024-07-12,0.006307514754080756,0.07067716067518211,1.414884229144118,0.08511577085588207,0.008924403150642702,1.7023154171176415e-05,0.008907379996471525
2024-07-15,0.0027501766488369217,0.07224778005473309,1.3841255734673443,0.030758655676773605,0.0038065898312079037,6.151731135354721e-06,0.003800438100072549
2024-07-16,0.005930226787752568,0.06888709903861408,1.4516506195731345,0.06752504610579013,0.008608617390650214,1.3505009221158027e-05,0.008595112381429057
2024-07-17,-0.014021126594645938,0.07028601856428748,1.4227580682854368,0.028892551287697632,-0.01994867098898402,5.778510257539527e-06,-0.01995444949924156
2024-07-18,-0.007684866404461421,0.08975278241325305,1.1141715867878637,0.3085864814975732,-0.008562259796111527,6.171729629951463e-05,-0.008623977092411042
2024-07-19,-0.00664064103061246,0.09167874923654973,1.0907653172926668,0.023406269495196863,-0.007243380920782702,4.681253899039373e-06,-0.007248062174681741
2024-07-22,0.010309854435858412,0.0947593881421699,1.055304407938636,0.03546090935403079,0.010880034831367081,7.092181870806159e-06,0.010872942649496274
2024-07-23,-0.0015683944689509621,0.10026798283424002,0.997327333943847,0.05797707399478902,-0.0015642026742911388,1.1595414798957804e-05,-0.0015757980890900966
2024-07-24,-0.022662531867334357,0.10033325365425307,0.9966785323697221,0.0006488015741248354,-0.022587259001316865,1.297603148249671e-07,-0.02258738876163169
2024-07-25,-0.0052104238954299165,0.12876916091875115,0.7765834559028968,0.22009507646682536,-0.004046328995431998,4.401901529336507e-05,-0.004090348010725363
2024-07-26,0.01119966931668226,0.12909052671697843,0.7746501818777354,0.0019332740251614133,0.008675825873138405,3.866548050322827e-07,0.008675439218333372
2024-07-29,0.0005879167331797053,0.13527503346252118,0.7392347090248967,0.035415472852838636,0.0004346084551829673,7.083094570567728e-06,0.00042752536061239953
2024-07-30,-0.0050666697863112065,0.13516777121639983,0.7398213279695408,0.0005866189446440684,-0.0037484303696919065,1.1732378892881368e-07,-0.0037485476934808353
2024-07-31,0.01625473240430919,0.1356276403788709,0.73731283476328,0.0025084932062607868,0.011984822827339757,5.016986412521574e-07,0.011984321128698504
2024-08-01,-0.014160869859156988,0.1469925350951211,0.6803066559488105,0.057006178814469566,-0.009633734019209392,1.1401235762893913e-05,-0.009645135254972287
2024-08-02,-0.01861848434454616,0.15353445504736468,0.6513196009921711,0.028987054956639335,-0.01212658379436879,5.797410991327867e-06,-0.012132381205360117
2024-08-05,-0.029123751439333545,0.1645956209838441,0.6075495775784674,0.04377002341370373,-0.017694122884467377,8.754004682740747e-06,-0.017702876889150117
2024-08-06,0.009219607809513253,0.18773002508632144,0.5326798414585963,0.07486973611987113,0.004911099226281955,1.4973947223974227e-05,0.004896125279057981
2024-08-07,-0.006683984546729693,0.1921356317574962,0.5204656683681396,0.012214173090456693,-0.003478784484475986,2.4428346180913387e-06,-0.0034812273190940775
2024-08-08,0.023117299501307587,0.19204452574805336,0.5207125775154444,0.00024690914730485236,0.01203746860852237,4.938182946097048e-08,0.01203741922669291
2024-08-09,0.004409457125771121,0.2082035117498354,0.48029929543241273,0.04041328208303169,0.002117859150747301,8.082656416606338e-06,0.0021097764943306947
2024-08-12,0.0005256396444828226,0.2083398506097155,0.47998498466493916,0.000314310767473569,0.0002522991366963717,6.28621534947138e-08,0.000252236274542877
2024-08-13,0.01644549418204444,0.20639935938747334,0.48449762778706157,0.004512643122122406,0.007967802918986454,9.025286244244813e-07,0.00796690039036203
2024-08-14,0.0031548955749161056,0.21581300425496255,0.463364107020444,0.021133520766617564,0.0014618653708137516,4.226704153323513e-06,0.001457638666660428
2024-08-15,0.017140048186923273,0.2148058599516124,0.46553664794119776,0.0021725409207537516,0.007979320578490864,4.3450818415075034e-07,0.007978886070306713
2024-08-16,0.002242219842832238,0.21940331498492766,0.4557816275787342,0.009755020362463562,0.0010219626093554111,1.9510040724927127e-06,0.0010200116052829183
2024-08-19,0.00956131738916266,0.21784889904855073,0.4590337634789404,0.0032521359002062322,0.004388967504963973,6.504271800412465e-07,0.004388317077783932
2024-08-20,-0.0016260605567995912,0.2186370873403973,0.45737894341918967,0.0016548200597507612,-0.0007437258594046162,3.3096401195015226e-07,-0.0007440568234165664
2024-08-21,0.003436571382049669,0.21613086277380603,0.46268264845014767,0.005303705030958006,0.0015900419486347252,1.0607410061916011e-06,0.0015889812076285337
2024-08-22,-0.007848624874648658,0.2162416584755861,0.462445583820243,0.00023706462990469301,-0.0036295619123429797,4.741292598093861e-08,-0.003629609325268961
2024-08-23,0.010625387116536933,0.20169858020737,0.49578931045120983,0.03334372663096685,0.005267953351785015,6.6687453261933705e-06,0.005261284606458821
2024-08-26,-0.00238369696215901,0.2026377497753428,0.49349146499537433,0.002297845455835501,-0.0011763341059608731,4.5956909116710024e-07,-0.0011767936750520403
2024-08-27,0.0013729592647899747,0.20043104522287158,0.4989247044478757,0.005433239452501348,0.0006850032954043108,1.0866478905002697e-06,0.0006839166475138106
2024-08-28,-0.005805074553067668,0.2004051652074803,0.49898913481830465,6.443037042896949e-05,-0.0028966691287909923,1.2886074085793898e-08,-0.002896682014865078
2024-08-29,8.930518884420202e-05,0.20072718224425243,0.49818863036853783,0.0008005044497668146,4.449082971509663e-05,1.6010088995336293e-07,4.433072882514327e-05
2024-08-30,0.009546185515074246,0.19342152405406027,0.5170055426305634,0.018816912262025587,0.004935430822272985,3.7633824524051174e-06,0.00493166743982058
2024-09-03,-0.020579137680261428,0.187794958566239,0.5324956578359266,0.015490115205363142,-0.010958301456746913,3.0980230410726287e-06,-0.010961399479787986
2024-09-04,-0.002046831078605038,0.1905892635885412,0.5246885271349163,0.007807130701010245,-0.0010739487839272496,1.561426140202049e-06,-0.0010755102100674517
2024-09-05,-0.0024320674546598475,0.15509042733268205,0.6447851212988895,0.12009659416397322,-0.0015681609087599313,2.4019318832794647e-05,-0.001592180227592726
2024-09-06,-0.016830090287505373,0.15449507861559786,0.647269808825509,0.0024846875266194557,-0.010893609322909658,4.969375053238912e-07,-0.010894106260414982
2024-09-09,0.01119613658708496,0.1656783719355484,0.6035790841722035,0.04369072465330548,0.00675775386749964,8.738144930661097e-06,0.006749015722568979
2024-09-10,0.004355686662705027,0.15103781849537937,0.6620858338407427,0.05850674966853919,0.00288383843602606,1.170134993370784e-05,0.0028721370860923523
2024-09-11,0.010258963429025103,0.1510246029099111,0.6621437704401832,5.793659944053342e-05,0.006792908725702633,1.1587319888106684e-08,0.0067928971383827445
2024-09-12,0.00842312265102474,0.1540200396858247,0.649266161753908,0.012877608686275188,0.005468848513613235,2.575521737255038e-06,0.00546627299187598
2024-09-13,0.005222783831508426,0.14681160668374266,0.6811450556182328,0.03187889386432474,0.003557473383394814,6.375778772864949e-06,0.003551097604621949
2024-09-16,0.0014770382037720964,0.14727636665880506,0.6789955664215281,0.002149489196704657,0.001002902391796471,4.298978393409314e-07,0.00100247249395713
2024-09-17,0.0004084005064655116,0.13603861757314248,0.7350853881342483,0.056089821712720145,0.0003002092448094242,1.121796434254403e-05,0.0002889912804668802
2024-09-18,-0.0029656037238378063,0.13595372825584737,0.7355443744198976,0.0004589862856493321,-0.002181333135827598,9.179725712986642e-08,-0.002181424933084728
2024-09-19,0.01706426753929513,0.1326463885988373,0.7538840752191919,0.018339700799294256,0.012864479553154385,3.6679401598588513e-06,0.012860811612994526
2024-09-20,-0.001728493464093095,0.14468507114440948,0.6911563107999614,0.06272776441923045,-0.001194659165884429,1.254555288384609e-05,-0.001207204718768275
2024-09-23,0.0024987947776549113,0.14472936635907935,0.6909447786283816,0.0002115321715798757,0.0017265292044845286,4.230643431597514e-08,0.0017264868980502127
2024-09-24,0.0028613778394273037,0.1413100863667686,0.7076635686178213,0.016718789989439764,0.002024892853013077,3.343757997887953e-06,0.0020215490950151894
2024-09-25,-0.002205682811472598,0.13737437502225391,0.7279377975972633,0.020274228979441977,-0.0016055998879815027,4.054845795888396e-06,-0.0016096547337773911
2024-09-26,0.003964690943036642,0.13732127591996776,0.7282192750545154,0.000281477457252155,0.0028871643643533463,5.6295491450431e-08,0.002887108068861896
2024-09-27,-0.0014503990937563271,0.13771216429375693,0.726152264855033,0.002067010199482411,-0.0010532105868748445,4.1340203989648217e-07,-0.001053623988914741
2024-09-30,0.004007307218167,0.13577980509895166,0.7364865484018293,0.010334283546796219,0.00295132786149355,2.066856709359244e-06,0.0029492610047841907
2024-10-01,-0.008958496969196927,0.13602071386862982,0.7351821436298372,0.001304404771992007,-0.006586127005515597,2.6088095439840143e-07,-0.0065863878864699955
2024-10-02,0.000422292856316675,0.1372900630257989,0.7283848356978937,0.0067973079319435525,0.0003075917127646156,1.3594615863887105e-06,0.00030623225117822685
2024-10-03,-0.0018282872845175602,0.11372768712251152,0.8792933588131133,0.15090852311521963,-0.0016076008672787517,3.0181704623043928e-05,-0.0016377825719017956
2024-10-04,0.009087314968778681,0.11364194052098057,0.8799568147249123,0.0006634559117989491,0.007996444734328504,1.3269118235978982e-07,0.007996312043146145
2024-10-07,-0.009040375451706217,0.1154735742144769,0.8659990017652283,0.013957812959684013,-0.007828956116760459,2.791562591936803e-06,-0.007831747679352396
2024-10-08,0.009457661081755386,0.1016625267839443,0.9836466116224168,0.11764760985718858,0.009302996276941887,2.352952197143772e-05,0.009279466754970449
2024-10-09,0.006926264849700381,0.09995875984524707,1.000412571692734,0.016765960070317054,0.006929122430513745,3.353192014063411e-06,0.006925769238499681
2024-10-10,-0.0017500368840644986,0.10096959277819573,0.9903971804627788,0.010015391229955095,-0.0017332315956833464,2.003078245991019e-06,-0.0017352346739293375
2024-10-11,0.005988126241714964,0.09796733592679494,1.0207483857142339,0.03035120525145507,0.006112370194683592,6.070241050291015e-06,0.006106299953633301
2024-10-14,0.008178563713568066,0.09630319011126523,1.0383872007195567,0.017638815005322828,0.008492515880438485,3.5277630010645658e-06,0.00848898811743742
2024-10-15,-0.007769602322363345,0.09812343328112681,1.0191245521698855,0.01926264854967119,-0.007918192487316646,3.8525297099342384e-06,-0.00792204501702658
2024-10-16,0.004346198671580703,0.103830016800283,0.9631126246695112,0.056011927500374314,0.004185878809921234,1.1202385500074864e-05,0.004174676424421159
2024-10-17,8.589743781750592e-05,0.10416593965115371,0.9600067002217306,0.0031059244477805725,8.246211583668514e-05,6.211848895561145e-07,8.184093094712903e-05
2024-10-18,0.003846548369420555,0.1029483367211553,0.9713610067432062,0.011354306521475621,0.0037363870966067884,2.2708613042951244e-06,0.003734116235302493
2024-10-21,-0.0016422800212634314,0.08745242430958661,1.1434788776809006,0.17211787093769437,-0.0018779125155520741,3.442357418753888e-05,-0.001912336089739613
2024-10-22,-0.0005311797270139973,0.08741552121357676,1.143961605578904,0.00048272789800329896,-0.0006076492133658963,9.65455796006598e-08,-0.000607745758945497
2024-10-23,-0.009137259973135414,0.08751634814398918,1.142643655965531,0.0013179496133728374,-0.01044063214121096,2.635899226745675e-07,-0.010440895731133635
2024-10-24,0.0021628023642212835,0.09416495238082628,1.0619662355435104,0.08067742042202064,0.002296823084956681,1.6135484084404127e-05,0.002280687600872277
2024-10-25,-0.00034551232929502795,0.09375679143978342,1.0665894007713177,0.004623165227807258,-0.00036851978826188604,9.246330455614516e-07,-0.0003694444213074475
2024-10-28,0.0030914301936280086,0.09309825187694303,1.0741340249028488,0.007544624131531119,0.0033206103565878464,1.508924826306224e-06,0.0033191014317615402
2024-10-29,0.0016183796278272933,0.09318322732198288,1.0731545029500065,0.0009795219528423438,0.0017367713850854154,1.9590439056846876e-07,0.001736575480694847
2024-10-30,-0.0030252091843017137,0.09250910047113955,1.0809747310341367,0.007820228084130187,-0.003270174684322545,1.5640456168260376e-06,-0.0032717387299393713
2024-10-31,-0.019603301045631794,0.08683175081693671,1.1516524665133758,0.07067773547923917,-0.022576190001006094,1.4135547095847835e-05,-0.02259032554810194
2024-11-01,0.004220808348551319,0.11235193909644403,0.8900602945015396,0.26159217201183627,0.003756773921746144,5.231843440236726e-05,0.0037044554873437766
2024-11-04,-0.0021541105300423302,0.11305978430693829,0.8844878009718896,0.005572493529649947,-0.0019052844857675322,1.1144987059299894e-06,-0.0019063989844734623
2024-11-05,0.012091924203754711,0.10866382863411622,0.920269433324604,0.035781632352714365,0.011127828234793411,7.156326470542874e-06,0.011120671908322869
2024-11-06,0.02486548513056608,0.11171900309388552,0.8951028672889499,0.025166566035654037,0.022257167036900446,5.033313207130807e-06,0.022252133723693314
2024-11-07,0.007732272756398428,0.1367672266261373,0.7311693193381551,0.16393354795079484,0.005653600608232799,3.278670959015897e-05,0.00562081389864264
2024-11-08,0.004331606609927707,0.1371981048560439,0.7288730416861496,0.002296277652005463,0.003157191285165839,4.592555304010926e-07,0.003156732029635438
2024-11-11,0.0009529898599045517,0.13697972599887115,0.730035041834031,0.0011620001478813702,0.0006957159922428267,2.3240002957627404e-07,0.0006954835922132504
2024-11-12,-0.0031065437781114813,0.13616018902707552,0.7344290626690813,0.00439402083505025,-0.0022815360350988815,8.7880416701005e-07,-0.0022824148392658916
2024-11-13,0.0004857686989643284,0.13488201556037285,0.741388683914204,0.006959621245122727,0.00036014341641187855,1.3919242490245455e-06,0.000358751492162854
2024-11-14,-0.006429998524105307,0.13105864215849156,0.7630172139206831,0.02162853000647913,-0.004906199559376935,4.325706001295826e-06,-0.004910525265378231
2024-11-15,-0.012808534501926205,0.13334647012190068,0.7499261128441083,0.013091101076574851,-0.009605454490259166,2.6182202153149704e-06,-0.00960807271047448
2024-11-18,0.004097196574939677,0.14159964184800397,0.7062164755144091,0.043709637329699125,0.0028935077246436073,8.741927465939825e-06,0.0028847657971776673
2024-11-19,0.0036553686844147393,0.14168104524155048,0.7058107161018687,0.00040575941254039627,0.002579998388763113,8.115188250807926e-08,0.0025799172368806047
2024-11-20,0.0003389332950363144,0.14194154041018212,0.7045153921186172,0.0012953239832514951,0.00023878372325456405,2.5906479665029904e-07,0.00023852465845791376
2024-11-21,0.005368247246335223,0.14188776441507361,0.7047824060957323,0.00026701397711503816,0.0037834462107889273,5.3402795423007634e-08,0.003783392807993504
2024-11-22,0.003099394453447868,0.13816709198247662,0.7237613426262366,0.01897893653050431,0.0022432218909557394,3.7957873061008618e-06,0.0022394261036496384
2024-11-25,0.0033921054211556445,0.13827785790432318,0.7231815817481908,0.0005797608780457875,0.002453108163927952,1.159521756091575e-07,0.002452992211752343
2024-11-26,0.00522148547086676,0.13830451461949786,0.723042196237188,0.0001393855110027875,0.00377535432247607,2.7877102200557505e-08,0.0037753264453738696
2024-11-27,-0.003029984694522536,0.13880267517836967,0.7204472094755672,0.0025949867616208433,-0.00218294401792244,5.189973523241687e-07,-0.002183463015274764
2024-11-29,0.006212153757098493,0.13974071961707393,0.7156110278666528,0.004836181608914414,0.004445485735382941,9.672363217828829e-07,0.0044445184990611585
2024-12-02,0.0017923271897524184,0.13970693654906452,0.7157840725029455,0.0001730446362927518,0.0012829192551387456,3.4608927258550364e-08,0.001282884646211487
2024-12-03,0.00046384223378992395,0.11594046933423144,0.8625116024993957,0.14672752999645022,0.0004000693083730467,2.9345505999290046e-05,0.0003707238023737566
2024-12-04,0.006209406835690379,0.11612039858216719,0.8611751356437144,0.0013364668556813397,0.005347386773992669,2.6729337113626797e-07,0.005347119480621533
2024-12-05,-0.0016455346383350555,0.11533238032952507,0.8670591876650968,0.005884052021382424,-0.001426775926789572,1.1768104042764848e-06,-0.0014279527371938486
2024-12-06,0.0018956944029322464,0.11158225062325902,0.8961998834172581,0.029140695752161272,0.001698921102902628,5.8281391504322545e-06,0.0016930929637521957
2024-12-09,-0.005149775023360559,0.07615797286284681,1.313060159572398,0.41686027615514,-0.0067619644139357655,8.3372055231028e-05,-0.0068453364691667936
2024-12-10,-0.003108991042220177,0.07561519619933137,1.3224854926830734,0.009425333110675282,-0.004111595550217813,1.8850666221350567e-06,-0.004113480616839948
2024-12-11,0.007730739542463061,0.0755436281165607,1.3237383812927828,0.0012528886097094016,0.010233476648136161,2.5057772194188036e-07,0.01023322607041422
2024-12-12,-0.005152741655185644,0.07972807666718122,1.254263293186444,0.06947508810633884,-0.006462894717372114,1.389501762126777e-05,-0.006476789734993382
2024-12-13,-0.000198618165903941,0.08125915117395116,1.2306306250471455,0.02363266813929843,-0.00024442559765208455,4.7265336278596864e-06,-0.00024915213127994426
2024-12-16,0.00426995333865432,0.0813060320134675,1.2299210467365576,0.0007095783105879327,0.0052517054797939795,1.4191566211758655e-07,0.005251563564131862
2024-12-17,-0.004119991479773488,0.0780851412498949,1.2806533791105181,0.050732332373960576,-0.005276281010478462,1.0146466474792115e-05,-0.005286427476953254
2024-12-18,-0.02980346115350485,0.06294879776982149,1.5,0.21934662088948187,-0.04470519173025728,4.3869324177896376e-05,-0.04474906105443517
2024-12-19,-0.0003072589937267445,0.12461288257772661,0.8024852481654579,0.6975147518345421,-0.0002465708098318754,0.00013950295036690844,-0.0003860737601987838
2024-12-20,0.012011121262937685,0.12385318067309761,0.8074076051703789,0.004922357004921052,0.009697870654319533,9.844714009842104e-07,0.009696886182918548
2024-12-23,0.005988313845908255,0.1310173111340686,0.7632579170982305,0.04414968807214836,0.004570627952958429,8.829937614429673e-06,0.004561798015343999
2024-12-24,0.011114993282984376,0.13134001681045965,0.7613825734795872,0.001875343618643388,0.008462762190006969,3.750687237286776e-07,0.00846238712128324
2024-12-26,6.659179477574995e-05,0.13635157655439145,0.7333981940436854,0.027984379435901707,4.8838302026662735e-05,5.596875887180342e-06,4.324142613948239e-05
2024-12-27,-0.010526377731204462,0.13599708180286899,0.7353098954354946,0.001911701391809184,-0.007740149708846472,3.8234027836183683e-07,-0.007740532049124834
2024-12-30,-0.011411792655248942,0.13998819375701782,0.71434595529944,0.020963940136054626,-0.008151967925992938,4.192788027210925e-06,-0.00815616071402015
2024-12-31,-0.0036380303829519622,0.14500539781461474,0.6896295000538335,0.024716455245606506,-0.002508893074175818,4.943291049121302e-06,-0.0025138363652249395
2025-01-02,-0.002457018332623462,0.1431338321510788,0.6986468432875413,0.009017343233707842,-0.0017165881019869998,1.8034686467415684e-06,-0.0017183915706337413
2025-01-03,0.012503404560544995,0.1428009700246774,0.7002753551514324,0.0016285118638910134,0.008755826069237685,3.257023727782027e-07,0.008755500366864906
2025-01-06,0.005760615382937484,0.15057705364727217,0.6641118123764775,0.036163542774954816,0.0038256927223664287,7.232708554990963e-06,0.0038184600138114378
2025-01-07,-0.011304045433904064,0.1503235491772425,0.6652317653975337,0.0011199530210561637,-0.00751981010012993,2.2399060421123274e-07,-0.007520034090734142
2025-01-08,0.0014610115160782478,0.15469200715329456,0.6464458108744001,0.018785954523133586,0.0009444647742080396,3.7571909046267174e-06,0.0009407075833034129
2025-01-10,-0.015267533310024395,0.1545886221628393,0.6468781376074548,0.0004323267330547109,-0.00987623351344836,8.646534661094219e-08,-0.009876319978794972
2025-01-13,0.0015505849049237685,0.1616172240497751,0.6187459324830493,0.028132205124405507,0.0009594181028911976,5.626441024881102e-06,0.0009537916618663165
2025-01-14,0.001375843498309326,0.16192305114212083,0.617577295478637,0.0011686370044122762,0.0008496897066877403,2.3372740088245526e-07,0.0008494559792868578
2025-01-15,0.018189924151601256,0.15881970488730288,0.6296447916897917,0.01206749621115466,0.011453191003288083,2.413499242230932e-06,0.011450777504045852
2025-01-16,-0.0019229973708283499,0.1726210474693588,0.5793036333981844,0.050341158291607346,-0.0011139993639360188,1.006823165832147e-05,-0.0011240675955943402
2025-01-17,0.010040006199192764,0.1726610383828553,0.579169457896239,0.0001341755019453883,0.005814864947661352,2.683510038907766e-08,0.005814838112560962
2025-01-21,0.00915337560722529,0.17591544258841207,0.568454926574975,0.010714531321263987,0.005203281458718419,2.1429062642527975e-06,0.005201138552454166
2025-01-22,0.005621538331987974,0.1784732665411387,0.5603080054398492,0.008146921135125829,0.0031497929302998382,1.6293842270251659e-06,0.003148163546072813
2025-01-23,0.005457956171128542,0.14211427352326167,0.7036590873022457,0.14335108186239653,0.003840540457911969,2.867021637247931e-05,0.00381187024153949
2025-01-24,-0.002919265256986603,0.14243514332796453,0.7020739240578054,0.0015851632444402464,-0.002049540014338202,3.170326488880493e-07,-0.00204985704698709
2025-01-27,-0.014145255556364478,0.13866431664262654,0.7211660679634373,0.019092143905631853,-0.010201078329921334,3.818428781126371e-06,-0.01020489675870246
2025-01-28,0.008592418892591214,0.14748073111747298,0.6780546803795466,0.04311138758389066,0.005826129845903113,8.622277516778133e-06,0.005817507568386335
2025-01-29,-0.004483069391403416,0.14541906812848313,0.6876677267086205,0.009613046329073893,-0.003082862137063386,1.922609265814779e-06,-0.0030847847463292004
2025-01-30,0.0053671859760371365,0.14635986141292034,0.6832474357014676,0.00442029100715291,0.003667116055060252,8.84058201430582e-07,0.0036662319968588214
2025-01-31,-0.005321911081975883,0.14214555654829997,0.7035042278371942,0.02025679213572662,-0.0037439869463436505,4.0513584271453245e-06,-0.003748038304770796
2025-02-03,-0.006729655863189077,0.13700736852745996,0.7298877503800631,0.02638352254286891,-0.004911893378815077,5.276704508573782e-06,-0.004917170083323651
2025-02-04,0.006708369785656254,0.13876873384957084,0.7206234230572629,0.009264327322800248,0.004834208398073527,1.8528654645600497e-06,0.0048323555326089665
2025-02-05,0.004054526223509436,0.13954067053583394,0.7166369461749152,0.003986476882347656,0.002905623291001914,7.972953764695313e-07,0.0029048259956254443
2025-02-06,0.0034756291897781733,0.13404134129128484,0.7460384910853011,0.029401544910385824,0.002592953156314136,5.880308982077165e-06,0.002587072847332059
2025-02-07,-0.009153513013858694,0.13325264748860355,0.7504541326922043,0.00441564160690322,-0.006869291669902131,8.831283213806441e-07,-0.006870174798223511
2025-02-10,0.006791224284519393,0.13095894630399216,0.7635980803317719,0.01314394763956761,0.00518576582676152,2.628789527913522e-06,0.005183137037233606
2025-02-11,0.0007604384781254581,0.13248558652897902,0.7547990888663701,0.008798991465401751,0.0005739782704280249,1.7597982930803503e-06,0.0005722184721349445
2025-02-12,-0.0032212799544473203,0.1181528804996496,0.8463610838526833,0.09156199498631312,-0.0027263659936389564,1.8312398997262625e-05,-0.002744678392636219
2025-02-13,0.010557293434562576,0.11954098623243975,0.8365331686787028,0.009827915173980517,0.008831526129485496,1.9655830347961033e-06,0.0088295605464507
2025-02-14,-4.927878863780766e-05,0.12330731138419955,0.8109819188938531,0.025551249784849683,-3.9964206570253855e-05,5.110249956969937e-06,-4.507445652722379e-05
2025-02-18,0.002935999786583876,0.10891293997312525,0.9181645452292028,0.1071826263353497,0.0026957309088418207,2.143652526706994e-05,0.0026742943835747508
2025-02-19,0.0023549188372289365,0.10836477520604629,0.9228090937286458,0.004644548499443069,0.0021731405179877513,9.289096998886137e-07,0.0021722116082878626
2025-02-20,-0.0041602448320542385,0.10400064919919463,0.9615324593644401,0.03872336563579426,-0.004000210444923314,7.744673127158853e-06,-0.004007955118050473
2025-02-21,-0.01710420781148192,0.10141247271236505,0.9860720020468171,0.024539542682377014,-0.016865980440092784,4.907908536475403e-06,-0.01687088834862926
2025-02-24,-0.004550510344039749,0.1166333369324248,0.8573877986354635,0.12868420341135356,-0.003901552046544146,2.5736840682270714e-05,-0.003927288887226417
2025-02-25,-0.004973079507837541,0.1153512638235548,0.8669172463768008,0.009529447741337238,-0.004311248392947417,1.9058895482674477e-06,-0.004313154282495684
2025-02-26,0.0005049020314549235,0.11600749217351446,0.8620132900591303,0.004903956317670488,0.0004352322612919971,9.807912635340976e-07,0.000434251470028463
2025-02-27,-0.01596211835726624,0.10584420053290422,0.9447848771734318,0.08277158711430155,-0.015080768031597568,1.655431742286031e-05,-0.015097322349020429
2025-02-28,0.015605704427724687,0.11356100039238898,0.8805840002683012,0.06420087690513065,0.013742133631970545,1.284017538102613e-05,0.01372929345658952
2025-03-03,-0.01751997766630431,0.12745784383021583,0.7845731341039168,0.09601086616438437,-0.013745703787083,1.9202173232876876e-05,-0.013764905960315876
2025-03-04,-0.011836867992038314,0.13821441340065127,0.7235135434835105,0.061059590620406334,-0.008564134304666186,1.2211918124081267e-05,-0.008576346222790267
2025-03-05,0.010747731993943743,0.14217134742573018,0.7033766072466864,0.02013693623682411,0.007559703265496814,4.027387247364822e-06,0.007555675878249449
2025-03-06,-0.017751052138385348,0.14759701026620214,0.6775204986851874,0.025856108561499003,-0.012026701696985604,5.171221712299801e-06,-0.012031872918697903
2025-03-07,0.005604777447865361,0.15531809384589393,0.6438399900736591,0.03368050861152827,0.0036085798563987026,6.736101722305654e-06,0.003601843754676397
2025-03-10,-0.026635406729509925,0.1562087004660825,0.6401692076153782,0.0036707824582808968,-0.01705116722054368,7.341564916561794e-07,-0.017051901377035335
2025-03-11,-0.008313111741900747,0.17591966857237845,0.5684412710160212,0.07172793659935706,-0.0047255158046642706,1.4345587319871411e-05,-0.004739861391984142
2025-03-12,0.0053067124815113775,0.1756133794574912,0.569432695327214,0.0009914243111928123,0.003021815591673592,1.9828486223856247e-07,0.003021617306811353
2025-03-13,-0.013330547411436466,0.17457570777365997,0.5728173826432456,0.003384687316031587,-0.007635969277420729,6.769374632063174e-07,-0.007636646214883936
2025-03-14,0.020655906135268243,0.17684880906631067,0.5654547549851145,0.007362627658131005,0.011679980342713628,1.472525531626201e-06,0.011678507817182002
2025-03-17,0.00771133679017999,0.19699922581431284,0.5076162080670196,0.05783854691809498,0.003914399540558868,1.1567709383618996e-05,0.003902831831175249
2025-03-18,-0.010808597358321625,0.19472238805101252,0.5135516311242159,0.0059354230571962985,-0.005550772803530961,1.1870846114392596e-06,-0.0055519598881424
2025-03-19,0.010890957855881567,0.1959738504592099,0.5102721601156378,0.003279471008578061,0.005557352590849062,6.558942017156123e-07,0.0055566966966473464
2025-03-20,-0.0028918084037365954,0.20132524818528452,0.4967086885593583,0.013563471556279516,-0.0014363863597849356,2.712694311255903e-06,-0.0014390990540961914
2025-03-21,0.00033011155289441874,0.20021906802908018,0.4994529291559574,0.0027442405965991123,0.0001648751820413392,5.488481193198225e-07,0.0001643263339220194
2025-03-24,0.017908376041436913,0.2007075817175616,0.49823728204110074,0.001215647114856666,0.008922620604655495,2.4312942297133323e-07,0.008922377475232524
2025-03-25,0.0024038215328545665,0.2074254005235643,0.48210103366120594,0.016136248379894802,0.001158884845726251,3.2272496759789605e-06,0.0011556575960502721
2025-03-26,-0.01193812074974343,0.2076925551807339,0.48148090774356395,0.0006201259176419893,-0.005747977215338743,1.2402518352839787e-07,-0.005748101240522272
2025-03-27,-0.0026557355920602266,0.21052507612596538,0.47500279700726056,0.0064781107363033885,-0.0012614818343403408,1.2956221472606777e-06,-0.0012627774564876015
2025-03-28,-0.020138428433983946,0.21036004277510015,0.4753754500179099,0.00037265301064931533,-0.00957331447945859,7.453060212986307e-08,-0.00957338901006072
2025-03-31,0.006712800625198856,0.21430741175618948,0.46661941918166944,0.008756030836240436,0.0031323231288126374,1.7512061672480874e-06,0.0031305719226453893
2025-04-01,0.0028245533885180585,0.20707859645936766,0.4829084304694025,0.01628901128773308,0.001364000643626288,3.257802257546616e-06,0.0013607428413687415
2025-04-02,0.006328297594604848,0.2005548808214873,0.49861663595716427,0.01570820548776175,0.0031553944579576837,3.14164109755235e-06,0.003152252816860131
2025-04-03,-0.04928091072982521,0.1988235945930754,0.5029584149942876,0.00434177903712335,-0.02478624875014787,8.6835580742467e-07,-0.024787117105955297
2025-04-04,-0.05854282631206209,0.25551216893889345,0.3913707923003672,0.11158762269392042,-0.022911952317254524,2.2317524538784085e-05,-0.02293426984179331
2025-04-07,-0.001781249590409928,0.3157988960272203,0.31665721843239286,0.07471357386797434,-0.0005640455406330469,1.4942714773594867e-05,-0.0005789882554066418
2025-04-08,-0.015662815673295305,0.3135215729031656,0.3189573179096229,0.002300099477230033,-0.0049957696780670744,4.6001989544600663e-07,-0.004996229697962521
2025-04-09,0.10501944686832076,0.3066344923713515,0.3261211719094355,0.007163853999812619,0.03424906508597746,1.432770799962524e-06,0.0342476323151775
2025-04-10,-0.043819062573260736,0.48985165176936196,0.20414343738312685,0.12197773452630867,-0.00894537405661177,2.4395546905261736e-05,-0.008969769603517032
2025-04-11,0.01784265778614169,0.5121424170023854,0.19525818733255645,0.008885250050570392,0.0034839250165171515,1.7770500101140786e-06,0.0034821479665070373
2025-04-14,0.009701508108546752,0.5151231662877339,0.19412832996942464,0.0011298573631318143,0.0018833375672970127,2.2597147262636286e-07,0.0018831115958243864
2025-04-15,-0.0028007924327630995,0.5107263956358494,0.19579955305717256,0.0016712230877479195,-0.0005483939065409259,3.342446175495839e-07,-0.0005487281511584754
2025-04-16,-0.02222796326408627,0.5096550232548461,0.19621115350019094,0.00041160044301838394,-0.004361374312006236,8.23200886036768e-08,-0.00436145663209484
2025-04-17,0.0014265993667199606,0.5136831723956102,0.194672524571207,0.0015386289289839317,0.0002777197002710599,3.0772578579678634e-07,0.00027741197448526313
2025-04-21,-0.023802592345244733,0.5116246004454305,0.1954558086396511,0.0007832840684440789,-0.0046523549345597786,1.566568136888158e-07,-0.004652511591373467
2025-04-22,0.02601775974219156,0.5167145977812011,0.19353043329800457,0.0019253753416465236,0.005035228316349712,3.850750683293047e-07,0.005034843241281383
2025-04-23,0.015495362918822586,0.5269329079776048,0.18977748112905884,0.0037529521689457224,0.0029406709439147717,7.505904337891445e-07,0.0029399203534809827
2025-04-24,0.02104903098185429,0.5258095565903645,0.19018292601689185,0.00040544488783300636,0.004003166301949259,8.108897756660128e-08,0.004003085212971692
2025-04-25,0.0072251980963009554,0.5320659901795173,0.18794661159654338,0.0022363144203484675,0.0013579515003135604,4.4726288406969353e-07,0.0013575042374294906
2025-04-28,0.0003813852095151393,0.5316588112994511,0.18809055332984234,0.00014394173329895787,7.173495508952041e-05,2.8788346659791577e-08,7.170616674286062e-05
2025-04-29,0.006299389544388578,0.5316439696531658,0.18809580416239471,5.250832552372575e-06,0.001184888742083951,1.0501665104745151e-09,0.0011848876919174406
2025-04-30,0.00039694175083582195,0.5274353008844392,0.1895967141985249,0.0015009100361301764,7.525885168668142e-05,3.001820072260353e-07,7.495866967945539e-05
2025-05-01,0.007086756457844956,0.5269364081058373,0.1897762205490166,0.00017950635049171493,0.001344897856521152,3.5901270098342985e-08,0.0013448619552510538
2025-05-02,0.014844248983960195,0.5274207653918077,0.18960193940356615,0.0001742811454504556,0.0028144983963482692,3.485622909009112e-08,0.002814463540119179
2025-05-05,-0.005734215590911473,0.5294677259625808,0.18886892457552232,0.000733014828043832,-0.0010830151319396431,1.466029656087664e-07,-0.001083161734905252
2025-05-06,-0.00835843551316362,0.4982320525106146,0.20070968837933115,0.01184076380380883,-0.001677618987185805,2.368152760761766e-06,-0.0016799871399465667
2025-05-07,0.00420552756227166,0.4482221040762967,0.22310367804390552,0.02239398966457437,0.0009382686672578274,4.478797932914874e-06,0.0009337898693249125
2025-05-08,0.006967762571935099,0.4475312619667684,0.2234480772595179,0.0003443992156123843,0.001556933149499731,6.887984312247687e-08,0.0015568642696566087
2025-05-09,-0.0012742213508586397,0.4408920684294416,0.2268128804317639,0.003364803172245995,-0.0002890098148959013,6.72960634449199e-07,-0.00028968277553035053
2025-05-12,0.03304754271395138,0.25722189314524185,0.38876939585984005,0.16195651542807615,0.012847873215555139,3.2391303085615235e-05,0.012815481912469524
2025-05-13,0.0066040731540844,0.2221109456693221,0.45022544791142177,0.06145605205158172,0.002973321793837445,1.2291210410316345e-05,0.0029610305834271286
2025-05-14,0.0012778714349117593,0.21736918344571254,0.4600468125923414,0.009821364680919653,0.0005878806805339565,1.9642729361839307e-06,0.0005859164075977726
2025-05-15,0.004884285134641564,0.21683503220636852,0.46118009153072165,0.0011332789383802222,0.0022525350654561396,2.2665578767604445e-07,0.0022523084096684634
2025-05-16,0.006334043929497213,0.21533932790312685,0.4643833570660455,0.0032032655353238515,0.002941424583783722,6.406531070647703e-07,0.0029407839306766575
2025-05-19,0.0010938196429841618,0.1920357227290127,0.5207364472552483,0.05635309018920276,0.0005695917548255764,1.1270618037840553e-05,0.0005583211367877358
2025-05-20,-0.003362153676216839,0.19213732401609462,0.5204610843420687,0.0002753629131795332,-0.0017498701480484888,5.507258263590664e-08,-0.0017499252206311247
2025-05-21,-0.016850775346555102,0.16317855495776978,0.6128256254376059,0.09236454109553716,-0.010326586940861221,1.8472908219107433e-05,-0.010345059849080329
2025-05-22,0.00039470808698149895,0.16734874743108047,0.5975545173481694,0.015271108089436436,0.00023585960040964888,3.0542216178872872e-06,0.0002328053787917616
2025-05-23,-0.0068258512570531504,0.16336071969589858,0.6121422590825587,0.014587741734389259,-0.004178392008654039,2.917548346877852e-06,-0.004181309557000917
2025-05-27,0.020790577842265234,0.15530242915357778,0.6439049314618931,0.03176267237933439,0.013387155600576949,6.3525344758668785e-06,0.013380803066101081
2025-05-28,-0.005785347645933303,0.16686060277863735,0.5993026414549348,0.044602290006958256,-0.0034671741259429175,8.920458001391652e-06,-0.003476094583944309
2025-05-29,0.003947442276660329,0.16962855304355712,0.5895233921751492,0.009779249279785684,0.0023271095613523907,1.955849855957137e-06,0.0023251537114964338
2025-05-30,-0.0011186108246576953,0.16927269209044105,0.5907627436241801,0.0012393514490309787,-0.0006608335998224868,2.4787028980619574e-07,-0.0006610814701122931
2025-06-02,0.005633026900562443,0.16965101811332692,0.589445327897767,0.0013174157264130848,0.003320361388458972,2.63483145282617e-07,0.003320097905313689
2025-06-03,0.005702557269405606,0.16927983977398142,0.5907377992176607,0.0012924713198936288,0.00336871613124134,2.584942639787258e-07,0.0033684576369773615
2025-06-04,-0.00026851243178294126,0.16402707200101907,0.6096554597973847,0.018917660579723994,-0.00016370007005994295,3.7835321159447988e-06,-0.00016748360217588775
2025-06-05,-0.004832756264298466,0.1616641506500684,0.6185663277720483,0.008910867974663672,-0.0029893802954244647,1.7821735949327345e-06,-0.0029911624690193974
2025-06-06,0.010269030973764526,0.15906136179550776,0.6286881922245948,0.01012186445254648,0.00645601851879439,2.024372890509296e-06,0.006453994145903881
2025-06-09,0.0009012287764704752,0.16107027082046627,0.6208470345931373,0.00784115763145754,0.0005595252133616959,1.5682315262915082e-06,0.0005579569818354044
2025-06-10,0.005669821601985259,0.1606396677979062,0.6225112475070956,0.0016642129139583517,0.003529527718594523,3.3284258279167035e-07,0.0035291948760117313
2025-06-11,-0.002852077351950366,0.1601752472551053,0.6243161893843288,0.0018049418772331238,-0.0017805980641989996,3.609883754466248e-07,-0.0017809590525744462
2025-06-12,0.003974378305442006,0.11888017754273975,0.8411831313428856,0.21686694195855682,0.0033431799881129378,4.337338839171137e-05,0.0032998065997212264
2025-06-13,-0.0111801611547373,0.11780313075650069,0.84887387421562,0.007690742872734413,-0.009490546713776832,1.5381485745468828e-06,-0.009492084862351379
2025-06-16,0.009514136167775744,0.1255867102585704,0.7962625965288052,0.05261127768681484,0.007575750768681729,1.0522255537362968e-05,0.007565228513144367
2025-06-17,-0.008544966880486782,0.1284808692114714,0.7783259921397817,0.017936604389023447,-0.00665076982505645,3.5873208778046895e-06,-0.006654357145934255
2025-06-18,-0.00015071307483049967,0.13102137121336965,0.7632342653256847,0.015091726814096984,-0.00011502938294323136,3.0183453628193968e-06,-0.00011804772830605077
2025-06-20,-0.0023484740098860257,0.13099711667641062,0.7633755806016727,0.00014131527598792992,-0.0017927677108246832,2.8263055197585987e-08,-0.0017927959738798808
2025-06-23,0.009877277029178178,0.13069268291873043,0.765153777294355,0.00177819669268231,0.007557635828258447,3.55639338536462e-07,0.0075572801889199105
2025-06-24,0.011047290002159427,0.1187845652190523,0.8418602182496403,0.07670644095528534,0.009300273972285004,1.534128819105707e-05,0.009284932684093947
2025-06-25,0.0005603844216792719,0.12312026745957257,0.8122139600844819,0.029646258165158423,0.00045515205030177366,5.929251633031685e-06,0.00044922279866874197
2025-06-26,0.007823809728070064,0.11898703577144971,0.8404276932495401,0.028213733165058263,0.006575346362185235,5.642746633011653e-06,0.006569703615552223
2025-06-27,0.004968423150459644,0.10085889886838462,0.9914841538226049,0.15105646057306477,0.004926112823166121,3.0211292114612954e-05,0.004895901531051508
2025-06-30,0.004781078490475821,0.09748922412525564,1.0257543938550426,0.03427024003243773,0.0049042122689714075,6.854048006487546e-06,0.00489735822096492
2025-07-01,-0.0003235144031829007,0.09770775012102058,1.0234602667254158,0.002294127129626844,-0.00033110413737108524,4.588254259253688e-07,-0.0003315629627970106
2025-07-02,0.004533265125870711,0.09739003706950547,1.0267990752342753,0.003338808508859481,0.004654752439035837,6.677617017718962e-07,0.004654084677334065
2025-07-03,0.007881399459640726,0.09700256212527034,1.0309006051908065,0.004101529956531236,0.00812493947269412,8.203059913062472e-07,0.008124119166702814
2025-07-07,-0.007452069870285016,0.09824022084567799,1.0179130211554226,0.012987584035383914,-0.007585558955523119,2.597516807076783e-06,-0.007588156472330196
2025-07-08,-0.0005477352950125081,0.10373626844618605,0.963983007079879,0.05393001407554354,-0.0005280075167699422,1.078600281510871e-05,-0.000538793519585051
2025-07-09,0.005996656078344209,0.101157537343961,0.9885570826025046,0.024574075522625582,0.005928036838178528,4.914815104525117e-06,0.005923122023074002
2025-07-10,0.002820258275139098,0.09795116663295028,1.0209168858062432,0.032359803203738546,0.002879249295424295,6.4719606407477094e-06,0.002872777334783547
2025-07-11,-0.0035154084840562927,0.09788045422575052,1.0216544333699247,0.0007375475636814954,-0.0035915326628423575,1.475095127362991e-07,-0.003591680172355094
2025-07-14,0.0019081841138897104,0.09893524408498788,1.0107621497764485,0.01089228359347616,0.0019287202771244311,2.1784567186952322e-06,0.001926541820405736
2025-07-15,-0.004273212189356279,0.09750588725611418,1.025579099006962,0.014816949230513465,-0.00438251710702558,2.963389846102693e-06,-0.0043854804968716824
2025-07-16,0.0033432733845384366,0.09954693054798683,1.00455131513869,0.021027783868271976,0.003358489675306266,4.2055567736543954e-06,0.0033542841185326116
2025-07-17,0.0061196372725167425,0.08813194938167945,1.1346622955872985,0.13011098044860847,0.006943721675795441,2.6022196089721696e-05,0.00691769947970572
2025-07-18,-0.0007324327901533367,0.0853625961714302,1.1714732738349956,0.03681097824769708,-0.0008580254385450297,7.362195649539416e-06,-0.0008653876341945692
2025-07-21,0.001896143492131186,0.07693938314858897,1.2997244831931558,0.12825120935816026,0.0024644641203702715,2.5650241871632054e-05,0.0024388138784986395
2025-07-22,0.0001431954391026835,0.07637844488854807,1.3092699143838378,0.009545431190681963,0.0001874814802941265,1.909086238136393e-06,0.0001855723940559901
2025-07-23,0.008507476351847565,0.07482083772211572,1.3365260673958181,0.027256153011980366,0.011370463911997747,5.451230602396074e-06,0.01136501268139535
2025-07-24,0.00033102965109055305,0.07330196456649281,1.364219916770296,0.02769384937447783,0.0004515972430592544,5.538769874895566e-06,0.0004460584731843588
2025-07-25,0.004224338152491125,0.0669435809609252,1.493795201340809,0.12957528457051293,0.006310296061032141,2.5915056914102586e-05,0.006284381004118039
2025-07-28,-0.0002510690047468067,0.06706293590038219,1.4911366264749246,0.002658574865884278,-0.0003743781887505702,5.317149731768556e-07,-0.0003749099037237471
2025-07-29,-0.0026375648019045794,0.06447600068534766,1.5,0.00886337352507538,-0.003956347202856869,1.772674705015076e-06,-0.003958119877561884
2025-07-30,-0.0012594666428340506,0.06532555775890092,1.5,0.0,-0.001889199964251076,0.0,-0.001889199964251076
2025-07-31,-0.003751164153554032,0.06492239443657966,1.5,0.0,-0.005626746230331048,0.0,-0.005626746230331048
2025-08-01,-0.01639041762130744,0.06703521206284777,1.4917533177376487,0.008246682262351257,-0.024450459865690995,1.6493364524702514e-06,-0.024452109202143465
2025-08-04,0.015199764160073403,0.08911612061514723,1.1221314315493534,0.3696218861882954,0.01705613311615572,7.392437723765909e-05,0.01698220873891806
2025-08-05,-0.0050698285705123025,0.10008575992622762,0.9991431355840149,0.12298829596533845,-0.005065484414815086,2.459765919306769e-05,-0.005090082074008154
2025-08-06,0.007659561420999328,0.09803174760342574,1.0200777038530064,0.020934568268991538,0.007813347826854066,4.186913653798308e-06,0.007809160913200268
2025-08-07,-0.0008375389073296269,0.10092800957966189,0.9908052325263642,0.029272471326642235,-0.000829837931826608,5.8544942653284475e-06,-0.0008356924260919364
2025-08-08,0.007797456463786601,0.09940025031029322,1.0060336838975212,0.015228451371157026,0.007844503851293773,3.045690274231405e-06,0.00784145816101954
2025-08-11,-0.0019774044951013092,0.10223096811976626,0.9781771789820809,0.02785650491544034,-0.0019342519507246846,5.571300983088068e-06,-0.0019398232517077727
2025-08-12,0.010646077812391797,0.10153485102772421,0.9848835053955503,0.0067063264134693545,0.010485146434582223,1.341265282693871e-06,0.01048380516929953
2025-08-13,0.0034230360367946133,0.1069416808168038,0.9350890993690736,0.04979440602647667,0.003200843684754158,9.958881205295333e-06,0.0031908848035488626
2025-08-14,9.301357079483097e-05,0.10513607009443834,0.9511483538444525,0.016059254475378926,8.846970474669793e-05,3.2118508950757853e-06,8.525785385162214e-05
2025-08-15,-0.002341293610408912,0.10511154487305438,0.951370281169136,0.00022192732468351295,-0.0022274371604342285,4.4385464936702594e-08,-0.002227481545899165
2025-08-18,-0.00021752076014103228,0.10459013147538011,0.9561131493896191,0.004742868220483087,-0.0002079744590360663,9.485736440966176e-07,-0.00020892303268016293
2025-08-19,-0.005425196437217061,0.10448697560338834,0.9570570822107055,0.0009439328210864018,-0.005192222672622876,1.8878656421728035e-07,-0.005192411459187093
2025-08-20,-0.002657177257710863,0.10692150577925798,0.9352655414940789,0.02179154071662659,-0.002485166326778702,4.358308143325318e-06,-0.0024895246349220276
2025-08-21,-0.004011713483852319,0.10759297192144214,0.9294287369719088,0.005836804522170169,-0.003728601796390037,1.167360904434034e-06,-0.0037297691572944713
2025-08-22,0.015356833041096918,0.1048779216866838,0.9534895275551294,0.024060790583220637,0.0146425794810985,4.8121581166441274e-06,0.014637767322981856
2025-08-25,-0.0044010200352035955,0.11742272640202789,0.8516238982360489,0.1018656293190805,-0.003748013838595039,2.03731258638161e-05,-0.003768386964458855
2025-08-26,0.004186968758527643,0.11808702532624801,0.846833085376843,0.004790812859205906,0.0035456636721604134,9.581625718411813e-07,0.0035447055095885723
2025-08-27,0.002278548405594716,0.11876518852393389,0.841997568840197,0.004835516536645934,0.001918532217995458,9.67103307329187e-07,0.0019175651146881288
2025-08-28,0.003541419568318549,0.11827707108741968,0.8454724071252075,0.0034748382850104953,0.002994172527066597,6.949676570020991e-07,0.002993477559409595
2025-08-29,-0.005963733924517545,0.1183564034138068,0.8449057010491632,0.0005667060760443654,-0.005038792792365174,1.1334121520887309e-07,-0.005038906133580383
2025-09-02,-0.007410347641911175,0.11973919733468892,0.8351484077556081,0.009757293293555125,-0.006188740034057642,1.951458658711025e-06,-0.006190691492716353
2025-09-03,0.005419642546478309,0.10663465573295919,0.9377814305550526,0.10263302279944453,0.005082440140333457,2.0526604559888905e-05,0.005061913535773568
2025-09-04,0.00835741674721624,0.09551542830566515,1.0469512807918684,0.1091698502368158,0.008749808167609452,2.183397004736316e-05,0.00872797419756209
2025-09-05,-0.0028963839692857096,0.09616406270482152,1.0398895095244989,0.00706177126736951,-0.003011919305215138,1.412354253473902e-06,-0.003013331659468612
2025-09-08,0.0024568640068374226,0.094719105079132,1.055753218069957,0.015863708545458044,0.0025938420815788577,3.172741709091609e-06,0.002590669339869766
2025-09-09,0.002311789068507597,0.09456025952764557,1.057526708360652,0.0017734902906951788,0.002444778684042977,3.5469805813903576e-07,0.002444423985984838
2025-09-10,0.0028907101289483705,0.09163883842175427,1.091240370592267,0.03371366223161498,0.00315445959238844,6.7427324463229965e-06,0.003147716859942117
2025-09-11,0.008310290457562264,0.09120387229697637,1.0964446736908477,0.005204303098580665,0.009111773709018021,1.040860619716133e-06,0.009110732848398305
2025-09-12,-0.00033472424849623206,0.08848068218604109,1.1301902011756442,0.03374552748479642,-0.00037830206574632284,6.749105496959285e-06,-0.0003850511712432821
2025-09-15,0.0053240571686796745,0.08819983337765373,1.1337889899612437,0.0035987887855994938,0.006036357399773247,7.197577571198988e-07,0.006035637642016127
2025-09-16,-0.0013768848246955567,0.08942680045952982,1.1182330071761328,0.015555982785110833,-0.0015396780580544949,3.111196557022167e-06,-0.0015427892546115171
2025-09-17,-0.001242457061691904,0.08900977804122065,1.1234720746488072,0.00523906747267433,-0.0013958658127610642,1.0478134945348661e-06,-0.001396913626255599
2025-09-18,0.004672499536354291,0.08928954454176587,1.119951955329151,0.003520119319656123,0.00523297499201454,7.040238639312246e-07,0.005232270968150608
2025-09-19,0.004952868450893266,0.08669603256258315,1.15345532020526,0.03350336487610894,0.0057129124649596226,6.700672975221789e-06,0.005706211791984401
2025-09-22,0.004731049353107419,0.08592828293069867,1.1637611807121784,0.010305860506918396,0.005505811581179878,2.0611721013836794e-06,0.005503750409078494
2025-09-23,-0.005443470649980853,0.08349838397241142,1.1976279688603417,0.03386678814816335,-0.006519252698087453,6.773357629632671e-06,-0.006526026055717085
2025-09-24,-0.0031816642308674092,0.07342590663423158,1.3619171295786143,0.1642891607182726,-0.004333163016585892,3.285783214365452e-05,-0.004366020848729546
2025-09-25,-0.004613467564511753,0.07231556649288133,1.3828281357630505,0.0209110061844362,-0.006379632751637088,4.18220123688724e-06,-0.006383814952873976
2025-09-26,0.005729127602591033,0.07459164491970491,1.3406327224402443,0.042195413322806186,0.007680655935069167,8.439082664561238e-06,0.007672216852404605
2025-09-29,0.0028103535347194786,0.07622716067716799,1.3118683565233802,0.028764365916864154,0.0036868138728421147,5.752873183372831e-06,0.003681060999658742
2025-09-30,0.003766834755358328,0.07599187782008666,1.3159301081722625,0.004061751648882339,0.004956891267085723,8.123503297764679e-07,0.004956078916755946
2025-10-01,0.0034075722246513784,0.0717691246701572,1.3933568294108187,0.0774267212385562,0.004747964030928615,1.548534424771124e-05,0.004732478686680904
2025-10-02,0.0011517326256851312,0.06385607026366073,1.5,0.10664317058918127,0.0017275989385276969,2.1328634117836256e-05,0.0017062703044098606
2025-10-03,-1.4805406382656372e-05,0.06284221248308065,1.5,0.0,-2.2208109573984558e-05,0.0,-2.2208109573984558e-05
2025-10-06,0.003586271966467658,0.058709592038419016,1.5,0.0,0.005379407949701487,0.0,0.005379407949701487
2025-10-07,-0.0037075138893177817,0.056727727001773656,1.5,0.0,-0.0055612708339766725,0.0,-0.0055612708339766725
2025-10-08,0.005963055269571305,0.05989561572043464,1.5,0.0,0.008944582904356957,0.0,0.008944582904356957
2025-10-09,-0.002896974724933221,0.061744541892102656,1.5,0.0,-0.004345462087399832,0.0,-0.004345462087399832
2025-10-10,-0.027027862178845674,0.06365822240728625,1.5,0.0,-0.04054179326826851,0.0,-0.04054179326826851
2025-10-13,0.015344118135168339,0.1139168798245816,0.8778330318912182,0.6221669681087818,0.013469573744291847,0.00012443339362175636,0.01334514035067009
2025-10-14,-0.0012216462876413203,0.12595700189664283,0.7939217232405826,0.08391130865063556,-0.0009698915258746575,1.6782261730127114e-05,-0.0009866737876047845
2025-10-15,0.004439622839291779,0.12487934926724452,0.8007729107075809,0.00685118746699831,0.003555129703463533,1.370237493399662e-06,0.0035537594659701332
2025-10-16,-0.006810318970138396,0.1255444239945981,0.7965307961769994,0.004242114530581542,-0.005424628791503659,8.484229061163085e-07,-0.005425477214409776
2025-10-17,0.0056762988463516795,0.12799457736147754,0.7812830985611501,0.01524769761584932,0.004434796351036722,3.049539523169864e-06,0.004431746811513552
2025-10-20,0.010400500262923273,0.12847609495762566,0.7783549152313688,0.0029281833297812865,0.008095280500511474,5.856366659562573e-07,0.008094694863845517
2025-10-21,-1.503455288609512e-05,0.1322828190005108,0.7559560701500764,0.022398845081292418,-1.1365461516235956e-05,4.479769016258484e-06,-1.584523053249444e-05
2025-10-22,-0.005198824867010954,0.1314232006103731,0.7609006593627815,0.0049445892127051305,-0.003955789269220259,9.88917842541026e-07,-0.0039567781870628
2025-10-23,0.005929962705964353,0.131289987577402,0.7616727051714054,0.000772045808623889,0.004516690735817416,1.5440916172477781e-07,0.004516536326655691
2025-10-24,0.008172554694480416,0.131984129035553,0.7576668553312397,0.0040058498401657205,0.006192073815389537,8.011699680331441e-07,0.006191272645421504
2025-10-27,0.011797664492784632,0.13281147189586312,0.7529470050479492,0.004719850283290472,0.008883016146402722,9.439700566580945e-07,0.008882072176346064
2025-10-28,0.002656016019079832,0.13690228133698681,0.730448017545074,0.022498987502875156,0.001940081635704823,4.4997975005750315e-06,0.001935581838204248
2025-10-29,0.0004802810674313651,0.13688745322692944,0.7305271421349471,7.912458987302529e-05,0.00035085835561215697,1.5824917974605057e-08,0.00035084253069418236
2025-10-30,-0.010998098598900663,0.13673122618988717,0.7313618314306914,0.000834689295744373,-0.00804358953354731,1.6693785914887462e-07,-0.00804375647140646
2025-10-31,0.0032802220875831622,0.14319150512308568,0.6983654506183256,0.03299638081236589,0.0022907937763231995,6.599276162473178e-06,0.0022841945001607264
2025-11-03,0.0018767398754619968,0.14343891491879432,0.6971608789470656,0.0012045716712599797,0.001308389621132092,2.4091433425199596e-07,0.00130814870679784
2025-11-04,-0.01185354736001909,0.14342917498448837,0.697208221485028,4.734253796245813e-05,-0.00826439067316746,9.468507592491627e-09,-0.008264400141675052
2025-11-05,0.0034653852011290454,0.14979912952677893,0.6675606214529,0.029647600032128074,0.002313354698439388,5.929520006425615e-06,0.0023074251784329625
2025-11-06,-0.010729363869237507,0.1494419907999487,0.6691559679090834,0.0015953464561834219,-0.007179617864968372,3.190692912366844e-07,-0.0071799369342596085
2025-11-07,0.000984565078659072,0.1530941413641877,0.6531928596935346,0.015963108215548805,0.0006431108792837091,3.192621643109761e-06,0.0006399182576405993
2025-11-10,0.01560437034633999,0.1528080524982372,0.6544157743333167,0.00122291463978208,0.010211746103183929,2.4458292795641604e-07,0.010211501520255973
2025-11-11,0.002289177027853917,0.12684742676130575,0.7883486685794131,0.13393289424609645,0.0018046696620512136,2.678657884921929e-05,0.0017778830832019944
2025-11-12,0.0005563903663643455,0.11732653004602536,0.8523221470947071,0.063973478515294,0.00047422383168246965,1.2794695703058801e-05,0.00046142913597941085
2025-11-13,-0.016593996414786205,0.1169795762343753,0.8548500791253019,0.0025279320305947595,-0.014185379148184962,5.055864061189519e-07,-0.014185884734591082
2025-11-14,-0.0001635496688257021,0.13209002758825306,0.7570594224699302,0.09779065665537168,-0.00012381681782633439,1.9558131331074337e-05,-0.00014337494915740872
2025-11-17,-0.009316528985265693,0.12942065328821448,0.7726742019861708,0.015614779516240573,-0.007198641598971199,3.122955903248115e-06,-0.007201764554874447
2025-11-18,-0.0083974608943449,0.13273837537627256,0.753361638761441,0.01931256322472974,-0.006326324900798789,3.862512644945948e-06,-0.006330187413443735
2025-11-19,0.0038631762831033978,0.13035428939660768,0.7671400800302501,0.013778441268809116,0.002963597362990905,2.7556882537618233e-06,0.002960841674737143
2025-11-20,-0.015242318774626007,0.13132602474164168,0.7614636946235941,0.005676385406656048,-0.011606472368757293,1.1352770813312097e-06,-0.011607607645838625
2025-11-21,0.009961232480063087,0.14008785795355658,0.713837740549599,0.04762595407399506,0.0071107036866575124,9.525190814799013e-06,0.007101178495842714
2025-11-24,0.014718418739979588,0.14328327523659165,0.6979181613128147,0.01591957923678433,0.01027225174443863,3.1839158473568665e-06,0.010269067828591273
2025-11-25,0.00940592893130443,0.1501205846763902,0.6661311652600247,0.031786996052790006,0.006265582399362799,6.357399210558001e-06,0.006259225000152241
2025-11-26,0.006903582418005261,0.14785132167321438,0.6763551307375063,0.010223965477481611,0.004669273388887098,2.0447930954963223e-06,0.004667228595791602
2025-11-28,0.0054584342293309,0.14977633446348398,0.6676622201912704,0.008692910546235888,0.0036443903163230944,1.7385821092471777e-06,0.003642651734213847
2025-12-01,-0.004565470301164498,0.1511613646361836,0.6615447025149636,0.006117517676306861,-0.003020262692224769,1.2235035352613722e-06,-0.0030214861957600305
2025-12-02,0.0018522768711999316,0.14697455709556215,0.6803898713910088,0.01884516887604526,0.0012602704221762616,3.769033775209052e-06,0.0012565013884010526
2025-12-03,0.003462749080359595,0.14666469263024895,0.6818273587638873,0.001437487372878521,0.0023609970595236626,2.874974745757042e-07,0.002360709562049087
2025-12-04,0.0007310498015529188,0.14702237330527534,0.680168587622792,0.001658771141095361,0.0004972371110041711,3.317542282190722e-07,0.0004969053567759521
2025-12-05,0.0018994848443159018,0.14046987316174395,0.7118964212693142,0.03172783364652221,0.0013522364629237908,6.345566729304442e-06,0.0013458908961944864
2025-12-08,-0.0030042091058060105,0.1401828681886085,0.7133539304207658,0.001457509151451597,-0.002143064373432572,2.9150183029031943e-07,-0.002143355875262862
2025-12-09,-0.000863208114894487,0.13476305040409206,0.7420431616837572,0.028689231262991388,-0.0006405376787673811,5.737846252598278e-06,-0.0006462755250199794
2025-12-10,0.006632325948745521,0.13491276977521596,0.7412196796983292,0.0008234819854279207,0.004916010515384072,1.6469639708558415e-07,0.004915845818986987
2025-12-11,0.0023269460314641055,0.12585375842910218,0.7945730127426707,0.05335333304434142,0.0018489285187100355,1.0670666608868285e-05,0.0018382578521011672
2025-12-12,-0.010752075575282682,0.1258607559463207,0.7945288366347469,4.417610792373239e-05,-0.008542834098238227,8.835221584746477e-09,-0.008542842933459813
2025-12-15,-0.0015108085502177904,0.13171016101304822,0.7592428650215775,0.03528597161316949,-0.001147070612166451,7.057194322633898e-06,-0.001154127806489085
2025-12-16,-0.002732285145230273,0.11747657565555371,0.8512335284031792,0.09199066338160178,-0.0023258127247779586,1.8398132676320355e-05,-0.002344210857454279
2025-12-17,-0.011003593983400228,0.11803312569668403,0.8472197902898487,0.004013738113330501,-0.009322462587050983,8.027476226661002e-07,-0.009323265334673649
2025-12-18,0.00755126270975226,0.11993324766632878,0.833797149212653,0.013422641077195707,0.006296221320347248,2.6845282154391415e-06,0.006293536792131809
2025-12-19,0.009063506223587092,0.11784020738794185,0.8486067889442007,0.014809639731547697,0.007691352912974021,2.9619279463095396e-06,0.007688390985027712
2025-12-22,0.00622989400678442,0.12066693321704193,0.8287274511247534,0.019879337819447285,0.00516288418101983,3.975867563889457e-06,0.00515890831345594
2025-12-23,0.0045704023396588855,0.10519034929875665,0.9506575523956551,0.12193010127090165,0.004344887501683491,2.438602025418033e-05,0.0043205014814293105
2025-12-24,0.003517674396244841,0.10195778515702743,0.9807980807545771,0.030140528358922003,0.003450128296556456,6.028105671784401e-06,0.0034441001908846716
2025-12-26,-0.00010140966545213459,0.09148652171011648,1.093057186247164,0.112259105492587,-0.00011084656357737647,2.24518210985174e-05,-0.00013329838467589388
2025-12-29,-0.0035636535074947684,0.0871907706593033,1.146910381039624,0.05385319479245987,-0.0040871912021740175,1.0770638958491974e-05,-0.00409796184113251
2025-12-30,-0.0012211244085722495,0.08613006455961737,1.1610347735288433,0.014124392489219373,-0.0014177679011572245,2.824878497843875e-06,-0.0014205927796550684
2025-12-31,-0.0074089416209803804,0.08459802166211156,1.1820607389544482,0.021025965425604864,-0.008757819007366436,4.2051930851209735e-06,-0.008762024200451557
2026-01-02,0.0018329931020035772,0.08723566309158919,1.1463201683353914,0.03574057061905678,0.002101196961246352,7.148114123811356e-06,0.0020940488471225408
2026-01-05,0.006660117292359935,0.08723128230922367,1.1463777368938917,5.7568558500253886e-05,0.007635010189063456,1.1513711700050778e-08,0.007634998675351756
2026-01-06,0.0059472480516442605,0.08938275043156331,1.1187841000324317,0.02759363686145999,0.006653686559128457,5.5187273722919985e-06,0.006648167831756165
2026-01-07,-0.003223412281198157,0.09141363523642825,1.0939287092277248,0.02485539080470689,-0.0035261832360798957,4.971078160941378e-06,-0.0035311543142408372
2026-01-08,-0.00010152731427326422,0.0922640891377928,1.0838453068197955,0.010083402407929265,-0.00011003990308909586,2.0166804815858532e-06,-0.00011205658357068171
2026-01-09,0.006613382996888628,0.09144862844056427,1.09351011278418,0.00966480596438446,0.007231801186812662,1.932961192876892e-06,0.007229868225619785
2026-01-12,0.00157043300066384,0.09361990926039906,1.0681488669451178,0.025361245839062185,0.0016774562302723022,5.072249167812437e-06,0.0016723839811044897
2026-01-13,-0.0019995067653818532,0.09134297989141542,1.0947748816480005,0.026626014702882728,-0.0021890097824252947,5.325202940576546e-06,-0.0021943349853658714
2026-01-14,-0.0049151644595419874,0.09158886191759825,1.091835818311283,0.0029390633367174512,-0.005366552609818561,5.878126673434903e-07,-0.005367140422485905
2026-01-15,0.002723208385480236,0.08453529907143037,1.1829377916496435,0.09110197333836045,0.0032213861137217813,1.822039466767209e-05,0.0032031657190541092
2026-01-16,-0.000837905189162047,0.08438002185079087,1.1851146492570235,0.002176857607379956,-0.0009930137143644192,4.3537152147599125e-07,-0.0009934490858858952
2026-01-20,-0.02035680001149731,0.08358905800089762,1.1963288304903035,0.011214181233279996,-0.024353426750279576,2.2428362466559994e-06,-0.02435566958652623
2026-01-21,0.0115411092816613,0.10428960556709417,0.9588683307049765,0.23746049978532702,0.01106640419139028,4.74920999570654e-05,0.011018912091433216
2026-01-22,0.005223257672714476,0.10847346759510314,0.9218844222189717,0.036983908486004746,0.004815239881711196,7.396781697200949e-06,0.004807843100013995
2026-01-23,0.00036273518897367296,0.10555838577419657,0.9473430203253894,0.025458598106417707,0.0003436346495006202,5.0917196212835415e-06,0.00033854292987933667
2026-01-26,0.005078142735685631,0.10355659362223914,0.9656555560796726,0.018312535754283155,0.004903736747280458,3.662507150856631e-06,0.004900074240129601
2026-01-27,0.0039842543077575066,0.10383340941220165,0.9630811563069875,0.002574399772685032,0.0038371602457361958,5.148799545370065e-07,0.003836645365781659
2026-01-28,-0.0001006645803248718,0.10402518597319665,0.9613056594368042,0.0017754968701833018,-9.676943077113004e-05,3.550993740366604e-07,-9.71245301451667e-05
2026-01-29,-0.001984377154833794,0.1040251433005085,0.9613060537789347,3.9434213050526523e-07,-0.0019075937719223448,7.886842610105305e-11,-0.001907593850790771
2026-01-30,-0.002982572514766746,0.10341439372879101,0.9669833801110375,0.005677326332102717,-0.0028840980517554253,1.1354652664205434e-06,-0.002885233517021846
2026-02-02,0.004971400525214165,0.10395102558160198,0.9619914708922194,0.004991909218818091,0.004782444903645126,9.983818437636183e-07,0.0047814465218013625
2026-02-03,-0.008455473390127866,0.10109559431662468,0.9891627887047842,0.027171317812564877,-0.008363839638397976,5.434263562512975e-06,-0.008369273901960489
2026-02-04,-0.004843853725993386,0.10612404244525213,0.9422935434408143,0.04686924526396996,-0.004564332091375299,9.373849052793992e-06,-0.004573705940428093
2026-02-05,-0.012489284060324235,0.10513702126186708,0.9511397488704556,0.008846205429641318,-0.011879054504708577,1.7692410859282638e-06,-0.011880823745794505
2026-02-06,0.01918478647681998,0.11104076596526384,0.9005701566511379,0.05056959221931767,0.017277246162748405,1.0113918443863536e-05,0.01726713224430454
2026-02-09,0.004821815563577747,0.13068720415720825,0.7651858546128699,0.135384302038268,0.0036895850628018752,2.7076860407653605e-05,0.0036625082023942217
2026-02-10,-0.0026371459581814305,0.13169855062345528,0.7593097989811148,0.005876055631755084,-0.0020024107673906016,1.175211126351017e-06,-0.002003585978516953
2026-02-11,-0.00023112214366449724,0.13003315542136748,0.7690346333283524,0.009724834347237588,-0.00017774093300708944,1.9449668694475176e-06,-0.00017968589987653696
2026-02-12,-0.01544885969788623,0.1298908867926802,0.7698769518727725,0.0008423185444200731,-0.011893721014118772,1.6846370888401464e-07,-0.011893889477827655
2026-02-13,0.0007044991031190939,0.14020094252423873,0.7132619667140357,0.05661498515873675,0.0005024924158389992,1.132299703174735e-05,0.0004911694188072519
2026-02-17,0.0016134830190519533,0.13948654491381407,0.7169150261897159,0.003653059475680176,0.001156730220860293,7.306118951360352e-07,0.001155999608965157
2026-02-18,0.005037707550576753,0.1392100635842743,0.7183388716683008,0.001423845478584873,0.0036187811576761843,2.847690957169746e-07,0.0036184963885804674
2026-02-19,-0.002637433731113581,0.1405719834303886,0.7113793058879341,0.006959565780366717,-0.0018762157769650033,1.3919131560733434e-06,-0.0018776076901210767
2026-02-20,0.007231939581382241,0.12077790658017343,0.8279659983477121,0.11658669245977804,0.0059878000754894824,2.331733849195561e-05,0.0059644827369975265
2026-02-23,-0.010211366038766267,0.11667160083829627,0.8571066076190841,0.029140609271371964,-0.00875222930464368,5.828121854274393e-06,-0.008758057426497955
2026-02-24,0.00726847527019836,0.12065650563916655,0.82879907279147,0.028307534827614056,0.0060241055645481306,5.661506965522811e-06,0.0060184440575826075
2026-02-25,0.008438306300538434,0.1235646805513228,0.8092927489782554,0.0195063238132146,0.006829060102683282,3.90126476264292e-06,0.006825158837920639
2026-02-26,-0.005554445579207146,0.1258661476980677,0.7944948012541359,0.014797947724119576,-0.004412978136529095,2.959589544823915e-06,-0.004415937726073919
2026-02-27,-0.004801940858611298,0.1264537204156391,0.7908031465686521,0.003691654685483714,-0.0037973899406263893,7.383309370967428e-07,-0.003798128271563486
2026-03-02,0.0005686124327104469,0.12736108125561763,0.7851692135001345,0.005633933068517671,0.00044645697657765975,1.1267866137035343e-06,0.0004453301899639562
2026-03-03,-0.008814339520359149,0.12732335168244174,0.7854018817334534,0.00023266823331891118,-0.00692279884552762,4.653364666378224e-08,-0.0069228453791742835
2026-03-04,0.00705526576749449,0.1303246819945881,0.7673143603308591,0.018087521402594287,0.005413606739349242,3.6175042805188576e-06,0.005409989235068723
2026-03-05,-0.005575491873376914,0.13167542984626426,0.7594431255455445,0.007871234785314596,-0.004234268974771147,1.5742469570629192e-06,-0.00423584322172821
2026-03-06,-0.01310712873041986,0.12989752124495532,0.7698376307845335,0.010394505238988994,-0.010090360928214314,2.078901047797799e-06,-0.010092439829262112
2026-03-09,0.00875996072290297,0.136342040397728,0.7334494900346703,0.036388140749863185,0.006424988724936926,7.277628149972638e-06,0.006417711096786953
2026-03-10,-0.0016071058958396778,0.1334882341817929,0.749129693811168,0.015680203776497703,-0.0012039307476725007,3.1360407552995408e-06,-0.0012070667884278002
2026-03-11,-0.0012551345486657706,0.11400140677323259,0.8771821579264923,0.12805246411532434,-0.0011009816318867346,2.561049282306487e-05,-0.0011265921247097994
2026-03-12,-0.015184966271003186,0.11207849179731802,0.8922318492725556,0.015049691346063265,-0.013548510537118556,3.009938269212653e-06,-0.013551520475387768
2026-03-13,-0.00566013575260893,0.12208745037896905,0.8190850057855426,0.07314684348701306,-0.004636132325672642,1.4629368697402612e-05,-0.004650761694370045
2026-03-16,0.01017686501045656,0.12265689749820885,0.8152823203559367,0.0038026854296058232,0.008297018119674168,7.605370859211647e-07,0.008296257582588246
2026-03-17,0.002630544991105488,0.11948342984246962,0.8369361352602857,0.021653814904348923,0.0022015981584841294,4.330762980869784e-06,0.0021972673955032596
2026-03-18,-0.013953644515257158,0.1199815498130234,0.8334614793344293,0.0034746559258563847,-0.011629825199792975,6.94931185171277e-07,-0.011630520130978147
2026-03-19,-0.002464288275344284,0.12797928012402657,0.7813764845613178,0.05208499477311146,-0.0019255369095341895,1.0416998954622293e-05,-0.0019359539084888118
2026-03-20,-0.014335787930812693,0.12578092671737148,0.7950330992925424,0.013656614731224592,-0.01139742590943464,2.7313229462449188e-06,-0.011400157232380885
2026-03-23,0.010499991225476402,0.13303133164879782,0.7517026159220866,0.04333048337045575,0.007892870871349567,8.666096674091151e-06,0.007884204774675475
2026-03-24,-0.0033568144771775055,0.1364504236896165,0.7328669072326943,0.018835708689392328,-0.0024600982440430123,3.7671417378784655e-06,-0.0024638653857808907
2026-03-25,0.0055726882440485515,0.13344034978979302,0.7493985151982051,0.016531607965510786,0.004176164295752478,3.3063215931021576e-06,0.004172857974159376
2026-03-26,-0.017858729983344035,0.13209190640501783,0.7570486543920548,0.007650139193849714,-0.013519927503041646,1.530027838769943e-06,-0.013521457530880417
2026-03-27,-0.01705189415742525,0.13722371308716677,0.7287370218329419,0.028311632559112954,-0.01242634656489262,5.662326511822591e-06,-0.012432008891404443
2026-03-30,-0.0033433906874337227,0.1452036582684131,0.6886878828847903,0.04004913894815154,-0.0023025526541854543,8.009827789630308e-06,-0.002310562481975085
2026-03-31,0.029067865784757174,0.14516452757808307,0.688873526255997,0.0001856433712066341,0.02002408320388172,3.7128674241326823e-08,0.020024046075207476
2026-04-01,0.00753449141030349,0.18413460936479062,0.5430809577024662,0.14579256855353073,0.0040918388109086245,2.9158513710706146e-05,0.004062680297197918
2026-04-02,0.0009004595313388819,0.18563043537251755,0.5387047646541528,0.0043761930483133815,0.0004850818399105011,8.752386096626763e-07,0.00048420660130083843
2026-04-06,0.004726845083763864,0.18322623767181295,0.5457733634148825,0.0070685987607296275,0.002579786139706906,1.4137197521459255e-06,0.00257837241995476
2026-04-07,0.0004400005646272298,0.18408617532451244,0.5432238451568517,0.0025495182580307363,0.00023901879858798962,5.099036516061472e-07,0.00023850889493638348
2026-04-08,0.02546963651219092,0.17914204673851425,0.5582162413604975,0.014992396203645786,0.014217564762653305,2.998479240729157e-06,0.014214566283412576
2026-04-09,0.005769017699185586,0.1986131088319841,0.5034914391506483,0.05472480220984921,0.0029046510238485124,1.0944960441969842e-05,0.0028937060634065424
2026-04-10,-0.0006617754265585418,0.19948167996126848,0.5012991670183251,0.002192272132323203,-0.0003317474700869938,4.3845442646464064e-07,-0.00033218592451345844
2026-04-13,0.009772447246481741,0.19943036699220906,0.5014281501267387,0.00012898310841358285,0.004900180145014481,2.579662168271657e-08,0.004900154348392798
2026-04-14,0.012184877209840739,0.1934674518568361,0.5168828091765998,0.015454659049861097,0.0062981535616944105,3.0909318099722193e-06,0.006295062629884439
2026-04-15,0.007890969227043909,0.19488527672505973,0.5131223952904252,0.0037604138861745406,0.004049033030943806,7.520827772349081e-07,0.004048280948166571
2026-04-16,0.002457347646937613,0.19390361304414808,0.5157201479130353,0.0025977526226100833,0.0012673036919524153,5.195505245220167e-07,0.0012667841414278932
2026-04-17,0.012085686101644066,0.19390142860897913,0.5157259578610925,5.809948057211578e-06,0.00623290204117888,1.1619896114423157e-09,0.006232900879189269
2026-04-20,-0.0019997351150194964,0.18718659258134807,0.5342262959166892,0.0185003380555967,-0.0010683110833114,3.70006761111934e-06,-0.0010720111509225194
2026-04-21,-0.006546892848539487,0.187004236722973,0.5347472429094717,0.0005209469927824895,-0.0035009329003802287,1.041893985564979e-07,-0.0035010370897787853
2026-04-22,0.01012671209511895,0.1793784079911176,0.5574806974814481,0.022733454571976397,0.00564544652198073,4.54669091439528e-06,0.005640899831066334
2026-04-23,-0.0038807408683984024,0.17921200315790067,0.5579983384923816,0.000517641010933434,-0.0021654469566857906,1.0352820218668679e-07,-0.0021655504848879775
2026-04-24,0.007749309237231605,0.17949053461839912,0.5571324427363383,0.0008658957560432334,0.004317391584858115,1.731791512086467e-07,0.004317218405706907
2026-04-27,0.001722787837563633,0.17989852196286069,0.5558689360474267,0.0012635066889116198,0.0009576442423019436,2.52701337782324e-07,0.0009573915409641613
2026-04-28,-0.004865992267119479,0.16173701806654198,0.6182876449401208,0.062418708892694075,-0.003008582899134142,1.2483741778538815e-05,-0.0030210666409126808
2026-04-29,-0.00015450932498595193,0.14552520858755663,0.6871661684637549,0.0688785235236341,-0.0001061735808425177,1.3775704704726821e-05,-0.00011994928554724451
2026-04-30,0.009949633527564838,0.14347387102918174,0.6969910220074886,0.009824853543733747,0.006934805240977391,1.9649707087467496e-06,0.006932840270268644
2026-05-01,0.0027690952923506984,0.11710983365267923,0.8538992574831671,0.15690823547567845,0.002364528414038395,3.138164709513569e-05,0.0023331467669432593
2026-05-04,-0.0036633921467564834,0.11686788040837692,0.8556670973287555,0.0017678398455883704,-0.003134644124592078,3.535679691176741e-07,-0.003134997692561196
2026-05-05,0.008022228723942426,0.11970681594975661,0.8353743202222673,0.020292777106488136,0.006701563866930951,4.0585554212976274e-06,0.0066975053115096534
2026-05-06,0.013899399692774095,0.12038008688605496,0.8307021749756203,0.0046721452466470526,0.011546261555642909,9.344290493294105e-07,0.011545327126593579
2026-05-07,-0.0030660824190705815,0.12363642064140185,0.808823156487541,0.02187901848807927,-0.0024799184602436234,4.375803697615855e-06,-0.0024842942639412393
2026-05-08,0.00825609701116825,0.10219448726491737,0.978526363567649,0.169703207080108,0.008078808585600204,3.3940641416021605e-05,0.008044867944184181
2026-05-11,0.002277563042387465,0.10316037078831244,0.969364487892375,0.009161875675274045,0.0022077887322265242,1.832375135054809e-06,0.0022059563570914695
2026-05-12,-0.0015149526145865622,0.10201628154286238,0.9802356887315558,0.010871200839180806,-0.0014850106195549299,2.1742401678361613e-06,-0.001487184859722766
2026-05-13,0.00559483781461112,0.10152646682055783,0.9849648385454429,0.004729149813887168,0.00551071852475638,9.458299627774336e-07,0.0055097726947936024
2026-05-14,0.0078943149045545,0.09689197604279295,1.0320772068456356,0.04711236830019272,0.008147542476652479,9.422473660038545e-06,0.00813812000299244
2026-05-15,-0.012029343756796207,0.09689401952811112,1.0320554404391054,2.176640653028805e-05,-0.012414949669113712,4.35328130605761e-09,-0.012414954022395019
2026-05-18,-0.0007035093177317764,0.11034681914943122,0.9062336438042714,0.12582179663483395,-0.0006375438124583246,2.516435932696679e-05,-0.0006627081717852914
2026-05-19,-0.0066607880874933745,0.10512738873107927,0.9512268991652084,0.04499325536093701,-0.006335920798462882,8.998651072187402e-06,-0.006344919449535069
2026-05-20,0.010248994582563453,0.10849044509746929,0.9217401579480907,0.029486741217117696,0.009446909885341163,5.897348243423539e-06,0.00944101253709774
2026-05-21,0.0019830877010671433,0.10805283242745661,0.9254731944869373,0.0037330365388466014,0.0018352945096543657,7.466073077693203e-07,0.0018345479023465965
2026-05-22,0.003931549076803931,0.10440750039348184,0.9577855960838901,0.03231240159695281,0.0037655810760597206,6.4624803193905625e-06,0.00375911859574033
2026-05-25,0.0,0.10226647299308722,0.9778375754364735,0.020051979352583404,0.0,4.010395870516681e-06,-4.010395870516681e-06
2026-05-26,0.006638641352187502,0.10072715657603805,0.9927809281949787,0.014943352758505113,0.006590716523578276,2.9886705517010225e-06,0.006587727853026575
2026-05-27,-0.0001732421647460125,0.101933563590618,0.9810311390820838,0.011749789112894815,-0.00016995595821782668,2.349957822578963e-06,-0.00017230591604040565
2026-05-28,0.005516578600909927,0.0990173164651264,1.0099243604043713,0.028893221322287443,0.005571327115144399,5.778644264457489e-06,0.005565548470879942
2026-05-29,0.0024914048034492264,0.09901616733768187,1.0099360810337457,1.1720629374378788e-05,0.002516159603464161,2.3441258748757577e-09,0.0025161572593382863
2026-06-01,0.0027231134609038143,0.0955576608333434,1.0464885716949919,0.03655249066124622,0.002849707116264639,7.310498132249244e-06,0.0028423966181323895
2026-06-02,0.0013579397972762752,0.0955559346666078,1.0465074759500541,1.8904255062235364e-05,0.001421094149739723,3.780851012447073e-09,0.0014210903688887104
2026-06-03,-0.00701718232049986,0.09305172563811567,1.0746710962557173,0.028163620305663217,-0.0075411630169978225,5.632724061132644e-06,-0.007546795741058955
2026-06-04,0.0037786857621391334,0.0967239494118591,1.0338701077454064,0.04080098851031089,0.003906670256038819,8.160197702062178e-06,0.0038985100583367564
2026-06-05,-0.025809371248925683,0.08686513760311725,1.1512098266268262,0.11733971888141981,-0.02971200180082313,2.346794377628396e-05,-0.029735469744599414
2026-06-08,0.002264172608771542,0.12794669743610262,0.7815754685652643,0.369634358061562,0.0017696217676132547,7.392687161231239e-05,0.0016956948960009423
2026-06-09,-0.0029354505508077944,0.12497086162750291,0.8001865290652085,0.01861106049994421,-0.0023489079874934433,3.722212099988842e-06,-0.002352630199593432
2026-06-10,-0.015765562508027298,0.12514828158903707,0.7990521222527115,0.0011344068124969908,-0.012597506180546994,2.2688136249939818e-07,-0.012597733061909493
2026-06-11,0.016996847886747934,0.1363880533030016,0.7332020479670504,0.06585007428566114,0.012462123679548017,1.3170014857132229e-05,0.012448953664690884
2026-06-12,0.005408247901529384,0.14831534229104062,0.6742390804301893,0.05896296753686103,0.0036464520918656727,1.1792593507372207e-05,0.0036346594983583005
2026-06-15,0.01763396989375332,0.14683772605797235,0.6810238940946243,0.006784813664434952,0.012009154845391255,1.3569627328869905e-06,0.012007797882658367
2026-06-16,-0.005961562844234103,0.15298430111036884,0.6536618416020092,0.02736205249261503,-0.003896846147588176,5.4724104985230065e-06,-0.003902318558086699
2026-06-17,-0.012487870885051433,0.15481412046322626,0.6459359114064371,0.007725930195572106,-0.008066364261661609,1.5451860391144214e-06,-0.008067909447700724
2026-06-18,0.010396992441959574,0.1595912996890192,0.6266005740592423,0.019335337347194836,0.0065147614326214725,3.8670674694389675e-06,0.006510894365152033
2026-06-22,-0.003146979693962715,0.15970581623339442,0.6261512721231128,0.0004493019361294648,-0.0019704853387203583,8.986038722589297e-08,-0.001970575199107584
2026-06-23,-0.014521954010491611,0.16010286729781736,0.6245984327937347,0.0015528393293781084,-0.009070389716055751,3.105678658756217e-07,-0.009070700283921627
2026-06-24,-0.0004635170636431152,0.16739286271424286,0.5973970358025985,0.027201396991136217,-0.0002769037198643214,5.440279398227244e-06,-0.0002823439992625487
2026-06-25,0.0014456352254532678,0.16737960834067525,0.5974443421833412,4.730638074268434e-05,0.0008636865863079937,9.461276148536869e-09,0.0008636771250318452
2026-06-26,-0.007231373616869652,0.16549712503589345,0.6042401037378247,0.00679576155448347,-0.004369485944424286,1.3591523108966941e-06,-0.004370845096735183
2026-06-29,0.016474862380159383,0.16692268821236375,0.5990797360798382,0.005160367657986442,0.009869756206657539,1.0320735315972885e-06,0.009868724133125941
2026-06-30,0.007786800986842035,0.17652376492832533,0.5664959618360929,0.03258377424374537,0.004411191314667316,6.516754848749074e-06,0.004404674559818566
2026-07-01,-0.001352504438058455,0.17866422241626378,0.5597091496416857,0.0067868121944071325,-0.0007570091089123039,1.3573624388814265e-06,-0.0007583664713511853
2026-07-02,-0.001314069480687241,0.17831482542130703,0.560805865489471,0.0010967158477852568,-0.0007369378724301079,2.1934316955705136e-07,-0.000737157215599665
2026-07-06,0.008727409093039817,0.17818039883828835,0.5612289603794033,0.00042309488993230726,0.004898074732092488,8.461897798646146e-08,0.004897990113114502
2026-07-07,-0.004751899671231685,0.17954864208430016,0.5569521375330082,0.004276822846395079,-0.002646580679234886,8.553645692790157e-07,-0.002647436043804165
2026-07-08,-0.0030894297130047432,0.17971609430946597,0.5564331919421911,0.0005189455908171103,-0.0017190612364882767,1.0378911816342207e-07,-0.00171916502560644
2026-07-09,0.00846525000257925,0.15475763739837506,0.6461716635191408,0.0897384715769497,0.005470004676272045,1.794769431538994e-05,0.005452056981956655
2026-07-10,0.0043101596888019955,0.1570355541109525,0.6367984662208765,0.009373197298264246,0.0027447030789961614,1.8746394596528493e-06,0.0027428284395365084
2026-07-13,-0.007656174850540931,0.1567722748619292,0.6378678888730225,0.001069422652145935,-0.0048836280887572725,2.13884530429187e-07,-0.004883841973287702
2026-07-14,0.00355064169730146,0.14790776717194568,0.6760970158095081,0.03822912693648561,0.0024005782557543235,7.645825387297123e-06,0.0023929324303670263
2026-07-15,0.003963635929681075,0.13734103227022681,0.7281145215454907,0.05201750573598263,0.0028859808785202524,1.0403501147196526e-05,0.002875577377373056
2026-07-16,-0.005418617756386079,0.1368548231980375,0.7307013202983262,0.0025867987528355174,-0.003959391148783262,5.173597505671035e-07,-0.0039599085085338295
2026-07-17,-0.009897156017872222,0.12424601056415614,0.8048548162306075,0.07415349593228127,-0.007965773687970199,1.4830699186456254e-05,-0.007980604387156654
2026-07-20,-0.0016143782471810253,0.12729275450812955,0.7855906676417589,0.019264148588848617,-0.001268240485029274,3.852829717769723e-06,-0.0012720933147470437
2026-07-21,0.008341309298597777,0.11950499633873173,0.83678509739086,0.051194429749101156,0.006979883313794427,1.0238885949820231e-05,0.006969644427844607
2026-07-22,-0.0011627413779321527,0.11749493654146022,0.851100506486194,0.014315409095333909,-0.0009896097756705103,2.8630818190667817e-06,-0.000992472857489577
2026-07-23,-0.012349287272575782,0.11699888752132535,0.8547089815855987,0.003608475099404762,-0.010555046748051243,7.216950198809524e-07,-0.010555768443071123
2026-07-24,0.0010160123647910968,0.11374673201830605,0.8791461365580711,0.02443715497247234,0.0008932233452013223,4.887430994494469e-06,0.0008883359142068278
2026-07-27,0.0002165755636849287,0.11373343953075679,0.8792488859264397,0.00010274936836862647,0.00019042382308886424,2.0549873673725296e-08,0.0001904032732151905
2026-07-28,0.002394780651586048,0.11366972610174736,0.8797417168973259,0.0004928309708862599,0.002106788442018807,9.8566194177252e-08,0.00210668987582463
2026-07-29,-0.015387473482586067,0.11044250775790526,0.9054484729666255,0.025706756069299508,-0.013932564367621997,5.1413512138599015e-06,-0.013937705718835857
2026-07-30,0.01676579949601198,0.10857322687201618,0.9210373761652851,0.015588903198659687,0.015441927977120134,3.1177806397319375e-06,0.015438810196480402
2026-07-31,0.007199809675054292,0.12116742489578178,0.8253043265218498,0.09573304964343532,0.005942034074956181,1.9146609928687064e-05,0.005922887465027494
2026-08-03,0.01424300656734756,0.1238217354839431,0.8076126506316637,0.017691675890186165,0.011502832286819756,3.538335178037233e-06,0.01149929395164172
2026-08-04,0.018029002715958642,0.13295789128109614,0.7521178249479197,0.055494825683743976,0.01355993430870695,1.1098965136748796e-05,0.0135488353435702
2026-08-05,-0.0019966020100066206,0.1433956421556856,0.6973712624504261,0.054746562497493545,-0.0013923728643293754,1.094931249949871e-05,-0.001403322176828874
2026-08-06,-0.001597813044932006,0.14224499745139826,0.7030124207648683,0.0056411583144421185,-0.0011232824166473349,1.1282316628884238e-06,-0.0011244106483102234
2026-08-07,0.006115348472417681,0.14174148365382044,0.7055097591911276,0.0024973384262593212,0.004314438028145228,4.994676852518642e-07,0.004313938560459976
2026-08-10,-0.00029741673673222557,0.14051409256407232,0.7116723894039418,0.0061626302128142685,-0.00021166327967894608,1.2325260425628537e-06,-0.00021289580572150894
2026-08-11,-0.0031952597501651026,0.14021133473172806,0.7132091010426083,0.0015367116386664215,-0.0022788883340128818,3.0734232773328433e-07,-0.002279195676340615
2026-08-12,0.0025046624297864195,0.1375006135113824,0.7272694822683241,0.014060381225715846,0.001821564548567692,2.812076245143169e-06,0.0018187524723225488
2026-08-13,0.006977455651952402,0.1373399286410864,0.7281203724907438,0.0008508902224196868,0.005080427608337229,1.7017804448393738e-07,0.005080257430292745
2026-08-14,-0.0019797115463531245,0.13846110934302638,0.7222244605325092,0.005895911958234579,-0.001429796103574865,1.1791823916469157e-06,-0.0014309752859665119
2026-08-17,-0.004727366641364417,0.13680771493351482,0.7309529294352848,0.008728468902775566,-0.0034554824950199636,1.7456937805551132e-06,-0.0034572281888005187
2026-08-18,-0.006755757074274671,0.13241878127877768,0.7551798848644643,0.02422695542917952,-0.0051018118495230365,4.845391085835904e-06,-0.005106657240608873
2026-08-19,0.00209783741736147,0.13529514823342562,0.7391248045899572,0.016055080274507083,0.001550563671168797,3.211016054901417e-06,0.0015473526551138955
2026-08-20,-0.008399893367440514,0.13310729812160052,0.7512736071664887,0.012148802576531503,-0.006310618189970899,2.4297605153063007e-06,-0.006313047950486205
2026-08-21,0.0040912604472485015,0.13712132119773762,0.7292811878306925,0.02199241933579621,0.0029836792786941176,4.398483867159242e-06,0.0029792807948269585
2026-08-24,-0.0029384110198065194,0.12852086908302962,0.7780837517943954,0.04880256396370286,-0.002286329870605052,9.760512792740573e-06,-0.002296090383397793
2026-08-25,0.003195937672779925,0.12954182291788124,0.7719514651526226,0.006132286641772788,0.002467108769038926,1.2264573283545576e-06,0.0024658823117105714
2026-08-26,0.0002220155779071309,0.12955537160989683,0.7718707357122113,8.072944041126462e-05,0.00017136732745874888,1.6145888082252926e-08,0.00017135118157066663
2026-08-27,0.006552786111251541,0.12963359904382174,0.7714049500870195,0.0004657856251918391,0.005054851643080909,9.315712503836782e-08,0.0050547584859558705
