observation_date,expiration,maturity_years,contract_symbol,last_trade_utc,minutes_from_reference_close,source_option_type,source_price_type,strike,forward,discount,displayed_bid,displayed_ask,observed_price,open_interest,volume,call_equivalent_price,log_moneyness,implied_volatility,total_variance,black_vega,price_noise_scale,iv_uncertainty_approx,strike_rank,split,split_rule,model,model_price,price_error,iv_equivalent_error,inside_noise_band
2026-08-27,2026-09-18,0.06023271731690623,SPX260918P05475000,2026-08-27T19:59:48+00:00,-0.2,put,reference-session last trade,5475.0,7741.608398158938,0.9959553475339589,0.4,0.6,0.5,1236.0,1.0,2257.940754911775,-0.34641719369064733,0.49473259129427516,0.014742580182210712,10.821587764389916,3.1068981283412995,0.2871018741413364,0,train,every_3,flat,2257.440754911775,-0.5,-0.04620394076046088,True
2026-08-27,2026-09-18,0.06023271731690623,SPX260918P05825000,2026-08-27T14:17:49+00:00,-342.18333333333334,put,reference-session last trade,5825.0,7741.608398158938,0.9959553475339589,0.75,0.9,0.95,1444.0,1.0,1909.8063832748894,-0.28445046994144757,0.44016043232058366,0.011669559304515123,20.41192024445222,3.1068981283412995,0.1522099876510015,1,holdout,every_3,flat,1908.8563832749103,-0.9499999999791271,-0.04654143209467658,True
2026-08-27,2026-09-18,0.06023271731690623,SPX260918P05960000,2026-08-27T14:20:50+00:00,-339.1666666666667,put,reference-session last trade,5960.0,7741.608398158938,0.9959553475339589,0.9,1.05,1.15,205.0,1.0,1775.552411357805,-0.2615389883159535,0.41638874372387547,0.010443123586033783,25.01610755957548,3.1068981283412995,0.12419590541583132,2,train,every_3,flat,1774.402411359026,-1.1499999987790943,-0.045970381125056595,True
2026-08-27,2026-09-18,0.06023271731690623,SPX260918P06080000,2026-08-27T14:28:37+00:00,-331.3833333333333,put,reference-session last trade,6080.0,7741.608398158938,0.9959553475339589,1.1,1.3,1.35,498.0,1.0,1656.2377696537299,-0.24160477341513617,0.39471778853743006,0.009384385809536882,29.800413540962495,3.1068981283412995,0.10425687965942747,3,train,every_3,flat,1654.8877696866355,-1.3499999670943907,-0.0453013836616305,True
2026-08-27,2026-09-18,0.06023271731690623,SPX260918P06140000,2026-08-27T14:38:49+00:00,-321.18333333333334,put,reference-session last trade,6140.0,7741.608398158938,0.9959553475339589,1.15,1.35,1.45,228.0,1.0,1596.5804488016925,-0.23178472723416077,0.38344024544785404,0.008855800904149027,32.340786649943965,3.1068981283412995,0.09606748784345612,4,holdout,every_3,flat,1595.1304489544411,-1.4499998472513198,-0.04483502095808891,True
2026-08-27,2026-09-18,0.06023271731690623,SPX260918P06210000,2026-08-27T14:17:48+00:00,-342.2,put,reference-session last trade,6210.0,7741.608398158938,0.9959553475339589,1.3,1.45,1.65,494.0,1.0,1527.0635744743154,-0.22044857344782448,0.37228125547075974,0.008347853059130656,36.76524736777681,3.1068981283412995,0.08450638444675242,5,train,every_3,flat,1525.413575311111,-1.649999163204484,-0.044879316238482285,True
2026-08-27,2026-09-18,0.06023271731690623,SPX260918P06310000,2026-08-27T16:54:32+00:00,-185.46666666666667,put,reference-session last trade,6310.0,7741.608398158938,0.9959553475339589,1.55,1.75,1.8,976.0,151.0,1427.6180397209193,-0.2044737928400901,0.3518707211839501,0.007457593695779025,41.27606654016315,3.1068981283412995,0.07527117743446246,6,train,every_3,flat,1425.8180478000372,-1.7999919208821211,-0.04360861079460326,True
2026-08-27,2026-09-18,0.06023271731690623,SPX260918P06400000,2026-08-27T19:55:05+00:00,-4.916666666666667,put,reference-session last trade,6400.0,7741.608398158938,0.9959553475339589,1.7,1.9,2.1,17606.0,26.0,1338.282058442863,-0.19031147902758577,0.33668442847935637,0.00682776426110981,48.34204217233265,3.1068981283412995,0.06426907074520435,7,holdout,every_3,flat,1336.1821116272529,-2.09994681561011,-0.04343934846864955,True
2026-08-27,2026-09-18,0.06023271731690623,SPX260918P06625000,2026-08-27T17:58:26+00:00,-121.56666666666666,put,reference-session last trade,6625.0,7741.608398158938,0.9959553475339589,2.45,2.6,2.93,2184.0,23.0,1115.0221052477225,-0.15575909752092598,0.2955235991128272,0.0052603760381031575,69.55115034350275,3.1068981283412995,0.04467069362615562,8,train,every_3,flat,1112.0953387022812,-2.9267665454412963,-0.04208077840533813,True
2026-08-27,2026-09-18,0.06023271731690623,SPXW260918P06790000,2026-08-27T18:57:20+00:00,-62.666666666666664,put,reference-session last trade,6790.0,7741.608398158938,0.9959553475339589,3.4,3.6,4.13,116.0,1.0,951.8894729046191,-0.13115852782260717,0.2683594247148257,0.004337766402004075,97.28063007766478,3.1068981283412995,0.03193747949474507,9,train,every_3,flat,947.7991771609184,-4.090295743700722,-0.042046353322703615,False
2026-08-27,2026-09-18,0.06023271731690623,SPXW260918P06870000,2026-08-27T14:52:45+00:00,-307.25,put,reference-session last trade,6870.0,7741.608398158938,0.9959553475339589,3.8,4.0,4.5,83.0,2.0,872.5830451019025,-0.11944536315895393,0.2513219814900629,0.0038044633658097563,108.99971210524686,3.1068981283412995,0.028503727838669626,10,holdout,every_3,flat,868.1993681650488,-4.383676936853703,-0.04021732582762197,False
2026-08-27,2026-09-18,0.06023271731690623,SPXW260918P06950000,2026-08-27T19:16:58+00:00,-43.03333333333333,put,reference-session last trade,6950.0,7741.608398158938,0.9959553475339589,4.6,4.8,5.3,2350.0,39.0,793.7066172991857,-0.1078678098165111,0.23715254157077256,0.003387568009353851,128.36387081276158,3.1068981283412995,0.024203836396248814,11,train,every_3,flat,788.7191429978714,-4.987474301314364,-0.038854190589105574,False
2026-08-27,2026-09-18,0.06023271731690623,SPX260918P07075000,2026-08-27T19:48:03+00:00,-11.95,put,reference-session last trade,7075.0,7741.608398158938,0.9959553475339589,5.6,5.9,5.75,1995.0,4.0,669.6621988574409,-0.09004202586391061,0.20715184506967296,0.002584699554132609,150.33746127890825,3.1068981283412995,0.02066616066222734,12,train,every_3,flat,665.1549910709549,-4.507207786485992,-0.029980603291711535,False
2026-08-27,2026-09-18,0.06023271731690623,SPXW260918P07135000,2026-08-27T16:47:29+00:00,-192.51666666666668,put,reference-session last trade,7135.0,7741.608398158938,0.9959553475339589,6.8,7.1,7.7,65.0,22.0,611.8548780054034,-0.0815972184644121,0.20228996060019444,0.0024647967679995095,187.70224130524178,3.1068981283412995,0.016552269737093096,13,holdout,every_3,flat,606.4091798105599,-5.445698194843544,-0.02901243030970386,False
2026-08-27,2026-09-18,0.06023271731690623,SPX260918P07230000,2026-08-27T14:18:39+00:00,-341.35,put,reference-session last trade,7230.0,7741.608398158938,0.9959553475339589,8.4,8.8,10.8,608.0,1.0,520.3391199896772,-0.06837043322253855,0.18923011859250669,0.0021568154174284766,246.7775029685665,3.1068981283412995,0.012589875863753446,14,train,every_3,flat,514.8620170621305,-5.477102927546753,-0.02219449853273053,False
2026-08-27,2026-09-18,0.06023271731690623,SPX260918P07285000,2026-08-27T20:10:10+00:00,10.166666666666666,put,reference-session last trade,7285.0,7741.608398158938,0.9959553475339589,10.0,10.5,11.7,659.0,37.0,466.4615758753095,-0.06079202974604377,0.17617356637166853,0.0018694504058548373,272.4720580014003,3.1068981283412995,0.011402630240805582,15,train,every_3,flat,463.1331139594041,-3.328461915905393,-0.012215791741435328,False
2026-08-27,2026-09-18,0.06023271731690623,SPXW260918P07465000,2026-08-27T18:51:55+00:00,-68.08333333333333,put,reference-session last trade,7465.0,7741.608398158938,0.9959553475339589,20.8,21.1,26.05,131.0,7.0,301.5396133191969,-0.03638403840205821,0.15499927049790516,0.0014470774122037535,469.1049744936451,3.1068981283412995,0.006623033856536919,16,holdout,every_3,flat,305.3554247946593,3.8158114754623966,0.008134237927408909,False
2026-08-27,2026-09-18,0.06023271731690623,SPXW260918P07560000,2026-08-27T17:40:01+00:00,-139.98333333333332,put,reference-session last trade,7560.0,7741.608398158938,0.9959553475339589,31.5,31.9,35.5,192.0,50.0,216.3738553034708,-0.023738279201770206,0.1357425458362577,0.0011098503833056469,578.668622640051,3.1068981283412995,0.005369045437726943,17,train,every_3,flat,232.8053508107415,16.431495507270682,0.028395345564626473,False
2026-08-27,2026-09-18,0.06023271731690623,SPXW260918C07805000,2026-08-27T19:09:31+00:00,-50.483333333333334,call,reference-session last trade,7805.0,7741.608398158938,0.9959553475339589,53.6,54.2,51.18,131.0,44.0,51.18,0.008155084574183433,0.10389965749312098,0.0006502205453747644,720.149749439073,3.1068981283412995,0.004314238990933862,18,train,every_3,flat,94.5022118520093,43.322211852009296,0.06015722686254228,False
2026-08-27,2026-09-18,0.06023271731690623,SPX260918C07905000,2026-08-27T19:50:40+00:00,-9.333333333333334,call,reference-session last trade,7905.0,7741.608398158938,0.9959553475339589,20.5,21.2,20.04,293.0,6.0,20.04,0.02088600126822348,0.0982013774479675,0.0005808548438574127,523.9893297293258,3.1068981283412995,0.005929315640733013,19,holdout,every_3,flat,59.513919213228974,39.473919213228974,0.07533344091876792,False
2026-08-27,2026-09-18,0.06023271731690623,SPXW260918C07990000,2026-08-27T17:30:18+00:00,-149.7,call,reference-session last trade,7990.0,7741.608398158938,0.9959553475339589,8.0,8.3,10.36,275.0,14.0,10.36,0.03158129038497148,0.10393223117447335,0.0006506283118190055,356.32384928487073,3.1068981283412995,0.008719310073060597,20,train,every_3,flat,38.341758863290515,27.981758863290516,0.07852900926909301,False
2026-08-27,2026-09-18,0.06023271731690623,SPX260918C08080000,2026-08-27T17:08:38+00:00,-171.36666666666667,call,reference-session last trade,8080.0,7741.608398158938,0.9959553475339589,2.5,2.7,3.55,1444.0,1.0,3.55,0.042782403139792036,0.10212639675729217,0.0006282152501623896,179.6738468981727,3.1068981283412995,0.017291877376578266,21,train,every_3,flat,22.937865816821645,19.387865816821645,0.10790588698092166,False
2026-08-27,2026-09-18,0.06023271731690623,SPXW260918C08280000,2026-08-27T15:30:04+00:00,-269.93333333333334,call,reference-session last trade,8280.0,7741.608398158938,0.9959553475339589,0.6,0.75,0.78,69.0,20.0,0.78,0.06723349900395653,0.11774270265444674,0.0008350268819280386,52.112801297135604,3.1068981283412995,0.05961871269645355,22,holdout,every_3,flat,6.10429893338197,5.32429893338197,0.10216873399347698,False
2026-08-27,2026-09-18,0.06023271731690623,SPX260918C08380000,2026-08-27T15:56:16+00:00,-243.73333333333332,call,reference-session last trade,8380.0,7741.608398158938,0.9959553475339589,0.35,0.5,0.53,156.0,70.0,0.53,0.07923844510077975,0.1297310320851168,0.0010137251063357462,35.489441250686994,3.1068981283412995,0.08754429539747001,23,train,every_3,flat,2.862846742710386,2.3328467427103856,0.06573354385130611,True
2026-08-27,2026-09-18,0.06023271731690623,SPX260918C08675000,2026-08-27T17:13:13+00:00,-166.78333333333333,call,reference-session last trade,8675.0,7741.608398158938,0.9959553475339589,0.05,0.25,0.25,347.0,1.0,0.25,0.113835856439711,0.1654965318282324,0.0016497200411712775,15.733618536975712,3.1068981283412995,0.1974687590804208,24,train,every_3,flat,0.21234159149961018,-0.03765840850038982,-0.0023934995253563868,True
2026-08-27,2026-11-20,0.2327173169062286,SPX261120P05500000,2026-08-27T17:45:42+00:00,-134.3,put,reference-session last trade,5500.0,7784.875446624804,0.9999999999999999,8.6,9.1,8.56,9700.0,1.0,2293.4354466248033,-0.34743471377051904,0.3536123307173027,0.029099364372354438,157.67941674060665,8.384553375196333,0.05317468537437256,0,train,every_3,flat,2284.875973600278,-8.559473024525232,-0.05428402261663706,False
2026-08-27,2026-11-20,0.2327173169062286,SPX261120P05725000,2026-08-27T20:10:11+00:00,10.183333333333334,put,reference-session last trade,5725.0,7784.875446624804,0.9999999999999999,10.8,11.2,11.0,371.0,15.0,2070.8754466248033,-0.3073402565686409,0.33090219363396456,0.025481676246133962,200.68342514561533,8.384553375196333,0.041779999365231704,1,holdout,every_3,flat,2059.8810176949787,-10.994428929824608,-0.05478493762923909,False
2026-08-27,2026-11-20,0.2327173169062286,SPX261120P06025000,2026-08-27T19:56:06+00:00,-3.9,put,reference-session last trade,6025.0,7784.875446624804,0.9999999999999999,14.8,15.2,14.7,277.0,1.0,1774.5754466248036,-0.2562653266322255,0.29817606914045575,0.02069065653027947,268.89490765490046,8.384553375196333,0.031181525333893876,2,train,every_3,flat,1759.9551088218257,-14.620337802977929,-0.054371940065676735,False
2026-08-27,2026-11-20,0.2327173169062286,SPXW261120P06250000,2026-08-27T19:59:30+00:00,-0.5,put,reference-session last trade,6250.0,7784.875446624804,0.9999999999999999,19.1,19.5,19.3,128.0,15.0,1554.1754466248035,-0.21960134226063402,0.27639295177118334,0.01777798883517304,345.05583919709306,8.384553375196333,0.024299120382098926,3,train,every_3,flat,1535.301613391253,-18.873833233550386,-0.05469790998890996,False
2026-08-27,2026-11-20,0.2327173169062286,SPX261120P06525000,2026-08-27T19:55:48+00:00,-4.2,put,reference-session last trade,6525.0,7784.875446624804,0.9999999999999999,25.8,26.3,25.9,480.0,3.0,1285.7754466248036,-0.17654185280018714,0.24696321502264446,0.014193622214421022,456.7176739738905,8.384553375196333,0.0183582853324736,4,holdout,every_3,flat,1262.275397398125,-23.500049226678584,-0.05145421464031635,False
2026-08-27,2026-11-20,0.2327173169062286,SPX261120P06770000,2026-08-27T19:51:49+00:00,-8.183333333333334,put,reference-session last trade,6770.0,7784.875446624804,0.9999999999999999,35.0,35.6,35.6,236.0,1.0,1050.4754466248037,-0.13968171908476057,0.2229347339807226,0.011566026358055365,600.2142135319554,8.384553375196333,0.013969268281498203,5,train,every_3,flat,1023.5032117232585,-26.97223490154522,-0.04493768107027546,False
2026-08-27,2026-11-20,0.2327173169062286,SPXW261120P06875000,2026-08-27T19:57:23+00:00,-2.6166666666666667,put,reference-session last trade,6875.0,7784.875446624804,0.9999999999999999,41.0,41.4,41.5,97.0,1.0,951.3754466248037,-0.12429116245630915,0.21327803296053283,0.01058573345434278,677.8257286798826,8.384553375196333,0.012369777393262855,6,train,every_3,flat,923.8406161688025,-27.534830456001146,-0.04062228577488101,False
2026-08-27,2026-11-20,0.2327173169062286,SPX261120P06980000,2026-08-27T15:25:02+00:00,-274.96666666666664,put,reference-session last trade,6980.0,7784.875446624804,0.9999999999999999,46.7,47.5,48.29,420.0,2.0,853.1654466248036,-0.10913388923466313,0.2032480618358852,0.009613499916231963,762.6608248398801,8.384553375196333,0.0109938167821281,7,holdout,every_3,flat,826.6653548990342,-26.50009172576938,-0.034746889918376295,False
2026-08-27,2026-11-20,0.2327173169062286,SPX261120P07040000,2026-08-27T19:35:19+00:00,-24.683333333333334,put,reference-session last trade,7040.0,7784.875446624804,0.9999999999999999,51.3,51.8,52.92,456.0,100.0,797.7954466248036,-0.10057463583899322,0.19769434029650265,0.009095303041062007,816.1021544051524,8.384553375196333,0.010273901778028926,8,train,every_3,flat,772.5370510672736,-25.25839555752998,-0.03095004151280612,False
2026-08-27,2026-11-20,0.2327173169062286,SPX261120P07130000,2026-08-27T15:01:44+00:00,-298.26666666666665,put,reference-session last trade,7130.0,7784.875446624804,0.9999999999999999,58.2,59.0,60.97,158.0,42.0,715.8454466248037,-0.08787157158273957,0.18944519540892804,0.008352103970978204,902.1770286986886,8.384553375196333,0.009293689717737901,9,train,every_3,flat,693.6481460433605,-22.197300581443187,-0.02460415181869666,False
2026-08-27,2026-11-20,0.2327173169062286,SPX261120P07220000,2026-08-27T19:08:22+00:00,-51.63333333333333,put,reference-session last trade,7220.0,7784.875446624804,0.9999999999999999,67.2,67.8,71.1,504.0,3.0,635.9754466248037,-0.0753278531042093,0.181784363707217,0.0076902728693147415,996.73286841459,8.384553375196333,0.008412036605688402,10,holdout,every_3,flat,617.9815737545695,-17.993872870234213,-0.018052853919481342,False
2026-08-27,2026-11-20,0.2327173169062286,SPX261120P07290000,2026-08-27T19:35:19+00:00,-24.683333333333334,put,reference-session last trade,7290.0,7784.875446624804,0.9999999999999999,75.2,75.9,78.64,534.0,100.0,573.5154466248038,-0.06567925998837744,0.17427242631149178,0.0070678293734757515,1067.571819861303,8.384553375196333,0.007853854156890015,11,train,every_3,flat,561.6833747323489,-11.832071892454906,-0.01108316243678304,False
2026-08-27,2026-11-20,0.2327173169062286,SPX261120P07390000,2026-08-27T19:51:52+00:00,-8.133333333333333,put,reference-session last trade,7390.0,7784.875446624804,0.9999999999999999,89.2,90.0,92.2,408.0,25.0,487.0754466248037,-0.05205507104883375,0.1641969242760681,0.006274205462139005,1175.3017784850435,8.384553375196333,0.007133957872508258,12,train,every_3,flat,485.61627626998956,-1.4591703548141481,-0.0012415282453626586,True
2026-08-27,2026-11-20,0.2327173169062286,SPX261120P07475000,2026-08-27T19:37:33+00:00,-22.45,put,reference-session last trade,7475.0,7784.875446624804,0.9999999999999999,104.4,105.3,108.34,3178.0,202.0,418.2154466248037,-0.04061868673219403,0.1573464970791937,0.005761596747879207,1271.3387415394502,8.384553375196333,0.006595058501122658,13,holdout,every_3,flat,425.3787091720778,7.163262547274087,0.005634424810023622,True
2026-08-27,2026-11-20,0.2327173169062286,SPXW261120P07550000,2026-08-27T19:58:14+00:00,-1.7666666666666666,put,reference-session last trade,7550.0,7784.875446624804,0.9999999999999999,121.2,122.1,124.84,164.0,3.0,359.71544662480375,-0.03063524274801089,0.15107646143540465,0.005311562661154501,1349.7921342767659,8.384553375196333,0.006211736727662051,14,train,every_3,flat,375.84958482674114,16.13413820193739,0.01195305394973445,False
2026-08-27,2026-11-20,0.2327173169062286,SPX261120P07680000,2026-08-27T14:53:37+00:00,-306.3833333333333,put,reference-session last trade,7680.0,7784.875446624804,0.9999999999999999,156.9,157.9,165.05,181.0,35.0,269.9254466248038,-0.013563258849363376,0.1434317878573276,0.004787618371733611,1458.9055458867686,8.384553375196333,0.005747152993444781,15,train,every_3,flat,298.4687864170573,28.543339792253505,0.019564899093521486,False
2026-08-27,2026-11-20,0.2327173169062286,SPXW261120P07725000,2026-08-27T15:28:04+00:00,-271.93333333333334,put,reference-session last trade,7725.0,7784.875446624804,0.9999999999999999,172.9,173.7,180.22,70.0,5.0,240.09544662480377,-0.0077209832251350806,0.13992568828247073,0.004556418481895878,1481.873427740565,8.384553375196333,0.005658076606434862,16,holdout,every_3,flat,274.24772251813005,34.152275893326276,0.02304668891013099,False
2026-08-27,2026-11-20,0.2327173169062286,SPX261120C07845000,2026-08-27T17:06:23+00:00,-173.61666666666667,call,reference-session last trade,7845.0,7784.875446624804,0.9999999999999999,172.5,173.6,176.4,74.0,2.0,176.4,0.007693580176051764,0.1363683657616582,0.004327688296626854,1492.9380812472377,8.384553375196333,0.0056161427459815805,17,train,every_3,flat,216.12959400675115,39.72959400675114,0.02661168236365171,False
2026-08-27,2026-11-20,0.2327173169062286,SPX261120C07920000,2026-08-27T15:19:51+00:00,-280.15,call,reference-session last trade,7920.0,7784.875446624804,0.9999999999999999,137.1,138.1,134.88,61.0,6.0,134.88,0.017208399817390377,0.1290847602549084,0.0038777396387562222,1453.8499230370749,8.384553375196333,0.0057671381635327965,18,train,every_3,flat,184.5057143730846,49.625714373084605,0.03413400075670609,False
2026-08-27,2026-11-20,0.2327173169062286,SPX261120C07980000,2026-08-27T19:39:40+00:00,-20.333333333333332,call,reference-session last trade,7980.0,7784.875446624804,0.9999999999999999,110.6,111.6,106.91,509.0,50.0,106.91,0.024755605452773277,0.12437234580841815,0.00359978325574413,1392.4780278836718,8.384553375196333,0.006021318259462534,19,holdout,every_3,flat,161.72124130594008,54.81124130594009,0.03936237427691681,False
2026-08-27,2026-11-20,0.2327173169062286,SPX261120C08060000,2026-08-27T18:53:29+00:00,-66.51666666666667,call,reference-session last trade,8060.0,7784.875446624804,0.9999999999999999,81.8,82.8,77.5,33.0,1.0,77.5,0.03473075050959271,0.12013077285879092,0.0033584372893916098,1273.3397229489456,8.384553375196333,0.0065846947394199145,20,train,every_3,flat,134.66856531791743,57.16856531791743,0.04489655375355756,False
2026-08-27,2026-11-20,0.2327173169062286,SPX261120C08180000,2026-08-27T19:34:24+00:00,-25.6,call,reference-session last trade,8180.0,7784.875446624804,0.9999999999999999,50.8,51.7,48.69,19.0,1.0,48.69,0.04950934460571146,0.11846990945766293,0.003266215340142594,1054.8446982137298,8.384553375196333,0.00794861403711343,21,train,every_3,flat,100.73083596386549,52.04083596386549,0.04933506899356015,False
2026-08-27,2026-11-20,0.2327173169062286,SPXW261120C08240000,2026-08-27T16:03:14+00:00,-236.76666666666668,call,reference-session last trade,8240.0,7784.875446624804,0.9999999999999999,39.9,40.4,39.1,37.0,11.0,39.1,0.05681753791243609,0.11905190979722304,0.003298385665273432,944.5088697872729,8.384553375196333,0.008877156841401335,22,holdout,every_3,flat,86.49993795631552,47.39993795631552,0.050184746244882984,False
2026-08-27,2026-11-20,0.2327173169062286,SPXW261120C08350000,2026-08-27T18:38:21+00:00,-81.65,call,reference-session last trade,8350.0,7784.875446624804,0.9999999999999999,23.8,24.3,22.9,340.0,20.0,22.9,0.0700787328538199,0.11627193689998934,0.003146143412430893,710.66156329422,8.384553375196333,0.01179823675327303,23,train,every_3,flat,64.62270857276984,41.72270857276984,0.058709673813463696,False
2026-08-27,2026-11-20,0.2327173169062286,SPX261120C09100000,2026-08-27T13:44:38+00:00,-375.3666666666667,call,reference-session last trade,9100.0,7784.875446624804,0.9999999999999999,0.95,1.2,1.05,915.0,32.0,1.05,0.15609160751386011,0.12938798141564853,0.003895978719943539,71.00167418927643,8.384553375196333,0.11808951649287552,24,train,every_3,flat,5.8340566275624886,4.784056627562489,0.06737949044425544,True
2026-08-27,2027-02-19,0.48186173853524983,SPX270219P05625000,2026-08-27T20:10:10+00:00,10.166666666666666,put,reference-session last trade,5625.0,7872.481980038706,0.967163927214507,31.0,31.6,31.3,663.0,3.0,2204.983498158071,-0.3361524369242269,0.3026607405691562,0.044140233273673196,492.830920219106,1.5243562709430591,0.003093061349043097,0,train,every_3,flat,2173.990379913517,-30.993118244554353,-0.0628879337172579,False
2026-08-27,2027-02-19,0.48186173853524983,SPX270219P05800000,2026-08-27T19:34:42+00:00,-25.3,put,reference-session last trade,5800.0,7872.481980038706,0.967163927214507,36.0,36.6,36.56,1722.0,150.0,2040.9898108955322,-0.3055154674623372,0.28941024709015545,0.04035991577620295,566.5750106517871,1.5243562709430591,0.002690475651563668,1,holdout,every_3,flat,2005.2101358483837,-35.77967504714843,-0.0631508174107212,False
2026-08-27,2027-02-19,0.48186173853524983,SPX270219P05950000,2026-08-27T18:54:37+00:00,-65.38333333333334,put,reference-session last trade,5950.0,7872.481980038706,0.967163927214507,40.9,41.5,42.25,315.0,1.0,1901.6052218133561,-0.27998216545717236,0.2788679358652692,0.03747309874075575,641.0632353701202,1.5243562709430591,0.0023778563281092956,2,train,every_3,flat,1860.9732323784347,-40.63198943492148,-0.06338218633215248,False
2026-08-27,2027-02-19,0.48186173853524983,SPX270219P06125000,2026-08-27T13:47:30+00:00,-372.5,put,reference-session last trade,6125.0,7872.481980038706,0.967163927214507,47.6,48.5,50.89,267.0,12.0,1740.9915345508175,-0.2509946285839201,0.26780614662511676,0.034559187575507355,744.3277019121693,1.5243562709430591,0.0020479639102871025,3,train,every_3,flat,1693.6145872316072,-47.37694731921033,-0.0636506570929706,False
2026-08-27,2027-02-19,0.48186173853524983,SPX270219P06200000,2026-08-27T20:09:55+00:00,9.916666666666666,put,reference-session last trade,6200.0,7872.481980038706,0.967163927214507,51.2,51.9,52.2,1121.0,5.0,1669.7642400097293,-0.23882409296366489,0.2593762844124177,0.03241775774714329,773.2264146436344,1.5243562709430591,0.001971422913229893,4,holdout,every_3,flat,1622.3496048240052,-47.41463518572414,-0.061320506242116234,False
2026-08-27,2027-02-19,0.48186173853524983,SPX270219P06300000,2026-08-27T17:31:38+00:00,-148.36666666666667,put,reference-session last trade,6300.0,7872.481980038706,0.967163927214507,56.1,56.9,57.04,1910.0,20.0,1577.8878472882786,-0.2228237516172237,0.2518218928126313,0.030556908318011226,833.8860953919543,1.5243562709430591,0.001828014976345853,5,train,every_3,flat,1527.928170236595,-49.959677051683684,-0.059911872050343956,False
2026-08-27,2027-02-19,0.48186173853524983,SPX270219P06500000,2026-08-27T18:56:52+00:00,-63.13333333333333,put,reference-session last trade,6500.0,7872.481980038706,0.967163927214507,67.9,68.7,70.62,2832.0,5.0,1398.0350618453772,-0.1915712081131193,0.2391743079705626,0.02756458734675637,981.244822538543,1.5243562709430591,0.0015534922946135422,6,train,every_3,flat,1341.9350008145589,-56.100061030818324,-0.05717233838307945,False
2026-08-27,2027-02-19,0.48186173853524983,SPX270219P06575000,2026-08-27T16:27:51+00:00,-212.15,put,reference-session last trade,6575.0,7872.481980038706,0.967163927214507,72.9,73.8,74.53,333.0,1.0,1329.4077673042893,-0.1800988069508825,0.2325202355643867,0.026052172897077473,1030.6406788117208,1.5243562709430591,0.0014790375562320796,7,holdout,every_3,flat,1273.4904372535525,-55.91733005073684,-0.05425492239953776,False
2026-08-27,2027-02-19,0.48186173853524983,SPX270219P06675000,2026-08-27T16:43:04+00:00,-196.93333333333334,put,reference-session last trade,6675.0,7872.481980038706,0.967163927214507,80.3,81.5,81.51,3536.0,2.0,1239.6713745828386,-0.16500418072839748,0.22484842048371095,0.024361393418610447,1106.9954131808793,1.5243562709430591,0.0013770213072183566,8,train,every_3,flat,1183.650912556941,-56.02046202589759,-0.050605866437085256,False
2026-08-27,2027-02-19,0.48186173853524983,SPX270219P06775000,2026-08-27T19:27:40+00:00,-32.333333333333336,put,reference-session last trade,6775.0,7872.481980038706,0.967163927214507,89.1,89.8,91.52,1912.0,18.0,1152.9649818613877,-0.1501340182489462,0.21907435787166168,0.023126267139578476,1198.0692179669727,1.5243562709430591,0.0012723440750191124,9,train,every_3,flat,1095.7249369436822,-57.24004491770552,-0.04777690976389267,False
2026-08-27,2027-02-19,0.48186173853524983,SPX270219P06825000,2026-08-27T15:00:55+00:00,-299.0833333333333,put,reference-session last trade,6825.0,7872.481980038706,0.967163927214507,93.7,94.6,96.43,442.0,1.0,1109.5167855006625,-0.14278104394368735,0.21574982508272791,0.022429693952328744,1242.782207872197,1.5243562709430591,0.0012265675041751307,10,holdout,every_3,flat,1052.583117079642,-56.93366842102046,-0.045811460817819574,False
2026-08-27,2027-02-19,0.48186173853524983,SPX270219P07025000,2026-08-27T20:09:47+00:00,9.783333333333333,put,reference-session last trade,7025.0,7872.481980038706,0.967163927214507,115.1,115.9,117.8,447.0,16.0,937.454000057761,-0.11389816979490133,0.2015380342762291,0.01957205735728149,1426.4543387536942,1.5243562709430591,0.0010686330641854983,11,train,every_3,flat,886.4825802506273,-50.97141980713377,-0.03573294876839027,False
2026-08-27,2027-02-19,0.48186173853524983,SPX270219P07200000,2026-08-27T19:38:59+00:00,-21.016666666666666,put,reference-session last trade,7200.0,7872.481980038706,0.967163927214507,139.1,139.9,141.7,1621.0,142.0,792.1003127952224,-0.08929235899270115,0.18952249671657462,0.0173078842164446,1598.165970615671,1.5243562709430591,0.0009538159984446561,12,train,every_3,flat,751.1806619460732,-40.91965084914921,-0.025604130986086184,False
2026-08-27,2027-02-19,0.48186173853524983,SPX270219P07250000,2026-08-27T19:36:46+00:00,-23.233333333333334,put,reference-session last trade,7250.0,7872.481980038706,0.967163927214507,146.5,147.6,149.7,1309.0,204.0,751.7421164344971,-0.08237191614812735,0.18620922846239213,0.01670801453952757,1648.1836316786523,1.5243562709430591,0.0009248704098526469,13,holdout,every_3,flat,714.4917982480031,-37.25031818649404,-0.022600830071680244,False
2026-08-27,2027-02-19,0.48186173853524983,SPX270219P07375000,2026-08-27T17:43:05+00:00,-136.91666666666666,put,reference-session last trade,7375.0,7872.481980038706,0.967163927214507,168.7,170.0,172.16,488.0,5.0,653.3066255326837,-0.06527748278882724,0.17802498636502928,0.01527159385507822,1771.698297715044,1.5243562709430591,0.0008603926937837095,14,train,every_3,flat,626.9416652815605,-26.364960251123193,-0.014881179422662445,False
2026-08-27,2027-02-19,0.48186173853524983,SPX270219P07450000,2026-08-27T19:21:04+00:00,-38.93333333333333,put,reference-session last trade,7450.0,7872.481980038706,0.967163927214507,184.8,185.8,189.9,404.0,16.0,598.5093309915957,-0.05515935262324263,0.17446609825081522,0.01466710970907572,1845.712123134383,1.5243562709430591,0.0008258905881565115,15,train,every_3,flat,577.4125744725877,-21.096756519007954,-0.011430144633379501,False
2026-08-27,2027-02-19,0.48186173853524983,SPX270219P07625000,2026-08-27T16:50:12+00:00,-189.8,put,reference-session last trade,7625.0,7872.481980038706,0.967163927214507,228.8,229.8,230.35,2399.0,6.0,469.705643729057,-0.031941062521235436,0.16227154135684385,0.012688408902508845,1990.2070503622772,1.5243562709430591,0.0007659284850114368,16,holdout,every_3,flat,471.0628158652363,1.3571721361793152,0.0006819250971562327,True
2026-08-27,2027-02-19,0.48186173853524983,SPX270219C07875000,2026-08-27T19:25:12+00:00,-34.8,call,reference-session last trade,7875.0,7872.481980038706,0.967163927214507,313.2,314.7,303.64,565.0,3.0,303.64,0.0003197996969859973,0.14461880109558828,0.010077944374913779,2106.217385348798,1.5243562709430591,0.0007237411871854907,17,train,every_3,flat,342.25015367068465,38.61015367068467,0.018331514087417275,False
2026-08-27,2027-02-19,0.48186173853524983,SPX270219C08025000,2026-08-27T19:04:20+00:00,-55.666666666666664,call,reference-session last trade,8025.0,7872.481980038706,0.967163927214507,233.7,235.1,226.5,154.0,5.0,226.5,0.019188284001368752,0.13833673796474288,0.00922141366310134,2084.3897798802304,1.5243562709430591,0.0007313201617360881,18,train,every_3,flat,277.95448114637526,51.45448114637526,0.024685633005421783,False
2026-08-27,2027-02-19,0.48186173853524983,SPX270219C08150000,2026-08-27T18:21:49+00:00,-98.18333333333334,call,reference-session last trade,8150.0,7872.481980038706,0.967163927214507,180.9,182.3,176.14,604.0,1.0,176.14,0.03464454223806064,0.13561389961510328,0.008861981764028732,2002.6961357113987,1.5243562709430591,0.0007611520508584677,19,holdout,every_3,flat,231.50599115742816,55.36599115742817,0.02764572726244415,False
2026-08-27,2027-02-19,0.48186173853524983,SPX270219C08200000,2026-08-27T19:47:15+00:00,-12.75,call,reference-session last trade,8200.0,7872.481980038706,0.967163927214507,160.1,161.2,156.66,2209.0,4.0,156.66,0.04076076925549664,0.13374409115997282,0.008619293136088852,1952.1325091445008,1.5243562709430591,0.0007808672125495673,20,train,every_3,flat,214.6616374565449,58.0016374565449,0.029711936656371465,False
2026-08-27,2027-02-19,0.48186173853524983,SPX270219C08550000,2026-08-27T16:00:15+00:00,-239.75,call,reference-session last trade,8550.0,7872.481980038706,0.967163927214507,67.1,68.3,65.31,147.0,2.0,65.31,0.0825578979339581,0.12676579199997373,0.0077433090205694345,1413.6855523661955,1.5243562709430591,0.0010782852441206783,21,train,every_3,flat,121.77231832155545,56.46231832155544,0.03993980006872821,False
2026-08-27,2027-02-19,0.48186173853524983,SPX270219C08750000,2026-08-27T16:07:08+00:00,-232.86666666666667,call,reference-session last trade,8750.0,7872.481980038706,0.967163927214507,37.8,38.6,36.6,22.0,5.0,36.6,0.10568031535481238,0.12401419969290531,0.0074108030764764845,1045.3957975705653,1.5243562709430591,0.0014581618507416695,22,holdout,every_3,flat,85.52021931186714,48.920219311867136,0.04679588288527147,False
2026-08-27,2027-02-19,0.48186173853524983,SPX270219C08850000,2026-08-27T15:01:51+00:00,-298.15,call,reference-session last trade,8850.0,7872.481980038706,0.967163927214507,27.4,28.2,27.2,104.0,28.0,27.2,0.11704407400512731,0.12331365235369457,0.00732731336563499,877.0362589931667,1.5243562709430591,0.0017380766819070999,23,train,every_3,flat,71.1089850865159,43.9089850865159,0.05006518788279426,False
2026-08-27,2027-02-19,0.48186173853524983,SPX270219C10000000,2026-08-27T14:28:13+00:00,-331.78333333333336,call,reference-session last trade,10000.0,7872.481980038706,0.967163927214507,1.3,1.7,1.45,2296.0,1.0,1.45,0.239211707979335,0.1358969720842035,0.008899016333501006,95.31234155423574,1.5243562709430591,0.015993272708295096,24,train,every_3,flat,6.019948150587298,4.569948150587297,0.0479470766961155,False
2026-08-27,2027-08-20,0.9801505817932923,SPX270820P05750000,2026-08-27T14:30:38+00:00,-329.3666666666667,put,reference-session last trade,5750.0,8011.137643500851,0.9479231815147929,88.0,89.2,91.0,32.0,15.0,2234.384788870188,-0.33163292408872896,0.27240776241346354,0.07273304331354792,1182.2561136694133,3.361574159397918,0.0028433552768566133,0,train,every_3,flat,2150.9476339318417,-83.43715493834634,-0.0705745176308535,False
2026-08-27,2027-08-20,0.9801505817932923,SPX270820P05900000,2026-08-27T20:09:15+00:00,9.25,put,reference-session last trade,5900.0,8011.137643500851,0.9479231815147929,98.4,99.5,100.4,1493.0,6.0,2101.596311642969,-0.3058804279863143,0.2635725051249552,0.06809151713595715,1283.8955559852348,3.361574159397918,0.00261826138717204,1,holdout,every_3,flat,2012.9098088768872,-88.68650276608173,-0.0690761038564586,False
2026-08-27,2027-08-20,0.9801505817932923,SPX270820P06375000,2026-08-27T20:06:10+00:00,6.166666666666667,put,reference-session last trade,6375.0,8011.137643500851,0.9479231815147929,141.4,142.4,143.7,6.0,2.0,1694.6328004234424,-0.22844868785349828,0.24005768474565528,0.056483815846541004,1673.8442623747983,3.361574159397918,0.0020082956550740395,2,train,every_3,flat,1589.5214806802287,-105.1113197432137,-0.0627963557338871,False
2026-08-27,2027-08-20,0.9801505817932923,SPX270820P06450000,2026-08-27T17:39:01+00:00,-140.98333333333332,put,reference-session last trade,6450.0,8011.137643500851,0.9479231815147929,149.3,150.4,151.7,282.0,11.0,1631.538561809833,-0.2167526480903069,0.2362319831709112,0.05469784217517996,1739.6927168414031,3.361574159397918,0.0019322804118541191,3,train,every_3,flat,1525.324039181967,-106.21452262786602,-0.061053611134677714,False
2026-08-27,2027-08-20,0.9801505817932923,SPX270820P06800000,2026-08-27T16:27:03+00:00,-212.95,put,reference-session last trade,6800.0,8011.137643500851,0.9479231815147929,194.9,196.4,199.21,538.0,40.0,1347.2754482796554,-0.163910166715927,0.22043065949588658,0.047625198853369896,2071.7991926232,3.361574159397918,0.001622538598995048,4,holdout,every_3,flat,1239.0843123375603,-108.19113594209512,-0.05222086017183421,False
2026-08-27,2027-08-20,0.9801505817932923,SPX270820P06850000,2026-08-27T17:57:20+00:00,-122.66666666666667,put,reference-session last trade,6850.0,8011.137643500851,0.9479231815147929,203.3,204.7,206.5,122.0,2.0,1307.1692892039157,-0.1565841266238542,0.21792983283589482,0.04655069544223797,2118.9557083814575,3.361574159397918,0.0015864296483882722,5,train,every_3,flat,1200.254763926256,-106.91452527765978,-0.05045623410379131,False
2026-08-27,2027-08-20,0.9801505817932923,SPX270820P07000000,2026-08-27T19:09:08+00:00,-50.86666666666667,put,reference-session last trade,7000.0,8011.137643500851,0.9479231815147929,228.0,229.3,233.0,656.0,23.0,1191.4808119766967,-0.13492262984267478,0.21176132339071133,0.04395275344048838,2266.745653218873,3.361574159397918,0.001482995745298703,6,train,every_3,flat,1087.294067468049,-104.18674450864773,-0.04596313854653178,False
2026-08-27,2027-08-20,0.9801505817932923,SPX270820P07250000,2026-08-27T18:33:15+00:00,-86.75,put,reference-session last trade,7250.0,8011.137643500851,0.9479231815147929,275.7,277.1,283.49,575.0,8.0,1004.9900165979985,-0.09983131003140472,0.20123982108038305,0.03969361445768739,2504.2025012360145,3.361574159397918,0.0013423731338574757,7,holdout,every_3,flat,911.8015075396903,-93.18850905830823,-0.03721284880608202,False
2026-08-27,2027-08-20,0.9801505817932923,SPX270820P07350000,2026-08-27T13:39:51+00:00,-380.15,put,reference-session last trade,7350.0,8011.137643500851,0.9479231815147929,297.4,298.7,311.5,147.0,4.0,938.2076984465192,-0.08613246567324277,0.19900412113593088,0.03881655086108737,2598.4295665091213,3.361574159397918,0.0012936945464002124,8,train,every_3,flat,846.4084205760435,-91.79927787047575,-0.03532875358780809,False
2026-08-27,2027-08-20,0.9801505817932923,SPX270820P07425000,2026-08-27T18:09:28+00:00,-110.53333333333333,put,reference-session last trade,7425.0,8011.137643500851,0.9479231815147929,315.7,317.1,322.42,193.0,4.0,878.0334598329098,-0.0759800942092248,0.1930319142721049,0.03652170440537732,2655.9377483286694,3.361574159397918,0.0012656825866921362,9,train,every_3,flat,799.2474993073204,-78.78596052558942,-0.029664084022740334,False
2026-08-27,2027-08-20,0.9801505817932923,SPX270820P07650000,2026-08-27T17:26:27+00:00,-153.55,put,reference-session last trade,7650.0,8011.137643500851,0.9479231815147929,373.7,375.2,378.4,170.0,79.0,720.7307439920813,-0.046127131059543636,0.181786829308415,0.03239049847770688,2824.7809634150985,3.361574159397918,0.0011900300246054647,10,holdout,every_3,flat,667.7102937775335,-53.02045021454785,-0.018769756275349322,False
2026-08-27,2027-08-20,0.9801505817932923,SPX270820P07750000,2026-08-27T20:03:19+00:00,3.316666666666667,put,reference-session last trade,7750.0,8011.137643500851,0.9479231815147929,405.3,406.6,410.4,298.0,1.0,657.938425840602,-0.033139935532732444,0.17815481934596877,0.03110913619963786,2887.1724698572957,3.361574159397918,0.0011643135955657234,11,train,every_3,flat,614.1072500381025,-43.8311758024995,-0.015181350009431873,False
2026-08-27,2027-08-20,0.9801505817932923,SPX270820P07850000,2026-08-27T13:39:51+00:00,-380.15,put,reference-session last trade,7850.0,8011.137643500851,0.9479231815147929,437.0,438.4,455.65,103.0,2.0,608.3961076891228,-0.020319247103670973,0.17823813879826778,0.031138241247838098,2937.933195311377,3.361574159397918,0.0011441969357106642,12,train,every_3,flat,563.5037994339027,-44.89230825522009,-0.015280234529111604,False
2026-08-27,2027-08-20,0.9801505817932923,SPX270820C08050000,2026-08-27T19:16:04+00:00,-43.93333333333333,call,reference-session last trade,8050.0,8011.137643500851,0.9479231815147929,490.5,492.8,479.6,195.0,2.0,479.6,0.004839312532483916,0.16575588341836048,0.02692964986675646,2995.1866025562954,3.361574159397918,0.001122325452620856,13,holdout,every_3,flat,471.20549603092576,-8.394503969074265,-0.002802664769503785,False
2026-08-27,2027-08-20,0.9801505817932923,SPX270820C08200000,2026-08-27T20:14:39+00:00,14.65,call,reference-session last trade,8200.0,8011.137643500851,0.9479231815147929,411.2,414.0,403.2,263.0,2.0,403.2,0.023301375372219282,0.1608168613967989,0.02534871600713804,2992.653055208593,3.361574159397918,0.0011232756010748498,14,train,every_3,flat,409.59441548866505,6.394415488665061,0.002136704579749342,False
2026-08-27,2027-08-20,0.9801505817932923,SPX270820C08300000,2026-08-27T16:39:35+00:00,-200.41666666666666,call,reference-session last trade,8300.0,8011.137643500851,0.9479231815147929,364.3,366.1,359.75,3298.0,500.0,359.75,0.03542273590456412,0.1588209032245777,0.024723396002144564,2967.241325321256,3.361574159397918,0.0011328954374932644,15,train,every_3,flat,372.01888454253844,12.268884542538444,0.004134778131404638,False
2026-08-27,2027-08-20,0.9801505817932923,SPX270820C08375000,2026-08-27T15:55:29+00:00,-244.51666666666668,call,reference-session last trade,8375.0,8011.137643500851,0.9479231815147929,329.0,331.0,323.22,176.0,63.0,323.22,0.044418298813141986,0.15533133458836976,0.02364890024583562,2932.7097834179417,3.361574159397918,0.0011462348502415244,16,holdout,every_3,flat,345.6135443855146,22.393544385514588,0.007635786027015573,False
2026-08-27,2027-08-20,0.9801505817932923,SPX270820C08550000,2026-08-27T16:44:26+00:00,-195.56666666666666,call,reference-session last trade,8550.0,8011.137643500851,0.9479231815147929,259.2,261.1,258.13,136.0,28.0,258.13,0.0650985040506807,0.15181091994476295,0.022589094697829243,2813.1680819825456,3.361574159397918,0.0011949425208282933,17,train,every_3,flat,289.67073374499915,31.54073374499916,0.011211819850725455,False
2026-08-27,2027-08-20,0.9801505817932923,SPX270820C08675000,2026-08-27T20:14:48+00:00,14.8,call,reference-session last trade,8675.0,8011.137643500851,0.9479231815147929,215.7,217.2,210.3,36.0,4.0,210.3,0.07961254693493483,0.14676195277119924,0.02111153275749549,2679.00102125166,3.361574159397918,0.0012547864419354914,18,train,every_3,flat,254.3167356922398,44.01673569223979,0.01643027954938019,False
2026-08-27,2027-08-20,0.9801505817932923,SPX270820C08850000,2026-08-27T19:59:52+00:00,-0.13333333333333333,call,reference-session last trade,8850.0,8011.137643500851,0.9479231815147929,166.0,167.4,163.9,917.0,369.0,163.9,0.0995846801218501,0.14446507881353735,0.02045589848263753,2467.5384639871822,3.361574159397918,0.0013623188487064573,19,holdout,every_3,flat,210.78171916641756,46.881719166417554,0.018999387385704024,False
2026-08-27,2027-08-20,0.9801505817932923,SPX270820C08950000,2026-08-27T19:59:23+00:00,-0.6166666666666667,call,reference-session last trade,8950.0,8011.137643500851,0.9479231815147929,141.6,142.9,140.4,1782.0,43.0,140.4,0.11082075338877598,0.1429197492653986,0.02002060942743386,2327.0020803689777,3.361574159397918,0.0014445943936865304,20,train,every_3,flat,188.80174321341937,48.401743213419365,0.020800042948713057,False
2026-08-27,2027-08-20,0.9801505817932923,SPX270820C09100000,2026-08-27T19:50:37+00:00,-9.383333333333333,call,reference-session last trade,9100.0,8011.137643500851,0.9479231815147929,111.1,112.5,107.55,132.0,1.0,107.55,0.12744163462481628,0.13952604669191365,0.019081098805091627,2083.680212345836,3.361574159397918,0.001613286981121451,21,train,every_3,flat,159.45036356930794,51.90036356930794,0.024908027278753006,False
2026-08-27,2027-08-20,0.9801505817932923,SPX270820C09300000,2026-08-27T13:36:04+00:00,-383.93333333333334,call,reference-session last trade,9300.0,8011.137643500851,0.9479231815147929,78.9,80.1,72.6,154.0,100.0,72.6,0.14918162126122222,0.13502142306451817,0.017868914216891445,1729.8094018684856,3.361574159397918,0.0019433205506727224,22,holdout,every_3,flat,126.41660278764887,53.816602787648876,0.031111290486407275,False
2026-08-27,2027-08-20,0.9801505817932923,SPX270820C09600000,2026-08-27T18:43:33+00:00,-76.45,call,reference-session last trade,9600.0,8011.137643500851,0.9479231815147929,46.0,46.9,44.16,437.0,20.0,44.16,0.1809303195758024,0.13435327847044043,0.017692505489392323,1298.8902120316588,3.361574159397918,0.002588035638624078,23,train,every_3,flat,87.99183827109496,43.831838271094966,0.033745606722630855,False
2026-08-27,2027-08-20,0.9801505817932923,SPX270820C10200000,2026-08-27T14:52:27+00:00,-307.55,call,reference-session last trade,10200.0,8011.137643500851,0.9479231815147929,14.5,15.1,13.99,817.0,2.0,13.99,0.24155494139223724,0.13179370213097683,0.017024803865454168,608.594357173919,3.361574159397918,0.005523505303282455,24,train,every_3,flat,40.66848394119258,26.678483941192574,0.04383623283179509,False
2026-08-27,2026-09-18,0.06023271731690623,SPX260918P05475000,2026-08-27T19:59:48+00:00,-0.2,put,reference-session last trade,5475.0,7741.608398158938,0.9959553475339589,0.4,0.6,0.5,1236.0,1.0,2257.940754911775,-0.34641719369064733,0.49473259129427516,0.014742580182210712,10.821587764389916,3.1068981283412995,0.2871018741413364,0,train,every_3,svi,2257.8774303021905,-0.06332460958446973,-0.0058516930198403054,True
2026-08-27,2026-09-18,0.06023271731690623,SPX260918P05825000,2026-08-27T14:17:49+00:00,-342.18333333333334,put,reference-session last trade,5825.0,7741.608398158938,0.9959553475339589,0.75,0.9,0.95,1444.0,1.0,1909.8063832748894,-0.28445046994144757,0.44016043232058366,0.011669559304515123,20.41192024445222,3.1068981283412995,0.1522099876510015,1,holdout,every_3,svi,1909.6615246014403,-0.1448586734491073,-0.007096768540847039,True
2026-08-27,2026-09-18,0.06023271731690623,SPX260918P05960000,2026-08-27T14:20:50+00:00,-339.1666666666667,put,reference-session last trade,5960.0,7741.608398158938,0.9959553475339589,0.9,1.05,1.15,205.0,1.0,1775.552411357805,-0.2615389883159535,0.41638874372387547,0.010443123586033783,25.01610755957548,3.1068981283412995,0.12419590541583132,2,train,every_3,svi,1775.4129288884758,-0.13948246932932307,-0.005575706332296009,True
2026-08-27,2026-09-18,0.06023271731690623,SPX260918P06080000,2026-08-27T14:28:37+00:00,-331.3833333333333,put,reference-session last trade,6080.0,7741.608398158938,0.9959553475339589,1.1,1.3,1.35,498.0,1.0,1656.2377696537299,-0.24160477341513617,0.39471778853743006,0.009384385809536882,29.800413540962495,3.1068981283412995,0.10425687965942747,3,train,every_3,svi,1656.1204362515532,-0.117333402176655,-0.003937307850287817,True
2026-08-27,2026-09-18,0.06023271731690623,SPX260918P06140000,2026-08-27T14:38:49+00:00,-321.18333333333334,put,reference-session last trade,6140.0,7741.608398158938,0.9959553475339589,1.15,1.35,1.45,228.0,1.0,1596.5804488016925,-0.23178472723416077,0.38344024544785404,0.008855800904149027,32.340786649943965,3.1068981283412995,0.09606748784345612,4,holdout,every_3,svi,1596.4906256202546,-0.08982318143785051,-0.0027773963079530143,True
2026-08-27,2026-09-18,0.06023271731690623,SPX260918P06210000,2026-08-27T14:17:48+00:00,-342.2,put,reference-session last trade,6210.0,7741.608398158938,0.9959553475339589,1.3,1.45,1.65,494.0,1.0,1527.0635744743154,-0.22044857344782448,0.37228125547075974,0.008347853059130656,36.76524736777681,3.1068981283412995,0.08450638444675242,5,train,every_3,svi,1526.9383698472411,-0.12520462707425395,-0.0034055156986102734,True
2026-08-27,2026-09-18,0.06023271731690623,SPX260918P06310000,2026-08-27T16:54:32+00:00,-185.46666666666667,put,reference-session last trade,6310.0,7741.608398158938,0.9959553475339589,1.55,1.75,1.8,976.0,151.0,1427.6180397209193,-0.2044737928400901,0.3518707211839501,0.007457593695779025,41.27606654016315,3.1068981283412995,0.07527117743446246,6,train,every_3,svi,1427.6118621472185,-0.006177573700824723,-0.00014966478685205417,True
2026-08-27,2026-09-18,0.06023271731690623,SPX260918P06400000,2026-08-27T19:55:05+00:00,-4.916666666666667,put,reference-session last trade,6400.0,7741.608398158938,0.9959553475339589,1.7,1.9,2.1,17606.0,26.0,1338.282058442863,-0.19031147902758577,0.33668442847935637,0.00682776426110981,48.34204217233265,3.1068981283412995,0.06426907074520435,7,holdout,every_3,svi,1338.2580101777821,-0.02404826508086444,-0.0004974606781222796,True
2026-08-27,2026-09-18,0.06023271731690623,SPX260918P06625000,2026-08-27T17:58:26+00:00,-121.56666666666666,put,reference-session last trade,6625.0,7741.608398158938,0.9959553475339589,2.45,2.6,2.93,2184.0,23.0,1115.0221052477225,-0.15575909752092598,0.2955235991128272,0.0052603760381031575,69.55115034350275,3.1068981283412995,0.04467069362615562,8,train,every_3,svi,1115.096717781815,0.07461253409246638,0.0010727721069165098,True
2026-08-27,2026-09-18,0.06023271731690623,SPXW260918P06790000,2026-08-27T18:57:20+00:00,-62.666666666666664,put,reference-session last trade,6790.0,7741.608398158938,0.9959553475339589,3.4,3.6,4.13,116.0,1.0,951.8894729046191,-0.13115852782260717,0.2683594247148257,0.004337766402004075,97.28063007766478,3.1068981283412995,0.03193747949474507,9,train,every_3,svi,951.7504294664118,-0.13904343820729537,-0.0014293024016835511,True
2026-08-27,2026-09-18,0.06023271731690623,SPXW260918P06870000,2026-08-27T14:52:45+00:00,-307.25,put,reference-session last trade,6870.0,7741.608398158938,0.9959553475339589,3.8,4.0,4.5,83.0,2.0,872.5830451019025,-0.11944536315895393,0.2513219814900629,0.0038044633658097563,108.99971210524686,3.1068981283412995,0.028503727838669626,10,holdout,every_3,svi,872.6989276548866,0.11588255298408967,0.0010631454959458696,True
2026-08-27,2026-09-18,0.06023271731690623,SPXW260918P06950000,2026-08-27T19:16:58+00:00,-43.03333333333333,put,reference-session last trade,6950.0,7741.608398158938,0.9959553475339589,4.6,4.8,5.3,2350.0,39.0,793.7066172991857,-0.1078678098165111,0.23715254157077256,0.003387568009353851,128.36387081276158,3.1068981283412995,0.024203836396248814,11,train,every_3,svi,793.7871640250349,0.08054672584921718,0.0006274875113941286,True
2026-08-27,2026-09-18,0.06023271731690623,SPX260918P07075000,2026-08-27T19:48:03+00:00,-11.95,put,reference-session last trade,7075.0,7741.608398158938,0.9959553475339589,5.6,5.9,5.75,1995.0,4.0,669.6621988574409,-0.09004202586391061,0.20715184506967296,0.002584699554132609,150.33746127890825,3.1068981283412995,0.02066616066222734,12,train,every_3,svi,670.9032890905938,1.2410902331529314,0.0082553624532108,True
2026-08-27,2026-09-18,0.06023271731690623,SPXW260918P07135000,2026-08-27T16:47:29+00:00,-192.51666666666668,put,reference-session last trade,7135.0,7741.608398158938,0.9959553475339589,6.8,7.1,7.7,65.0,22.0,611.8548780054034,-0.0815972184644121,0.20228996060019444,0.0024647967679995095,187.70224130524178,3.1068981283412995,0.016552269737093096,13,holdout,every_3,svi,612.1871796234607,0.3323016180572722,0.001770365743885192,True
2026-08-27,2026-09-18,0.06023271731690623,SPX260918P07230000,2026-08-27T14:18:39+00:00,-341.35,put,reference-session last trade,7230.0,7741.608398158938,0.9959553475339589,8.4,8.8,10.8,608.0,1.0,520.3391199896772,-0.06837043322253855,0.18923011859250669,0.0021568154174284766,246.7775029685665,3.1068981283412995,0.012589875863753446,14,train,every_3,svi,519.7854651812193,-0.5536548084579636,-0.002243538417391661,True
2026-08-27,2026-09-18,0.06023271731690623,SPX260918P07285000,2026-08-27T20:10:10+00:00,10.166666666666666,put,reference-session last trade,7285.0,7741.608398158938,0.9959553475339589,10.0,10.5,11.7,659.0,37.0,466.4615758753095,-0.06079202974604377,0.17617356637166853,0.0018694504058548373,272.4720580014003,3.1068981283412995,0.011402630240805582,15,train,every_3,svi,466.7533623118297,0.29178643652016945,0.0010708857218624226,True
2026-08-27,2026-09-18,0.06023271731690623,SPXW260918P07465000,2026-08-27T18:51:55+00:00,-68.08333333333333,put,reference-session last trade,7465.0,7741.608398158938,0.9959553475339589,20.8,21.1,26.05,131.0,7.0,301.5396133191969,-0.03638403840205821,0.15499927049790516,0.0014470774122037535,469.1049744936451,3.1068981283412995,0.006623033856536919,16,holdout,every_3,svi,297.9143592217825,-3.6252540974144267,-0.0077280231388028855,False
2026-08-27,2026-09-18,0.06023271731690623,SPXW260918P07560000,2026-08-27T17:40:01+00:00,-139.98333333333332,put,reference-session last trade,7560.0,7741.608398158938,0.9959553475339589,31.5,31.9,35.5,192.0,50.0,216.3738553034708,-0.023738279201770206,0.1357425458362577,0.0011098503833056469,578.668622640051,3.1068981283412995,0.005369045437726943,17,train,every_3,svi,214.71538240752344,-1.6584728959473694,-0.002866014902243954,True
2026-08-27,2026-09-18,0.06023271731690623,SPXW260918C07805000,2026-08-27T19:09:31+00:00,-50.483333333333334,call,reference-session last trade,7805.0,7741.608398158938,0.9959553475339589,53.6,54.2,51.18,131.0,44.0,51.18,0.008155084574183433,0.10389965749312098,0.0006502205453747644,720.149749439073,3.1068981283412995,0.004314238990933862,18,train,every_3,svi,53.19517469839137,2.0151746983913696,0.002798271748287069,True
2026-08-27,2026-09-18,0.06023271731690623,SPX260918C07905000,2026-08-27T19:50:40+00:00,-9.333333333333334,call,reference-session last trade,7905.0,7741.608398158938,0.9959553475339589,20.5,21.2,20.04,293.0,6.0,20.04,0.02088600126822348,0.0982013774479675,0.0005808548438574127,523.9893297293258,3.1068981283412995,0.005929315640733013,19,holdout,every_3,svi,22.305784975028885,2.265784975028886,0.004324105180155691,True
2026-08-27,2026-09-18,0.06023271731690623,SPXW260918C07990000,2026-08-27T17:30:18+00:00,-149.7,call,reference-session last trade,7990.0,7741.608398158938,0.9959553475339589,8.0,8.3,10.36,275.0,14.0,10.36,0.03158129038497148,0.10393223117447335,0.0006506283118190055,356.32384928487073,3.1068981283412995,0.008719310073060597,20,train,every_3,svi,9.821318578719326,-0.538681421280673,-0.001511774814853924,True
2026-08-27,2026-09-18,0.06023271731690623,SPX260918C08080000,2026-08-27T17:08:38+00:00,-171.36666666666667,call,reference-session last trade,8080.0,7741.608398158938,0.9959553475339589,2.5,2.7,3.55,1444.0,1.0,3.55,0.042782403139792036,0.10212639675729217,0.0006282152501623896,179.6738468981727,3.1068981283412995,0.017291877376578266,21,train,every_3,svi,4.237829115573979,0.6878291155739795,0.0038282094330834675,True
2026-08-27,2026-09-18,0.06023271731690623,SPXW260918C08280000,2026-08-27T15:30:04+00:00,-269.93333333333334,call,reference-session last trade,8280.0,7741.608398158938,0.9959553475339589,0.6,0.75,0.78,69.0,20.0,0.78,0.06723349900395653,0.11774270265444674,0.0008350268819280386,52.112801297135604,3.1068981283412995,0.05961871269645355,22,holdout,every_3,svi,1.0927553680490651,0.3127553680490651,0.006001507504188914,True
2026-08-27,2026-09-18,0.06023271731690623,SPX260918C08380000,2026-08-27T15:56:16+00:00,-243.73333333333332,call,reference-session last trade,8380.0,7741.608398158938,0.9959553475339589,0.35,0.5,0.53,156.0,70.0,0.53,0.07923844510077975,0.1297310320851168,0.0010137251063357462,35.489441250686994,3.1068981283412995,0.08754429539747001,23,train,every_3,svi,0.7422571140432616,0.21225711404326153,0.005980852517342823,True
2026-08-27,2026-09-18,0.06023271731690623,SPX260918C08675000,2026-08-27T17:13:13+00:00,-166.78333333333333,call,reference-session last trade,8675.0,7741.608398158938,0.9959553475339589,0.05,0.25,0.25,347.0,1.0,0.25,0.113835856439711,0.1654965318282324,0.0016497200411712775,15.733618536975712,3.1068981283412995,0.1974687590804208,24,train,every_3,svi,0.44338533014092196,0.19338533014092196,0.01229121766785215,True
2026-08-27,2026-11-20,0.2327173169062286,SPX261120P05500000,2026-08-27T17:45:42+00:00,-134.3,put,reference-session last trade,5500.0,7784.875446624804,0.9999999999999999,8.6,9.1,8.56,9700.0,1.0,2293.4354466248033,-0.34743471377051904,0.3536123307173027,0.029099364372354438,157.67941674060665,8.384553375196333,0.05317468537437256,0,train,every_3,svi,2292.959047464185,-0.47639916061825716,-0.0030213148327531305,True
2026-08-27,2026-11-20,0.2327173169062286,SPX261120P05725000,2026-08-27T20:10:11+00:00,10.183333333333334,put,reference-session last trade,5725.0,7784.875446624804,0.9999999999999999,10.8,11.2,11.0,371.0,15.0,2070.8754466248033,-0.3073402565686409,0.33090219363396456,0.025481676246133962,200.68342514561533,8.384553375196333,0.041779999365231704,1,holdout,every_3,svi,2070.3308874109475,-0.5445592138557913,-0.002713523617910451,True
2026-08-27,2026-11-20,0.2327173169062286,SPX261120P06025000,2026-08-27T19:56:06+00:00,-3.9,put,reference-session last trade,6025.0,7784.875446624804,0.9999999999999999,14.8,15.2,14.7,277.0,1.0,1774.5754466248036,-0.2562653266322255,0.29817606914045575,0.02069065653027947,268.89490765490046,8.384553375196333,0.031181525333893876,2,train,every_3,svi,1774.5790412623526,0.003594637548985702,1.3368187521048399e-05,True
2026-08-27,2026-11-20,0.2327173169062286,SPXW261120P06250000,2026-08-27T19:59:30+00:00,-0.5,put,reference-session last trade,6250.0,7784.875446624804,0.9999999999999999,19.1,19.5,19.3,128.0,15.0,1554.1754466248035,-0.21960134226063402,0.27639295177118334,0.01777798883517304,345.05583919709306,8.384553375196333,0.024299120382098926,3,train,every_3,svi,1553.9201999243376,-0.255246700465932,-0.0007397257819484028,True
2026-08-27,2026-11-20,0.2327173169062286,SPX261120P06525000,2026-08-27T19:55:48+00:00,-4.2,put,reference-session last trade,6525.0,7784.875446624804,0.9999999999999999,25.8,26.3,25.9,480.0,3.0,1285.7754466248036,-0.17654185280018714,0.24696321502264446,0.014193622214421022,456.7176739738905,8.384553375196333,0.0183582853324736,4,holdout,every_3,svi,1286.2971376946468,0.5216910698432002,0.0011422616193150084,True
2026-08-27,2026-11-20,0.2327173169062286,SPX261120P06770000,2026-08-27T19:51:49+00:00,-8.183333333333334,put,reference-session last trade,6770.0,7784.875446624804,0.9999999999999999,35.0,35.6,35.6,236.0,1.0,1050.4754466248037,-0.13968171908476057,0.2229347339807226,0.011566026358055365,600.2142135319554,8.384553375196333,0.013969268281498203,5,train,every_3,svi,1050.9498674233444,0.4744207985406774,0.0007904191334439621,True
2026-08-27,2026-11-20,0.2327173169062286,SPXW261120P06875000,2026-08-27T19:57:23+00:00,-2.6166666666666667,put,reference-session last trade,6875.0,7784.875446624804,0.9999999999999999,41.0,41.4,41.5,97.0,1.0,951.3754466248037,-0.12429116245630915,0.21327803296053283,0.01058573345434278,677.8257286798826,8.384553375196333,0.012369777393262855,6,train,every_3,svi,951.4557993507314,0.08035272592769616,0.00011854481547076892,True
2026-08-27,2026-11-20,0.2327173169062286,SPX261120P06980000,2026-08-27T15:25:02+00:00,-274.96666666666664,put,reference-session last trade,6980.0,7784.875446624804,0.9999999999999999,46.7,47.5,48.29,420.0,2.0,853.1654466248036,-0.10913388923466313,0.2032480618358852,0.009613499916231963,762.6608248398801,8.384553375196333,0.0109938167821281,7,holdout,every_3,svi,853.1218415093362,-0.04360511546747148,-5.717497745688764e-05,True
2026-08-27,2026-11-20,0.2327173169062286,SPX261120P07040000,2026-08-27T19:35:19+00:00,-24.683333333333334,put,reference-session last trade,7040.0,7784.875446624804,0.9999999999999999,51.3,51.8,52.92,456.0,100.0,797.7954466248036,-0.10057463583899322,0.19769434029650265,0.009095303041062007,816.1021544051524,8.384553375196333,0.010273901778028926,8,train,every_3,svi,797.5799353598258,-0.215511264977863,-0.0002640738831708473,True
2026-08-27,2026-11-20,0.2327173169062286,SPX261120P07130000,2026-08-27T15:01:44+00:00,-298.26666666666665,put,reference-session last trade,7130.0,7784.875446624804,0.9999999999999999,58.2,59.0,60.97,158.0,42.0,715.8454466248037,-0.08787157158273957,0.18944519540892804,0.008352103970978204,902.1770286986886,8.384553375196333,0.009293689717737901,9,train,every_3,svi,715.3648261936031,-0.4806204312005775,-0.0005327340598483542,True
2026-08-27,2026-11-20,0.2327173169062286,SPX261120P07220000,2026-08-27T19:08:22+00:00,-51.63333333333333,put,reference-session last trade,7220.0,7784.875446624804,0.9999999999999999,67.2,67.8,71.1,504.0,3.0,635.9754466248037,-0.0753278531042093,0.181784363707217,0.0076902728693147415,996.73286841459,8.384553375196333,0.008412036605688402,10,holdout,every_3,svi,634.7738791241771,-1.2015675006265383,-0.0012055060475107634,True
2026-08-27,2026-11-20,0.2327173169062286,SPX261120P07290000,2026-08-27T19:35:19+00:00,-24.683333333333334,put,reference-session last trade,7290.0,7784.875446624804,0.9999999999999999,75.2,75.9,78.64,534.0,100.0,573.5154466248038,-0.06567925998837744,0.17427242631149178,0.0070678293734757515,1067.571819861303,8.384553375196333,0.007853854156890015,11,train,every_3,svi,573.4889911417303,-0.026455483073505093,-2.4780986703959776e-05,True
2026-08-27,2026-11-20,0.2327173169062286,SPX261120P07390000,2026-08-27T19:51:52+00:00,-8.133333333333333,put,reference-session last trade,7390.0,7784.875446624804,0.9999999999999999,89.2,90.0,92.2,408.0,25.0,487.0754466248037,-0.05205507104883375,0.1641969242760681,0.006274205462139005,1175.3017784850435,8.384553375196333,0.007133957872508258,12,train,every_3,svi,488.6054597234433,1.5300130986395857,0.0013018044613288707,True
2026-08-27,2026-11-20,0.2327173169062286,SPX261120P07475000,2026-08-27T19:37:33+00:00,-22.45,put,reference-session last trade,7475.0,7784.875446624804,0.9999999999999999,104.4,105.3,108.34,3178.0,202.0,418.2154466248037,-0.04061868673219403,0.1573464970791937,0.005761596747879207,1271.3387415394502,8.384553375196333,0.006595058501122658,13,holdout,every_3,svi,419.5326944366997,1.3172478118960385,0.0010361108089107687,True
2026-08-27,2026-11-20,0.2327173169062286,SPXW261120P07550000,2026-08-27T19:58:14+00:00,-1.7666666666666666,put,reference-session last trade,7550.0,7784.875446624804,0.9999999999999999,121.2,122.1,124.84,164.0,3.0,359.71544662480375,-0.03063524274801089,0.15107646143540465,0.005311562661154501,1349.7921342767659,8.384553375196333,0.006211736727662051,14,train,every_3,svi,361.5032294933589,1.787782868555155,0.0013244875437898958,True
2026-08-27,2026-11-20,0.2327173169062286,SPX261120P07680000,2026-08-27T14:53:37+00:00,-306.3833333333333,put,reference-session last trade,7680.0,7784.875446624804,0.9999999999999999,156.9,157.9,165.05,181.0,35.0,269.9254466248038,-0.013563258849363376,0.1434317878573276,0.004787618371733611,1458.9055458867686,8.384553375196333,0.005747152993444781,15,train,every_3,svi,269.0433292604875,-0.8821173643162865,-0.0006046432319099232,True
2026-08-27,2026-11-20,0.2327173169062286,SPXW261120P07725000,2026-08-27T15:28:04+00:00,-271.93333333333334,put,reference-session last trade,7725.0,7784.875446624804,0.9999999999999999,172.9,173.7,180.22,70.0,5.0,240.09544662480377,-0.0077209832251350806,0.13992568828247073,0.004556418481895878,1481.873427740565,8.384553375196333,0.005658076606434862,16,holdout,every_3,svi,239.88927177800448,-0.20617484679928566,-0.0001391312125176869,True
2026-08-27,2026-11-20,0.2327173169062286,SPX261120C07845000,2026-08-27T17:06:23+00:00,-173.61666666666667,call,reference-session last trade,7845.0,7784.875446624804,0.9999999999999999,172.5,173.6,176.4,74.0,2.0,176.4,0.007693580176051764,0.1363683657616582,0.004327688296626854,1492.9380812472377,8.384553375196333,0.0056161427459815805,17,train,every_3,svi,170.60286629592926,-5.797133704070745,-0.003883036930257466,True
2026-08-27,2026-11-20,0.2327173169062286,SPX261120C07920000,2026-08-27T15:19:51+00:00,-280.15,call,reference-session last trade,7920.0,7784.875446624804,0.9999999999999999,137.1,138.1,134.88,61.0,6.0,134.88,0.017208399817390377,0.1290847602549084,0.0038777396387562222,1453.8499230370749,8.384553375196333,0.0057671381635327965,18,train,every_3,svi,134.15900135819672,-0.720998641803277,-0.0004959237060020058,True
2026-08-27,2026-11-20,0.2327173169062286,SPX261120C07980000,2026-08-27T19:39:40+00:00,-20.333333333333332,call,reference-session last trade,7980.0,7784.875446624804,0.9999999999999999,110.6,111.6,106.91,509.0,50.0,106.91,0.024755605452773277,0.12437234580841815,0.00359978325574413,1392.4780278836718,8.384553375196333,0.006021318259462534,19,holdout,every_3,svi,109.01547282841146,2.1054728284114645,0.0015120330707202776,True
2026-08-27,2026-11-20,0.2327173169062286,SPX261120C08060000,2026-08-27T18:53:29+00:00,-66.51666666666667,call,reference-session last trade,8060.0,7784.875446624804,0.9999999999999999,81.8,82.8,77.5,33.0,1.0,77.5,0.03473075050959271,0.12013077285879092,0.0033584372893916098,1273.3397229489456,8.384553375196333,0.0065846947394199145,20,train,every_3,svi,81.02155714428862,3.5215571442886215,0.0027656069160655705,True
2026-08-27,2026-11-20,0.2327173169062286,SPX261120C08180000,2026-08-27T19:34:24+00:00,-25.6,call,reference-session last trade,8180.0,7784.875446624804,0.9999999999999999,50.8,51.7,48.69,19.0,1.0,48.69,0.04950934460571146,0.11846990945766293,0.003266215340142594,1054.8446982137298,8.384553375196333,0.00794861403711343,21,train,every_3,svi,50.080818984743466,1.3908189847434684,0.001318505925183751,True
2026-08-27,2026-11-20,0.2327173169062286,SPXW261120C08240000,2026-08-27T16:03:14+00:00,-236.76666666666668,call,reference-session last trade,8240.0,7784.875446624804,0.9999999999999999,39.9,40.4,39.1,37.0,11.0,39.1,0.05681753791243609,0.11905190979722304,0.003298385665273432,944.5088697872729,8.384553375196333,0.008877156841401335,22,holdout,every_3,svi,38.94177328702698,-0.15822671297301838,-0.0001675227391021272,True
2026-08-27,2026-11-20,0.2327173169062286,SPXW261120C08350000,2026-08-27T18:38:21+00:00,-81.65,call,reference-session last trade,8350.0,7784.875446624804,0.9999999999999999,23.8,24.3,22.9,340.0,20.0,22.9,0.0700787328538199,0.11627193689998934,0.003146143412430893,710.66156329422,8.384553375196333,0.01179823675327303,23,train,every_3,svi,24.417560277388244,1.5175602773882453,0.0021354191021021388,True
2026-08-27,2026-11-20,0.2327173169062286,SPX261120C09100000,2026-08-27T13:44:38+00:00,-375.3666666666667,call,reference-session last trade,9100.0,7784.875446624804,0.9999999999999999,0.95,1.2,1.05,915.0,32.0,1.05,0.15609160751386011,0.12938798141564853,0.003895978719943539,71.00167418927643,8.384553375196333,0.11808951649287552,24,train,every_3,svi,2.7710222452401037,1.7210222452401036,0.024239178369966297,True
2026-08-27,2027-02-19,0.48186173853524983,SPX270219P05625000,2026-08-27T20:10:10+00:00,10.166666666666666,put,reference-session last trade,5625.0,7872.481980038706,0.967163927214507,31.0,31.6,31.3,663.0,3.0,2204.983498158071,-0.3361524369242269,0.3026607405691562,0.044140233273673196,492.830920219106,1.5243562709430591,0.003093061349043097,0,train,every_3,svi,2204.855816211948,-0.1276819461231753,-0.0002590786025893213,True
2026-08-27,2027-02-19,0.48186173853524983,SPX270219P05800000,2026-08-27T19:34:42+00:00,-25.3,put,reference-session last trade,5800.0,7872.481980038706,0.967163927214507,36.0,36.6,36.56,1722.0,150.0,2040.9898108955322,-0.3055154674623372,0.28941024709015545,0.04035991577620295,566.5750106517871,1.5243562709430591,0.002690475651563668,1,holdout,every_3,svi,2041.2109287434394,0.22111784790718048,0.00039027109164734746,True
2026-08-27,2027-02-19,0.48186173853524983,SPX270219P05950000,2026-08-27T18:54:37+00:00,-65.38333333333334,put,reference-session last trade,5950.0,7872.481980038706,0.967163927214507,40.9,41.5,42.25,315.0,1.0,1901.6052218133561,-0.27998216545717236,0.2788679358652692,0.03747309874075575,641.0632353701202,1.5243562709430591,0.0023778563281092956,2,train,every_3,svi,1901.6749790579456,0.06975724458948207,0.0001088149198716839,True
2026-08-27,2027-02-19,0.48186173853524983,SPX270219P06125000,2026-08-27T13:47:30+00:00,-372.5,put,reference-session last trade,6125.0,7872.481980038706,0.967163927214507,47.6,48.5,50.89,267.0,12.0,1740.9915345508175,-0.2509946285839201,0.26780614662511676,0.034559187575507355,744.3277019121693,1.5243562709430591,0.0020479639102871025,3,train,every_3,svi,1739.889737747342,-1.1017968034755086,-0.0014802576884415362,True
2026-08-27,2027-02-19,0.48186173853524983,SPX270219P06200000,2026-08-27T20:09:55+00:00,9.916666666666666,put,reference-session last trade,6200.0,7872.481980038706,0.967163927214507,51.2,51.9,52.2,1121.0,5.0,1669.7642400097293,-0.23882409296366489,0.2593762844124177,0.03241775774714329,773.2264146436344,1.5243562709430591,0.001971422913229893,4,holdout,every_3,svi,1670.9350452468952,1.1708052371659505,0.0015141816355375712,True
2026-08-27,2027-02-19,0.48186173853524983,SPX270219P06300000,2026-08-27T17:31:38+00:00,-148.36666666666667,put,reference-session last trade,6300.0,7872.481980038706,0.967163927214507,56.1,56.9,57.04,1910.0,20.0,1577.8878472882786,-0.2228237516172237,0.2518218928126313,0.030556908318011226,833.8860953919543,1.5243562709430591,0.001828014976345853,5,train,every_3,svi,1579.4014019240342,1.513554635755554,0.0018150616062786523,True
2026-08-27,2027-02-19,0.48186173853524983,SPX270219P06500000,2026-08-27T18:56:52+00:00,-63.13333333333333,put,reference-session last trade,6500.0,7872.481980038706,0.967163927214507,67.9,68.7,70.62,2832.0,5.0,1398.0350618453772,-0.1915712081131193,0.2391743079705626,0.02756458734675637,981.244822538543,1.5243562709430591,0.0015534922946135422,6,train,every_3,svi,1397.9556266016964,-0.07943524368079125,-8.095354172191931e-05,True
2026-08-27,2027-02-19,0.48186173853524983,SPX270219P06575000,2026-08-27T16:27:51+00:00,-212.15,put,reference-session last trade,6575.0,7872.481980038706,0.967163927214507,72.9,73.8,74.53,333.0,1.0,1329.4077673042893,-0.1800988069508825,0.2325202355643867,0.026052172897077473,1030.6406788117208,1.5243562709430591,0.0014790375562320796,7,holdout,every_3,svi,1330.5673390940585,1.1595717897691884,0.0011250980226261969,True
2026-08-27,2027-02-19,0.48186173853524983,SPX270219P06675000,2026-08-27T16:43:04+00:00,-196.93333333333334,put,reference-session last trade,6675.0,7872.481980038706,0.967163927214507,80.3,81.5,81.51,3536.0,2.0,1239.6713745828386,-0.16500418072839748,0.22484842048371095,0.024361393418610447,1106.9954131808793,1.5243562709430591,0.0013770213072183566,8,train,every_3,svi,1241.3729419453527,1.7015673625141972,0.0015371042573924078,False
2026-08-27,2027-02-19,0.48186173853524983,SPX270219P06775000,2026-08-27T19:27:40+00:00,-32.333333333333336,put,reference-session last trade,6775.0,7872.481980038706,0.967163927214507,89.1,89.8,91.52,1912.0,18.0,1152.9649818613877,-0.1501340182489462,0.21907435787166168,0.023126267139578476,1198.0692179669727,1.5243562709430591,0.0012723440750191124,9,train,every_3,svi,1153.035884664743,0.07090280335523858,5.918089062963736e-05,True
2026-08-27,2027-02-19,0.48186173853524983,SPX270219P06825000,2026-08-27T15:00:55+00:00,-299.0833333333333,put,reference-session last trade,6825.0,7872.481980038706,0.967163927214507,93.7,94.6,96.43,442.0,1.0,1109.5167855006625,-0.14278104394368735,0.21574982508272791,0.022429693952328744,1242.782207872197,1.5243562709430591,0.0012265675041751307,10,holdout,every_3,svi,1109.2315792889028,-0.2852062117597143,-0.00022949009887100332,True
2026-08-27,2027-02-19,0.48186173853524983,SPX270219P07025000,2026-08-27T20:09:47+00:00,9.783333333333333,put,reference-session last trade,7025.0,7872.481980038706,0.967163927214507,115.1,115.9,117.8,447.0,16.0,937.454000057761,-0.11389816979490133,0.2015380342762291,0.01957205735728149,1426.4543387536942,1.5243562709430591,0.0010686330641854983,11,train,every_3,svi,936.9430690188126,-0.5109310389484563,-0.0003581825404904732,True
2026-08-27,2027-02-19,0.48186173853524983,SPX270219P07200000,2026-08-27T19:38:59+00:00,-21.016666666666666,put,reference-session last trade,7200.0,7872.481980038706,0.967163927214507,139.1,139.9,141.7,1621.0,142.0,792.1003127952224,-0.08929235899270115,0.18952249671657462,0.0173078842164446,1598.165970615671,1.5243562709430591,0.0009538159984446561,12,train,every_3,svi,791.0764574210292,-1.0238553741932037,-0.000640643958774055,True
2026-08-27,2027-02-19,0.48186173853524983,SPX270219P07250000,2026-08-27T19:36:46+00:00,-23.233333333333334,put,reference-session last trade,7250.0,7872.481980038706,0.967163927214507,146.5,147.6,149.7,1309.0,204.0,751.7421164344971,-0.08237191614812735,0.18620922846239213,0.01670801453952757,1648.1836316786523,1.5243562709430591,0.0009248704098526469,13,holdout,every_3,svi,750.4631095608378,-1.2790068736593412,-0.0007760099354685924,True
2026-08-27,2027-02-19,0.48186173853524983,SPX270219P07375000,2026-08-27T17:43:05+00:00,-136.91666666666666,put,reference-session last trade,7375.0,7872.481980038706,0.967163927214507,168.7,170.0,172.16,488.0,5.0,653.3066255326837,-0.06527748278882724,0.17802498636502928,0.01527159385507822,1771.698297715044,1.5243562709430591,0.0008603926937837095,14,train,every_3,svi,651.4605861745246,-1.846039358159146,-0.0010419603385858527,False
2026-08-27,2027-02-19,0.48186173853524983,SPX270219P07450000,2026-08-27T19:21:04+00:00,-38.93333333333333,put,reference-session last trade,7450.0,7872.481980038706,0.967163927214507,184.8,185.8,189.9,404.0,16.0,598.5093309915957,-0.05515935262324263,0.17446609825081522,0.01466710970907572,1845.712123134383,1.5243562709430591,0.0008258905881565115,15,train,every_3,svi,594.0664465037415,-4.442884487854144,-0.0024071383788221807,False
2026-08-27,2027-02-19,0.48186173853524983,SPX270219P07625000,2026-08-27T16:50:12+00:00,-189.8,put,reference-session last trade,7625.0,7872.481980038706,0.967163927214507,228.8,229.8,230.35,2399.0,6.0,469.705643729057,-0.031941062521235436,0.16227154135684385,0.012688408902508845,1990.2070503622772,1.5243562709430591,0.0007659284850114368,16,holdout,every_3,svi,467.3886885915807,-2.3169551374762705,-0.001164177936689811,False
2026-08-27,2027-02-19,0.48186173853524983,SPX270219C07875000,2026-08-27T19:25:12+00:00,-34.8,call,reference-session last trade,7875.0,7872.481980038706,0.967163927214507,313.2,314.7,303.64,565.0,3.0,303.64,0.0003197996969859973,0.14461880109558828,0.010077944374913779,2106.217385348798,1.5243562709430591,0.0007237411871854907,17,train,every_3,svi,309.1956628373151,5.55566283731514,0.002637744268925546,False
2026-08-27,2027-02-19,0.48186173853524983,SPX270219C08025000,2026-08-27T19:04:20+00:00,-55.666666666666664,call,reference-session last trade,8025.0,7872.481980038706,0.967163927214507,233.7,235.1,226.5,154.0,5.0,226.5,0.019188284001368752,0.13833673796474288,0.00922141366310134,2084.3897798802304,1.5243562709430591,0.0007313201617360881,18,train,every_3,svi,230.49932253685165,3.9993225368516505,0.0019187018548332416,False
2026-08-27,2027-02-19,0.48186173853524983,SPX270219C08150000,2026-08-27T18:21:49+00:00,-98.18333333333334,call,reference-session last trade,8150.0,7872.481980038706,0.967163927214507,180.9,182.3,176.14,604.0,1.0,176.14,0.03464454223806064,0.13561389961510328,0.008861981764028732,2002.6961357113987,1.5243562709430591,0.0007611520508584677,19,holdout,every_3,svi,175.51019412640997,-0.6298058735900156,-0.0003144789977668258,True
2026-08-27,2027-02-19,0.48186173853524983,SPX270219C08200000,2026-08-27T19:47:15+00:00,-12.75,call,reference-session last trade,8200.0,7872.481980038706,0.967163927214507,160.1,161.2,156.66,2209.0,4.0,156.66,0.04076076925549664,0.13374409115997282,0.008619293136088852,1952.1325091445008,1.5243562709430591,0.0007808672125495673,20,train,every_3,svi,156.2903268261035,-0.36967317389650134,-0.000189368893845483,True
2026-08-27,2027-02-19,0.48186173853524983,SPX270219C08550000,2026-08-27T16:00:15+00:00,-239.75,call,reference-session last trade,8550.0,7872.481980038706,0.967163927214507,67.1,68.3,65.31,147.0,2.0,65.31,0.0825578979339581,0.12676579199997373,0.0077433090205694345,1413.6855523661955,1.5243562709430591,0.0010782852441206783,21,train,every_3,svi,63.14235711879863,-2.167642881201374,-0.0015333274627962502,False
2026-08-27,2027-02-19,0.48186173853524983,SPX270219C08750000,2026-08-27T16:07:08+00:00,-232.86666666666667,call,reference-session last trade,8750.0,7872.481980038706,0.967163927214507,37.8,38.6,36.6,22.0,5.0,36.6,0.10568031535481238,0.12401419969290531,0.0074108030764764845,1045.3957975705653,1.5243562709430591,0.0014581618507416695,22,holdout,every_3,svi,35.88818484425421,-0.7118151557457892,-0.0006809049332319906,True
2026-08-27,2027-02-19,0.48186173853524983,SPX270219C08850000,2026-08-27T15:01:51+00:00,-298.15,call,reference-session last trade,8850.0,7872.481980038706,0.967163927214507,27.4,28.2,27.2,104.0,28.0,27.2,0.11704407400512731,0.12331365235369457,0.00732731336563499,877.0362589931667,1.5243562709430591,0.0017380766819070999,23,train,every_3,svi,26.974040285203845,-0.2259597147961543,-0.0002576401060721878,True
2026-08-27,2027-02-19,0.48186173853524983,SPX270219C10000000,2026-08-27T14:28:13+00:00,-331.78333333333336,call,reference-session last trade,10000.0,7872.481980038706,0.967163927214507,1.3,1.7,1.45,2296.0,1.0,1.45,0.239211707979335,0.1358969720842035,0.008899016333501006,95.31234155423574,1.5243562709430591,0.015993272708295096,24,train,every_3,svi,1.650528314285385,0.2005283142853851,0.0021039071227861726,True
2026-08-27,2027-08-20,0.9801505817932923,SPX270820P05750000,2026-08-27T14:30:38+00:00,-329.3666666666667,put,reference-session last trade,5750.0,8011.137643500851,0.9479231815147929,88.0,89.2,91.0,32.0,15.0,2234.384788870188,-0.33163292408872896,0.27240776241346354,0.07273304331354792,1182.2561136694133,3.361574159397918,0.0028433552768566133,0,train,every_3,svi,2233.392383755481,-0.9924051147067985,-0.0008394163525419488,True
2026-08-27,2027-08-20,0.9801505817932923,SPX270820P05900000,2026-08-27T20:09:15+00:00,9.25,put,reference-session last trade,5900.0,8011.137643500851,0.9479231815147929,98.4,99.5,100.4,1493.0,6.0,2101.596311642969,-0.3058804279863143,0.2635725051249552,0.06809151713595715,1283.8955559852348,3.361574159397918,0.00261826138717204,1,holdout,every_3,svi,2102.272409982926,0.6760983399572069,0.0005265991745242728,True
2026-08-27,2027-08-20,0.9801505817932923,SPX270820P06375000,2026-08-27T20:06:10+00:00,6.166666666666667,put,reference-session last trade,6375.0,8011.137643500851,0.9479231815147929,141.4,142.4,143.7,6.0,2.0,1694.6328004234424,-0.22844868785349828,0.24005768474565528,0.056483815846541004,1673.8442623747983,3.361574159397918,0.0020082956550740395,2,train,every_3,svi,1696.0789849288963,1.4461845054538571,0.0008639898812342645,True
2026-08-27,2027-08-20,0.9801505817932923,SPX270820P06450000,2026-08-27T17:39:01+00:00,-140.98333333333332,put,reference-session last trade,6450.0,8011.137643500851,0.9479231815147929,149.3,150.4,151.7,282.0,11.0,1631.538561809833,-0.2167526480903069,0.2362319831709112,0.05469784217517996,1739.6927168414031,3.361574159397918,0.0019322804118541191,3,train,every_3,svi,1633.4515663609425,1.9130045511094522,0.0010996220956668227,True
2026-08-27,2027-08-20,0.9801505817932923,SPX270820P06800000,2026-08-27T16:27:03+00:00,-212.95,put,reference-session last trade,6800.0,8011.137643500851,0.9479231815147929,194.9,196.4,199.21,538.0,40.0,1347.2754482796554,-0.163910166715927,0.22043065949588658,0.047625198853369896,2071.7991926232,3.361574159397918,0.001622538598995048,4,holdout,every_3,svi,1348.1580376197753,0.882589340119921,0.00042600139205693684,True
2026-08-27,2027-08-20,0.9801505817932923,SPX270820P06850000,2026-08-27T17:57:20+00:00,-122.66666666666667,put,reference-session last trade,6850.0,8011.137643500851,0.9479231815147929,203.3,204.7,206.5,122.0,2.0,1307.1692892039157,-0.1565841266238542,0.21792983283589482,0.04655069544223797,2118.9557083814575,3.361574159397918,0.0015864296483882722,5,train,every_3,svi,1308.4744596435175,1.3051704396018522,0.0006159498447463035,True
2026-08-27,2027-08-20,0.9801505817932923,SPX270820P07000000,2026-08-27T19:09:08+00:00,-50.86666666666667,put,reference-session last trade,7000.0,8011.137643500851,0.9479231815147929,228.0,229.3,233.0,656.0,23.0,1191.4808119766967,-0.13492262984267478,0.21176132339071133,0.04395275344048838,2266.745653218873,3.361574159397918,0.001482995745298703,6,train,every_3,svi,1191.3060471023946,-0.17476487430212728,-7.709946374175413e-05,True
2026-08-27,2027-08-20,0.9801505817932923,SPX270820P07250000,2026-08-27T18:33:15+00:00,-86.75,put,reference-session last trade,7250.0,8011.137643500851,0.9479231815147929,275.7,277.1,283.49,575.0,8.0,1004.9900165979985,-0.09983131003140472,0.20123982108038305,0.03969361445768739,2504.2025012360145,3.361574159397918,0.0013423731338574757,7,holdout,every_3,svi,1003.1919426019182,-1.7980739960803476,-0.0007180226020830428,True
2026-08-27,2027-08-20,0.9801505817932923,SPX270820P07350000,2026-08-27T13:39:51+00:00,-380.15,put,reference-session last trade,7350.0,8011.137643500851,0.9479231815147929,297.4,298.7,311.5,147.0,4.0,938.2076984465192,-0.08613246567324277,0.19900412113593088,0.03881655086108737,2598.4295665091213,3.361574159397918,0.0012936945464002124,8,train,every_3,svi,930.8437721930652,-7.363926253453997,-0.002833991095378089,False
2026-08-27,2027-08-20,0.9801505817932923,SPX270820P07425000,2026-08-27T18:09:28+00:00,-110.53333333333333,put,reference-session last trade,7425.0,8011.137643500851,0.9479231815147929,315.7,317.1,322.42,193.0,4.0,878.0334598329098,-0.0759800942092248,0.1930319142721049,0.03652170440537732,2655.9377483286694,3.361574159397918,0.0012656825866921362,9,train,every_3,svi,877.8074236695879,-0.22603616332185084,-8.510597187908152e-05,True
2026-08-27,2027-08-20,0.9801505817932923,SPX270820P07650000,2026-08-27T17:26:27+00:00,-153.55,put,reference-session last trade,7650.0,8011.137643500851,0.9479231815147929,373.7,375.2,378.4,170.0,79.0,720.7307439920813,-0.046127131059543636,0.181786829308415,0.03239049847770688,2824.7809634150985,3.361574159397918,0.0011900300246054647,10,holdout,every_3,svi,725.7385268644166,5.0077828723352695,0.0017728039579681142,False
2026-08-27,2027-08-20,0.9801505817932923,SPX270820P07750000,2026-08-27T20:03:19+00:00,3.316666666666667,put,reference-session last trade,7750.0,8011.137643500851,0.9479231815147929,405.3,406.6,410.4,298.0,1.0,657.938425840602,-0.033139935532732444,0.17815481934596877,0.03110913619963786,2887.1724698572957,3.361574159397918,0.0011643135955657234,11,train,every_3,svi,661.9206028491375,3.982177008535473,0.0013792653712621124,False
2026-08-27,2027-08-20,0.9801505817932923,SPX270820P07850000,2026-08-27T13:39:51+00:00,-380.15,put,reference-session last trade,7850.0,8011.137643500851,0.9479231815147929,437.0,438.4,455.65,103.0,2.0,608.3961076891228,-0.020319247103670973,0.17823813879826778,0.031138241247838098,2937.933195311377,3.361574159397918,0.0011441969357106642,12,train,every_3,svi,600.6784382669807,-7.71766942214208,-0.0026269043266397766,False
2026-08-27,2027-08-20,0.9801505817932923,SPX270820C08050000,2026-08-27T19:16:04+00:00,-43.93333333333333,call,reference-session last trade,8050.0,8011.137643500851,0.9479231815147929,490.5,492.8,479.6,195.0,2.0,479.6,0.004839312532483916,0.16575588341836048,0.02692964986675646,2995.1866025562954,3.361574159397918,0.001122325452620856,13,holdout,every_3,svi,486.64922055133684,7.049220551336816,0.0023535163202588224,False
2026-08-27,2027-08-20,0.9801505817932923,SPX270820C08200000,2026-08-27T20:14:39+00:00,14.65,call,reference-session last trade,8200.0,8011.137643500851,0.9479231815147929,411.2,414.0,403.2,263.0,2.0,403.2,0.023301375372219282,0.1608168613967989,0.02534871600713804,2992.653055208593,3.361574159397918,0.0011232756010748498,14,train,every_3,svi,409.2037518085544,6.003751808554398,0.0020061636607374544,False
2026-08-27,2027-08-20,0.9801505817932923,SPX270820C08300000,2026-08-27T16:39:35+00:00,-200.41666666666666,call,reference-session last trade,8300.0,8011.137643500851,0.9479231815147929,364.3,366.1,359.75,3298.0,500.0,359.75,0.03542273590456412,0.1588209032245777,0.024723396002144564,2967.241325321256,3.361574159397918,0.0011328954374932644,15,train,every_3,svi,361.70346089650144,1.95346089650144,0.0006583424407820768,True
2026-08-27,2027-08-20,0.9801505817932923,SPX270820C08375000,2026-08-27T15:55:29+00:00,-244.51666666666668,call,reference-session last trade,8375.0,8011.137643500851,0.9479231815147929,329.0,331.0,323.22,176.0,63.0,323.22,0.044418298813141986,0.15533133458836976,0.02364890024583562,2932.7097834179417,3.361574159397918,0.0011462348502415244,16,holdout,every_3,svi,328.33203419432317,5.112034194323144,0.0017431094693472523,False
2026-08-27,2027-08-20,0.9801505817932923,SPX270820C08550000,2026-08-27T16:44:26+00:00,-195.56666666666666,call,reference-session last trade,8550.0,8011.137643500851,0.9479231815147929,259.2,261.1,258.13,136.0,28.0,258.13,0.0650985040506807,0.15181091994476295,0.022589094697829243,2813.1680819825456,3.361574159397918,0.0011949425208282933,17,train,every_3,svi,258.1770814686701,0.047081468670114646,1.6736102251286228e-05,True
2026-08-27,2027-08-20,0.9801505817932923,SPX270820C08675000,2026-08-27T20:14:48+00:00,14.8,call,reference-session last trade,8675.0,8011.137643500851,0.9479231815147929,215.7,217.2,210.3,36.0,4.0,210.3,0.07961254693493483,0.14676195277119924,0.02111153275749549,2679.00102125166,3.361574159397918,0.0012547864419354914,18,train,every_3,svi,214.74280661307753,4.442806613077522,0.0016583818288362548,False
2026-08-27,2027-08-20,0.9801505817932923,SPX270820C08850000,2026-08-27T19:59:52+00:00,-0.13333333333333333,call,reference-session last trade,8850.0,8011.137643500851,0.9479231815147929,166.0,167.4,163.9,917.0,369.0,163.9,0.0995846801218501,0.14446507881353735,0.02045589848263753,2467.5384639871822,3.361574159397918,0.0013623188487064573,19,holdout,every_3,svi,163.12799426301655,-0.7720057369834592,-0.00031286472257701324,True
2026-08-27,2027-08-20,0.9801505817932923,SPX270820C08950000,2026-08-27T19:59:23+00:00,-0.6166666666666667,call,reference-session last trade,8950.0,8011.137643500851,0.9479231815147929,141.6,142.9,140.4,1782.0,43.0,140.4,0.11082075338877598,0.1429197492653986,0.02002060942743386,2327.0020803689777,3.361574159397918,0.0014445943936865304,20,train,every_3,svi,138.25131739281971,-2.148682607180291,-0.0009233694397211661,True
2026-08-27,2027-08-20,0.9801505817932923,SPX270820C09100000,2026-08-27T19:50:37+00:00,-9.383333333333333,call,reference-session last trade,9100.0,8011.137643500851,0.9479231815147929,111.1,112.5,107.55,132.0,1.0,107.55,0.12744163462481628,0.13952604669191365,0.019081098805091627,2083.680212345836,3.361574159397918,0.001613286981121451,21,train,every_3,svi,106.77805323244374,-0.7719467675562584,-0.00037047276399826726,True
2026-08-27,2027-08-20,0.9801505817932923,SPX270820C09300000,2026-08-27T13:36:04+00:00,-383.93333333333334,call,reference-session last trade,9300.0,8011.137643500851,0.9479231815147929,78.9,80.1,72.6,154.0,100.0,72.6,0.14918162126122222,0.13502142306451817,0.017868914216891445,1729.8094018684856,3.361574159397918,0.0019433205506727224,22,holdout,every_3,svi,74.52302694248876,1.923026942488761,0.001111698745776019,True
2026-08-27,2027-08-20,0.9801505817932923,SPX270820C09600000,2026-08-27T18:43:33+00:00,-76.45,call,reference-session last trade,9600.0,8011.137643500851,0.9479231815147929,46.0,46.9,44.16,437.0,20.0,44.16,0.1809303195758024,0.13435327847044043,0.017692505489392323,1298.8902120316588,3.361574159397918,0.002588035638624078,23,train,every_3,svi,42.690703156768194,-1.4692968432318025,-0.0011311940221133872,True
2026-08-27,2027-08-20,0.9801505817932923,SPX270820C10200000,2026-08-27T14:52:27+00:00,-307.55,call,reference-session last trade,10200.0,8011.137643500851,0.9479231815147929,14.5,15.1,13.99,817.0,2.0,13.99,0.24155494139223724,0.13179370213097683,0.017024803865454168,608.594357173919,3.361574159397918,0.005523505303282455,24,train,every_3,svi,14.583943065472013,0.593943065472013,0.0009759260145461404,True
2026-08-27,2026-09-18,0.06023271731690623,SPX260918P05475000,2026-08-27T19:59:48+00:00,-0.2,put,reference-session last trade,5475.0,7741.608398158938,0.9959553475339589,0.4,0.6,0.5,1236.0,1.0,2257.940754911775,-0.34641719369064733,0.49473259129427516,0.014742580182210712,10.821587764389916,3.1068981283412995,0.2871018741413364,0,train,every_3,pchip,2257.9407549117755,4.547473508864641e-13,4.202223932266941e-14,True
2026-08-27,2026-09-18,0.06023271731690623,SPX260918P05825000,2026-08-27T14:17:49+00:00,-342.18333333333334,put,reference-session last trade,5825.0,7741.608398158938,0.9959553475339589,0.75,0.9,0.95,1444.0,1.0,1909.8063832748894,-0.28445046994144757,0.44016043232058366,0.011669559304515123,20.41192024445222,3.1068981283412995,0.1522099876510015,1,holdout,every_3,pchip,1909.7882495692788,-0.018133705610580364,-0.0008883880298086579,True
2026-08-27,2026-09-18,0.06023271731690623,SPX260918P05960000,2026-08-27T14:20:50+00:00,-339.1666666666667,put,reference-session last trade,5960.0,7741.608398158938,0.9959553475339589,0.9,1.05,1.15,205.0,1.0,1775.552411357805,-0.2615389883159535,0.41638874372387547,0.010443123586033783,25.01610755957548,3.1068981283412995,0.12419590541583132,2,train,every_3,pchip,1775.5524113578047,-4.547473508864641e-13,-1.817818178961256e-14,True
2026-08-27,2026-09-18,0.06023271731690623,SPX260918P06080000,2026-08-27T14:28:37+00:00,-331.3833333333333,put,reference-session last trade,6080.0,7741.608398158938,0.9959553475339589,1.1,1.3,1.35,498.0,1.0,1656.2377696537299,-0.24160477341513617,0.39471778853743006,0.009384385809536882,29.800413540962495,3.1068981283412995,0.10425687965942747,3,train,every_3,pchip,1656.2377696537178,-1.2050804798491299e-11,-4.043838110476799e-13,True
2026-08-27,2026-09-18,0.06023271731690623,SPX260918P06140000,2026-08-27T14:38:49+00:00,-321.18333333333334,put,reference-session last trade,6140.0,7741.608398158938,0.9959553475339589,1.15,1.35,1.45,228.0,1.0,1596.5804488016925,-0.23178472723416077,0.38344024544785404,0.008855800904149027,32.340786649943965,3.1068981283412995,0.09606748784345612,4,holdout,every_3,pchip,1596.615631087834,0.035182286141434815,0.001087861174257979,True
2026-08-27,2026-09-18,0.06023271731690623,SPX260918P06210000,2026-08-27T14:17:48+00:00,-342.2,put,reference-session last trade,6210.0,7741.608398158938,0.9959553475339589,1.3,1.45,1.65,494.0,1.0,1527.0635744743154,-0.22044857344782448,0.37228125547075974,0.008347853059130656,36.76524736777681,3.1068981283412995,0.08450638444675242,5,train,every_3,pchip,1527.0635744743145,-9.094947017729282e-13,-2.4737891538574606e-14,True
2026-08-27,2026-09-18,0.06023271731690623,SPX260918P06310000,2026-08-27T16:54:32+00:00,-185.46666666666667,put,reference-session last trade,6310.0,7741.608398158938,0.9959553475339589,1.55,1.75,1.8,976.0,151.0,1427.6180397209193,-0.2044737928400901,0.3518707211839501,0.007457593695779025,41.27606654016315,3.1068981283412995,0.07527117743446246,6,train,every_3,pchip,1427.6180397209187,-6.821210263296962e-13,-1.652582437006121e-14,True
2026-08-27,2026-09-18,0.06023271731690623,SPX260918P06400000,2026-08-27T19:55:05+00:00,-4.916666666666667,put,reference-session last trade,6400.0,7741.608398158938,0.9959553475339589,1.7,1.9,2.1,17606.0,26.0,1338.282058442863,-0.19031147902758577,0.33668442847935637,0.00682776426110981,48.34204217233265,3.1068981283412995,0.06426907074520435,7,holdout,every_3,pchip,1338.1979423244325,-0.08411611843052924,-0.0017400199629686102,True
2026-08-27,2026-09-18,0.06023271731690623,SPX260918P06625000,2026-08-27T17:58:26+00:00,-121.56666666666666,put,reference-session last trade,6625.0,7741.608398158938,0.9959553475339589,2.45,2.6,2.93,2184.0,23.0,1115.0221052477225,-0.15575909752092598,0.2955235991128272,0.0052603760381031575,69.55115034350275,3.1068981283412995,0.04467069362615562,8,train,every_3,pchip,1115.022105247723,4.547473508864641e-13,6.5383153066561056e-15,True
2026-08-27,2026-09-18,0.06023271731690623,SPXW260918P06790000,2026-08-27T18:57:20+00:00,-62.666666666666664,put,reference-session last trade,6790.0,7741.608398158938,0.9959553475339589,3.4,3.6,4.13,116.0,1.0,951.8894729046191,-0.13115852782260717,0.2683594247148257,0.004337766402004075,97.28063007766478,3.1068981283412995,0.03193747949474507,9,train,every_3,pchip,951.8894729046192,1.1368683772161603e-13,1.168648246119019e-15,True
2026-08-27,2026-09-18,0.06023271731690623,SPXW260918P06870000,2026-08-27T14:52:45+00:00,-307.25,put,reference-session last trade,6870.0,7741.608398158938,0.9959553475339589,3.8,4.0,4.5,83.0,2.0,872.5830451019025,-0.11944536315895393,0.2513219814900629,0.0038044633658097563,108.99971210524686,3.1068981283412995,0.028503727838669626,10,holdout,every_3,pchip,872.8246960620065,0.24165096010403886,0.002216987140944996,True
2026-08-27,2026-09-18,0.06023271731690623,SPXW260918P06950000,2026-08-27T19:16:58+00:00,-43.03333333333333,put,reference-session last trade,6950.0,7741.608398158938,0.9959553475339589,4.6,4.8,5.3,2350.0,39.0,793.7066172991857,-0.1078678098165111,0.23715254157077256,0.003387568009353851,128.36387081276158,3.1068981283412995,0.024203836396248814,11,train,every_3,pchip,793.7066172991857,0.0,0.0,True
2026-08-27,2026-09-18,0.06023271731690623,SPX260918P07075000,2026-08-27T19:48:03+00:00,-11.95,put,reference-session last trade,7075.0,7741.608398158938,0.9959553475339589,5.6,5.9,5.75,1995.0,4.0,669.6621988574409,-0.09004202586391061,0.20715184506967296,0.002584699554132609,150.33746127890825,3.1068981283412995,0.02066616066222734,12,train,every_3,pchip,669.6621988574414,4.547473508864641e-13,3.0248438879968192e-15,True
2026-08-27,2026-09-18,0.06023271731690623,SPXW260918P07135000,2026-08-27T16:47:29+00:00,-192.51666666666668,put,reference-session last trade,7135.0,7741.608398158938,0.9959553475339589,6.8,7.1,7.7,65.0,22.0,611.8548780054034,-0.0815972184644121,0.20228996060019444,0.0024647967679995095,187.70224130524178,3.1068981283412995,0.016552269737093096,13,holdout,every_3,pchip,611.4243100420855,-0.43056796331791247,-0.002293888236623248,True
2026-08-27,2026-09-18,0.06023271731690623,SPX260918P07230000,2026-08-27T14:18:39+00:00,-341.35,put,reference-session last trade,7230.0,7741.608398158938,0.9959553475339589,8.4,8.8,10.8,608.0,1.0,520.3391199896772,-0.06837043322253855,0.18923011859250669,0.0021568154174284766,246.7775029685665,3.1068981283412995,0.012589875863753446,14,train,every_3,pchip,520.3391199896763,-9.094947017729282e-13,-3.68548466060448e-15,True
2026-08-27,2026-09-18,0.06023271731690623,SPX260918P07285000,2026-08-27T20:10:10+00:00,10.166666666666666,put,reference-session last trade,7285.0,7741.608398158938,0.9959553475339589,10.0,10.5,11.7,659.0,37.0,466.4615758753095,-0.06079202974604377,0.17617356637166853,0.0018694504058548373,272.4720580014003,3.1068981283412995,0.011402630240805582,15,train,every_3,pchip,466.4615758753086,-9.094947017729282e-13,-3.3379375061212853e-15,True
2026-08-27,2026-09-18,0.06023271731690623,SPXW260918P07465000,2026-08-27T18:51:55+00:00,-68.08333333333333,put,reference-session last trade,7465.0,7741.608398158938,0.9959553475339589,20.8,21.1,26.05,131.0,7.0,301.5396133191969,-0.03638403840205821,0.15499927049790516,0.0014470774122037535,469.1049744936451,3.1068981283412995,0.006623033856536919,16,holdout,every_3,pchip,298.49472785950405,-3.044885459692864,-0.006490840270836038,True
2026-08-27,2026-09-18,0.06023271731690623,SPXW260918P07560000,2026-08-27T17:40:01+00:00,-139.98333333333332,put,reference-session last trade,7560.0,7741.608398158938,0.9959553475339589,31.5,31.9,35.5,192.0,50.0,216.3738553034708,-0.023738279201770206,0.1357425458362577,0.0011098503833056469,578.668622640051,3.1068981283412995,0.005369045437726943,17,train,every_3,pchip,216.37385530347242,1.6200374375330284e-12,2.7995944036881703e-15,True
2026-08-27,2026-09-18,0.06023271731690623,SPXW260918C07805000,2026-08-27T19:09:31+00:00,-50.483333333333334,call,reference-session last trade,7805.0,7741.608398158938,0.9959553475339589,53.6,54.2,51.18,131.0,44.0,51.18,0.008155084574183433,0.10389965749312098,0.0006502205453747644,720.149749439073,3.1068981283412995,0.004314238990933862,18,train,every_3,pchip,51.18000000000009,9.237055564881302e-14,1.282657610042366e-16,True
2026-08-27,2026-09-18,0.06023271731690623,SPX260918C07905000,2026-08-27T19:50:40+00:00,-9.333333333333334,call,reference-session last trade,7905.0,7741.608398158938,0.9959553475339589,20.5,21.2,20.04,293.0,6.0,20.04,0.02088600126822348,0.0982013774479675,0.0005808548438574127,523.9893297293258,3.1068981283412995,0.005929315640733013,19,holdout,every_3,pchip,23.098194877754654,3.058194877754655,0.005836368613334949,True
2026-08-27,2026-09-18,0.06023271731690623,SPXW260918C07990000,2026-08-27T17:30:18+00:00,-149.7,call,reference-session last trade,7990.0,7741.608398158938,0.9959553475339589,8.0,8.3,10.36,275.0,14.0,10.36,0.03158129038497148,0.10393223117447335,0.0006506283118190055,356.32384928487073,3.1068981283412995,0.008719310073060597,20,train,every_3,pchip,10.360000000008851,8.851586130731448e-12,2.484140802951098e-14,True
2026-08-27,2026-09-18,0.06023271731690623,SPX260918C08080000,2026-08-27T17:08:38+00:00,-171.36666666666667,call,reference-session last trade,8080.0,7741.608398158938,0.9959553475339589,2.5,2.7,3.55,1444.0,1.0,3.55,0.042782403139792036,0.10212639675729217,0.0006282152501623896,179.6738468981727,3.1068981283412995,0.017291877376578266,21,train,every_3,pchip,3.5500000000068646,6.864731005862268e-12,3.820662341444019e-14,True
2026-08-27,2026-09-18,0.06023271731690623,SPXW260918C08280000,2026-08-27T15:30:04+00:00,-269.93333333333334,call,reference-session last trade,8280.0,7741.608398158938,0.9959553475339589,0.6,0.75,0.78,69.0,20.0,0.78,0.06723349900395653,0.11774270265444674,0.0008350268819280386,52.112801297135604,3.1068981283412995,0.05961871269645355,22,holdout,every_3,pchip,0.7932440737032889,0.013244073703288839,0.00025414242515527184,True
2026-08-27,2026-09-18,0.06023271731690623,SPX260918C08380000,2026-08-27T15:56:16+00:00,-243.73333333333332,call,reference-session last trade,8380.0,7741.608398158938,0.9959553475339589,0.35,0.5,0.53,156.0,70.0,0.53,0.07923844510077975,0.1297310320851168,0.0010137251063357462,35.489441250686994,3.1068981283412995,0.08754429539747001,23,train,every_3,pchip,0.5299999999999764,-2.3647750424515834e-14,-6.663320016078886e-16,True
2026-08-27,2026-09-18,0.06023271731690623,SPX260918C08675000,2026-08-27T17:13:13+00:00,-166.78333333333333,call,reference-session last trade,8675.0,7741.608398158938,0.9959553475339589,0.05,0.25,0.25,347.0,1.0,0.25,0.113835856439711,0.1654965318282324,0.0016497200411712775,15.733618536975712,3.1068981283412995,0.1974687590804208,24,train,every_3,pchip,0.25000000000002076,2.0761170560490427e-14,1.3195420056549243e-15,True
2026-08-27,2026-11-20,0.2327173169062286,SPX261120P05500000,2026-08-27T17:45:42+00:00,-134.3,put,reference-session last trade,5500.0,7784.875446624804,0.9999999999999999,8.6,9.1,8.56,9700.0,1.0,2293.4354466248033,-0.34743471377051904,0.3536123307173027,0.029099364372354438,157.67941674060665,8.384553375196333,0.05317468537437256,0,train,every_3,pchip,2293.435446624803,-4.547473508864641e-13,-2.8839994482891473e-15,True
2026-08-27,2026-11-20,0.2327173169062286,SPX261120P05725000,2026-08-27T20:10:11+00:00,10.183333333333334,put,reference-session last trade,5725.0,7784.875446624804,0.9999999999999999,10.8,11.2,11.0,371.0,15.0,2070.8754466248033,-0.3073402565686409,0.33090219363396456,0.025481676246133962,200.68342514561533,8.384553375196333,0.041779999365231704,1,holdout,every_3,pchip,2070.5033059813945,-0.37214064340878394,-0.0018543666131807335,True
2026-08-27,2026-11-20,0.2327173169062286,SPX261120P06025000,2026-08-27T19:56:06+00:00,-3.9,put,reference-session last trade,6025.0,7784.875446624804,0.9999999999999999,14.8,15.2,14.7,277.0,1.0,1774.5754466248036,-0.2562653266322255,0.29817606914045575,0.02069065653027947,268.89490765490046,8.384553375196333,0.031181525333893876,2,train,every_3,pchip,1774.5754466248034,-2.2737367544323206e-13,-8.455856506402988e-16,True
2026-08-27,2026-11-20,0.2327173169062286,SPXW261120P06250000,2026-08-27T19:59:30+00:00,-0.5,put,reference-session last trade,6250.0,7784.875446624804,0.9999999999999999,19.1,19.5,19.3,128.0,15.0,1554.1754466248035,-0.21960134226063402,0.27639295177118334,0.01777798883517304,345.05583919709306,8.384553375196333,0.024299120382098926,3,train,every_3,pchip,1554.175446624731,-7.253220246639103e-11,-2.102042458842762e-13,True
2026-08-27,2026-11-20,0.2327173169062286,SPX261120P06525000,2026-08-27T19:55:48+00:00,-4.2,put,reference-session last trade,6525.0,7784.875446624804,0.9999999999999999,25.8,26.3,25.9,480.0,3.0,1285.7754466248036,-0.17654185280018714,0.24696321502264446,0.014193622214421022,456.7176739738905,8.384553375196333,0.0183582853324736,4,holdout,every_3,pchip,1286.1206536936713,0.34520706886769403,0.0007558434642216818,True
2026-08-27,2026-11-20,0.2327173169062286,SPX261120P06770000,2026-08-27T19:51:49+00:00,-8.183333333333334,put,reference-session last trade,6770.0,7784.875446624804,0.9999999999999999,35.0,35.6,35.6,236.0,1.0,1050.4754466248037,-0.13968171908476057,0.2229347339807226,0.011566026358055365,600.2142135319554,8.384553375196333,0.013969268281498203,5,train,every_3,pchip,1050.4754466247957,-7.958078640513122e-12,-1.3258730734955238e-14,True
2026-08-27,2026-11-20,0.2327173169062286,SPXW261120P06875000,2026-08-27T19:57:23+00:00,-2.6166666666666667,put,reference-session last trade,6875.0,7784.875446624804,0.9999999999999999,41.0,41.4,41.5,97.0,1.0,951.3754466248037,-0.12429116245630915,0.21327803296053283,0.01058573345434278,677.8257286798826,8.384553375196333,0.012369777393262855,6,train,every_3,pchip,951.3754466248037,0.0,0.0,True
2026-08-27,2026-11-20,0.2327173169062286,SPX261120P06980000,2026-08-27T15:25:02+00:00,-274.96666666666664,put,reference-session last trade,6980.0,7784.875446624804,0.9999999999999999,46.7,47.5,48.29,420.0,2.0,853.1654466248036,-0.10913388923466313,0.2032480618358852,0.009613499916231963,762.6608248398801,8.384553375196333,0.0109938167821281,7,holdout,every_3,pchip,853.2322088527598,0.06676222795613285,8.75385568285214e-05,True
2026-08-27,2026-11-20,0.2327173169062286,SPX261120P07040000,2026-08-27T19:35:19+00:00,-24.683333333333334,put,reference-session last trade,7040.0,7784.875446624804,0.9999999999999999,51.3,51.8,52.92,456.0,100.0,797.7954466248036,-0.10057463583899322,0.19769434029650265,0.009095303041062007,816.1021544051524,8.384553375196333,0.010273901778028926,8,train,every_3,pchip,797.7954466248046,1.0231815394945443e-12,1.2537419904746235e-15,True
2026-08-27,2026-11-20,0.2327173169062286,SPX261120P07130000,2026-08-27T15:01:44+00:00,-298.26666666666665,put,reference-session last trade,7130.0,7784.875446624804,0.9999999999999999,58.2,59.0,60.97,158.0,42.0,715.8454466248037,-0.08787157158273957,0.18944519540892804,0.008352103970978204,902.1770286986886,8.384553375196333,0.009293689717737901,9,train,every_3,pchip,715.8454466248048,1.1368683772161603e-12,1.2601389096062371e-15,True
2026-08-27,2026-11-20,0.2327173169062286,SPX261120P07220000,2026-08-27T19:08:22+00:00,-51.63333333333333,put,reference-session last trade,7220.0,7784.875446624804,0.9999999999999999,67.2,67.8,71.1,504.0,3.0,635.9754466248037,-0.0753278531042093,0.181784363707217,0.0076902728693147415,996.73286841459,8.384553375196333,0.008412036605688402,10,holdout,every_3,pchip,635.1989422361793,-0.776504388624403,-0.0007790496463305319,True
2026-08-27,2026-11-20,0.2327173169062286,SPX261120P07290000,2026-08-27T19:35:19+00:00,-24.683333333333334,put,reference-session last trade,7290.0,7784.875446624804,0.9999999999999999,75.2,75.9,78.64,534.0,100.0,573.5154466248038,-0.06567925998837744,0.17427242631149178,0.0070678293734757515,1067.571819861303,8.384553375196333,0.007853854156890015,11,train,every_3,pchip,573.5154466248049,1.1368683772161603e-12,1.0649104407456728e-15,True
2026-08-27,2026-11-20,0.2327173169062286,SPX261120P07390000,2026-08-27T19:51:52+00:00,-8.133333333333333,put,reference-session last trade,7390.0,7784.875446624804,0.9999999999999999,89.2,90.0,92.2,408.0,25.0,487.0754466248037,-0.05205507104883375,0.1641969242760681,0.006274205462139005,1175.3017784850435,8.384553375196333,0.007133957872508258,12,train,every_3,pchip,487.07544662480353,-1.7053025658242404e-13,-1.4509486814717191e-16,True
2026-08-27,2026-11-20,0.2327173169062286,SPX261120P07475000,2026-08-27T19:37:33+00:00,-22.45,put,reference-session last trade,7475.0,7784.875446624804,0.9999999999999999,104.4,105.3,108.34,3178.0,202.0,418.2154466248037,-0.04061868673219403,0.1573464970791937,0.005761596747879207,1271.3387415394502,8.384553375196333,0.006595058501122658,13,holdout,every_3,pchip,417.46725592386696,-0.7481907009367319,-0.0005885061758054788,True
2026-08-27,2026-11-20,0.2327173169062286,SPXW261120P07550000,2026-08-27T19:58:14+00:00,-1.7666666666666666,put,reference-session last trade,7550.0,7784.875446624804,0.9999999999999999,121.2,122.1,124.84,164.0,3.0,359.71544662480375,-0.03063524274801089,0.15107646143540465,0.005311562661154501,1349.7921342767659,8.384553375196333,0.006211736727662051,14,train,every_3,pchip,359.7154466247311,-7.264588930411264e-11,-5.382005677714009e-14,True
2026-08-27,2026-11-20,0.2327173169062286,SPX261120P07680000,2026-08-27T14:53:37+00:00,-306.3833333333333,put,reference-session last trade,7680.0,7784.875446624804,0.9999999999999999,156.9,157.9,165.05,181.0,35.0,269.9254466248038,-0.013563258849363376,0.1434317878573276,0.004787618371733611,1458.9055458867686,8.384553375196333,0.005747152993444781,15,train,every_3,pchip,269.9254466248039,1.1368683772161603e-13,7.792611251780087e-17,True
2026-08-27,2026-11-20,0.2327173169062286,SPXW261120P07725000,2026-08-27T15:28:04+00:00,-271.93333333333334,put,reference-session last trade,7725.0,7784.875446624804,0.9999999999999999,172.9,173.7,180.22,70.0,5.0,240.09544662480377,-0.0077209832251350806,0.13992568828247073,0.004556418481895878,1481.873427740565,8.384553375196333,0.005658076606434862,16,holdout,every_3,pchip,242.44952032601756,2.3540737012137924,0.001588579467818034,True
2026-08-27,2026-11-20,0.2327173169062286,SPX261120C07845000,2026-08-27T17:06:23+00:00,-173.61666666666667,call,reference-session last trade,7845.0,7784.875446624804,0.9999999999999999,172.5,173.6,176.4,74.0,2.0,176.4,0.007693580176051764,0.1363683657616582,0.004327688296626854,1492.9380812472377,8.384553375196333,0.0056161427459815805,17,train,every_3,pchip,176.40000000000052,5.115907697472721e-13,3.4267380286788347e-16,True
2026-08-27,2026-11-20,0.2327173169062286,SPX261120C07920000,2026-08-27T15:19:51+00:00,-280.15,call,reference-session last trade,7920.0,7784.875446624804,0.9999999999999999,137.1,138.1,134.88,61.0,6.0,134.88,0.017208399817390377,0.1290847602549084,0.0038777396387562222,1453.8499230370749,8.384553375196333,0.0057671381635327965,18,train,every_3,pchip,134.88000000008648,8.64872617967194e-11,5.948843854257566e-14,True
2026-08-27,2026-11-20,0.2327173169062286,SPX261120C07980000,2026-08-27T19:39:40+00:00,-20.333333333333332,call,reference-session last trade,7980.0,7784.875446624804,0.9999999999999999,110.6,111.6,106.91,509.0,50.0,106.91,0.024755605452773277,0.12437234580841815,0.00359978325574413,1392.4780278836718,8.384553375196333,0.006021318259462534,19,holdout,every_3,pchip,106.8622750114673,-0.04772498853269269,-3.427342304655715e-05,True
2026-08-27,2026-11-20,0.2327173169062286,SPX261120C08060000,2026-08-27T18:53:29+00:00,-66.51666666666667,call,reference-session last trade,8060.0,7784.875446624804,0.9999999999999999,81.8,82.8,77.5,33.0,1.0,77.5,0.03473075050959271,0.12013077285879092,0.0033584372893916098,1273.3397229489456,8.384553375196333,0.0065846947394199145,20,train,every_3,pchip,77.50000000001636,1.6356693777197506e-11,1.2845506570168726e-14,True
2026-08-27,2026-11-20,0.2327173169062286,SPX261120C08180000,2026-08-27T19:34:24+00:00,-25.6,call,reference-session last trade,8180.0,7784.875446624804,0.9999999999999999,50.8,51.7,48.69,19.0,1.0,48.69,0.04950934460571146,0.11846990945766293,0.003266215340142594,1054.8446982137298,8.384553375196333,0.00794861403711343,21,train,every_3,pchip,48.69000000016262,1.6262191593341413e-10,1.5416669032777763e-13,True
2026-08-27,2026-11-20,0.2327173169062286,SPXW261120C08240000,2026-08-27T16:03:14+00:00,-236.76666666666668,call,reference-session last trade,8240.0,7784.875446624804,0.9999999999999999,39.9,40.4,39.1,37.0,11.0,39.1,0.05681753791243609,0.11905190979722304,0.003298385665273432,944.5088697872729,8.384553375196333,0.008877156841401335,22,holdout,every_3,pchip,37.6449950530457,-1.455004946954304,-0.0015404883887241924,True
2026-08-27,2026-11-20,0.2327173169062286,SPXW261120C08350000,2026-08-27T18:38:21+00:00,-81.65,call,reference-session last trade,8350.0,7784.875446624804,0.9999999999999999,23.8,24.3,22.9,340.0,20.0,22.9,0.0700787328538199,0.11627193689998934,0.003146143412430893,710.66156329422,8.384553375196333,0.01179823675327303,23,train,every_3,pchip,22.899999999986445,-1.3553602684623911e-11,-1.9071810527921577e-14,True
2026-08-27,2026-11-20,0.2327173169062286,SPX261120C09100000,2026-08-27T13:44:38+00:00,-375.3666666666667,call,reference-session last trade,9100.0,7784.875446624804,0.9999999999999999,0.95,1.2,1.05,915.0,32.0,1.05,0.15609160751386011,0.12938798141564853,0.003895978719943539,71.00167418927643,8.384553375196333,0.11808951649287552,24,train,every_3,pchip,1.0499999999999543,-4.574118861455645e-14,-6.44226902208242e-16,True
2026-08-27,2027-02-19,0.48186173853524983,SPX270219P05625000,2026-08-27T20:10:10+00:00,10.166666666666666,put,reference-session last trade,5625.0,7872.481980038706,0.967163927214507,31.0,31.6,31.3,663.0,3.0,2204.983498158071,-0.3361524369242269,0.3026607405691562,0.044140233273673196,492.830920219106,1.5243562709430591,0.003093061349043097,0,train,every_3,pchip,2204.983498158071,0.0,0.0,True
2026-08-27,2027-02-19,0.48186173853524983,SPX270219P05800000,2026-08-27T19:34:42+00:00,-25.3,put,reference-session last trade,5800.0,7872.481980038706,0.967163927214507,36.0,36.6,36.56,1722.0,150.0,2040.9898108955322,-0.3055154674623372,0.28941024709015545,0.04035991577620295,566.5750106517871,1.5243562709430591,0.002690475651563668,1,holdout,every_3,pchip,2040.940714227384,-0.04909666814819502,-8.665519520833486e-05,True
2026-08-27,2027-02-19,0.48186173853524983,SPX270219P05950000,2026-08-27T18:54:37+00:00,-65.38333333333334,put,reference-session last trade,5950.0,7872.481980038706,0.967163927214507,40.9,41.5,42.25,315.0,1.0,1901.6052218133561,-0.27998216545717236,0.2788679358652692,0.03747309874075575,641.0632353701202,1.5243562709430591,0.0023778563281092956,2,train,every_3,pchip,1901.605221813065,-2.9103830456733704e-10,-4.53993129709435e-13,True
2026-08-27,2027-02-19,0.48186173853524983,SPX270219P06125000,2026-08-27T13:47:30+00:00,-372.5,put,reference-session last trade,6125.0,7872.481980038706,0.967163927214507,47.6,48.5,50.89,267.0,12.0,1740.9915345508175,-0.2509946285839201,0.26780614662511676,0.034559187575507355,744.3277019121693,1.5243562709430591,0.0020479639102871025,3,train,every_3,pchip,1740.991534550815,-2.5011104298755527e-12,-3.3602275227030092e-15,True
2026-08-27,2027-02-19,0.48186173853524983,SPX270219P06200000,2026-08-27T20:09:55+00:00,9.916666666666666,put,reference-session last trade,6200.0,7872.481980038706,0.967163927214507,51.2,51.9,52.2,1121.0,5.0,1669.7642400097293,-0.23882409296366489,0.2593762844124177,0.03241775774714329,773.2264146436344,1.5243562709430591,0.001971422913229893,4,holdout,every_3,pchip,1671.0699769023377,1.3057368926083655,0.0016886863509573133,True
2026-08-27,2027-02-19,0.48186173853524983,SPX270219P06300000,2026-08-27T17:31:38+00:00,-148.36666666666667,put,reference-session last trade,6300.0,7872.481980038706,0.967163927214507,56.1,56.9,57.04,1910.0,20.0,1577.8878472882786,-0.2228237516172237,0.2518218928126313,0.030556908318011226,833.8860953919543,1.5243562709430591,0.001828014976345853,5,train,every_3,pchip,1577.8878472882636,-1.5006662579253316e-11,-1.7996058049390646e-14,True
2026-08-27,2027-02-19,0.48186173853524983,SPX270219P06500000,2026-08-27T18:56:52+00:00,-63.13333333333333,put,reference-session last trade,6500.0,7872.481980038706,0.967163927214507,67.9,68.7,70.62,2832.0,5.0,1398.0350618453772,-0.1915712081131193,0.2391743079705626,0.02756458734675637,981.244822538543,1.5243562709430591,0.0015534922946135422,6,train,every_3,pchip,1398.035061845078,-2.992237568832934e-10,-3.049430172881651e-13,True
2026-08-27,2027-02-19,0.48186173853524983,SPX270219P06575000,2026-08-27T16:27:51+00:00,-212.15,put,reference-session last trade,6575.0,7872.481980038706,0.967163927214507,72.9,73.8,74.53,333.0,1.0,1329.4077673042893,-0.1800988069508825,0.2325202355643867,0.026052172897077473,1030.6406788117208,1.5243562709430591,0.0014790375562320796,7,holdout,every_3,pchip,1329.902717791519,0.4949504872297439,0.0004802357382210044,True
2026-08-27,2027-02-19,0.48186173853524983,SPX270219P06675000,2026-08-27T16:43:04+00:00,-196.93333333333334,put,reference-session last trade,6675.0,7872.481980038706,0.967163927214507,80.3,81.5,81.51,3536.0,2.0,1239.6713745828386,-0.16500418072839748,0.22484842048371095,0.024361393418610447,1106.9954131808793,1.5243562709430591,0.0013770213072183566,8,train,every_3,pchip,1239.6713745828338,-4.774847184307873e-12,-4.313339628560574e-15,True
2026-08-27,2027-02-19,0.48186173853524983,SPX270219P06775000,2026-08-27T19:27:40+00:00,-32.333333333333336,put,reference-session last trade,6775.0,7872.481980038706,0.967163927214507,89.1,89.8,91.52,1912.0,18.0,1152.9649818613877,-0.1501340182489462,0.21907435787166168,0.023126267139578476,1198.0692179669727,1.5243562709430591,0.0012723440750191124,9,train,every_3,pchip,1152.9649818613757,-1.2050804798491299e-11,-1.0058521342314885e-14,True
2026-08-27,2027-02-19,0.48186173853524983,SPX270219P06825000,2026-08-27T15:00:55+00:00,-299.0833333333333,put,reference-session last trade,6825.0,7872.481980038706,0.967163927214507,93.7,94.6,96.43,442.0,1.0,1109.5167855006625,-0.14278104394368735,0.21574982508272791,0.022429693952328744,1242.782207872197,1.5243562709430591,0.0012265675041751307,10,holdout,every_3,pchip,1109.575249377966,0.058463877303438494,4.704273760366764e-05,True
2026-08-27,2027-02-19,0.48186173853524983,SPX270219P07025000,2026-08-27T20:09:47+00:00,9.783333333333333,put,reference-session last trade,7025.0,7872.481980038706,0.967163927214507,115.1,115.9,117.8,447.0,16.0,937.454000057761,-0.11389816979490133,0.2015380342762291,0.01957205735728149,1426.4543387536942,1.5243562709430591,0.0010686330641854983,11,train,every_3,pchip,937.4540000577613,2.2737367544323206e-13,1.5939779442354282e-16,True
2026-08-27,2027-02-19,0.48186173853524983,SPX270219P07200000,2026-08-27T19:38:59+00:00,-21.016666666666666,put,reference-session last trade,7200.0,7872.481980038706,0.967163927214507,139.1,139.9,141.7,1621.0,142.0,792.1003127952224,-0.08929235899270115,0.18952249671657462,0.0173078842164446,1598.165970615671,1.5243562709430591,0.0009538159984446561,12,train,every_3,pchip,792.1003127953265,1.0413714335300028e-10,6.5160405907581e-14,True
2026-08-27,2027-02-19,0.48186173853524983,SPX270219P07250000,2026-08-27T19:36:46+00:00,-23.233333333333334,put,reference-session last trade,7250.0,7872.481980038706,0.967163927214507,146.5,147.6,149.7,1309.0,204.0,751.7421164344971,-0.08237191614812735,0.18620922846239213,0.01670801453952757,1648.1836316786523,1.5243562709430591,0.0009248704098526469,13,holdout,every_3,pchip,751.5242728766589,-0.2178435578382505,-0.00013217189738523239,True
2026-08-27,2027-02-19,0.48186173853524983,SPX270219P07375000,2026-08-27T17:43:05+00:00,-136.91666666666666,put,reference-session last trade,7375.0,7872.481980038706,0.967163927214507,168.7,170.0,172.16,488.0,5.0,653.3066255326837,-0.06527748278882724,0.17802498636502928,0.01527159385507822,1771.698297715044,1.5243562709430591,0.0008603926937837095,14,train,every_3,pchip,653.3066255326842,4.547473508864641e-13,2.566731319169584e-16,True
2026-08-27,2027-02-19,0.48186173853524983,SPX270219P07450000,2026-08-27T19:21:04+00:00,-38.93333333333333,put,reference-session last trade,7450.0,7872.481980038706,0.967163927214507,184.8,185.8,189.9,404.0,16.0,598.5093309915957,-0.05515935262324263,0.17446609825081522,0.01466710970907572,1845.712123134383,1.5243562709430591,0.0008258905881565115,15,train,every_3,pchip,598.5093309915916,-4.092726157978177e-12,-2.2174238911255137e-15,True
2026-08-27,2027-02-19,0.48186173853524983,SPX270219P07625000,2026-08-27T16:50:12+00:00,-189.8,put,reference-session last trade,7625.0,7872.481980038706,0.967163927214507,228.8,229.8,230.35,2399.0,6.0,469.705643729057,-0.031941062521235436,0.16227154135684385,0.012688408902508845,1990.2070503622772,1.5243562709430591,0.0007659284850114368,16,holdout,every_3,pchip,469.58440506780823,-0.12123866124875349,-6.091761217843361e-05,True
2026-08-27,2027-02-19,0.48186173853524983,SPX270219C07875000,2026-08-27T19:25:12+00:00,-34.8,call,reference-session last trade,7875.0,7872.481980038706,0.967163927214507,313.2,314.7,303.64,565.0,3.0,303.64,0.0003197996969859973,0.14461880109558828,0.010077944374913779,2106.217385348798,1.5243562709430591,0.0007237411871854907,17,train,every_3,pchip,303.6400000001825,1.8252421796205454e-10,8.665972431512704e-14,True
2026-08-27,2027-02-19,0.48186173853524983,SPX270219C08025000,2026-08-27T19:04:20+00:00,-55.666666666666664,call,reference-session last trade,8025.0,7872.481980038706,0.967163927214507,233.7,235.1,226.5,154.0,5.0,226.5,0.019188284001368752,0.13833673796474288,0.00922141366310134,2084.3897798802304,1.5243562709430591,0.0007313201617360881,18,train,every_3,pchip,226.4999999999912,-8.810729923425242e-12,-4.2270068719735854e-15,True
2026-08-27,2027-02-19,0.48186173853524983,SPX270219C08150000,2026-08-27T18:21:49+00:00,-98.18333333333334,call,reference-session last trade,8150.0,7872.481980038706,0.967163927214507,180.9,182.3,176.14,604.0,1.0,176.14,0.03464454223806064,0.13561389961510328,0.008861981764028732,2002.6961357113987,1.5243562709430591,0.0007611520508584677,19,holdout,every_3,pchip,174.73731071040993,-1.4026892895900573,-0.0007004004574522202,True
2026-08-27,2027-02-19,0.48186173853524983,SPX270219C08200000,2026-08-27T19:47:15+00:00,-12.75,call,reference-session last trade,8200.0,7872.481980038706,0.967163927214507,160.1,161.2,156.66,2209.0,4.0,156.66,0.04076076925549664,0.13374409115997282,0.008619293136088852,1952.1325091445008,1.5243562709430591,0.0007808672125495673,20,train,every_3,pchip,156.6600000000002,1.9895196601282805e-13,1.0191519534707018e-16,True
2026-08-27,2027-02-19,0.48186173853524983,SPX270219C08550000,2026-08-27T16:00:15+00:00,-239.75,call,reference-session last trade,8550.0,7872.481980038706,0.967163927214507,67.1,68.3,65.31,147.0,2.0,65.31,0.0825578979339581,0.12676579199997373,0.0077433090205694345,1413.6855523661955,1.5243562709430591,0.0010782852441206783,21,train,every_3,pchip,65.31000000000064,6.394884621840902e-13,4.523555193117229e-16,True
2026-08-27,2027-02-19,0.48186173853524983,SPX270219C08750000,2026-08-27T16:07:08+00:00,-232.86666666666667,call,reference-session last trade,8750.0,7872.481980038706,0.967163927214507,37.8,38.6,36.6,22.0,5.0,36.6,0.10568031535481238,0.12401419969290531,0.0074108030764764845,1045.3957975705653,1.5243562709430591,0.0014581618507416695,22,holdout,every_3,pchip,36.45918528091178,-0.14081471908821896,-0.00013469990927404108,True
2026-08-27,2027-02-19,0.48186173853524983,SPX270219C08850000,2026-08-27T15:01:51+00:00,-298.15,call,reference-session last trade,8850.0,7872.481980038706,0.967163927214507,27.4,28.2,27.2,104.0,28.0,27.2,0.11704407400512731,0.12331365235369457,0.00732731336563499,877.0362589931667,1.5243562709430591,0.0017380766819070999,23,train,every_3,pchip,27.199999999999505,-4.938272013532696e-13,-5.630636091604477e-16,True
2026-08-27,2027-02-19,0.48186173853524983,SPX270219C10000000,2026-08-27T14:28:13+00:00,-331.78333333333336,call,reference-session last trade,10000.0,7872.481980038706,0.967163927214507,1.3,1.7,1.45,2296.0,1.0,1.45,0.239211707979335,0.1358969720842035,0.008899016333501006,95.31234155423574,1.5243562709430591,0.015993272708295096,24,train,every_3,pchip,1.4499999999999913,-8.659739592076221e-15,-9.085643528281754e-17,True
2026-08-27,2027-08-20,0.9801505817932923,SPX270820P05750000,2026-08-27T14:30:38+00:00,-329.3666666666667,put,reference-session last trade,5750.0,8011.137643500851,0.9479231815147929,88.0,89.2,91.0,32.0,15.0,2234.384788870188,-0.33163292408872896,0.27240776241346354,0.07273304331354792,1182.2561136694133,3.361574159397918,0.0028433552768566133,0,train,every_3,pchip,2234.384788870141,-4.6838977141305804e-11,-3.961829979117629e-14,True
2026-08-27,2027-08-20,0.9801505817932923,SPX270820P05900000,2026-08-27T20:09:15+00:00,9.25,put,reference-session last trade,5900.0,8011.137643500851,0.9479231815147929,98.4,99.5,100.4,1493.0,6.0,2101.596311642969,-0.3058804279863143,0.2635725051249552,0.06809151713595715,1283.8955559852348,3.361574159397918,0.00261826138717204,1,holdout,every_3,pchip,2102.8564265124824,1.2601148695134725,0.0009814777094905407,True
2026-08-27,2027-08-20,0.9801505817932923,SPX270820P06375000,2026-08-27T20:06:10+00:00,6.166666666666667,put,reference-session last trade,6375.0,8011.137643500851,0.9479231815147929,141.4,142.4,143.7,6.0,2.0,1694.6328004234424,-0.22844868785349828,0.24005768474565528,0.056483815846541004,1673.8442623747983,3.361574159397918,0.0020082956550740395,2,train,every_3,pchip,1694.6328004234413,-1.1368683772161603e-12,-6.791960296253647e-16,True
2026-08-27,2027-08-20,0.9801505817932923,SPX270820P06450000,2026-08-27T17:39:01+00:00,-140.98333333333332,put,reference-session last trade,6450.0,8011.137643500851,0.9479231815147929,149.3,150.4,151.7,282.0,11.0,1631.538561809833,-0.2167526480903069,0.2362319831709112,0.05469784217517996,1739.6927168414031,3.361574159397918,0.0019322804118541191,3,train,every_3,pchip,1631.5385618098342,1.1368683772161603e-12,6.534880362551988e-16,True
2026-08-27,2027-08-20,0.9801505817932923,SPX270820P06800000,2026-08-27T16:27:03+00:00,-212.95,put,reference-session last trade,6800.0,8011.137643500851,0.9479231815147929,194.9,196.4,199.21,538.0,40.0,1347.2754482796554,-0.163910166715927,0.22043065949588658,0.047625198853369896,2071.7991926232,3.361574159397918,0.001622538598995048,4,holdout,every_3,pchip,1346.5542231777802,-0.721225101875234,-0.0003481153503887884,True
2026-08-27,2027-08-20,0.9801505817932923,SPX270820P06850000,2026-08-27T17:57:20+00:00,-122.66666666666667,put,reference-session last trade,6850.0,8011.137643500851,0.9479231815147929,203.3,204.7,206.5,122.0,2.0,1307.1692892039157,-0.1565841266238542,0.21792983283589482,0.04655069544223797,2118.9557083814575,3.361574159397918,0.0015864296483882722,5,train,every_3,pchip,1307.169289203915,-6.821210263296962e-13,-3.219137727285141e-16,True
2026-08-27,2027-08-20,0.9801505817932923,SPX270820P07000000,2026-08-27T19:09:08+00:00,-50.86666666666667,put,reference-session last trade,7000.0,8011.137643500851,0.9479231815147929,228.0,229.3,233.0,656.0,23.0,1191.4808119766967,-0.13492262984267478,0.21176132339071133,0.04395275344048838,2266.745653218873,3.361574159397918,0.001482995745298703,6,train,every_3,pchip,1191.4808119761642,-5.325091478880495e-10,-2.349223200811544e-13,True
2026-08-27,2027-08-20,0.9801505817932923,SPX270820P07250000,2026-08-27T18:33:15+00:00,-86.75,put,reference-session last trade,7250.0,8011.137643500851,0.9479231815147929,275.7,277.1,283.49,575.0,8.0,1004.9900165979985,-0.09983131003140472,0.20123982108038305,0.03969361445768739,2504.2025012360145,3.361574159397918,0.0013423731338574757,7,holdout,every_3,pchip,1010.654760014268,5.664743416269516,0.0022620947840574133,False
2026-08-27,2027-08-20,0.9801505817932923,SPX270820P07350000,2026-08-27T13:39:51+00:00,-380.15,put,reference-session last trade,7350.0,8011.137643500851,0.9479231815147929,297.4,298.7,311.5,147.0,4.0,938.2076984465192,-0.08613246567324277,0.19900412113593088,0.03881655086108737,2598.4295665091213,3.361574159397918,0.0012936945464002124,8,train,every_3,pchip,938.2076984465201,9.094947017729282e-13,3.5001706934654204e-16,True
2026-08-27,2027-08-20,0.9801505817932923,SPX270820P07425000,2026-08-27T18:09:28+00:00,-110.53333333333333,put,reference-session last trade,7425.0,8011.137643500851,0.9479231815147929,315.7,317.1,322.42,193.0,4.0,878.0334598329098,-0.0759800942092248,0.1930319142721049,0.03652170440537732,2655.9377483286694,3.361574159397918,0.0012656825866921362,9,train,every_3,pchip,878.0334598329101,3.410605131648481e-13,1.2841434758004811e-16,True
2026-08-27,2027-08-20,0.9801505817932923,SPX270820P07650000,2026-08-27T17:26:27+00:00,-153.55,put,reference-session last trade,7650.0,8011.137643500851,0.9479231815147929,373.7,375.2,378.4,170.0,79.0,720.7307439920813,-0.046127131059543636,0.181786829308415,0.03239049847770688,2824.7809634150985,3.361574159397918,0.0011900300246054647,10,holdout,every_3,pchip,716.1432448018954,-4.587499190185895,-0.0016240194371175982,False
2026-08-27,2027-08-20,0.9801505817932923,SPX270820P07750000,2026-08-27T20:03:19+00:00,3.316666666666667,put,reference-session last trade,7750.0,8011.137643500851,0.9479231815147929,405.3,406.6,410.4,298.0,1.0,657.938425840602,-0.033139935532732444,0.17815481934596877,0.03110913619963786,2887.1724698572957,3.361574159397918,0.0011643135955657234,11,train,every_3,pchip,657.9384258398427,-7.593143891426735e-10,-2.629958539263171e-13,True
2026-08-27,2027-08-20,0.9801505817932923,SPX270820P07850000,2026-08-27T13:39:51+00:00,-380.15,put,reference-session last trade,7850.0,8011.137643500851,0.9479231815147929,437.0,438.4,455.65,103.0,2.0,608.3961076891228,-0.020319247103670973,0.17823813879826778,0.031138241247838098,2937.933195311377,3.361574159397918,0.0011441969357106642,12,train,every_3,pchip,608.3961076891228,0.0,0.0,True
2026-08-27,2027-08-20,0.9801505817932923,SPX270820C08050000,2026-08-27T19:16:04+00:00,-43.93333333333333,call,reference-session last trade,8050.0,8011.137643500851,0.9479231815147929,490.5,492.8,479.6,195.0,2.0,479.6,0.004839312532483916,0.16575588341836048,0.02692964986675646,2995.1866025562954,3.361574159397918,0.001122325452620856,13,holdout,every_3,pchip,488.9131080396046,9.313108039604572,0.003109358205480798,False
2026-08-27,2027-08-20,0.9801505817932923,SPX270820C08200000,2026-08-27T20:14:39+00:00,14.65,call,reference-session last trade,8200.0,8011.137643500851,0.9479231815147929,411.2,414.0,403.2,263.0,2.0,403.2,0.023301375372219282,0.1608168613967989,0.02534871600713804,2992.653055208593,3.361574159397918,0.0011232756010748498,14,train,every_3,pchip,403.1999999999672,-3.2798652682686225e-11,-1.0959724390905081e-14,True
2026-08-27,2027-08-20,0.9801505817932923,SPX270820C08300000,2026-08-27T16:39:35+00:00,-200.41666666666666,call,reference-session last trade,8300.0,8011.137643500851,0.9479231815147929,364.3,366.1,359.75,3298.0,500.0,359.75,0.03542273590456412,0.1588209032245777,0.024723396002144564,2967.241325321256,3.361574159397918,0.0011328954374932644,15,train,every_3,pchip,359.75000000000034,3.410605131648481e-13,1.1494195307081141e-16,True
2026-08-27,2027-08-20,0.9801505817932923,SPX270820C08375000,2026-08-27T15:55:29+00:00,-244.51666666666668,call,reference-session last trade,8375.0,8011.137643500851,0.9479231815147929,329.0,331.0,323.22,176.0,63.0,323.22,0.044418298813141986,0.15533133458836976,0.02364890024583562,2932.7097834179417,3.361574159397918,0.0011462348502415244,16,holdout,every_3,pchip,328.11158629853884,4.891586298538812,0.0016679407987100201,False
2026-08-27,2027-08-20,0.9801505817932923,SPX270820C08550000,2026-08-27T16:44:26+00:00,-195.56666666666666,call,reference-session last trade,8550.0,8011.137643500851,0.9479231815147929,259.2,261.1,258.13,136.0,28.0,258.13,0.0650985040506807,0.15181091994476295,0.022589094697829243,2813.1680819825456,3.361574159397918,0.0011949425208282933,17,train,every_3,pchip,258.1299999999994,-5.684341886080801e-13,-2.0206193588243869e-16,True
2026-08-27,2027-08-20,0.9801505817932923,SPX270820C08675000,2026-08-27T20:14:48+00:00,14.8,call,reference-session last trade,8675.0,8011.137643500851,0.9479231815147929,215.7,217.2,210.3,36.0,4.0,210.3,0.07961254693493483,0.14676195277119924,0.02111153275749549,2679.00102125166,3.361574159397918,0.0012547864419354914,18,train,every_3,pchip,210.3000000010201,1.0200835731666302e-09,3.807701322525198e-13,True
2026-08-27,2027-08-20,0.9801505817932923,SPX270820C08850000,2026-08-27T19:59:52+00:00,-0.13333333333333333,call,reference-session last trade,8850.0,8011.137643500851,0.9479231815147929,166.0,167.4,163.9,917.0,369.0,163.9,0.0995846801218501,0.14446507881353735,0.02045589848263753,2467.5384639871822,3.361574159397918,0.0013623188487064573,19,holdout,every_3,pchip,163.44477463910803,-0.45522536089197274,-0.00018448561898256894,True
2026-08-27,2027-08-20,0.9801505817932923,SPX270820C08950000,2026-08-27T19:59:23+00:00,-0.6166666666666667,call,reference-session last trade,8950.0,8011.137643500851,0.9479231815147929,141.6,142.9,140.4,1782.0,43.0,140.4,0.11082075338877598,0.1429197492653986,0.02002060942743386,2327.0020803689777,3.361574159397918,0.0014445943936865304,20,train,every_3,pchip,140.4000000002068,2.0679635781561956e-10,8.886814479462313e-14,True
2026-08-27,2027-08-20,0.9801505817932923,SPX270820C09100000,2026-08-27T19:50:37+00:00,-9.383333333333333,call,reference-session last trade,9100.0,8011.137643500851,0.9479231815147929,111.1,112.5,107.55,132.0,1.0,107.55,0.12744163462481628,0.13952604669191365,0.019081098805091627,2083.680212345836,3.361574159397918,0.001613286981121451,21,train,every_3,pchip,107.5499999999996,-3.979039320256561e-13,-1.909620918162343e-16,True
2026-08-27,2027-08-20,0.9801505817932923,SPX270820C09300000,2026-08-27T13:36:04+00:00,-383.93333333333334,call,reference-session last trade,9300.0,8011.137643500851,0.9479231815147929,78.9,80.1,72.6,154.0,100.0,72.6,0.14918162126122222,0.13502142306451817,0.017868914216891445,1729.8094018684856,3.361574159397918,0.0019433205506727224,22,holdout,every_3,pchip,75.86951837542512,3.269518375425122,0.0018901032517764623,True
2026-08-27,2027-08-20,0.9801505817932923,SPX270820C09600000,2026-08-27T18:43:33+00:00,-76.45,call,reference-session last trade,9600.0,8011.137643500851,0.9479231815147929,46.0,46.9,44.16,437.0,20.0,44.16,0.1809303195758024,0.13435327847044043,0.017692505489392323,1298.8902120316588,3.361574159397918,0.002588035638624078,23,train,every_3,pchip,44.16000000062906,6.290648002504895e-10,4.843094469597534e-13,True
2026-08-27,2027-08-20,0.9801505817932923,SPX270820C10200000,2026-08-27T14:52:27+00:00,-307.55,call,reference-session last trade,10200.0,8011.137643500851,0.9479231815147929,14.5,15.1,13.99,817.0,2.0,13.99,0.24155494139223724,0.13179370213097683,0.017024803865454168,608.594357173919,3.361574159397918,0.005523505303282455,24,train,every_3,pchip,13.98999999969952,-3.0047964116874937e-10,-4.937272875221235e-13,True
2026-08-27,2026-09-18,0.06023271731690623,SPX260918P05475000,2026-08-27T19:59:48+00:00,-0.2,put,reference-session last trade,5475.0,7741.608398158938,0.9959553475339589,0.4,0.6,0.5,1236.0,1.0,2257.940754911775,-0.34641719369064733,0.49473259129427516,0.014742580182210712,10.821587764389916,3.1068981283412995,0.2871018741413364,0,train,every_3,sabr,2257.7164920127852,-0.22426289898976393,-0.02072365939938455,True
2026-08-27,2026-09-18,0.06023271731690623,SPX260918P05825000,2026-08-27T14:17:49+00:00,-342.18333333333334,put,reference-session last trade,5825.0,7741.608398158938,0.9959553475339589,0.75,0.9,0.95,1444.0,1.0,1909.8063832748894,-0.28445046994144757,0.44016043232058366,0.011669559304515123,20.41192024445222,3.1068981283412995,0.1522099876510015,1,holdout,every_3,sabr,1909.353203298187,-0.45317997670235854,-0.02220173169770879,True
2026-08-27,2026-09-18,0.06023271731690623,SPX260918P05960000,2026-08-27T14:20:50+00:00,-339.1666666666667,put,reference-session last trade,5960.0,7741.608398158938,0.9959553475339589,0.9,1.05,1.15,205.0,1.0,1775.552411357805,-0.2615389883159535,0.41638874372387547,0.010443123586033783,25.01610755957548,3.1068981283412995,0.12419590541583132,2,train,every_3,sabr,1775.0327152254986,-0.5196961323065352,-0.020774460258011232,True
2026-08-27,2026-09-18,0.06023271731690623,SPX260918P06080000,2026-08-27T14:28:37+00:00,-331.3833333333333,put,reference-session last trade,6080.0,7741.608398158938,0.9959553475339589,1.1,1.3,1.35,498.0,1.0,1656.2377696537299,-0.24160477341513617,0.39471778853743006,0.009384385809536882,29.800413540962495,3.1068981283412995,0.10425687965942747,3,train,every_3,sabr,1655.671415283799,-0.5663543699308775,-0.019004916463739294,True
2026-08-27,2026-09-18,0.06023271731690623,SPX260918P06140000,2026-08-27T14:38:49+00:00,-321.18333333333334,put,reference-session last trade,6140.0,7741.608398158938,0.9959553475339589,1.15,1.35,1.45,228.0,1.0,1596.5804488016925,-0.23178472723416077,0.38344024544785404,0.008855800904149027,32.340786649943965,3.1068981283412995,0.09606748784345612,4,holdout,every_3,sabr,1596.0063769136252,-0.5740718880672375,-0.017750708858166632,True
2026-08-27,2026-09-18,0.06023271731690623,SPX260918P06210000,2026-08-27T14:17:48+00:00,-342.2,put,reference-session last trade,6210.0,7741.608398158938,0.9959553475339589,1.3,1.45,1.65,494.0,1.0,1527.0635744743154,-0.22044857344782448,0.37228125547075974,0.008347853059130656,36.76524736777681,3.1068981283412995,0.08450638444675242,5,train,every_3,sabr,1526.413240642882,-0.6503338314332723,-0.017688819686910703,True
2026-08-27,2026-09-18,0.06023271731690623,SPX260918P06310000,2026-08-27T16:54:32+00:00,-185.46666666666667,put,reference-session last trade,6310.0,7741.608398158938,0.9959553475339589,1.55,1.75,1.8,976.0,151.0,1427.6180397209193,-0.2044737928400901,0.3518707211839501,0.007457593695779025,41.27606654016315,3.1068981283412995,0.07527117743446246,6,train,every_3,sabr,1427.030945410069,-0.5870943108502615,-0.014223601230969935,True
2026-08-27,2026-09-18,0.06023271731690623,SPX260918P06400000,2026-08-27T19:55:05+00:00,-4.916666666666667,put,reference-session last trade,6400.0,7741.608398158938,0.9959553475339589,1.7,1.9,2.1,17606.0,26.0,1338.282058442863,-0.19031147902758577,0.33668442847935637,0.00682776426110981,48.34204217233265,3.1068981283412995,0.06426907074520435,7,holdout,every_3,sabr,1337.632868623053,-0.6491898198100898,-0.013429093820567582,True
2026-08-27,2026-09-18,0.06023271731690623,SPX260918P06625000,2026-08-27T17:58:26+00:00,-121.56666666666666,put,reference-session last trade,6625.0,7741.608398158938,0.9959553475339589,2.45,2.6,2.93,2184.0,23.0,1115.0221052477225,-0.15575909752092598,0.2955235991128272,0.0052603760381031575,69.55115034350275,3.1068981283412995,0.04467069362615562,8,train,every_3,sabr,1114.4195106898583,-0.6025945578642222,-0.008664048759626513,True
2026-08-27,2026-09-18,0.06023271731690623,SPXW260918P06790000,2026-08-27T18:57:20+00:00,-62.666666666666664,put,reference-session last trade,6790.0,7741.608398158938,0.9959553475339589,3.4,3.6,4.13,116.0,1.0,951.8894729046191,-0.13115852782260717,0.2683594247148257,0.004337766402004075,97.28063007766478,3.1068981283412995,0.03193747949474507,9,train,every_3,sabr,951.1434355876308,-0.7460373169882359,-0.007668919459019036,True
2026-08-27,2026-09-18,0.06023271731690623,SPXW260918P06870000,2026-08-27T14:52:45+00:00,-307.25,put,reference-session last trade,6870.0,7741.608398158938,0.9959553475339589,3.8,4.0,4.5,83.0,2.0,872.5830451019025,-0.11944536315895393,0.2513219814900629,0.0038044633658097563,108.99971210524686,3.1068981283412995,0.028503727838669626,10,holdout,every_3,sabr,872.1828293992882,-0.40021570261433226,-0.0036717133915720435,True
2026-08-27,2026-09-18,0.06023271731690623,SPXW260918P06950000,2026-08-27T19:16:58+00:00,-43.03333333333333,put,reference-session last trade,6950.0,7741.608398158938,0.9959553475339589,4.6,4.8,5.3,2350.0,39.0,793.7066172991857,-0.1078678098165111,0.23715254157077256,0.003387568009353851,128.36387081276158,3.1068981283412995,0.024203836396248814,11,train,every_3,sabr,793.4133945715249,-0.2932227276608046,-0.0022843088620201784,True
2026-08-27,2026-09-18,0.06023271731690623,SPX260918P07075000,2026-08-27T19:48:03+00:00,-11.95,put,reference-session last trade,7075.0,7741.608398158938,0.9959553475339589,5.6,5.9,5.75,1995.0,4.0,669.6621988574409,-0.09004202586391061,0.20715184506967296,0.002584699554132609,150.33746127890825,3.1068981283412995,0.02066616066222734,12,train,every_3,sabr,670.8826032259457,1.2204043685047736,0.008117766244839413,True
2026-08-27,2026-09-18,0.06023271731690623,SPXW260918P07135000,2026-08-27T16:47:29+00:00,-192.51666666666668,put,reference-session last trade,7135.0,7741.608398158938,0.9959553475339589,6.8,7.1,7.7,65.0,22.0,611.8548780054034,-0.0815972184644121,0.20228996060019444,0.0024647967679995095,187.70224130524178,3.1068981283412995,0.016552269737093096,13,holdout,every_3,sabr,612.4020201826082,0.5471421772048188,0.002914947490238303,True
2026-08-27,2026-09-18,0.06023271731690623,SPX260918P07230000,2026-08-27T14:18:39+00:00,-341.35,put,reference-session last trade,7230.0,7741.608398158938,0.9959553475339589,8.4,8.8,10.8,608.0,1.0,520.3391199896772,-0.06837043322253855,0.18923011859250669,0.0021568154174284766,246.7775029685665,3.1068981283412995,0.012589875863753446,14,train,every_3,sabr,520.4627248255199,0.12360483584268422,0.0005008756242193945,True
2026-08-27,2026-09-18,0.06023271731690623,SPX260918P07285000,2026-08-27T20:10:10+00:00,10.166666666666666,put,reference-session last trade,7285.0,7741.608398158938,0.9959553475339589,10.0,10.5,11.7,659.0,37.0,466.4615758753095,-0.06079202974604377,0.17617356637166853,0.0018694504058548373,272.4720580014003,3.1068981283412995,0.011402630240805582,15,train,every_3,sabr,467.7379945722363,1.2764186969267826,0.004684585664634363,True
2026-08-27,2026-09-18,0.06023271731690623,SPXW260918P07465000,2026-08-27T18:51:55+00:00,-68.08333333333333,put,reference-session last trade,7465.0,7741.608398158938,0.9959553475339589,20.8,21.1,26.05,131.0,7.0,301.5396133191969,-0.03638403840205821,0.15499927049790516,0.0014470774122037535,469.1049744936451,3.1068981283412995,0.006623033856536919,16,holdout,every_3,sabr,299.74073691493385,-1.7988764042630692,-0.0038346990590001477,True
2026-08-27,2026-09-18,0.06023271731690623,SPXW260918P07560000,2026-08-27T17:40:01+00:00,-139.98333333333332,put,reference-session last trade,7560.0,7741.608398158938,0.9959553475339589,31.5,31.9,35.5,192.0,50.0,216.3738553034708,-0.023738279201770206,0.1357425458362577,0.0011098503833056469,578.668622640051,3.1068981283412995,0.005369045437726943,17,train,every_3,sabr,216.29545543067368,-0.0783998727971209,-0.000135483193195163,True
2026-08-27,2026-09-18,0.06023271731690623,SPXW260918C07805000,2026-08-27T19:09:31+00:00,-50.483333333333334,call,reference-session last trade,7805.0,7741.608398158938,0.9959553475339589,53.6,54.2,51.18,131.0,44.0,51.18,0.008155084574183433,0.10389965749312098,0.0006502205453747644,720.149749439073,3.1068981283412995,0.004314238990933862,18,train,every_3,sabr,50.52372955726713,-0.6562704427328683,-0.0009112971895693076,True
2026-08-27,2026-09-18,0.06023271731690623,SPX260918C07905000,2026-08-27T19:50:40+00:00,-9.333333333333334,call,reference-session last trade,7905.0,7741.608398158938,0.9959553475339589,20.5,21.2,20.04,293.0,6.0,20.04,0.02088600126822348,0.0982013774479675,0.0005808548438574127,523.9893297293258,3.1068981283412995,0.005929315640733013,19,holdout,every_3,sabr,20.809913976253817,0.7699139762538181,0.0014693314015602724,True
2026-08-27,2026-09-18,0.06023271731690623,SPXW260918C07990000,2026-08-27T17:30:18+00:00,-149.7,call,reference-session last trade,7990.0,7741.608398158938,0.9959553475339589,8.0,8.3,10.36,275.0,14.0,10.36,0.03158129038497148,0.10393223117447335,0.0006506283118190055,356.32384928487073,3.1068981283412995,0.008719310073060597,20,train,every_3,sabr,9.915273715460089,-0.4447262845399109,-0.0012480957573635914,True
2026-08-27,2026-09-18,0.06023271731690623,SPX260918C08080000,2026-08-27T17:08:38+00:00,-171.36666666666667,call,reference-session last trade,8080.0,7741.608398158938,0.9959553475339589,2.5,2.7,3.55,1444.0,1.0,3.55,0.042782403139792036,0.10212639675729217,0.0006282152501623896,179.6738468981727,3.1068981283412995,0.017291877376578266,21,train,every_3,sabr,4.969064696213842,1.4190646962138418,0.007898003636656558,True
2026-08-27,2026-09-18,0.06023271731690623,SPXW260918C08280000,2026-08-27T15:30:04+00:00,-269.93333333333334,call,reference-session last trade,8280.0,7741.608398158938,0.9959553475339589,0.6,0.75,0.78,69.0,20.0,0.78,0.06723349900395653,0.11774270265444674,0.0008350268819280386,52.112801297135604,3.1068981283412995,0.05961871269645355,22,holdout,every_3,sabr,1.493780461847083,0.7137804618470829,0.013696835404745667,True
2026-08-27,2026-09-18,0.06023271731690623,SPX260918C08380000,2026-08-27T15:56:16+00:00,-243.73333333333332,call,reference-session last trade,8380.0,7741.608398158938,0.9959553475339589,0.35,0.5,0.53,156.0,70.0,0.53,0.07923844510077975,0.1297310320851168,0.0010137251063357462,35.489441250686994,3.1068981283412995,0.08754429539747001,23,train,every_3,sabr,0.9273846717758347,0.3973846717758347,0.01119726481374632,True
2026-08-27,2026-09-18,0.06023271731690623,SPX260918C08675000,2026-08-27T17:13:13+00:00,-166.78333333333333,call,reference-session last trade,8675.0,7741.608398158938,0.9959553475339589,0.05,0.25,0.25,347.0,1.0,0.25,0.113835856439711,0.1654965318282324,0.0016497200411712775,15.733618536975712,3.1068981283412995,0.1974687590804208,24,train,every_3,sabr,0.30393151336132107,0.05393151336132107,0.0034277882887891404,True
2026-08-27,2026-11-20,0.2327173169062286,SPX261120P05500000,2026-08-27T17:45:42+00:00,-134.3,put,reference-session last trade,5500.0,7784.875446624804,0.9999999999999999,8.6,9.1,8.56,9700.0,1.0,2293.4354466248033,-0.34743471377051904,0.3536123307173027,0.029099364372354438,157.67941674060665,8.384553375196333,0.05317468537437256,0,train,every_3,sabr,2291.5826414966164,-1.8528051281869011,-0.011750456505270382,True
2026-08-27,2026-11-20,0.2327173169062286,SPX261120P05725000,2026-08-27T20:10:11+00:00,10.183333333333334,put,reference-session last trade,5725.0,7784.875446624804,0.9999999999999999,10.8,11.2,11.0,371.0,15.0,2070.8754466248033,-0.3073402565686409,0.33090219363396456,0.025481676246133962,200.68342514561533,8.384553375196333,0.041779999365231704,1,holdout,every_3,sabr,2068.6831943512784,-2.1922522735249004,-0.01092393291540748,True
2026-08-27,2026-11-20,0.2327173169062286,SPX261120P06025000,2026-08-27T19:56:06+00:00,-3.9,put,reference-session last trade,6025.0,7784.875446624804,0.9999999999999999,14.8,15.2,14.7,277.0,1.0,1774.5754466248036,-0.2562653266322255,0.29817606914045575,0.02069065653027947,268.89490765490046,8.384553375196333,0.031181525333893876,2,train,every_3,sabr,1772.6794612595556,-1.8959853652479524,-0.007051027413584413,True
2026-08-27,2026-11-20,0.2327173169062286,SPXW261120P06250000,2026-08-27T19:59:30+00:00,-0.5,put,reference-session last trade,6250.0,7784.875446624804,0.9999999999999999,19.1,19.5,19.3,128.0,15.0,1554.1754466248035,-0.21960134226063402,0.27639295177118334,0.01777798883517304,345.05583919709306,8.384553375196333,0.024299120382098926,3,train,every_3,sabr,1552.0056595507046,-2.169787074098849,-0.006288220130248208,True
2026-08-27,2026-11-20,0.2327173169062286,SPX261120P06525000,2026-08-27T19:55:48+00:00,-4.2,put,reference-session last trade,6525.0,7784.875446624804,0.9999999999999999,25.8,26.3,25.9,480.0,3.0,1285.7754466248036,-0.17654185280018714,0.24696321502264446,0.014193622214421022,456.7176739738905,8.384553375196333,0.0183582853324736,4,holdout,every_3,sabr,1284.7144931625378,-1.060953462265843,-0.002322996290103052,True
2026-08-27,2026-11-20,0.2327173169062286,SPX261120P06770000,2026-08-27T19:51:49+00:00,-8.183333333333334,put,reference-session last trade,6770.0,7784.875446624804,0.9999999999999999,35.0,35.6,35.6,236.0,1.0,1050.4754466248037,-0.13968171908476057,0.2229347339807226,0.011566026358055365,600.2142135319554,8.384553375196333,0.013969268281498203,5,train,every_3,sabr,1050.1104137619475,-0.3650328628561965,-0.0006081709740063698,True
2026-08-27,2026-11-20,0.2327173169062286,SPXW261120P06875000,2026-08-27T19:57:23+00:00,-2.6166666666666667,put,reference-session last trade,6875.0,7784.875446624804,0.9999999999999999,41.0,41.4,41.5,97.0,1.0,951.3754466248037,-0.12429116245630915,0.21327803296053283,0.01058573345434278,677.8257286798826,8.384553375196333,0.012369777393262855,6,train,every_3,sabr,951.0744039465934,-0.3010426782102513,-0.0004441299075450484,True
2026-08-27,2026-11-20,0.2327173169062286,SPX261120P06980000,2026-08-27T15:25:02+00:00,-274.96666666666664,put,reference-session last trade,6980.0,7784.875446624804,0.9999999999999999,46.7,47.5,48.29,420.0,2.0,853.1654466248036,-0.10913388923466313,0.2032480618358852,0.009613499916231963,762.6608248398801,8.384553375196333,0.0109938167821281,7,holdout,every_3,sabr,853.2668897247266,0.10144309992301714,0.0001330120764290142,True
2026-08-27,2026-11-20,0.2327173169062286,SPX261120P07040000,2026-08-27T19:35:19+00:00,-24.683333333333334,put,reference-session last trade,7040.0,7784.875446624804,0.9999999999999999,51.3,51.8,52.92,456.0,100.0,797.7954466248036,-0.10057463583899322,0.19769434029650265,0.009095303041062007,816.1021544051524,8.384553375196333,0.010273901778028926,8,train,every_3,sabr,798.045372250226,0.24992562542240648,0.00030624306537283246,True
2026-08-27,2026-11-20,0.2327173169062286,SPX261120P07130000,2026-08-27T15:01:44+00:00,-298.26666666666665,put,reference-session last trade,7130.0,7784.875446624804,0.9999999999999999,58.2,59.0,60.97,158.0,42.0,715.8454466248037,-0.08787157158273957,0.18944519540892804,0.008352103970978204,902.1770286986886,8.384553375196333,0.009293689717737901,9,train,every_3,sabr,716.3137191646018,0.46827253979813577,0.0005190472877297463,True
2026-08-27,2026-11-20,0.2327173169062286,SPX261120P07220000,2026-08-27T19:08:22+00:00,-51.63333333333333,put,reference-session last trade,7220.0,7784.875446624804,0.9999999999999999,67.2,67.8,71.1,504.0,3.0,635.9754466248037,-0.0753278531042093,0.181784363707217,0.0076902728693147415,996.73286841459,8.384553375196333,0.008412036605688402,10,holdout,every_3,sabr,636.1700135472828,0.19456692247911178,0.00019520468186083923,True
2026-08-27,2026-11-20,0.2327173169062286,SPX261120P07290000,2026-08-27T19:35:19+00:00,-24.683333333333334,put,reference-session last trade,7290.0,7784.875446624804,0.9999999999999999,75.2,75.9,78.64,534.0,100.0,573.5154466248038,-0.06567925998837744,0.17427242631149178,0.0070678293734757515,1067.571819861303,8.384553375196333,0.007853854156890015,11,train,every_3,sabr,575.1701801177895,1.6547334929857698,0.0015499973511859367,True
2026-08-27,2026-11-20,0.2327173169062286,SPX261120P07390000,2026-08-27T19:51:52+00:00,-8.133333333333333,put,reference-session last trade,7390.0,7784.875446624804,0.9999999999999999,89.2,90.0,92.2,408.0,25.0,487.0754466248037,-0.05205507104883375,0.1641969242760681,0.006274205462139005,1175.3017784850435,8.384553375196333,0.007133957872508258,12,train,every_3,sabr,490.52382050198133,3.44837387717763,0.0029340327227468013,True
2026-08-27,2026-11-20,0.2327173169062286,SPX261120P07475000,2026-08-27T19:37:33+00:00,-22.45,put,reference-session last trade,7475.0,7784.875446624804,0.9999999999999999,104.4,105.3,108.34,3178.0,202.0,418.2154466248037,-0.04061868673219403,0.1573464970791937,0.005761596747879207,1271.3387415394502,8.384553375196333,0.006595058501122658,13,holdout,every_3,sabr,421.42071516375375,3.2052685389500652,0.002521175855200354,True
2026-08-27,2026-11-20,0.2327173169062286,SPXW261120P07550000,2026-08-27T19:58:14+00:00,-1.7666666666666666,put,reference-session last trade,7550.0,7784.875446624804,0.9999999999999999,121.2,122.1,124.84,164.0,3.0,359.71544662480375,-0.03063524274801089,0.15107646143540465,0.005311562661154501,1349.7921342767659,8.384553375196333,0.006211736727662051,14,train,every_3,sabr,363.1357844449621,3.420337820158352,0.002533973738105244,True
2026-08-27,2026-11-20,0.2327173169062286,SPX261120P07680000,2026-08-27T14:53:37+00:00,-306.3833333333333,put,reference-session last trade,7680.0,7784.875446624804,0.9999999999999999,156.9,157.9,165.05,181.0,35.0,269.9254466248038,-0.013563258849363376,0.1434317878573276,0.004787618371733611,1458.9055458867686,8.384553375196333,0.005747152993444781,15,train,every_3,sabr,269.6838982972985,-0.24154832750525657,-0.00016556817416060743,True
2026-08-27,2026-11-20,0.2327173169062286,SPXW261120P07725000,2026-08-27T15:28:04+00:00,-271.93333333333334,put,reference-session last trade,7725.0,7784.875446624804,0.9999999999999999,172.9,173.7,180.22,70.0,5.0,240.09544662480377,-0.0077209832251350806,0.13992568828247073,0.004556418481895878,1481.873427740565,8.384553375196333,0.005658076606434862,16,holdout,every_3,sabr,240.05170989439736,-0.04373673040640824,-2.9514484562351794e-05,True
2026-08-27,2026-11-20,0.2327173169062286,SPX261120C07845000,2026-08-27T17:06:23+00:00,-173.61666666666667,call,reference-session last trade,7845.0,7784.875446624804,0.9999999999999999,172.5,173.6,176.4,74.0,2.0,176.4,0.007693580176051764,0.1363683657616582,0.004327688296626854,1492.9380812472377,8.384553375196333,0.0056161427459815805,17,train,every_3,sabr,169.4112137198617,-6.988786280138299,-0.004681229829906738,True
2026-08-27,2026-11-20,0.2327173169062286,SPX261120C07920000,2026-08-27T15:19:51+00:00,-280.15,call,reference-session last trade,7920.0,7784.875446624804,0.9999999999999999,137.1,138.1,134.88,61.0,6.0,134.88,0.017208399817390377,0.1290847602549084,0.0038777396387562222,1453.8499230370749,8.384553375196333,0.0057671381635327965,18,train,every_3,sabr,132.31234196433613,-2.567658035663868,-0.0017661094140308936,True
2026-08-27,2026-11-20,0.2327173169062286,SPX261120C07980000,2026-08-27T19:39:40+00:00,-20.333333333333332,call,reference-session last trade,7980.0,7784.875446624804,0.9999999999999999,110.6,111.6,106.91,509.0,50.0,106.91,0.024755605452773277,0.12437234580841815,0.00359978325574413,1392.4780278836718,8.384553375196333,0.006021318259462534,19,holdout,every_3,sabr,106.89964818887482,-0.010351811125175914,-7.434092975175267e-06,True
2026-08-27,2026-11-20,0.2327173169062286,SPX261120C08060000,2026-08-27T18:53:29+00:00,-66.51666666666667,call,reference-session last trade,8060.0,7784.875446624804,0.9999999999999999,81.8,82.8,77.5,33.0,1.0,77.5,0.03473075050959271,0.12013077285879092,0.0033584372893916098,1273.3397229489456,8.384553375196333,0.0065846947394199145,20,train,every_3,sabr,78.99043439430669,1.4904343943066891,0.0011704923418669221,True
2026-08-27,2026-11-20,0.2327173169062286,SPX261120C08180000,2026-08-27T19:34:24+00:00,-25.6,call,reference-session last trade,8180.0,7784.875446624804,0.9999999999999999,50.8,51.7,48.69,19.0,1.0,48.69,0.04950934460571146,0.11846990945766293,0.003266215340142594,1054.8446982137298,8.384553375196333,0.00794861403711343,21,train,every_3,sabr,48.969884681070646,0.2798846810706479,0.00026533259497308335,True
2026-08-27,2026-11-20,0.2327173169062286,SPXW261120C08240000,2026-08-27T16:03:14+00:00,-236.76666666666668,call,reference-session last trade,8240.0,7784.875446624804,0.9999999999999999,39.9,40.4,39.1,37.0,11.0,39.1,0.05681753791243609,0.11905190979722304,0.003298385665273432,944.5088697872729,8.384553375196333,0.008877156841401335,22,holdout,every_3,sabr,38.443814006201585,-0.6561859937984167,-0.0006947377783188063,True
2026-08-27,2026-11-20,0.2327173169062286,SPXW261120C08350000,2026-08-27T18:38:21+00:00,-81.65,call,reference-session last trade,8350.0,7784.875446624804,0.9999999999999999,23.8,24.3,22.9,340.0,20.0,22.9,0.0700787328538199,0.11627193689998934,0.003146143412430893,710.66156329422,8.384553375196333,0.01179823675327303,23,train,every_3,sabr,24.89026884541715,1.9902688454171518,0.002800586028870628,True
2026-08-27,2026-11-20,0.2327173169062286,SPX261120C09100000,2026-08-27T13:44:38+00:00,-375.3666666666667,call,reference-session last trade,9100.0,7784.875446624804,0.9999999999999999,0.95,1.2,1.05,915.0,32.0,1.05,0.15609160751386011,0.12938798141564853,0.003895978719943539,71.00167418927643,8.384553375196333,0.11808951649287552,24,train,every_3,sabr,2.628625190872412,1.578625190872412,0.022233633345942087,True
2026-08-27,2027-02-19,0.48186173853524983,SPX270219P05625000,2026-08-27T20:10:10+00:00,10.166666666666666,put,reference-session last trade,5625.0,7872.481980038706,0.967163927214507,31.0,31.6,31.3,663.0,3.0,2204.983498158071,-0.3361524369242269,0.3026607405691562,0.044140233273673196,492.830920219106,1.5243562709430591,0.003093061349043097,0,train,every_3,sabr,2204.9713643600694,-0.012133798001741525,-2.462061024163622e-05,True
2026-08-27,2027-02-19,0.48186173853524983,SPX270219P05800000,2026-08-27T19:34:42+00:00,-25.3,put,reference-session last trade,5800.0,7872.481980038706,0.967163927214507,36.0,36.6,36.56,1722.0,150.0,2040.9898108955322,-0.3055154674623372,0.28941024709015545,0.04035991577620295,566.5750106517871,1.5243562709430591,0.002690475651563668,1,holdout,every_3,sabr,2041.017645196676,0.027834301143911944,4.91273010997986e-05,True
2026-08-27,2027-02-19,0.48186173853524983,SPX270219P05950000,2026-08-27T18:54:37+00:00,-65.38333333333334,put,reference-session last trade,5950.0,7872.481980038706,0.967163927214507,40.9,41.5,42.25,315.0,1.0,1901.6052218133561,-0.27998216545717236,0.2788679358652692,0.03747309874075575,641.0632353701202,1.5243562709430591,0.0023778563281092956,2,train,every_3,sabr,1901.2553026303087,-0.34991918304740466,-0.0005458419134664267,True
2026-08-27,2027-02-19,0.48186173853524983,SPX270219P06125000,2026-08-27T13:47:30+00:00,-372.5,put,reference-session last trade,6125.0,7872.481980038706,0.967163927214507,47.6,48.5,50.89,267.0,12.0,1740.9915345508175,-0.2509946285839201,0.26780614662511676,0.034559187575507355,744.3277019121693,1.5243562709430591,0.0020479639102871025,3,train,every_3,sabr,1739.2827101862383,-1.7088243645791863,-0.0022957957364602125,False
2026-08-27,2027-02-19,0.48186173853524983,SPX270219P06200000,2026-08-27T20:09:55+00:00,9.916666666666666,put,reference-session last trade,6200.0,7872.481980038706,0.967163927214507,51.2,51.9,52.2,1121.0,5.0,1669.7642400097293,-0.23882409296366489,0.2593762844124177,0.03241775774714329,773.2264146436344,1.5243562709430591,0.001971422913229893,4,holdout,every_3,sabr,1670.2824856481539,0.5182456384245597,0.0006702378871309117,True
2026-08-27,2027-02-19,0.48186173853524983,SPX270219P06300000,2026-08-27T17:31:38+00:00,-148.36666666666667,put,reference-session last trade,6300.0,7872.481980038706,0.967163927214507,56.1,56.9,57.04,1910.0,20.0,1577.8878472882786,-0.2228237516172237,0.2518218928126313,0.030556908318011226,833.8860953919543,1.5243562709430591,0.001828014976345853,5,train,every_3,sabr,1578.7286770626504,0.8408297743717412,0.0010083268914281669,True
2026-08-27,2027-02-19,0.48186173853524983,SPX270219P06500000,2026-08-27T18:56:52+00:00,-63.13333333333333,put,reference-session last trade,6500.0,7872.481980038706,0.967163927214507,67.9,68.7,70.62,2832.0,5.0,1398.0350618453772,-0.1915712081131193,0.2391743079705626,0.02756458734675637,981.244822538543,1.5243562709430591,0.0015534922946135422,6,train,every_3,sabr,1397.4102762191205,-0.6247856262566529,-0.0006367275647277227,True
2026-08-27,2027-02-19,0.48186173853524983,SPX270219P06575000,2026-08-27T16:27:51+00:00,-212.15,put,reference-session last trade,6575.0,7872.481980038706,0.967163927214507,72.9,73.8,74.53,333.0,1.0,1329.4077673042893,-0.1800988069508825,0.2325202355643867,0.026052172897077473,1030.6406788117208,1.5243562709430591,0.0014790375562320796,7,holdout,every_3,sabr,1330.1359123134966,0.7281450092073101,0.0007064974478271383,True
2026-08-27,2027-02-19,0.48186173853524983,SPX270219P06675000,2026-08-27T16:43:04+00:00,-196.93333333333334,put,reference-session last trade,6675.0,7872.481980038706,0.967163927214507,80.3,81.5,81.51,3536.0,2.0,1239.6713745828386,-0.16500418072839748,0.22484842048371095,0.024361393418610447,1106.9954131808793,1.5243562709430591,0.0013770213072183566,8,train,every_3,sabr,1241.1543180953388,1.482943512500242,0.001339611252985322,True
2026-08-27,2027-02-19,0.48186173853524983,SPX270219P06775000,2026-08-27T19:27:40+00:00,-32.333333333333336,put,reference-session last trade,6775.0,7872.481980038706,0.967163927214507,89.1,89.8,91.52,1912.0,18.0,1152.9649818613877,-0.1501340182489462,0.21907435787166168,0.023126267139578476,1198.0692179669727,1.5243562709430591,0.0012723440750191124,9,train,every_3,sabr,1153.1001322198904,0.13515035850264212,0.00011280680320956867,True
2026-08-27,2027-02-19,0.48186173853524983,SPX270219P06825000,2026-08-27T15:00:55+00:00,-299.0833333333333,put,reference-session last trade,6825.0,7872.481980038706,0.967163927214507,93.7,94.6,96.43,442.0,1.0,1109.5167855006625,-0.14278104394368735,0.21574982508272791,0.022429693952328744,1242.782207872197,1.5243562709430591,0.0012265675041751307,10,holdout,every_3,sabr,1109.4624626867644,-0.05432281389812488,-4.3710646607286506e-05,True
2026-08-27,2027-02-19,0.48186173853524983,SPX270219P07025000,2026-08-27T20:09:47+00:00,9.783333333333333,put,reference-session last trade,7025.0,7872.481980038706,0.967163927214507,115.1,115.9,117.8,447.0,16.0,937.454000057761,-0.11389816979490133,0.2015380342762291,0.01957205735728149,1426.4543387536942,1.5243562709430591,0.0010686330641854983,11,train,every_3,sabr,937.9758441498637,0.5218440921026968,0.0003658330154182409,True
2026-08-27,2027-02-19,0.48186173853524983,SPX270219P07200000,2026-08-27T19:38:59+00:00,-21.016666666666666,put,reference-session last trade,7200.0,7872.481980038706,0.967163927214507,139.1,139.9,141.7,1621.0,142.0,792.1003127952224,-0.08929235899270115,0.18952249671657462,0.0173078842164446,1598.165970615671,1.5243562709430591,0.0009538159984446561,12,train,every_3,sabr,792.8780215841432,0.7777087889207905,0.00048662579683209566,True
2026-08-27,2027-02-19,0.48186173853524983,SPX270219P07250000,2026-08-27T19:36:46+00:00,-23.233333333333334,put,reference-session last trade,7250.0,7872.481980038706,0.967163927214507,146.5,147.6,149.7,1309.0,204.0,751.7421164344971,-0.08237191614812735,0.18620922846239213,0.01670801453952757,1648.1836316786523,1.5243562709430591,0.0009248704098526469,13,holdout,every_3,sabr,752.4656871668361,0.7235707323389988,0.00043901099272661265,True
2026-08-27,2027-02-19,0.48186173853524983,SPX270219P07375000,2026-08-27T17:43:05+00:00,-136.91666666666666,put,reference-session last trade,7375.0,7872.481980038706,0.967163927214507,168.7,170.0,172.16,488.0,5.0,653.3066255326837,-0.06527748278882724,0.17802498636502928,0.01527159385507822,1771.698297715044,1.5243562709430591,0.0008603926937837095,14,train,every_3,sabr,653.85856395149,0.5519384188063441,0.0003115307044761391,True
2026-08-27,2027-02-19,0.48186173853524983,SPX270219P07450000,2026-08-27T19:21:04+00:00,-38.93333333333333,put,reference-session last trade,7450.0,7872.481980038706,0.967163927214507,184.8,185.8,189.9,404.0,16.0,598.5093309915957,-0.05515935262324263,0.17446609825081522,0.01466710970907572,1845.712123134383,1.5243562709430591,0.0008258905881565115,15,train,every_3,sabr,596.5862460846996,-1.9230849068960651,-0.0010419202879971812,False
2026-08-27,2027-02-19,0.48186173853524983,SPX270219P07625000,2026-08-27T16:50:12+00:00,-189.8,put,reference-session last trade,7625.0,7872.481980038706,0.967163927214507,228.8,229.8,230.35,2399.0,6.0,469.705643729057,-0.031941062521235436,0.16227154135684385,0.012688408902508845,1990.2070503622772,1.5243562709430591,0.0007659284850114368,16,holdout,every_3,sabr,469.6659144542016,-0.03972927485540367,-1.996238273207391e-05,True
2026-08-27,2027-02-19,0.48186173853524983,SPX270219C07875000,2026-08-27T19:25:12+00:00,-34.8,call,reference-session last trade,7875.0,7872.481980038706,0.967163927214507,313.2,314.7,303.64,565.0,3.0,303.64,0.0003197996969859973,0.14461880109558828,0.010077944374913779,2106.217385348798,1.5243562709430591,0.0007237411871854907,17,train,every_3,sabr,309.5016948781718,5.861694878171818,0.0027830436302286516,False
2026-08-27,2027-02-19,0.48186173853524983,SPX270219C08025000,2026-08-27T19:04:20+00:00,-55.666666666666664,call,reference-session last trade,8025.0,7872.481980038706,0.967163927214507,233.7,235.1,226.5,154.0,5.0,226.5,0.019188284001368752,0.13833673796474288,0.00922141366310134,2084.3897798802304,1.5243562709430591,0.0007313201617360881,18,train,every_3,sabr,228.9834082009723,2.483408200972292,0.00119143176815758,False
2026-08-27,2027-02-19,0.48186173853524983,SPX270219C08150000,2026-08-27T18:21:49+00:00,-98.18333333333334,call,reference-session last trade,8150.0,7872.481980038706,0.967163927214507,180.9,182.3,176.14,604.0,1.0,176.14,0.03464454223806064,0.13561389961510328,0.008861981764028732,2002.6961357113987,1.5243562709430591,0.0007611520508584677,19,holdout,every_3,sabr,172.64040297470908,-3.4995970252909103,-0.001747442841121667,False
2026-08-27,2027-02-19,0.48186173853524983,SPX270219C08200000,2026-08-27T19:47:15+00:00,-12.75,call,reference-session last trade,8200.0,7872.481980038706,0.967163927214507,160.1,161.2,156.66,2209.0,4.0,156.66,0.04076076925549664,0.13374409115997282,0.008619293136088852,1952.1325091445008,1.5243562709430591,0.0007808672125495673,20,train,every_3,sabr,153.03347110177762,-3.626528898222375,-0.0018577268096475986,False
2026-08-27,2027-02-19,0.48186173853524983,SPX270219C08550000,2026-08-27T16:00:15+00:00,-239.75,call,reference-session last trade,8550.0,7872.481980038706,0.967163927214507,67.1,68.3,65.31,147.0,2.0,65.31,0.0825578979339581,0.12676579199997373,0.0077433090205694345,1413.6855523661955,1.5243562709430591,0.0010782852441206783,21,train,every_3,sabr,60.88587085296516,-4.42412914703484,-0.003129500149187937,False
2026-08-27,2027-02-19,0.48186173853524983,SPX270219C08750000,2026-08-27T16:07:08+00:00,-232.86666666666667,call,reference-session last trade,8750.0,7872.481980038706,0.967163927214507,37.8,38.6,36.6,22.0,5.0,36.6,0.10568031535481238,0.12401419969290531,0.0074108030764764845,1045.3957975705653,1.5243562709430591,0.0014581618507416695,22,holdout,every_3,sabr,35.80754124155951,-0.792458758440489,-0.0007580466272029348,True
2026-08-27,2027-02-19,0.48186173853524983,SPX270219C08850000,2026-08-27T15:01:51+00:00,-298.15,call,reference-session last trade,8850.0,7872.481980038706,0.967163927214507,27.4,28.2,27.2,104.0,28.0,27.2,0.11704407400512731,0.12331365235369457,0.00732731336563499,877.0362589931667,1.5243562709430591,0.0017380766819070999,23,train,every_3,sabr,27.827188908529042,0.6271889085290425,0.0007151231230155209,True
2026-08-27,2027-02-19,0.48186173853524983,SPX270219C10000000,2026-08-27T14:28:13+00:00,-331.78333333333336,call,reference-session last trade,10000.0,7872.481980038706,0.967163927214507,1.3,1.7,1.45,2296.0,1.0,1.45,0.239211707979335,0.1358969720842035,0.008899016333501006,95.31234155423574,1.5243562709430591,0.015993272708295096,24,train,every_3,sabr,3.4079687475373484,1.9579687475373484,0.020542657074721034,False
2026-08-27,2027-08-20,0.9801505817932923,SPX270820P05750000,2026-08-27T14:30:38+00:00,-329.3666666666667,put,reference-session last trade,5750.0,8011.137643500851,0.9479231815147929,88.0,89.2,91.0,32.0,15.0,2234.384788870188,-0.33163292408872896,0.27240776241346354,0.07273304331354792,1182.2561136694133,3.361574159397918,0.0028433552768566133,0,train,every_3,sabr,2232.989014391897,-1.3957744782910595,-0.0011806024618125604,True
2026-08-27,2027-08-20,0.9801505817932923,SPX270820P05900000,2026-08-27T20:09:15+00:00,9.25,put,reference-session last trade,5900.0,8011.137643500851,0.9479231815147929,98.4,99.5,100.4,1493.0,6.0,2101.596311642969,-0.3058804279863143,0.2635725051249552,0.06809151713595715,1283.8955559852348,3.361574159397918,0.00261826138717204,1,holdout,every_3,sabr,2101.7302334542765,0.13392181130757308,0.00010430896086777423,True
2026-08-27,2027-08-20,0.9801505817932923,SPX270820P06375000,2026-08-27T20:06:10+00:00,6.166666666666667,put,reference-session last trade,6375.0,8011.137643500851,0.9479231815147929,141.4,142.4,143.7,6.0,2.0,1694.6328004234424,-0.22844868785349828,0.24005768474565528,0.056483815846541004,1673.8442623747983,3.361574159397918,0.0020082956550740395,2,train,every_3,sabr,1695.465463664665,0.83266324122269,0.0004974556235245764,True
2026-08-27,2027-08-20,0.9801505817932923,SPX270820P06450000,2026-08-27T17:39:01+00:00,-140.98333333333332,put,reference-session last trade,6450.0,8011.137643500851,0.9479231815147929,149.3,150.4,151.7,282.0,11.0,1631.538561809833,-0.2167526480903069,0.2362319831709112,0.05469784217517996,1739.6927168414031,3.361574159397918,0.0019322804118541191,3,train,every_3,sabr,1632.8860870865255,1.3475252766925223,0.0007745766040448209,True
2026-08-27,2027-08-20,0.9801505817932923,SPX270820P06800000,2026-08-27T16:27:03+00:00,-212.95,put,reference-session last trade,6800.0,8011.137643500851,0.9479231815147929,194.9,196.4,199.21,538.0,40.0,1347.2754482796554,-0.163910166715927,0.22043065949588658,0.047625198853369896,2071.7991926232,3.361574159397918,0.001622538598995048,4,holdout,every_3,sabr,1348.0287523519014,0.75330407224601,0.0003635989795382714,True
2026-08-27,2027-08-20,0.9801505817932923,SPX270820P06850000,2026-08-27T17:57:20+00:00,-122.66666666666667,put,reference-session last trade,6850.0,8011.137643500851,0.9479231815147929,203.3,204.7,206.5,122.0,2.0,1307.1692892039157,-0.1565841266238542,0.21792983283589482,0.04655069544223797,2118.9557083814575,3.361574159397918,0.0015864296483882722,5,train,every_3,sabr,1308.4320480933748,1.2627588894590644,0.0005959345372176796,True
2026-08-27,2027-08-20,0.9801505817932923,SPX270820P07000000,2026-08-27T19:09:08+00:00,-50.86666666666667,put,reference-session last trade,7000.0,8011.137643500851,0.9479231815147929,228.0,229.3,233.0,656.0,23.0,1191.4808119766967,-0.13492262984267478,0.21176132339071133,0.04395275344048838,2266.745653218873,3.361574159397918,0.001482995745298703,6,train,every_3,sabr,1191.548479760827,0.06766778413020802,2.9852393908472685e-05,True
2026-08-27,2027-08-20,0.9801505817932923,SPX270820P07250000,2026-08-27T18:33:15+00:00,-86.75,put,reference-session last trade,7250.0,8011.137643500851,0.9479231815147929,275.7,277.1,283.49,575.0,8.0,1004.9900165979985,-0.09983131003140472,0.20123982108038305,0.03969361445768739,2504.2025012360145,3.361574159397918,0.0013423731338574757,7,holdout,every_3,sabr,1003.9330405402206,-1.056976057777888,-0.0004220809049013368,True
2026-08-27,2027-08-20,0.9801505817932923,SPX270820P07350000,2026-08-27T13:39:51+00:00,-380.15,put,reference-session last trade,7350.0,8011.137643500851,0.9479231815147929,297.4,298.7,311.5,147.0,4.0,938.2076984465192,-0.08613246567324277,0.19900412113593088,0.03881655086108737,2598.4295665091213,3.361574159397918,0.0012936945464002124,8,train,every_3,sabr,931.7648297394687,-6.442868707050479,-0.0024795240902781893,False
2026-08-27,2027-08-20,0.9801505817932923,SPX270820P07425000,2026-08-27T18:09:28+00:00,-110.53333333333333,put,reference-session last trade,7425.0,8011.137643500851,0.9479231815147929,315.7,317.1,322.42,193.0,4.0,878.0334598329098,-0.0759800942092248,0.1930319142721049,0.03652170440537732,2655.9377483286694,3.361574159397918,0.0012656825866921362,9,train,every_3,sabr,878.8456817058218,0.812221872912005,0.0003058135957528073,True
2026-08-27,2027-08-20,0.9801505817932923,SPX270820P07650000,2026-08-27T17:26:27+00:00,-153.55,put,reference-session last trade,7650.0,8011.137643500851,0.9479231815147929,373.7,375.2,378.4,170.0,79.0,720.7307439920813,-0.046127131059543636,0.181786829308415,0.03239049847770688,2824.7809634150985,3.361574159397918,0.0011900300246054647,10,holdout,every_3,sabr,726.9831824162175,6.25243842413613,0.0022134241575237283,False
2026-08-27,2027-08-20,0.9801505817932923,SPX270820P07750000,2026-08-27T20:03:19+00:00,3.316666666666667,put,reference-session last trade,7750.0,8011.137643500851,0.9479231815147929,405.3,406.6,410.4,298.0,1.0,657.938425840602,-0.033139935532732444,0.17815481934596877,0.03110913619963786,2887.1724698572957,3.361574159397918,0.0011643135955657234,11,train,every_3,sabr,663.1630926635107,5.224666822908716,0.0018096136886366736,False
2026-08-27,2027-08-20,0.9801505817932923,SPX270820P07850000,2026-08-27T13:39:51+00:00,-380.15,put,reference-session last trade,7850.0,8011.137643500851,0.9479231815147929,437.0,438.4,455.65,103.0,2.0,608.3961076891228,-0.020319247103670973,0.17823813879826778,0.031138241247838098,2937.933195311377,3.361574159397918,0.0011441969357106642,12,train,every_3,sabr,601.848831340084,-6.547276349038839,-0.002228531390532495,False
2026-08-27,2027-08-20,0.9801505817932923,SPX270820C08050000,2026-08-27T19:16:04+00:00,-43.93333333333333,call,reference-session last trade,8050.0,8011.137643500851,0.9479231815147929,490.5,492.8,479.6,195.0,2.0,479.6,0.004839312532483916,0.16575588341836048,0.02692964986675646,2995.1866025562954,3.361574159397918,0.001122325452620856,13,holdout,every_3,sabr,487.4548758530046,7.8548758530045575,0.0026224996620580077,False
2026-08-27,2027-08-20,0.9801505817932923,SPX270820C08200000,2026-08-27T20:14:39+00:00,14.65,call,reference-session last trade,8200.0,8011.137643500851,0.9479231815147929,411.2,414.0,403.2,263.0,2.0,403.2,0.023301375372219282,0.1608168613967989,0.02534871600713804,2992.653055208593,3.361574159397918,0.0011232756010748498,14,train,every_3,sabr,409.56305603468485,6.36305603468486,0.002126225766000578,False
2026-08-27,2027-08-20,0.9801505817932923,SPX270820C08300000,2026-08-27T16:39:35+00:00,-200.41666666666666,call,reference-session last trade,8300.0,8011.137643500851,0.9479231815147929,364.3,366.1,359.75,3298.0,500.0,359.75,0.03542273590456412,0.1588209032245777,0.024723396002144564,2967.241325321256,3.361574159397918,0.0011328954374932644,15,train,every_3,sabr,361.7098381585527,1.9598381585527136,0.0006604916633602515,True
2026-08-27,2027-08-20,0.9801505817932923,SPX270820C08375000,2026-08-27T15:55:29+00:00,-244.51666666666668,call,reference-session last trade,8375.0,8011.137643500851,0.9479231815147929,329.0,331.0,323.22,176.0,63.0,323.22,0.044418298813141986,0.15533133458836976,0.02364890024583562,2932.7097834179417,3.361574159397918,0.0011462348502415244,16,holdout,every_3,sabr,328.06112118342946,4.841121183429436,0.0016507331242941218,False
2026-08-27,2027-08-20,0.9801505817932923,SPX270820C08550000,2026-08-27T16:44:26+00:00,-195.56666666666666,call,reference-session last trade,8550.0,8011.137643500851,0.9479231815147929,259.2,261.1,258.13,136.0,28.0,258.13,0.0650985040506807,0.15181091994476295,0.022589094697829243,2813.1680819825456,3.361574159397918,0.0011949425208282933,17,train,every_3,sabr,257.29176930789475,-0.8382306921052418,-0.0002979668003038443,True
2026-08-27,2027-08-20,0.9801505817932923,SPX270820C08675000,2026-08-27T20:14:48+00:00,14.8,call,reference-session last trade,8675.0,8011.137643500851,0.9479231815147929,215.7,217.2,210.3,36.0,4.0,210.3,0.07961254693493483,0.14676195277119924,0.02111153275749549,2679.00102125166,3.361574159397918,0.0012547864419354914,18,train,every_3,sabr,213.51863486756983,3.2186348675698184,0.0012014309968668975,True
2026-08-27,2027-08-20,0.9801505817932923,SPX270820C08850000,2026-08-27T19:59:52+00:00,-0.13333333333333333,call,reference-session last trade,8850.0,8011.137643500851,0.9479231815147929,166.0,167.4,163.9,917.0,369.0,163.9,0.0995846801218501,0.14446507881353735,0.02045589848263753,2467.5384639871822,3.361574159397918,0.0013623188487064573,19,holdout,every_3,sabr,161.67548170292406,-2.224518297075946,-0.0009015131190625692,True
2026-08-27,2027-08-20,0.9801505817932923,SPX270820C08950000,2026-08-27T19:59:23+00:00,-0.6166666666666667,call,reference-session last trade,8950.0,8011.137643500851,0.9479231815147929,141.6,142.9,140.4,1782.0,43.0,140.4,0.11082075338877598,0.1429197492653986,0.02002060942743386,2327.0020803689777,3.361574159397918,0.0014445943936865304,20,train,every_3,sabr,136.82086953448206,-3.579130465517949,-0.001538086491504309,False
2026-08-27,2027-08-20,0.9801505817932923,SPX270820C09100000,2026-08-27T19:50:37+00:00,-9.383333333333333,call,reference-session last trade,9100.0,8011.137643500851,0.9479231815147929,111.1,112.5,107.55,132.0,1.0,107.55,0.12744163462481628,0.13952604669191365,0.019081098805091627,2083.680212345836,3.361574159397918,0.001613286981121451,21,train,every_3,sabr,105.5787121334175,-1.9712878665825002,-0.0009460606550384221,True
2026-08-27,2027-08-20,0.9801505817932923,SPX270820C09300000,2026-08-27T13:36:04+00:00,-383.93333333333334,call,reference-session last trade,9300.0,8011.137643500851,0.9479231815147929,78.9,80.1,72.6,154.0,100.0,72.6,0.14918162126122222,0.13502142306451817,0.017868914216891445,1729.8094018684856,3.361574159397918,0.0019433205506727224,22,holdout,every_3,sabr,73.89159322067415,1.2915932206741587,0.0007466679388370883,True
2026-08-27,2027-08-20,0.9801505817932923,SPX270820C09600000,2026-08-27T18:43:33+00:00,-76.45,call,reference-session last trade,9600.0,8011.137643500851,0.9479231815147929,46.0,46.9,44.16,437.0,20.0,44.16,0.1809303195758024,0.13435327847044043,0.017692505489392323,1298.8902120316588,3.361574159397918,0.002588035638624078,23,train,every_3,sabr,42.998704882845296,-1.161295117154701,-0.0008940671862776312,True
2026-08-27,2027-08-20,0.9801505817932923,SPX270820C10200000,2026-08-27T14:52:27+00:00,-307.55,call,reference-session last trade,10200.0,8011.137643500851,0.9479231815147929,14.5,15.1,13.99,817.0,2.0,13.99,0.24155494139223724,0.13179370213097683,0.017024803865454168,608.594357173919,3.361574159397918,0.005523505303282455,24,train,every_3,sabr,15.532461629455796,1.5424616294557953,0.0025344658741471107,True
2026-08-27,2026-09-18,0.06023271731690623,SPX260918P05475000,2026-08-27T19:59:48+00:00,-0.2,put,reference-session last trade,5475.0,7741.608398158938,0.9959553475339589,0.4,0.6,0.5,1236.0,1.0,2257.940754911775,-0.34641719369064733,0.49473259129427516,0.014742580182210712,10.821587764389916,3.1068981283412995,0.2871018741413364,0,train,every_3,heston,2257.440754911775,-0.5,-0.04620394076046088,True
2026-08-27,2026-09-18,0.06023271731690623,SPX260918P05825000,2026-08-27T14:17:49+00:00,-342.18333333333334,put,reference-session last trade,5825.0,7741.608398158938,0.9959553475339589,0.75,0.9,0.95,1444.0,1.0,1909.8063832748894,-0.28445046994144757,0.44016043232058366,0.011669559304515123,20.41192024445222,3.1068981283412995,0.1522099876510015,1,holdout,every_3,heston,1910.598535035191,0.7921517603015218,0.038808291959538777,True
2026-08-27,2026-09-18,0.06023271731690623,SPX260918P05960000,2026-08-27T14:20:50+00:00,-339.1666666666667,put,reference-session last trade,5960.0,7741.608398158938,0.9959553475339589,0.9,1.05,1.15,205.0,1.0,1775.552411357805,-0.2615389883159535,0.41638874372387547,0.010443123586033783,25.01610755957548,3.1068981283412995,0.12419590541583132,2,train,every_3,heston,1774.402411357805,-1.150000000000091,-0.04597038117386502,True
2026-08-27,2026-09-18,0.06023271731690623,SPX260918P06080000,2026-08-27T14:28:37+00:00,-331.3833333333333,put,reference-session last trade,6080.0,7741.608398158938,0.9959553475339589,1.1,1.3,1.35,498.0,1.0,1656.2377696537299,-0.24160477341513617,0.39471778853743006,0.009384385809536882,29.800413540962495,3.1068981283412995,0.10425687965942747,3,train,every_3,heston,1656.3342443086287,0.09647465489888418,0.0032373596012778096,True
2026-08-27,2026-09-18,0.06023271731690623,SPX260918P06140000,2026-08-27T14:38:49+00:00,-321.18333333333334,put,reference-session last trade,6140.0,7741.608398158938,0.9959553475339589,1.15,1.35,1.45,228.0,1.0,1596.5804488016925,-0.23178472723416077,0.38344024544785404,0.008855800904149027,32.340786649943965,3.1068981283412995,0.09606748784345612,4,holdout,every_3,heston,1597.038206797171,0.45775799547845963,0.014154201022789678,True
2026-08-27,2026-09-18,0.06023271731690623,SPX260918P06210000,2026-08-27T14:17:48+00:00,-342.2,put,reference-session last trade,6210.0,7741.608398158938,0.9959553475339589,1.3,1.45,1.65,494.0,1.0,1527.0635744743154,-0.22044857344782448,0.37228125547075974,0.008347853059130656,36.76524736777681,3.1068981283412995,0.08450638444675242,5,train,every_3,heston,1525.4135744743153,-1.650000000000091,-0.04487933899898757,True
2026-08-27,2026-09-18,0.06023271731690623,SPX260918P06310000,2026-08-27T16:54:32+00:00,-185.46666666666667,put,reference-session last trade,6310.0,7741.608398158938,0.9959553475339589,1.55,1.75,1.8,976.0,151.0,1427.6180397209193,-0.2044737928400901,0.3518707211839501,0.007457593695779025,41.27606654016315,3.1068981283412995,0.07527117743446246,6,train,every_3,heston,1425.8180397209194,-1.7999999999999545,-0.043608806528317993,True
2026-08-27,2026-09-18,0.06023271731690623,SPX260918P06400000,2026-08-27T19:55:05+00:00,-4.916666666666667,put,reference-session last trade,6400.0,7741.608398158938,0.9959553475339589,1.7,1.9,2.1,17606.0,26.0,1338.282058442863,-0.19031147902758577,0.33668442847935637,0.00682776426110981,48.34204217233265,3.1068981283412995,0.06426907074520435,7,holdout,every_3,heston,1338.632984871966,0.35092642910308314,0.007259238818502522,True
2026-08-27,2026-09-18,0.06023271731690623,SPX260918P06625000,2026-08-27T17:58:26+00:00,-121.56666666666666,put,reference-session last trade,6625.0,7741.608398158938,0.9959553475339589,2.45,2.6,2.93,2184.0,23.0,1115.0221052477225,-0.15575909752092598,0.2955235991128272,0.0052603760381031575,69.55115034350275,3.1068981283412995,0.04467069362615562,8,train,every_3,heston,1113.3639038944002,-1.6582013533222835,-0.023841465527639362,True
2026-08-27,2026-09-18,0.06023271731690623,SPXW260918P06790000,2026-08-27T18:57:20+00:00,-62.666666666666664,put,reference-session last trade,6790.0,7741.608398158938,0.9959553475339589,3.4,3.6,4.13,116.0,1.0,951.8894729046191,-0.13115852782260717,0.2683594247148257,0.004337766402004075,97.28063007766478,3.1068981283412995,0.03193747949474507,9,train,every_3,heston,948.501600180283,-3.3878727243360345,-0.034825768723242216,False
2026-08-27,2026-09-18,0.06023271731690623,SPXW260918P06870000,2026-08-27T14:52:45+00:00,-307.25,put,reference-session last trade,6870.0,7741.608398158938,0.9959553475339589,3.8,4.0,4.5,83.0,2.0,872.5830451019025,-0.11944536315895393,0.2513219814900629,0.0038044633658097563,108.99971210524686,3.1068981283412995,0.028503727838669626,10,holdout,every_3,heston,868.7331012672718,-3.8499438346307215,-0.03532067892907213,False
2026-08-27,2026-09-18,0.06023271731690623,SPXW260918P06950000,2026-08-27T19:16:58+00:00,-43.03333333333333,put,reference-session last trade,6950.0,7741.608398158938,0.9959553475339589,4.6,4.8,5.3,2350.0,39.0,793.7066172991857,-0.1078678098165111,0.23715254157077256,0.003387568009353851,128.36387081276158,3.1068981283412995,0.024203836396248814,11,train,every_3,heston,793.1969477700259,-0.5096695291598508,-0.003970506077237901,True
2026-08-27,2026-09-18,0.06023271731690623,SPX260918P07075000,2026-08-27T19:48:03+00:00,-11.95,put,reference-session last trade,7075.0,7741.608398158938,0.9959553475339589,5.6,5.9,5.75,1995.0,4.0,669.6621988574409,-0.09004202586391061,0.20715184506967296,0.002584699554132609,150.33746127890825,3.1068981283412995,0.02066616066222734,12,train,every_3,heston,669.8149166802675,0.1527178228266166,0.0010158334557964384,True
2026-08-27,2026-09-18,0.06023271731690623,SPXW260918P07135000,2026-08-27T16:47:29+00:00,-192.51666666666668,put,reference-session last trade,7135.0,7741.608398158938,0.9959553475339589,6.8,7.1,7.7,65.0,22.0,611.8548780054034,-0.0815972184644121,0.20228996060019444,0.0024647967679995095,187.70224130524178,3.1068981283412995,0.016552269737093096,13,holdout,every_3,heston,609.6019196469325,-2.2529583584708917,-0.012002831414288368,True
2026-08-27,2026-09-18,0.06023271731690623,SPX260918P07230000,2026-08-27T14:18:39+00:00,-341.35,put,reference-session last trade,7230.0,7741.608398158938,0.9959553475339589,8.4,8.8,10.8,608.0,1.0,520.3391199896772,-0.06837043322253855,0.18923011859250669,0.0021568154174284766,246.7775029685665,3.1068981283412995,0.012589875863753446,14,train,every_3,heston,520.287843464311,-0.05127652536623373,-0.00020778444043485244,True
2026-08-27,2026-09-18,0.06023271731690623,SPX260918P07285000,2026-08-27T20:10:10+00:00,10.166666666666666,put,reference-session last trade,7285.0,7741.608398158938,0.9959553475339589,10.0,10.5,11.7,659.0,37.0,466.4615758753095,-0.06079202974604377,0.17617356637166853,0.0018694504058548373,272.4720580014003,3.1068981283412995,0.011402630240805582,15,train,every_3,heston,470.2653930060003,3.8038171306907884,0.013960393438475955,False
2026-08-27,2026-09-18,0.06023271731690623,SPXW260918P07465000,2026-08-27T18:51:55+00:00,-68.08333333333333,put,reference-session last trade,7465.0,7741.608398158938,0.9959553475339589,20.8,21.1,26.05,131.0,7.0,301.5396133191969,-0.03638403840205821,0.15499927049790516,0.0014470774122037535,469.1049744936451,3.1068981283412995,0.006623033856536919,16,holdout,every_3,heston,301.26074030473063,-0.278873014466285,-0.0005944789111803862,True
2026-08-27,2026-09-18,0.06023271731690623,SPXW260918P07560000,2026-08-27T17:40:01+00:00,-139.98333333333332,put,reference-session last trade,7560.0,7741.608398158938,0.9959553475339589,31.5,31.9,35.5,192.0,50.0,216.3738553034708,-0.023738279201770206,0.1357425458362577,0.0011098503833056469,578.668622640051,3.1068981283412995,0.005369045437726943,17,train,every_3,heston,221.20421841784054,4.830363114369732,0.008347373480062285,False
2026-08-27,2026-09-18,0.06023271731690623,SPXW260918C07805000,2026-08-27T19:09:31+00:00,-50.483333333333334,call,reference-session last trade,7805.0,7741.608398158938,0.9959553475339589,53.6,54.2,51.18,131.0,44.0,51.18,0.008155084574183433,0.10389965749312098,0.0006502205453747644,720.149749439073,3.1068981283412995,0.004314238990933862,18,train,every_3,heston,49.5633545063258,-1.6166454936741985,-0.002244874062559084,True
2026-08-27,2026-09-18,0.06023271731690623,SPX260918C07905000,2026-08-27T19:50:40+00:00,-9.333333333333334,call,reference-session last trade,7905.0,7741.608398158938,0.9959553475339589,20.5,21.2,20.04,293.0,6.0,20.04,0.02088600126822348,0.0982013774479675,0.0005808548438574127,523.9893297293258,3.1068981283412995,0.005929315640733013,19,holdout,every_3,heston,18.45158768692451,-1.5884123130754908,-0.0030313829365495055,True
2026-08-27,2026-09-18,0.06023271731690623,SPXW260918C07990000,2026-08-27T17:30:18+00:00,-149.7,call,reference-session last trade,7990.0,7741.608398158938,0.9959553475339589,8.0,8.3,10.36,275.0,14.0,10.36,0.03158129038497148,0.10393223117447335,0.0006506283118190055,356.32384928487073,3.1068981283412995,0.008719310073060597,20,train,every_3,heston,9.911516947732974,-0.4484830522670258,-0.001258638884731166,True
2026-08-27,2026-09-18,0.06023271731690623,SPX260918C08080000,2026-08-27T17:08:38+00:00,-171.36666666666667,call,reference-session last trade,8080.0,7741.608398158938,0.9959553475339589,2.5,2.7,3.55,1444.0,1.0,3.55,0.042782403139792036,0.10212639675729217,0.0006282152501623896,179.6738468981727,3.1068981283412995,0.017291877376578266,21,train,every_3,heston,4.399055125016991,0.8490551250169913,0.0047255354058188545,True
2026-08-27,2026-09-18,0.06023271731690623,SPXW260918C08280000,2026-08-27T15:30:04+00:00,-269.93333333333334,call,reference-session last trade,8280.0,7741.608398158938,0.9959553475339589,0.6,0.75,0.78,69.0,20.0,0.78,0.06723349900395653,0.11774270265444674,0.0008350268819280386,52.112801297135604,3.1068981283412995,0.05961871269645355,22,holdout,every_3,heston,0.1654724089152302,-0.6145275910847698,-0.011792257867330335,True
2026-08-27,2026-09-18,0.06023271731690623,SPX260918C08380000,2026-08-27T15:56:16+00:00,-243.73333333333332,call,reference-session last trade,8380.0,7741.608398158938,0.9959553475339589,0.35,0.5,0.53,156.0,70.0,0.53,0.07923844510077975,0.1297310320851168,0.0010137251063357462,35.489441250686994,3.1068981283412995,0.08754429539747001,23,train,every_3,heston,2.580990416900416,2.050990416900416,0.05779156686105092,True
2026-08-27,2026-09-18,0.06023271731690623,SPX260918C08675000,2026-08-27T17:13:13+00:00,-166.78333333333333,call,reference-session last trade,8675.0,7741.608398158938,0.9959553475339589,0.05,0.25,0.25,347.0,1.0,0.25,0.113835856439711,0.1654965318282324,0.0016497200411712775,15.733618536975712,3.1068981283412995,0.1974687590804208,24,train,every_3,heston,0.3164164128735518,0.06641641287355182,0.004221305653080761,True
2026-08-27,2026-11-20,0.2327173169062286,SPX261120P05500000,2026-08-27T17:45:42+00:00,-134.3,put,reference-session last trade,5500.0,7784.875446624804,0.9999999999999999,8.6,9.1,8.56,9700.0,1.0,2293.4354466248033,-0.34743471377051904,0.3536123307173027,0.029099364372354438,157.67941674060665,8.384553375196333,0.05317468537437256,0,train,every_3,heston,2289.3020015852985,-4.13344503950475,-0.02621423344243179,True
2026-08-27,2026-11-20,0.2327173169062286,SPX261120P05725000,2026-08-27T20:10:11+00:00,10.183333333333334,put,reference-session last trade,5725.0,7784.875446624804,0.9999999999999999,10.8,11.2,11.0,371.0,15.0,2070.8754466248033,-0.3073402565686409,0.33090219363396456,0.025481676246133962,200.68342514561533,8.384553375196333,0.041779999365231704,1,holdout,every_3,heston,2066.4933944490062,-4.382052175797071,-0.02183564573216481,True
2026-08-27,2026-11-20,0.2327173169062286,SPX261120P06025000,2026-08-27T19:56:06+00:00,-3.9,put,reference-session last trade,6025.0,7784.875446624804,0.9999999999999999,14.8,15.2,14.7,277.0,1.0,1774.5754466248036,-0.2562653266322255,0.29817606914045575,0.02069065653027947,268.89490765490046,8.384553375196333,0.031181525333893876,2,train,every_3,heston,1770.6699641467756,-3.905482478028034,-0.014524196505202425,True
2026-08-27,2026-11-20,0.2327173169062286,SPXW261120P06250000,2026-08-27T19:59:30+00:00,-0.5,put,reference-session last trade,6250.0,7784.875446624804,0.9999999999999999,19.1,19.5,19.3,128.0,15.0,1554.1754466248035,-0.21960134226063402,0.27639295177118334,0.01777798883517304,345.05583919709306,8.384553375196333,0.024299120382098926,3,train,every_3,heston,1550.6085008239295,-3.5669458008740094,-0.010337300215448895,True
2026-08-27,2026-11-20,0.2327173169062286,SPX261120P06525000,2026-08-27T19:55:48+00:00,-4.2,put,reference-session last trade,6525.0,7784.875446624804,0.9999999999999999,25.8,26.3,25.9,480.0,3.0,1285.7754466248036,-0.17654185280018714,0.24696321502264446,0.014193622214421022,456.7176739738905,8.384553375196333,0.0183582853324736,4,holdout,every_3,heston,1284.2388393433182,-1.5366072814854306,-0.003364457670567999,True
2026-08-27,2026-11-20,0.2327173169062286,SPX261120P06770000,2026-08-27T19:51:49+00:00,-8.183333333333334,put,reference-session last trade,6770.0,7784.875446624804,0.9999999999999999,35.0,35.6,35.6,236.0,1.0,1050.4754466248037,-0.13968171908476057,0.2229347339807226,0.011566026358055365,600.2142135319554,8.384553375196333,0.013969268281498203,5,train,every_3,heston,1050.5239039327641,0.04845730796046155,8.073335630510138e-05,True
2026-08-27,2026-11-20,0.2327173169062286,SPXW261120P06875000,2026-08-27T19:57:23+00:00,-2.6166666666666667,put,reference-session last trade,6875.0,7784.875446624804,0.9999999999999999,41.0,41.4,41.5,97.0,1.0,951.3754466248037,-0.12429116245630915,0.21327803296053283,0.01058573345434278,677.8257286798826,8.384553375196333,0.012369777393262855,6,train,every_3,heston,951.938530413733,0.5630837889293616,0.000830720589532667,True
2026-08-27,2026-11-20,0.2327173169062286,SPX261120P06980000,2026-08-27T15:25:02+00:00,-274.96666666666664,put,reference-session last trade,6980.0,7784.875446624804,0.9999999999999999,46.7,47.5,48.29,420.0,2.0,853.1654466248036,-0.10913388923466313,0.2032480618358852,0.009613499916231963,762.6608248398801,8.384553375196333,0.0109938167821281,7,holdout,every_3,heston,854.1524468557753,0.9870002309717165,0.0012941535723680789,True
2026-08-27,2026-11-20,0.2327173169062286,SPX261120P07040000,2026-08-27T19:35:19+00:00,-24.683333333333334,put,reference-session last trade,7040.0,7784.875446624804,0.9999999999999999,51.3,51.8,52.92,456.0,100.0,797.7954466248036,-0.10057463583899322,0.19769434029650265,0.009095303041062007,816.1021544051524,8.384553375196333,0.010273901778028926,8,train,every_3,heston,799.1531895189618,1.3577428941581502,0.0016636923292376229,True
2026-08-27,2026-11-20,0.2327173169062286,SPX261120P07130000,2026-08-27T15:01:44+00:00,-298.26666666666665,put,reference-session last trade,7130.0,7784.875446624804,0.9999999999999999,58.2,59.0,60.97,158.0,42.0,715.8454466248037,-0.08787157158273957,0.18944519540892804,0.008352103970978204,902.1770286986886,8.384553375196333,0.009293689717737901,9,train,every_3,heston,717.7204476145843,1.875000989780574,0.0020783071726899307,True
2026-08-27,2026-11-20,0.2327173169062286,SPX261120P07220000,2026-08-27T19:08:22+00:00,-51.63333333333333,put,reference-session last trade,7220.0,7784.875446624804,0.9999999999999999,67.2,67.8,71.1,504.0,3.0,635.9754466248037,-0.0753278531042093,0.181784363707217,0.0076902728693147415,996.73286841459,8.384553375196333,0.008412036605688402,10,holdout,every_3,heston,637.1984146529002,1.2229680280964885,0.0012269767225011347,True
2026-08-27,2026-11-20,0.2327173169062286,SPX261120P07290000,2026-08-27T19:35:19+00:00,-24.683333333333334,put,reference-session last trade,7290.0,7784.875446624804,0.9999999999999999,75.2,75.9,78.64,534.0,100.0,573.5154466248038,-0.06567925998837744,0.17427242631149178,0.0070678293734757515,1067.571819861303,8.384553375196333,0.007853854156890015,11,train,every_3,heston,575.6280345722479,2.1125879474441263,0.0019788719673385436,True
2026-08-27,2026-11-20,0.2327173169062286,SPX261120P07390000,2026-08-27T19:51:52+00:00,-8.133333333333333,put,reference-session last trade,7390.0,7784.875446624804,0.9999999999999999,89.2,90.0,92.2,408.0,25.0,487.0754466248037,-0.05205507104883375,0.1641969242760681,0.006274205462139005,1175.3017784850435,8.384553375196333,0.007133957872508258,12,train,every_3,heston,490.1938550363247,3.1184084115209885,0.002653283155531847,True
2026-08-27,2026-11-20,0.2327173169062286,SPX261120P07475000,2026-08-27T19:37:33+00:00,-22.45,put,reference-session last trade,7475.0,7784.875446624804,0.9999999999999999,104.4,105.3,108.34,3178.0,202.0,418.2154466248037,-0.04061868673219403,0.1573464970791937,0.005761596747879207,1271.3387415394502,8.384553375196333,0.006595058501122658,13,holdout,every_3,heston,419.9077122352964,1.6922656104927114,0.0013310894690769554,True
2026-08-27,2026-11-20,0.2327173169062286,SPXW261120P07550000,2026-08-27T19:58:14+00:00,-1.7666666666666666,put,reference-session last trade,7550.0,7784.875446624804,0.9999999999999999,121.2,122.1,124.84,164.0,3.0,359.71544662480375,-0.03063524274801089,0.15107646143540465,0.005311562661154501,1349.7921342767659,8.384553375196333,0.006211736727662051,14,train,every_3,heston,359.7895027326521,0.0740561078483779,5.486482397384692e-05,True
2026-08-27,2026-11-20,0.2327173169062286,SPX261120P07680000,2026-08-27T14:53:37+00:00,-306.3833333333333,put,reference-session last trade,7680.0,7784.875446624804,0.9999999999999999,156.9,157.9,165.05,181.0,35.0,269.9254466248038,-0.013563258849363376,0.1434317878573276,0.004787618371733611,1458.9055458867686,8.384553375196333,0.005747152993444781,15,train,every_3,heston,262.30207716579474,-7.623369459009041,-0.00522540302934781,True
2026-08-27,2026-11-20,0.2327173169062286,SPXW261120P07725000,2026-08-27T15:28:04+00:00,-271.93333333333334,put,reference-session last trade,7725.0,7784.875446624804,0.9999999999999999,172.9,173.7,180.22,70.0,5.0,240.09544662480377,-0.0077209832251350806,0.13992568828247073,0.004556418481895878,1481.873427740565,8.384553375196333,0.005658076606434862,16,holdout,every_3,heston,231.23341406810047,-8.862032556703298,-0.005980289808027245,False
2026-08-27,2026-11-20,0.2327173169062286,SPX261120C07845000,2026-08-27T17:06:23+00:00,-173.61666666666667,call,reference-session last trade,7845.0,7784.875446624804,0.9999999999999999,172.5,173.6,176.4,74.0,2.0,176.4,0.007693580176051764,0.1363683657616582,0.004327688296626854,1492.9380812472377,8.384553375196333,0.0056161427459815805,17,train,every_3,heston,156.71336140626678,-19.68663859373322,-0.013186507090291724,False
2026-08-27,2026-11-20,0.2327173169062286,SPX261120C07920000,2026-08-27T15:19:51+00:00,-280.15,call,reference-session last trade,7920.0,7784.875446624804,0.9999999999999999,137.1,138.1,134.88,61.0,6.0,134.88,0.017208399817390377,0.1290847602549084,0.0038777396387562222,1453.8499230370749,8.384553375196333,0.0057671381635327965,18,train,every_3,heston,117.82053104479745,-17.059468955202547,-0.011733995844334141,False
2026-08-27,2026-11-20,0.2327173169062286,SPX261120C07980000,2026-08-27T19:39:40+00:00,-20.333333333333332,call,reference-session last trade,7980.0,7784.875446624804,0.9999999999999999,110.6,111.6,106.91,509.0,50.0,106.91,0.024755605452773277,0.12437234580841815,0.00359978325574413,1392.4780278836718,8.384553375196333,0.006021318259462534,19,holdout,every_3,heston,92.02746882923883,-14.882531170761169,-0.010687803234769937,False
2026-08-27,2026-11-20,0.2327173169062286,SPX261120C08060000,2026-08-27T18:53:29+00:00,-66.51666666666667,call,reference-session last trade,8060.0,7784.875446624804,0.9999999999999999,81.8,82.8,77.5,33.0,1.0,77.5,0.03473075050959271,0.12013077285879092,0.0033584372893916098,1273.3397229489456,8.384553375196333,0.0065846947394199145,20,train,every_3,heston,65.4012500660592,-12.098749933940795,-0.009501588394588938,False
2026-08-27,2026-11-20,0.2327173169062286,SPX261120C08180000,2026-08-27T19:34:24+00:00,-25.6,call,reference-session last trade,8180.0,7784.875446624804,0.9999999999999999,50.8,51.7,48.69,19.0,1.0,48.69,0.04950934460571146,0.11846990945766293,0.003266215340142594,1054.8446982137298,8.384553375196333,0.00794861403711343,21,train,every_3,heston,39.395863211362204,-9.294136788637793,-0.008810905344053443,False
2026-08-27,2026-11-20,0.2327173169062286,SPXW261120C08240000,2026-08-27T16:03:14+00:00,-236.76666666666668,call,reference-session last trade,8240.0,7784.875446624804,0.9999999999999999,39.9,40.4,39.1,37.0,11.0,39.1,0.05681753791243609,0.11905190979722304,0.003298385665273432,944.5088697872729,8.384553375196333,0.008877156841401335,22,holdout,every_3,heston,30.735667844289875,-8.364332155710127,-0.008855747598848896,True
2026-08-27,2026-11-20,0.2327173169062286,SPXW261120C08350000,2026-08-27T18:38:21+00:00,-81.65,call,reference-session last trade,8350.0,7784.875446624804,0.9999999999999999,23.8,24.3,22.9,340.0,20.0,22.9,0.0700787328538199,0.11627193689998934,0.003146143412430893,710.66156329422,8.384553375196333,0.01179823675327303,23,train,every_3,heston,19.735440658224203,-3.164559341775796,-0.004452976642083626,True
2026-08-27,2026-11-20,0.2327173169062286,SPX261120C09100000,2026-08-27T13:44:38+00:00,-375.3666666666667,call,reference-session last trade,9100.0,7784.875446624804,0.9999999999999999,0.95,1.2,1.05,915.0,32.0,1.05,0.15609160751386011,0.12938798141564853,0.003895978719943539,71.00167418927643,8.384553375196333,0.11808951649287552,24,train,every_3,heston,1.5788869976692366,0.5288869976692365,0.0074489369963210775,True
2026-08-27,2027-02-19,0.48186173853524983,SPX270219P05625000,2026-08-27T20:10:10+00:00,10.166666666666666,put,reference-session last trade,5625.0,7872.481980038706,0.967163927214507,31.0,31.6,31.3,663.0,3.0,2204.983498158071,-0.3361524369242269,0.3026607405691562,0.044140233273673196,492.830920219106,1.5243562709430591,0.003093061349043097,0,train,every_3,heston,2200.468650843284,-4.514847314786948,-0.009161047185878084,False
2026-08-27,2027-02-19,0.48186173853524983,SPX270219P05800000,2026-08-27T19:34:42+00:00,-25.3,put,reference-session last trade,5800.0,7872.481980038706,0.967163927214507,36.0,36.6,36.56,1722.0,150.0,2040.9898108955322,-0.3055154674623372,0.28941024709015545,0.04035991577620295,566.5750106517871,1.5243562709430591,0.002690475651563668,1,holdout,every_3,heston,2036.9662634567578,-4.023547438774358,-0.007101526475983603,False
2026-08-27,2027-02-19,0.48186173853524983,SPX270219P05950000,2026-08-27T18:54:37+00:00,-65.38333333333334,put,reference-session last trade,5950.0,7872.481980038706,0.967163927214507,40.9,41.5,42.25,315.0,1.0,1901.6052218133561,-0.27998216545717236,0.2788679358652692,0.03747309874075575,641.0632353701202,1.5243562709430591,0.0023778563281092956,2,train,every_3,heston,1897.706969642576,-3.898252170780097,-0.006080916757813177,False
2026-08-27,2027-02-19,0.48186173853524983,SPX270219P06125000,2026-08-27T13:47:30+00:00,-372.5,put,reference-session last trade,6125.0,7872.481980038706,0.967163927214507,47.6,48.5,50.89,267.0,12.0,1740.9915345508175,-0.2509946285839201,0.26780614662511676,0.034559187575507355,744.3277019121693,1.5243562709430591,0.0020479639102871025,3,train,every_3,heston,1736.4361169534543,-4.555417597363203,-0.006120177424084025,False
2026-08-27,2027-02-19,0.48186173853524983,SPX270219P06200000,2026-08-27T20:09:55+00:00,9.916666666666666,put,reference-session last trade,6200.0,7872.481980038706,0.967163927214507,51.2,51.9,52.2,1121.0,5.0,1669.7642400097293,-0.23882409296366489,0.2593762844124177,0.03241775774714329,773.2264146436344,1.5243562709430591,0.001971422913229893,4,holdout,every_3,heston,1667.7736595770339,-1.990580432695424,-0.002574382347779525,False
2026-08-27,2027-02-19,0.48186173853524983,SPX270219P06300000,2026-08-27T17:31:38+00:00,-148.36666666666667,put,reference-session last trade,6300.0,7872.481980038706,0.967163927214507,56.1,56.9,57.04,1910.0,20.0,1577.8878472882786,-0.2228237516172237,0.2518218928126313,0.030556908318011226,833.8860953919543,1.5243562709430591,0.001828014976345853,5,train,every_3,heston,1576.6907891000924,-1.1970581881862472,-0.0014355176262095962,True
2026-08-27,2027-02-19,0.48186173853524983,SPX270219P06500000,2026-08-27T18:56:52+00:00,-63.13333333333333,put,reference-session last trade,6500.0,7872.481980038706,0.967163927214507,67.9,68.7,70.62,2832.0,5.0,1398.0350618453772,-0.1915712081131193,0.2391743079705626,0.02756458734675637,981.244822538543,1.5243562709430591,0.0015534922946135422,6,train,every_3,heston,1396.4196387714737,-1.6154230739034574,-0.0016462997172553276,False
2026-08-27,2027-02-19,0.48186173853524983,SPX270219P06575000,2026-08-27T16:27:51+00:00,-212.15,put,reference-session last trade,6575.0,7872.481980038706,0.967163927214507,72.9,73.8,74.53,333.0,1.0,1329.4077673042893,-0.1800988069508825,0.2325202355643867,0.026052172897077473,1030.6406788117208,1.5243562709430591,0.0014790375562320796,7,holdout,every_3,heston,1329.5449841735588,0.13721686926942311,0.00013313744750268112,True
2026-08-27,2027-02-19,0.48186173853524983,SPX270219P06675000,2026-08-27T16:43:04+00:00,-196.93333333333334,put,reference-session last trade,6675.0,7872.481980038706,0.967163927214507,80.3,81.5,81.51,3536.0,2.0,1239.6713745828386,-0.16500418072839748,0.22484842048371095,0.024361393418610447,1106.9954131808793,1.5243562709430591,0.0013770213072183566,8,train,every_3,heston,1241.111894990992,1.4405204081533611,0.001301288506710357,True
2026-08-27,2027-02-19,0.48186173853524983,SPX270219P06775000,2026-08-27T19:27:40+00:00,-32.333333333333336,put,reference-session last trade,6775.0,7872.481980038706,0.967163927214507,89.1,89.8,91.52,1912.0,18.0,1152.9649818613877,-0.1501340182489462,0.21907435787166168,0.023126267139578476,1198.0692179669727,1.5243562709430591,0.0012723440750191124,9,train,every_3,heston,1153.5925862307133,0.6276043693255815,0.0005238465022835456,True
2026-08-27,2027-02-19,0.48186173853524983,SPX270219P06825000,2026-08-27T15:00:55+00:00,-299.0833333333333,put,reference-session last trade,6825.0,7872.481980038706,0.967163927214507,93.7,94.6,96.43,442.0,1.0,1109.5167855006625,-0.14278104394368735,0.21574982508272791,0.022429693952328744,1242.782207872197,1.5243562709430591,0.0012265675041751307,10,holdout,every_3,heston,1110.2055137383618,0.6887282376992516,0.0005541825698313166,True
2026-08-27,2027-02-19,0.48186173853524983,SPX270219P07025000,2026-08-27T20:09:47+00:00,9.783333333333333,put,reference-session last trade,7025.0,7872.481980038706,0.967163927214507,115.1,115.9,117.8,447.0,16.0,937.454000057761,-0.11389816979490133,0.2015380342762291,0.01957205735728149,1426.4543387536942,1.5243562709430591,0.0010686330641854983,11,train,every_3,heston,939.60874785658,2.154747798818903,0.0015105620560567857,False
2026-08-27,2027-02-19,0.48186173853524983,SPX270219P07200000,2026-08-27T19:38:59+00:00,-21.016666666666666,put,reference-session last trade,7200.0,7872.481980038706,0.967163927214507,139.1,139.9,141.7,1621.0,142.0,792.1003127952224,-0.08929235899270115,0.18952249671657462,0.0173078842164446,1598.165970615671,1.5243562709430591,0.0009538159984446561,12,train,every_3,heston,794.9698614979399,2.869548702717452,0.0017955260939588138,False
2026-08-27,2027-02-19,0.48186173853524983,SPX270219P07250000,2026-08-27T19:36:46+00:00,-23.233333333333334,put,reference-session last trade,7250.0,7872.481980038706,0.967163927214507,146.5,147.6,149.7,1309.0,204.0,751.7421164344971,-0.08237191614812735,0.18620922846239213,0.01670801453952757,1648.1836316786523,1.5243562709430591,0.0009248704098526469,13,holdout,every_3,heston,754.614217123536,2.8721006890389162,0.001742585373277686,False
2026-08-27,2027-02-19,0.48186173853524983,SPX270219P07375000,2026-08-27T17:43:05+00:00,-136.91666666666666,put,reference-session last trade,7375.0,7872.481980038706,0.967163927214507,168.7,170.0,172.16,488.0,5.0,653.3066255326837,-0.06527748278882724,0.17802498636502928,0.01527159385507822,1771.698297715044,1.5243562709430591,0.0008603926937837095,14,train,every_3,heston,655.9608902240255,2.6542646913418366,0.0014981471138539992,False
2026-08-27,2027-02-19,0.48186173853524983,SPX270219P07450000,2026-08-27T19:21:04+00:00,-38.93333333333333,put,reference-session last trade,7450.0,7872.481980038706,0.967163927214507,184.8,185.8,189.9,404.0,16.0,598.5093309915957,-0.05515935262324263,0.17446609825081522,0.01466710970907572,1845.712123134383,1.5243562709430591,0.0008258905881565115,15,train,every_3,heston,598.4977279849593,-0.01160300663639191,-6.286466069631551e-06,True
2026-08-27,2027-02-19,0.48186173853524983,SPX270219P07625000,2026-08-27T16:50:12+00:00,-189.8,put,reference-session last trade,7625.0,7872.481980038706,0.967163927214507,228.8,229.8,230.35,2399.0,6.0,469.705643729057,-0.031941062521235436,0.16227154135684385,0.012688408902508845,1990.2070503622772,1.5243562709430591,0.0007659284850114368,16,holdout,every_3,heston,470.63795810974136,0.9323143806843746,0.00046845094861595703,True
2026-08-27,2027-02-19,0.48186173853524983,SPX270219C07875000,2026-08-27T19:25:12+00:00,-34.8,call,reference-session last trade,7875.0,7872.481980038706,0.967163927214507,313.2,314.7,303.64,565.0,3.0,303.64,0.0003197996969859973,0.14461880109558828,0.010077944374913779,2106.217385348798,1.5243562709430591,0.0007237411871854907,17,train,every_3,heston,308.13707690527895,4.497076905278959,0.0021351437589307645,False
2026-08-27,2027-02-19,0.48186173853524983,SPX270219C08025000,2026-08-27T19:04:20+00:00,-55.666666666666664,call,reference-session last trade,8025.0,7872.481980038706,0.967163927214507,233.7,235.1,226.5,154.0,5.0,226.5,0.019188284001368752,0.13833673796474288,0.00922141366310134,2084.3897798802304,1.5243562709430591,0.0007313201617360881,18,train,every_3,heston,226.32497492280885,-0.175025077191151,-8.396945661535915e-05,True
2026-08-27,2027-02-19,0.48186173853524983,SPX270219C08150000,2026-08-27T18:21:49+00:00,-98.18333333333334,call,reference-session last trade,8150.0,7872.481980038706,0.967163927214507,180.9,182.3,176.14,604.0,1.0,176.14,0.03464454223806064,0.13561389961510328,0.008861981764028732,2002.6961357113987,1.5243562709430591,0.0007611520508584677,19,holdout,every_3,heston,169.58352565042185,-6.556474349578139,-0.003273823838107694,False
2026-08-27,2027-02-19,0.48186173853524983,SPX270219C08200000,2026-08-27T19:47:15+00:00,-12.75,call,reference-session last trade,8200.0,7872.481980038706,0.967163927214507,160.1,161.2,156.66,2209.0,4.0,156.66,0.04076076925549664,0.13374409115997282,0.008619293136088852,1952.1325091445008,1.5243562709430591,0.0007808672125495673,20,train,every_3,heston,150.0742151839545,-6.5857848160455035,-0.0033736361569695118,False
2026-08-27,2027-02-19,0.48186173853524983,SPX270219C08550000,2026-08-27T16:00:15+00:00,-239.75,call,reference-session last trade,8550.0,7872.481980038706,0.967163927214507,67.1,68.3,65.31,147.0,2.0,65.31,0.0825578979339581,0.12676579199997373,0.0077433090205694345,1413.6855523661955,1.5243562709430591,0.0010782852441206783,21,train,every_3,heston,61.31128608782223,-3.99871391217777,-0.0028285737981015736,False
2026-08-27,2027-02-19,0.48186173853524983,SPX270219C08750000,2026-08-27T16:07:08+00:00,-232.86666666666667,call,reference-session last trade,8750.0,7872.481980038706,0.967163927214507,37.8,38.6,36.6,22.0,5.0,36.6,0.10568031535481238,0.12401419969290531,0.0074108030764764845,1045.3957975705653,1.5243562709430591,0.0014581618507416695,22,holdout,every_3,heston,37.513413338480085,0.9134133384800833,0.0008737488141838709,True
2026-08-27,2027-02-19,0.48186173853524983,SPX270219C08850000,2026-08-27T15:01:51+00:00,-298.15,call,reference-session last trade,8850.0,7872.481980038706,0.967163927214507,27.4,28.2,27.2,104.0,28.0,27.2,0.11704407400512731,0.12331365235369457,0.00732731336563499,877.0362589931667,1.5243562709430591,0.0017380766819070999,23,train,every_3,heston,29.70618877722051,2.506188777220512,0.0028575657522958106,False
2026-08-27,2027-02-19,0.48186173853524983,SPX270219C10000000,2026-08-27T14:28:13+00:00,-331.78333333333336,call,reference-session last trade,10000.0,7872.481980038706,0.967163927214507,1.3,1.7,1.45,2296.0,1.0,1.45,0.239211707979335,0.1358969720842035,0.008899016333501006,95.31234155423574,1.5243562709430591,0.015993272708295096,24,train,every_3,heston,3.186069641242562,1.736069641242562,0.018214531433525673,False
2026-08-27,2027-08-20,0.9801505817932923,SPX270820P05750000,2026-08-27T14:30:38+00:00,-329.3666666666667,put,reference-session last trade,5750.0,8011.137643500851,0.9479231815147929,88.0,89.2,91.0,32.0,15.0,2234.384788870188,-0.33163292408872896,0.27240776241346354,0.07273304331354792,1182.2561136694133,3.361574159397918,0.0028433552768566133,0,train,every_3,heston,2231.3637033805217,-3.0210854896663477,-0.00255535619967292,True
2026-08-27,2027-08-20,0.9801505817932923,SPX270820P05900000,2026-08-27T20:09:15+00:00,9.25,put,reference-session last trade,5900.0,8011.137643500851,0.9479231815147929,98.4,99.5,100.4,1493.0,6.0,2101.596311642969,-0.3058804279863143,0.2635725051249552,0.06809151713595715,1283.8955559852348,3.361574159397918,0.00261826138717204,1,holdout,every_3,heston,2100.471960066162,-1.12435157680693,-0.0008757344564092101,True
2026-08-27,2027-08-20,0.9801505817932923,SPX270820P06375000,2026-08-27T20:06:10+00:00,6.166666666666667,put,reference-session last trade,6375.0,8011.137643500851,0.9479231815147929,141.4,142.4,143.7,6.0,2.0,1694.6328004234424,-0.22844868785349828,0.24005768474565528,0.056483815846541004,1673.8442623747983,3.361574159397918,0.0020082956550740395,2,train,every_3,heston,1695.189468212755,0.5566677893125416,0.00033256844846650107,True
2026-08-27,2027-08-20,0.9801505817932923,SPX270820P06450000,2026-08-27T17:39:01+00:00,-140.98333333333332,put,reference-session last trade,6450.0,8011.137643500851,0.9479231815147929,149.3,150.4,151.7,282.0,11.0,1631.538561809833,-0.2167526480903069,0.2362319831709112,0.05469784217517996,1739.6927168414031,3.361574159397918,0.0019322804118541191,3,train,every_3,heston,1632.7143838942816,1.175822084448555,0.0006758791785847014,True
2026-08-27,2027-08-20,0.9801505817932923,SPX270820P06800000,2026-08-27T16:27:03+00:00,-212.95,put,reference-session last trade,6800.0,8011.137643500851,0.9479231815147929,194.9,196.4,199.21,538.0,40.0,1347.2754482796554,-0.163910166715927,0.22043065949588658,0.047625198853369896,2071.7991926232,3.361574159397918,0.001622538598995048,4,holdout,every_3,heston,1348.0239263438145,0.7484780641591442,0.0003612695993048737,True
2026-08-27,2027-08-20,0.9801505817932923,SPX270820P06850000,2026-08-27T17:57:20+00:00,-122.66666666666667,put,reference-session last trade,6850.0,8011.137643500851,0.9479231815147929,203.3,204.7,206.5,122.0,2.0,1307.1692892039157,-0.1565841266238542,0.21792983283589482,0.04655069544223797,2118.9557083814575,3.361574159397918,0.0015864296483882722,5,train,every_3,heston,1308.398277646838,1.2289884429224003,0.0005799972307402076,True
2026-08-27,2027-08-20,0.9801505817932923,SPX270820P07000000,2026-08-27T19:09:08+00:00,-50.86666666666667,put,reference-session last trade,7000.0,8011.137643500851,0.9479231815147929,228.0,229.3,233.0,656.0,23.0,1191.4808119766967,-0.13492262984267478,0.21176132339071133,0.04395275344048838,2266.745653218873,3.361574159397918,0.001482995745298703,6,train,every_3,heston,1191.3337472543076,-0.14706472238913193,-6.487923432445714e-05,True
2026-08-27,2027-08-20,0.9801505817932923,SPX270820P07250000,2026-08-27T18:33:15+00:00,-86.75,put,reference-session last trade,7250.0,8011.137643500851,0.9479231815147929,275.7,277.1,283.49,575.0,8.0,1004.9900165979985,-0.09983131003140472,0.20123982108038305,0.03969361445768739,2504.2025012360145,3.361574159397918,0.0013423731338574757,7,holdout,every_3,heston,1003.0801282975805,-1.9098883004180607,-0.0007626732660299578,True
2026-08-27,2027-08-20,0.9801505817932923,SPX270820P07350000,2026-08-27T13:39:51+00:00,-380.15,put,reference-session last trade,7350.0,8011.137643500851,0.9479231815147929,297.4,298.7,311.5,147.0,4.0,938.2076984465192,-0.08613246567324277,0.19900412113593088,0.03881655086108737,2598.4295665091213,3.361574159397918,0.0012936945464002124,8,train,every_3,heston,930.5389224893579,-7.6687759571613014,-0.002951311844663149,False
2026-08-27,2027-08-20,0.9801505817932923,SPX270820P07425000,2026-08-27T18:09:28+00:00,-110.53333333333333,put,reference-session last trade,7425.0,8011.137643500851,0.9479231815147929,315.7,317.1,322.42,193.0,4.0,878.0334598329098,-0.0759800942092248,0.1930319142721049,0.03652170440537732,2655.9377483286694,3.361574159397918,0.0012656825866921362,9,train,every_3,heston,877.3002290482353,-0.733230784674447,-0.0002760722781005899,True
2026-08-27,2027-08-20,0.9801505817932923,SPX270820P07650000,2026-08-27T17:26:27+00:00,-153.55,put,reference-session last trade,7650.0,8011.137643500851,0.9479231815147929,373.7,375.2,378.4,170.0,79.0,720.7307439920813,-0.046127131059543636,0.181786829308415,0.03239049847770688,2824.7809634150985,3.361574159397918,0.0011900300246054647,10,holdout,every_3,heston,724.3300038287102,3.599259836628903,0.001274173071556485,False
2026-08-27,2027-08-20,0.9801505817932923,SPX270820P07750000,2026-08-27T20:03:19+00:00,3.316666666666667,put,reference-session last trade,7750.0,8011.137643500851,0.9479231815147929,405.3,406.6,410.4,298.0,1.0,657.938425840602,-0.033139935532732444,0.17815481934596877,0.03110913619963786,2887.1724698572957,3.361574159397918,0.0011643135955657234,11,train,every_3,heston,659.989593178563,2.051167337961033,0.0007104415684811569,True
2026-08-27,2027-08-20,0.9801505817932923,SPX270820P07850000,2026-08-27T13:39:51+00:00,-380.15,put,reference-session last trade,7850.0,8011.137643500851,0.9479231815147929,437.0,438.4,455.65,103.0,2.0,608.3961076891228,-0.020319247103670973,0.17823813879826778,0.031138241247838098,2937.933195311377,3.361574159397918,0.0011441969357106642,12,train,every_3,heston,598.1793121280743,-10.216795561048457,-0.003477545227152665,False
2026-08-27,2027-08-20,0.9801505817932923,SPX270820C08050000,2026-08-27T19:16:04+00:00,-43.93333333333333,call,reference-session last trade,8050.0,8011.137643500851,0.9479231815147929,490.5,492.8,479.6,195.0,2.0,479.6,0.004839312532483916,0.16575588341836048,0.02692964986675646,2995.1866025562954,3.361574159397918,0.001122325452620856,13,holdout,every_3,heston,483.03106125938797,3.4310612593879455,0.0011455250422326426,False
2026-08-27,2027-08-20,0.9801505817932923,SPX270820C08200000,2026-08-27T20:14:39+00:00,14.65,call,reference-session last trade,8200.0,8011.137643500851,0.9479231815147929,411.2,414.0,403.2,263.0,2.0,403.2,0.023301375372219282,0.1608168613967989,0.02534871600713804,2992.653055208593,3.361574159397918,0.0011232756010748498,14,train,every_3,heston,404.97515928292063,1.7751592829206402,0.0005931724293369212,True
2026-08-27,2027-08-20,0.9801505817932923,SPX270820C08300000,2026-08-27T16:39:35+00:00,-200.41666666666666,call,reference-session last trade,8300.0,8011.137643500851,0.9479231815147929,364.3,366.1,359.75,3298.0,500.0,359.75,0.03542273590456412,0.1588209032245777,0.024723396002144564,2967.241325321256,3.361574159397918,0.0011328954374932644,15,train,every_3,heston,357.29898105170304,-2.451018948296962,-0.0008260261568147296,True
2026-08-27,2027-08-20,0.9801505817932923,SPX270820C08375000,2026-08-27T15:55:29+00:00,-244.51666666666668,call,reference-session last trade,8375.0,8011.137643500851,0.9479231815147929,329.0,331.0,323.22,176.0,63.0,323.22,0.044418298813141986,0.15533133458836976,0.02364890024583562,2932.7097834179417,3.361574159397918,0.0011462348502415244,16,holdout,every_3,heston,323.9635384263782,0.7435384263781657,0.0002535329034540898,True
2026-08-27,2027-08-20,0.9801505817932923,SPX270820C08550000,2026-08-27T16:44:26+00:00,-195.56666666666666,call,reference-session last trade,8550.0,8011.137643500851,0.9479231815147929,259.2,261.1,258.13,136.0,28.0,258.13,0.0650985040506807,0.15181091994476295,0.022589094697829243,2813.1680819825456,3.361574159397918,0.0011949425208282933,17,train,every_3,heston,254.57744009978745,-3.552559900212543,-0.0012628324354188323,False
2026-08-27,2027-08-20,0.9801505817932923,SPX270820C08675000,2026-08-27T20:14:48+00:00,14.8,call,reference-session last trade,8675.0,8011.137643500851,0.9479231815147929,215.7,217.2,210.3,36.0,4.0,210.3,0.07961254693493483,0.14676195277119924,0.02111153275749549,2679.00102125166,3.361574159397918,0.0012547864419354914,18,train,every_3,heston,212.31976277433606,2.0197627743360442,0.000753923853822343,True
2026-08-27,2027-08-20,0.9801505817932923,SPX270820C08850000,2026-08-27T19:59:52+00:00,-0.13333333333333333,call,reference-session last trade,8850.0,8011.137643500851,0.9479231815147929,166.0,167.4,163.9,917.0,369.0,163.9,0.0995846801218501,0.14446507881353735,0.02045589848263753,2467.5384639871822,3.361574159397918,0.0013623188487064573,19,holdout,every_3,heston,163.0970644335851,-0.8029355664149023,-0.0003253994124644669,True
2026-08-27,2027-08-20,0.9801505817932923,SPX270820C08950000,2026-08-27T19:59:23+00:00,-0.6166666666666667,call,reference-session last trade,8950.0,8011.137643500851,0.9479231815147929,141.6,142.9,140.4,1782.0,43.0,140.4,0.11082075338877598,0.1429197492653986,0.02002060942743386,2327.0020803689777,3.361574159397918,0.0014445943936865304,20,train,every_3,heston,139.82760534536257,-0.572394654637435,-0.00024597943399632636,True
2026-08-27,2027-08-20,0.9801505817932923,SPX270820C09100000,2026-08-27T19:50:37+00:00,-9.383333333333333,call,reference-session last trade,9100.0,8011.137643500851,0.9479231815147929,111.1,112.5,107.55,132.0,1.0,107.55,0.12744163462481628,0.13952604669191365,0.019081098805091627,2083.680212345836,3.361574159397918,0.001613286981121451,21,train,every_3,heston,110.80507144806332,3.255071448063319,0.0015621741900589989,True
2026-08-27,2027-08-20,0.9801505817932923,SPX270820C09300000,2026-08-27T13:36:04+00:00,-383.93333333333334,call,reference-session last trade,9300.0,8011.137643500851,0.9479231815147929,78.9,80.1,72.6,154.0,100.0,72.6,0.14918162126122222,0.13502142306451817,0.017868914216891445,1729.8094018684856,3.361574159397918,0.0019433205506727224,22,holdout,every_3,heston,81.35701817551572,8.757018175515725,0.005062417955444496,False
2026-08-27,2027-08-20,0.9801505817932923,SPX270820C09600000,2026-08-27T18:43:33+00:00,-76.45,call,reference-session last trade,9600.0,8011.137643500851,0.9479231815147929,46.0,46.9,44.16,437.0,20.0,44.16,0.1809303195758024,0.13435327847044043,0.017692505489392323,1298.8902120316588,3.361574159397918,0.002588035638624078,23,train,every_3,heston,51.815786558166494,7.655786558166497,0.005894098275012558,False
2026-08-27,2027-08-20,0.9801505817932923,SPX270820C10200000,2026-08-27T14:52:27+00:00,-307.55,call,reference-session last trade,10200.0,8011.137643500851,0.9479231815147929,14.5,15.1,13.99,817.0,2.0,13.99,0.24155494139223724,0.13179370213097683,0.017024803865454168,608.594357173919,3.361574159397918,0.005523505303282455,24,train,every_3,heston,22.454588330917122,8.464588330917122,0.013908423946326836,False
2026-08-27,2026-09-18,0.06023271731690623,SPX260918P05475000,2026-08-27T19:59:48+00:00,-0.2,put,reference-session last trade,5475.0,7741.608398158938,0.9959553475339589,0.4,0.6,0.5,1236.0,1.0,2257.940754911775,-0.34641719369064733,0.49473259129427516,0.014742580182210712,10.821587764389916,3.1068981283412995,0.2871018741413364,0,train,every_4,flat,2257.440754911775,-0.5,-0.04620394076046088,True
2026-08-27,2026-09-18,0.06023271731690623,SPX260918P05825000,2026-08-27T14:17:49+00:00,-342.18333333333334,put,reference-session last trade,5825.0,7741.608398158938,0.9959553475339589,0.75,0.9,0.95,1444.0,1.0,1909.8063832748894,-0.28445046994144757,0.44016043232058366,0.011669559304515123,20.41192024445222,3.1068981283412995,0.1522099876510015,1,holdout,every_4,flat,1908.8563832749148,-0.9499999999745796,-0.04654143209445379,True
2026-08-27,2026-09-18,0.06023271731690623,SPX260918P05960000,2026-08-27T14:20:50+00:00,-339.1666666666667,put,reference-session last trade,5960.0,7741.608398158938,0.9959553475339589,0.9,1.05,1.15,205.0,1.0,1775.552411357805,-0.2615389883159535,0.41638874372387547,0.010443123586033783,25.01610755957548,3.1068981283412995,0.12419590541583132,2,train,every_4,flat,1774.4024113592461,-1.1499999985589966,-0.045970381116258355,True
2026-08-27,2026-09-18,0.06023271731690623,SPX260918P06080000,2026-08-27T14:28:37+00:00,-331.3833333333333,put,reference-session last trade,6080.0,7741.608398158938,0.9959553475339589,1.1,1.3,1.35,498.0,1.0,1656.2377696537299,-0.24160477341513617,0.39471778853743006,0.009384385809536882,29.800413540962495,3.1068981283412995,0.10425687965942747,3,train,every_4,flat,1654.8877696916763,-1.3499999620535164,-0.04530138349247599,True
2026-08-27,2026-09-18,0.06023271731690623,SPX260918P06140000,2026-08-27T14:38:49+00:00,-321.18333333333334,put,reference-session last trade,6140.0,7741.608398158938,0.9959553475339589,1.15,1.35,1.45,228.0,1.0,1596.5804488016925,-0.23178472723416077,0.38344024544785404,0.008855800904149027,32.340786649943965,3.1068981283412995,0.09606748784345612,4,train,every_4,flat,1595.130448975995,-1.4499998256974322,-0.04483502029162746,True
2026-08-27,2026-09-18,0.06023271731690623,SPX260918P06210000,2026-08-27T14:17:48+00:00,-342.2,put,reference-session last trade,6210.0,7741.608398158938,0.9959553475339589,1.3,1.45,1.65,494.0,1.0,1527.0635744743154,-0.22044857344782448,0.37228125547075974,0.008347853059130656,36.76524736777681,3.1068981283412995,0.08450638444675242,5,holdout,every_4,flat,1525.4135754181223,-1.64999905619311,-0.044879313327815785,True
2026-08-27,2026-09-18,0.06023271731690623,SPX260918P06310000,2026-08-27T16:54:32+00:00,-185.46666666666667,put,reference-session last trade,6310.0,7741.608398158938,0.9959553475339589,1.55,1.75,1.8,976.0,151.0,1427.6180397209193,-0.2044737928400901,0.3518707211839501,0.007457593695779025,41.27606654016315,3.1068981283412995,0.07527117743446246,6,train,every_4,flat,1425.8180486935335,-1.799991027385886,-0.04360858914776745,True
2026-08-27,2026-09-18,0.06023271731690623,SPX260918P06400000,2026-08-27T19:55:05+00:00,-4.916666666666667,put,reference-session last trade,6400.0,7741.608398158938,0.9959553475339589,1.7,1.9,2.1,17606.0,26.0,1338.282058442863,-0.19031147902758577,0.33668442847935637,0.00682776426110981,48.34204217233265,3.1068981283412995,0.06426907074520435,7,train,every_4,flat,1336.182116761289,-2.0999416815739096,-0.04343924226634675,True
2026-08-27,2026-09-18,0.06023271731690623,SPX260918P06625000,2026-08-27T17:58:26+00:00,-121.56666666666666,put,reference-session last trade,6625.0,7741.608398158938,0.9959553475339589,2.45,2.6,2.93,2184.0,23.0,1115.0221052477225,-0.15575909752092598,0.2955235991128272,0.0052603760381031575,69.55115034350275,3.1068981283412995,0.04467069362615562,8,train,every_4,flat,1112.0955551990494,-2.926550048673107,-0.04207766563485022,True
2026-08-27,2026-09-18,0.06023271731690623,SPXW260918P06790000,2026-08-27T18:57:20+00:00,-62.666666666666664,put,reference-session last trade,6790.0,7741.608398158938,0.9959553475339589,3.4,3.6,4.13,116.0,1.0,951.8894729046191,-0.13115852782260717,0.2683594247148257,0.004337766402004075,97.28063007766478,3.1068981283412995,0.03193747949474507,9,holdout,every_4,flat,947.8011522247059,-4.088320679913181,-0.042026050578097995,False
2026-08-27,2026-09-18,0.06023271731690623,SPXW260918P06870000,2026-08-27T14:52:45+00:00,-307.25,put,reference-session last trade,6870.0,7741.608398158938,0.9959553475339589,3.8,4.0,4.5,83.0,2.0,872.5830451019025,-0.11944536315895393,0.2513219814900629,0.0038044633658097563,108.99971210524686,3.1068981283412995,0.028503727838669626,10,train,every_4,flat,868.2043249127289,-4.378720189173578,-0.04017185095815314,False
2026-08-27,2026-09-18,0.06023271731690623,SPXW260918P06950000,2026-08-27T19:16:58+00:00,-43.03333333333333,put,reference-session last trade,6950.0,7741.608398158938,0.9959553475339589,4.6,4.8,5.3,2350.0,39.0,793.7066172991857,-0.1078678098165111,0.23715254157077256,0.003387568009353851,128.36387081276158,3.1068981283412995,0.024203836396248814,11,train,every_4,flat,788.7304594747857,-4.9761578244000475,-0.0387660312274202,False
2026-08-27,2026-09-18,0.06023271731690623,SPX260918P07075000,2026-08-27T19:48:03+00:00,-11.95,put,reference-session last trade,7075.0,7741.608398158938,0.9959553475339589,5.6,5.9,5.75,1995.0,4.0,669.6621988574409,-0.09004202586391061,0.20715184506967296,0.002584699554132609,150.33746127890825,3.1068981283412995,0.02066616066222734,12,train,every_4,flat,665.1892529504446,-4.472945906996301,-0.02975270347753197,False
2026-08-27,2026-09-18,0.06023271731690623,SPXW260918P07135000,2026-08-27T16:47:29+00:00,-192.51666666666668,put,reference-session last trade,7135.0,7741.608398158938,0.9959553475339589,6.8,7.1,7.7,65.0,22.0,611.8548780054034,-0.0815972184644121,0.20228996060019444,0.0024647967679995095,187.70224130524178,3.1068981283412995,0.016552269737093096,13,holdout,every_4,flat,606.4632201887454,-5.391657816658039,-0.02872452549935253,False
2026-08-27,2026-09-18,0.06023271731690623,SPX260918P07230000,2026-08-27T14:18:39+00:00,-341.35,put,reference-session last trade,7230.0,7741.608398158938,0.9959553475339589,8.4,8.8,10.8,608.0,1.0,520.3391199896772,-0.06837043322253855,0.18923011859250669,0.0021568154174284766,246.7775029685665,3.1068981283412995,0.012589875863753446,14,train,every_4,flat,514.9629233250736,-5.37619666460364,-0.021785602820077313,False
2026-08-27,2026-09-18,0.06023271731690623,SPX260918P07285000,2026-08-27T20:10:10+00:00,10.166666666666666,put,reference-session last trade,7285.0,7741.608398158938,0.9959553475339589,10.0,10.5,11.7,659.0,37.0,466.4615758753095,-0.06079202974604377,0.17617356637166853,0.0018694504058548373,272.4720580014003,3.1068981283412995,0.011402630240805582,15,train,every_4,flat,463.2705105821675,-3.191065293142003,-0.011711532244989333,False
2026-08-27,2026-09-18,0.06023271731690623,SPXW260918P07465000,2026-08-27T18:51:55+00:00,-68.08333333333333,put,reference-session last trade,7465.0,7741.608398158938,0.9959553475339589,20.8,21.1,26.05,131.0,7.0,301.5396133191969,-0.03638403840205821,0.15499927049790516,0.0014470774122037535,469.1049744936451,3.1068981283412995,0.006623033856536919,16,train,every_4,flat,305.6465833816568,4.1069700624598795,0.008754906227317179,False
2026-08-27,2026-09-18,0.06023271731690623,SPXW260918P07560000,2026-08-27T17:40:01+00:00,-139.98333333333332,put,reference-session last trade,7560.0,7741.608398158938,0.9959553475339589,31.5,31.9,35.5,192.0,50.0,216.3738553034708,-0.023738279201770206,0.1357425458362577,0.0011098503833056469,578.668622640051,3.1068981283412995,0.005369045437726943,17,holdout,every_4,flat,233.17664985701032,16.802794553539513,0.029036989213067025,False
2026-08-27,2026-09-18,0.06023271731690623,SPXW260918C07805000,2026-08-27T19:09:31+00:00,-50.483333333333334,call,reference-session last trade,7805.0,7741.608398158938,0.9959553475339589,53.6,54.2,51.18,131.0,44.0,51.18,0.008155084574183433,0.10389965749312098,0.0006502205453747644,720.149749439073,3.1068981283412995,0.004314238990933862,18,train,every_4,flat,94.94264600413794,43.76264600413794,0.06076881376161667,False
2026-08-27,2026-09-18,0.06023271731690623,SPX260918C07905000,2026-08-27T19:50:40+00:00,-9.333333333333334,call,reference-session last trade,7905.0,7741.608398158938,0.9959553475339589,20.5,21.2,20.04,293.0,6.0,20.04,0.02088600126822348,0.0982013774479675,0.0005808548438574127,523.9893297293258,3.1068981283412995,0.005929315640733013,19,train,every_4,flat,59.90895073235807,39.86895073235807,0.07608733321526404,False
2026-08-27,2026-09-18,0.06023271731690623,SPXW260918C07990000,2026-08-27T17:30:18+00:00,-149.7,call,reference-session last trade,7990.0,7741.608398158938,0.9959553475339589,8.0,8.3,10.36,275.0,14.0,10.36,0.03158129038497148,0.10393223117447335,0.0006506283118190055,356.32384928487073,3.1068981283412995,0.008719310073060597,20,train,every_4,flat,38.675219406668916,28.315219406668916,0.07946484486934162,False
2026-08-27,2026-09-18,0.06023271731690623,SPX260918C08080000,2026-08-27T17:08:38+00:00,-171.36666666666667,call,reference-session last trade,8080.0,7741.608398158938,0.9959553475339589,2.5,2.7,3.55,1444.0,1.0,3.55,0.042782403139792036,0.10212639675729217,0.0006282152501623896,179.6738468981727,3.1068981283412995,0.017291877376578266,21,holdout,every_4,flat,23.196567358448004,19.646567358448003,0.10934572670213034,False
2026-08-27,2026-09-18,0.06023271731690623,SPXW260918C08280000,2026-08-27T15:30:04+00:00,-269.93333333333334,call,reference-session last trade,8280.0,7741.608398158938,0.9959553475339589,0.6,0.75,0.78,69.0,20.0,0.78,0.06723349900395653,0.11774270265444674,0.0008350268819280386,52.112801297135604,3.1068981283412995,0.05961871269645355,22,train,every_4,flat,6.217596268231789,5.437596268231789,0.10434281276164419,False
2026-08-27,2026-09-18,0.06023271731690623,SPX260918C08380000,2026-08-27T15:56:16+00:00,-243.73333333333332,call,reference-session last trade,8380.0,7741.608398158938,0.9959553475339589,0.35,0.5,0.53,156.0,70.0,0.53,0.07923844510077975,0.1297310320851168,0.0010137251063357462,35.489441250686994,3.1068981283412995,0.08754429539747001,23,train,every_4,flat,2.928758485336983,2.398758485336983,0.06759076505016963,True
2026-08-27,2026-09-18,0.06023271731690623,SPX260918C08675000,2026-08-27T17:13:13+00:00,-166.78333333333333,call,reference-session last trade,8675.0,7741.608398158938,0.9959553475339589,0.05,0.25,0.25,347.0,1.0,0.25,0.113835856439711,0.1654965318282324,0.0016497200411712775,15.733618536975712,3.1068981283412995,0.1974687590804208,24,train,every_4,flat,0.22071436682655368,-0.029285633173446318,-0.0018613412486531246,True
2026-08-27,2026-11-20,0.2327173169062286,SPX261120P05500000,2026-08-27T17:45:42+00:00,-134.3,put,reference-session last trade,5500.0,7784.875446624804,0.9999999999999999,8.6,9.1,8.56,9700.0,1.0,2293.4354466248033,-0.34743471377051904,0.3536123307173027,0.029099364372354438,157.67941674060665,8.384553375196333,0.05317468537437256,0,train,every_4,flat,2284.8760179424685,-8.559428682334783,-0.05428374139926979,False
2026-08-27,2026-11-20,0.2327173169062286,SPX261120P05725000,2026-08-27T20:10:11+00:00,10.183333333333334,put,reference-session last trade,5725.0,7784.875446624804,0.9999999999999999,10.8,11.2,11.0,371.0,15.0,2070.8754466248033,-0.3073402565686409,0.33090219363396456,0.025481676246133962,200.68342514561533,8.384553375196333,0.041779999365231704,1,holdout,every_4,flat,2059.8813932389653,-10.994053385838015,-0.05478306630386023,False
2026-08-27,2026-11-20,0.2327173169062286,SPX261120P06025000,2026-08-27T19:56:06+00:00,-3.9,put,reference-session last trade,6025.0,7784.875446624804,0.9999999999999999,14.8,15.2,14.7,277.0,1.0,1774.5754466248036,-0.2562653266322255,0.29817606914045575,0.02069065653027947,268.89490765490046,8.384553375196333,0.031181525333893876,2,train,every_4,flat,1759.9590315739904,-14.616415050813202,-0.054357351644501575,False
2026-08-27,2026-11-20,0.2327173169062286,SPXW261120P06250000,2026-08-27T19:59:30+00:00,-0.5,put,reference-session last trade,6250.0,7784.875446624804,0.9999999999999999,19.1,19.5,19.3,128.0,15.0,1554.1754466248035,-0.21960134226063402,0.27639295177118334,0.01777798883517304,345.05583919709306,8.384553375196333,0.024299120382098926,3,train,every_4,flat,1535.3179215665357,-18.85752505826781,-0.05465064756518016,False
2026-08-27,2026-11-20,0.2327173169062286,SPX261120P06525000,2026-08-27T19:55:48+00:00,-4.2,put,reference-session last trade,6525.0,7784.875446624804,0.9999999999999999,25.8,26.3,25.9,480.0,3.0,1285.7754466248036,-0.17654185280018714,0.24696321502264446,0.014193622214421022,456.7176739738905,8.384553375196333,0.0183582853324736,4,train,every_4,flat,1262.3413113315535,-23.434135293250165,-0.051309893679721795,False
2026-08-27,2026-11-20,0.2327173169062286,SPX261120P06770000,2026-08-27T19:51:49+00:00,-8.183333333333334,put,reference-session last trade,6770.0,7784.875446624804,0.9999999999999999,35.0,35.6,35.6,236.0,1.0,1050.4754466248037,-0.13968171908476057,0.2229347339807226,0.011566026358055365,600.2142135319554,8.384553375196333,0.013969268281498203,5,holdout,every_4,flat,1023.675035173147,-26.800411451656714,-0.04465141085871647,False
2026-08-27,2026-11-20,0.2327173169062286,SPXW261120P06875000,2026-08-27T19:57:23+00:00,-2.6166666666666667,put,reference-session last trade,6875.0,7784.875446624804,0.9999999999999999,41.0,41.4,41.5,97.0,1.0,951.3754466248037,-0.12429116245630915,0.21327803296053283,0.01058573345434278,677.8257286798826,8.384553375196333,0.012369777393262855,6,train,every_4,flat,924.0808685206392,-27.29457810416443,-0.040267840167889035,False
2026-08-27,2026-11-20,0.2327173169062286,SPX261120P06980000,2026-08-27T15:25:02+00:00,-274.96666666666664,put,reference-session last trade,6980.0,7784.875446624804,0.9999999999999999,46.7,47.5,48.29,420.0,2.0,853.1654466248036,-0.10913388923466313,0.2032480618358852,0.009613499916231963,762.6608248398801,8.384553375196333,0.0109938167821281,7,train,every_4,flat,826.9873393915294,-26.178107233274204,-0.034324704220608515,False
2026-08-27,2026-11-20,0.2327173169062286,SPX261120P07040000,2026-08-27T19:35:19+00:00,-24.683333333333334,put,reference-session last trade,7040.0,7784.875446624804,0.9999999999999999,51.3,51.8,52.92,456.0,100.0,797.7954466248036,-0.10057463583899322,0.19769434029650265,0.009095303041062007,816.1021544051524,8.384553375196333,0.010273901778028926,8,train,every_4,flat,772.9107643964197,-24.884682228383895,-0.030492116819029913,False
2026-08-27,2026-11-20,0.2327173169062286,SPX261120P07130000,2026-08-27T15:01:44+00:00,-298.26666666666665,put,reference-session last trade,7130.0,7784.875446624804,0.9999999999999999,58.2,59.0,60.97,158.0,42.0,715.8454466248037,-0.08787157158273957,0.18944519540892804,0.008352103970978204,902.1770286986886,8.384553375196333,0.009293689717737901,9,holdout,every_4,flat,694.1042992538668,-21.741147370936915,-0.024098537958006556,False
2026-08-27,2026-11-20,0.2327173169062286,SPX261120P07220000,2026-08-27T19:08:22+00:00,-51.63333333333333,put,reference-session last trade,7220.0,7784.875446624804,0.9999999999999999,67.2,67.8,71.1,504.0,3.0,635.9754466248037,-0.0753278531042093,0.181784363707217,0.0076902728693147415,996.73286841459,8.384553375196333,0.008412036605688402,10,train,every_4,flat,618.5229622620881,-17.45248436271561,-0.017509690826666174,False
2026-08-27,2026-11-20,0.2327173169062286,SPX261120P07290000,2026-08-27T19:35:19+00:00,-24.683333333333334,put,reference-session last trade,7290.0,7784.875446624804,0.9999999999999999,75.2,75.9,78.64,534.0,100.0,573.5154466248038,-0.06567925998837744,0.17427242631149178,0.0070678293734757515,1067.571819861303,8.384553375196333,0.007853854156890015,11,train,every_4,flat,562.2904451182038,-11.225001506599938,-0.010514516492256482,False
2026-08-27,2026-11-20,0.2327173169062286,SPX261120P07390000,2026-08-27T19:51:52+00:00,-8.133333333333333,put,reference-session last trade,7390.0,7784.875446624804,0.9999999999999999,89.2,90.0,92.2,408.0,25.0,487.0754466248037,-0.05205507104883375,0.1641969242760681,0.006274205462139005,1175.3017784850435,8.384553375196333,0.007133957872508258,12,train,every_4,flat,486.3118743399545,-0.7635722848492037,-0.0006496818934737285,True
2026-08-27,2026-11-20,0.2327173169062286,SPX261120P07475000,2026-08-27T19:37:33+00:00,-22.45,put,reference-session last trade,7475.0,7784.875446624804,0.9999999999999999,104.4,105.3,108.34,3178.0,202.0,418.2154466248037,-0.04061868673219403,0.1573464970791937,0.005761596747879207,1271.3387415394502,8.384553375196333,0.006595058501122658,13,holdout,every_4,flat,426.14069973499585,7.925253110192159,0.006233785576765761,True
2026-08-27,2026-11-20,0.2327173169062286,SPXW261120P07550000,2026-08-27T19:58:14+00:00,-1.7666666666666666,put,reference-session last trade,7550.0,7784.875446624804,0.9999999999999999,121.2,122.1,124.84,164.0,3.0,359.71544662480375,-0.03063524274801089,0.15107646143540465,0.005311562661154501,1349.7921342767659,8.384553375196333,0.006211736727662051,14,train,every_4,flat,376.6605903089766,16.945143684172876,0.012553891265081552,False
2026-08-27,2026-11-20,0.2327173169062286,SPX261120P07680000,2026-08-27T14:53:37+00:00,-306.3833333333333,put,reference-session last trade,7680.0,7784.875446624804,0.9999999999999999,156.9,157.9,165.05,181.0,35.0,269.9254466248038,-0.013563258849363376,0.1434317878573276,0.004787618371733611,1458.9055458867686,8.384553375196333,0.005747152993444781,15,train,every_4,flat,299.3380463430976,29.41259971829379,0.020160729254350657,False
2026-08-27,2026-11-20,0.2327173169062286,SPXW261120P07725000,2026-08-27T15:28:04+00:00,-271.93333333333334,put,reference-session last trade,7725.0,7784.875446624804,0.9999999999999999,172.9,173.7,180.22,70.0,5.0,240.09544662480377,-0.0077209832251350806,0.13992568828247073,0.004556418481895878,1481.873427740565,8.384553375196333,0.005658076606434862,16,train,every_4,flat,275.128309002353,35.03286237754921,0.023640927572987355,False
2026-08-27,2026-11-20,0.2327173169062286,SPX261120C07845000,2026-08-27T17:06:23+00:00,-173.61666666666667,call,reference-session last trade,7845.0,7784.875446624804,0.9999999999999999,172.5,173.6,176.4,74.0,2.0,176.4,0.007693580176051764,0.1363683657616582,0.004327688296626854,1492.9380812472377,8.384553375196333,0.0056161427459815805,17,holdout,every_4,flat,217.0170238606738,40.61702386067378,0.027206100755860756,False
2026-08-27,2026-11-20,0.2327173169062286,SPX261120C07920000,2026-08-27T15:19:51+00:00,-280.15,call,reference-session last trade,7920.0,7784.875446624804,0.9999999999999999,137.1,138.1,134.88,61.0,6.0,134.88,0.017208399817390377,0.1290847602549084,0.0038777396387562222,1453.8499230370749,8.384553375196333,0.0057671381635327965,18,train,every_4,flat,185.38050559128166,50.500505591281666,0.034735707442063016,False
2026-08-27,2026-11-20,0.2327173169062286,SPX261120C07980000,2026-08-27T19:39:40+00:00,-20.333333333333332,call,reference-session last trade,7980.0,7784.875446624804,0.9999999999999999,110.6,111.6,106.91,509.0,50.0,106.91,0.024755605452773277,0.12437234580841815,0.00359978325574413,1392.4780278836718,8.384553375196333,0.006021318259462534,19,train,every_4,flat,162.57720332344067,55.667203323440674,0.03997707842330934,False
2026-08-27,2026-11-20,0.2327173169062286,SPX261120C08060000,2026-08-27T18:53:29+00:00,-66.51666666666667,call,reference-session last trade,8060.0,7784.875446624804,0.9999999999999999,81.8,82.8,77.5,33.0,1.0,77.5,0.03473075050959271,0.12013077285879092,0.0033584372893916098,1273.3397229489456,8.384553375196333,0.0065846947394199145,20,train,every_4,flat,135.48862376225222,57.98862376225222,0.045540575478125775,False
2026-08-27,2026-11-20,0.2327173169062286,SPX261120C08180000,2026-08-27T19:34:24+00:00,-25.6,call,reference-session last trade,8180.0,7784.875446624804,0.9999999999999999,50.8,51.7,48.69,19.0,1.0,48.69,0.04950934460571146,0.11846990945766293,0.003266215340142594,1054.8446982137298,8.384553375196333,0.00794861403711343,21,holdout,every_4,flat,101.47808506928276,52.78808506928276,0.05004346626444055,False
2026-08-27,2026-11-20,0.2327173169062286,SPXW261120C08240000,2026-08-27T16:03:14+00:00,-236.76666666666668,call,reference-session last trade,8240.0,7784.875446624804,0.9999999999999999,39.9,40.4,39.1,37.0,11.0,39.1,0.05681753791243609,0.11905190979722304,0.003298385665273432,944.5088697872729,8.384553375196333,0.008877156841401335,22,train,every_4,flat,87.20438090017227,48.104380900172266,0.05093057613212947,False
2026-08-27,2026-11-20,0.2327173169062286,SPXW261120C08350000,2026-08-27T18:38:21+00:00,-81.65,call,reference-session last trade,8350.0,7784.875446624804,0.9999999999999999,23.8,24.3,22.9,340.0,20.0,22.9,0.0700787328538199,0.11627193689998934,0.003146143412430893,710.66156329422,8.384553375196333,0.01179823675327303,23,train,every_4,flat,65.24187441145703,42.341874411457034,0.05958092655973169,False
2026-08-27,2026-11-20,0.2327173169062286,SPX261120C09100000,2026-08-27T13:44:38+00:00,-375.3666666666667,call,reference-session last trade,9100.0,7784.875446624804,0.9999999999999999,0.95,1.2,1.05,915.0,32.0,1.05,0.15609160751386011,0.12938798141564853,0.003895978719943539,71.00167418927643,8.384553375196333,0.11808951649287552,24,train,every_4,flat,5.968758675420417,4.918758675420417,0.0692766576504658,True
2026-08-27,2027-02-19,0.48186173853524983,SPX270219P05625000,2026-08-27T20:10:10+00:00,10.166666666666666,put,reference-session last trade,5625.0,7872.481980038706,0.967163927214507,31.0,31.6,31.3,663.0,3.0,2204.983498158071,-0.3361524369242269,0.3026607405691562,0.044140233273673196,492.830920219106,1.5243562709430591,0.003093061349043097,0,train,every_4,flat,2174.0033480079155,-30.980150150155623,-0.06286162024164853,False
2026-08-27,2027-02-19,0.48186173853524983,SPX270219P05800000,2026-08-27T19:34:42+00:00,-25.3,put,reference-session last trade,5800.0,7872.481980038706,0.967163927214507,36.0,36.6,36.56,1722.0,150.0,2040.9898108955322,-0.3055154674623372,0.28941024709015545,0.04035991577620295,566.5750106517871,1.5243562709430591,0.002690475651563668,1,holdout,every_4,flat,2005.2384458435974,-35.75136505193473,-0.06310085051369704,False
2026-08-27,2027-02-19,0.48186173853524983,SPX270219P05950000,2026-08-27T18:54:37+00:00,-65.38333333333334,put,reference-session last trade,5950.0,7872.481980038706,0.967163927214507,40.9,41.5,42.25,315.0,1.0,1901.6052218133561,-0.27998216545717236,0.2788679358652692,0.03747309874075575,641.0632353701202,1.5243562709430591,0.0023778563281092956,2,train,every_4,flat,1861.0245504122988,-40.580671401057316,-0.06330213489411526,False
2026-08-27,2027-02-19,0.48186173853524983,SPX270219P06125000,2026-08-27T13:47:30+00:00,-372.5,put,reference-session last trade,6125.0,7872.481980038706,0.967163927214507,47.6,48.5,50.89,267.0,12.0,1740.9915345508175,-0.2509946285839201,0.26780614662511676,0.034559187575507355,744.3277019121693,1.5243562709430591,0.0020479639102871025,3,train,every_4,flat,1693.7093909040916,-47.2821436467259,-0.06352328890253395,False
2026-08-27,2027-02-19,0.48186173853524983,SPX270219P06200000,2026-08-27T20:09:55+00:00,9.916666666666666,put,reference-session last trade,6200.0,7872.481980038706,0.967163927214507,51.2,51.9,52.2,1121.0,5.0,1669.7642400097293,-0.23882409296366489,0.2593762844124177,0.03241775774714329,773.2264146436344,1.5243562709430591,0.001971422913229893,4,train,every_4,flat,1622.4699059128438,-47.29433409688545,-0.061164922978843815,False
2026-08-27,2027-02-19,0.48186173853524983,SPX270219P06300000,2026-08-27T17:31:38+00:00,-148.36666666666667,put,reference-session last trade,6300.0,7872.481980038706,0.967163927214507,56.1,56.9,57.04,1910.0,20.0,1577.8878472882786,-0.2228237516172237,0.2518218928126313,0.030556908318011226,833.8860953919543,1.5243562709430591,0.001828014976345853,5,holdout,every_4,flat,1528.089845702877,-49.79800158540161,-0.059717990095511646,False
2026-08-27,2027-02-19,0.48186173853524983,SPX270219P06500000,2026-08-27T18:56:52+00:00,-63.13333333333333,put,reference-session last trade,6500.0,7872.481980038706,0.967163927214507,67.9,68.7,70.62,2832.0,5.0,1398.0350618453772,-0.1915712081131193,0.2391743079705626,0.02756458734675637,981.244822538543,1.5243562709430591,0.0015534922946135422,6,train,every_4,flat,1342.206907632543,-55.82815421283408,-0.05689523443130439,False
2026-08-27,2027-02-19,0.48186173853524983,SPX270219P06575000,2026-08-27T16:27:51+00:00,-212.15,put,reference-session last trade,6575.0,7872.481980038706,0.967163927214507,72.9,73.8,74.53,333.0,1.0,1329.4077673042893,-0.1800988069508825,0.2325202355643867,0.026052172897077473,1030.6406788117208,1.5243562709430591,0.0014790375562320796,7,train,every_4,flat,1273.8132951666357,-55.59447213765361,-0.05394166296807862,False
2026-08-27,2027-02-19,0.48186173853524983,SPX270219P06675000,2026-08-27T16:43:04+00:00,-196.93333333333334,put,reference-session last trade,6675.0,7872.481980038706,0.967163927214507,80.3,81.5,81.51,3536.0,2.0,1239.6713745828386,-0.16500418072839748,0.22484842048371095,0.024361393418610447,1106.9954131808793,1.5243562709430591,0.0013770213072183566,8,train,every_4,flat,1184.0493617188672,-55.62201286397135,-0.05024592893672894,False
2026-08-27,2027-02-19,0.48186173853524983,SPX270219P06775000,2026-08-27T19:27:40+00:00,-32.333333333333336,put,reference-session last trade,6775.0,7872.481980038706,0.967163927214507,89.1,89.8,91.52,1912.0,18.0,1152.9649818613877,-0.1501340182489462,0.21907435787166168,0.023126267139578476,1198.0692179669727,1.5243562709430591,0.0012723440750191124,9,holdout,every_4,flat,1096.2067088068159,-56.75827305457187,-0.04737478620048857,False
2026-08-27,2027-02-19,0.48186173853524983,SPX270219P06825000,2026-08-27T15:00:55+00:00,-299.0833333333333,put,reference-session last trade,6825.0,7872.481980038706,0.967163927214507,93.7,94.6,96.43,442.0,1.0,1109.5167855006625,-0.14278104394368735,0.21574982508272791,0.022429693952328744,1242.782207872197,1.5243562709430591,0.0012265675041751307,10,train,every_4,flat,1053.108961505142,-56.40782399552063,-0.045388342091007304,False
2026-08-27,2027-02-19,0.48186173853524983,SPX270219P07025000,2026-08-27T20:09:47+00:00,9.783333333333333,put,reference-session last trade,7025.0,7872.481980038706,0.967163927214507,115.1,115.9,117.8,447.0,16.0,937.454000057761,-0.11389816979490133,0.2015380342762291,0.01957205735728149,1426.4543387536942,1.5243562709430591,0.0010686330641854983,11,train,every_4,flat,887.1945941087756,-50.25940594898543,-0.03523379934677581,False
2026-08-27,2027-02-19,0.48186173853524983,SPX270219P07200000,2026-08-27T19:38:59+00:00,-21.016666666666666,put,reference-session last trade,7200.0,7872.481980038706,0.967163927214507,139.1,139.9,141.7,1621.0,142.0,792.1003127952224,-0.08929235899270115,0.18952249671657462,0.0173078842164446,1598.165970615671,1.5243562709430591,0.0009538159984446561,12,train,every_4,flat,752.0563965097168,-40.04391628550559,-0.025056168772057654,False
2026-08-27,2027-02-19,0.48186173853524983,SPX270219P07250000,2026-08-27T19:36:46+00:00,-23.233333333333334,put,reference-session last trade,7250.0,7872.481980038706,0.967163927214507,146.5,147.6,149.7,1309.0,204.0,751.7421164344971,-0.08237191614812735,0.18620922846239213,0.01670801453952757,1648.1836316786523,1.5243562709430591,0.0009248704098526469,13,holdout,every_4,flat,715.412170257017,-36.32994617748011,-0.022042414133477687,False
2026-08-27,2027-02-19,0.48186173853524983,SPX270219P07375000,2026-08-27T17:43:05+00:00,-136.91666666666666,put,reference-session last trade,7375.0,7872.481980038706,0.967163927214507,168.7,170.0,172.16,488.0,5.0,653.3066255326837,-0.06527748278882724,0.17802498636502928,0.01527159385507822,1771.698297715044,1.5243562709430591,0.0008603926937837095,14,train,every_4,flat,627.9657933519973,-25.340832180686448,-0.014303130625213375,False
2026-08-27,2027-02-19,0.48186173853524983,SPX270219P07450000,2026-08-27T19:21:04+00:00,-38.93333333333333,put,reference-session last trade,7450.0,7872.481980038706,0.967163927214507,184.8,185.8,189.9,404.0,16.0,598.5093309915957,-0.05515935262324263,0.17446609825081522,0.01466710970907572,1845.712123134383,1.5243562709430591,0.0008258905881565115,15,train,every_4,flat,578.4919113993124,-20.017419592283318,-0.010845363879546824,False
2026-08-27,2027-02-19,0.48186173853524983,SPX270219P07625000,2026-08-27T16:50:12+00:00,-189.8,put,reference-session last trade,7625.0,7872.481980038706,0.967163927214507,228.8,229.8,230.35,2399.0,6.0,469.705643729057,-0.031941062521235436,0.16227154135684385,0.012688408902508845,1990.2070503622772,1.5243562709430591,0.0007659284850114368,16,train,every_4,flat,472.24421042354,2.538566694482995,0.0012755289425896166,False
2026-08-27,2027-02-19,0.48186173853524983,SPX270219C07875000,2026-08-27T19:25:12+00:00,-34.8,call,reference-session last trade,7875.0,7872.481980038706,0.967163927214507,313.2,314.7,303.64,565.0,3.0,303.64,0.0003197996969859973,0.14461880109558828,0.010077944374913779,2106.217385348798,1.5243562709430591,0.0007237411871854907,17,holdout,every_4,flat,343.4994056312075,39.859405631207494,0.01892463992960851,False
2026-08-27,2027-02-19,0.48186173853524983,SPX270219C08025000,2026-08-27T19:04:20+00:00,-55.666666666666664,call,reference-session last trade,8025.0,7872.481980038706,0.967163927214507,233.7,235.1,226.5,154.0,5.0,226.5,0.019188284001368752,0.13833673796474288,0.00922141366310134,2084.3897798802304,1.5243562709430591,0.0007313201617360881,18,train,every_4,flat,279.19763005274035,52.69763005274035,0.02528204204482732,False
2026-08-27,2027-02-19,0.48186173853524983,SPX270219C08150000,2026-08-27T18:21:49+00:00,-98.18333333333334,call,reference-session last trade,8150.0,7872.481980038706,0.967163927214507,180.9,182.3,176.14,604.0,1.0,176.14,0.03464454223806064,0.13561389961510328,0.008861981764028732,2002.6961357113987,1.5243562709430591,0.0007611520508584677,19,train,every_4,flat,232.71884913114076,56.57884913114077,0.028251339842448344,False
2026-08-27,2027-02-19,0.48186173853524983,SPX270219C08200000,2026-08-27T19:47:15+00:00,-12.75,call,reference-session last trade,8200.0,7872.481980038706,0.967163927214507,160.1,161.2,156.66,2209.0,4.0,156.66,0.04076076925549664,0.13374409115997282,0.008619293136088852,1952.1325091445008,1.5243562709430591,0.0007808672125495673,20,train,every_4,flat,215.8565594330992,59.196559433099196,0.030324047755877697,False
2026-08-27,2027-02-19,0.48186173853524983,SPX270219C08550000,2026-08-27T16:00:15+00:00,-239.75,call,reference-session last trade,8550.0,7872.481980038706,0.967163927214507,67.1,68.3,65.31,147.0,2.0,65.31,0.0825578979339581,0.12676579199997373,0.0077433090205694345,1413.6855523661955,1.5243562709430591,0.0010782852441206783,21,holdout,every_4,flat,122.77061305626201,57.460613056262005,0.04064596469850435,False
2026-08-27,2027-02-19,0.48186173853524983,SPX270219C08750000,2026-08-27T16:07:08+00:00,-232.86666666666667,call,reference-session last trade,8750.0,7872.481980038706,0.967163927214507,37.8,38.6,36.6,22.0,5.0,36.6,0.10568031535481238,0.12401419969290531,0.0074108030764764845,1045.3957975705653,1.5243562709430591,0.0014581618507416695,22,train,every_4,flat,86.37269411759179,49.77269411759179,0.04761133939246784,False
2026-08-27,2027-02-19,0.48186173853524983,SPX270219C08850000,2026-08-27T15:01:51+00:00,-298.15,call,reference-session last trade,8850.0,7872.481980038706,0.967163927214507,27.4,28.2,27.2,104.0,28.0,27.2,0.11704407400512731,0.12331365235369457,0.00732731336563499,877.0362589931667,1.5243562709430591,0.0017380766819070999,23,train,every_4,flat,71.88586149015501,44.685861490155006,0.05095098524370492,False
2026-08-27,2027-02-19,0.48186173853524983,SPX270219C10000000,2026-08-27T14:28:13+00:00,-331.78333333333336,call,reference-session last trade,10000.0,7872.481980038706,0.967163927214507,1.3,1.7,1.45,2296.0,1.0,1.45,0.239211707979335,0.1358969720842035,0.008899016333501006,95.31234155423574,1.5243562709430591,0.015993272708295096,24,train,every_4,flat,6.171632420702321,4.721632420702321,0.04953852086422158,False
2026-08-27,2027-08-20,0.9801505817932923,SPX270820P05750000,2026-08-27T14:30:38+00:00,-329.3666666666667,put,reference-session last trade,5750.0,8011.137643500851,0.9479231815147929,88.0,89.2,91.0,32.0,15.0,2234.384788870188,-0.33163292408872896,0.27240776241346354,0.07273304331354792,1182.2561136694133,3.361574159397918,0.0028433552768566133,0,train,every_4,flat,2151.1307089020065,-83.25407996818149,-0.07041966542239535,False
2026-08-27,2027-08-20,0.9801505817932923,SPX270820P05900000,2026-08-27T20:09:15+00:00,9.25,put,reference-session last trade,5900.0,8011.137643500851,0.9479231815147929,98.4,99.5,100.4,1493.0,6.0,2101.596311642969,-0.3058804279863143,0.2635725051249552,0.06809151713595715,1283.8955559852348,3.361574159397918,0.00261826138717204,1,holdout,every_4,flat,2013.1637298929586,-88.43258175001029,-0.0688783299683197,False
2026-08-27,2027-08-20,0.9801505817932923,SPX270820P06375000,2026-08-27T20:06:10+00:00,6.166666666666667,put,reference-session last trade,6375.0,8011.137643500851,0.9479231815147929,141.4,142.4,143.7,6.0,2.0,1694.6328004234424,-0.22844868785349828,0.24005768474565528,0.056483815846541004,1673.8442623747983,3.361574159397918,0.0020082956550740395,2,train,every_4,flat,1590.1041899358202,-104.52861048762225,-0.062448229406552015,False
2026-08-27,2027-08-20,0.9801505817932923,SPX270820P06450000,2026-08-27T17:39:01+00:00,-140.98333333333332,put,reference-session last trade,6450.0,8011.137643500851,0.9479231815147929,149.3,150.4,151.7,282.0,11.0,1631.538561809833,-0.2167526480903069,0.2362319831709112,0.05469784217517996,1739.6927168414031,3.361574159397918,0.0019322804118541191,3,train,every_4,flat,1525.9715960692897,-105.56696574054331,-0.06068138626930125,False
2026-08-27,2027-08-20,0.9801505817932923,SPX270820P06800000,2026-08-27T16:27:03+00:00,-212.95,put,reference-session last trade,6800.0,8011.137643500851,0.9479231815147929,194.9,196.4,199.21,538.0,40.0,1347.2754482796554,-0.163910166715927,0.22043065949588658,0.047625198853369896,2071.7991926232,3.361574159397918,0.001622538598995048,4,train,every_4,flat,1240.061479549862,-107.21396872979335,-0.05174920866439997,False
2026-08-27,2027-08-20,0.9801505817932923,SPX270820P06850000,2026-08-27T17:57:20+00:00,-122.66666666666667,put,reference-session last trade,6850.0,8011.137643500851,0.9479231815147929,203.3,204.7,206.5,122.0,2.0,1307.1692892039157,-0.1565841266238542,0.21792983283589482,0.04655069544223797,2118.9557083814575,3.361574159397918,0.0015864296483882722,5,holdout,every_4,flat,1201.2806004464348,-105.88868875748085,-0.04997211047811983,False
2026-08-27,2027-08-20,0.9801505817932923,SPX270820P07000000,2026-08-27T19:09:08+00:00,-50.86666666666667,put,reference-session last trade,7000.0,8011.137643500851,0.9479231815147929,228.0,229.3,233.0,656.0,23.0,1191.4808119766967,-0.13492262984267478,0.21176132339071133,0.04395275344048838,2266.745653218873,3.361574159397918,0.001482995745298703,6,train,every_4,flat,1088.4643045279415,-103.01650744875519,-0.045446875480920176,False
2026-08-27,2027-08-20,0.9801505817932923,SPX270820P07250000,2026-08-27T18:33:15+00:00,-86.75,put,reference-session last trade,7250.0,8011.137643500851,0.9479231815147929,275.7,277.1,283.49,575.0,8.0,1004.9900165979985,-0.09983131003140472,0.20123982108038305,0.03969361445768739,2504.2025012360145,3.361574159397918,0.0013423731338574757,7,train,every_4,flat,913.1958664793548,-91.79415011864376,-0.036656041224036935,False
2026-08-27,2027-08-20,0.9801505817932923,SPX270820P07350000,2026-08-27T13:39:51+00:00,-380.15,put,reference-session last trade,7350.0,8011.137643500851,0.9479231815147929,297.4,298.7,311.5,147.0,4.0,938.2076984465192,-0.08613246567324277,0.19900412113593088,0.03881655086108737,2598.4295665091213,3.361574159397918,0.0012936945464002124,8,train,every_4,flat,847.8825188794499,-90.32517956706931,-0.034761450043234124,False
2026-08-27,2027-08-20,0.9801505817932923,SPX270820P07425000,2026-08-27T18:09:28+00:00,-110.53333333333333,put,reference-session last trade,7425.0,8011.137643500851,0.9479231815147929,315.7,317.1,322.42,193.0,4.0,878.0334598329098,-0.0759800942092248,0.1930319142721049,0.03652170440537732,2655.9377483286694,3.361574159397918,0.0012656825866921362,9,holdout,every_4,flat,800.7765177219877,-77.25694211092207,-0.02908838588537641,False
2026-08-27,2027-08-20,0.9801505817932923,SPX270820P07650000,2026-08-27T17:26:27+00:00,-153.55,put,reference-session last trade,7650.0,8011.137643500851,0.9479231815147929,373.7,375.2,378.4,170.0,79.0,720.7307439920813,-0.046127131059543636,0.181786829308415,0.03239049847770688,2824.7809634150985,3.361574159397918,0.0011900300246054647,10,train,every_4,flat,669.3744656193329,-51.35627837274842,-0.018180623219245927,False
2026-08-27,2027-08-20,0.9801505817932923,SPX270820P07750000,2026-08-27T20:03:19+00:00,3.316666666666667,put,reference-session last trade,7750.0,8011.137643500851,0.9479231815147929,405.3,406.6,410.4,298.0,1.0,657.938425840602,-0.033139935532732444,0.17815481934596877,0.03110913619963786,2887.1724698572957,3.361574159397918,0.0011643135955657234,11,train,every_4,flat,615.8155972806675,-42.12282855993453,-0.014589647483725328,False
2026-08-27,2027-08-20,0.9801505817932923,SPX270820P07850000,2026-08-27T13:39:51+00:00,-380.15,put,reference-session last trade,7850.0,8011.137643500851,0.9479231815147929,437.0,438.4,455.65,103.0,2.0,608.3961076891228,-0.020319247103670973,0.17823813879826778,0.031138241247838098,2937.933195311377,3.361574159397918,0.0011441969357106642,12,train,every_4,flat,565.2458377524675,-43.15026993665526,-0.014687287650215607,False
2026-08-27,2027-08-20,0.9801505817932923,SPX270820C08050000,2026-08-27T19:16:04+00:00,-43.93333333333333,call,reference-session last trade,8050.0,8011.137643500851,0.9479231815147929,490.5,492.8,479.6,195.0,2.0,479.6,0.004839312532483916,0.16575588341836048,0.02692964986675646,2995.1866025562954,3.361574159397918,0.001122325452620856,13,holdout,every_4,flat,472.9827861532223,-6.617213846777702,-0.002209282667440527,False
2026-08-27,2027-08-20,0.9801505817932923,SPX270820C08200000,2026-08-27T20:14:39+00:00,14.65,call,reference-session last trade,8200.0,8011.137643500851,0.9479231815147929,411.2,414.0,403.2,263.0,2.0,403.2,0.023301375372219282,0.1608168613967989,0.02534871600713804,2992.653055208593,3.361574159397918,0.0011232756010748498,14,train,every_4,flat,411.3704378549506,8.170437854950592,0.002730165409829339,False
2026-08-27,2027-08-20,0.9801505817932923,SPX270820C08300000,2026-08-27T16:39:35+00:00,-200.41666666666666,call,reference-session last trade,8300.0,8011.137643500851,0.9479231815147929,364.3,366.1,359.75,3298.0,500.0,359.75,0.03542273590456412,0.1588209032245777,0.024723396002144564,2967.241325321256,3.361574159397918,0.0011328954374932644,15,train,every_4,flat,373.781523001453,14.031523001453024,0.00472881085933712,False
2026-08-27,2027-08-20,0.9801505817932923,SPX270820C08375000,2026-08-27T15:55:29+00:00,-244.51666666666668,call,reference-session last trade,8375.0,8011.137643500851,0.9479231815147929,329.0,331.0,323.22,176.0,63.0,323.22,0.044418298813141986,0.15533133458836976,0.02364890024583562,2932.7097834179417,3.361574159397918,0.0011462348502415244,16,train,every_4,flat,347.3599539478287,24.1399539478287,0.008231279509592206,False
2026-08-27,2027-08-20,0.9801505817932923,SPX270820C08550000,2026-08-27T16:44:26+00:00,-195.56666666666666,call,reference-session last trade,8550.0,8011.137643500851,0.9479231815147929,259.2,261.1,258.13,136.0,28.0,258.13,0.0650985040506807,0.15181091994476295,0.022589094697829243,2813.1680819825456,3.361574159397918,0.0011949425208282933,17,holdout,every_4,flat,291.3604324874582,33.23043248745819,0.011812458949853949,False
2026-08-27,2027-08-20,0.9801505817932923,SPX270820C08675000,2026-08-27T20:14:48+00:00,14.8,call,reference-session last trade,8675.0,8011.137643500851,0.9479231815147929,215.7,217.2,210.3,36.0,4.0,210.3,0.07961254693493483,0.14676195277119924,0.02111153275749549,2679.00102125166,3.361574159397918,0.0012547864419354914,18,train,every_4,flat,255.95167215509522,45.65167215509521,0.017040557951622664,False
2026-08-27,2027-08-20,0.9801505817932923,SPX270820C08850000,2026-08-27T19:59:52+00:00,-0.13333333333333333,call,reference-session last trade,8850.0,8011.137643500851,0.9479231815147929,166.0,167.4,163.9,917.0,369.0,163.9,0.0995846801218501,0.14446507881353735,0.02045589848263753,2467.5384639871822,3.361574159397918,0.0013623188487064573,19,train,every_4,flat,212.3237251730008,48.423725173000804,0.019624304090788164,False
2026-08-27,2027-08-20,0.9801505817932923,SPX270820C08950000,2026-08-27T19:59:23+00:00,-0.6166666666666667,call,reference-session last trade,8950.0,8011.137643500851,0.9479231815147929,141.6,142.9,140.4,1782.0,43.0,140.4,0.11082075338877598,0.1429197492653986,0.02002060942743386,2327.0020803689777,3.361574159397918,0.0014445943936865304,20,train,every_4,flat,190.2838278520459,49.8838278520459,0.02143695026011156,False
2026-08-27,2027-08-20,0.9801505817932923,SPX270820C09100000,2026-08-27T19:50:37+00:00,-9.383333333333333,call,reference-session last trade,9100.0,8011.137643500851,0.9479231815147929,111.1,112.5,107.55,132.0,1.0,107.55,0.12744163462481628,0.13952604669191365,0.019081098805091627,2083.680212345836,3.361574159397918,0.001613286981121451,21,holdout,every_4,flat,160.83572073785254,53.28572073785254,0.02557288801906063,False
2026-08-27,2027-08-20,0.9801505817932923,SPX270820C09300000,2026-08-27T13:36:04+00:00,-383.93333333333334,call,reference-session last trade,9300.0,8011.137643500851,0.9479231815147929,78.9,80.1,72.6,154.0,100.0,72.6,0.14918162126122222,0.13502142306451817,0.017868914216891445,1729.8094018684856,3.361574159397918,0.0019433205506727224,22,train,every_4,flat,127.66481999541107,55.06481999541107,0.0318328828227733,False
2026-08-27,2027-08-20,0.9801505817932923,SPX270820C09600000,2026-08-27T18:43:33+00:00,-76.45,call,reference-session last trade,9600.0,8011.137643500851,0.9479231815147929,46.0,46.9,44.16,437.0,20.0,44.16,0.1809303195758024,0.13435327847044043,0.017692505489392323,1298.8902120316588,3.361574159397918,0.002588035638624078,23,train,every_4,flat,89.02950846827551,44.86950846827551,0.03454449656533548,False
2026-08-27,2027-08-20,0.9801505817932923,SPX270820C10200000,2026-08-27T14:52:27+00:00,-307.55,call,reference-session last trade,10200.0,8011.137643500851,0.9479231815147929,14.5,15.1,13.99,817.0,2.0,13.99,0.24155494139223724,0.13179370213097683,0.017024803865454168,608.594357173919,3.361574159397918,0.005523505303282455,24,train,every_4,flat,41.32357901283275,27.33357901283275,0.044912639577796135,False
2026-08-27,2026-09-18,0.06023271731690623,SPX260918P05475000,2026-08-27T19:59:48+00:00,-0.2,put,reference-session last trade,5475.0,7741.608398158938,0.9959553475339589,0.4,0.6,0.5,1236.0,1.0,2257.940754911775,-0.34641719369064733,0.49473259129427516,0.014742580182210712,10.821587764389916,3.1068981283412995,0.2871018741413364,0,train,every_4,svi,2257.823551191914,-0.11720371986120881,-0.01083054745874589,True
2026-08-27,2026-09-18,0.06023271731690623,SPX260918P05825000,2026-08-27T14:17:49+00:00,-342.18333333333334,put,reference-session last trade,5825.0,7741.608398158938,0.9959553475339589,0.75,0.9,0.95,1444.0,1.0,1909.8063832748894,-0.28445046994144757,0.44016043232058366,0.011669559304515123,20.41192024445222,3.1068981283412995,0.1522099876510015,1,holdout,every_4,svi,1909.5904831776147,-0.21590009727469806,-0.01057715759659495,True
2026-08-27,2026-09-18,0.06023271731690623,SPX260918P05960000,2026-08-27T14:20:50+00:00,-339.1666666666667,put,reference-session last trade,5960.0,7741.608398158938,0.9959553475339589,0.9,1.05,1.15,205.0,1.0,1775.552411357805,-0.2615389883159535,0.41638874372387547,0.010443123586033783,25.01610755957548,3.1068981283412995,0.12419590541583132,2,train,every_4,svi,1775.3377203357638,-0.2146910220412792,-0.008582111406820418,True
2026-08-27,2026-09-18,0.06023271731690623,SPX260918P06080000,2026-08-27T14:28:37+00:00,-331.3833333333333,put,reference-session last trade,6080.0,7741.608398158938,0.9959553475339589,1.1,1.3,1.35,498.0,1.0,1656.2377696537299,-0.24160477341513617,0.39471778853743006,0.009384385809536882,29.800413540962495,3.1068981283412995,0.10425687965942747,3,train,every_4,svi,1656.0439686684033,-0.1938009853265612,-0.006503298521685609,True
2026-08-27,2026-09-18,0.06023271731690623,SPX260918P06140000,2026-08-27T14:38:49+00:00,-321.18333333333334,put,reference-session last trade,6140.0,7741.608398158938,0.9959553475339589,1.15,1.35,1.45,228.0,1.0,1596.5804488016925,-0.23178472723416077,0.38344024544785404,0.008855800904149027,32.340786649943965,3.1068981283412995,0.09606748784345612,4,train,every_4,svi,1596.4147247325884,-0.16572406910404425,-0.005124305444324477,True
2026-08-27,2026-09-18,0.06023271731690623,SPX260918P06210000,2026-08-27T14:17:48+00:00,-342.2,put,reference-session last trade,6210.0,7741.608398158938,0.9959553475339589,1.3,1.45,1.65,494.0,1.0,1527.0635744743154,-0.22044857344782448,0.37228125547075974,0.008347853059130656,36.76524736777681,3.1068981283412995,0.08450638444675242,5,holdout,every_4,svi,1526.8644060523056,-0.19916842200973406,-0.005417301290465321,True
2026-08-27,2026-09-18,0.06023271731690623,SPX260918P06310000,2026-08-27T16:54:32+00:00,-185.46666666666667,put,reference-session last trade,6310.0,7741.608398158938,0.9959553475339589,1.55,1.75,1.8,976.0,151.0,1427.6180397209193,-0.2044737928400901,0.3518707211839501,0.007457593695779025,41.27606654016315,3.1068981283412995,0.07527117743446246,6,train,every_4,svi,1427.5435907600086,-0.0744489609107859,-0.0018036835181071405,True
2026-08-27,2026-09-18,0.06023271731690623,SPX260918P06400000,2026-08-27T19:55:05+00:00,-4.916666666666667,put,reference-session last trade,6400.0,7741.608398158938,0.9959553475339589,1.7,1.9,2.1,17606.0,26.0,1338.282058442863,-0.19031147902758577,0.33668442847935637,0.00682776426110981,48.34204217233265,3.1068981283412995,0.06426907074520435,7,train,every_4,svi,1338.198514888023,-0.08354355483993459,-0.0017281759538025608,True
2026-08-27,2026-09-18,0.06023271731690623,SPX260918P06625000,2026-08-27T17:58:26+00:00,-121.56666666666666,put,reference-session last trade,6625.0,7741.608398158938,0.9959553475339589,2.45,2.6,2.93,2184.0,23.0,1115.0221052477225,-0.15575909752092598,0.2955235991128272,0.0052603760381031575,69.55115034350275,3.1068981283412995,0.04467069362615562,8,train,every_4,svi,1115.0801136710913,0.05800842336884671,0.0008340397402825367,True
2026-08-27,2026-09-18,0.06023271731690623,SPXW260918P06790000,2026-08-27T18:57:20+00:00,-62.666666666666664,put,reference-session last trade,6790.0,7741.608398158938,0.9959553475339589,3.4,3.6,4.13,116.0,1.0,951.8894729046191,-0.13115852782260717,0.2683594247148257,0.004337766402004075,97.28063007766478,3.1068981283412995,0.03193747949474507,9,holdout,every_4,svi,951.7920849361149,-0.09738796850422204,-0.0010011033895079788,True
2026-08-27,2026-09-18,0.06023271731690623,SPXW260918P06870000,2026-08-27T14:52:45+00:00,-307.25,put,reference-session last trade,6870.0,7741.608398158938,0.9959553475339589,3.8,4.0,4.5,83.0,2.0,872.5830451019025,-0.11944536315895393,0.2513219814900629,0.0038044633658097563,108.99971210524686,3.1068981283412995,0.028503727838669626,10,train,every_4,svi,872.7798973477385,0.19685224583599847,0.0018059886767950713,True
2026-08-27,2026-09-18,0.06023271731690623,SPXW260918P06950000,2026-08-27T19:16:58+00:00,-43.03333333333333,put,reference-session last trade,6950.0,7741.608398158938,0.9959553475339589,4.6,4.8,5.3,2350.0,39.0,793.7066172991857,-0.1078678098165111,0.23715254157077256,0.003387568009353851,128.36387081276158,3.1068981283412995,0.024203836396248814,11,train,every_4,svi,793.9162727073651,0.2096554081794011,0.001633289856810377,True
2026-08-27,2026-09-18,0.06023271731690623,SPX260918P07075000,2026-08-27T19:48:03+00:00,-11.95,put,reference-session last trade,7075.0,7741.608398158938,0.9959553475339589,5.6,5.9,5.75,1995.0,4.0,669.6621988574409,-0.09004202586391061,0.20715184506967296,0.002584699554132609,150.33746127890825,3.1068981283412995,0.02066616066222734,12,train,every_4,svi,671.1283737349339,1.4661748774930174,0.009752558444318469,True
2026-08-27,2026-09-18,0.06023271731690623,SPXW260918P07135000,2026-08-27T16:47:29+00:00,-192.51666666666668,put,reference-session last trade,7135.0,7741.608398158938,0.9959553475339589,6.8,7.1,7.7,65.0,22.0,611.8548780054034,-0.0815972184644121,0.20228996060019444,0.0024647967679995095,187.70224130524178,3.1068981283412995,0.016552269737093096,13,holdout,every_4,svi,612.468480274964,0.6136022695606016,0.0032690194069806564,True
2026-08-27,2026-09-18,0.06023271731690623,SPX260918P07230000,2026-08-27T14:18:39+00:00,-341.35,put,reference-session last trade,7230.0,7741.608398158938,0.9959553475339589,8.4,8.8,10.8,608.0,1.0,520.3391199896772,-0.06837043322253855,0.18923011859250669,0.0021568154174284766,246.7775029685665,3.1068981283412995,0.012589875863753446,14,train,every_4,svi,520.169967544122,-0.16915244555525533,-0.0006854451622229165,True
2026-08-27,2026-09-18,0.06023271731690623,SPX260918P07285000,2026-08-27T20:10:10+00:00,10.166666666666666,put,reference-session last trade,7285.0,7741.608398158938,0.9959553475339589,10.0,10.5,11.7,659.0,37.0,466.4615758753095,-0.06079202974604377,0.17617356637166853,0.0018694504058548373,272.4720580014003,3.1068981283412995,0.011402630240805582,15,train,every_4,svi,467.20484078900927,0.7432649136997611,0.0027278573779331945,True
2026-08-27,2026-09-18,0.06023271731690623,SPXW260918P07465000,2026-08-27T18:51:55+00:00,-68.08333333333333,put,reference-session last trade,7465.0,7741.608398158938,0.9959553475339589,20.8,21.1,26.05,131.0,7.0,301.5396133191969,-0.03638403840205821,0.15499927049790516,0.0014470774122037535,469.1049744936451,3.1068981283412995,0.006623033856536919,16,train,every_4,svi,298.584667504321,-2.9549458148759413,-0.006299114218657623,True
2026-08-27,2026-09-18,0.06023271731690623,SPXW260918P07560000,2026-08-27T17:40:01+00:00,-139.98333333333332,put,reference-session last trade,7560.0,7741.608398158938,0.9959553475339589,31.5,31.9,35.5,192.0,50.0,216.3738553034708,-0.023738279201770206,0.1357425458362577,0.0011098503833056469,578.668622640051,3.1068981283412995,0.005369045437726943,17,holdout,every_4,svi,215.42711932196087,-0.9467359815099314,-0.0016360589540705566,True
2026-08-27,2026-09-18,0.06023271731690623,SPXW260918C07805000,2026-08-27T19:09:31+00:00,-50.483333333333334,call,reference-session last trade,7805.0,7741.608398158938,0.9959553475339589,53.6,54.2,51.18,131.0,44.0,51.18,0.008155084574183433,0.10389965749312098,0.0006502205453747644,720.149749439073,3.1068981283412995,0.004314238990933862,18,train,every_4,svi,53.120967087268866,1.9409670872688665,0.002695227053513095,True
2026-08-27,2026-09-18,0.06023271731690623,SPX260918C07905000,2026-08-27T19:50:40+00:00,-9.333333333333334,call,reference-session last trade,7905.0,7741.608398158938,0.9959553475339589,20.5,21.2,20.04,293.0,6.0,20.04,0.02088600126822348,0.0982013774479675,0.0005808548438574127,523.9893297293258,3.1068981283412995,0.005929315640733013,19,train,every_4,svi,21.84276203094385,1.8027620309438497,0.0034404556136192546,True
2026-08-27,2026-09-18,0.06023271731690623,SPXW260918C07990000,2026-08-27T17:30:18+00:00,-149.7,call,reference-session last trade,7990.0,7741.608398158938,0.9959553475339589,8.0,8.3,10.36,275.0,14.0,10.36,0.03158129038497148,0.10393223117447335,0.0006506283118190055,356.32384928487073,3.1068981283412995,0.008719310073060597,20,train,every_4,svi,9.305767052762464,-1.0542329472375354,-0.0029586370638769854,True
2026-08-27,2026-09-18,0.06023271731690623,SPX260918C08080000,2026-08-27T17:08:38+00:00,-171.36666666666667,call,reference-session last trade,8080.0,7741.608398158938,0.9959553475339589,2.5,2.7,3.55,1444.0,1.0,3.55,0.042782403139792036,0.10212639675729217,0.0006282152501623896,179.6738468981727,3.1068981283412995,0.017291877376578266,21,holdout,every_4,svi,3.8336067863053622,0.2836067863053624,0.0015784533542385387,True
2026-08-27,2026-09-18,0.06023271731690623,SPXW260918C08280000,2026-08-27T15:30:04+00:00,-269.93333333333334,call,reference-session last trade,8280.0,7741.608398158938,0.9959553475339589,0.6,0.75,0.78,69.0,20.0,0.78,0.06723349900395653,0.11774270265444674,0.0008350268819280386,52.112801297135604,3.1068981283412995,0.05961871269645355,22,train,every_4,svi,0.9073285936291752,0.12732859362917515,0.0024433266003716786,True
2026-08-27,2026-09-18,0.06023271731690623,SPX260918C08380000,2026-08-27T15:56:16+00:00,-243.73333333333332,call,reference-session last trade,8380.0,7741.608398158938,0.9959553475339589,0.35,0.5,0.53,156.0,70.0,0.53,0.07923844510077975,0.1297310320851168,0.0010137251063357462,35.489441250686994,3.1068981283412995,0.08754429539747001,23,train,every_4,svi,0.603838725931508,0.07383872593150798,0.002080582937610454,True
2026-08-27,2026-09-18,0.06023271731690623,SPX260918C08675000,2026-08-27T17:13:13+00:00,-166.78333333333333,call,reference-session last trade,8675.0,7741.608398158938,0.9959553475339589,0.05,0.25,0.25,347.0,1.0,0.25,0.113835856439711,0.1654965318282324,0.0016497200411712775,15.733618536975712,3.1068981283412995,0.1974687590804208,24,train,every_4,svi,0.35545273017612034,0.10545273017612034,0.006702382540182665,True
2026-08-27,2026-11-20,0.2327173169062286,SPX261120P05500000,2026-08-27T17:45:42+00:00,-134.3,put,reference-session last trade,5500.0,7784.875446624804,0.9999999999999999,8.6,9.1,8.56,9700.0,1.0,2293.4354466248033,-0.34743471377051904,0.3536123307173027,0.029099364372354438,157.67941674060665,8.384553375196333,0.05317468537437256,0,train,every_4,svi,2292.8323829330952,-0.6030636917080301,-0.0038246189906962352,True
2026-08-27,2026-11-20,0.2327173169062286,SPX261120P05725000,2026-08-27T20:10:11+00:00,10.183333333333334,put,reference-session last trade,5725.0,7784.875446624804,0.9999999999999999,10.8,11.2,11.0,371.0,15.0,2070.8754466248033,-0.3073402565686409,0.33090219363396456,0.025481676246133962,200.68342514561533,8.384553375196333,0.041779999365231704,1,holdout,every_4,svi,2070.23918267412,-0.6362639506833148,-0.0031704858048024814,True
2026-08-27,2026-11-20,0.2327173169062286,SPX261120P06025000,2026-08-27T19:56:06+00:00,-3.9,put,reference-session last trade,6025.0,7784.875446624804,0.9999999999999999,14.8,15.2,14.7,277.0,1.0,1774.5754466248036,-0.2562653266322255,0.29817606914045575,0.02069065653027947,268.89490765490046,8.384553375196333,0.031181525333893876,2,train,every_4,svi,1774.5642754697444,-0.011171155059173543,-4.1544688058989186e-05,True
2026-08-27,2026-11-20,0.2327173169062286,SPXW261120P06250000,2026-08-27T19:59:30+00:00,-0.5,put,reference-session last trade,6250.0,7784.875446624804,0.9999999999999999,19.1,19.5,19.3,128.0,15.0,1554.1754466248035,-0.21960134226063402,0.27639295177118334,0.01777798883517304,345.05583919709306,8.384553375196333,0.024299120382098926,3,train,every_4,svi,1553.9853948764865,-0.19005174831704608,-0.0005507854866600014,True
2026-08-27,2026-11-20,0.2327173169062286,SPX261120P06525000,2026-08-27T19:55:48+00:00,-4.2,put,reference-session last trade,6525.0,7784.875446624804,0.9999999999999999,25.8,26.3,25.9,480.0,3.0,1285.7754466248036,-0.17654185280018714,0.24696321502264446,0.014193622214421022,456.7176739738905,8.384553375196333,0.0183582853324736,4,train,every_4,svi,1286.4742174095288,0.6987707847251841,0.0015299841117274809,True
2026-08-27,2026-11-20,0.2327173169062286,SPX261120P06770000,2026-08-27T19:51:49+00:00,-8.183333333333334,put,reference-session last trade,6770.0,7784.875446624804,0.9999999999999999,35.0,35.6,35.6,236.0,1.0,1050.4754466248037,-0.13968171908476057,0.2229347339807226,0.011566026358055365,600.2142135319554,8.384553375196333,0.013969268281498203,5,holdout,every_4,svi,1051.2095273472949,0.7340807224911714,0.0012230312210893502,True
2026-08-27,2026-11-20,0.2327173169062286,SPXW261120P06875000,2026-08-27T19:57:23+00:00,-2.6166666666666667,put,reference-session last trade,6875.0,7784.875446624804,0.9999999999999999,41.0,41.4,41.5,97.0,1.0,951.3754466248037,-0.12429116245630915,0.21327803296053283,0.01058573345434278,677.8257286798826,8.384553375196333,0.012369777393262855,6,train,every_4,svi,951.7317969869008,0.356350362097146,0.0005257256356898189,True
2026-08-27,2026-11-20,0.2327173169062286,SPX261120P06980000,2026-08-27T15:25:02+00:00,-274.96666666666664,put,reference-session last trade,6980.0,7784.875446624804,0.9999999999999999,46.7,47.5,48.29,420.0,2.0,853.1654466248036,-0.10913388923466313,0.2032480618358852,0.009613499916231963,762.6608248398801,8.384553375196333,0.0109938167821281,7,train,every_4,svi,853.3929356858624,0.2274890610588045,0.00029828339630079415,True
2026-08-27,2026-11-20,0.2327173169062286,SPX261120P07040000,2026-08-27T19:35:19+00:00,-24.683333333333334,put,reference-session last trade,7040.0,7784.875446624804,0.9999999999999999,51.3,51.8,52.92,456.0,100.0,797.7954466248036,-0.10057463583899322,0.19769434029650265,0.009095303041062007,816.1021544051524,8.384553375196333,0.010273901778028926,8,train,every_4,svi,797.8352794182027,0.03983279339911405,4.880858748393787e-05,True
2026-08-27,2026-11-20,0.2327173169062286,SPX261120P07130000,2026-08-27T15:01:44+00:00,-298.26666666666665,put,reference-session last trade,7130.0,7784.875446624804,0.9999999999999999,58.2,59.0,60.97,158.0,42.0,715.8454466248037,-0.08787157158273957,0.18944519540892804,0.008352103970978204,902.1770286986886,8.384553375196333,0.009293689717737901,9,holdout,every_4,svi,715.5738626254987,-0.271583999304994,-0.00030103182708689685,True
2026-08-27,2026-11-20,0.2327173169062286,SPX261120P07220000,2026-08-27T19:08:22+00:00,-51.63333333333333,put,reference-session last trade,7220.0,7784.875446624804,0.9999999999999999,67.2,67.8,71.1,504.0,3.0,635.9754466248037,-0.0753278531042093,0.181784363707217,0.0076902728693147415,996.73286841459,8.384553375196333,0.008412036605688402,10,train,every_4,svi,634.9033710731372,-1.072075551666444,-0.0010755896445671493,True
2026-08-27,2026-11-20,0.2327173169062286,SPX261120P07290000,2026-08-27T19:35:19+00:00,-24.683333333333334,put,reference-session last trade,7290.0,7784.875446624804,0.9999999999999999,75.2,75.9,78.64,534.0,100.0,573.5154466248038,-0.06567925998837744,0.17427242631149178,0.0070678293734757515,1067.571819861303,8.384553375196333,0.007853854156890015,11,train,every_4,svi,573.5295163277204,0.014069702916685856,1.3179162895582767e-05,True
2026-08-27,2026-11-20,0.2327173169062286,SPX261120P07390000,2026-08-27T19:51:52+00:00,-8.133333333333333,put,reference-session last trade,7390.0,7784.875446624804,0.9999999999999999,89.2,90.0,92.2,408.0,25.0,487.0754466248037,-0.05205507104883375,0.1641969242760681,0.006274205462139005,1175.3017784850435,8.384553375196333,0.007133957872508258,12,train,every_4,svi,488.47300683666066,1.3975602118569554,0.0011891075444967008,True
2026-08-27,2026-11-20,0.2327173169062286,SPX261120P07475000,2026-08-27T19:37:33+00:00,-22.45,put,reference-session last trade,7475.0,7784.875446624804,0.9999999999999999,104.4,105.3,108.34,3178.0,202.0,418.2154466248037,-0.04061868673219403,0.1573464970791937,0.005761596747879207,1271.3387415394502,8.384553375196333,0.006595058501122658,13,holdout,every_4,svi,419.210046248163,0.9945996233593064,0.0007823246400522308,True
2026-08-27,2026-11-20,0.2327173169062286,SPXW261120P07550000,2026-08-27T19:58:14+00:00,-1.7666666666666666,put,reference-session last trade,7550.0,7784.875446624804,0.9999999999999999,121.2,122.1,124.84,164.0,3.0,359.71544662480375,-0.03063524274801089,0.15107646143540465,0.005311562661154501,1349.7921342767659,8.384553375196333,0.006211736727662051,14,train,every_4,svi,360.98391249349874,1.2684658686949888,0.0009397490446739396,True
2026-08-27,2026-11-20,0.2327173169062286,SPX261120P07680000,2026-08-27T14:53:37+00:00,-306.3833333333333,put,reference-session last trade,7680.0,7784.875446624804,0.9999999999999999,156.9,157.9,165.05,181.0,35.0,269.9254466248038,-0.013563258849363376,0.1434317878573276,0.004787618371733611,1458.9055458867686,8.384553375196333,0.005747152993444781,15,train,every_4,svi,268.1497282551972,-1.7757183696065795,-0.0012171578719493057,True
2026-08-27,2026-11-20,0.2327173169062286,SPXW261120P07725000,2026-08-27T15:28:04+00:00,-271.93333333333334,put,reference-session last trade,7725.0,7784.875446624804,0.9999999999999999,172.9,173.7,180.22,70.0,5.0,240.09544662480377,-0.0077209832251350806,0.13992568828247073,0.004556418481895878,1481.873427740565,8.384553375196333,0.005658076606434862,16,train,every_4,svi,238.8695001315527,-1.2259464932510582,-0.0008272950106948591,True
2026-08-27,2026-11-20,0.2327173169062286,SPX261120C07845000,2026-08-27T17:06:23+00:00,-173.61666666666667,call,reference-session last trade,7845.0,7784.875446624804,0.9999999999999999,172.5,173.6,176.4,74.0,2.0,176.4,0.007693580176051764,0.1363683657616582,0.004327688296626854,1492.9380812472377,8.384553375196333,0.0056161427459815805,17,holdout,every_4,svi,169.30966657320639,-7.09033342679362,-0.004749248154263825,True
2026-08-27,2026-11-20,0.2327173169062286,SPX261120C07920000,2026-08-27T15:19:51+00:00,-280.15,call,reference-session last trade,7920.0,7784.875446624804,0.9999999999999999,137.1,138.1,134.88,61.0,6.0,134.88,0.017208399817390377,0.1290847602549084,0.0038777396387562222,1453.8499230370749,8.384553375196333,0.0057671381635327965,18,train,every_4,svi,132.7762012169728,-2.1037987830272016,-0.0014470536124061495,True
2026-08-27,2026-11-20,0.2327173169062286,SPX261120C07980000,2026-08-27T19:39:40+00:00,-20.333333333333332,call,reference-session last trade,7980.0,7784.875446624804,0.9999999999999999,110.6,111.6,106.91,509.0,50.0,106.91,0.024755605452773277,0.12437234580841815,0.00359978325574413,1392.4780278836718,8.384553375196333,0.006021318259462534,19,train,every_4,svi,107.62168125485367,0.7116812548536728,0.0005110897555312283,True
2026-08-27,2026-11-20,0.2327173169062286,SPX261120C08060000,2026-08-27T18:53:29+00:00,-66.51666666666667,call,reference-session last trade,8060.0,7784.875446624804,0.9999999999999999,81.8,82.8,77.5,33.0,1.0,77.5,0.03473075050959271,0.12013077285879092,0.0033584372893916098,1273.3397229489456,8.384553375196333,0.0065846947394199145,20,train,every_4,svi,79.7019148408567,2.201914840856702,0.0017292438154346242,True
2026-08-27,2026-11-20,0.2327173169062286,SPX261120C08180000,2026-08-27T19:34:24+00:00,-25.6,call,reference-session last trade,8180.0,7784.875446624804,0.9999999999999999,50.8,51.7,48.69,19.0,1.0,48.69,0.04950934460571146,0.11846990945766293,0.003266215340142594,1054.8446982137298,8.384553375196333,0.00794861403711343,21,holdout,every_4,svi,49.03046999552543,0.34046999552543156,0.00032276788810901,True
2026-08-27,2026-11-20,0.2327173169062286,SPXW261120C08240000,2026-08-27T16:03:14+00:00,-236.76666666666668,call,reference-session last trade,8240.0,7784.875446624804,0.9999999999999999,39.9,40.4,39.1,37.0,11.0,39.1,0.05681753791243609,0.11905190979722304,0.003298385665273432,944.5088697872729,8.384553375196333,0.008877156841401335,22,train,every_4,svi,38.067581312520126,-1.0324186874798755,-0.0010930746343466337,True
2026-08-27,2026-11-20,0.2327173169062286,SPXW261120C08350000,2026-08-27T18:38:21+00:00,-81.65,call,reference-session last trade,8350.0,7784.875446624804,0.9999999999999999,23.8,24.3,22.9,340.0,20.0,22.9,0.0700787328538199,0.11627193689998934,0.003146143412430893,710.66156329422,8.384553375196333,0.01179823675327303,23,train,every_4,svi,23.872095336254002,0.9720953362540037,0.001367873804442056,True
2026-08-27,2026-11-20,0.2327173169062286,SPX261120C09100000,2026-08-27T13:44:38+00:00,-375.3666666666667,call,reference-session last trade,9100.0,7784.875446624804,0.9999999999999999,0.95,1.2,1.05,915.0,32.0,1.05,0.15609160751386011,0.12938798141564853,0.003895978719943539,71.00167418927643,8.384553375196333,0.11808951649287552,24,train,every_4,svi,2.9913437819380273,1.9413437819380273,0.027342225434893105,True
2026-08-27,2027-02-19,0.48186173853524983,SPX270219P05625000,2026-08-27T20:10:10+00:00,10.166666666666666,put,reference-session last trade,5625.0,7872.481980038706,0.967163927214507,31.0,31.6,31.3,663.0,3.0,2204.983498158071,-0.3361524369242269,0.3026607405691562,0.044140233273673196,492.830920219106,1.5243562709430591,0.003093061349043097,0,train,every_4,svi,2204.9224485141785,-0.061049643892602035,-0.00012387543351675292,True
2026-08-27,2027-02-19,0.48186173853524983,SPX270219P05800000,2026-08-27T19:34:42+00:00,-25.3,put,reference-session last trade,5800.0,7872.481980038706,0.967163927214507,36.0,36.6,36.56,1722.0,150.0,2040.9898108955322,-0.3055154674623372,0.28941024709015545,0.04035991577620295,566.5750106517871,1.5243562709430591,0.002690475651563668,1,holdout,every_4,svi,2041.2173256946155,0.2275147990833375,0.0004015616552195,True
2026-08-27,2027-02-19,0.48186173853524983,SPX270219P05950000,2026-08-27T18:54:37+00:00,-65.38333333333334,put,reference-session last trade,5950.0,7872.481980038706,0.967163927214507,40.9,41.5,42.25,315.0,1.0,1901.6052218133561,-0.27998216545717236,0.2788679358652692,0.03747309874075575,641.0632353701202,1.5243562709430591,0.0023778563281092956,2,train,every_4,svi,1901.6262948948272,0.021073081471058686,3.287207924018925e-05,True
2026-08-27,2027-02-19,0.48186173853524983,SPX270219P06125000,2026-08-27T13:47:30+00:00,-372.5,put,reference-session last trade,6125.0,7872.481980038706,0.967163927214507,47.6,48.5,50.89,267.0,12.0,1740.9915345508175,-0.2509946285839201,0.26780614662511676,0.034559187575507355,744.3277019121693,1.5243562709430591,0.0020479639102871025,3,train,every_4,svi,1739.7784838800899,-1.2130506707276254,-0.0016297266212332445,True
2026-08-27,2027-02-19,0.48186173853524983,SPX270219P06200000,2026-08-27T20:09:55+00:00,9.916666666666666,put,reference-session last trade,6200.0,7872.481980038706,0.967163927214507,51.2,51.9,52.2,1121.0,5.0,1669.7642400097293,-0.23882409296366489,0.2593762844124177,0.03241775774714329,773.2264146436344,1.5243562709430591,0.001971422913229893,4,train,every_4,svi,1670.7997040172636,1.0354640075343013,0.0013391472250873988,True
2026-08-27,2027-02-19,0.48186173853524983,SPX270219P06300000,2026-08-27T17:31:38+00:00,-148.36666666666667,put,reference-session last trade,6300.0,7872.481980038706,0.967163927214507,56.1,56.9,57.04,1910.0,20.0,1577.8878472882786,-0.2228237516172237,0.2518218928126313,0.030556908318011226,833.8860953919543,1.5243562709430591,0.001828014976345853,5,holdout,every_4,svi,1579.2388297851962,1.3509824969175952,0.0016201043576372241,True
2026-08-27,2027-02-19,0.48186173853524983,SPX270219P06500000,2026-08-27T18:56:52+00:00,-63.13333333333333,put,reference-session last trade,6500.0,7872.481980038706,0.967163927214507,67.9,68.7,70.62,2832.0,5.0,1398.0350618453772,-0.1915712081131193,0.2391743079705626,0.02756458734675637,981.244822538543,1.5243562709430591,0.0015534922946135422,6,train,every_4,svi,1397.7665589717078,-0.26850287366937664,-0.0002736349456344061,True
2026-08-27,2027-02-19,0.48186173853524983,SPX270219P06575000,2026-08-27T16:27:51+00:00,-212.15,put,reference-session last trade,6575.0,7872.481980038706,0.967163927214507,72.9,73.8,74.53,333.0,1.0,1329.4077673042893,-0.1800988069508825,0.2325202355643867,0.026052172897077473,1030.6406788117208,1.5243562709430591,0.0014790375562320796,7,train,every_4,svi,1330.3825770172016,0.974809712912247,0.0009458288741680135,True
2026-08-27,2027-02-19,0.48186173853524983,SPX270219P06675000,2026-08-27T16:43:04+00:00,-196.93333333333334,put,reference-session last trade,6675.0,7872.481980038706,0.967163927214507,80.3,81.5,81.51,3536.0,2.0,1239.6713745828386,-0.16500418072839748,0.22484842048371095,0.024361393418610447,1106.9954131808793,1.5243562709430591,0.0013770213072183566,8,train,every_4,svi,1241.2105753138467,1.5392007310081226,0.001390430992469363,False
2026-08-27,2027-02-19,0.48186173853524983,SPX270219P06775000,2026-08-27T19:27:40+00:00,-32.333333333333336,put,reference-session last trade,6775.0,7872.481980038706,0.967163927214507,89.1,89.8,91.52,1912.0,18.0,1152.9649818613877,-0.1501340182489462,0.21907435787166168,0.023126267139578476,1198.0692179669727,1.5243562709430591,0.0012723440750191124,9,holdout,every_4,svi,1152.919173223106,-0.045808638281641834,-3.823538539732739e-05,True
2026-08-27,2027-02-19,0.48186173853524983,SPX270219P06825000,2026-08-27T15:00:55+00:00,-299.0833333333333,put,reference-session last trade,6825.0,7872.481980038706,0.967163927214507,93.7,94.6,96.43,442.0,1.0,1109.5167855006625,-0.14278104394368735,0.21574982508272791,0.022429693952328744,1242.782207872197,1.5243562709430591,0.0012265675041751307,10,train,every_4,svi,1109.1478875237642,-0.3688979768983245,-0.000296832360941122,True
2026-08-27,2027-02-19,0.48186173853524983,SPX270219P07025000,2026-08-27T20:09:47+00:00,9.783333333333333,put,reference-session last trade,7025.0,7872.481980038706,0.967163927214507,115.1,115.9,117.8,447.0,16.0,937.454000057761,-0.11389816979490133,0.2015380342762291,0.01957205735728149,1426.4543387536942,1.5243562709430591,0.0010686330641854983,11,train,every_4,svi,937.0719560583782,-0.3820439993828586,-0.00026782771029085575,True
2026-08-27,2027-02-19,0.48186173853524983,SPX270219P07200000,2026-08-27T19:38:59+00:00,-21.016666666666666,put,reference-session last trade,7200.0,7872.481980038706,0.967163927214507,139.1,139.9,141.7,1621.0,142.0,792.1003127952224,-0.08929235899270115,0.18952249671657462,0.0173078842164446,1598.165970615671,1.5243562709430591,0.0009538159984446561,12,train,every_4,svi,791.5092828855891,-0.5910299096333347,-0.0003698176037408985,True
2026-08-27,2027-02-19,0.48186173853524983,SPX270219P07250000,2026-08-27T19:36:46+00:00,-23.233333333333334,put,reference-session last trade,7250.0,7872.481980038706,0.967163927214507,146.5,147.6,149.7,1309.0,204.0,751.7421164344971,-0.08237191614812735,0.18620922846239213,0.01670801453952757,1648.1836316786523,1.5243562709430591,0.0009248704098526469,13,holdout,every_4,svi,751.0027618302229,-0.73935460427424,-0.0004485875178369643,True
2026-08-27,2027-02-19,0.48186173853524983,SPX270219P07375000,2026-08-27T17:43:05+00:00,-136.91666666666666,put,reference-session last trade,7375.0,7872.481980038706,0.967163927214507,168.7,170.0,172.16,488.0,5.0,653.3066255326837,-0.06527748278882724,0.17802498636502928,0.01527159385507822,1771.698297715044,1.5243562709430591,0.0008603926937837095,14,train,every_4,svi,652.2986762790509,-1.0079492536327734,-0.0005689169848685432,True
2026-08-27,2027-02-19,0.48186173853524983,SPX270219P07450000,2026-08-27T19:21:04+00:00,-38.93333333333333,put,reference-session last trade,7450.0,7872.481980038706,0.967163927214507,184.8,185.8,189.9,404.0,16.0,598.5093309915957,-0.05515935262324263,0.17446609825081522,0.01466710970907572,1845.712123134383,1.5243562709430591,0.0008258905881565115,15,train,every_4,svi,595.0975721264092,-3.4117588651864708,-0.0018484783311671766,False
2026-08-27,2027-02-19,0.48186173853524983,SPX270219P07625000,2026-08-27T16:50:12+00:00,-189.8,put,reference-session last trade,7625.0,7872.481980038706,0.967163927214507,228.8,229.8,230.35,2399.0,6.0,469.705643729057,-0.031941062521235436,0.16227154135684385,0.012688408902508845,1990.2070503622772,1.5243562709430591,0.0007659284850114368,16,train,every_4,svi,468.8579540379995,-0.8476896910574965,-0.00042593040302173164,True
2026-08-27,2027-02-19,0.48186173853524983,SPX270219C07875000,2026-08-27T19:25:12+00:00,-34.8,call,reference-session last trade,7875.0,7872.481980038706,0.967163927214507,313.2,314.7,303.64,565.0,3.0,303.64,0.0003197996969859973,0.14461880109558828,0.010077944374913779,2106.217385348798,1.5243562709430591,0.0007237411871854907,17,holdout,every_4,svi,311.01301922694216,7.373019226942176,0.0035005974588521284,False
2026-08-27,2027-02-19,0.48186173853524983,SPX270219C08025000,2026-08-27T19:04:20+00:00,-55.666666666666664,call,reference-session last trade,8025.0,7872.481980038706,0.967163927214507,233.7,235.1,226.5,154.0,5.0,226.5,0.019188284001368752,0.13833673796474288,0.00922141366310134,2084.3897798802304,1.5243562709430591,0.0007313201617360881,18,train,every_4,svi,232.21418593781385,5.714185937813852,0.0027414190920386256,False
2026-08-27,2027-02-19,0.48186173853524983,SPX270219C08150000,2026-08-27T18:21:49+00:00,-98.18333333333334,call,reference-session last trade,8150.0,7872.481980038706,0.967163927214507,180.9,182.3,176.14,604.0,1.0,176.14,0.03464454223806064,0.13561389961510328,0.008861981764028732,2002.6961357113987,1.5243562709430591,0.0007611520508584677,19,train,every_4,svi,176.93770673492472,0.7977067349247307,0.000398316409913763,True
2026-08-27,2027-02-19,0.48186173853524983,SPX270219C08200000,2026-08-27T19:47:15+00:00,-12.75,call,reference-session last trade,8200.0,7872.481980038706,0.967163927214507,160.1,161.2,156.66,2209.0,4.0,156.66,0.04076076925549664,0.13374409115997282,0.008619293136088852,1952.1325091445008,1.5243562709430591,0.0007808672125495673,20,train,every_4,svi,157.56094623581697,0.9009462358169742,0.00046151899607050923,True
2026-08-27,2027-02-19,0.48186173853524983,SPX270219C08550000,2026-08-27T16:00:15+00:00,-239.75,call,reference-session last trade,8550.0,7872.481980038706,0.967163927214507,67.1,68.3,65.31,147.0,2.0,65.31,0.0825578979339581,0.12676579199997373,0.0077433090205694345,1413.6855523661955,1.5243562709430591,0.0010782852441206783,21,holdout,every_4,svi,63.181837722251856,-2.128162277748146,-0.0015054000333992769,False
2026-08-27,2027-02-19,0.48186173853524983,SPX270219C08750000,2026-08-27T16:07:08+00:00,-232.86666666666667,call,reference-session last trade,8750.0,7872.481980038706,0.967163927214507,37.8,38.6,36.6,22.0,5.0,36.6,0.10568031535481238,0.12401419969290531,0.0074108030764764845,1045.3957975705653,1.5243562709430591,0.0014581618507416695,22,train,every_4,svi,35.53488214420372,-1.0651178557962808,-0.0010188656375619152,True
2026-08-27,2027-02-19,0.48186173853524983,SPX270219C08850000,2026-08-27T15:01:51+00:00,-298.15,call,reference-session last trade,8850.0,7872.481980038706,0.967163927214507,27.4,28.2,27.2,104.0,28.0,27.2,0.11704407400512731,0.12331365235369457,0.00732731336563499,877.0362589931667,1.5243562709430591,0.0017380766819070999,23,train,every_4,svi,26.54669096046388,-0.6533090395361185,-0.0007449053934054153,True
2026-08-27,2027-02-19,0.48186173853524983,SPX270219C10000000,2026-08-27T14:28:13+00:00,-331.78333333333336,call,reference-session last trade,10000.0,7872.481980038706,0.967163927214507,1.3,1.7,1.45,2296.0,1.0,1.45,0.239211707979335,0.1358969720842035,0.008899016333501006,95.31234155423574,1.5243562709430591,0.015993272708295096,24,train,every_4,svi,1.7072780883019623,0.2572780883019623,0.002699315577674303,True
2026-08-27,2027-08-20,0.9801505817932923,SPX270820P05750000,2026-08-27T14:30:38+00:00,-329.3666666666667,put,reference-session last trade,5750.0,8011.137643500851,0.9479231815147929,88.0,89.2,91.0,32.0,15.0,2234.384788870188,-0.33163292408872896,0.27240776241346354,0.07273304331354792,1182.2561136694133,3.361574159397918,0.0028433552768566133,0,train,every_4,svi,2233.436322014549,-0.9484668556387987,-0.0008022515973252242,True
2026-08-27,2027-08-20,0.9801505817932923,SPX270820P05900000,2026-08-27T20:09:15+00:00,9.25,put,reference-session last trade,5900.0,8011.137643500851,0.9479231815147929,98.4,99.5,100.4,1493.0,6.0,2101.596311642969,-0.3058804279863143,0.2635725051249552,0.06809151713595715,1283.8955559852348,3.361574159397918,0.00261826138717204,1,holdout,every_4,svi,2102.33255997576,0.7362483327910923,0.0005734487742082031,True
2026-08-27,2027-08-20,0.9801505817932923,SPX270820P06375000,2026-08-27T20:06:10+00:00,6.166666666666667,put,reference-session last trade,6375.0,8011.137643500851,0.9479231815147929,141.4,142.4,143.7,6.0,2.0,1694.6328004234424,-0.22844868785349828,0.24005768474565528,0.056483815846541004,1673.8442623747983,3.361574159397918,0.0020082956550740395,2,train,every_4,svi,1696.1635037308536,1.5307033074111587,0.0009144837078447456,True
2026-08-27,2027-08-20,0.9801505817932923,SPX270820P06450000,2026-08-27T17:39:01+00:00,-140.98333333333332,put,reference-session last trade,6450.0,8011.137643500851,0.9479231815147929,149.3,150.4,151.7,282.0,11.0,1631.538561809833,-0.2167526480903069,0.2362319831709112,0.05469784217517996,1739.6927168414031,3.361574159397918,0.0019322804118541191,3,train,every_4,svi,1633.5334089857663,1.9948471759332733,0.0011466663949453845,True
2026-08-27,2027-08-20,0.9801505817932923,SPX270820P06800000,2026-08-27T16:27:03+00:00,-212.95,put,reference-session last trade,6800.0,8011.137643500851,0.9479231815147929,194.9,196.4,199.21,538.0,40.0,1347.2754482796554,-0.163910166715927,0.22043065949588658,0.047625198853369896,2071.7991926232,3.361574159397918,0.001622538598995048,4,train,every_4,svi,1348.1878735754478,0.9124252957924455,0.000440402380231253,True
2026-08-27,2027-08-20,0.9801505817932923,SPX270820P06850000,2026-08-27T17:57:20+00:00,-122.66666666666667,put,reference-session last trade,6850.0,8011.137643500851,0.9479231815147929,203.3,204.7,206.5,122.0,2.0,1307.1692892039157,-0.1565841266238542,0.21792983283589482,0.04655069544223797,2118.9557083814575,3.361574159397918,0.0015864296483882722,5,holdout,every_4,svi,1308.4902993224928,1.3210101185770782,0.000623425073658627,True
2026-08-27,2027-08-20,0.9801505817932923,SPX270820P07000000,2026-08-27T19:09:08+00:00,-50.86666666666667,put,reference-session last trade,7000.0,8011.137643500851,0.9479231815147929,228.0,229.3,233.0,656.0,23.0,1191.4808119766967,-0.13492262984267478,0.21176132339071133,0.04395275344048838,2266.745653218873,3.361574159397918,0.001482995745298703,6,train,every_4,svi,1191.2679382262606,-0.21287375043607426,-9.3911617359356e-05,True
2026-08-27,2027-08-20,0.9801505817932923,SPX270820P07250000,2026-08-27T18:33:15+00:00,-86.75,put,reference-session last trade,7250.0,8011.137643500851,0.9479231815147929,275.7,277.1,283.49,575.0,8.0,1004.9900165979985,-0.09983131003140472,0.20123982108038305,0.03969361445768739,2504.2025012360145,3.361574159397918,0.0013423731338574757,7,train,every_4,svi,1003.0195782274903,-1.970438370508191,-0.000786852648512103,True
2026-08-27,2027-08-20,0.9801505817932923,SPX270820P07350000,2026-08-27T13:39:51+00:00,-380.15,put,reference-session last trade,7350.0,8011.137643500851,0.9479231815147929,297.4,298.7,311.5,147.0,4.0,938.2076984465192,-0.08613246567324277,0.19900412113593088,0.03881655086108737,2598.4295665091213,3.361574159397918,0.0012936945464002124,8,train,every_4,svi,930.6011922919441,-7.606506154575072,-0.002927347445785913,False
2026-08-27,2027-08-20,0.9801505817932923,SPX270820P07425000,2026-08-27T18:09:28+00:00,-110.53333333333333,put,reference-session last trade,7425.0,8011.137643500851,0.9479231815147929,315.7,317.1,322.42,193.0,4.0,878.0334598329098,-0.0759800942092248,0.1930319142721049,0.03652170440537732,2655.9377483286694,3.361574159397918,0.0012656825866921362,9,holdout,every_4,svi,877.5060424810684,-0.5274173518413363,-0.00019858046453582353,True
2026-08-27,2027-08-20,0.9801505817932923,SPX270820P07650000,2026-08-27T17:26:27+00:00,-153.55,put,reference-session last trade,7650.0,8011.137643500851,0.9479231815147929,373.7,375.2,378.4,170.0,79.0,720.7307439920813,-0.046127131059543636,0.181786829308415,0.03239049847770688,2824.7809634150985,3.361574159397918,0.0011900300246054647,10,train,every_4,svi,725.232399824215,4.501655832133679,0.0015936300514753099,False
2026-08-27,2027-08-20,0.9801505817932923,SPX270820P07750000,2026-08-27T20:03:19+00:00,3.316666666666667,put,reference-session last trade,7750.0,8011.137643500851,0.9479231815147929,405.3,406.6,410.4,298.0,1.0,657.938425840602,-0.033139935532732444,0.17815481934596877,0.03110913619963786,2887.1724698572957,3.361574159397918,0.0011643135955657234,11,train,every_4,svi,661.3128185729083,3.374392732306319,0.0011687534317868808,False
2026-08-27,2027-08-20,0.9801505817932923,SPX270820P07850000,2026-08-27T13:39:51+00:00,-380.15,put,reference-session last trade,7850.0,8011.137643500851,0.9479231815147929,437.0,438.4,455.65,103.0,2.0,608.3961076891228,-0.020319247103670973,0.17823813879826778,0.031138241247838098,2937.933195311377,3.361574159397918,0.0011441969357106642,12,train,every_4,svi,599.9654567584464,-8.430650930676393,-0.0028695856475330337,False
2026-08-27,2027-08-20,0.9801505817932923,SPX270820C08050000,2026-08-27T19:16:04+00:00,-43.93333333333333,call,reference-session last trade,8050.0,8011.137643500851,0.9479231815147929,490.5,492.8,479.6,195.0,2.0,479.6,0.004839312532483916,0.16575588341836048,0.02692964986675646,2995.1866025562954,3.361574159397918,0.001122325452620856,13,holdout,every_4,svi,485.7276698138576,6.127669813857551,0.0020458390834907523,False
2026-08-27,2027-08-20,0.9801505817932923,SPX270820C08200000,2026-08-27T20:14:39+00:00,14.65,call,reference-session last trade,8200.0,8011.137643500851,0.9479231815147929,411.2,414.0,403.2,263.0,2.0,403.2,0.023301375372219282,0.1608168613967989,0.02534871600713804,2992.653055208593,3.361574159397918,0.0011232756010748498,14,train,every_4,svi,408.1425279579029,4.942527957902939,0.0016515539445177807,False
2026-08-27,2027-08-20,0.9801505817932923,SPX270820C08300000,2026-08-27T16:39:35+00:00,-200.41666666666666,call,reference-session last trade,8300.0,8011.137643500851,0.9479231815147929,364.3,366.1,359.75,3298.0,500.0,359.75,0.03542273590456412,0.1588209032245777,0.024723396002144564,2967.241325321256,3.361574159397918,0.0011328954374932644,15,train,every_4,svi,360.5651548252073,0.8151548252072871,0.00027471807508579784,True
2026-08-27,2027-08-20,0.9801505817932923,SPX270820C08375000,2026-08-27T15:55:29+00:00,-244.51666666666668,call,reference-session last trade,8375.0,8011.137643500851,0.9479231815147929,329.0,331.0,323.22,176.0,63.0,323.22,0.044418298813141986,0.15533133458836976,0.02364890024583562,2932.7097834179417,3.361574159397918,0.0011462348502415244,16,train,every_4,svi,327.1473899355529,3.927389935552867,0.001339167604567974,False
2026-08-27,2027-08-20,0.9801505817932923,SPX270820C08550000,2026-08-27T16:44:26+00:00,-195.56666666666666,call,reference-session last trade,8550.0,8011.137643500851,0.9479231815147929,259.2,261.1,258.13,136.0,28.0,258.13,0.0650985040506807,0.15181091994476295,0.022589094697829243,2813.1680819825456,3.361574159397918,0.0011949425208282933,17,holdout,every_4,svi,256.9319969376389,-1.1980030623610674,-0.0004258554865718473,True
2026-08-27,2027-08-20,0.9801505817932923,SPX270820C08675000,2026-08-27T20:14:48+00:00,14.8,call,reference-session last trade,8675.0,8011.137643500851,0.9479231815147929,215.7,217.2,210.3,36.0,4.0,210.3,0.07961254693493483,0.14676195277119924,0.02111153275749549,2679.00102125166,3.361574159397918,0.0012547864419354914,18,train,every_4,svi,213.50143926691703,3.2014392669170206,0.0011950123353895816,True
2026-08-27,2027-08-20,0.9801505817932923,SPX270820C08850000,2026-08-27T19:59:52+00:00,-0.13333333333333333,call,reference-session last trade,8850.0,8011.137643500851,0.9479231815147929,166.0,167.4,163.9,917.0,369.0,163.9,0.0995846801218501,0.14446507881353735,0.02045589848263753,2467.5384639871822,3.361574159397918,0.0013623188487064573,19,train,every_4,svi,161.9603918967442,-1.9396081032558072,-0.0007860497947909122,True
2026-08-27,2027-08-20,0.9801505817932923,SPX270820C08950000,2026-08-27T19:59:23+00:00,-0.6166666666666667,call,reference-session last trade,8950.0,8011.137643500851,0.9479231815147929,141.6,142.9,140.4,1782.0,43.0,140.4,0.11082075338877598,0.1429197492653986,0.02002060942743386,2327.0020803689777,3.361574159397918,0.0014445943936865304,20,train,every_4,svi,137.1589372214016,-3.2410627785984047,-0.0013928061371068867,True
2026-08-27,2027-08-20,0.9801505817932923,SPX270820C09100000,2026-08-27T19:50:37+00:00,-9.383333333333333,call,reference-session last trade,9100.0,8011.137643500851,0.9479231815147929,111.1,112.5,107.55,132.0,1.0,107.55,0.12744163462481628,0.13952604669191365,0.019081098805091627,2083.680212345836,3.361574159397918,0.001613286981121451,21,holdout,every_4,svi,105.83411979540388,-1.7158802045961181,-0.0008234853863032833,True
2026-08-27,2027-08-20,0.9801505817932923,SPX270820C09300000,2026-08-27T13:36:04+00:00,-383.93333333333334,call,reference-session last trade,9300.0,8011.137643500851,0.9479231815147929,78.9,80.1,72.6,154.0,100.0,72.6,0.14918162126122222,0.13502142306451817,0.017868914216891445,1729.8094018684856,3.361574159397918,0.0019433205506727224,22,train,every_4,svi,73.81678869611105,1.2167886961110526,0.0007034235649295904,True
2026-08-27,2027-08-20,0.9801505817932923,SPX270820C09600000,2026-08-27T18:43:33+00:00,-76.45,call,reference-session last trade,9600.0,8011.137643500851,0.9479231815147929,46.0,46.9,44.16,437.0,20.0,44.16,0.1809303195758024,0.13435327847044043,0.017692505489392323,1298.8902120316588,3.361574159397918,0.002588035638624078,23,train,every_4,svi,42.34101724792698,-1.818982752073019,-0.0014004130104482485,True
2026-08-27,2027-08-20,0.9801505817932923,SPX270820C10200000,2026-08-27T14:52:27+00:00,-307.55,call,reference-session last trade,10200.0,8011.137643500851,0.9479231815147929,14.5,15.1,13.99,817.0,2.0,13.99,0.24155494139223724,0.13179370213097683,0.017024803865454168,608.594357173919,3.361574159397918,0.005523505303282455,24,train,every_4,svi,14.66883637134552,0.6788363713455201,0.0011154168015914219,True
2026-08-27,2026-09-18,0.06023271731690623,SPX260918P05475000,2026-08-27T19:59:48+00:00,-0.2,put,reference-session last trade,5475.0,7741.608398158938,0.9959553475339589,0.4,0.6,0.5,1236.0,1.0,2257.940754911775,-0.34641719369064733,0.49473259129427516,0.014742580182210712,10.821587764389916,3.1068981283412995,0.2871018741413364,0,train,every_4,pchip,2257.9407549117755,4.547473508864641e-13,4.202223932266941e-14,True
2026-08-27,2026-09-18,0.06023271731690623,SPX260918P05825000,2026-08-27T14:17:49+00:00,-342.18333333333334,put,reference-session last trade,5825.0,7741.608398158938,0.9959553475339589,0.75,0.9,0.95,1444.0,1.0,1909.8063832748894,-0.28445046994144757,0.44016043232058366,0.011669559304515123,20.41192024445222,3.1068981283412995,0.1522099876510015,1,holdout,every_4,pchip,1909.7882495692788,-0.018133705610580364,-0.0008883880298086579,True
2026-08-27,2026-09-18,0.06023271731690623,SPX260918P05960000,2026-08-27T14:20:50+00:00,-339.1666666666667,put,reference-session last trade,5960.0,7741.608398158938,0.9959553475339589,0.9,1.05,1.15,205.0,1.0,1775.552411357805,-0.2615389883159535,0.41638874372387547,0.010443123586033783,25.01610755957548,3.1068981283412995,0.12419590541583132,2,train,every_4,pchip,1775.5524113578047,-4.547473508864641e-13,-1.817818178961256e-14,True
2026-08-27,2026-09-18,0.06023271731690623,SPX260918P06080000,2026-08-27T14:28:37+00:00,-331.3833333333333,put,reference-session last trade,6080.0,7741.608398158938,0.9959553475339589,1.1,1.3,1.35,498.0,1.0,1656.2377696537299,-0.24160477341513617,0.39471778853743006,0.009384385809536882,29.800413540962495,3.1068981283412995,0.10425687965942747,3,train,every_4,pchip,1656.2377696537178,-1.2050804798491299e-11,-4.043838110476799e-13,True
2026-08-27,2026-09-18,0.06023271731690623,SPX260918P06140000,2026-08-27T14:38:49+00:00,-321.18333333333334,put,reference-session last trade,6140.0,7741.608398158938,0.9959553475339589,1.15,1.35,1.45,228.0,1.0,1596.5804488016925,-0.23178472723416077,0.38344024544785404,0.008855800904149027,32.340786649943965,3.1068981283412995,0.09606748784345612,4,train,every_4,pchip,1596.5804488016925,0.0,0.0,True
2026-08-27,2026-09-18,0.06023271731690623,SPX260918P06210000,2026-08-27T14:17:48+00:00,-342.2,put,reference-session last trade,6210.0,7741.608398158938,0.9959553475339589,1.3,1.45,1.65,494.0,1.0,1527.0635744743154,-0.22044857344782448,0.37228125547075974,0.008347853059130656,36.76524736777681,3.1068981283412995,0.08450638444675242,5,holdout,every_4,pchip,1526.989072073551,-0.0745024007644588,-0.0020264354546341776,True
2026-08-27,2026-09-18,0.06023271731690623,SPX260918P06310000,2026-08-27T16:54:32+00:00,-185.46666666666667,put,reference-session last trade,6310.0,7741.608398158938,0.9959553475339589,1.55,1.75,1.8,976.0,151.0,1427.6180397209193,-0.2044737928400901,0.3518707211839501,0.007457593695779025,41.27606654016315,3.1068981283412995,0.07527117743446246,6,train,every_4,pchip,1427.6180397209187,-6.821210263296962e-13,-1.652582437006121e-14,True
2026-08-27,2026-09-18,0.06023271731690623,SPX260918P06400000,2026-08-27T19:55:05+00:00,-4.916666666666667,put,reference-session last trade,6400.0,7741.608398158938,0.9959553475339589,1.7,1.9,2.1,17606.0,26.0,1338.282058442863,-0.19031147902758577,0.33668442847935637,0.00682776426110981,48.34204217233265,3.1068981283412995,0.06426907074520435,7,train,every_4,pchip,1338.2820584428637,6.821210263296962e-13,1.4110306385030854e-14,True
2026-08-27,2026-09-18,0.06023271731690623,SPX260918P06625000,2026-08-27T17:58:26+00:00,-121.56666666666666,put,reference-session last trade,6625.0,7741.608398158938,0.9959553475339589,2.45,2.6,2.93,2184.0,23.0,1115.0221052477225,-0.15575909752092598,0.2955235991128272,0.0052603760381031575,69.55115034350275,3.1068981283412995,0.04467069362615562,8,train,every_4,pchip,1115.022105247723,4.547473508864641e-13,6.5383153066561056e-15,True
2026-08-27,2026-09-18,0.06023271731690623,SPXW260918P06790000,2026-08-27T18:57:20+00:00,-62.666666666666664,put,reference-session last trade,6790.0,7741.608398158938,0.9959553475339589,3.4,3.6,4.13,116.0,1.0,951.8894729046191,-0.13115852782260717,0.2683594247148257,0.004337766402004075,97.28063007766478,3.1068981283412995,0.03193747949474507,9,holdout,every_4,pchip,951.6296800258856,-0.2597928787334922,-0.0026705509465356513,True
2026-08-27,2026-09-18,0.06023271731690623,SPXW260918P06870000,2026-08-27T14:52:45+00:00,-307.25,put,reference-session last trade,6870.0,7741.608398158938,0.9959553475339589,3.8,4.0,4.5,83.0,2.0,872.5830451019025,-0.11944536315895393,0.2513219814900629,0.0038044633658097563,108.99971210524686,3.1068981283412995,0.028503727838669626,10,train,every_4,pchip,872.5830451019191,1.659827830735594e-11,1.5227818483895757e-13,True
2026-08-27,2026-09-18,0.06023271731690623,SPXW260918P06950000,2026-08-27T19:16:58+00:00,-43.03333333333333,put,reference-session last trade,6950.0,7741.608398158938,0.9959553475339589,4.6,4.8,5.3,2350.0,39.0,793.7066172991857,-0.1078678098165111,0.23715254157077256,0.003387568009353851,128.36387081276158,3.1068981283412995,0.024203836396248814,11,train,every_4,pchip,793.7066172991857,0.0,0.0,True
2026-08-27,2026-09-18,0.06023271731690623,SPX260918P07075000,2026-08-27T19:48:03+00:00,-11.95,put,reference-session last trade,7075.0,7741.608398158938,0.9959553475339589,5.6,5.9,5.75,1995.0,4.0,669.6621988574409,-0.09004202586391061,0.20715184506967296,0.002584699554132609,150.33746127890825,3.1068981283412995,0.02066616066222734,12,train,every_4,pchip,669.6621988574414,4.547473508864641e-13,3.0248438879968192e-15,True
2026-08-27,2026-09-18,0.06023271731690623,SPXW260918P07135000,2026-08-27T16:47:29+00:00,-192.51666666666668,put,reference-session last trade,7135.0,7741.608398158938,0.9959553475339589,6.8,7.1,7.7,65.0,22.0,611.8548780054034,-0.0815972184644121,0.20228996060019444,0.0024647967679995095,187.70224130524178,3.1068981283412995,0.016552269737093096,13,holdout,every_4,pchip,611.4243100420855,-0.43056796331791247,-0.002293888236623248,True
2026-08-27,2026-09-18,0.06023271731690623,SPX260918P07230000,2026-08-27T14:18:39+00:00,-341.35,put,reference-session last trade,7230.0,7741.608398158938,0.9959553475339589,8.4,8.8,10.8,608.0,1.0,520.3391199896772,-0.06837043322253855,0.18923011859250669,0.0021568154174284766,246.7775029685665,3.1068981283412995,0.012589875863753446,14,train,every_4,pchip,520.3391199896763,-9.094947017729282e-13,-3.68548466060448e-15,True
2026-08-27,2026-09-18,0.06023271731690623,SPX260918P07285000,2026-08-27T20:10:10+00:00,10.166666666666666,put,reference-session last trade,7285.0,7741.608398158938,0.9959553475339589,10.0,10.5,11.7,659.0,37.0,466.4615758753095,-0.06079202974604377,0.17617356637166853,0.0018694504058548373,272.4720580014003,3.1068981283412995,0.011402630240805582,15,train,every_4,pchip,466.4615758753086,-9.094947017729282e-13,-3.3379375061212853e-15,True
2026-08-27,2026-09-18,0.06023271731690623,SPXW260918P07465000,2026-08-27T18:51:55+00:00,-68.08333333333333,put,reference-session last trade,7465.0,7741.608398158938,0.9959553475339589,20.8,21.1,26.05,131.0,7.0,301.5396133191969,-0.03638403840205821,0.15499927049790516,0.0014470774122037535,469.1049744936451,3.1068981283412995,0.006623033856536919,16,train,every_4,pchip,301.53961331919646,-4.547473508864641e-13,-9.693935805675932e-16,True
2026-08-27,2026-09-18,0.06023271731690623,SPXW260918P07560000,2026-08-27T17:40:01+00:00,-139.98333333333332,put,reference-session last trade,7560.0,7741.608398158938,0.9959553475339589,31.5,31.9,35.5,192.0,50.0,216.3738553034708,-0.023738279201770206,0.1357425458362577,0.0011098503833056469,578.668622640051,3.1068981283412995,0.005369045437726943,17,holdout,every_4,pchip,218.96877927316365,2.594923969692843,0.004484300458272752,True
2026-08-27,2026-09-18,0.06023271731690623,SPXW260918C07805000,2026-08-27T19:09:31+00:00,-50.483333333333334,call,reference-session last trade,7805.0,7741.608398158938,0.9959553475339589,53.6,54.2,51.18,131.0,44.0,51.18,0.008155084574183433,0.10389965749312098,0.0006502205453747644,720.149749439073,3.1068981283412995,0.004314238990933862,18,train,every_4,pchip,51.18000000000009,9.237055564881302e-14,1.282657610042366e-16,True
2026-08-27,2026-09-18,0.06023271731690623,SPX260918C07905000,2026-08-27T19:50:40+00:00,-9.333333333333334,call,reference-session last trade,7905.0,7741.608398158938,0.9959553475339589,20.5,21.2,20.04,293.0,6.0,20.04,0.02088600126822348,0.0982013774479675,0.0005808548438574127,523.9893297293258,3.1068981283412995,0.005929315640733013,19,train,every_4,pchip,20.039999999999242,-7.567280135845067e-13,-1.4441668382358192e-15,True
2026-08-27,2026-09-18,0.06023271731690623,SPXW260918C07990000,2026-08-27T17:30:18+00:00,-149.7,call,reference-session last trade,7990.0,7741.608398158938,0.9959553475339589,8.0,8.3,10.36,275.0,14.0,10.36,0.03158129038497148,0.10393223117447335,0.0006506283118190055,356.32384928487073,3.1068981283412995,0.008719310073060597,20,train,every_4,pchip,10.360000000008851,8.851586130731448e-12,2.484140802951098e-14,True
2026-08-27,2026-09-18,0.06023271731690623,SPX260918C08080000,2026-08-27T17:08:38+00:00,-171.36666666666667,call,reference-session last trade,8080.0,7741.608398158938,0.9959553475339589,2.5,2.7,3.55,1444.0,1.0,3.55,0.042782403139792036,0.10212639675729217,0.0006282152501623896,179.6738468981727,3.1068981283412995,0.017291877376578266,21,holdout,every_4,pchip,4.725274322838523,1.175274322838523,0.006541154114124305,True
2026-08-27,2026-09-18,0.06023271731690623,SPXW260918C08280000,2026-08-27T15:30:04+00:00,-269.93333333333334,call,reference-session last trade,8280.0,7741.608398158938,0.9959553475339589,0.6,0.75,0.78,69.0,20.0,0.78,0.06723349900395653,0.11774270265444674,0.0008350268819280386,52.112801297135604,3.1068981283412995,0.05961871269645355,22,train,every_4,pchip,0.7799999999999334,-6.661338147750939e-14,-1.27825370771559e-15,True
2026-08-27,2026-09-18,0.06023271731690623,SPX260918C08380000,2026-08-27T15:56:16+00:00,-243.73333333333332,call,reference-session last trade,8380.0,7741.608398158938,0.9959553475339589,0.35,0.5,0.53,156.0,70.0,0.53,0.07923844510077975,0.1297310320851168,0.0010137251063357462,35.489441250686994,3.1068981283412995,0.08754429539747001,23,train,every_4,pchip,0.5299999999999764,-2.3647750424515834e-14,-6.663320016078886e-16,True
2026-08-27,2026-09-18,0.06023271731690623,SPX260918C08675000,2026-08-27T17:13:13+00:00,-166.78333333333333,call,reference-session last trade,8675.0,7741.608398158938,0.9959553475339589,0.05,0.25,0.25,347.0,1.0,0.25,0.113835856439711,0.1654965318282324,0.0016497200411712775,15.733618536975712,3.1068981283412995,0.1974687590804208,24,train,every_4,pchip,0.25000000000002076,2.0761170560490427e-14,1.3195420056549243e-15,True
2026-08-27,2026-11-20,0.2327173169062286,SPX261120P05500000,2026-08-27T17:45:42+00:00,-134.3,put,reference-session last trade,5500.0,7784.875446624804,0.9999999999999999,8.6,9.1,8.56,9700.0,1.0,2293.4354466248033,-0.34743471377051904,0.3536123307173027,0.029099364372354438,157.67941674060665,8.384553375196333,0.05317468537437256,0,train,every_4,pchip,2293.435446624803,-4.547473508864641e-13,-2.8839994482891473e-15,True
2026-08-27,2026-11-20,0.2327173169062286,SPX261120P05725000,2026-08-27T20:10:11+00:00,10.183333333333334,put,reference-session last trade,5725.0,7784.875446624804,0.9999999999999999,10.8,11.2,11.0,371.0,15.0,2070.8754466248033,-0.3073402565686409,0.33090219363396456,0.025481676246133962,200.68342514561533,8.384553375196333,0.041779999365231704,1,holdout,every_4,pchip,2070.5033059813945,-0.37214064340878394,-0.0018543666131807335,True
2026-08-27,2026-11-20,0.2327173169062286,SPX261120P06025000,2026-08-27T19:56:06+00:00,-3.9,put,reference-session last trade,6025.0,7784.875446624804,0.9999999999999999,14.8,15.2,14.7,277.0,1.0,1774.5754466248036,-0.2562653266322255,0.29817606914045575,0.02069065653027947,268.89490765490046,8.384553375196333,0.031181525333893876,2,train,every_4,pchip,1774.5754466248034,-2.2737367544323206e-13,-8.455856506402988e-16,True
2026-08-27,2026-11-20,0.2327173169062286,SPXW261120P06250000,2026-08-27T19:59:30+00:00,-0.5,put,reference-session last trade,6250.0,7784.875446624804,0.9999999999999999,19.1,19.5,19.3,128.0,15.0,1554.1754466248035,-0.21960134226063402,0.27639295177118334,0.01777798883517304,345.05583919709306,8.384553375196333,0.024299120382098926,3,train,every_4,pchip,1554.175446624731,-7.253220246639103e-11,-2.102042458842762e-13,True
2026-08-27,2026-11-20,0.2327173169062286,SPX261120P06525000,2026-08-27T19:55:48+00:00,-4.2,put,reference-session last trade,6525.0,7784.875446624804,0.9999999999999999,25.8,26.3,25.9,480.0,3.0,1285.7754466248036,-0.17654185280018714,0.24696321502264446,0.014193622214421022,456.7176739738905,8.384553375196333,0.0183582853324736,4,train,every_4,pchip,1285.7754466248032,-4.547473508864641e-13,-9.95685905758184e-16,True
2026-08-27,2026-11-20,0.2327173169062286,SPX261120P06770000,2026-08-27T19:51:49+00:00,-8.183333333333334,put,reference-session last trade,6770.0,7784.875446624804,0.9999999999999999,35.0,35.6,35.6,236.0,1.0,1050.4754466248037,-0.13968171908476057,0.2229347339807226,0.011566026358055365,600.2142135319554,8.384553375196333,0.013969268281498203,5,holdout,every_4,pchip,1050.6434198586737,0.16797323387004326,0.00027985547506715345,True
2026-08-27,2026-11-20,0.2327173169062286,SPXW261120P06875000,2026-08-27T19:57:23+00:00,-2.6166666666666667,put,reference-session last trade,6875.0,7784.875446624804,0.9999999999999999,41.0,41.4,41.5,97.0,1.0,951.3754466248037,-0.12429116245630915,0.21327803296053283,0.01058573345434278,677.8257286798826,8.384553375196333,0.012369777393262855,6,train,every_4,pchip,951.3754466248037,0.0,0.0,True
2026-08-27,2026-11-20,0.2327173169062286,SPX261120P06980000,2026-08-27T15:25:02+00:00,-274.96666666666664,put,reference-session last trade,6980.0,7784.875446624804,0.9999999999999999,46.7,47.5,48.29,420.0,2.0,853.1654466248036,-0.10913388923466313,0.2032480618358852,0.009613499916231963,762.6608248398801,8.384553375196333,0.0109938167821281,7,train,every_4,pchip,853.1654466248027,-9.094947017729282e-13,-1.1925284112552599e-15,True
2026-08-27,2026-11-20,0.2327173169062286,SPX261120P07040000,2026-08-27T19:35:19+00:00,-24.683333333333334,put,reference-session last trade,7040.0,7784.875446624804,0.9999999999999999,51.3,51.8,52.92,456.0,100.0,797.7954466248036,-0.10057463583899322,0.19769434029650265,0.009095303041062007,816.1021544051524,8.384553375196333,0.010273901778028926,8,train,every_4,pchip,797.7954466248046,1.0231815394945443e-12,1.2537419904746235e-15,True
2026-08-27,2026-11-20,0.2327173169062286,SPX261120P07130000,2026-08-27T15:01:44+00:00,-298.26666666666665,put,reference-session last trade,7130.0,7784.875446624804,0.9999999999999999,58.2,59.0,60.97,158.0,42.0,715.8454466248037,-0.08787157158273957,0.18944519540892804,0.008352103970978204,902.1770286986886,8.384553375196333,0.009293689717737901,9,holdout,every_4,pchip,716.257573395639,0.4121267708353571,0.00045681363826101173,True
2026-08-27,2026-11-20,0.2327173169062286,SPX261120P07220000,2026-08-27T19:08:22+00:00,-51.63333333333333,put,reference-session last trade,7220.0,7784.875446624804,0.9999999999999999,67.2,67.8,71.1,504.0,3.0,635.9754466248037,-0.0753278531042093,0.181784363707217,0.0076902728693147415,996.73286841459,8.384553375196333,0.008412036605688402,10,train,every_4,pchip,635.975446624824,2.034994395216927e-11,2.0416647827153555e-14,True
2026-08-27,2026-11-20,0.2327173169062286,SPX261120P07290000,2026-08-27T19:35:19+00:00,-24.683333333333334,put,reference-session last trade,7290.0,7784.875446624804,0.9999999999999999,75.2,75.9,78.64,534.0,100.0,573.5154466248038,-0.06567925998837744,0.17427242631149178,0.0070678293734757515,1067.571819861303,8.384553375196333,0.007853854156890015,11,train,every_4,pchip,573.5154466248049,1.1368683772161603e-12,1.0649104407456728e-15,True
2026-08-27,2026-11-20,0.2327173169062286,SPX261120P07390000,2026-08-27T19:51:52+00:00,-8.133333333333333,put,reference-session last trade,7390.0,7784.875446624804,0.9999999999999999,89.2,90.0,92.2,408.0,25.0,487.0754466248037,-0.05205507104883375,0.1641969242760681,0.006274205462139005,1175.3017784850435,8.384553375196333,0.007133957872508258,12,train,every_4,pchip,487.07544662480353,-1.7053025658242404e-13,-1.4509486814717191e-16,True
2026-08-27,2026-11-20,0.2327173169062286,SPX261120P07475000,2026-08-27T19:37:33+00:00,-22.45,put,reference-session last trade,7475.0,7784.875446624804,0.9999999999999999,104.4,105.3,108.34,3178.0,202.0,418.2154466248037,-0.04061868673219403,0.1573464970791937,0.005761596747879207,1271.3387415394502,8.384553375196333,0.006595058501122658,13,holdout,every_4,pchip,417.46725592386696,-0.7481907009367319,-0.0005885061758054788,True
2026-08-27,2026-11-20,0.2327173169062286,SPXW261120P07550000,2026-08-27T19:58:14+00:00,-1.7666666666666666,put,reference-session last trade,7550.0,7784.875446624804,0.9999999999999999,121.2,122.1,124.84,164.0,3.0,359.71544662480375,-0.03063524274801089,0.15107646143540465,0.005311562661154501,1349.7921342767659,8.384553375196333,0.006211736727662051,14,train,every_4,pchip,359.7154466247311,-7.264588930411264e-11,-5.382005677714009e-14,True
2026-08-27,2026-11-20,0.2327173169062286,SPX261120P07680000,2026-08-27T14:53:37+00:00,-306.3833333333333,put,reference-session last trade,7680.0,7784.875446624804,0.9999999999999999,156.9,157.9,165.05,181.0,35.0,269.9254466248038,-0.013563258849363376,0.1434317878573276,0.004787618371733611,1458.9055458867686,8.384553375196333,0.005747152993444781,15,train,every_4,pchip,269.9254466248039,1.1368683772161603e-13,7.792611251780087e-17,True
2026-08-27,2026-11-20,0.2327173169062286,SPXW261120P07725000,2026-08-27T15:28:04+00:00,-271.93333333333334,put,reference-session last trade,7725.0,7784.875446624804,0.9999999999999999,172.9,173.7,180.22,70.0,5.0,240.09544662480377,-0.0077209832251350806,0.13992568828247073,0.004556418481895878,1481.873427740565,8.384553375196333,0.005658076606434862,16,train,every_4,pchip,240.095446624804,2.2737367544323206e-13,1.5343663715592241e-16,True
2026-08-27,2026-11-20,0.2327173169062286,SPX261120C07845000,2026-08-27T17:06:23+00:00,-173.61666666666667,call,reference-session last trade,7845.0,7784.875446624804,0.9999999999999999,172.5,173.6,176.4,74.0,2.0,176.4,0.007693580176051764,0.1363683657616582,0.004327688296626854,1492.9380812472377,8.384553375196333,0.0056161427459815805,17,holdout,every_4,pchip,171.92783403164228,-4.472165968357729,-0.00299554685122746,True
2026-08-27,2026-11-20,0.2327173169062286,SPX261120C07920000,2026-08-27T15:19:51+00:00,-280.15,call,reference-session last trade,7920.0,7784.875446624804,0.9999999999999999,137.1,138.1,134.88,61.0,6.0,134.88,0.017208399817390377,0.1290847602549084,0.0038777396387562222,1453.8499230370749,8.384553375196333,0.0057671381635327965,18,train,every_4,pchip,134.88000000008648,8.64872617967194e-11,5.948843854257566e-14,True
2026-08-27,2026-11-20,0.2327173169062286,SPX261120C07980000,2026-08-27T19:39:40+00:00,-20.333333333333332,call,reference-session last trade,7980.0,7784.875446624804,0.9999999999999999,110.6,111.6,106.91,509.0,50.0,106.91,0.024755605452773277,0.12437234580841815,0.00359978325574413,1392.4780278836718,8.384553375196333,0.006021318259462534,19,train,every_4,pchip,106.90999999996528,-3.4717118069238495e-11,-2.493189649965434e-14,True
2026-08-27,2026-11-20,0.2327173169062286,SPX261120C08060000,2026-08-27T18:53:29+00:00,-66.51666666666667,call,reference-session last trade,8060.0,7784.875446624804,0.9999999999999999,81.8,82.8,77.5,33.0,1.0,77.5,0.03473075050959271,0.12013077285879092,0.0033584372893916098,1273.3397229489456,8.384553375196333,0.0065846947394199145,20,train,every_4,pchip,77.50000000001636,1.6356693777197506e-11,1.2845506570168726e-14,True
2026-08-27,2026-11-20,0.2327173169062286,SPX261120C08180000,2026-08-27T19:34:24+00:00,-25.6,call,reference-session last trade,8180.0,7784.875446624804,0.9999999999999999,50.8,51.7,48.69,19.0,1.0,48.69,0.04950934460571146,0.11846990945766293,0.003266215340142594,1054.8446982137298,8.384553375196333,0.00794861403711343,21,holdout,every_4,pchip,49.72062496038006,1.0306249603800595,0.0009770395226191269,True
2026-08-27,2026-11-20,0.2327173169062286,SPXW261120C08240000,2026-08-27T16:03:14+00:00,-236.76666666666668,call,reference-session last trade,8240.0,7784.875446624804,0.9999999999999999,39.9,40.4,39.1,37.0,11.0,39.1,0.05681753791243609,0.11905190979722304,0.003298385665273432,944.5088697872729,8.384553375196333,0.008877156841401335,22,train,every_4,pchip,39.09999999999945,-5.542233338928781e-13,-5.867846789175237e-16,True
2026-08-27,2026-11-20,0.2327173169062286,SPXW261120C08350000,2026-08-27T18:38:21+00:00,-81.65,call,reference-session last trade,8350.0,7784.875446624804,0.9999999999999999,23.8,24.3,22.9,340.0,20.0,22.9,0.0700787328538199,0.11627193689998934,0.003146143412430893,710.66156329422,8.384553375196333,0.01179823675327303,23,train,every_4,pchip,22.899999999986445,-1.3553602684623911e-11,-1.9071810527921577e-14,True
2026-08-27,2026-11-20,0.2327173169062286,SPX261120C09100000,2026-08-27T13:44:38+00:00,-375.3666666666667,call,reference-session last trade,9100.0,7784.875446624804,0.9999999999999999,0.95,1.2,1.05,915.0,32.0,1.05,0.15609160751386011,0.12938798141564853,0.003895978719943539,71.00167418927643,8.384553375196333,0.11808951649287552,24,train,every_4,pchip,1.0499999999999543,-4.574118861455645e-14,-6.44226902208242e-16,True
2026-08-27,2027-02-19,0.48186173853524983,SPX270219P05625000,2026-08-27T20:10:10+00:00,10.166666666666666,put,reference-session last trade,5625.0,7872.481980038706,0.967163927214507,31.0,31.6,31.3,663.0,3.0,2204.983498158071,-0.3361524369242269,0.3026607405691562,0.044140233273673196,492.830920219106,1.5243562709430591,0.003093061349043097,0,train,every_4,pchip,2204.983498158071,0.0,0.0,True
2026-08-27,2027-02-19,0.48186173853524983,SPX270219P05800000,2026-08-27T19:34:42+00:00,-25.3,put,reference-session last trade,5800.0,7872.481980038706,0.967163927214507,36.0,36.6,36.56,1722.0,150.0,2040.9898108955322,-0.3055154674623372,0.28941024709015545,0.04035991577620295,566.5750106517871,1.5243562709430591,0.002690475651563668,1,holdout,every_4,pchip,2040.940714227384,-0.04909666814819502,-8.665519520833486e-05,True
2026-08-27,2027-02-19,0.48186173853524983,SPX270219P05950000,2026-08-27T18:54:37+00:00,-65.38333333333334,put,reference-session last trade,5950.0,7872.481980038706,0.967163927214507,40.9,41.5,42.25,315.0,1.0,1901.6052218133561,-0.27998216545717236,0.2788679358652692,0.03747309874075575,641.0632353701202,1.5243562709430591,0.0023778563281092956,2,train,every_4,pchip,1901.605221813065,-2.9103830456733704e-10,-4.53993129709435e-13,True
2026-08-27,2027-02-19,0.48186173853524983,SPX270219P06125000,2026-08-27T13:47:30+00:00,-372.5,put,reference-session last trade,6125.0,7872.481980038706,0.967163927214507,47.6,48.5,50.89,267.0,12.0,1740.9915345508175,-0.2509946285839201,0.26780614662511676,0.034559187575507355,744.3277019121693,1.5243562709430591,0.0020479639102871025,3,train,every_4,pchip,1740.991534550815,-2.5011104298755527e-12,-3.3602275227030092e-15,True
2026-08-27,2027-02-19,0.48186173853524983,SPX270219P06200000,2026-08-27T20:09:55+00:00,9.916666666666666,put,reference-session last trade,6200.0,7872.481980038706,0.967163927214507,51.2,51.9,52.2,1121.0,5.0,1669.7642400097293,-0.23882409296366489,0.2593762844124177,0.03241775774714329,773.2264146436344,1.5243562709430591,0.001971422913229893,4,train,every_4,pchip,1669.7642400097293,0.0,0.0,True
2026-08-27,2027-02-19,0.48186173853524983,SPX270219P06300000,2026-08-27T17:31:38+00:00,-148.36666666666667,put,reference-session last trade,6300.0,7872.481980038706,0.967163927214507,56.1,56.9,57.04,1910.0,20.0,1577.8878472882786,-0.2228237516172237,0.2518218928126313,0.030556908318011226,833.8860953919543,1.5243562709430591,0.001828014976345853,5,holdout,every_4,pchip,1577.9817594770313,0.09391218875271079,0.00011261992407796286,True
2026-08-27,2027-02-19,0.48186173853524983,SPX270219P06500000,2026-08-27T18:56:52+00:00,-63.13333333333333,put,reference-session last trade,6500.0,7872.481980038706,0.967163927214507,67.9,68.7,70.62,2832.0,5.0,1398.0350618453772,-0.1915712081131193,0.2391743079705626,0.02756458734675637,981.244822538543,1.5243562709430591,0.0015534922946135422,6,train,every_4,pchip,1398.035061845078,-2.992237568832934e-10,-3.049430172881651e-13,True
2026-08-27,2027-02-19,0.48186173853524983,SPX270219P06575000,2026-08-27T16:27:51+00:00,-212.15,put,reference-session last trade,6575.0,7872.481980038706,0.967163927214507,72.9,73.8,74.53,333.0,1.0,1329.4077673042893,-0.1800988069508825,0.2325202355643867,0.026052172897077473,1030.6406788117208,1.5243562709430591,0.0014790375562320796,7,train,every_4,pchip,1329.4077673042877,-1.5916157281026244e-12,-1.5442974072570868e-15,True
2026-08-27,2027-02-19,0.48186173853524983,SPX270219P06675000,2026-08-27T16:43:04+00:00,-196.93333333333334,put,reference-session last trade,6675.0,7872.481980038706,0.967163927214507,80.3,81.5,81.51,3536.0,2.0,1239.6713745828386,-0.16500418072839748,0.22484842048371095,0.024361393418610447,1106.9954131808793,1.5243562709430591,0.0013770213072183566,8,train,every_4,pchip,1239.6713745828338,-4.774847184307873e-12,-4.313339628560574e-15,True
2026-08-27,2027-02-19,0.48186173853524983,SPX270219P06775000,2026-08-27T19:27:40+00:00,-32.333333333333336,put,reference-session last trade,6775.0,7872.481980038706,0.967163927214507,89.1,89.8,91.52,1912.0,18.0,1152.9649818613877,-0.1501340182489462,0.21907435787166168,0.023126267139578476,1198.0692179669727,1.5243562709430591,0.0012723440750191124,9,holdout,every_4,pchip,1152.6378168061306,-0.32716505525718276,-0.00027307692272768313,True
2026-08-27,2027-02-19,0.48186173853524983,SPX270219P06825000,2026-08-27T15:00:55+00:00,-299.0833333333333,put,reference-session last trade,6825.0,7872.481980038706,0.967163927214507,93.7,94.6,96.43,442.0,1.0,1109.5167855006625,-0.14278104394368735,0.21574982508272791,0.022429693952328744,1242.782207872197,1.5243562709430591,0.0012265675041751307,10,train,every_4,pchip,1109.516785500661,-1.5916157281026244e-12,-1.2806875718213534e-15,True
2026-08-27,2027-02-19,0.48186173853524983,SPX270219P07025000,2026-08-27T20:09:47+00:00,9.783333333333333,put,reference-session last trade,7025.0,7872.481980038706,0.967163927214507,115.1,115.9,117.8,447.0,16.0,937.454000057761,-0.11389816979490133,0.2015380342762291,0.01957205735728149,1426.4543387536942,1.5243562709430591,0.0010686330641854983,11,train,every_4,pchip,937.4540000577613,2.2737367544323206e-13,1.5939779442354282e-16,True
2026-08-27,2027-02-19,0.48186173853524983,SPX270219P07200000,2026-08-27T19:38:59+00:00,-21.016666666666666,put,reference-session last trade,7200.0,7872.481980038706,0.967163927214507,139.1,139.9,141.7,1621.0,142.0,792.1003127952224,-0.08929235899270115,0.18952249671657462,0.0173078842164446,1598.165970615671,1.5243562709430591,0.0009538159984446561,12,train,every_4,pchip,792.1003127953265,1.0413714335300028e-10,6.5160405907581e-14,True
2026-08-27,2027-02-19,0.48186173853524983,SPX270219P07250000,2026-08-27T19:36:46+00:00,-23.233333333333334,put,reference-session last trade,7250.0,7872.481980038706,0.967163927214507,146.5,147.6,149.7,1309.0,204.0,751.7421164344971,-0.08237191614812735,0.18620922846239213,0.01670801453952757,1648.1836316786523,1.5243562709430591,0.0009248704098526469,13,holdout,every_4,pchip,751.5242728766589,-0.2178435578382505,-0.00013217189738523239,True
2026-08-27,2027-02-19,0.48186173853524983,SPX270219P07375000,2026-08-27T17:43:05+00:00,-136.91666666666666,put,reference-session last trade,7375.0,7872.481980038706,0.967163927214507,168.7,170.0,172.16,488.0,5.0,653.3066255326837,-0.06527748278882724,0.17802498636502928,0.01527159385507822,1771.698297715044,1.5243562709430591,0.0008603926937837095,14,train,every_4,pchip,653.3066255326842,4.547473508864641e-13,2.566731319169584e-16,True
2026-08-27,2027-02-19,0.48186173853524983,SPX270219P07450000,2026-08-27T19:21:04+00:00,-38.93333333333333,put,reference-session last trade,7450.0,7872.481980038706,0.967163927214507,184.8,185.8,189.9,404.0,16.0,598.5093309915957,-0.05515935262324263,0.17446609825081522,0.01466710970907572,1845.712123134383,1.5243562709430591,0.0008258905881565115,15,train,every_4,pchip,598.5093309915916,-4.092726157978177e-12,-2.2174238911255137e-15,True
2026-08-27,2027-02-19,0.48186173853524983,SPX270219P07625000,2026-08-27T16:50:12+00:00,-189.8,put,reference-session last trade,7625.0,7872.481980038706,0.967163927214507,228.8,229.8,230.35,2399.0,6.0,469.705643729057,-0.031941062521235436,0.16227154135684385,0.012688408902508845,1990.2070503622772,1.5243562709430591,0.0007659284850114368,16,train,every_4,pchip,469.70564372905693,-5.684341886080802e-14,-2.8561560391649106e-17,True
2026-08-27,2027-02-19,0.48186173853524983,SPX270219C07875000,2026-08-27T19:25:12+00:00,-34.8,call,reference-session last trade,7875.0,7872.481980038706,0.967163927214507,313.2,314.7,303.64,565.0,3.0,303.64,0.0003197996969859973,0.14461880109558828,0.010077944374913779,2106.217385348798,1.5243562709430591,0.0007237411871854907,17,holdout,every_4,pchip,305.07070446501865,1.430704465018664,0.000679276733242677,True
2026-08-27,2027-02-19,0.48186173853524983,SPX270219C08025000,2026-08-27T19:04:20+00:00,-55.666666666666664,call,reference-session last trade,8025.0,7872.481980038706,0.967163927214507,233.7,235.1,226.5,154.0,5.0,226.5,0.019188284001368752,0.13833673796474288,0.00922141366310134,2084.3897798802304,1.5243562709430591,0.0007313201617360881,18,train,every_4,pchip,226.4999999999912,-8.810729923425242e-12,-4.2270068719735854e-15,True
2026-08-27,2027-02-19,0.48186173853524983,SPX270219C08150000,2026-08-27T18:21:49+00:00,-98.18333333333334,call,reference-session last trade,8150.0,7872.481980038706,0.967163927214507,180.9,182.3,176.14,604.0,1.0,176.14,0.03464454223806064,0.13561389961510328,0.008861981764028732,2002.6961357113987,1.5243562709430591,0.0007611520508584677,19,train,every_4,pchip,176.14000000007564,7.565859050373547e-11,3.777836744906885e-14,True
2026-08-27,2027-02-19,0.48186173853524983,SPX270219C08200000,2026-08-27T19:47:15+00:00,-12.75,call,reference-session last trade,8200.0,7872.481980038706,0.967163927214507,160.1,161.2,156.66,2209.0,4.0,156.66,0.04076076925549664,0.13374409115997282,0.008619293136088852,1952.1325091445008,1.5243562709430591,0.0007808672125495673,20,train,every_4,pchip,156.6600000000002,1.9895196601282805e-13,1.0191519534707018e-16,True
2026-08-27,2027-02-19,0.48186173853524983,SPX270219C08550000,2026-08-27T16:00:15+00:00,-239.75,call,reference-session last trade,8550.0,7872.481980038706,0.967163927214507,67.1,68.3,65.31,147.0,2.0,65.31,0.0825578979339581,0.12676579199997373,0.0077433090205694345,1413.6855523661955,1.5243562709430591,0.0010782852441206783,21,holdout,every_4,pchip,64.82608001643,-0.4839199835700043,-0.00034231090694817516,True
2026-08-27,2027-02-19,0.48186173853524983,SPX270219C08750000,2026-08-27T16:07:08+00:00,-232.86666666666667,call,reference-session last trade,8750.0,7872.481980038706,0.967163927214507,37.8,38.6,36.6,22.0,5.0,36.6,0.10568031535481238,0.12401419969290531,0.0074108030764764845,1045.3957975705653,1.5243562709430591,0.0014581618507416695,22,train,every_4,pchip,36.59999999999189,-8.114398042380344e-12,-7.762034304363667e-15,True
2026-08-27,2027-02-19,0.48186173853524983,SPX270219C08850000,2026-08-27T15:01:51+00:00,-298.15,call,reference-session last trade,8850.0,7872.481980038706,0.967163927214507,27.4,28.2,27.2,104.0,28.0,27.2,0.11704407400512731,0.12331365235369457,0.00732731336563499,877.0362589931667,1.5243562709430591,0.0017380766819070999,23,train,every_4,pchip,27.199999999999505,-4.938272013532696e-13,-5.630636091604477e-16,True
2026-08-27,2027-02-19,0.48186173853524983,SPX270219C10000000,2026-08-27T14:28:13+00:00,-331.78333333333336,call,reference-session last trade,10000.0,7872.481980038706,0.967163927214507,1.3,1.7,1.45,2296.0,1.0,1.45,0.239211707979335,0.1358969720842035,0.008899016333501006,95.31234155423574,1.5243562709430591,0.015993272708295096,24,train,every_4,pchip,1.4499999999999913,-8.659739592076221e-15,-9.085643528281754e-17,True
2026-08-27,2027-08-20,0.9801505817932923,SPX270820P05750000,2026-08-27T14:30:38+00:00,-329.3666666666667,put,reference-session last trade,5750.0,8011.137643500851,0.9479231815147929,88.0,89.2,91.0,32.0,15.0,2234.384788870188,-0.33163292408872896,0.27240776241346354,0.07273304331354792,1182.2561136694133,3.361574159397918,0.0028433552768566133,0,train,every_4,pchip,2234.384788870141,-4.6838977141305804e-11,-3.961829979117629e-14,True
2026-08-27,2027-08-20,0.9801505817932923,SPX270820P05900000,2026-08-27T20:09:15+00:00,9.25,put,reference-session last trade,5900.0,8011.137643500851,0.9479231815147929,98.4,99.5,100.4,1493.0,6.0,2101.596311642969,-0.3058804279863143,0.2635725051249552,0.06809151713595715,1283.8955559852348,3.361574159397918,0.00261826138717204,1,holdout,every_4,pchip,2102.8564265124824,1.2601148695134725,0.0009814777094905407,True
2026-08-27,2027-08-20,0.9801505817932923,SPX270820P06375000,2026-08-27T20:06:10+00:00,6.166666666666667,put,reference-session last trade,6375.0,8011.137643500851,0.9479231815147929,141.4,142.4,143.7,6.0,2.0,1694.6328004234424,-0.22844868785349828,0.24005768474565528,0.056483815846541004,1673.8442623747983,3.361574159397918,0.0020082956550740395,2,train,every_4,pchip,1694.6328004234413,-1.1368683772161603e-12,-6.791960296253647e-16,True
2026-08-27,2027-08-20,0.9801505817932923,SPX270820P06450000,2026-08-27T17:39:01+00:00,-140.98333333333332,put,reference-session last trade,6450.0,8011.137643500851,0.9479231815147929,149.3,150.4,151.7,282.0,11.0,1631.538561809833,-0.2167526480903069,0.2362319831709112,0.05469784217517996,1739.6927168414031,3.361574159397918,0.0019322804118541191,3,train,every_4,pchip,1631.5385618098342,1.1368683772161603e-12,6.534880362551988e-16,True
2026-08-27,2027-08-20,0.9801505817932923,SPX270820P06800000,2026-08-27T16:27:03+00:00,-212.95,put,reference-session last trade,6800.0,8011.137643500851,0.9479231815147929,194.9,196.4,199.21,538.0,40.0,1347.2754482796554,-0.163910166715927,0.22043065949588658,0.047625198853369896,2071.7991926232,3.361574159397918,0.001622538598995048,4,train,every_4,pchip,1347.275448279655,-4.547473508864641e-13,-2.1949393189534342e-16,True
2026-08-27,2027-08-20,0.9801505817932923,SPX270820P06850000,2026-08-27T17:57:20+00:00,-122.66666666666667,put,reference-session last trade,6850.0,8011.137643500851,0.9479231815147929,203.3,204.7,206.5,122.0,2.0,1307.1692892039157,-0.1565841266238542,0.21792983283589482,0.04655069544223797,2118.9557083814575,3.361574159397918,0.0015864296483882722,5,holdout,every_4,pchip,1307.8272754683485,0.6579862644327932,0.00031052384050792134,True
2026-08-27,2027-08-20,0.9801505817932923,SPX270820P07000000,2026-08-27T19:09:08+00:00,-50.86666666666667,put,reference-session last trade,7000.0,8011.137643500851,0.9479231815147929,228.0,229.3,233.0,656.0,23.0,1191.4808119766967,-0.13492262984267478,0.21176132339071133,0.04395275344048838,2266.745653218873,3.361574159397918,0.001482995745298703,6,train,every_4,pchip,1191.4808119761642,-5.325091478880495e-10,-2.349223200811544e-13,True
2026-08-27,2027-08-20,0.9801505817932923,SPX270820P07250000,2026-08-27T18:33:15+00:00,-86.75,put,reference-session last trade,7250.0,8011.137643500851,0.9479231815147929,275.7,277.1,283.49,575.0,8.0,1004.9900165979985,-0.09983131003140472,0.20123982108038305,0.03969361445768739,2504.2025012360145,3.361574159397918,0.0013423731338574757,7,train,every_4,pchip,1004.9900165978117,-1.8678747437661514e-10,-7.458960458845533e-14,True
2026-08-27,2027-08-20,0.9801505817932923,SPX270820P07350000,2026-08-27T13:39:51+00:00,-380.15,put,reference-session last trade,7350.0,8011.137643500851,0.9479231815147929,297.4,298.7,311.5,147.0,4.0,938.2076984465192,-0.08613246567324277,0.19900412113593088,0.03881655086108737,2598.4295665091213,3.361574159397918,0.0012936945464002124,8,train,every_4,pchip,938.2076984465201,9.094947017729282e-13,3.5001706934654204e-16,True
2026-08-27,2027-08-20,0.9801505817932923,SPX270820P07425000,2026-08-27T18:09:28+00:00,-110.53333333333333,put,reference-session last trade,7425.0,8011.137643500851,0.9479231815147929,315.7,317.1,322.42,193.0,4.0,878.0334598329098,-0.0759800942092248,0.1930319142721049,0.03652170440537732,2655.9377483286694,3.361574159397918,0.0012656825866921362,9,holdout,every_4,pchip,884.9225222104734,6.889062377563619,0.002593834280151624,False
2026-08-27,2027-08-20,0.9801505817932923,SPX270820P07650000,2026-08-27T17:26:27+00:00,-153.55,put,reference-session last trade,7650.0,8011.137643500851,0.9479231815147929,373.7,375.2,378.4,170.0,79.0,720.7307439920813,-0.046127131059543636,0.181786829308415,0.03239049847770688,2824.7809634150985,3.361574159397918,0.0011900300246054647,10,train,every_4,pchip,720.7307439920808,-5.684341886080801e-13,-2.0123124446465246e-16,True
2026-08-27,2027-08-20,0.9801505817932923,SPX270820P07750000,2026-08-27T20:03:19+00:00,3.316666666666667,put,reference-session last trade,7750.0,8011.137643500851,0.9479231815147929,405.3,406.6,410.4,298.0,1.0,657.938425840602,-0.033139935532732444,0.17815481934596877,0.03110913619963786,2887.1724698572957,3.361574159397918,0.0011643135955657234,11,train,every_4,pchip,657.9384258398427,-7.593143891426735e-10,-2.629958539263171e-13,True
2026-08-27,2027-08-20,0.9801505817932923,SPX270820P07850000,2026-08-27T13:39:51+00:00,-380.15,put,reference-session last trade,7850.0,8011.137643500851,0.9479231815147929,437.0,438.4,455.65,103.0,2.0,608.3961076891228,-0.020319247103670973,0.17823813879826778,0.031138241247838098,2937.933195311377,3.361574159397918,0.0011441969357106642,12,train,every_4,pchip,608.3961076891228,0.0,0.0,True
2026-08-27,2027-08-20,0.9801505817932923,SPX270820C08050000,2026-08-27T19:16:04+00:00,-43.93333333333333,call,reference-session last trade,8050.0,8011.137643500851,0.9479231815147929,490.5,492.8,479.6,195.0,2.0,479.6,0.004839312532483916,0.16575588341836048,0.02692964986675646,2995.1866025562954,3.361574159397918,0.001122325452620856,13,holdout,every_4,pchip,488.9131080396046,9.313108039604572,0.003109358205480798,False
2026-08-27,2027-08-20,0.9801505817932923,SPX270820C08200000,2026-08-27T20:14:39+00:00,14.65,call,reference-session last trade,8200.0,8011.137643500851,0.9479231815147929,411.2,414.0,403.2,263.0,2.0,403.2,0.023301375372219282,0.1608168613967989,0.02534871600713804,2992.653055208593,3.361574159397918,0.0011232756010748498,14,train,every_4,pchip,403.1999999999672,-3.2798652682686225e-11,-1.0959724390905081e-14,True
2026-08-27,2027-08-20,0.9801505817932923,SPX270820C08300000,2026-08-27T16:39:35+00:00,-200.41666666666666,call,reference-session last trade,8300.0,8011.137643500851,0.9479231815147929,364.3,366.1,359.75,3298.0,500.0,359.75,0.03542273590456412,0.1588209032245777,0.024723396002144564,2967.241325321256,3.361574159397918,0.0011328954374932644,15,train,every_4,pchip,359.75000000000034,3.410605131648481e-13,1.1494195307081141e-16,True
2026-08-27,2027-08-20,0.9801505817932923,SPX270820C08375000,2026-08-27T15:55:29+00:00,-244.51666666666668,call,reference-session last trade,8375.0,8011.137643500851,0.9479231815147929,329.0,331.0,323.22,176.0,63.0,323.22,0.044418298813141986,0.15533133458836976,0.02364890024583562,2932.7097834179417,3.361574159397918,0.0011462348502415244,16,train,every_4,pchip,323.21999999999986,-1.7053025658242404e-13,-5.814767541835615e-17,True
2026-08-27,2027-08-20,0.9801505817932923,SPX270820C08550000,2026-08-27T16:44:26+00:00,-195.56666666666666,call,reference-session last trade,8550.0,8011.137643500851,0.9479231815147929,259.2,261.1,258.13,136.0,28.0,258.13,0.0650985040506807,0.15181091994476295,0.022589094697829243,2813.1680819825456,3.361574159397918,0.0011949425208282933,17,holdout,every_4,pchip,251.88480219257423,-6.245197807425768,-0.0022199874395789896,False
2026-08-27,2027-08-20,0.9801505817932923,SPX270820C08675000,2026-08-27T20:14:48+00:00,14.8,call,reference-session last trade,8675.0,8011.137643500851,0.9479231815147929,215.7,217.2,210.3,36.0,4.0,210.3,0.07961254693493483,0.14676195277119924,0.02111153275749549,2679.00102125166,3.361574159397918,0.0012547864419354914,18,train,every_4,pchip,210.3000000010201,1.0200835731666302e-09,3.807701322525198e-13,True
2026-08-27,2027-08-20,0.9801505817932923,SPX270820C08850000,2026-08-27T19:59:52+00:00,-0.13333333333333333,call,reference-session last trade,8850.0,8011.137643500851,0.9479231815147929,166.0,167.4,163.9,917.0,369.0,163.9,0.0995846801218501,0.14446507881353735,0.02045589848263753,2467.5384639871822,3.361574159397918,0.0013623188487064573,19,train,every_4,pchip,163.90000000000137,1.3642420526593924e-12,5.528756988269906e-16,True
2026-08-27,2027-08-20,0.9801505817932923,SPX270820C08950000,2026-08-27T19:59:23+00:00,-0.6166666666666667,call,reference-session last trade,8950.0,8011.137643500851,0.9479231815147929,141.6,142.9,140.4,1782.0,43.0,140.4,0.11082075338877598,0.1429197492653986,0.02002060942743386,2327.0020803689777,3.361574159397918,0.0014445943936865304,20,train,every_4,pchip,140.4000000002068,2.0679635781561956e-10,8.886814479462313e-14,True
2026-08-27,2027-08-20,0.9801505817932923,SPX270820C09100000,2026-08-27T19:50:37+00:00,-9.383333333333333,call,reference-session last trade,9100.0,8011.137643500851,0.9479231815147929,111.1,112.5,107.55,132.0,1.0,107.55,0.12744163462481628,0.13952604669191365,0.019081098805091627,2083.680212345836,3.361574159397918,0.001613286981121451,21,holdout,every_4,pchip,106.57790076291964,-0.9720992370803572,-0.00046652995566241637,True
2026-08-27,2027-08-20,0.9801505817932923,SPX270820C09300000,2026-08-27T13:36:04+00:00,-383.93333333333334,call,reference-session last trade,9300.0,8011.137643500851,0.9479231815147929,78.9,80.1,72.6,154.0,100.0,72.6,0.14918162126122222,0.13502142306451817,0.017868914216891445,1729.8094018684856,3.361574159397918,0.0019433205506727224,22,train,every_4,pchip,72.599999999999,-9.947598300641403e-13,-5.750690388141214e-16,True
2026-08-27,2027-08-20,0.9801505817932923,SPX270820C09600000,2026-08-27T18:43:33+00:00,-76.45,call,reference-session last trade,9600.0,8011.137643500851,0.9479231815147929,46.0,46.9,44.16,437.0,20.0,44.16,0.1809303195758024,0.13435327847044043,0.017692505489392323,1298.8902120316588,3.361574159397918,0.002588035638624078,23,train,every_4,pchip,44.16000000062906,6.290648002504895e-10,4.843094469597534e-13,True
2026-08-27,2027-08-20,0.9801505817932923,SPX270820C10200000,2026-08-27T14:52:27+00:00,-307.55,call,reference-session last trade,10200.0,8011.137643500851,0.9479231815147929,14.5,15.1,13.99,817.0,2.0,13.99,0.24155494139223724,0.13179370213097683,0.017024803865454168,608.594357173919,3.361574159397918,0.005523505303282455,24,train,every_4,pchip,13.989999999699412,-3.005879989359528e-10,-4.939053334831582e-13,True
2026-08-27,2026-09-18,0.06023271731690623,SPX260918P05475000,2026-08-27T19:59:48+00:00,-0.2,put,reference-session last trade,5475.0,7741.608398158938,0.9959553475339589,0.4,0.6,0.5,1236.0,1.0,2257.940754911775,-0.34641719369064733,0.49473259129427516,0.014742580182210712,10.821587764389916,3.1068981283412995,0.2871018741413364,0,train,every_4,sabr,2257.7355701920383,-0.20518471973673513,-0.018960685271335757,True
2026-08-27,2026-09-18,0.06023271731690623,SPX260918P05825000,2026-08-27T14:17:49+00:00,-342.18333333333334,put,reference-session last trade,5825.0,7741.608398158938,0.9959553475339589,0.75,0.9,0.95,1444.0,1.0,1909.8063832748894,-0.28445046994144757,0.44016043232058366,0.011669559304515123,20.41192024445222,3.1068981283412995,0.1522099876510015,1,holdout,every_4,sabr,1909.3846518226283,-0.42173145226115594,-0.020661037629508612,True
2026-08-27,2026-09-18,0.06023271731690623,SPX260918P05960000,2026-08-27T14:20:50+00:00,-339.1666666666667,put,reference-session last trade,5960.0,7741.608398158938,0.9959553475339589,0.9,1.05,1.15,205.0,1.0,1775.552411357805,-0.2615389883159535,0.41638874372387547,0.010443123586033783,25.01610755957548,3.1068981283412995,0.12419590541583132,2,train,every_4,sabr,1775.0710875429086,-0.4813238148965411,-0.019240555859870515,True
2026-08-27,2026-09-18,0.06023271731690623,SPX260918P06080000,2026-08-27T14:28:37+00:00,-331.3833333333333,put,reference-session last trade,6080.0,7741.608398158938,0.9959553475339589,1.1,1.3,1.35,498.0,1.0,1656.2377696537299,-0.24160477341513617,0.39471778853743006,0.009384385809536882,29.800413540962495,3.1068981283412995,0.10425687965942747,3,train,every_4,sabr,1655.7173701684655,-0.5203994852643063,-0.017462827639924707,True
2026-08-27,2026-09-18,0.06023271731690623,SPX260918P06140000,2026-08-27T14:38:49+00:00,-321.18333333333334,put,reference-session last trade,6140.0,7741.608398158938,0.9959553475339589,1.15,1.35,1.45,228.0,1.0,1596.5804488016925,-0.23178472723416077,0.38344024544785404,0.008855800904149027,32.340786649943965,3.1068981283412995,0.09606748784345612,4,train,every_4,sabr,1596.056734496279,-0.5237143054134776,-0.01619361678125368,True
2026-08-27,2026-09-18,0.06023271731690623,SPX260918P06210000,2026-08-27T14:17:48+00:00,-342.2,put,reference-session last trade,6210.0,7741.608398158938,0.9959553475339589,1.3,1.45,1.65,494.0,1.0,1527.0635744743154,-0.22044857344782448,0.37228125547075974,0.008347853059130656,36.76524736777681,3.1068981283412995,0.08450638444675242,5,holdout,every_4,sabr,1526.4693375752763,-0.5942368990390605,-0.016163005598593745,True
2026-08-27,2026-09-18,0.06023271731690623,SPX260918P06310000,2026-08-27T16:54:32+00:00,-185.46666666666667,put,reference-session last trade,6310.0,7741.608398158938,0.9959553475339589,1.55,1.75,1.8,976.0,151.0,1427.6180397209193,-0.2044737928400901,0.3518707211839501,0.007457593695779025,41.27606654016315,3.1068981283412995,0.07527117743446246,6,train,every_4,sabr,1427.0965493827355,-0.5214903381838667,-0.01263420625791552,True
2026-08-27,2026-09-18,0.06023271731690623,SPX260918P06400000,2026-08-27T19:55:05+00:00,-4.916666666666667,put,reference-session last trade,6400.0,7741.608398158938,0.9959553475339589,1.7,1.9,2.1,17606.0,26.0,1338.282058442863,-0.19031147902758577,0.33668442847935637,0.00682776426110981,48.34204217233265,3.1068981283412995,0.06426907074520435,7,train,every_4,sabr,1337.7085907990445,-0.5734676438185033,-0.01186271034587598,True
2026-08-27,2026-09-18,0.06023271731690623,SPX260918P06625000,2026-08-27T17:58:26+00:00,-121.56666666666666,put,reference-session last trade,6625.0,7741.608398158938,0.9959553475339589,2.45,2.6,2.93,2184.0,23.0,1115.0221052477225,-0.15575909752092598,0.2955235991128272,0.0052603760381031575,69.55115034350275,3.1068981283412995,0.04467069362615562,8,train,every_4,sabr,1114.5291443526296,-0.4929608950928923,-0.007087746107120184,True
2026-08-27,2026-09-18,0.06023271731690623,SPXW260918P06790000,2026-08-27T18:57:20+00:00,-62.666666666666664,put,reference-session last trade,6790.0,7741.608398158938,0.9959553475339589,3.4,3.6,4.13,116.0,1.0,951.8894729046191,-0.13115852782260717,0.2683594247148257,0.004337766402004075,97.28063007766478,3.1068981283412995,0.03193747949474507,9,holdout,every_4,sabr,951.2888741222729,-0.6005987823461965,-0.006173878416152358,True
2026-08-27,2026-09-18,0.06023271731690623,SPXW260918P06870000,2026-08-27T14:52:45+00:00,-307.25,put,reference-session last trade,6870.0,7741.608398158938,0.9959553475339589,3.8,4.0,4.5,83.0,2.0,872.5830451019025,-0.11944536315895393,0.2513219814900629,0.0038044633658097563,108.99971210524686,3.1068981283412995,0.028503727838669626,10,train,every_4,sabr,872.3502075615856,-0.23283754031683657,-0.0021361298651139155,True
2026-08-27,2026-09-18,0.06023271731690623,SPXW260918P06950000,2026-08-27T19:16:58+00:00,-43.03333333333333,put,reference-session last trade,6950.0,7741.608398158938,0.9959553475339589,4.6,4.8,5.3,2350.0,39.0,793.7066172991857,-0.1078678098165111,0.23715254157077256,0.003387568009353851,128.36387081276158,3.1068981283412995,0.024203836396248814,11,train,every_4,sabr,793.6064322976532,-0.10018500153250898,-0.000780476631766926,True
2026-08-27,2026-09-18,0.06023271731690623,SPX260918P07075000,2026-08-27T19:48:03+00:00,-11.95,put,reference-session last trade,7075.0,7741.608398158938,0.9959553475339589,5.6,5.9,5.75,1995.0,4.0,669.6621988574409,-0.09004202586391061,0.20715184506967296,0.002584699554132609,150.33746127890825,3.1068981283412995,0.02066616066222734,12,train,every_4,sabr,671.1246645239964,1.4624656665555449,0.00972788587830652,True
2026-08-27,2026-09-18,0.06023271731690623,SPXW260918P07135000,2026-08-27T16:47:29+00:00,-192.51666666666668,put,reference-session last trade,7135.0,7741.608398158938,0.9959553475339589,6.8,7.1,7.7,65.0,22.0,611.8548780054034,-0.0815972184644121,0.20228996060019444,0.0024647967679995095,187.70224130524178,3.1068981283412995,0.016552269737093096,13,holdout,every_4,sabr,612.6720826244494,0.8172046190460378,0.004353728614870922,True
2026-08-27,2026-09-18,0.06023271731690623,SPX260918P07230000,2026-08-27T14:18:39+00:00,-341.35,put,reference-session last trade,7230.0,7741.608398158938,0.9959553475339589,8.4,8.8,10.8,608.0,1.0,520.3391199896772,-0.06837043322253855,0.18923011859250669,0.0021568154174284766,246.7775029685665,3.1068981283412995,0.012589875863753446,14,train,every_4,sabr,520.7836708807847,0.4445508911074967,0.001801423897072667,True
2026-08-27,2026-09-18,0.06023271731690623,SPX260918P07285000,2026-08-27T20:10:10+00:00,10.166666666666666,put,reference-session last trade,7285.0,7741.608398158938,0.9959553475339589,10.0,10.5,11.7,659.0,37.0,466.4615758753095,-0.06079202974604377,0.17617356637166853,0.0018694504058548373,272.4720580014003,3.1068981283412995,0.011402630240805582,15,train,every_4,sabr,468.0920450729606,1.6304691976511094,0.0059839867970708765,True
2026-08-27,2026-09-18,0.06023271731690623,SPXW260918P07465000,2026-08-27T18:51:55+00:00,-68.08333333333333,put,reference-session last trade,7465.0,7741.608398158938,0.9959553475339589,20.8,21.1,26.05,131.0,7.0,301.5396133191969,-0.03638403840205821,0.15499927049790516,0.0014470774122037535,469.1049744936451,3.1068981283412995,0.006623033856536919,16,train,every_4,sabr,300.2126260510302,-1.3269872681667039,-0.002828764008736131,True
2026-08-27,2026-09-18,0.06023271731690623,SPXW260918P07560000,2026-08-27T17:40:01+00:00,-139.98333333333332,put,reference-session last trade,7560.0,7741.608398158938,0.9959553475339589,31.5,31.9,35.5,192.0,50.0,216.3738553034708,-0.023738279201770206,0.1357425458362577,0.0011098503833056469,578.668622640051,3.1068981283412995,0.005369045437726943,17,holdout,every_4,sabr,216.8130344056441,0.43917910217328426,0.0007589474960118352,True
2026-08-27,2026-09-18,0.06023271731690623,SPXW260918C07805000,2026-08-27T19:09:31+00:00,-50.483333333333334,call,reference-session last trade,7805.0,7741.608398158938,0.9959553475339589,53.6,54.2,51.18,131.0,44.0,51.18,0.008155084574183433,0.10389965749312098,0.0006502205453747644,720.149749439073,3.1068981283412995,0.004314238990933862,18,train,every_4,sabr,50.73449284013038,-0.44550715986962075,-0.0006186312780315868,True
2026-08-27,2026-09-18,0.06023271731690623,SPX260918C07905000,2026-08-27T19:50:40+00:00,-9.333333333333334,call,reference-session last trade,7905.0,7741.608398158938,0.9959553475339589,20.5,21.2,20.04,293.0,6.0,20.04,0.02088600126822348,0.0982013774479675,0.0005808548438574127,523.9893297293258,3.1068981283412995,0.005929315640733013,19,train,every_4,sabr,20.79235605591007,0.7523560559100702,0.0014358232376577408,True
2026-08-27,2026-09-18,0.06023271731690623,SPXW260918C07990000,2026-08-27T17:30:18+00:00,-149.7,call,reference-session last trade,7990.0,7741.608398158938,0.9959553475339589,8.0,8.3,10.36,275.0,14.0,10.36,0.03158129038497148,0.10393223117447335,0.0006506283118190055,356.32384928487073,3.1068981283412995,0.008719310073060597,20,train,every_4,sabr,9.84060016101265,-0.5193998389873489,-0.0014576622924055347,True
2026-08-27,2026-09-18,0.06023271731690623,SPX260918C08080000,2026-08-27T17:08:38+00:00,-171.36666666666667,call,reference-session last trade,8080.0,7741.608398158938,0.9959553475339589,2.5,2.7,3.55,1444.0,1.0,3.55,0.042782403139792036,0.10212639675729217,0.0006282152501623896,179.6738468981727,3.1068981283412995,0.017291877376578266,21,holdout,every_4,sabr,4.90120006657356,1.3512000665735604,0.007520293520176765,True
2026-08-27,2026-09-18,0.06023271731690623,SPXW260918C08280000,2026-08-27T15:30:04+00:00,-269.93333333333334,call,reference-session last trade,8280.0,7741.608398158938,0.9959553475339589,0.6,0.75,0.78,69.0,20.0,0.78,0.06723349900395653,0.11774270265444674,0.0008350268819280386,52.112801297135604,3.1068981283412995,0.05961871269645355,22,train,every_4,sabr,1.4612976660086696,0.6812976660086696,0.013073518388007235,True
2026-08-27,2026-09-18,0.06023271731690623,SPX260918C08380000,2026-08-27T15:56:16+00:00,-243.73333333333332,call,reference-session last trade,8380.0,7741.608398158938,0.9959553475339589,0.35,0.5,0.53,156.0,70.0,0.53,0.07923844510077975,0.1297310320851168,0.0010137251063357462,35.489441250686994,3.1068981283412995,0.08754429539747001,23,train,every_4,sabr,0.9051394358709063,0.37513943587090626,0.010570452017574224,True
2026-08-27,2026-09-18,0.06023271731690623,SPX260918C08675000,2026-08-27T17:13:13+00:00,-166.78333333333333,call,reference-session last trade,8675.0,7741.608398158938,0.9959553475339589,0.05,0.25,0.25,347.0,1.0,0.25,0.113835856439711,0.1654965318282324,0.0016497200411712775,15.733618536975712,3.1068981283412995,0.1974687590804208,24,train,every_4,sabr,0.2955717328222709,0.045571732822270894,0.0028964559370225212,True
2026-08-27,2026-11-20,0.2327173169062286,SPX261120P05500000,2026-08-27T17:45:42+00:00,-134.3,put,reference-session last trade,5500.0,7784.875446624804,0.9999999999999999,8.6,9.1,8.56,9700.0,1.0,2293.4354466248033,-0.34743471377051904,0.3536123307173027,0.029099364372354438,157.67941674060665,8.384553375196333,0.05317468537437256,0,train,every_4,sabr,2291.9310753991253,-1.5043712256779145,-0.009540695017617342,True
2026-08-27,2026-11-20,0.2327173169062286,SPX261120P05725000,2026-08-27T20:10:11+00:00,10.183333333333334,put,reference-session last trade,5725.0,7784.875446624804,0.9999999999999999,10.8,11.2,11.0,371.0,15.0,2070.8754466248033,-0.3073402565686409,0.33090219363396456,0.025481676246133962,200.68342514561533,8.384553375196333,0.041779999365231704,1,holdout,every_4,sabr,2069.069450642614,-1.8059959821894154,-0.008999228415993946,True
2026-08-27,2026-11-20,0.2327173169062286,SPX261120P06025000,2026-08-27T19:56:06+00:00,-3.9,put,reference-session last trade,6025.0,7784.875446624804,0.9999999999999999,14.8,15.2,14.7,277.0,1.0,1774.5754466248036,-0.2562653266322255,0.29817606914045575,0.02069065653027947,268.89490765490046,8.384553375196333,0.031181525333893876,2,train,every_4,sabr,1773.105912364768,-1.4695342600355161,-0.0054650877283310825,True
2026-08-27,2026-11-20,0.2327173169062286,SPXW261120P06250000,2026-08-27T19:59:30+00:00,-0.5,put,reference-session last trade,6250.0,7784.875446624804,0.9999999999999999,19.1,19.5,19.3,128.0,15.0,1554.1754466248035,-0.21960134226063402,0.27639295177118334,0.01777798883517304,345.05583919709306,8.384553375196333,0.024299120382098926,3,train,every_4,sabr,1552.4445718731138,-1.7308747516897256,-0.005016216377376139,True
2026-08-27,2026-11-20,0.2327173169062286,SPX261120P06525000,2026-08-27T19:55:48+00:00,-4.2,put,reference-session last trade,6525.0,7784.875446624804,0.9999999999999999,25.8,26.3,25.9,480.0,3.0,1285.7754466248036,-0.17654185280018714,0.24696321502264446,0.014193622214421022,456.7176739738905,8.384553375196333,0.0183582853324736,4,train,every_4,sabr,1285.1267936666543,-0.6486529581493414,-0.0014202493030441021,True
2026-08-27,2026-11-20,0.2327173169062286,SPX261120P06770000,2026-08-27T19:51:49+00:00,-8.183333333333334,put,reference-session last trade,6770.0,7784.875446624804,0.9999999999999999,35.0,35.6,35.6,236.0,1.0,1050.4754466248037,-0.13968171908476057,0.2229347339807226,0.011566026358055365,600.2142135319554,8.384553375196333,0.013969268281498203,5,holdout,every_4,sabr,1050.4299297195882,-0.045516905215436054,-7.583443408910999e-05,True
2026-08-27,2026-11-20,0.2327173169062286,SPXW261120P06875000,2026-08-27T19:57:23+00:00,-2.6166666666666667,put,reference-session last trade,6875.0,7784.875446624804,0.9999999999999999,41.0,41.4,41.5,97.0,1.0,951.3754466248037,-0.12429116245630915,0.21327803296053283,0.01058573345434278,677.8257286798826,8.384553375196333,0.012369777393262855,6,train,every_4,sabr,951.3237998141511,-0.051646810652528075,-7.619482186536971e-05,True
2026-08-27,2026-11-20,0.2327173169062286,SPX261120P06980000,2026-08-27T15:25:02+00:00,-274.96666666666664,put,reference-session last trade,6980.0,7784.875446624804,0.9999999999999999,46.7,47.5,48.29,420.0,2.0,853.1654466248036,-0.10913388923466313,0.2032480618358852,0.009613499916231963,762.6608248398801,8.384553375196333,0.0109938167821281,7,train,every_4,sabr,853.4222532987286,0.25680667392498435,0.00033672461671136795,True
2026-08-27,2026-11-20,0.2327173169062286,SPX261120P07040000,2026-08-27T19:35:19+00:00,-24.683333333333334,put,reference-session last trade,7040.0,7784.875446624804,0.9999999999999999,51.3,51.8,52.92,456.0,100.0,797.7954466248036,-0.10057463583899322,0.19769434029650265,0.009095303041062007,816.1021544051524,8.384553375196333,0.010273901778028926,8,train,every_4,sabr,798.1346512029858,0.339204578182148,0.0004156398513975133,True
2026-08-27,2026-11-20,0.2327173169062286,SPX261120P07130000,2026-08-27T15:01:44+00:00,-298.26666666666665,put,reference-session last trade,7130.0,7784.875446624804,0.9999999999999999,58.2,59.0,60.97,158.0,42.0,715.8454466248037,-0.08787157158273957,0.18944519540892804,0.008352103970978204,902.1770286986886,8.384553375196333,0.009293689717737901,9,holdout,every_4,sabr,716.2851150779796,0.4396684531759547,0.00048734166265587366,True
2026-08-27,2026-11-20,0.2327173169062286,SPX261120P07220000,2026-08-27T19:08:22+00:00,-51.63333333333333,put,reference-session last trade,7220.0,7784.875446624804,0.9999999999999999,67.2,67.8,71.1,504.0,3.0,635.9754466248037,-0.0753278531042093,0.181784363707217,0.0076902728693147415,996.73286841459,8.384553375196333,0.008412036605688402,10,train,every_4,sabr,635.9994848812729,0.024038256469225416,2.411705004517492e-05,True
2026-08-27,2026-11-20,0.2327173169062286,SPX261120P07290000,2026-08-27T19:35:19+00:00,-24.683333333333334,put,reference-session last trade,7290.0,7784.875446624804,0.9999999999999999,75.2,75.9,78.64,534.0,100.0,573.5154466248038,-0.06567925998837744,0.17427242631149178,0.0070678293734757515,1067.571819861303,8.384553375196333,0.007853854156890015,11,train,every_4,sabr,574.872396383358,1.356949758554265,0.0012710617995991664,True
2026-08-27,2026-11-20,0.2327173169062286,SPX261120P07390000,2026-08-27T19:51:52+00:00,-8.133333333333333,put,reference-session last trade,7390.0,7784.875446624804,0.9999999999999999,89.2,90.0,92.2,408.0,25.0,487.0754466248037,-0.05205507104883375,0.1641969242760681,0.006274205462139005,1175.3017784850435,8.384553375196333,0.007133957872508258,12,train,every_4,sabr,490.02106709012236,2.9456204653186546,0.002506267342771778,True
2026-08-27,2026-11-20,0.2327173169062286,SPX261120P07475000,2026-08-27T19:37:33+00:00,-22.45,put,reference-session last trade,7475.0,7784.875446624804,0.9999999999999999,104.4,105.3,108.34,3178.0,202.0,418.2154466248037,-0.04061868673219403,0.1573464970791937,0.005761596747879207,1271.3387415394502,8.384553375196333,0.006595058501122658,13,holdout,every_4,sabr,420.7288713486068,2.513424723803098,0.001976990586127832,True
2026-08-27,2026-11-20,0.2327173169062286,SPXW261120P07550000,2026-08-27T19:58:14+00:00,-1.7666666666666666,put,reference-session last trade,7550.0,7784.875446624804,0.9999999999999999,121.2,122.1,124.84,164.0,3.0,359.71544662480375,-0.03063524274801089,0.15107646143540465,0.005311562661154501,1349.7921342767659,8.384553375196333,0.006211736727662051,14,train,every_4,sabr,362.2759586285228,2.5605120037190545,0.0018969676431630758,True
2026-08-27,2026-11-20,0.2327173169062286,SPX261120P07680000,2026-08-27T14:53:37+00:00,-306.3833333333333,put,reference-session last trade,7680.0,7784.875446624804,0.9999999999999999,156.9,157.9,165.05,181.0,35.0,269.9254466248038,-0.013563258849363376,0.1434317878573276,0.004787618371733611,1458.9055458867686,8.384553375196333,0.005747152993444781,15,train,every_4,sabr,268.5772340094408,-1.3482126153629679,-0.0009241260472030641,True
2026-08-27,2026-11-20,0.2327173169062286,SPXW261120P07725000,2026-08-27T15:28:04+00:00,-271.93333333333334,put,reference-session last trade,7725.0,7784.875446624804,0.9999999999999999,172.9,173.7,180.22,70.0,5.0,240.09544662480377,-0.0077209832251350806,0.13992568828247073,0.004556418481895878,1481.873427740565,8.384553375196333,0.005658076606434862,16,train,every_4,sabr,238.89015548783024,-1.2052911369735284,-0.0008133563328760502,True
2026-08-27,2026-11-20,0.2327173169062286,SPX261120C07845000,2026-08-27T17:06:23+00:00,-173.61666666666667,call,reference-session last trade,7845.0,7784.875446624804,0.9999999999999999,172.5,173.6,176.4,74.0,2.0,176.4,0.007693580176051764,0.1363683657616582,0.004327688296626854,1492.9380812472377,8.384553375196333,0.0056161427459815805,17,holdout,every_4,sabr,168.24348549859812,-8.156514501401887,-0.005463397714785151,True
2026-08-27,2026-11-20,0.2327173169062286,SPX261120C07920000,2026-08-27T15:19:51+00:00,-280.15,call,reference-session last trade,7920.0,7784.875446624804,0.9999999999999999,137.1,138.1,134.88,61.0,6.0,134.88,0.017208399817390377,0.1290847602549084,0.0038777396387562222,1453.8499230370749,8.384553375196333,0.0057671381635327965,18,train,every_4,sabr,131.2747878283612,-3.605212171638783,-0.0024797691388307387,True
2026-08-27,2026-11-20,0.2327173169062286,SPX261120C07980000,2026-08-27T19:39:40+00:00,-20.333333333333332,call,reference-session last trade,7980.0,7784.875446624804,0.9999999999999999,110.6,111.6,106.91,509.0,50.0,106.91,0.024755605452773277,0.12437234580841815,0.00359978325574413,1392.4780278836718,8.384553375196333,0.006021318259462534,19,train,every_4,sabr,106.04309899143298,-0.8669010085670124,-0.0006225599192287101,True
2026-08-27,2026-11-20,0.2327173169062286,SPX261120C08060000,2026-08-27T18:53:29+00:00,-66.51666666666667,call,reference-session last trade,8060.0,7784.875446624804,0.9999999999999999,81.8,82.8,77.5,33.0,1.0,77.5,0.03473075050959271,0.12013077285879092,0.0033584372893916098,1273.3397229489456,8.384553375196333,0.0065846947394199145,20,train,every_4,sabr,78.45349459469433,0.9534945946943338,0.0007488139869587373,True
2026-08-27,2026-11-20,0.2327173169062286,SPX261120C08180000,2026-08-27T19:34:24+00:00,-25.6,call,reference-session last trade,8180.0,7784.875446624804,0.9999999999999999,50.8,51.7,48.69,19.0,1.0,48.69,0.04950934460571146,0.11846990945766293,0.003266215340142594,1054.8446982137298,8.384553375196333,0.00794861403711343,21,holdout,every_4,sabr,48.946249714214666,0.25624971421466824,0.00024292648448496788,True
2026-08-27,2026-11-20,0.2327173169062286,SPXW261120C08240000,2026-08-27T16:03:14+00:00,-236.76666666666668,call,reference-session last trade,8240.0,7784.875446624804,0.9999999999999999,39.9,40.4,39.1,37.0,11.0,39.1,0.05681753791243609,0.11905190979722304,0.003298385665273432,944.5088697872729,8.384553375196333,0.008877156841401335,22,train,every_4,sabr,38.63385259295978,-0.46614740704022495,-0.0004935341762806453,True
2026-08-27,2026-11-20,0.2327173169062286,SPXW261120C08350000,2026-08-27T18:38:21+00:00,-81.65,call,reference-session last trade,8350.0,7784.875446624804,0.9999999999999999,23.8,24.3,22.9,340.0,20.0,22.9,0.0700787328538199,0.11627193689998934,0.003146143412430893,710.66156329422,8.384553375196333,0.01179823675327303,23,train,every_4,sabr,25.34533213714519,2.44533213714519,0.0034409235892961915,True
2026-08-27,2026-11-20,0.2327173169062286,SPX261120C09100000,2026-08-27T13:44:38+00:00,-375.3666666666667,call,reference-session last trade,9100.0,7784.875446624804,0.9999999999999999,0.95,1.2,1.05,915.0,32.0,1.05,0.15609160751386011,0.12938798141564853,0.003895978719943539,71.00167418927643,8.384553375196333,0.11808951649287552,24,train,every_4,sabr,2.982552686774113,1.9325526867741127,0.027218410112729303,True
2026-08-27,2027-02-19,0.48186173853524983,SPX270219P05625000,2026-08-27T20:10:10+00:00,10.166666666666666,put,reference-session last trade,5625.0,7872.481980038706,0.967163927214507,31.0,31.6,31.3,663.0,3.0,2204.983498158071,-0.3361524369242269,0.3026607405691562,0.044140233273673196,492.830920219106,1.5243562709430591,0.003093061349043097,0,train,every_4,sabr,2204.780229975195,-0.20326818287594506,-0.0004124501416947921,True
2026-08-27,2027-02-19,0.48186173853524983,SPX270219P05800000,2026-08-27T19:34:42+00:00,-25.3,put,reference-session last trade,5800.0,7872.481980038706,0.967163927214507,36.0,36.6,36.56,1722.0,150.0,2040.9898108955322,-0.3055154674623372,0.28941024709015545,0.04035991577620295,566.5750106517871,1.5243562709430591,0.002690475651563668,1,holdout,every_4,sabr,2040.846768032697,-0.1430428628352729,-0.0002524694173693199,True
2026-08-27,2027-02-19,0.48186173853524983,SPX270219P05950000,2026-08-27T18:54:37+00:00,-65.38333333333334,put,reference-session last trade,5950.0,7872.481980038706,0.967163927214507,40.9,41.5,42.25,315.0,1.0,1901.6052218133561,-0.27998216545717236,0.2788679358652692,0.03747309874075575,641.0632353701202,1.5243562709430591,0.0023778563281092956,2,train,every_4,sabr,1901.1095797321725,-0.4956420811836324,-0.0007731563032116038,True
2026-08-27,2027-02-19,0.48186173853524983,SPX270219P06125000,2026-08-27T13:47:30+00:00,-372.5,put,reference-session last trade,6125.0,7872.481980038706,0.967163927214507,47.6,48.5,50.89,267.0,12.0,1740.9915345508175,-0.2509946285839201,0.26780614662511676,0.034559187575507355,744.3277019121693,1.5243562709430591,0.0020479639102871025,3,train,every_4,sabr,1739.1774247637888,-1.8141097870286558,-0.00243724609787897,False
2026-08-27,2027-02-19,0.48186173853524983,SPX270219P06200000,2026-08-27T20:09:55+00:00,9.916666666666666,put,reference-session last trade,6200.0,7872.481980038706,0.967163927214507,51.2,51.9,52.2,1121.0,5.0,1669.7642400097293,-0.23882409296366489,0.2593762844124177,0.03241775774714329,773.2264146436344,1.5243562709430591,0.001971422913229893,4,train,every_4,sabr,1670.1987802195936,0.43454020986428077,0.0005619831418518627,True
2026-08-27,2027-02-19,0.48186173853524983,SPX270219P06300000,2026-08-27T17:31:38+00:00,-148.36666666666667,put,reference-session last trade,6300.0,7872.481980038706,0.967163927214507,56.1,56.9,57.04,1910.0,20.0,1577.8878472882786,-0.2228237516172237,0.2518218928126313,0.030556908318011226,833.8860953919543,1.5243562709430591,0.001828014976345853,5,holdout,every_4,sabr,1578.6782384965777,0.7903912082990701,0.0009478407334847811,True
2026-08-27,2027-02-19,0.48186173853524983,SPX270219P06500000,2026-08-27T18:56:52+00:00,-63.13333333333333,put,reference-session last trade,6500.0,7872.481980038706,0.967163927214507,67.9,68.7,70.62,2832.0,5.0,1398.0350618453772,-0.1915712081131193,0.2391743079705626,0.02756458734675637,981.244822538543,1.5243562709430591,0.0015534922946135422,6,train,every_4,sabr,1397.4438371133147,-0.5912247320625283,-0.0006025251990965845,True
2026-08-27,2027-02-19,0.48186173853524983,SPX270219P06575000,2026-08-27T16:27:51+00:00,-212.15,put,reference-session last trade,6575.0,7872.481980038706,0.967163927214507,72.9,73.8,74.53,333.0,1.0,1329.4077673042893,-0.1800988069508825,0.2325202355643867,0.026052172897077473,1030.6406788117208,1.5243562709430591,0.0014790375562320796,7,train,every_4,sabr,1330.2076942841575,0.7999269798681325,0.0007761453592055089,True
2026-08-27,2027-02-19,0.48186173853524983,SPX270219P06675000,2026-08-27T16:43:04+00:00,-196.93333333333334,put,reference-session last trade,6675.0,7872.481980038706,0.967163927214507,80.3,81.5,81.51,3536.0,2.0,1239.6713745828386,-0.16500418072839748,0.22484842048371095,0.024361393418610447,1106.9954131808793,1.5243562709430591,0.0013770213072183566,8,train,every_4,sabr,1241.2833474660401,1.611972883201588,0.0014561694330509365,False
2026-08-27,2027-02-19,0.48186173853524983,SPX270219P06775000,2026-08-27T19:27:40+00:00,-32.333333333333336,put,reference-session last trade,6775.0,7872.481980038706,0.967163927214507,89.1,89.8,91.52,1912.0,18.0,1152.9649818613877,-0.1501340182489462,0.21907435787166168,0.023126267139578476,1198.0692179669727,1.5243562709430591,0.0012723440750191124,9,holdout,every_4,sabr,1153.2940127847278,0.32903092334004214,0.00027463431862341075,True
2026-08-27,2027-02-19,0.48186173853524983,SPX270219P06825000,2026-08-27T15:00:55+00:00,-299.0833333333333,put,reference-session last trade,6825.0,7872.481980038706,0.967163927214507,93.7,94.6,96.43,442.0,1.0,1109.5167855006625,-0.14278104394368735,0.21574982508272791,0.022429693952328744,1242.782207872197,1.5243562709430591,0.0012265675041751307,10,train,every_4,sabr,1109.6917322624554,0.17494676179285307,0.00014077024975468907,True
2026-08-27,2027-02-19,0.48186173853524983,SPX270219P07025000,2026-08-27T20:09:47+00:00,9.783333333333333,put,reference-session last trade,7025.0,7872.481980038706,0.967163927214507,115.1,115.9,117.8,447.0,16.0,937.454000057761,-0.11389816979490133,0.2015380342762291,0.01957205735728149,1426.4543387536942,1.5243562709430591,0.0010686330641854983,11,train,every_4,sabr,938.3667626525896,0.912762594828564,0.0006398820978917929,True
2026-08-27,2027-02-19,0.48186173853524983,SPX270219P07200000,2026-08-27T19:38:59+00:00,-21.016666666666666,put,reference-session last trade,7200.0,7872.481980038706,0.967163927214507,139.1,139.9,141.7,1621.0,142.0,792.1003127952224,-0.08929235899270115,0.18952249671657462,0.0173078842164446,1598.165970615671,1.5243562709430591,0.0009538159984446561,12,train,every_4,sabr,793.4349413263301,1.3346285311076826,0.0008351000807466422,True
2026-08-27,2027-02-19,0.48186173853524983,SPX270219P07250000,2026-08-27T19:36:46+00:00,-23.233333333333334,put,reference-session last trade,7250.0,7872.481980038706,0.967163927214507,146.5,147.6,149.7,1309.0,204.0,751.7421164344971,-0.08237191614812735,0.18620922846239213,0.01670801453952757,1648.1836316786523,1.5243562709430591,0.0009248704098526469,13,holdout,every_4,sabr,753.0733572006669,1.331240766169799,0.0008077017272729183,True
2026-08-27,2027-02-19,0.48186173853524983,SPX270219P07375000,2026-08-27T17:43:05+00:00,-136.91666666666666,put,reference-session last trade,7375.0,7872.481980038706,0.967163927214507,168.7,170.0,172.16,488.0,5.0,653.3066255326837,-0.06527748278882724,0.17802498636502928,0.01527159385507822,1771.698297715044,1.5243562709430591,0.0008603926937837095,14,train,every_4,sabr,654.5964916418501,1.2898661091663826,0.0007280393681192336,True
2026-08-27,2027-02-19,0.48186173853524983,SPX270219P07450000,2026-08-27T19:21:04+00:00,-38.93333333333333,put,reference-session last trade,7450.0,7872.481980038706,0.967163927214507,184.8,185.8,189.9,404.0,16.0,598.5093309915957,-0.05515935262324263,0.17446609825081522,0.01466710970907572,1845.712123134383,1.5243562709430591,0.0008258905881565115,15,train,every_4,sabr,597.4022130770792,-1.1071179145164933,-0.0005998323902410029,True
2026-08-27,2027-02-19,0.48186173853524983,SPX270219P07625000,2026-08-27T16:50:12+00:00,-189.8,put,reference-session last trade,7625.0,7872.481980038706,0.967163927214507,228.8,229.8,230.35,2399.0,6.0,469.705643729057,-0.031941062521235436,0.16227154135684385,0.012688408902508845,1990.2070503622772,1.5243562709430591,0.0007659284850114368,16,train,every_4,sabr,470.6473962440488,0.9417525149918333,0.00047319323626172775,True
2026-08-27,2027-02-19,0.48186173853524983,SPX270219C07875000,2026-08-27T19:25:12+00:00,-34.8,call,reference-session last trade,7875.0,7872.481980038706,0.967163927214507,313.2,314.7,303.64,565.0,3.0,303.64,0.0003197996969859973,0.14461880109558828,0.010077944374913779,2106.217385348798,1.5243562709430591,0.0007237411871854907,17,holdout,every_4,sabr,310.59458100029354,6.954581000293558,0.003301929349112201,False
2026-08-27,2027-02-19,0.48186173853524983,SPX270219C08025000,2026-08-27T19:04:20+00:00,-55.666666666666664,call,reference-session last trade,8025.0,7872.481980038706,0.967163927214507,233.7,235.1,226.5,154.0,5.0,226.5,0.019188284001368752,0.13833673796474288,0.00922141366310134,2084.3897798802304,1.5243562709430591,0.0007313201617360881,18,train,every_4,sabr,230.00205846911334,3.5020584691133365,0.0016801360776747647,False
2026-08-27,2027-02-19,0.48186173853524983,SPX270219C08150000,2026-08-27T18:21:49+00:00,-98.18333333333334,call,reference-session last trade,8150.0,7872.481980038706,0.967163927214507,180.9,182.3,176.14,604.0,1.0,176.14,0.03464454223806064,0.13561389961510328,0.008861981764028732,2002.6961357113987,1.5243562709430591,0.0007611520508584677,19,train,every_4,sabr,173.48908124393085,-2.6509187560691316,-0.0013236749743502506,False
2026-08-27,2027-02-19,0.48186173853524983,SPX270219C08200000,2026-08-27T19:47:15+00:00,-12.75,call,reference-session last trade,8200.0,7872.481980038706,0.967163927214507,160.1,161.2,156.66,2209.0,4.0,156.66,0.04076076925549664,0.13374409115997282,0.008619293136088852,1952.1325091445008,1.5243562709430591,0.0007808672125495673,20,train,every_4,sabr,153.7879512233121,-2.8720487766879046,-0.0014712365903616585,False
2026-08-27,2027-02-19,0.48186173853524983,SPX270219C08550000,2026-08-27T16:00:15+00:00,-239.75,call,reference-session last trade,8550.0,7872.481980038706,0.967163927214507,67.1,68.3,65.31,147.0,2.0,65.31,0.0825578979339581,0.12676579199997373,0.0077433090205694345,1413.6855523661955,1.5243562709430591,0.0010782852441206783,21,holdout,every_4,sabr,60.847087914398166,-4.462912085601836,-0.0031569340707570458,False
2026-08-27,2027-02-19,0.48186173853524983,SPX270219C08750000,2026-08-27T16:07:08+00:00,-232.86666666666667,call,reference-session last trade,8750.0,7872.481980038706,0.967163927214507,37.8,38.6,36.6,22.0,5.0,36.6,0.10568031535481238,0.12401419969290531,0.0074108030764764845,1045.3957975705653,1.5243562709430591,0.0014581618507416695,22,train,every_4,sabr,35.48669990867085,-1.113300091329151,-0.0010649555832502782,True
2026-08-27,2027-02-19,0.48186173853524983,SPX270219C08850000,2026-08-27T15:01:51+00:00,-298.15,call,reference-session last trade,8850.0,7872.481980038706,0.967163927214507,27.4,28.2,27.2,104.0,28.0,27.2,0.11704407400512731,0.12331365235369457,0.00732731336563499,877.0362589931667,1.5243562709430591,0.0017380766819070999,23,train,every_4,sabr,27.437157245463773,0.2371572454637736,0.0002704075721293769,True
2026-08-27,2027-02-19,0.48186173853524983,SPX270219C10000000,2026-08-27T14:28:13+00:00,-331.78333333333336,call,reference-session last trade,10000.0,7872.481980038706,0.967163927214507,1.3,1.7,1.45,2296.0,1.0,1.45,0.239211707979335,0.1358969720842035,0.008899016333501006,95.31234155423574,1.5243562709430591,0.015993272708295096,24,train,every_4,sabr,3.17720230695755,1.72720230695755,0.018121496951942127,False
2026-08-27,2027-08-20,0.9801505817932923,SPX270820P05750000,2026-08-27T14:30:38+00:00,-329.3666666666667,put,reference-session last trade,5750.0,8011.137643500851,0.9479231815147929,88.0,89.2,91.0,32.0,15.0,2234.384788870188,-0.33163292408872896,0.27240776241346354,0.07273304331354792,1182.2561136694133,3.361574159397918,0.0028433552768566133,0,train,every_4,sabr,2233.238280445138,-1.1465084250498876,-0.000969763160277874,True
2026-08-27,2027-08-20,0.9801505817932923,SPX270820P05900000,2026-08-27T20:09:15+00:00,9.25,put,reference-session last trade,5900.0,8011.137643500851,0.9479231815147929,98.4,99.5,100.4,1493.0,6.0,2101.596311642969,-0.3058804279863143,0.2635725051249552,0.06809151713595715,1283.8955559852348,3.361574159397918,0.00261826138717204,1,holdout,every_4,sabr,2101.9522720270634,0.3559603840944874,0.0002772502657518203,True
2026-08-27,2027-08-20,0.9801505817932923,SPX270820P06375000,2026-08-27T20:06:10+00:00,6.166666666666667,put,reference-session last trade,6375.0,8011.137643500851,0.9479231815147929,141.4,142.4,143.7,6.0,2.0,1694.6328004234424,-0.22844868785349828,0.24005768474565528,0.056483815846541004,1673.8442623747983,3.361574159397918,0.0020082956550740395,2,train,every_4,sabr,1695.5485561213065,0.9157556978641423,0.0005470973127242415,True
2026-08-27,2027-08-20,0.9801505817932923,SPX270820P06450000,2026-08-27T17:39:01+00:00,-140.98333333333332,put,reference-session last trade,6450.0,8011.137643500851,0.9479231815147929,149.3,150.4,151.7,282.0,11.0,1631.538561809833,-0.2167526480903069,0.2362319831709112,0.05469784217517996,1739.6927168414031,3.361574159397918,0.0019322804118541191,3,train,every_4,sabr,1632.9388028638214,1.4002410539883385,0.0008048783790568629,True
2026-08-27,2027-08-20,0.9801505817932923,SPX270820P06800000,2026-08-27T16:27:03+00:00,-212.95,put,reference-session last trade,6800.0,8011.137643500851,0.9479231815147929,194.9,196.4,199.21,538.0,40.0,1347.2754482796554,-0.163910166715927,0.22043065949588658,0.047625198853369896,2071.7991926232,3.361574159397918,0.001622538598995048,4,train,every_4,sabr,1347.905116106513,0.6296678268577125,0.0003039231934734279,True
2026-08-27,2027-08-20,0.9801505817932923,SPX270820P06850000,2026-08-27T17:57:20+00:00,-122.66666666666667,put,reference-session last trade,6850.0,8011.137643500851,0.9479231815147929,203.3,204.7,206.5,122.0,2.0,1307.1692892039157,-0.1565841266238542,0.21792983283589482,0.04655069544223797,2118.9557083814575,3.361574159397918,0.0015864296483882722,5,holdout,every_4,sabr,1308.2784127045256,1.1091235006099396,0.000523429298792249,True
2026-08-27,2027-08-20,0.9801505817932923,SPX270820P07000000,2026-08-27T19:09:08+00:00,-50.86666666666667,put,reference-session last trade,7000.0,8011.137643500851,0.9479231815147929,228.0,229.3,233.0,656.0,23.0,1191.4808119766967,-0.13492262984267478,0.21176132339071133,0.04395275344048838,2266.745653218873,3.361574159397918,0.001482995745298703,6,train,every_4,sabr,1191.2976630855671,-0.18314889112957644,-8.079816580633888e-05,True
2026-08-27,2027-08-20,0.9801505817932923,SPX270820P07250000,2026-08-27T18:33:15+00:00,-86.75,put,reference-session last trade,7250.0,8011.137643500851,0.9479231815147929,275.7,277.1,283.49,575.0,8.0,1004.9900165979985,-0.09983131003140472,0.20123982108038305,0.03969361445768739,2504.2025012360145,3.361574159397918,0.0013423731338574757,7,train,every_4,sabr,1003.4979427083639,-1.4920738896346393,-0.0005958279687438166,True
2026-08-27,2027-08-20,0.9801505817932923,SPX270820P07350000,2026-08-27T13:39:51+00:00,-380.15,put,reference-session last trade,7350.0,8011.137643500851,0.9479231815147929,297.4,298.7,311.5,147.0,4.0,938.2076984465192,-0.08613246567324277,0.19900412113593088,0.03881655086108737,2598.4295665091213,3.361574159397918,0.0012936945464002124,8,train,every_4,sabr,931.2494512837962,-6.958247162722955,-0.0026778663745236943,False
2026-08-27,2027-08-20,0.9801505817932923,SPX270820P07425000,2026-08-27T18:09:28+00:00,-110.53333333333333,put,reference-session last trade,7425.0,8011.137643500851,0.9479231815147929,315.7,317.1,322.42,193.0,4.0,878.0334598329098,-0.0759800942092248,0.1930319142721049,0.03652170440537732,2655.9377483286694,3.361574159397918,0.0012656825866921362,9,holdout,every_4,sabr,878.2682789050798,0.23481907217001208,8.841286747695017e-05,True
2026-08-27,2027-08-20,0.9801505817932923,SPX270820P07650000,2026-08-27T17:26:27+00:00,-153.55,put,reference-session last trade,7650.0,8011.137643500851,0.9479231815147929,373.7,375.2,378.4,170.0,79.0,720.7307439920813,-0.046127131059543636,0.181786829308415,0.03239049847770688,2824.7809634150985,3.361574159397918,0.0011900300246054647,10,train,every_4,sabr,726.2152953796217,5.484551387540364,0.0019415846603942208,False
2026-08-27,2027-08-20,0.9801505817932923,SPX270820P07750000,2026-08-27T20:03:19+00:00,3.316666666666667,put,reference-session last trade,7750.0,8011.137643500851,0.9479231815147929,405.3,406.6,410.4,298.0,1.0,657.938425840602,-0.033139935532732444,0.17815481934596877,0.03110913619963786,2887.1724698572957,3.361574159397918,0.0011643135955657234,11,train,every_4,sabr,662.3115724104493,4.373146569847336,0.001514681445429371,False
2026-08-27,2027-08-20,0.9801505817932923,SPX270820P07850000,2026-08-27T13:39:51+00:00,-380.15,put,reference-session last trade,7850.0,8011.137643500851,0.9479231815147929,437.0,438.4,455.65,103.0,2.0,608.3961076891228,-0.020319247103670973,0.17823813879826778,0.031138241247838098,2937.933195311377,3.361574159397918,0.0011441969357106642,12,train,every_4,sabr,600.916924826427,-7.4791828626957795,-0.0025457293837149683,False
2026-08-27,2027-08-20,0.9801505817932923,SPX270820C08050000,2026-08-27T19:16:04+00:00,-43.93333333333333,call,reference-session last trade,8050.0,8011.137643500851,0.9479231815147929,490.5,492.8,479.6,195.0,2.0,479.6,0.004839312532483916,0.16575588341836048,0.02692964986675646,2995.1866025562954,3.361574159397918,0.001122325452620856,13,holdout,every_4,sabr,486.38125853379194,6.781258533791913,0.0022640521054695982,False
2026-08-27,2027-08-20,0.9801505817932923,SPX270820C08200000,2026-08-27T20:14:39+00:00,14.65,call,reference-session last trade,8200.0,8011.137643500851,0.9479231815147929,411.2,414.0,403.2,263.0,2.0,403.2,0.023301375372219282,0.1608168613967989,0.02534871600713804,2992.653055208593,3.361574159397918,0.0011232756010748498,14,train,every_4,sabr,408.4102993535243,5.210299353524306,0.0017410302020997685,False
2026-08-27,2027-08-20,0.9801505817932923,SPX270820C08300000,2026-08-27T16:39:35+00:00,-200.41666666666666,call,reference-session last trade,8300.0,8011.137643500851,0.9479231815147929,364.3,366.1,359.75,3298.0,500.0,359.75,0.03542273590456412,0.1588209032245777,0.024723396002144564,2967.241325321256,3.361574159397918,0.0011328954374932644,15,train,every_4,sabr,360.5224661121973,0.7724661121973213,0.0002603314080339213,True
2026-08-27,2027-08-20,0.9801505817932923,SPX270820C08375000,2026-08-27T15:55:29+00:00,-244.51666666666668,call,reference-session last trade,8375.0,8011.137643500851,0.9479231815147929,329.0,331.0,323.22,176.0,63.0,323.22,0.044418298813141986,0.15533133458836976,0.02364890024583562,2932.7097834179417,3.361574159397918,0.0011462348502415244,16,train,every_4,sabr,326.85916372470996,3.639163724709931,0.0012408877773335788,False
2026-08-27,2027-08-20,0.9801505817932923,SPX270820C08550000,2026-08-27T16:44:26+00:00,-195.56666666666666,call,reference-session last trade,8550.0,8011.137643500851,0.9479231815147929,259.2,261.1,258.13,136.0,28.0,258.13,0.0650985040506807,0.15181091994476295,0.022589094697829243,2813.1680819825456,3.361574159397918,0.0011949425208282933,17,holdout,every_4,sabr,256.09874787246207,-2.0312521275379254,-0.0007220514623877096,True
2026-08-27,2027-08-20,0.9801505817932923,SPX270820C08675000,2026-08-27T20:14:48+00:00,14.8,call,reference-session last trade,8675.0,8011.137643500851,0.9479231815147929,215.7,217.2,210.3,36.0,4.0,210.3,0.07961254693493483,0.14676195277119924,0.02111153275749549,2679.00102125166,3.361574159397918,0.0012547864419354914,18,train,every_4,sabr,212.37102686032242,2.071026860322405,0.0007730593769444692,True
2026-08-27,2027-08-20,0.9801505817932923,SPX270820C08850000,2026-08-27T19:59:52+00:00,-0.13333333333333333,call,reference-session last trade,8850.0,8011.137643500851,0.9479231815147929,166.0,167.4,163.9,917.0,369.0,163.9,0.0995846801218501,0.14446507881353735,0.02045589848263753,2467.5384639871822,3.361574159397918,0.0013623188487064573,19,train,every_4,sabr,160.64312767195534,-3.2568723280446648,-0.0013198871570099192,True
2026-08-27,2027-08-20,0.9801505817932923,SPX270820C08950000,2026-08-27T19:59:23+00:00,-0.6166666666666667,call,reference-session last trade,8950.0,8011.137643500851,0.9479231815147929,141.6,142.9,140.4,1782.0,43.0,140.4,0.11082075338877598,0.1429197492653986,0.02002060942743386,2327.0020803689777,3.361574159397918,0.0014445943936865304,20,train,every_4,sabr,135.87662366862847,-4.523376331371537,-0.0019438643263500197,False
2026-08-27,2027-08-20,0.9801505817932923,SPX270820C09100000,2026-08-27T19:50:37+00:00,-9.383333333333333,call,reference-session last trade,9100.0,8011.137643500851,0.9479231815147929,111.1,112.5,107.55,132.0,1.0,107.55,0.12744163462481628,0.13952604669191365,0.019081098805091627,2083.680212345836,3.361574159397918,0.001613286981121451,21,holdout,every_4,sabr,104.78592284848051,-2.764077151519487,-0.0013265361619034864,True
2026-08-27,2027-08-20,0.9801505817932923,SPX270820C09300000,2026-08-27T13:36:04+00:00,-383.93333333333334,call,reference-session last trade,9300.0,8011.137643500851,0.9479231815147929,78.9,80.1,72.6,154.0,100.0,72.6,0.14918162126122222,0.13502142306451817,0.017868914216891445,1729.8094018684856,3.361574159397918,0.0019433205506727224,22,train,every_4,sabr,73.31111409518519,0.7111140951851951,0.0004110939011067185,True
2026-08-27,2027-08-20,0.9801505817932923,SPX270820C09600000,2026-08-27T18:43:33+00:00,-76.45,call,reference-session last trade,9600.0,8011.137643500851,0.9479231815147929,46.0,46.9,44.16,437.0,20.0,44.16,0.1809303195758024,0.13435327847044043,0.017692505489392323,1298.8902120316588,3.361574159397918,0.002588035638624078,23,train,every_4,sabr,42.69356186575034,-1.4664381342496569,-0.0011289931363451635,True
2026-08-27,2027-08-20,0.9801505817932923,SPX270820C10200000,2026-08-27T14:52:27+00:00,-307.55,call,reference-session last trade,10200.0,8011.137643500851,0.9479231815147929,14.5,15.1,13.99,817.0,2.0,13.99,0.24155494139223724,0.13179370213097683,0.017024803865454168,608.594357173919,3.361574159397918,0.005523505303282455,24,train,every_4,sabr,15.509426588502643,1.5194265885026432,0.0024966162939109118,True
2026-08-27,2026-09-18,0.06023271731690623,SPX260918P05475000,2026-08-27T19:59:48+00:00,-0.2,put,reference-session last trade,5475.0,7741.608398158938,0.9959553475339589,0.4,0.6,0.5,1236.0,1.0,2257.940754911775,-0.34641719369064733,0.49473259129427516,0.014742580182210712,10.821587764389916,3.1068981283412995,0.2871018741413364,0,train,every_4,heston,2257.440754911775,-0.5,-0.04620394076046088,True
2026-08-27,2026-09-18,0.06023271731690623,SPX260918P05825000,2026-08-27T14:17:49+00:00,-342.18333333333334,put,reference-session last trade,5825.0,7741.608398158938,0.9959553475339589,0.75,0.9,0.95,1444.0,1.0,1909.8063832748894,-0.28445046994144757,0.44016043232058366,0.011669559304515123,20.41192024445222,3.1068981283412995,0.1522099876510015,1,holdout,every_4,heston,1910.3926523817345,0.5862691068450658,0.02872189876424824,True
2026-08-27,2026-09-18,0.06023271731690623,SPX260918P05960000,2026-08-27T14:20:50+00:00,-339.1666666666667,put,reference-session last trade,5960.0,7741.608398158938,0.9959553475339589,0.9,1.05,1.15,205.0,1.0,1775.552411357805,-0.2615389883159535,0.41638874372387547,0.010443123586033783,25.01610755957548,3.1068981283412995,0.12419590541583132,2,train,every_4,heston,1774.402411357805,-1.150000000000091,-0.04597038117386502,True
2026-08-27,2026-09-18,0.06023271731690623,SPX260918P06080000,2026-08-27T14:28:37+00:00,-331.3833333333333,put,reference-session last trade,6080.0,7741.608398158938,0.9959553475339589,1.1,1.3,1.35,498.0,1.0,1656.2377696537299,-0.24160477341513617,0.39471778853743006,0.009384385809536882,29.800413540962495,3.1068981283412995,0.10425687965942747,3,train,every_4,heston,1656.110446533853,-0.12732311987679168,-0.004272528624536644,True
2026-08-27,2026-09-18,0.06023271731690623,SPX260918P06140000,2026-08-27T14:38:49+00:00,-321.18333333333334,put,reference-session last trade,6140.0,7741.608398158938,0.9959553475339589,1.15,1.35,1.45,228.0,1.0,1596.5804488016925,-0.23178472723416077,0.38344024544785404,0.008855800904149027,32.340786649943965,3.1068981283412995,0.09606748784345612,4,train,every_4,heston,1596.997366851193,0.41691804950050937,0.012891401004348536,True
2026-08-27,2026-09-18,0.06023271731690623,SPX260918P06210000,2026-08-27T14:17:48+00:00,-342.2,put,reference-session last trade,6210.0,7741.608398158938,0.9959553475339589,1.3,1.45,1.65,494.0,1.0,1527.0635744743154,-0.22044857344782448,0.37228125547075974,0.008347853059130656,36.76524736777681,3.1068981283412995,0.08450638444675242,5,holdout,every_4,heston,1525.4135744743153,-1.650000000000091,-0.04487933899898757,True
2026-08-27,2026-09-18,0.06023271731690623,SPX260918P06310000,2026-08-27T16:54:32+00:00,-185.46666666666667,put,reference-session last trade,6310.0,7741.608398158938,0.9959553475339589,1.55,1.75,1.8,976.0,151.0,1427.6180397209193,-0.2044737928400901,0.3518707211839501,0.007457593695779025,41.27606654016315,3.1068981283412995,0.07527117743446246,6,train,every_4,heston,1425.8180397209194,-1.7999999999999545,-0.043608806528317993,True
2026-08-27,2026-09-18,0.06023271731690623,SPX260918P06400000,2026-08-27T19:55:05+00:00,-4.916666666666667,put,reference-session last trade,6400.0,7741.608398158938,0.9959553475339589,1.7,1.9,2.1,17606.0,26.0,1338.282058442863,-0.19031147902758577,0.33668442847935637,0.00682776426110981,48.34204217233265,3.1068981283412995,0.06426907074520435,7,train,every_4,heston,1338.4870591547644,0.20500071190144808,0.004240629950440428,True
2026-08-27,2026-09-18,0.06023271731690623,SPX260918P06625000,2026-08-27T17:58:26+00:00,-121.56666666666666,put,reference-session last trade,6625.0,7741.608398158938,0.9959553475339589,2.45,2.6,2.93,2184.0,23.0,1115.0221052477225,-0.15575909752092598,0.2955235991128272,0.0052603760381031575,69.55115034350275,3.1068981283412995,0.04467069362615562,8,train,every_4,heston,1113.1403880720964,-1.881717175626136,-0.027055155325722374,True
2026-08-27,2026-09-18,0.06023271731690623,SPXW260918P06790000,2026-08-27T18:57:20+00:00,-62.666666666666664,put,reference-session last trade,6790.0,7741.608398158938,0.9959553475339589,3.4,3.6,4.13,116.0,1.0,951.8894729046191,-0.13115852782260717,0.2683594247148257,0.004337766402004075,97.28063007766478,3.1068981283412995,0.03193747949474507,9,holdout,every_4,heston,948.6998614975976,-3.1896114070215162,-0.032787733842544645,False
2026-08-27,2026-09-18,0.06023271731690623,SPXW260918P06870000,2026-08-27T14:52:45+00:00,-307.25,put,reference-session last trade,6870.0,7741.608398158938,0.9959553475339589,3.8,4.0,4.5,83.0,2.0,872.5830451019025,-0.11944536315895393,0.2513219814900629,0.0038044633658097563,108.99971210524686,3.1068981283412995,0.028503727838669626,10,train,every_4,heston,868.7336519887039,-3.84939311319863,-0.035315626425524604,False
2026-08-27,2026-09-18,0.06023271731690623,SPXW260918P06950000,2026-08-27T19:16:58+00:00,-43.03333333333333,put,reference-session last trade,6950.0,7741.608398158938,0.9959553475339589,4.6,4.8,5.3,2350.0,39.0,793.7066172991857,-0.1078678098165111,0.23715254157077256,0.003387568009353851,128.36387081276158,3.1068981283412995,0.024203836396248814,11,train,every_4,heston,792.946144641526,-0.7604726576597614,-0.00592435124341979,True
2026-08-27,2026-09-18,0.06023271731690623,SPX260918P07075000,2026-08-27T19:48:03+00:00,-11.95,put,reference-session last trade,7075.0,7741.608398158938,0.9959553475339589,5.6,5.9,5.75,1995.0,4.0,669.6621988574409,-0.09004202586391061,0.20715184506967296,0.002584699554132609,150.33746127890825,3.1068981283412995,0.02066616066222734,12,train,every_4,heston,670.0049725838192,0.34277372637825465,0.0022800286998483753,True
2026-08-27,2026-09-18,0.06023271731690623,SPXW260918P07135000,2026-08-27T16:47:29+00:00,-192.51666666666668,put,reference-session last trade,7135.0,7741.608398158938,0.9959553475339589,6.8,7.1,7.7,65.0,22.0,611.8548780054034,-0.0815972184644121,0.20228996060019444,0.0024647967679995095,187.70224130524178,3.1068981283412995,0.016552269737093096,13,holdout,every_4,heston,609.8470312429146,-2.007846762488839,-0.010696978088949264,True
2026-08-27,2026-09-18,0.06023271731690623,SPX260918P07230000,2026-08-27T14:18:39+00:00,-341.35,put,reference-session last trade,7230.0,7741.608398158938,0.9959553475339589,8.4,8.8,10.8,608.0,1.0,520.3391199896772,-0.06837043322253855,0.18923011859250669,0.0021568154174284766,246.7775029685665,3.1068981283412995,0.012589875863753446,14,train,every_4,heston,520.2328591993025,-0.10626079037467662,-0.00043059350668691904,True
2026-08-27,2026-09-18,0.06023271731690623,SPX260918P07285000,2026-08-27T20:10:10+00:00,10.166666666666666,put,reference-session last trade,7285.0,7741.608398158938,0.9959553475339589,10.0,10.5,11.7,659.0,37.0,466.4615758753095,-0.06079202974604377,0.17617356637166853,0.0018694504058548373,272.4720580014003,3.1068981283412995,0.011402630240805582,15,train,every_4,heston,470.2129181955663,3.7513423202568106,0.013767805578939517,False
2026-08-27,2026-09-18,0.06023271731690623,SPXW260918P07465000,2026-08-27T18:51:55+00:00,-68.08333333333333,put,reference-session last trade,7465.0,7741.608398158938,0.9959553475339589,20.8,21.1,26.05,131.0,7.0,301.5396133191969,-0.03638403840205821,0.15499927049790516,0.0014470774122037535,469.1049744936451,3.1068981283412995,0.006623033856536919,16,train,every_4,heston,301.99671688707184,0.457103567874924,0.0009744163731546964,True
2026-08-27,2026-09-18,0.06023271731690623,SPXW260918P07560000,2026-08-27T17:40:01+00:00,-139.98333333333332,put,reference-session last trade,7560.0,7741.608398158938,0.9959553475339589,31.5,31.9,35.5,192.0,50.0,216.3738553034708,-0.023738279201770206,0.1357425458362577,0.0011098503833056469,578.668622640051,3.1068981283412995,0.005369045437726943,17,holdout,every_4,heston,221.91258061014392,5.538725306673115,0.009571497554859417,False
2026-08-27,2026-09-18,0.06023271731690623,SPXW260918C07805000,2026-08-27T19:09:31+00:00,-50.483333333333334,call,reference-session last trade,7805.0,7741.608398158938,0.9959553475339589,53.6,54.2,51.18,131.0,44.0,51.18,0.008155084574183433,0.10389965749312098,0.0006502205453747644,720.149749439073,3.1068981283412995,0.004314238990933862,18,train,every_4,heston,51.18149025761938,0.0014902576193804862,2.069371850148185e-06,True
2026-08-27,2026-09-18,0.06023271731690623,SPX260918C07905000,2026-08-27T19:50:40+00:00,-9.333333333333334,call,reference-session last trade,7905.0,7741.608398158938,0.9959553475339589,20.5,21.2,20.04,293.0,6.0,20.04,0.02088600126822348,0.0982013774479675,0.0005808548438574127,523.9893297293258,3.1068981283412995,0.005929315640733013,19,train,every_4,heston,19.04095468521361,-0.9990453147863896,-0.0019066138528096759,True
2026-08-27,2026-09-18,0.06023271731690623,SPXW260918C07990000,2026-08-27T17:30:18+00:00,-149.7,call,reference-session last trade,7990.0,7741.608398158938,0.9959553475339589,8.0,8.3,10.36,275.0,14.0,10.36,0.03158129038497148,0.10393223117447335,0.0006506283118190055,356.32384928487073,3.1068981283412995,0.008719310073060597,20,train,every_4,heston,9.891714346391474,-0.46828565360852537,-0.0013142136136785622,True
2026-08-27,2026-09-18,0.06023271731690623,SPX260918C08080000,2026-08-27T17:08:38+00:00,-171.36666666666667,call,reference-session last trade,8080.0,7741.608398158938,0.9959553475339589,2.5,2.7,3.55,1444.0,1.0,3.55,0.042782403139792036,0.10212639675729217,0.0006282152501623896,179.6738468981727,3.1068981283412995,0.017291877376578266,21,holdout,every_4,heston,4.482982061649001,0.9329820616490014,0.005192642545120961,True
2026-08-27,2026-09-18,0.06023271731690623,SPXW260918C08280000,2026-08-27T15:30:04+00:00,-269.93333333333334,call,reference-session last trade,8280.0,7741.608398158938,0.9959553475339589,0.6,0.75,0.78,69.0,20.0,0.78,0.06723349900395653,0.11774270265444674,0.0008350268819280386,52.112801297135604,3.1068981283412995,0.05961871269645355,22,train,every_4,heston,0.0,-0.78,-0.014967531596557504,True
2026-08-27,2026-09-18,0.06023271731690623,SPX260918C08380000,2026-08-27T15:56:16+00:00,-243.73333333333332,call,reference-session last trade,8380.0,7741.608398158938,0.9959553475339589,0.35,0.5,0.53,156.0,70.0,0.53,0.07923844510077975,0.1297310320851168,0.0010137251063357462,35.489441250686994,3.1068981283412995,0.08754429539747001,23,train,every_4,heston,2.3967319104013014,1.8667319104013014,0.052599642164418856,True
2026-08-27,2026-09-18,0.06023271731690623,SPX260918C08675000,2026-08-27T17:13:13+00:00,-166.78333333333333,call,reference-session last trade,8675.0,7741.608398158938,0.9959553475339589,0.05,0.25,0.25,347.0,1.0,0.25,0.113835856439711,0.1654965318282324,0.0016497200411712775,15.733618536975712,3.1068981283412995,0.1974687590804208,24,train,every_4,heston,0.09542289590292224,-0.15457710409707776,-0.009824637843723285,True
2026-08-27,2026-11-20,0.2327173169062286,SPX261120P05500000,2026-08-27T17:45:42+00:00,-134.3,put,reference-session last trade,5500.0,7784.875446624804,0.9999999999999999,8.6,9.1,8.56,9700.0,1.0,2293.4354466248033,-0.34743471377051904,0.3536123307173027,0.029099364372354438,157.67941674060665,8.384553375196333,0.05317468537437256,0,train,every_4,heston,2289.1972542477165,-4.2381923770867616,-0.0268785391568189,True
2026-08-27,2026-11-20,0.2327173169062286,SPX261120P05725000,2026-08-27T20:10:11+00:00,10.183333333333334,put,reference-session last trade,5725.0,7784.875446624804,0.9999999999999999,10.8,11.2,11.0,371.0,15.0,2070.8754466248033,-0.3073402565686409,0.33090219363396456,0.025481676246133962,200.68342514561533,8.384553375196333,0.041779999365231704,1,holdout,every_4,heston,2066.356400555011,-4.519046069792239,-0.022518282546320066,True
2026-08-27,2026-11-20,0.2327173169062286,SPX261120P06025000,2026-08-27T19:56:06+00:00,-3.9,put,reference-session last trade,6025.0,7784.875446624804,0.9999999999999999,14.8,15.2,14.7,277.0,1.0,1774.5754466248036,-0.2562653266322255,0.29817606914045575,0.02069065653027947,268.89490765490046,8.384553375196333,0.031181525333893876,2,train,every_4,heston,1770.5455435247584,-4.029903100045203,-0.01498690746950544,True
2026-08-27,2026-11-20,0.2327173169062286,SPXW261120P06250000,2026-08-27T19:59:30+00:00,-0.5,put,reference-session last trade,6250.0,7784.875446624804,0.9999999999999999,19.1,19.5,19.3,128.0,15.0,1554.1754466248035,-0.21960134226063402,0.27639295177118334,0.01777798883517304,345.05583919709306,8.384553375196333,0.024299120382098926,3,train,every_4,heston,1550.4754961665083,-3.699950458295234,-0.010722758574103864,True
2026-08-27,2026-11-20,0.2327173169062286,SPX261120P06525000,2026-08-27T19:55:48+00:00,-4.2,put,reference-session last trade,6525.0,7784.875446624804,0.9999999999999999,25.8,26.3,25.9,480.0,3.0,1285.7754466248036,-0.17654185280018714,0.24696321502264446,0.014193622214421022,456.7176739738905,8.384553375196333,0.0183582853324736,4,train,every_4,heston,1284.1709020339329,-1.6045445908707734,-0.00351320888659654,True
2026-08-27,2026-11-20,0.2327173169062286,SPX261120P06770000,2026-08-27T19:51:49+00:00,-8.183333333333334,put,reference-session last trade,6770.0,7784.875446624804,0.9999999999999999,35.0,35.6,35.6,236.0,1.0,1050.4754466248037,-0.13968171908476057,0.2229347339807226,0.011566026358055365,600.2142135319554,8.384553375196333,0.013969268281498203,5,holdout,every_4,heston,1050.5789810666136,0.10353444180987026,0.0001724958181190391,True
2026-08-27,2026-11-20,0.2327173169062286,SPXW261120P06875000,2026-08-27T19:57:23+00:00,-2.6166666666666667,put,reference-session last trade,6875.0,7784.875446624804,0.9999999999999999,41.0,41.4,41.5,97.0,1.0,951.3754466248037,-0.12429116245630915,0.21327803296053283,0.01058573345434278,677.8257286798826,8.384553375196333,0.012369777393262855,6,train,every_4,heston,952.116045120263,0.7405984954593805,0.0010926090057126524,True
2026-08-27,2026-11-20,0.2327173169062286,SPX261120P06980000,2026-08-27T15:25:02+00:00,-274.96666666666664,put,reference-session last trade,6980.0,7784.875446624804,0.9999999999999999,46.7,47.5,48.29,420.0,2.0,853.1654466248036,-0.10913388923466313,0.2032480618358852,0.009613499916231963,762.6608248398801,8.384553375196333,0.0109938167821281,7,train,every_4,heston,854.4391438999636,1.273697275159975,0.0016700704083330708,True
2026-08-27,2026-11-20,0.2327173169062286,SPX261120P07040000,2026-08-27T19:35:19+00:00,-24.683333333333334,put,reference-session last trade,7040.0,7784.875446624804,0.9999999999999999,51.3,51.8,52.92,456.0,100.0,797.7954466248036,-0.10057463583899322,0.19769434029650265,0.009095303041062007,816.1021544051524,8.384553375196333,0.010273901778028926,8,train,every_4,heston,799.4801654281872,1.6847188033835891,0.002064347942582705,True
2026-08-27,2026-11-20,0.2327173169062286,SPX261120P07130000,2026-08-27T15:01:44+00:00,-298.26666666666665,put,reference-session last trade,7130.0,7784.875446624804,0.9999999999999999,58.2,59.0,60.97,158.0,42.0,715.8454466248037,-0.08787157158273957,0.18944519540892804,0.008352103970978204,902.1770286986886,8.384553375196333,0.009293689717737901,9,holdout,every_4,heston,718.1647843761729,2.3193377513691757,0.0025708233280053888,True
2026-08-27,2026-11-20,0.2327173169062286,SPX261120P07220000,2026-08-27T19:08:22+00:00,-51.63333333333333,put,reference-session last trade,7220.0,7784.875446624804,0.9999999999999999,67.2,67.8,71.1,504.0,3.0,635.9754466248037,-0.0753278531042093,0.181784363707217,0.0076902728693147415,996.73286841459,8.384553375196333,0.008412036605688402,10,train,every_4,heston,637.8214194981309,1.8459728733272414,0.0018520236783838163,True
2026-08-27,2026-11-20,0.2327173169062286,SPX261120P07290000,2026-08-27T19:35:19+00:00,-24.683333333333334,put,reference-session last trade,7290.0,7784.875446624804,0.9999999999999999,75.2,75.9,78.64,534.0,100.0,573.5154466248038,-0.06567925998837744,0.17427242631149178,0.0070678293734757515,1067.571819861303,8.384553375196333,0.007853854156890015,11,train,every_4,heston,576.3661800226672,2.8507333978634506,0.0026702965972198595,True
2026-08-27,2026-11-20,0.2327173169062286,SPX261120P07390000,2026-08-27T19:51:52+00:00,-8.133333333333333,put,reference-session last trade,7390.0,7784.875446624804,0.9999999999999999,89.2,90.0,92.2,408.0,25.0,487.0754466248037,-0.05205507104883375,0.1641969242760681,0.006274205462139005,1175.3017784850435,8.384553375196333,0.007133957872508258,12,train,every_4,heston,491.07616317419973,4.0007165493960315,0.0034039908920693793,True
2026-08-27,2026-11-20,0.2327173169062286,SPX261120P07475000,2026-08-27T19:37:33+00:00,-22.45,put,reference-session last trade,7475.0,7784.875446624804,0.9999999999999999,104.4,105.3,108.34,3178.0,202.0,418.2154466248037,-0.04061868673219403,0.1573464970791937,0.005761596747879207,1271.3387415394502,8.384553375196333,0.006595058501122658,13,holdout,every_4,heston,420.9741813512673,2.758734726463615,0.0021699446703898075,True
2026-08-27,2026-11-20,0.2327173169062286,SPXW261120P07550000,2026-08-27T19:58:14+00:00,-1.7666666666666666,put,reference-session last trade,7550.0,7784.875446624804,0.9999999999999999,121.2,122.1,124.84,164.0,3.0,359.71544662480375,-0.03063524274801089,0.15107646143540465,0.005311562661154501,1349.7921342767659,8.384553375196333,0.006211736727662051,14,train,every_4,heston,361.0390183715826,1.323571746778839,0.0009805744997084488,True
2026-08-27,2026-11-20,0.2327173169062286,SPX261120P07680000,2026-08-27T14:53:37+00:00,-306.3833333333333,put,reference-session last trade,7680.0,7784.875446624804,0.9999999999999999,156.9,157.9,165.05,181.0,35.0,269.9254466248038,-0.013563258849363376,0.1434317878573276,0.004787618371733611,1458.9055458867686,8.384553375196333,0.005747152993444781,15,train,every_4,heston,263.745767692947,-6.179678931856756,-0.004235832092954691,True
2026-08-27,2026-11-20,0.2327173169062286,SPXW261120P07725000,2026-08-27T15:28:04+00:00,-271.93333333333334,put,reference-session last trade,7725.0,7784.875446624804,0.9999999999999999,172.9,173.7,180.22,70.0,5.0,240.09544662480377,-0.0077209832251350806,0.13992568828247073,0.004556418481895878,1481.873427740565,8.384553375196333,0.005658076606434862,16,train,every_4,heston,232.7108581156808,-7.3845885091229775,-0.004983278848843638,True
2026-08-27,2026-11-20,0.2327173169062286,SPX261120C07845000,2026-08-27T17:06:23+00:00,-173.61666666666667,call,reference-session last trade,7845.0,7784.875446624804,0.9999999999999999,172.5,173.6,176.4,74.0,2.0,176.4,0.007693580176051764,0.1363683657616582,0.004327688296626854,1492.9380812472377,8.384553375196333,0.0056161427459815805,17,holdout,every_4,heston,158.19376711654238,-18.20623288345763,-0.012194901524815878,False
2026-08-27,2026-11-20,0.2327173169062286,SPX261120C07920000,2026-08-27T15:19:51+00:00,-280.15,call,reference-session last trade,7920.0,7784.875446624804,0.9999999999999999,137.1,138.1,134.88,61.0,6.0,134.88,0.017208399817390377,0.1290847602549084,0.0038777396387562222,1453.8499230370749,8.384553375196333,0.0057671381635327965,18,train,every_4,heston,119.13725258826888,-15.742747411731116,-0.0108283167074389,False
2026-08-27,2026-11-20,0.2327173169062286,SPX261120C07980000,2026-08-27T19:39:40+00:00,-20.333333333333332,call,reference-session last trade,7980.0,7784.875446624804,0.9999999999999999,110.6,111.6,106.91,509.0,50.0,106.91,0.024755605452773277,0.12437234580841815,0.00359978325574413,1392.4780278836718,8.384553375196333,0.006021318259462534,19,train,every_4,heston,93.08536052627095,-13.82463947372905,-0.009928084463020315,False
2026-08-27,2026-11-20,0.2327173169062286,SPX261120C08060000,2026-08-27T18:53:29+00:00,-66.51666666666667,call,reference-session last trade,8060.0,7784.875446624804,0.9999999999999999,81.8,82.8,77.5,33.0,1.0,77.5,0.03473075050959271,0.12013077285879092,0.0033584372893916098,1273.3397229489456,8.384553375196333,0.0065846947394199145,20,train,every_4,heston,66.01716632105261,-11.482833678947387,-0.00901788695663568,False
2026-08-27,2026-11-20,0.2327173169062286,SPX261120C08180000,2026-08-27T19:34:24+00:00,-25.6,call,reference-session last trade,8180.0,7784.875446624804,0.9999999999999999,50.8,51.7,48.69,19.0,1.0,48.69,0.04950934460571146,0.11846990945766293,0.003266215340142594,1054.8446982137298,8.384553375196333,0.00794861403711343,21,holdout,every_4,heston,39.47617609954954,-9.213823900450457,-0.008734768175877561,False
2026-08-27,2026-11-20,0.2327173169062286,SPXW261120C08240000,2026-08-27T16:03:14+00:00,-236.76666666666668,call,reference-session last trade,8240.0,7784.875446624804,0.9999999999999999,39.9,40.4,39.1,37.0,11.0,39.1,0.05681753791243609,0.11905190979722304,0.003298385665273432,944.5088697872729,8.384553375196333,0.008877156841401335,22,train,every_4,heston,30.66641201295783,-8.43358798704217,-0.008929072300762644,False
2026-08-27,2026-11-20,0.2327173169062286,SPXW261120C08350000,2026-08-27T18:38:21+00:00,-81.65,call,reference-session last trade,8350.0,7784.875446624804,0.9999999999999999,23.8,24.3,22.9,340.0,20.0,22.9,0.0700787328538199,0.11627193689998934,0.003146143412430893,710.66156329422,8.384553375196333,0.01179823675327303,23,train,every_4,heston,19.497160089287828,-3.4028399107121707,-0.004788270657186741,True
2026-08-27,2026-11-20,0.2327173169062286,SPX261120C09100000,2026-08-27T13:44:38+00:00,-375.3666666666667,call,reference-session last trade,9100.0,7784.875446624804,0.9999999999999999,0.95,1.2,1.05,915.0,32.0,1.05,0.15609160751386011,0.12938798141564853,0.003895978719943539,71.00167418927643,8.384553375196333,0.11808951649287552,24,train,every_4,heston,1.4612600488636855,0.4112600488636855,0.00579225847220655,True
2026-08-27,2027-02-19,0.48186173853524983,SPX270219P05625000,2026-08-27T20:10:10+00:00,10.166666666666666,put,reference-session last trade,5625.0,7872.481980038706,0.967163927214507,31.0,31.6,31.3,663.0,3.0,2204.983498158071,-0.3361524369242269,0.3026607405691562,0.044140233273673196,492.830920219106,1.5243562709430591,0.003093061349043097,0,train,every_4,heston,2200.140853881936,-4.842644276135161,-0.009826177858284919,False
2026-08-27,2027-02-19,0.48186173853524983,SPX270219P05800000,2026-08-27T19:34:42+00:00,-25.3,put,reference-session last trade,5800.0,7872.481980038706,0.967163927214507,36.0,36.6,36.56,1722.0,150.0,2040.9898108955322,-0.3055154674623372,0.28941024709015545,0.04035991577620295,566.5750106517871,1.5243562709430591,0.002690475651563668,1,holdout,every_4,heston,2036.6417861800962,-4.34802471543594,-0.0076742260666138075,False
2026-08-27,2027-02-19,0.48186173853524983,SPX270219P05950000,2026-08-27T18:54:37+00:00,-65.38333333333334,put,reference-session last trade,5950.0,7872.481980038706,0.967163927214507,40.9,41.5,42.25,315.0,1.0,1901.6052218133561,-0.27998216545717236,0.2788679358652692,0.03747309874075575,641.0632353701202,1.5243562709430591,0.0023778563281092956,2,train,every_4,heston,1897.3956116094341,-4.209610203922011,-0.006566606805164201,False
2026-08-27,2027-02-19,0.48186173853524983,SPX270219P06125000,2026-08-27T13:47:30+00:00,-372.5,put,reference-session last trade,6125.0,7872.481980038706,0.967163927214507,47.6,48.5,50.89,267.0,12.0,1740.9915345508175,-0.2509946285839201,0.26780614662511676,0.034559187575507355,744.3277019121693,1.5243562709430591,0.0020479639102871025,3,train,every_4,heston,1736.1504454221156,-4.841089128701924,-0.006503975488572065,False
2026-08-27,2027-02-19,0.48186173853524983,SPX270219P06200000,2026-08-27T20:09:55+00:00,9.916666666666666,put,reference-session last trade,6200.0,7872.481980038706,0.967163927214507,51.2,51.9,52.2,1121.0,5.0,1669.7642400097293,-0.23882409296366489,0.2593762844124177,0.03241775774714329,773.2264146436344,1.5243562709430591,0.001971422913229893,4,train,every_4,heston,1667.5060764249286,-2.258163584800741,-0.002920442889734291,False
2026-08-27,2027-02-19,0.48186173853524983,SPX270219P06300000,2026-08-27T17:31:38+00:00,-148.36666666666667,put,reference-session last trade,6300.0,7872.481980038706,0.967163927214507,56.1,56.9,57.04,1910.0,20.0,1577.8878472882786,-0.2228237516172237,0.2518218928126313,0.030556908318011226,833.8860953919543,1.5243562709430591,0.001828014976345853,5,holdout,every_4,heston,1576.45115387553,-1.436693412748582,-0.0017228892779094585,True
2026-08-27,2027-02-19,0.48186173853524983,SPX270219P06500000,2026-08-27T18:56:52+00:00,-63.13333333333333,put,reference-session last trade,6500.0,7872.481980038706,0.967163927214507,67.9,68.7,70.62,2832.0,5.0,1398.0350618453772,-0.1915712081131193,0.2391743079705626,0.02756458734675637,981.244822538543,1.5243562709430591,0.0015534922946135422,6,train,every_4,heston,1396.2560648478905,-1.778996997486729,-0.0018130001367898689,False
2026-08-27,2027-02-19,0.48186173853524983,SPX270219P06575000,2026-08-27T16:27:51+00:00,-212.15,put,reference-session last trade,6575.0,7872.481980038706,0.967163927214507,72.9,73.8,74.53,333.0,1.0,1329.4077673042893,-0.1800988069508825,0.2325202355643867,0.026052172897077473,1030.6406788117208,1.5243562709430591,0.0014790375562320796,7,train,every_4,heston,1329.4177846281011,0.010017323811780443,9.71951138521908e-06,True
2026-08-27,2027-02-19,0.48186173853524983,SPX270219P06675000,2026-08-27T16:43:04+00:00,-196.93333333333334,put,reference-session last trade,6675.0,7872.481980038706,0.967163927214507,80.3,81.5,81.51,3536.0,2.0,1239.6713745828386,-0.16500418072839748,0.22484842048371095,0.024361393418610447,1106.9954131808793,1.5243562709430591,0.0013770213072183566,8,train,every_4,heston,1241.038449504274,1.36707492143546,0.0012349418120055793,True
2026-08-27,2027-02-19,0.48186173853524983,SPX270219P06775000,2026-08-27T19:27:40+00:00,-32.333333333333336,put,reference-session last trade,6775.0,7872.481980038706,0.967163927214507,89.1,89.8,91.52,1912.0,18.0,1152.9649818613877,-0.1501340182489462,0.21907435787166168,0.023126267139578476,1198.0692179669727,1.5243562709430591,0.0012723440750191124,9,holdout,every_4,heston,1153.5843126342604,0.6193307728726722,0.0005169407272842105,True
2026-08-27,2027-02-19,0.48186173853524983,SPX270219P06825000,2026-08-27T15:00:55+00:00,-299.0833333333333,put,reference-session last trade,6825.0,7872.481980038706,0.967163927214507,93.7,94.6,96.43,442.0,1.0,1109.5167855006625,-0.14278104394368735,0.21574982508272791,0.022429693952328744,1242.782207872197,1.5243562709430591,0.0012265675041751307,10,train,every_4,heston,1110.2333029354108,0.7165174347483116,0.0005765430420629224,True
2026-08-27,2027-02-19,0.48186173853524983,SPX270219P07025000,2026-08-27T20:09:47+00:00,9.783333333333333,put,reference-session last trade,7025.0,7872.481980038706,0.967163927214507,115.1,115.9,117.8,447.0,16.0,937.454000057761,-0.11389816979490133,0.2015380342762291,0.01957205735728149,1426.4543387536942,1.5243562709430591,0.0010686330641854983,11,train,every_4,heston,939.7980844073182,2.3440843495571926,0.0016432943458991052,False
2026-08-27,2027-02-19,0.48186173853524983,SPX270219P07200000,2026-08-27T19:38:59+00:00,-21.016666666666666,put,reference-session last trade,7200.0,7872.481980038706,0.967163927214507,139.1,139.9,141.7,1621.0,142.0,792.1003127952224,-0.08929235899270115,0.18952249671657462,0.0173078842164446,1598.165970615671,1.5243562709430591,0.0009538159984446561,12,train,every_4,heston,795.3305445955046,3.2302318002822403,0.002021211726237569,False
2026-08-27,2027-02-19,0.48186173853524983,SPX270219P07250000,2026-08-27T19:36:46+00:00,-23.233333333333334,put,reference-session last trade,7250.0,7872.481980038706,0.967163927214507,146.5,147.6,149.7,1309.0,204.0,751.7421164344971,-0.08237191614812735,0.18620922846239213,0.01670801453952757,1648.1836316786523,1.5243562709430591,0.0009248704098526469,13,holdout,every_4,heston,755.0261109616006,3.2839945271034594,0.001992493108160986,False
2026-08-27,2027-02-19,0.48186173853524983,SPX270219P07375000,2026-08-27T17:43:05+00:00,-136.91666666666666,put,reference-session last trade,7375.0,7872.481980038706,0.967163927214507,168.7,170.0,172.16,488.0,5.0,653.3066255326837,-0.06527748278882724,0.17802498636502928,0.01527159385507822,1771.698297715044,1.5243562709430591,0.0008603926937837095,14,train,every_4,heston,656.5067114687602,3.200085936076448,0.0018062251006300525,False
2026-08-27,2027-02-19,0.48186173853524983,SPX270219P07450000,2026-08-27T19:21:04+00:00,-38.93333333333333,put,reference-session last trade,7450.0,7872.481980038706,0.967163927214507,184.8,185.8,189.9,404.0,16.0,598.5093309915957,-0.05515935262324263,0.17446609825081522,0.01466710970907572,1845.712123134383,1.5243562709430591,0.0008258905881565115,15,train,every_4,heston,599.1252072069867,0.6158762153910402,0.0003336794550307016,True
2026-08-27,2027-02-19,0.48186173853524983,SPX270219P07625000,2026-08-27T16:50:12+00:00,-189.8,put,reference-session last trade,7625.0,7872.481980038706,0.967163927214507,228.8,229.8,230.35,2399.0,6.0,469.705643729057,-0.031941062521235436,0.16227154135684385,0.012688408902508845,1990.2070503622772,1.5243562709430591,0.0007659284850114368,16,train,every_4,heston,471.43192761342397,1.7262838843669783,0.0008673890910258523,False
2026-08-27,2027-02-19,0.48186173853524983,SPX270219C07875000,2026-08-27T19:25:12+00:00,-34.8,call,reference-session last trade,7875.0,7872.481980038706,0.967163927214507,313.2,314.7,303.64,565.0,3.0,303.64,0.0003197996969859973,0.14461880109558828,0.010077944374913779,2106.217385348798,1.5243562709430591,0.0007237411871854907,17,holdout,every_4,heston,309.01630942212523,5.376309422125246,0.0025525899935703493,False
2026-08-27,2027-02-19,0.48186173853524983,SPX270219C08025000,2026-08-27T19:04:20+00:00,-55.666666666666664,call,reference-session last trade,8025.0,7872.481980038706,0.967163927214507,233.7,235.1,226.5,154.0,5.0,226.5,0.019188284001368752,0.13833673796474288,0.00922141366310134,2084.3897798802304,1.5243562709430591,0.0007313201617360881,18,train,every_4,heston,227.06075548432665,0.5607554843266485,0.0002690262108073038,True
2026-08-27,2027-02-19,0.48186173853524983,SPX270219C08150000,2026-08-27T18:21:49+00:00,-98.18333333333334,call,reference-session last trade,8150.0,7872.481980038706,0.967163927214507,180.9,182.3,176.14,604.0,1.0,176.14,0.03464454223806064,0.13561389961510328,0.008861981764028732,2002.6961357113987,1.5243562709430591,0.0007611520508584677,19,train,every_4,heston,170.05209324914324,-6.087906750856746,-0.0030398554440183192,False
2026-08-27,2027-02-19,0.48186173853524983,SPX270219C08200000,2026-08-27T19:47:15+00:00,-12.75,call,reference-session last trade,8200.0,7872.481980038706,0.967163927214507,160.1,161.2,156.66,2209.0,4.0,156.66,0.04076076925549664,0.13374409115997282,0.008619293136088852,1952.1325091445008,1.5243562709430591,0.0007808672125495673,20,train,every_4,heston,150.40228080156726,-6.2577191984327385,-0.003205581162712725,False
2026-08-27,2027-02-19,0.48186173853524983,SPX270219C08550000,2026-08-27T16:00:15+00:00,-239.75,call,reference-session last trade,8550.0,7872.481980038706,0.967163927214507,67.1,68.3,65.31,147.0,2.0,65.31,0.0825578979339581,0.12676579199997373,0.0077433090205694345,1413.6855523661955,1.5243562709430591,0.0010782852441206783,21,holdout,every_4,heston,60.69638167591639,-4.61361832408361,-0.0032635392760161116,False
2026-08-27,2027-02-19,0.48186173853524983,SPX270219C08750000,2026-08-27T16:07:08+00:00,-232.86666666666667,call,reference-session last trade,8750.0,7872.481980038706,0.967163927214507,37.8,38.6,36.6,22.0,5.0,36.6,0.10568031535481238,0.12401419969290531,0.0074108030764764845,1045.3957975705653,1.5243562709430591,0.0014581618507416695,22,train,every_4,heston,36.70974819538112,0.10974819538111547,0.00010498243405623348,True
2026-08-27,2027-02-19,0.48186173853524983,SPX270219C08850000,2026-08-27T15:01:51+00:00,-298.15,call,reference-session last trade,8850.0,7872.481980038706,0.967163927214507,27.4,28.2,27.2,104.0,28.0,27.2,0.11704407400512731,0.12331365235369457,0.00732731336563499,877.0362589931667,1.5243562709430591,0.0017380766819070999,23,train,every_4,heston,28.89189602854088,1.6918960285408815,0.0019291061357978173,False
2026-08-27,2027-02-19,0.48186173853524983,SPX270219C10000000,2026-08-27T14:28:13+00:00,-331.78333333333336,call,reference-session last trade,10000.0,7872.481980038706,0.967163927214507,1.3,1.7,1.45,2296.0,1.0,1.45,0.239211707979335,0.1358969720842035,0.008899016333501006,95.31234155423574,1.5243562709430591,0.015993272708295096,24,train,every_4,heston,2.8915225470231483,1.4415225470231483,0.015124196127349115,True
2026-08-27,2027-08-20,0.9801505817932923,SPX270820P05750000,2026-08-27T14:30:38+00:00,-329.3666666666667,put,reference-session last trade,5750.0,8011.137643500851,0.9479231815147929,88.0,89.2,91.0,32.0,15.0,2234.384788870188,-0.33163292408872896,0.27240776241346354,0.07273304331354792,1182.2561136694133,3.361574159397918,0.0028433552768566133,0,train,every_4,heston,2230.7141500839903,-3.670638786197742,-0.0031047746285743794,False
2026-08-27,2027-08-20,0.9801505817932923,SPX270820P05900000,2026-08-27T20:09:15+00:00,9.25,put,reference-session last trade,5900.0,8011.137643500851,0.9479231815147929,98.4,99.5,100.4,1493.0,6.0,2101.596311642969,-0.3058804279863143,0.2635725051249552,0.06809151713595715,1283.8955559852348,3.361574159397918,0.00261826138717204,1,holdout,every_4,heston,2099.83082927552,-1.7654823674488398,-0.0013750981216646126,True
2026-08-27,2027-08-20,0.9801505817932923,SPX270820P06375000,2026-08-27T20:06:10+00:00,6.166666666666667,put,reference-session last trade,6375.0,8011.137643500851,0.9479231815147929,141.4,142.4,143.7,6.0,2.0,1694.6328004234424,-0.22844868785349828,0.24005768474565528,0.056483815846541004,1673.8442623747983,3.361574159397918,0.0020082956550740395,2,train,every_4,heston,1694.6273483574903,-0.0054520659521131165,-3.2572121998840528e-06,True
2026-08-27,2027-08-20,0.9801505817932923,SPX270820P06450000,2026-08-27T17:39:01+00:00,-140.98333333333332,put,reference-session last trade,6450.0,8011.137643500851,0.9479231815147929,149.3,150.4,151.7,282.0,11.0,1631.538561809833,-0.2167526480903069,0.2362319831709112,0.05469784217517996,1739.6927168414031,3.361574159397918,0.0019322804118541191,3,train,every_4,heston,1632.1725479958511,0.6339861860180918,0.00036442423416542264,True
2026-08-27,2027-08-20,0.9801505817932923,SPX270820P06800000,2026-08-27T16:27:03+00:00,-212.95,put,reference-session last trade,6800.0,8011.137643500851,0.9479231815147929,194.9,196.4,199.21,538.0,40.0,1347.2754482796554,-0.163910166715927,0.22043065949588658,0.047625198853369896,2071.7991926232,3.361574159397918,0.001622538598995048,4,train,every_4,heston,1347.604430513277,0.328982233621673,0.00015879059842915255,True
2026-08-27,2027-08-20,0.9801505817932923,SPX270820P06850000,2026-08-27T17:57:20+00:00,-122.66666666666667,put,reference-session last trade,6850.0,8011.137643500851,0.9479231815147929,203.3,204.7,206.5,122.0,2.0,1307.1692892039157,-0.1565841266238542,0.21792983283589482,0.04655069544223797,2118.9557083814575,3.361574159397918,0.0015864296483882722,5,holdout,every_4,heston,1307.9996248139732,0.8303356100575456,0.0003918607674399145,True
2026-08-27,2027-08-20,0.9801505817932923,SPX270820P07000000,2026-08-27T19:09:08+00:00,-50.86666666666667,put,reference-session last trade,7000.0,8011.137643500851,0.9479231815147929,228.0,229.3,233.0,656.0,23.0,1191.4808119766967,-0.13492262984267478,0.21176132339071133,0.04395275344048838,2266.745653218873,3.361574159397918,0.001482995745298703,6,train,every_4,heston,1191.0014693132803,-0.47934266341644616,-0.00021146733544443315,True
2026-08-27,2027-08-20,0.9801505817932923,SPX270820P07250000,2026-08-27T18:33:15+00:00,-86.75,put,reference-session last trade,7250.0,8011.137643500851,0.9479231815147929,275.7,277.1,283.49,575.0,8.0,1004.9900165979985,-0.09983131003140472,0.20123982108038305,0.03969361445768739,2504.2025012360145,3.361574159397918,0.0013423731338574757,7,train,every_4,heston,1002.8651308117769,-2.1248857862216255,-0.0008485279386043392,True
2026-08-27,2027-08-20,0.9801505817932923,SPX270820P07350000,2026-08-27T13:39:51+00:00,-380.15,put,reference-session last trade,7350.0,8011.137643500851,0.9479231815147929,297.4,298.7,311.5,147.0,4.0,938.2076984465192,-0.08613246567324277,0.19900412113593088,0.03881655086108737,2598.4295665091213,3.361574159397918,0.0012936945464002124,8,train,every_4,heston,930.369699885739,-7.837998560780193,-0.003016436797750192,False
2026-08-27,2027-08-20,0.9801505817932923,SPX270820P07425000,2026-08-27T18:09:28+00:00,-110.53333333333333,put,reference-session last trade,7425.0,8011.137643500851,0.9479231815147929,315.7,317.1,322.42,193.0,4.0,878.0334598329098,-0.0759800942092248,0.1930319142721049,0.03652170440537732,2655.9377483286694,3.361574159397918,0.0012656825866921362,9,holdout,every_4,heston,877.16337417092,-0.8700856619898332,-0.0003276001715542322,True
2026-08-27,2027-08-20,0.9801505817932923,SPX270820P07650000,2026-08-27T17:26:27+00:00,-153.55,put,reference-session last trade,7650.0,8011.137643500851,0.9479231815147929,373.7,375.2,378.4,170.0,79.0,720.7307439920813,-0.046127131059543636,0.181786829308415,0.03239049847770688,2824.7809634150985,3.361574159397918,0.0011900300246054647,10,train,every_4,heston,724.2698495015079,3.5391055094265766,0.0012528778532788875,False
2026-08-27,2027-08-20,0.9801505817932923,SPX270820P07750000,2026-08-27T20:03:19+00:00,3.316666666666667,put,reference-session last trade,7750.0,8011.137643500851,0.9479231815147929,405.3,406.6,410.4,298.0,1.0,657.938425840602,-0.033139935532732444,0.17815481934596877,0.03110913619963786,2887.1724698572957,3.361574159397918,0.0011643135955657234,11,train,every_4,heston,659.9475781813037,2.0091523407016894,0.0006958892694072397,True
2026-08-27,2027-08-20,0.9801505817932923,SPX270820P07850000,2026-08-27T13:39:51+00:00,-380.15,put,reference-session last trade,7850.0,8011.137643500851,0.9479231815147929,437.0,438.4,455.65,103.0,2.0,608.3961076891228,-0.020319247103670973,0.17823813879826778,0.031138241247838098,2937.933195311377,3.361574159397918,0.0011441969357106642,12,train,every_4,heston,598.1409254097994,-10.255182279323435,-0.003490611119303051,False
2026-08-27,2027-08-20,0.9801505817932923,SPX270820C08050000,2026-08-27T19:16:04+00:00,-43.93333333333333,call,reference-session last trade,8050.0,8011.137643500851,0.9479231815147929,490.5,492.8,479.6,195.0,2.0,479.6,0.004839312532483916,0.16575588341836048,0.02692964986675646,2995.1866025562954,3.361574159397918,0.001122325452620856,13,holdout,every_4,heston,482.9417395834856,3.341739583485605,0.0011157033023029477,True
2026-08-27,2027-08-20,0.9801505817932923,SPX270820C08200000,2026-08-27T20:14:39+00:00,14.65,call,reference-session last trade,8200.0,8011.137643500851,0.9479231815147929,411.2,414.0,403.2,263.0,2.0,403.2,0.023301375372219282,0.1608168613967989,0.02534871600713804,2992.653055208593,3.361574159397918,0.0011232756010748498,14,train,every_4,heston,404.78358554815145,1.5835855481514614,0.0005291577469681272,True
2026-08-27,2027-08-20,0.9801505817932923,SPX270820C08300000,2026-08-27T16:39:35+00:00,-200.41666666666666,call,reference-session last trade,8300.0,8011.137643500851,0.9479231815147929,364.3,366.1,359.75,3298.0,500.0,359.75,0.03542273590456412,0.1588209032245777,0.024723396002144564,2967.241325321256,3.361574159397918,0.0011328954374932644,15,train,every_4,heston,357.00484257864855,-2.7451574213514505,-0.000925154754999322,True
2026-08-27,2027-08-20,0.9801505817932923,SPX270820C08375000,2026-08-27T15:55:29+00:00,-244.51666666666668,call,reference-session last trade,8375.0,8011.137643500851,0.9479231815147929,329.0,331.0,323.22,176.0,63.0,323.22,0.044418298813141986,0.15533133458836976,0.02364890024583562,2932.7097834179417,3.361574159397918,0.0011462348502415244,16,train,every_4,heston,323.5745875903455,0.3545875903454885,0.00012090783491444986,True
2026-08-27,2027-08-20,0.9801505817932923,SPX270820C08550000,2026-08-27T16:44:26+00:00,-195.56666666666666,call,reference-session last trade,8550.0,8011.137643500851,0.9479231815147929,259.2,261.1,258.13,136.0,28.0,258.13,0.0650985040506807,0.15181091994476295,0.022589094697829243,2813.1680819825456,3.361574159397918,0.0011949425208282933,17,holdout,every_4,heston,253.91686297767518,-4.2131370223248155,-0.0014976485227841982,False
2026-08-27,2027-08-20,0.9801505817932923,SPX270820C08675000,2026-08-27T20:14:48+00:00,14.8,call,reference-session last trade,8675.0,8011.137643500851,0.9479231815147929,215.7,217.2,210.3,36.0,4.0,210.3,0.07961254693493483,0.14676195277119924,0.02111153275749549,2679.00102125166,3.361574159397918,0.0012547864419354914,18,train,every_4,heston,211.4387495569263,1.1387495569262853,0.0004250649954564961,True
2026-08-27,2027-08-20,0.9801505817932923,SPX270820C08850000,2026-08-27T19:59:52+00:00,-0.13333333333333333,call,reference-session last trade,8850.0,8011.137643500851,0.9479231815147929,166.0,167.4,163.9,917.0,369.0,163.9,0.0995846801218501,0.14446507881353735,0.02045589848263753,2467.5384639871822,3.361574159397918,0.0013623188487064573,19,train,every_4,heston,161.91260412627477,-1.9873958737252337,-0.0008054163704965684,True
2026-08-27,2027-08-20,0.9801505817932923,SPX270820C08950000,2026-08-27T19:59:23+00:00,-0.6166666666666667,call,reference-session last trade,8950.0,8011.137643500851,0.9479231815147929,141.6,142.9,140.4,1782.0,43.0,140.4,0.11082075338877598,0.1429197492653986,0.02002060942743386,2327.0020803689777,3.361574159397918,0.0014445943936865304,20,train,every_4,heston,138.4919851864151,-1.9080148135849129,-0.0008199454696157261,True
2026-08-27,2027-08-20,0.9801505817932923,SPX270820C09100000,2026-08-27T19:50:37+00:00,-9.383333333333333,call,reference-session last trade,9100.0,8011.137643500851,0.9479231815147929,111.1,112.5,107.55,132.0,1.0,107.55,0.12744163462481628,0.13952604669191365,0.019081098805091627,2083.680212345836,3.361574159397918,0.001613286981121451,21,holdout,every_4,heston,109.29419526923853,1.7441952692385314,0.0008370743547422242,True
2026-08-27,2027-08-20,0.9801505817932923,SPX270820C09300000,2026-08-27T13:36:04+00:00,-383.93333333333334,call,reference-session last trade,9300.0,8011.137643500851,0.9479231815147929,78.9,80.1,72.6,154.0,100.0,72.6,0.14918162126122222,0.13502142306451817,0.017868914216891445,1729.8094018684856,3.361574159397918,0.0019433205506727224,22,train,every_4,heston,79.72411174101525,7.1241117410152555,0.004118437403172867,False
2026-08-27,2027-08-20,0.9801505817932923,SPX270820C09600000,2026-08-27T18:43:33+00:00,-76.45,call,reference-session last trade,9600.0,8011.137643500851,0.9479231815147929,46.0,46.9,44.16,437.0,20.0,44.16,0.1809303195758024,0.13435327847044043,0.017692505489392323,1298.8902120316588,3.361574159397918,0.002588035638624078,23,train,every_4,heston,50.20763390249297,6.047633902492976,0.00465600082784023,False
2026-08-27,2027-08-20,0.9801505817932923,SPX270820C10200000,2026-08-27T14:52:27+00:00,-307.55,call,reference-session last trade,10200.0,8011.137643500851,0.9479231815147929,14.5,15.1,13.99,817.0,2.0,13.99,0.24155494139223724,0.13179370213097683,0.017024803865454168,608.594357173919,3.361574159397918,0.005523505303282455,24,train,every_4,heston,21.238431854021805,7.2484318540218045,0.01191012004725244,False
2026-08-27,2026-09-18,0.06023271731690623,SPX260918P05475000,2026-08-27T19:59:48+00:00,-0.2,put,reference-session last trade,5475.0,7741.608398158938,0.9959553475339589,0.4,0.6,0.5,1236.0,1.0,2257.940754911775,-0.34641719369064733,0.49473259129427516,0.014742580182210712,10.821587764389916,3.1068981283412995,0.2871018741413364,0,train,every_5,flat,2257.440754911775,-0.5,-0.04620394076046088,True
2026-08-27,2026-09-18,0.06023271731690623,SPX260918P05825000,2026-08-27T14:17:49+00:00,-342.18333333333334,put,reference-session last trade,5825.0,7741.608398158938,0.9959553475339589,0.75,0.9,0.95,1444.0,1.0,1909.8063832748894,-0.28445046994144757,0.44016043232058366,0.011669559304515123,20.41192024445222,3.1068981283412995,0.1522099876510015,1,holdout,every_5,flat,1908.8563832749094,-0.9499999999800366,-0.046541432094721134,True
2026-08-27,2026-09-18,0.06023271731690623,SPX260918P05960000,2026-08-27T14:20:50+00:00,-339.1666666666667,put,reference-session last trade,5960.0,7741.608398158938,0.9959553475339589,0.9,1.05,1.15,205.0,1.0,1775.552411357805,-0.2615389883159535,0.41638874372387547,0.010443123586033783,25.01610755957548,3.1068981283412995,0.12419590541583132,2,train,every_5,flat,1774.4024113589753,-1.1499999988297986,-0.045970381127083466,True
2026-08-27,2026-09-18,0.06023271731690623,SPX260918P06080000,2026-08-27T14:28:37+00:00,-331.3833333333333,put,reference-session last trade,6080.0,7741.608398158938,0.9959553475339589,1.1,1.3,1.35,498.0,1.0,1656.2377696537299,-0.24160477341513617,0.39471778853743006,0.009384385809536882,29.800413540962495,3.1068981283412995,0.10425687965942747,3,train,every_5,flat,1654.8877696854543,-1.349999968275597,-0.045301383701267746,True
2026-08-27,2026-09-18,0.06023271731690623,SPX260918P06140000,2026-08-27T14:38:49+00:00,-321.18333333333334,put,reference-session last trade,6140.0,7741.608398158938,0.9959553475339589,1.15,1.35,1.45,228.0,1.0,1596.5804488016925,-0.23178472723416077,0.38344024544785404,0.008855800904149027,32.340786649943965,3.1068981283412995,0.09606748784345612,4,train,every_5,flat,1595.1304489493577,-1.449999852334713,-0.04483502111527103,True
2026-08-27,2026-09-18,0.06023271731690623,SPX260918P06210000,2026-08-27T14:17:48+00:00,-342.2,put,reference-session last trade,6210.0,7741.608398158938,0.9959553475339589,1.3,1.45,1.65,494.0,1.0,1527.0635744743154,-0.22044857344782448,0.37228125547075974,0.008347853059130656,36.76524736777681,3.1068981283412995,0.08450638444675242,5,train,every_5,flat,1525.4135752856873,-1.649999188628044,-0.04487931692999294,True
2026-08-27,2026-09-18,0.06023271731690623,SPX260918P06310000,2026-08-27T16:54:32+00:00,-185.46666666666667,put,reference-session last trade,6310.0,7741.608398158938,0.9959553475339589,1.55,1.75,1.8,976.0,151.0,1427.6180397209193,-0.2044737928400901,0.3518707211839501,0.007457593695779025,41.27606654016315,3.1068981283412995,0.07527117743446246,6,holdout,every_5,flat,1425.8180475856705,-1.7999921352488855,-0.04360861598809145,True
2026-08-27,2026-09-18,0.06023271731690623,SPX260918P06400000,2026-08-27T19:55:05+00:00,-4.916666666666667,put,reference-session last trade,6400.0,7741.608398158938,0.9959553475339589,1.7,1.9,2.1,17606.0,26.0,1338.282058442863,-0.19031147902758577,0.33668442847935637,0.00682776426110981,48.34204217233265,3.1068981283412995,0.06426907074520435,7,train,every_5,flat,1336.1821103855448,-2.0999480573182154,-0.043439374154533916,True
2026-08-27,2026-09-18,0.06023271731690623,SPX260918P06625000,2026-08-27T17:58:26+00:00,-121.56666666666666,put,reference-session last trade,6625.0,7741.608398158938,0.9959553475339589,2.45,2.6,2.93,2184.0,23.0,1115.0221052477225,-0.15575909752092598,0.2955235991128272,0.0052603760381031575,69.55115034350275,3.1068981283412995,0.04467069362615562,8,train,every_5,flat,1112.0952854337113,-2.9268198140111963,-0.04208154429590409,True
2026-08-27,2026-09-18,0.06023271731690623,SPXW260918P06790000,2026-08-27T18:57:20+00:00,-62.666666666666664,put,reference-session last trade,6790.0,7741.608398158938,0.9959553475339589,3.4,3.6,4.13,116.0,1.0,951.8894729046191,-0.13115852782260717,0.2683594247148257,0.004337766402004075,97.28063007766478,3.1068981283412995,0.03193747949474507,9,train,every_5,flat,947.7986862617182,-4.090786642900866,-0.042051399540021,False
2026-08-27,2026-09-18,0.06023271731690623,SPXW260918P06870000,2026-08-27T14:52:45+00:00,-307.25,put,reference-session last trade,6870.0,7741.608398158938,0.9959553475339589,3.8,4.0,4.5,83.0,2.0,872.5830451019025,-0.11944536315895393,0.2513219814900629,0.0038044633658097563,108.99971210524686,3.1068981283412995,0.028503727838669626,10,train,every_5,flat,868.1981309881521,-4.384914113750369,-0.04022867610435914,False
2026-08-27,2026-09-18,0.06023271731690623,SPXW260918P06950000,2026-08-27T19:16:58+00:00,-43.03333333333333,put,reference-session last trade,6950.0,7741.608398158938,0.9959553475339589,4.6,4.8,5.3,2350.0,39.0,793.7066172991857,-0.1078678098165111,0.23715254157077256,0.003387568009353851,128.36387081276158,3.1068981283412995,0.024203836396248814,11,holdout,every_5,flat,788.7163078213769,-4.990309477808864,-0.03887627761777297,False
2026-08-27,2026-09-18,0.06023271731690623,SPX260918P07075000,2026-08-27T19:48:03+00:00,-11.95,put,reference-session last trade,7075.0,7741.608398158938,0.9959553475339589,5.6,5.9,5.75,1995.0,4.0,669.6621988574409,-0.09004202586391061,0.20715184506967296,0.002584699554132609,150.33746127890825,3.1068981283412995,0.02066616066222734,12,train,every_5,flat,665.1463639001178,-4.515834957323136,-0.030037988661690204,False
2026-08-27,2026-09-18,0.06023271731690623,SPXW260918P07135000,2026-08-27T16:47:29+00:00,-192.51666666666668,put,reference-session last trade,7135.0,7741.608398158938,0.9959553475339589,6.8,7.1,7.7,65.0,22.0,611.8548780054034,-0.0815972184644121,0.20228996060019444,0.0024647967679995095,187.70224130524178,3.1068981283412995,0.016552269737093096,13,train,every_5,flat,606.3955442162833,-5.459333789120137,-0.02908507512300909,False
2026-08-27,2026-09-18,0.06023271731690623,SPX260918P07230000,2026-08-27T14:18:39+00:00,-341.35,put,reference-session last trade,7230.0,7741.608398158938,0.9959553475339589,8.4,8.8,10.8,608.0,1.0,520.3391199896772,-0.06837043322253855,0.18923011859250669,0.0021568154174284766,246.7775029685665,3.1068981283412995,0.012589875863753446,14,train,every_5,flat,514.8364840066168,-5.502635983060372,-0.02229796442895881,False
2026-08-27,2026-09-18,0.06023271731690623,SPX260918P07285000,2026-08-27T20:10:10+00:00,10.166666666666666,put,reference-session last trade,7285.0,7741.608398158938,0.9959553475339589,10.0,10.5,11.7,659.0,37.0,466.4615758753095,-0.06079202974604377,0.17617356637166853,0.0018694504058548373,272.4720580014003,3.1068981283412995,0.011402630240805582,15,train,every_5,flat,463.098298916202,-3.363276959107509,-0.012343566469814767,False
2026-08-27,2026-09-18,0.06023271731690623,SPXW260918P07465000,2026-08-27T18:51:55+00:00,-68.08333333333333,put,reference-session last trade,7465.0,7741.608398158938,0.9959553475339589,20.8,21.1,26.05,131.0,7.0,301.5396133191969,-0.03638403840205821,0.15499927049790516,0.0014470774122037535,469.1049744936451,3.1068981283412995,0.006623033856536919,16,holdout,every_5,flat,305.2813980364234,3.741784717226494,0.007976433678336923,False
2026-08-27,2026-09-18,0.06023271731690623,SPXW260918P07560000,2026-08-27T17:40:01+00:00,-139.98333333333332,put,reference-session last trade,7560.0,7741.608398158938,0.9959553475339589,31.5,31.9,35.5,192.0,50.0,216.3738553034708,-0.023738279201770206,0.1357425458362577,0.0011098503833056469,578.668622640051,3.1068981283412995,0.005369045437726943,17,train,every_5,flat,232.71084611348388,16.336990810013077,0.028232031547656886,False
2026-08-27,2026-09-18,0.06023271731690623,SPXW260918C07805000,2026-08-27T19:09:31+00:00,-50.483333333333334,call,reference-session last trade,7805.0,7741.608398158938,0.9959553475339589,53.6,54.2,51.18,131.0,44.0,51.18,0.008155084574183433,0.10389965749312098,0.0006502205453747644,720.149749439073,3.1068981283412995,0.004314238990933862,18,train,every_5,flat,94.39003118558783,43.21003118558783,0.06000145278012561,False
2026-08-27,2026-09-18,0.06023271731690623,SPX260918C07905000,2026-08-27T19:50:40+00:00,-9.333333333333334,call,reference-session last trade,7905.0,7741.608398158938,0.9959553475339589,20.5,21.2,20.04,293.0,6.0,20.04,0.02088600126822348,0.0982013774479675,0.0005808548438574127,523.9893297293258,3.1068981283412995,0.005929315640733013,19,train,every_5,flat,59.41335578826041,39.37335578826041,0.07514152207755696,False
2026-08-27,2026-09-18,0.06023271731690623,SPXW260918C07990000,2026-08-27T17:30:18+00:00,-149.7,call,reference-session last trade,7990.0,7741.608398158938,0.9959553475339589,8.0,8.3,10.36,275.0,14.0,10.36,0.03158129038497148,0.10393223117447335,0.0006506283118190055,356.32384928487073,3.1068981283412995,0.008719310073060597,20,train,every_5,flat,38.256937437646506,27.896937437646507,0.07829096338523135,False
2026-08-27,2026-09-18,0.06023271731690623,SPX260918C08080000,2026-08-27T17:08:38+00:00,-171.36666666666667,call,reference-session last trade,8080.0,7741.608398158938,0.9959553475339589,2.5,2.7,3.55,1444.0,1.0,3.55,0.042782403139792036,0.10212639675729217,0.0006282152501623896,179.6738468981727,3.1068981283412995,0.017291877376578266,21,holdout,every_5,flat,22.87213868687734,19.322138686877338,0.10754007341885351,False
2026-08-27,2026-09-18,0.06023271731690623,SPXW260918C08280000,2026-08-27T15:30:04+00:00,-269.93333333333334,call,reference-session last trade,8280.0,7741.608398158938,0.9959553475339589,0.6,0.75,0.78,69.0,20.0,0.78,0.06723349900395653,0.11774270265444674,0.0008350268819280386,52.112801297135604,3.1068981283412995,0.05961871269645355,22,train,every_5,flat,6.07562416930239,5.29562416930239,0.10161848984298347,False
2026-08-27,2026-09-18,0.06023271731690623,SPX260918C08380000,2026-08-27T15:56:16+00:00,-243.73333333333332,call,reference-session last trade,8380.0,7741.608398158938,0.9959553475339589,0.35,0.5,0.53,156.0,70.0,0.53,0.07923844510077975,0.1297310320851168,0.0010137251063357462,35.489441250686994,3.1068981283412995,0.08754429539747001,23,train,every_5,flat,2.846206732535117,2.316206732535117,0.06526467171388,True
2026-08-27,2026-09-18,0.06023271731690623,SPX260918C08675000,2026-08-27T17:13:13+00:00,-166.78333333333333,call,reference-session last trade,8675.0,7741.608398158938,0.9959553475339589,0.05,0.25,0.25,347.0,1.0,0.25,0.113835856439711,0.1654965318282324,0.0016497200411712775,15.733618536975712,3.1068981283412995,0.1974687590804208,24,train,every_5,flat,0.2102478792401965,-0.0397521207598035,-0.002526572044846626,True
2026-08-27,2026-11-20,0.2327173169062286,SPX261120P05500000,2026-08-27T17:45:42+00:00,-134.3,put,reference-session last trade,5500.0,7784.875446624804,0.9999999999999999,8.6,9.1,8.56,9700.0,1.0,2293.4354466248033,-0.34743471377051904,0.3536123307173027,0.029099364372354438,157.67941674060665,8.384553375196333,0.05317468537437256,0,train,every_5,flat,2284.875962798746,-8.559483826057203,-0.054284091119756836,False
2026-08-27,2026-11-20,0.2327173169062286,SPX261120P05725000,2026-08-27T20:10:11+00:00,10.183333333333334,put,reference-session last trade,5725.0,7784.875446624804,0.9999999999999999,10.8,11.2,11.0,371.0,15.0,2070.8754466248033,-0.3073402565686409,0.33090219363396456,0.025481676246133962,200.68342514561533,8.384553375196333,0.041779999365231704,1,holdout,every_5,flat,2059.880925317719,-10.994521307084142,-0.054785397942588174,False
2026-08-27,2026-11-20,0.2327173169062286,SPX261120P06025000,2026-08-27T19:56:06+00:00,-3.9,put,reference-session last trade,6025.0,7784.875446624804,0.9999999999999999,14.8,15.2,14.7,277.0,1.0,1774.5754466248036,-0.2562653266322255,0.29817606914045575,0.02069065653027947,268.89490765490046,8.384553375196333,0.031181525333893876,2,train,every_5,flat,1759.95413353871,-14.62131308609355,-0.05437556707045763,False
2026-08-27,2026-11-20,0.2327173169062286,SPXW261120P06250000,2026-08-27T19:59:30+00:00,-0.5,put,reference-session last trade,6250.0,7784.875446624804,0.9999999999999999,19.1,19.5,19.3,128.0,15.0,1554.1754466248035,-0.21960134226063402,0.27639295177118334,0.01777798883517304,345.05583919709306,8.384553375196333,0.024299120382098926,3,train,every_5,flat,1535.2975325459827,-18.877914078820822,-0.054709736611754343,False
2026-08-27,2026-11-20,0.2327173169062286,SPX261120P06525000,2026-08-27T19:55:48+00:00,-4.2,put,reference-session last trade,6525.0,7784.875446624804,0.9999999999999999,25.8,26.3,25.9,480.0,3.0,1285.7754466248036,-0.17654185280018714,0.24696321502264446,0.014193622214421022,456.7176739738905,8.384553375196333,0.0183582853324736,4,train,every_5,flat,1262.258799202327,-23.51664742247658,-0.05149055699521927,False
2026-08-27,2026-11-20,0.2327173169062286,SPX261120P06770000,2026-08-27T19:51:49+00:00,-8.183333333333334,put,reference-session last trade,6770.0,7784.875446624804,0.9999999999999999,35.0,35.6,35.6,236.0,1.0,1050.4754466248037,-0.13968171908476057,0.2229347339807226,0.011566026358055365,600.2142135319554,8.384553375196333,0.013969268281498203,5,train,every_5,flat,1023.4597571274734,-27.0156894973303,-0.04501007954869431,False
2026-08-27,2026-11-20,0.2327173169062286,SPXW261120P06875000,2026-08-27T19:57:23+00:00,-2.6166666666666667,put,reference-session last trade,6875.0,7784.875446624804,0.9999999999999999,41.0,41.4,41.5,97.0,1.0,951.3754466248037,-0.12429116245630915,0.21327803296053283,0.01058573345434278,677.8257286798826,8.384553375196333,0.012369777393262855,6,holdout,every_5,flat,923.7797645395048,-27.595682085298904,-0.04071206051597304,False
2026-08-27,2026-11-20,0.2327173169062286,SPX261120P06980000,2026-08-27T15:25:02+00:00,-274.96666666666664,put,reference-session last trade,6980.0,7784.875446624804,0.9999999999999999,46.7,47.5,48.29,420.0,2.0,853.1654466248036,-0.10913388923466313,0.2032480618358852,0.009613499916231963,762.6608248398801,8.384553375196333,0.0109938167821281,7,train,every_5,flat,826.5836954307186,-26.581751194084973,-0.03485396171970127,False
2026-08-27,2026-11-20,0.2327173169062286,SPX261120P07040000,2026-08-27T19:35:19+00:00,-24.683333333333334,put,reference-session last trade,7040.0,7784.875446624804,0.9999999999999999,51.3,51.8,52.92,456.0,100.0,797.7954466248036,-0.10057463583899322,0.19769434029650265,0.009095303041062007,816.1021544051524,8.384553375196333,0.010273901778028926,8,train,every_5,flat,772.4422097033711,-25.35323692143254,-0.0310662541258848,False
2026-08-27,2026-11-20,0.2327173169062286,SPX261120P07130000,2026-08-27T15:01:44+00:00,-298.26666666666665,put,reference-session last trade,7130.0,7784.875446624804,0.9999999999999999,58.2,59.0,60.97,158.0,42.0,715.8454466248037,-0.08787157158273957,0.18944519540892804,0.008352103970978204,902.1770286986886,8.384553375196333,0.009293689717737901,9,train,every_5,flat,693.5322807263527,-22.31316589845096,-0.024732580401249798,False
2026-08-27,2026-11-20,0.2327173169062286,SPX261120P07220000,2026-08-27T19:08:22+00:00,-51.63333333333333,put,reference-session last trade,7220.0,7784.875446624804,0.9999999999999999,67.2,67.8,71.1,504.0,3.0,635.9754466248037,-0.0753278531042093,0.181784363707217,0.0076902728693147415,996.73286841459,8.384553375196333,0.008412036605688402,10,train,every_5,flat,617.8439543525982,-18.13149227220549,-0.01819092441593259,False
2026-08-27,2026-11-20,0.2327173169062286,SPX261120P07290000,2026-08-27T19:35:19+00:00,-24.683333333333334,put,reference-session last trade,7290.0,7784.875446624804,0.9999999999999999,75.2,75.9,78.64,534.0,100.0,573.5154466248038,-0.06567925998837744,0.17427242631149178,0.0070678293734757515,1067.571819861303,8.384553375196333,0.007853854156890015,11,holdout,every_5,flat,561.5289817390839,-11.986464885719897,-0.011227783145565941,False
2026-08-27,2026-11-20,0.2327173169062286,SPX261120P07390000,2026-08-27T19:51:52+00:00,-8.133333333333333,put,reference-session last trade,7390.0,7784.875446624804,0.9999999999999999,89.2,90.0,92.2,408.0,25.0,487.0754466248037,-0.05205507104883375,0.1641969242760681,0.006274205462139005,1175.3017784850435,8.384553375196333,0.007133957872508258,12,train,every_5,flat,485.4392638302515,-1.6361827945522123,-0.0013921384486129524,True
2026-08-27,2026-11-20,0.2327173169062286,SPX261120P07475000,2026-08-27T19:37:33+00:00,-22.45,put,reference-session last trade,7475.0,7784.875446624804,0.9999999999999999,104.4,105.3,108.34,3178.0,202.0,418.2154466248037,-0.04061868673219403,0.1573464970791937,0.005761596747879207,1271.3387415394502,8.384553375196333,0.006595058501122658,13,train,every_5,flat,425.1847257004628,6.969279075659131,0.0054818427598769676,True
2026-08-27,2026-11-20,0.2327173169062286,SPXW261120P07550000,2026-08-27T19:58:14+00:00,-1.7666666666666666,put,reference-session last trade,7550.0,7784.875446624804,0.9999999999999999,121.2,122.1,124.84,164.0,3.0,359.71544662480375,-0.03063524274801089,0.15107646143540465,0.005311562661154501,1349.7921342767659,8.384553375196333,0.006211736727662051,14,train,every_5,flat,375.6430692436515,15.92762261884775,0.011800055885924948,False
2026-08-27,2026-11-20,0.2327173169062286,SPX261120P07680000,2026-08-27T14:53:37+00:00,-306.3833333333333,put,reference-session last trade,7680.0,7784.875446624804,0.9999999999999999,156.9,157.9,165.05,181.0,35.0,269.9254466248038,-0.013563258849363376,0.1434317878573276,0.004787618371733611,1458.9055458867686,8.384553375196333,0.005747152993444781,15,train,every_5,flat,298.24737525567883,28.32192863087505,0.019413133845933867,False
2026-08-27,2026-11-20,0.2327173169062286,SPXW261120P07725000,2026-08-27T15:28:04+00:00,-271.93333333333334,put,reference-session last trade,7725.0,7784.875446624804,0.9999999999999999,172.9,173.7,180.22,70.0,5.0,240.09544662480377,-0.0077209832251350806,0.13992568828247073,0.004556418481895878,1481.873427740565,8.384553375196333,0.005658076606434862,16,holdout,every_5,flat,274.02341606102704,33.927969436223265,0.022895322097754165,False
2026-08-27,2026-11-20,0.2327173169062286,SPX261120C07845000,2026-08-27T17:06:23+00:00,-173.61666666666667,call,reference-session last trade,7845.0,7784.875446624804,0.9999999999999999,172.5,173.6,176.4,74.0,2.0,176.4,0.007693580176051764,0.1363683657616582,0.004327688296626854,1492.9380812472377,8.384553375196333,0.0056161427459815805,17,train,every_5,flat,215.9035443443681,39.503544344368095,0.02646026974632856,False
2026-08-27,2026-11-20,0.2327173169062286,SPX261120C07920000,2026-08-27T15:19:51+00:00,-280.15,call,reference-session last trade,7920.0,7784.875446624804,0.9999999999999999,137.1,138.1,134.88,61.0,6.0,134.88,0.017208399817390377,0.1290847602549084,0.0038777396387562222,1453.8499230370749,8.384553375196333,0.0057671381635327965,18,train,every_5,flat,184.282903537598,49.40290353759801,0.03398074502380269,False
2026-08-27,2026-11-20,0.2327173169062286,SPX261120C07980000,2026-08-27T19:39:40+00:00,-20.333333333333332,call,reference-session last trade,7980.0,7784.875446624804,0.9999999999999999,110.6,111.6,106.91,509.0,50.0,106.91,0.024755605452773277,0.12437234580841815,0.00359978325574413,1392.4780278836718,8.384553375196333,0.006021318259462534,19,train,every_5,flat,161.50325175467057,54.593251754670575,0.03920582634804154,False
2026-08-27,2026-11-20,0.2327173169062286,SPX261120C08060000,2026-08-27T18:53:29+00:00,-66.51666666666667,call,reference-session last trade,8060.0,7784.875446624804,0.9999999999999999,81.8,82.8,77.5,33.0,1.0,77.5,0.03473075050959271,0.12013077285879092,0.0033584372893916098,1273.3397229489456,8.384553375196333,0.0065846947394199145,20,train,every_5,flat,134.4597650852638,56.9597650852638,0.04473257533610109,False
2026-08-27,2026-11-20,0.2327173169062286,SPX261120C08180000,2026-08-27T19:34:24+00:00,-25.6,call,reference-session last trade,8180.0,7784.875446624804,0.9999999999999999,50.8,51.7,48.69,19.0,1.0,48.69,0.04950934460571146,0.11846990945766293,0.003266215340142594,1054.8446982137298,8.384553375196333,0.00794861403711343,21,holdout,every_5,flat,100.54066148831588,51.85066148831588,0.049154782287970544,False
2026-08-27,2026-11-20,0.2327173169062286,SPXW261120C08240000,2026-08-27T16:03:14+00:00,-236.76666666666668,call,reference-session last trade,8240.0,7784.875446624804,0.9999999999999999,39.9,40.4,39.1,37.0,11.0,39.1,0.05681753791243609,0.11905190979722304,0.003298385665273432,944.5088697872729,8.384553375196333,0.008877156841401335,22,train,every_5,flat,86.32070898588061,47.22070898588061,0.04999498733825115,False
2026-08-27,2026-11-20,0.2327173169062286,SPXW261120C08350000,2026-08-27T18:38:21+00:00,-81.65,call,reference-session last trade,8350.0,7784.875446624804,0.9999999999999999,23.8,24.3,22.9,340.0,20.0,22.9,0.0700787328538199,0.11627193689998934,0.003146143412430893,710.66156329422,8.384553375196333,0.01179823675327303,23,train,every_5,flat,64.46527408724499,41.565274087244994,0.05848814152065885,False
2026-08-27,2026-11-20,0.2327173169062286,SPX261120C09100000,2026-08-27T13:44:38+00:00,-375.3666666666667,call,reference-session last trade,9100.0,7784.875446624804,0.9999999999999999,0.95,1.2,1.05,915.0,32.0,1.05,0.15609160751386011,0.12938798141564853,0.003895978719943539,71.00167418927643,8.384553375196333,0.11808951649287552,24,train,every_5,flat,5.800051128507788,4.750051128507788,0.06690055104679773,True
2026-08-27,2027-02-19,0.48186173853524983,SPX270219P05625000,2026-08-27T20:10:10+00:00,10.166666666666666,put,reference-session last trade,5625.0,7872.481980038706,0.967163927214507,31.0,31.6,31.3,663.0,3.0,2204.983498158071,-0.3361524369242269,0.3026607405691562,0.044140233273673196,492.830920219106,1.5243562709430591,0.003093061349043097,0,train,every_5,flat,2173.987142468718,-30.996355689353095,-0.06289450279534517,False
2026-08-27,2027-02-19,0.48186173853524983,SPX270219P05800000,2026-08-27T19:34:42+00:00,-25.3,put,reference-session last trade,5800.0,7872.481980038706,0.967163927214507,36.0,36.6,36.56,1722.0,150.0,2040.9898108955322,-0.3055154674623372,0.28941024709015545,0.04035991577620295,566.5750106517871,1.5243562709430591,0.002690475651563668,1,holdout,every_5,flat,2005.2030434751252,-35.78676742040693,-0.06316333538826198,False
2026-08-27,2027-02-19,0.48186173853524983,SPX270219P05950000,2026-08-27T18:54:37+00:00,-65.38333333333334,put,reference-session last trade,5950.0,7872.481980038706,0.967163927214507,40.9,41.5,42.25,315.0,1.0,1901.6052218133561,-0.27998216545717236,0.2788679358652692,0.03747309874075575,641.0632353701202,1.5243562709430591,0.0023778563281092956,2,train,every_5,flat,1860.9603415378756,-40.644880275480546,-0.06340229486411599,False
2026-08-27,2027-02-19,0.48186173853524983,SPX270219P06125000,2026-08-27T13:47:30+00:00,-372.5,put,reference-session last trade,6125.0,7872.481980038706,0.967163927214507,47.6,48.5,50.89,267.0,12.0,1740.9915345508175,-0.2509946285839201,0.26780614662511676,0.034559187575507355,744.3277019121693,1.5243562709430591,0.0020479639102871025,3,train,every_5,flat,1693.590707497962,-47.40082705285545,-0.06368273937821106,False
2026-08-27,2027-02-19,0.48186173853524983,SPX270219P06200000,2026-08-27T20:09:55+00:00,9.916666666666666,put,reference-session last trade,6200.0,7872.481980038706,0.967163927214507,51.2,51.9,52.2,1121.0,5.0,1669.7642400097293,-0.23882409296366489,0.2593762844124177,0.03241775774714329,773.2264146436344,1.5243562709430591,0.001971422913229893,4,train,every_5,flat,1622.31927039687,-47.44496961285927,-0.061359737218400344,False
2026-08-27,2027-02-19,0.48186173853524983,SPX270219P06300000,2026-08-27T17:31:38+00:00,-148.36666666666667,put,reference-session last trade,6300.0,7872.481980038706,0.967163927214507,56.1,56.9,57.04,1910.0,20.0,1577.8878472882786,-0.2228237516172237,0.2518218928126313,0.030556908318011226,833.8860953919543,1.5243562709430591,0.001828014976345853,5,train,every_5,flat,1527.8873493360472,-50.0004979522314,-0.059960824660026855,False
2026-08-27,2027-02-19,0.48186173853524983,SPX270219P06500000,2026-08-27T18:56:52+00:00,-63.13333333333333,put,reference-session last trade,6500.0,7872.481980038706,0.967163927214507,67.9,68.7,70.62,2832.0,5.0,1398.0350618453772,-0.1915712081131193,0.2391743079705626,0.02756458734675637,981.244822538543,1.5243562709430591,0.0015534922946135422,6,holdout,every_5,flat,1341.8661892422876,-56.16887260308954,-0.05724246519617508,False
2026-08-27,2027-02-19,0.48186173853524983,SPX270219P06575000,2026-08-27T16:27:51+00:00,-212.15,put,reference-session last trade,6575.0,7872.481980038706,0.967163927214507,72.9,73.8,74.53,333.0,1.0,1329.4077673042893,-0.1800988069508825,0.2325202355643867,0.026052172897077473,1030.6406788117208,1.5243562709430591,0.0014790375562320796,7,train,every_5,flat,1273.408669338939,-55.9990979653503,-0.05433425937535725,False
2026-08-27,2027-02-19,0.48186173853524983,SPX270219P06675000,2026-08-27T16:43:04+00:00,-196.93333333333334,put,reference-session last trade,6675.0,7872.481980038706,0.967163927214507,80.3,81.5,81.51,3536.0,2.0,1239.6713745828386,-0.16500418072839748,0.22484842048371095,0.024361393418610447,1106.9954131808793,1.5243562709430591,0.0013770213072183566,8,train,every_5,flat,1183.5499064530754,-56.121468129763116,-0.050697109908072455,False
2026-08-27,2027-02-19,0.48186173853524983,SPX270219P06775000,2026-08-27T19:27:40+00:00,-32.333333333333336,put,reference-session last trade,6775.0,7872.481980038706,0.967163927214507,89.1,89.8,91.52,1912.0,18.0,1152.9649818613877,-0.1501340182489462,0.21907435787166168,0.023126267139578476,1198.0692179669727,1.5243562709430591,0.0012723440750191124,9,train,every_5,flat,1095.6027066654838,-57.362275195903976,-0.047878932482084094,False
2026-08-27,2027-02-19,0.48186173853524983,SPX270219P06825000,2026-08-27T15:00:55+00:00,-299.0833333333333,put,reference-session last trade,6825.0,7872.481980038706,0.967163927214507,93.7,94.6,96.43,442.0,1.0,1109.5167855006625,-0.14278104394368735,0.21574982508272791,0.022429693952328744,1242.782207872197,1.5243562709430591,0.0012265675041751307,10,train,every_5,flat,1052.449653949356,-57.0671315513066,-0.04591885142048571,False
2026-08-27,2027-02-19,0.48186173853524983,SPX270219P07025000,2026-08-27T20:09:47+00:00,9.783333333333333,put,reference-session last trade,7025.0,7872.481980038706,0.967163927214507,115.1,115.9,117.8,447.0,16.0,937.454000057761,-0.11389816979490133,0.2015380342762291,0.01957205735728149,1426.4543387536942,1.5243562709430591,0.0010686330641854983,11,holdout,every_5,flat,886.3016271360192,-51.15237292174186,-0.03585980394327528,False
2026-08-27,2027-02-19,0.48186173853524983,SPX270219P07200000,2026-08-27T19:38:59+00:00,-21.016666666666666,put,reference-session last trade,7200.0,7872.481980038706,0.967163927214507,139.1,139.9,141.7,1621.0,142.0,792.1003127952224,-0.08929235899270115,0.18952249671657462,0.0173078842164446,1598.165970615671,1.5243562709430591,0.0009538159984446561,12,train,every_5,flat,750.9579021348599,-41.14241066036254,-0.025743515640314258,False
2026-08-27,2027-02-19,0.48186173853524983,SPX270219P07250000,2026-08-27T19:36:46+00:00,-23.233333333333334,put,reference-session last trade,7250.0,7872.481980038706,0.967163927214507,146.5,147.6,149.7,1309.0,204.0,751.7421164344971,-0.08237191614812735,0.18620922846239213,0.01670801453952757,1648.1836316786523,1.5243562709430591,0.0009248704098526469,13,train,every_5,flat,714.2576345133147,-37.484481921182464,-0.022742903885658076,False
2026-08-27,2027-02-19,0.48186173853524983,SPX270219P07375000,2026-08-27T17:43:05+00:00,-136.91666666666666,put,reference-session last trade,7375.0,7872.481980038706,0.967163927214507,168.7,170.0,172.16,488.0,5.0,653.3066255326837,-0.06527748278882724,0.17802498636502928,0.01527159385507822,1771.698297715044,1.5243562709430591,0.0008603926937837095,14,train,every_5,flat,626.6809864863932,-26.62563904629053,-0.015028314403546907,False
2026-08-27,2027-02-19,0.48186173853524983,SPX270219P07450000,2026-08-27T19:21:04+00:00,-38.93333333333333,put,reference-session last trade,7450.0,7872.481980038706,0.967163927214507,184.8,185.8,189.9,404.0,16.0,598.5093309915957,-0.05515935262324263,0.17446609825081522,0.01466710970907572,1845.712123134383,1.5243562709430591,0.0008258905881565115,15,train,every_5,flat,577.1377833432366,-21.37154764835907,-0.011579025450656935,False
2026-08-27,2027-02-19,0.48186173853524983,SPX270219P07625000,2026-08-27T16:50:12+00:00,-189.8,put,reference-session last trade,7625.0,7872.481980038706,0.967163927214507,228.8,229.8,230.35,2399.0,6.0,469.705643729057,-0.031941062521235436,0.16227154135684385,0.012688408902508845,1990.2070503622772,1.5243562709430591,0.0007659284850114368,16,holdout,every_5,flat,470.76193329944823,1.0562895703912432,0.0005307435576609815,True
2026-08-27,2027-02-19,0.48186173853524983,SPX270219C07875000,2026-08-27T19:25:12+00:00,-34.8,call,reference-session last trade,7875.0,7872.481980038706,0.967163927214507,313.2,314.7,303.64,565.0,3.0,303.64,0.0003197996969859973,0.14461880109558828,0.010077944374913779,2106.217385348798,1.5243562709430591,0.0007237411871854907,17,train,every_5,flat,341.93193110059104,38.29193110059106,0.018180426848128862,False
2026-08-27,2027-02-19,0.48186173853524983,SPX270219C08025000,2026-08-27T19:04:20+00:00,-55.666666666666664,call,reference-session last trade,8025.0,7872.481980038706,0.967163927214507,233.7,235.1,226.5,154.0,5.0,226.5,0.019188284001368752,0.13833673796474288,0.00922141366310134,2084.3897798802304,1.5243562709430591,0.0007313201617360881,18,train,every_5,flat,277.6378339628663,51.137833962866296,0.02453371939187146,False
2026-08-27,2027-02-19,0.48186173853524983,SPX270219C08150000,2026-08-27T18:21:49+00:00,-98.18333333333334,call,reference-session last trade,8150.0,7872.481980038706,0.967163927214507,180.9,182.3,176.14,604.0,1.0,176.14,0.03464454223806064,0.13561389961510328,0.008861981764028732,2002.6961357113987,1.5243562709430591,0.0007611520508584677,19,train,every_5,flat,231.19710525625916,55.05710525625918,0.02749149223114757,False
2026-08-27,2027-02-19,0.48186173853524983,SPX270219C08200000,2026-08-27T19:47:15+00:00,-12.75,call,reference-session last trade,8200.0,7872.481980038706,0.967163927214507,160.1,161.2,156.66,2209.0,4.0,156.66,0.04076076925549664,0.13374409115997282,0.008619293136088852,1952.1325091445008,1.5243562709430591,0.0007808672125495673,20,train,every_5,flat,214.3573444134013,57.69734441340131,0.02955605940842945,False
2026-08-27,2027-02-19,0.48186173853524983,SPX270219C08550000,2026-08-27T16:00:15+00:00,-239.75,call,reference-session last trade,8550.0,7872.481980038706,0.967163927214507,67.1,68.3,65.31,147.0,2.0,65.31,0.0825578979339581,0.12676579199997373,0.0077433090205694345,1413.6855523661955,1.5243562709430591,0.0010782852441206783,21,holdout,every_5,flat,121.5183306468461,56.20833064684609,0.03976013658254188,False
2026-08-27,2027-02-19,0.48186173853524983,SPX270219C08750000,2026-08-27T16:07:08+00:00,-232.86666666666667,call,reference-session last trade,8750.0,7872.481980038706,0.967163927214507,37.8,38.6,36.6,22.0,5.0,36.6,0.10568031535481238,0.12401419969290531,0.0074108030764764845,1045.3957975705653,1.5243562709430591,0.0014581618507416695,22,train,every_5,flat,85.3034994299426,48.7034994299426,0.04658857395746807,False
2026-08-27,2027-02-19,0.48186173853524983,SPX270219C08850000,2026-08-27T15:01:51+00:00,-298.15,call,reference-session last trade,8850.0,7872.481980038706,0.967163927214507,27.4,28.2,27.2,104.0,28.0,27.2,0.11704407400512731,0.12331365235369457,0.00732731336563499,877.0362589931667,1.5243562709430591,0.0017380766819070999,23,train,every_5,flat,70.9115731797665,43.7115731797665,0.049840098093489514,False
2026-08-27,2027-02-19,0.48186173853524983,SPX270219C10000000,2026-08-27T14:28:13+00:00,-331.78333333333336,call,reference-session last trade,10000.0,7872.481980038706,0.967163927214507,1.3,1.7,1.45,2296.0,1.0,1.45,0.239211707979335,0.1358969720842035,0.008899016333501006,95.31234155423574,1.5243562709430591,0.015993272708295096,24,train,every_5,flat,5.981701586197038,4.531701586197038,0.04754580059937312,False
2026-08-27,2027-08-20,0.9801505817932923,SPX270820P05750000,2026-08-27T14:30:38+00:00,-329.3666666666667,put,reference-session last trade,5750.0,8011.137643500851,0.9479231815147929,88.0,89.2,91.0,32.0,15.0,2234.384788870188,-0.33163292408872896,0.27240776241346354,0.07273304331354792,1182.2561136694133,3.361574159397918,0.0028433552768566133,0,train,every_5,flat,2150.901446004465,-83.48334286572299,-0.07061358524644255,False
2026-08-27,2027-08-20,0.9801505817932923,SPX270820P05900000,2026-08-27T20:09:15+00:00,9.25,put,reference-session last trade,5900.0,8011.137643500851,0.9479231815147929,98.4,99.5,100.4,1493.0,6.0,2101.596311642969,-0.3058804279863143,0.2635725051249552,0.06809151713595715,1283.8955559852348,3.361574159397918,0.00261826138717204,1,holdout,every_5,flat,2012.8456549364332,-88.75065670653566,-0.06912607204908522,False
2026-08-27,2027-08-20,0.9801505817932923,SPX270820P06375000,2026-08-27T20:06:10+00:00,6.166666666666667,put,reference-session last trade,6375.0,8011.137643500851,0.9479231815147929,141.4,142.4,143.7,6.0,2.0,1694.6328004234424,-0.22844868785349828,0.24005768474565528,0.056483815846541004,1673.8442623747983,3.361574159397918,0.0020082956550740395,2,train,every_5,flat,1589.3737225581312,-105.25907786531116,-0.06288463044702429,False
2026-08-27,2027-08-20,0.9801505817932923,SPX270820P06450000,2026-08-27T17:39:01+00:00,-140.98333333333332,put,reference-session last trade,6450.0,8011.137643500851,0.9479231815147929,149.3,150.4,151.7,282.0,11.0,1631.538561809833,-0.2167526480903069,0.2362319831709112,0.05469784217517996,1739.6927168414031,3.361574159397918,0.0019322804118541191,3,train,every_5,flat,1525.1597626659873,-106.37879914384575,-0.061148039601492246,False
2026-08-27,2027-08-20,0.9801505817932923,SPX270820P06800000,2026-08-27T16:27:03+00:00,-212.95,put,reference-session last trade,6800.0,8011.137643500851,0.9479231815147929,194.9,196.4,199.21,538.0,40.0,1347.2754482796554,-0.163910166715927,0.22043065949588658,0.047625198853369896,2071.7991926232,3.361574159397918,0.001622538598995048,4,train,every_5,flat,1238.8359809684587,-108.43946731119672,-0.05234072283515882,False
2026-08-27,2027-08-20,0.9801505817932923,SPX270820P06850000,2026-08-27T17:57:20+00:00,-122.66666666666667,put,reference-session last trade,6850.0,8011.137643500851,0.9479231815147929,203.3,204.7,206.5,122.0,2.0,1307.1692892039157,-0.1565841266238542,0.21792983283589482,0.04655069544223797,2118.9557083814575,3.361574159397918,0.0015864296483882722,5,train,every_5,flat,1199.9940104261157,-107.17527877780003,-0.05057929165478629,False
2026-08-27,2027-08-20,0.9801505817932923,SPX270820P07000000,2026-08-27T19:09:08+00:00,-50.86666666666667,put,reference-session last trade,7000.0,8011.137643500851,0.9479231815147929,228.0,229.3,233.0,656.0,23.0,1191.4808119766967,-0.13492262984267478,0.21176132339071133,0.04395275344048838,2266.745653218873,3.361574159397918,0.001482995745298703,6,holdout,every_5,flat,1086.9964448288551,-104.48436714784157,-0.04609443807666265,False
2026-08-27,2027-08-20,0.9801505817932923,SPX270820P07250000,2026-08-27T18:33:15+00:00,-86.75,put,reference-session last trade,7250.0,8011.137643500851,0.9479231815147929,275.7,277.1,283.49,575.0,8.0,1004.9900165979985,-0.09983131003140472,0.20123982108038305,0.03969361445768739,2504.2025012360145,3.361574159397918,0.0013423731338574757,7,train,every_5,flat,911.4466288440223,-93.54338775397628,-0.03735456206429212,False
2026-08-27,2027-08-20,0.9801505817932923,SPX270820P07350000,2026-08-27T13:39:51+00:00,-380.15,put,reference-session last trade,7350.0,8011.137643500851,0.9479231815147929,297.4,298.7,311.5,147.0,4.0,938.2076984465192,-0.08613246567324277,0.19900412113593088,0.03881655086108737,2598.4295665091213,3.361574159397918,0.0012936945464002124,8,train,every_5,flat,846.0331637133484,-92.17453473317084,-0.035473170379985854,False
2026-08-27,2027-08-20,0.9801505817932923,SPX270820P07425000,2026-08-27T18:09:28+00:00,-110.53333333333333,put,reference-session last trade,7425.0,8011.137643500851,0.9479231815147929,315.7,317.1,322.42,193.0,4.0,878.0334598329098,-0.0759800942092248,0.1930319142721049,0.03652170440537732,2655.9377483286694,3.361574159397918,0.0012656825866921362,9,train,every_5,flat,798.8582055100119,-79.1752543228979,-0.029810658918011677,False
2026-08-27,2027-08-20,0.9801505817932923,SPX270820P07650000,2026-08-27T17:26:27+00:00,-153.55,put,reference-session last trade,7650.0,8011.137643500851,0.9479231815147929,373.7,375.2,378.4,170.0,79.0,720.7307439920813,-0.046127131059543636,0.181786829308415,0.03239049847770688,2824.7809634150985,3.361574159397918,0.0011900300246054647,10,train,every_5,flat,667.2864541910518,-53.44428980102953,-0.018919799621000186,False
2026-08-27,2027-08-20,0.9801505817932923,SPX270820P07750000,2026-08-27T20:03:19+00:00,3.316666666666667,put,reference-session last trade,7750.0,8011.137643500851,0.9479231815147929,405.3,406.6,410.4,298.0,1.0,657.938425840602,-0.033139935532732444,0.17815481934596877,0.03110913619963786,2887.1724698572957,3.361574159397918,0.0011643135955657234,11,holdout,every_5,flat,613.6721204320562,-44.266305408545804,-0.01533206134053147,False
2026-08-27,2027-08-20,0.9801505817932923,SPX270820P07850000,2026-08-27T13:39:51+00:00,-380.15,put,reference-session last trade,7850.0,8011.137643500851,0.9479231815147929,437.0,438.4,455.65,103.0,2.0,608.3961076891228,-0.020319247103670973,0.17823813879826778,0.031138241247838098,2937.933195311377,3.361574159397918,0.0011441969357106642,12,train,every_5,flat,563.0600618232338,-45.33604586588899,-0.015431271867665476,False
2026-08-27,2027-08-20,0.9801505817932923,SPX270820C08050000,2026-08-27T19:16:04+00:00,-43.93333333333333,call,reference-session last trade,8050.0,8011.137643500851,0.9479231815147929,490.5,492.8,479.6,195.0,2.0,479.6,0.004839312532483916,0.16575588341836048,0.02692964986675646,2995.1866025562954,3.361574159397918,0.001122325452620856,13,train,every_5,flat,470.75276353438227,-8.847236465617755,-0.002953818122071901,False
2026-08-27,2027-08-20,0.9801505817932923,SPX270820C08200000,2026-08-27T20:14:39+00:00,14.65,call,reference-session last trade,8200.0,8011.137643500851,0.9479231815147929,411.2,414.0,403.2,263.0,2.0,403.2,0.023301375372219282,0.1608168613967989,0.02534871600713804,2992.653055208593,3.361574159397918,0.0011232756010748498,14,train,every_5,flat,409.1420265029344,5.942026502934425,0.0019855380471159416,False
2026-08-27,2027-08-20,0.9801505817932923,SPX270820C08300000,2026-08-27T16:39:35+00:00,-200.41666666666666,call,reference-session last trade,8300.0,8011.137643500851,0.9479231815147929,364.3,366.1,359.75,3298.0,500.0,359.75,0.03542273590456412,0.1588209032245777,0.024723396002144564,2967.241325321256,3.361574159397918,0.0011328954374932644,15,train,every_5,flat,371.56993268333736,11.819932683337356,0.0039834753521632215,False
2026-08-27,2027-08-20,0.9801505817932923,SPX270820C08375000,2026-08-27T15:55:29+00:00,-244.51666666666668,call,reference-session last trade,8375.0,8011.137643500851,0.9479231815147929,329.0,331.0,323.22,176.0,63.0,323.22,0.044418298813141986,0.15533133458836976,0.02364890024583562,2932.7097834179417,3.361574159397918,0.0011462348502415244,16,holdout,every_5,flat,345.1687540620475,21.9487540620475,0.007484120722121781,False
2026-08-27,2027-08-20,0.9801505817932923,SPX270820C08550000,2026-08-27T16:44:26+00:00,-195.56666666666666,call,reference-session last trade,8550.0,8011.137643500851,0.9479231815147929,259.2,261.1,258.13,136.0,28.0,258.13,0.0650985040506807,0.15181091994476295,0.022589094697829243,2813.1680819825456,3.361574159397918,0.0011949425208282933,17,train,every_5,flat,289.2404723199129,31.1104723199129,0.011058874341410905,False
2026-08-27,2027-08-20,0.9801505817932923,SPX270820C08675000,2026-08-27T20:14:48+00:00,14.8,call,reference-session last trade,8675.0,8011.137643500851,0.9479231815147929,215.7,217.2,210.3,36.0,4.0,210.3,0.07961254693493483,0.14676195277119924,0.02111153275749549,2679.00102125166,3.361574159397918,0.0012547864419354914,18,train,every_5,flat,253.90049535864355,43.60049535864354,0.016274908076844587,False
2026-08-27,2027-08-20,0.9801505817932923,SPX270820C08850000,2026-08-27T19:59:52+00:00,-0.13333333333333333,call,reference-session last trade,8850.0,8011.137643500851,0.9479231815147929,166.0,167.4,163.9,917.0,369.0,163.9,0.0995846801218501,0.14446507881353735,0.02045589848263753,2467.5384639871822,3.361574159397918,0.0013623188487064573,19,train,every_5,flat,210.38926108341244,46.48926108341243,0.018840338970154316,False
2026-08-27,2027-08-20,0.9801505817932923,SPX270820C08950000,2026-08-27T19:59:23+00:00,-0.6166666666666667,call,reference-session last trade,8950.0,8011.137643500851,0.9479231815147929,141.6,142.9,140.4,1782.0,43.0,140.4,0.11082075338877598,0.1429197492653986,0.02002060942743386,2327.0020803689777,3.361574159397918,0.0014445943936865304,20,train,every_5,flat,188.42461386394538,48.024613863945376,0.020637976334052278,False
2026-08-27,2027-08-20,0.9801505817932923,SPX270820C09100000,2026-08-27T19:50:37+00:00,-9.383333333333333,call,reference-session last trade,9100.0,8011.137643500851,0.9479231815147929,111.1,112.5,107.55,132.0,1.0,107.55,0.12744163462481628,0.13952604669191365,0.019081098805091627,2083.680212345836,3.361574159397918,0.001613286981121451,21,holdout,every_5,flat,159.09796956892637,51.547969568926376,0.024738906317535624,False
2026-08-27,2027-08-20,0.9801505817932923,SPX270820C09300000,2026-08-27T13:36:04+00:00,-383.93333333333334,call,reference-session last trade,9300.0,8011.137643500851,0.9479231815147929,78.9,80.1,72.6,154.0,100.0,72.6,0.14918162126122222,0.13502142306451817,0.017868914216891445,1729.8094018684856,3.361574159397918,0.0019433205506727224,22,train,every_5,flat,126.09926029229972,53.499260292299724,0.030927835306312657,False
2026-08-27,2027-08-20,0.9801505817932923,SPX270820C09600000,2026-08-27T18:43:33+00:00,-76.45,call,reference-session last trade,9600.0,8011.137643500851,0.9479231815147929,46.0,46.9,44.16,437.0,20.0,44.16,0.1809303195758024,0.13435327847044043,0.017692505489392323,1298.8902120316588,3.361574159397918,0.002588035638624078,23,train,every_5,flat,87.72826654922352,43.56826654922352,0.03354268601429849,False
2026-08-27,2027-08-20,0.9801505817932923,SPX270820C10200000,2026-08-27T14:52:27+00:00,-307.55,call,reference-session last trade,10200.0,8011.137643500851,0.9479231815147929,14.5,15.1,13.99,817.0,2.0,13.99,0.24155494139223724,0.13179370213097683,0.017024803865454168,608.594357173919,3.361574159397918,0.005523505303282455,24,train,every_5,flat,40.50246050757676,26.512460507576755,0.04356343465077552,False
2026-08-27,2026-09-18,0.06023271731690623,SPX260918P05475000,2026-08-27T19:59:48+00:00,-0.2,put,reference-session last trade,5475.0,7741.608398158938,0.9959553475339589,0.4,0.6,0.5,1236.0,1.0,2257.940754911775,-0.34641719369064733,0.49473259129427516,0.014742580182210712,10.821587764389916,3.1068981283412995,0.2871018741413364,0,train,every_5,svi,2257.8704633641196,-0.07029154765541534,-0.006495493007663848,True
2026-08-27,2026-09-18,0.06023271731690623,SPX260918P05825000,2026-08-27T14:17:49+00:00,-342.18333333333334,put,reference-session last trade,5825.0,7741.608398158938,0.9959553475339589,0.75,0.9,0.95,1444.0,1.0,1909.8063832748894,-0.28445046994144757,0.44016043232058366,0.011669559304515123,20.41192024445222,3.1068981283412995,0.1522099876510015,1,holdout,every_5,svi,1909.6537596054811,-0.15262366940828542,-0.007477183311539109,True
2026-08-27,2026-09-18,0.06023271731690623,SPX260918P05960000,2026-08-27T14:20:50+00:00,-339.1666666666667,put,reference-session last trade,5960.0,7741.608398158938,0.9959553475339589,0.9,1.05,1.15,205.0,1.0,1775.552411357805,-0.2615389883159535,0.41638874372387547,0.010443123586033783,25.01610755957548,3.1068981283412995,0.12419590541583132,2,train,every_5,svi,1775.405456316891,-0.14695504091400835,-0.005874416735858572,True
2026-08-27,2026-09-18,0.06023271731690623,SPX260918P06080000,2026-08-27T14:28:37+00:00,-331.3833333333333,put,reference-session last trade,6080.0,7741.608398158938,0.9959553475339589,1.1,1.3,1.35,498.0,1.0,1656.2377696537299,-0.24160477341513617,0.39471778853743006,0.009384385809536882,29.800413540962495,3.1068981283412995,0.10425687965942747,3,train,every_5,svi,1656.1136389308917,-0.12413072283811744,-0.004165402693740882,True
2026-08-27,2026-09-18,0.06023271731690623,SPX260918P06140000,2026-08-27T14:38:49+00:00,-321.18333333333334,put,reference-session last trade,6140.0,7741.608398158938,0.9959553475339589,1.15,1.35,1.45,228.0,1.0,1596.5804488016925,-0.23178472723416077,0.38344024544785404,0.008855800904149027,32.340786649943965,3.1068981283412995,0.09606748784345612,4,train,every_5,svi,1596.4843346330274,-0.09611416866505351,-0.0029719180830507117,True
2026-08-27,2026-09-18,0.06023271731690623,SPX260918P06210000,2026-08-27T14:17:48+00:00,-342.2,put,reference-session last trade,6210.0,7741.608398158938,0.9959553475339589,1.3,1.45,1.65,494.0,1.0,1527.0635744743154,-0.22044857344782448,0.37228125547075974,0.008347853059130656,36.76524736777681,3.1068981283412995,0.08450638444675242,5,train,every_5,svi,1526.9328221030707,-0.13075237124462546,-0.003556412117581029,True
2026-08-27,2026-09-18,0.06023271731690623,SPX260918P06310000,2026-08-27T16:54:32+00:00,-185.46666666666667,put,reference-session last trade,6310.0,7741.608398158938,0.9959553475339589,1.55,1.75,1.8,976.0,151.0,1427.6180397209193,-0.2044737928400901,0.3518707211839501,0.007457593695779025,41.27606654016315,3.1068981283412995,0.07527117743446246,6,holdout,every_5,svi,1427.6076656662674,-0.010374054651947517,-0.00025133341235054885,True
2026-08-27,2026-09-18,0.06023271731690623,SPX260918P06400000,2026-08-27T19:55:05+00:00,-4.916666666666667,put,reference-session last trade,6400.0,7741.608398158938,0.9959553475339589,1.7,1.9,2.1,17606.0,26.0,1338.282058442863,-0.19031147902758577,0.33668442847935637,0.00682776426110981,48.34204217233265,3.1068981283412995,0.06426907074520435,7,train,every_5,svi,1338.2553033442318,-0.026755098631156216,-0.0005534540418416338,True
2026-08-27,2026-09-18,0.06023271731690623,SPX260918P06625000,2026-08-27T17:58:26+00:00,-121.56666666666666,put,reference-session last trade,6625.0,7741.608398158938,0.9959553475339589,2.45,2.6,2.93,2184.0,23.0,1115.0221052477225,-0.15575909752092598,0.2955235991128272,0.0052603760381031575,69.55115034350275,3.1068981283412995,0.04467069362615562,8,train,every_5,svi,1115.0983354163693,0.07623016864681631,0.001096030306764545,True
2026-08-27,2026-09-18,0.06023271731690623,SPXW260918P06790000,2026-08-27T18:57:20+00:00,-62.666666666666664,put,reference-session last trade,6790.0,7741.608398158938,0.9959553475339589,3.4,3.6,4.13,116.0,1.0,951.8894729046191,-0.13115852782260717,0.2683594247148257,0.004337766402004075,97.28063007766478,3.1068981283412995,0.03193747949474507,9,train,every_5,svi,951.7541864936463,-0.1352864109727534,-0.001390681894892605,True
2026-08-27,2026-09-18,0.06023271731690623,SPXW260918P06870000,2026-08-27T14:52:45+00:00,-307.25,put,reference-session last trade,6870.0,7741.608398158938,0.9959553475339589,3.8,4.0,4.5,83.0,2.0,872.5830451019025,-0.11944536315895393,0.2513219814900629,0.0038044633658097563,108.99971210524686,3.1068981283412995,0.028503727838669626,10,train,every_5,svi,872.7023834132086,0.11933831130613726,0.0010948497844738136,True
2026-08-27,2026-09-18,0.06023271731690623,SPXW260918P06950000,2026-08-27T19:16:58+00:00,-43.03333333333333,put,reference-session last trade,6950.0,7741.608398158938,0.9959553475339589,4.6,4.8,5.3,2350.0,39.0,793.7066172991857,-0.1078678098165111,0.23715254157077256,0.003387568009353851,128.36387081276158,3.1068981283412995,0.024203836396248814,11,holdout,every_5,svi,793.7885280783806,0.08191077919491363,0.0006381139698910536,True
2026-08-27,2026-09-18,0.06023271731690623,SPX260918P07075000,2026-08-27T19:48:03+00:00,-11.95,put,reference-session last trade,7075.0,7741.608398158938,0.9959553475339589,5.6,5.9,5.75,1995.0,4.0,669.6621988574409,-0.09004202586391061,0.20715184506967296,0.002584699554132609,150.33746127890825,3.1068981283412995,0.02066616066222734,12,train,every_5,svi,670.8949236634862,1.2327248060453257,0.008199718124535552,True
2026-08-27,2026-09-18,0.06023271731690623,SPXW260918P07135000,2026-08-27T16:47:29+00:00,-192.51666666666668,put,reference-session last trade,7135.0,7741.608398158938,0.9959553475339589,6.8,7.1,7.7,65.0,22.0,611.8548780054034,-0.0815972184644121,0.20228996060019444,0.0024647967679995095,187.70224130524178,3.1068981283412995,0.016552269737093096,13,train,every_5,svi,612.16952320932,0.3146452039165979,0.001676299663385059,True
2026-08-27,2026-09-18,0.06023271731690623,SPX260918P07230000,2026-08-27T14:18:39+00:00,-341.35,put,reference-session last trade,7230.0,7741.608398158938,0.9959553475339589,8.4,8.8,10.8,608.0,1.0,520.3391199896772,-0.06837043322253855,0.18923011859250669,0.0021568154174284766,246.7775029685665,3.1068981283412995,0.012589875863753446,14,train,every_5,svi,519.7428730779751,-0.5962469117021101,-0.002416131553847749,True
2026-08-27,2026-09-18,0.06023271731690623,SPX260918P07285000,2026-08-27T20:10:10+00:00,10.166666666666666,put,reference-session last trade,7285.0,7741.608398158938,0.9959553475339589,10.0,10.5,11.7,659.0,37.0,466.4615758753095,-0.06079202974604377,0.17617356637166853,0.0018694504058548373,272.4720580014003,3.1068981283412995,0.011402630240805582,15,train,every_5,svi,466.68799043781144,0.2264145625019296,0.0008309643350686844,True
2026-08-27,2026-09-18,0.06023271731690623,SPXW260918P07465000,2026-08-27T18:51:55+00:00,-68.08333333333333,put,reference-session last trade,7465.0,7741.608398158938,0.9959553475339589,20.8,21.1,26.05,131.0,7.0,301.5396133191969,-0.03638403840205821,0.15499927049790516,0.0014470774122037535,469.1049744936451,3.1068981283412995,0.006623033856536919,16,holdout,every_5,svi,297.6997703308043,-3.839842988392604,-0.008185466360780666,False
2026-08-27,2026-09-18,0.06023271731690623,SPXW260918P07560000,2026-08-27T17:40:01+00:00,-139.98333333333332,put,reference-session last trade,7560.0,7741.608398158938,0.9959553475339589,31.5,31.9,35.5,192.0,50.0,216.3738553034708,-0.023738279201770206,0.1357425458362577,0.0011098503833056469,578.668622640051,3.1068981283412995,0.005369045437726943,17,train,every_5,svi,214.35548075639613,-2.0183745470746715,-0.0034879626579133877,True
2026-08-27,2026-09-18,0.06023271731690623,SPXW260918C07805000,2026-08-27T19:09:31+00:00,-50.483333333333334,call,reference-session last trade,7805.0,7741.608398158938,0.9959553475339589,53.6,54.2,51.18,131.0,44.0,51.18,0.008155084574183433,0.10389965749312098,0.0006502205453747644,720.149749439073,3.1068981283412995,0.004314238990933862,18,train,every_5,svi,52.52825865175167,1.3482586517516708,0.0018721920722764033,True
2026-08-27,2026-09-18,0.06023271731690623,SPX260918C07905000,2026-08-27T19:50:40+00:00,-9.333333333333334,call,reference-session last trade,7905.0,7741.608398158938,0.9959553475339589,20.5,21.2,20.04,293.0,6.0,20.04,0.02088600126822348,0.0982013774479675,0.0005808548438574127,523.9893297293258,3.1068981283412995,0.005929315640733013,19,train,every_5,svi,21.806681484571246,1.7666814845712473,0.003371598206940305,True
2026-08-27,2026-09-18,0.06023271731690623,SPXW260918C07990000,2026-08-27T17:30:18+00:00,-149.7,call,reference-session last trade,7990.0,7741.608398158938,0.9959553475339589,8.0,8.3,10.36,275.0,14.0,10.36,0.03158129038497148,0.10393223117447335,0.0006506283118190055,356.32384928487073,3.1068981283412995,0.008719310073060597,20,train,every_5,svi,9.52655013095376,-0.8334498690462393,-0.002339023533560674,True
2026-08-27,2026-09-18,0.06023271731690623,SPX260918C08080000,2026-08-27T17:08:38+00:00,-171.36666666666667,call,reference-session last trade,8080.0,7741.608398158938,0.9959553475339589,2.5,2.7,3.55,1444.0,1.0,3.55,0.042782403139792036,0.10212639675729217,0.0006282152501623896,179.6738468981727,3.1068981283412995,0.017291877376578266,21,holdout,every_5,svi,4.0985080875815525,0.5485080875815527,0.003052798707495871,True
2026-08-27,2026-09-18,0.06023271731690623,SPXW260918C08280000,2026-08-27T15:30:04+00:00,-269.93333333333334,call,reference-session last trade,8280.0,7741.608398158938,0.9959553475339589,0.6,0.75,0.78,69.0,20.0,0.78,0.06723349900395653,0.11774270265444674,0.0008350268819280386,52.112801297135604,3.1068981283412995,0.05961871269645355,22,train,every_5,svi,1.0732438492953207,0.29324384929532066,0.005627098179261357,True
2026-08-27,2026-09-18,0.06023271731690623,SPX260918C08380000,2026-08-27T15:56:16+00:00,-243.73333333333332,call,reference-session last trade,8380.0,7741.608398158938,0.9959553475339589,0.35,0.5,0.53,156.0,70.0,0.53,0.07923844510077975,0.1297310320851168,0.0010137251063357462,35.489441250686994,3.1068981283412995,0.08754429539747001,23,train,every_5,svi,0.7373130355031345,0.2073130355031345,0.005841541264026562,True
2026-08-27,2026-09-18,0.06023271731690623,SPX260918C08675000,2026-08-27T17:13:13+00:00,-166.78333333333333,call,reference-session last trade,8675.0,7741.608398158938,0.9959553475339589,0.05,0.25,0.25,347.0,1.0,0.25,0.113835856439711,0.1654965318282324,0.0016497200411712775,15.733618536975712,3.1068981283412995,0.1974687590804208,24,train,every_5,svi,0.44987533041079986,0.19987533041079986,0.012703710207608703,True
2026-08-27,2026-11-20,0.2327173169062286,SPX261120P05500000,2026-08-27T17:45:42+00:00,-134.3,put,reference-session last trade,5500.0,7784.875446624804,0.9999999999999999,8.6,9.1,8.56,9700.0,1.0,2293.4354466248033,-0.34743471377051904,0.3536123307173027,0.029099364372354438,157.67941674060665,8.384553375196333,0.05317468537437256,0,train,every_5,svi,2292.948705649175,-0.486740975628436,-0.00308690243590359,True
2026-08-27,2026-11-20,0.2327173169062286,SPX261120P05725000,2026-08-27T20:10:11+00:00,10.183333333333334,put,reference-session last trade,5725.0,7784.875446624804,0.9999999999999999,10.8,11.2,11.0,371.0,15.0,2070.8754466248033,-0.3073402565686409,0.33090219363396456,0.025481676246133962,200.68342514561533,8.384553375196333,0.041779999365231704,1,holdout,every_5,svi,2070.321755628342,-0.5536909964612278,-0.0027590270400232163,True
2026-08-27,2026-11-20,0.2327173169062286,SPX261120P06025000,2026-08-27T19:56:06+00:00,-3.9,put,reference-session last trade,6025.0,7784.875446624804,0.9999999999999999,14.8,15.2,14.7,277.0,1.0,1774.5754466248036,-0.2562653266322255,0.29817606914045575,0.02069065653027947,268.89490765490046,8.384553375196333,0.031181525333893876,2,train,every_5,svi,1774.5726920882178,-0.0027545365858259174,-1.024391502929125e-05,True
2026-08-27,2026-11-20,0.2327173169062286,SPXW261120P06250000,2026-08-27T19:59:30+00:00,-0.5,put,reference-session last trade,6250.0,7784.875446624804,0.9999999999999999,19.1,19.5,19.3,128.0,15.0,1554.1754466248035,-0.21960134226063402,0.27639295177118334,0.01777798883517304,345.05583919709306,8.384553375196333,0.024299120382098926,3,train,every_5,svi,1553.9164904143133,-0.2589562104901688,-0.0007504762449252602,True
2026-08-27,2026-11-20,0.2327173169062286,SPX261120P06525000,2026-08-27T19:55:48+00:00,-4.2,put,reference-session last trade,6525.0,7784.875446624804,0.9999999999999999,25.8,26.3,25.9,480.0,3.0,1285.7754466248036,-0.17654185280018714,0.24696321502264446,0.014193622214421022,456.7176739738905,8.384553375196333,0.0183582853324736,4,train,every_5,svi,1286.2959777767226,0.5205311519189308,0.0011397219367269076,True
2026-08-27,2026-11-20,0.2327173169062286,SPX261120P06770000,2026-08-27T19:51:49+00:00,-8.183333333333334,put,reference-session last trade,6770.0,7784.875446624804,0.9999999999999999,35.0,35.6,35.6,236.0,1.0,1050.4754466248037,-0.13968171908476057,0.2229347339807226,0.011566026358055365,600.2142135319554,8.384553375196333,0.013969268281498203,5,train,every_5,svi,1050.9476365780235,0.4721899532198677,0.0007867023848723441,True
2026-08-27,2026-11-20,0.2327173169062286,SPXW261120P06875000,2026-08-27T19:57:23+00:00,-2.6166666666666667,put,reference-session last trade,6875.0,7784.875446624804,0.9999999999999999,41.0,41.4,41.5,97.0,1.0,951.3754466248037,-0.12429116245630915,0.21327803296053283,0.01058573345434278,677.8257286798826,8.384553375196333,0.012369777393262855,6,holdout,every_5,svi,951.4509683865534,0.07552176174976921,0.00011141766763096116,True
2026-08-27,2026-11-20,0.2327173169062286,SPX261120P06980000,2026-08-27T15:25:02+00:00,-274.96666666666664,put,reference-session last trade,6980.0,7784.875446624804,0.9999999999999999,46.7,47.5,48.29,420.0,2.0,853.1654466248036,-0.10913388923466313,0.2032480618358852,0.009613499916231963,762.6608248398801,8.384553375196333,0.0109938167821281,7,train,every_5,svi,853.1123411014386,-0.0531055233650477,-6.963190141069217e-05,True
2026-08-27,2026-11-20,0.2327173169062286,SPX261120P07040000,2026-08-27T19:35:19+00:00,-24.683333333333334,put,reference-session last trade,7040.0,7784.875446624804,0.9999999999999999,51.3,51.8,52.92,456.0,100.0,797.7954466248036,-0.10057463583899322,0.19769434029650265,0.009095303041062007,816.1021544051524,8.384553375196333,0.010273901778028926,8,train,every_5,svi,797.5665716731263,-0.2288749516773123,-0.0002804489002288404,True
2026-08-27,2026-11-20,0.2327173169062286,SPX261120P07130000,2026-08-27T15:01:44+00:00,-298.26666666666665,put,reference-session last trade,7130.0,7784.875446624804,0.9999999999999999,58.2,59.0,60.97,158.0,42.0,715.8454466248037,-0.08787157158273957,0.18944519540892804,0.008352103970978204,902.1770286986886,8.384553375196333,0.009293689717737901,9,train,every_5,svi,715.3436545326884,-0.5017920921152381,-0.000556201361986604,True
2026-08-27,2026-11-20,0.2327173169062286,SPX261120P07220000,2026-08-27T19:08:22+00:00,-51.63333333333333,put,reference-session last trade,7220.0,7784.875446624804,0.9999999999999999,67.2,67.8,71.1,504.0,3.0,635.9754466248037,-0.0753278531042093,0.181784363707217,0.0076902728693147415,996.73286841459,8.384553375196333,0.008412036605688402,10,train,every_5,svi,634.7420377314992,-1.2334088933044995,-0.0012374518112023014,True
2026-08-27,2026-11-20,0.2327173169062286,SPX261120P07290000,2026-08-27T19:35:19+00:00,-24.683333333333334,put,reference-session last trade,7290.0,7784.875446624804,0.9999999999999999,75.2,75.9,78.64,534.0,100.0,573.5154466248038,-0.06567925998837744,0.17427242631149178,0.0070678293734757515,1067.571819861303,8.384553375196333,0.007853854156890015,11,holdout,every_5,svi,573.446580666673,-0.06886595813080021,-6.450709624364864e-05,True
2026-08-27,2026-11-20,0.2327173169062286,SPX261120P07390000,2026-08-27T19:51:52+00:00,-8.133333333333333,put,reference-session last trade,7390.0,7784.875446624804,0.9999999999999999,89.2,90.0,92.2,408.0,25.0,487.0754466248037,-0.05205507104883375,0.1641969242760681,0.006274205462139005,1175.3017784850435,8.384553375196333,0.007133957872508258,12,train,every_5,svi,488.5442120884017,1.4687654635980039,0.0012496921986208795,True
2026-08-27,2026-11-20,0.2327173169062286,SPX261120P07475000,2026-08-27T19:37:33+00:00,-22.45,put,reference-session last trade,7475.0,7784.875446624804,0.9999999999999999,104.4,105.3,108.34,3178.0,202.0,418.2154466248037,-0.04061868673219403,0.1573464970791937,0.005761596747879207,1271.3387415394502,8.384553375196333,0.006595058501122658,13,train,every_5,svi,419.4520306581107,1.2365840333069968,0.0009726629047814831,True
2026-08-27,2026-11-20,0.2327173169062286,SPXW261120P07550000,2026-08-27T19:58:14+00:00,-1.7666666666666666,put,reference-session last trade,7550.0,7784.875446624804,0.9999999999999999,121.2,122.1,124.84,164.0,3.0,359.71544662480375,-0.03063524274801089,0.15107646143540465,0.005311562661154501,1349.7921342767659,8.384553375196333,0.006211736727662051,14,train,every_5,svi,361.40327764745774,1.6878310226539952,0.0012504377376286568,True
2026-08-27,2026-11-20,0.2327173169062286,SPX261120P07680000,2026-08-27T14:53:37+00:00,-306.3833333333333,put,reference-session last trade,7680.0,7784.875446624804,0.9999999999999999,156.9,157.9,165.05,181.0,35.0,269.9254466248038,-0.013563258849363376,0.1434317878573276,0.004787618371733611,1458.9055458867686,8.384553375196333,0.005747152993444781,15,train,every_5,svi,268.9079869255956,-1.0174596992081888,-0.0006974130039307958,True
2026-08-27,2026-11-20,0.2327173169062286,SPXW261120P07725000,2026-08-27T15:28:04+00:00,-271.93333333333334,put,reference-session last trade,7725.0,7784.875446624804,0.9999999999999999,172.9,173.7,180.22,70.0,5.0,240.09544662480377,-0.0077209832251350806,0.13992568828247073,0.004556418481895878,1481.873427740565,8.384553375196333,0.005658076606434862,16,holdout,every_5,svi,239.7422774315382,-0.3531691932655576,-0.00023832615299947723,True
2026-08-27,2026-11-20,0.2327173169062286,SPX261120C07845000,2026-08-27T17:06:23+00:00,-173.61666666666667,call,reference-session last trade,7845.0,7784.875446624804,0.9999999999999999,172.5,173.6,176.4,74.0,2.0,176.4,0.007693580176051764,0.1363683657616582,0.004327688296626854,1492.9380812472377,8.384553375196333,0.0056161427459815805,17,train,every_5,svi,170.43107149578643,-5.968928504213579,-0.003998108547962677,True
2026-08-27,2026-11-20,0.2327173169062286,SPX261120C07920000,2026-08-27T15:19:51+00:00,-280.15,call,reference-session last trade,7920.0,7784.875446624804,0.9999999999999999,137.1,138.1,134.88,61.0,6.0,134.88,0.017208399817390377,0.1290847602549084,0.0038777396387562222,1453.8499230370749,8.384553375196333,0.0057671381635327965,18,train,every_5,svi,133.97938377882744,-0.9006162211725552,-0.0006194698688645791,True
2026-08-27,2026-11-20,0.2327173169062286,SPX261120C07980000,2026-08-27T19:39:40+00:00,-20.333333333333332,call,reference-session last trade,7980.0,7784.875446624804,0.9999999999999999,110.6,111.6,106.91,509.0,50.0,106.91,0.024755605452773277,0.12437234580841815,0.00359978325574413,1392.4780278836718,8.384553375196333,0.006021318259462534,19,train,every_5,svi,108.8352534764367,1.9252534764367084,0.0013826095908764638,True
2026-08-27,2026-11-20,0.2327173169062286,SPX261120C08060000,2026-08-27T18:53:29+00:00,-66.51666666666667,call,reference-session last trade,8060.0,7784.875446624804,0.9999999999999999,81.8,82.8,77.5,33.0,1.0,77.5,0.03473075050959271,0.12013077285879092,0.0033584372893916098,1273.3397229489456,8.384553375196333,0.0065846947394199145,20,train,every_5,svi,80.84887923524046,3.34887923524046,0.0026299966732245997,True
2026-08-27,2026-11-20,0.2327173169062286,SPX261120C08180000,2026-08-27T19:34:24+00:00,-25.6,call,reference-session last trade,8180.0,7784.875446624804,0.9999999999999999,50.8,51.7,48.69,19.0,1.0,48.69,0.04950934460571146,0.11846990945766293,0.003266215340142594,1054.8446982137298,8.384553375196333,0.00794861403711343,21,holdout,every_5,svi,49.934807450455075,1.2448074504550775,0.0011800859904429817,True
2026-08-27,2026-11-20,0.2327173169062286,SPXW261120C08240000,2026-08-27T16:03:14+00:00,-236.76666666666668,call,reference-session last trade,8240.0,7784.875446624804,0.9999999999999999,39.9,40.4,39.1,37.0,11.0,39.1,0.05681753791243609,0.11905190979722304,0.003298385665273432,944.5088697872729,8.384553375196333,0.008877156841401335,22,train,every_5,svi,38.81347745381253,-0.2865225461874701,-0.000303356120151632,True
2026-08-27,2026-11-20,0.2327173169062286,SPXW261120C08350000,2026-08-27T18:38:21+00:00,-81.65,call,reference-session last trade,8350.0,7784.875446624804,0.9999999999999999,23.8,24.3,22.9,340.0,20.0,22.9,0.0700787328538199,0.11627193689998934,0.003146143412430893,710.66156329422,8.384553375196333,0.01179823675327303,23,train,every_5,svi,24.323337587630814,1.4233375876308152,0.0020028346278262712,True
2026-08-27,2026-11-20,0.2327173169062286,SPX261120C09100000,2026-08-27T13:44:38+00:00,-375.3666666666667,call,reference-session last trade,9100.0,7784.875446624804,0.9999999999999999,0.95,1.2,1.05,915.0,32.0,1.05,0.15609160751386011,0.12938798141564853,0.003895978719943539,71.00167418927643,8.384553375196333,0.11808951649287552,24,train,every_5,svi,2.7718662447356475,1.7218662447356474,0.02425106540650707,True
2026-08-27,2027-02-19,0.48186173853524983,SPX270219P05625000,2026-08-27T20:10:10+00:00,10.166666666666666,put,reference-session last trade,5625.0,7872.481980038706,0.967163927214507,31.0,31.6,31.3,663.0,3.0,2204.983498158071,-0.3361524369242269,0.3026607405691562,0.044140233273673196,492.830920219106,1.5243562709430591,0.003093061349043097,0,train,every_5,svi,2204.7841728475178,-0.19932531055337677,-0.0004044496852282714,True
2026-08-27,2027-02-19,0.48186173853524983,SPX270219P05800000,2026-08-27T19:34:42+00:00,-25.3,put,reference-session last trade,5800.0,7872.481980038706,0.967163927214507,36.0,36.6,36.56,1722.0,150.0,2040.9898108955322,-0.3055154674623372,0.28941024709015545,0.04035991577620295,566.5750106517871,1.5243562709430591,0.002690475651563668,1,holdout,every_5,svi,2041.087434576662,0.09762368112978947,0.00017230495396802504,True
2026-08-27,2027-02-19,0.48186173853524983,SPX270219P05950000,2026-08-27T18:54:37+00:00,-65.38333333333334,put,reference-session last trade,5950.0,7872.481980038706,0.967163927214507,40.9,41.5,42.25,315.0,1.0,1901.6052218133561,-0.27998216545717236,0.2788679358652692,0.03747309874075575,641.0632353701202,1.5243562709430591,0.0023778563281092956,2,train,every_5,svi,1901.5034443126247,-0.10177750073148673,-0.00015876359010468774,True
2026-08-27,2027-02-19,0.48186173853524983,SPX270219P06125000,2026-08-27T13:47:30+00:00,-372.5,put,reference-session last trade,6125.0,7872.481980038706,0.967163927214507,47.6,48.5,50.89,267.0,12.0,1740.9915345508175,-0.2509946285839201,0.26780614662511676,0.034559187575507355,744.3277019121693,1.5243562709430591,0.0020479639102871025,3,train,every_5,svi,1739.6611503062595,-1.3303842445579903,-0.0017873636049555168,True
2026-08-27,2027-02-19,0.48186173853524983,SPX270219P06200000,2026-08-27T20:09:55+00:00,9.916666666666666,put,reference-session last trade,6200.0,7872.481980038706,0.967163927214507,51.2,51.9,52.2,1121.0,5.0,1669.7642400097293,-0.23882409296366489,0.2593762844124177,0.03241775774714329,773.2264146436344,1.5243562709430591,0.001971422913229893,4,train,every_5,svi,1670.6829021675248,0.918662157795552,0.0011880894656437033,True
2026-08-27,2027-02-19,0.48186173853524983,SPX270219P06300000,2026-08-27T17:31:38+00:00,-148.36666666666667,put,reference-session last trade,6300.0,7872.481980038706,0.967163927214507,56.1,56.9,57.04,1910.0,20.0,1577.8878472882786,-0.2228237516172237,0.2518218928126313,0.030556908318011226,833.8860953919543,1.5243562709430591,0.001828014976345853,5,train,every_5,svi,1579.12001786905,1.2321705807712533,0.0014776245671683636,True
2026-08-27,2027-02-19,0.48186173853524983,SPX270219P06500000,2026-08-27T18:56:52+00:00,-63.13333333333333,put,reference-session last trade,6500.0,7872.481980038706,0.967163927214507,67.9,68.7,70.62,2832.0,5.0,1398.0350618453772,-0.1915712081131193,0.2391743079705626,0.02756458734675637,981.244822538543,1.5243562709430591,0.0015534922946135422,6,holdout,every_5,svi,1397.6295902110187,-0.40547163435849143,-0.0004132216803035051,True
2026-08-27,2027-02-19,0.48186173853524983,SPX270219P06575000,2026-08-27T16:27:51+00:00,-212.15,put,reference-session last trade,6575.0,7872.481980038706,0.967163927214507,72.9,73.8,74.53,333.0,1.0,1329.4077673042893,-0.1800988069508825,0.2325202355643867,0.026052172897077473,1030.6406788117208,1.5243562709430591,0.0014790375562320796,7,train,every_5,svi,1330.2319539104362,0.8241866061468954,0.0007996837531166953,True
2026-08-27,2027-02-19,0.48186173853524983,SPX270219P06675000,2026-08-27T16:43:04+00:00,-196.93333333333334,put,reference-session last trade,6675.0,7872.481980038706,0.967163927214507,80.3,81.5,81.51,3536.0,2.0,1239.6713745828386,-0.16500418072839748,0.22484842048371095,0.024361393418610447,1106.9954131808793,1.5243562709430591,0.0013770213072183566,8,train,every_5,svi,1241.0339702698896,1.362595687050998,0.0012308955130497497,True
2026-08-27,2027-02-19,0.48186173853524983,SPX270219P06775000,2026-08-27T19:27:40+00:00,-32.333333333333336,put,reference-session last trade,6775.0,7872.481980038706,0.967163927214507,89.1,89.8,91.52,1912.0,18.0,1152.9649818613877,-0.1501340182489462,0.21907435787166168,0.023126267139578476,1198.0692179669727,1.5243562709430591,0.0012723440750191124,9,train,every_5,svi,1152.7058659062072,-0.2591159551805049,-0.0002162779506347754,True
2026-08-27,2027-02-19,0.48186173853524983,SPX270219P06825000,2026-08-27T15:00:55+00:00,-299.0833333333333,put,reference-session last trade,6825.0,7872.481980038706,0.967163927214507,93.7,94.6,96.43,442.0,1.0,1109.5167855006625,-0.14278104394368735,0.21574982508272791,0.022429693952328744,1242.782207872197,1.5243562709430591,0.0012265675041751307,10,train,every_5,svi,1108.911565024947,-0.6052204757154414,-0.00048698836520330997,True
2026-08-27,2027-02-19,0.48186173853524983,SPX270219P07025000,2026-08-27T20:09:47+00:00,9.783333333333333,put,reference-session last trade,7025.0,7872.481980038706,0.967163927214507,115.1,115.9,117.8,447.0,16.0,937.454000057761,-0.11389816979490133,0.2015380342762291,0.01957205735728149,1426.4543387536942,1.5243562709430591,0.0010686330641854983,11,holdout,every_5,svi,936.7068302328797,-0.7471698248813254,-0.0005237951223409888,True
2026-08-27,2027-02-19,0.48186173853524983,SPX270219P07200000,2026-08-27T19:38:59+00:00,-21.016666666666666,put,reference-session last trade,7200.0,7872.481980038706,0.967163927214507,139.1,139.9,141.7,1621.0,142.0,792.1003127952224,-0.08929235899270115,0.18952249671657462,0.0173078842164446,1598.165970615671,1.5243562709430591,0.0009538159984446561,12,train,every_5,svi,790.9771483734849,-1.123164421737556,-0.0007027833418983841,True
2026-08-27,2027-02-19,0.48186173853524983,SPX270219P07250000,2026-08-27T19:36:46+00:00,-23.233333333333334,put,reference-session last trade,7250.0,7872.481980038706,0.967163927214507,146.5,147.6,149.7,1309.0,204.0,751.7421164344971,-0.08237191614812735,0.18620922846239213,0.01670801453952757,1648.1836316786523,1.5243562709430591,0.0009248704098526469,13,train,every_5,svi,750.4134844856778,-1.328631948819293,-0.0008061188834074877,True
2026-08-27,2027-02-19,0.48186173853524983,SPX270219P07375000,2026-08-27T17:43:05+00:00,-136.91666666666666,put,reference-session last trade,7375.0,7872.481980038706,0.967163927214507,168.7,170.0,172.16,488.0,5.0,653.3066255326837,-0.06527748278882724,0.17802498636502928,0.01527159385507822,1771.698297715044,1.5243562709430591,0.0008603926937837095,14,train,every_5,svi,651.5509629411699,-1.755662591513783,-0.000990948963363603,False
2026-08-27,2027-02-19,0.48186173853524983,SPX270219P07450000,2026-08-27T19:21:04+00:00,-38.93333333333333,put,reference-session last trade,7450.0,7872.481980038706,0.967163927214507,184.8,185.8,189.9,404.0,16.0,598.5093309915957,-0.05515935262324263,0.17446609825081522,0.01466710970907572,1845.712123134383,1.5243562709430591,0.0008258905881565115,15,train,every_5,svi,594.2471229662287,-4.262208025366931,-0.002309248539869187,False
2026-08-27,2027-02-19,0.48186173853524983,SPX270219P07625000,2026-08-27T16:50:12+00:00,-189.8,put,reference-session last trade,7625.0,7872.481980038706,0.967163927214507,228.8,229.8,230.35,2399.0,6.0,469.705643729057,-0.031941062521235436,0.16227154135684385,0.012688408902508845,1990.2070503622772,1.5243562709430591,0.0007659284850114368,16,holdout,every_5,svi,467.76775303025175,-1.9378906988052336,-0.0009737131111320702,False
2026-08-27,2027-02-19,0.48186173853524983,SPX270219C07875000,2026-08-27T19:25:12+00:00,-34.8,call,reference-session last trade,7875.0,7872.481980038706,0.967163927214507,313.2,314.7,303.64,565.0,3.0,303.64,0.0003197996969859973,0.14461880109558828,0.010077944374913779,2106.217385348798,1.5243562709430591,0.0007237411871854907,17,train,every_5,svi,309.6940039240332,6.054003924033225,0.0028743490421007318,False
2026-08-27,2027-02-19,0.48186173853524983,SPX270219C08025000,2026-08-27T19:04:20+00:00,-55.666666666666664,call,reference-session last trade,8025.0,7872.481980038706,0.967163927214507,233.7,235.1,226.5,154.0,5.0,226.5,0.019188284001368752,0.13833673796474288,0.00922141366310134,2084.3897798802304,1.5243562709430591,0.0007313201617360881,18,train,every_5,svi,230.90400575447848,4.404005754478476,0.002112851347184945,False
2026-08-27,2027-02-19,0.48186173853524983,SPX270219C08150000,2026-08-27T18:21:49+00:00,-98.18333333333334,call,reference-session last trade,8150.0,7872.481980038706,0.967163927214507,180.9,182.3,176.14,604.0,1.0,176.14,0.03464454223806064,0.13561389961510328,0.008861981764028732,2002.6961357113987,1.5243562709430591,0.0007611520508584677,19,train,every_5,svi,175.74317974067682,-0.3968202593231638,-0.00019814301942626213,True
2026-08-27,2027-02-19,0.48186173853524983,SPX270219C08200000,2026-08-27T19:47:15+00:00,-12.75,call,reference-session last trade,8200.0,7872.481980038706,0.967163927214507,160.1,161.2,156.66,2209.0,4.0,156.66,0.04076076925549664,0.13374409115997282,0.008619293136088852,1952.1325091445008,1.5243562709430591,0.0007808672125495673,20,train,every_5,svi,156.43859218041788,-0.22140781958211164,-0.0001134184378083745,True
2026-08-27,2027-02-19,0.48186173853524983,SPX270219C08550000,2026-08-27T16:00:15+00:00,-239.75,call,reference-session last trade,8550.0,7872.481980038706,0.967163927214507,67.1,68.3,65.31,147.0,2.0,65.31,0.0825578979339581,0.12676579199997373,0.0077433090205694345,1413.6855523661955,1.5243562709430591,0.0010782852441206783,21,holdout,every_5,svi,62.76220945913074,-2.547790540869265,-0.0018022328491684942,False
2026-08-27,2027-02-19,0.48186173853524983,SPX270219C08750000,2026-08-27T16:07:08+00:00,-232.86666666666667,call,reference-session last trade,8750.0,7872.481980038706,0.967163927214507,37.8,38.6,36.6,22.0,5.0,36.6,0.10568031535481238,0.12401419969290531,0.0074108030764764845,1045.3957975705653,1.5243562709430591,0.0014581618507416695,22,train,every_5,svi,35.44517497468396,-1.1548250253160433,-0.0011046773174330571,True
2026-08-27,2027-02-19,0.48186173853524983,SPX270219C08850000,2026-08-27T15:01:51+00:00,-298.15,call,reference-session last trade,8850.0,7872.481980038706,0.967163927214507,27.4,28.2,27.2,104.0,28.0,27.2,0.11704407400512731,0.12331365235369457,0.00732731336563499,877.0362589931667,1.5243562709430591,0.0017380766819070999,23,train,every_5,svi,26.564392697486436,-0.6356073025135629,-0.0007247218071043459,True
2026-08-27,2027-02-19,0.48186173853524983,SPX270219C10000000,2026-08-27T14:28:13+00:00,-331.78333333333336,call,reference-session last trade,10000.0,7872.481980038706,0.967163927214507,1.3,1.7,1.45,2296.0,1.0,1.45,0.239211707979335,0.1358969720842035,0.008899016333501006,95.31234155423574,1.5243562709430591,0.015993272708295096,24,train,every_5,svi,1.7612712974239462,0.3112712974239462,0.0032658026478850377,True
2026-08-27,2027-08-20,0.9801505817932923,SPX270820P05750000,2026-08-27T14:30:38+00:00,-329.3666666666667,put,reference-session last trade,5750.0,8011.137643500851,0.9479231815147929,88.0,89.2,91.0,32.0,15.0,2234.384788870188,-0.33163292408872896,0.27240776241346354,0.07273304331354792,1182.2561136694133,3.361574159397918,0.0028433552768566133,0,train,every_5,svi,2233.4145964799814,-0.9701923902066483,-0.0008206279324667015,True
2026-08-27,2027-08-20,0.9801505817932923,SPX270820P05900000,2026-08-27T20:09:15+00:00,9.25,put,reference-session last trade,5900.0,8011.137643500851,0.9479231815147929,98.4,99.5,100.4,1493.0,6.0,2101.596311642969,-0.3058804279863143,0.2635725051249552,0.06809151713595715,1283.8955559852348,3.361574159397918,0.00261826138717204,1,holdout,every_5,svi,2102.2867539536273,0.6904423106584545,0.0005377714000486772,True
2026-08-27,2027-08-20,0.9801505817932923,SPX270820P06375000,2026-08-27T20:06:10+00:00,6.166666666666667,put,reference-session last trade,6375.0,8011.137643500851,0.9479231815147929,141.4,142.4,143.7,6.0,2.0,1694.6328004234424,-0.22844868785349828,0.24005768474565528,0.056483815846541004,1673.8442623747983,3.361574159397918,0.0020082956550740395,2,train,every_5,svi,1696.0410151280314,1.4082147045889997,0.0008413056914811587,True
2026-08-27,2027-08-20,0.9801505817932923,SPX270820P06450000,2026-08-27T17:39:01+00:00,-140.98333333333332,put,reference-session last trade,6450.0,8011.137643500851,0.9479231815147929,149.3,150.4,151.7,282.0,11.0,1631.538561809833,-0.2167526480903069,0.2362319831709112,0.05469784217517996,1739.6927168414031,3.361574159397918,0.0019322804118541191,3,train,every_5,svi,1633.4003208173776,1.861759007544606,0.0010701654318153537,True
2026-08-27,2027-08-20,0.9801505817932923,SPX270820P06800000,2026-08-27T16:27:03+00:00,-212.95,put,reference-session last trade,6800.0,8011.137643500851,0.9479231815147929,194.9,196.4,199.21,538.0,40.0,1347.2754482796554,-0.163910166715927,0.22043065949588658,0.047625198853369896,2071.7991926232,3.361574159397918,0.001622538598995048,4,train,every_5,svi,1348.0207385339534,0.74529025429797,0.00035973093191252957,True
2026-08-27,2027-08-20,0.9801505817932923,SPX270820P06850000,2026-08-27T17:57:20+00:00,-122.66666666666667,put,reference-session last trade,6850.0,8011.137643500851,0.9479231815147929,203.3,204.7,206.5,122.0,2.0,1307.1692892039157,-0.1565841266238542,0.21792983283589482,0.04655069544223797,2118.9557083814575,3.361574159397918,0.0015864296483882722,5,train,every_5,svi,1308.3212334772174,1.1519442733017513,0.0005436377309564682,True
2026-08-27,2027-08-20,0.9801505817932923,SPX270820P07000000,2026-08-27T19:09:08+00:00,-50.86666666666667,put,reference-session last trade,7000.0,8011.137643500851,0.9479231815147929,228.0,229.3,233.0,656.0,23.0,1191.4808119766967,-0.13492262984267478,0.21176132339071133,0.04395275344048838,2266.745653218873,3.361574159397918,0.001482995745298703,6,holdout,every_5,svi,1191.099062407541,-0.3817495691557724,-0.00016841305887745815,True
2026-08-27,2027-08-20,0.9801505817932923,SPX270820P07250000,2026-08-27T18:33:15+00:00,-86.75,put,reference-session last trade,7250.0,8011.137643500851,0.9479231815147929,275.7,277.1,283.49,575.0,8.0,1004.9900165979985,-0.09983131003140472,0.20123982108038305,0.03969361445768739,2504.2025012360145,3.361574159397918,0.0013423731338574757,7,train,every_5,svi,1002.875075133523,-2.114941464475578,-0.0008445568852485745,True
2026-08-27,2027-08-20,0.9801505817932923,SPX270820P07350000,2026-08-27T13:39:51+00:00,-380.15,put,reference-session last trade,7350.0,8011.137643500851,0.9479231815147929,297.4,298.7,311.5,147.0,4.0,938.2076984465192,-0.08613246567324277,0.19900412113593088,0.03881655086108737,2598.4295665091213,3.361574159397918,0.0012936945464002124,8,train,every_5,svi,930.4761883748902,-7.731510071629032,-0.002975454932963984,False
2026-08-27,2027-08-20,0.9801505817932923,SPX270820P07425000,2026-08-27T18:09:28+00:00,-110.53333333333333,put,reference-session last trade,7425.0,8011.137643500851,0.9479231815147929,315.7,317.1,322.42,193.0,4.0,878.0334598329098,-0.0759800942092248,0.1930319142721049,0.03652170440537732,2655.9377483286694,3.361574159397918,0.0012656825866921362,9,train,every_5,svi,877.3995849351134,-0.6338748977964315,-0.00023866331136538,True
2026-08-27,2027-08-20,0.9801505817932923,SPX270820P07650000,2026-08-27T17:26:27+00:00,-153.55,put,reference-session last trade,7650.0,8011.137643500851,0.9479231815147929,373.7,375.2,378.4,170.0,79.0,720.7307439920813,-0.046127131059543636,0.181786829308415,0.03239049847770688,2824.7809634150985,3.361574159397918,0.0011900300246054647,10,train,every_5,svi,725.2015955344067,4.470851542325363,0.0015827250325703842,False
2026-08-27,2027-08-20,0.9801505817932923,SPX270820P07750000,2026-08-27T20:03:19+00:00,3.316666666666667,put,reference-session last trade,7750.0,8011.137643500851,0.9479231815147929,405.3,406.6,410.4,298.0,1.0,657.938425840602,-0.033139935532732444,0.17815481934596877,0.03110913619963786,2887.1724698572957,3.361574159397918,0.0011643135955657234,11,holdout,every_5,svi,661.324450369876,3.386024529273982,0.0011727822167275454,False
2026-08-27,2027-08-20,0.9801505817932923,SPX270820P07850000,2026-08-27T13:39:51+00:00,-380.15,put,reference-session last trade,7850.0,8011.137643500851,0.9479231815147929,437.0,438.4,455.65,103.0,2.0,608.3961076891228,-0.020319247103670973,0.17823813879826778,0.031138241247838098,2937.933195311377,3.361574159397918,0.0011441969357106642,12,train,every_5,svi,600.023819139734,-8.372288549388827,-0.0028497205323627143,False
2026-08-27,2027-08-20,0.9801505817932923,SPX270820C08050000,2026-08-27T19:16:04+00:00,-43.93333333333333,call,reference-session last trade,8050.0,8011.137643500851,0.9479231815147929,490.5,492.8,479.6,195.0,2.0,479.6,0.004839312532483916,0.16575588341836048,0.02692964986675646,2995.1866025562954,3.361574159397918,0.001122325452620856,13,train,every_5,svi,485.88687067578377,6.286870675783746,0.0020989913184100463,False
2026-08-27,2027-08-20,0.9801505817932923,SPX270820C08200000,2026-08-27T20:14:39+00:00,14.65,call,reference-session last trade,8200.0,8011.137643500851,0.9479231815147929,411.2,414.0,403.2,263.0,2.0,403.2,0.023301375372219282,0.1608168613967989,0.02534871600713804,2992.653055208593,3.361574159397918,0.0011232756010748498,14,train,every_5,svi,408.37647960140447,5.1764796014044805,0.0017297292756322104,False
2026-08-27,2027-08-20,0.9801505817932923,SPX270820C08300000,2026-08-27T16:39:35+00:00,-200.41666666666666,call,reference-session last trade,8300.0,8011.137643500851,0.9479231815147929,364.3,366.1,359.75,3298.0,500.0,359.75,0.03542273590456412,0.1588209032245777,0.024723396002144564,2967.241325321256,3.361574159397918,0.0011328954374932644,15,train,every_5,svi,360.8443491098939,1.0943491098939262,0.0003688102819798264,True
2026-08-27,2027-08-20,0.9801505817932923,SPX270820C08375000,2026-08-27T15:55:29+00:00,-244.51666666666668,call,reference-session last trade,8375.0,8011.137643500851,0.9479231815147929,329.0,331.0,323.22,176.0,63.0,323.22,0.044418298813141986,0.15533133458836976,0.02364890024583562,2932.7097834179417,3.361574159397918,0.0011462348502415244,16,holdout,every_5,svi,327.45642194887824,4.236421948878217,0.0014445418270950961,False
2026-08-27,2027-08-20,0.9801505817932923,SPX270820C08550000,2026-08-27T16:44:26+00:00,-195.56666666666666,call,reference-session last trade,8550.0,8011.137643500851,0.9479231815147929,259.2,261.1,258.13,136.0,28.0,258.13,0.0650985040506807,0.15181091994476295,0.022589094697829243,2813.1680819825456,3.361574159397918,0.0011949425208282933,17,train,every_5,svi,257.29141262576087,-0.8385873742391254,-0.00029809359050033773,True
2026-08-27,2027-08-20,0.9801505817932923,SPX270820C08675000,2026-08-27T20:14:48+00:00,14.8,call,reference-session last trade,8675.0,8011.137643500851,0.9479231815147929,215.7,217.2,210.3,36.0,4.0,210.3,0.07961254693493483,0.14676195277119924,0.02111153275749549,2679.00102125166,3.361574159397918,0.0012547864419354914,18,train,every_5,svi,213.87634433181694,3.5763443318169266,0.0013349544488587084,False
2026-08-27,2027-08-20,0.9801505817932923,SPX270820C08850000,2026-08-27T19:59:52+00:00,-0.13333333333333333,call,reference-session last trade,8850.0,8011.137643500851,0.9479231815147929,166.0,167.4,163.9,917.0,369.0,163.9,0.0995846801218501,0.14446507881353735,0.02045589848263753,2467.5384639871822,3.361574159397918,0.0013623188487064573,19,train,every_5,svi,162.3248714377694,-1.575128562230617,-0.0006383400239627629,True
2026-08-27,2027-08-20,0.9801505817932923,SPX270820C08950000,2026-08-27T19:59:23+00:00,-0.6166666666666667,call,reference-session last trade,8950.0,8011.137643500851,0.9479231815147929,141.6,142.9,140.4,1782.0,43.0,140.4,0.11082075338877598,0.1429197492653986,0.02002060942743386,2327.0020803689777,3.361574159397918,0.0014445943936865304,20,train,every_5,svi,137.50123383791464,-2.8987661620853657,-0.0012457084531809818,True
2026-08-27,2027-08-20,0.9801505817932923,SPX270820C09100000,2026-08-27T19:50:37+00:00,-9.383333333333333,call,reference-session last trade,9100.0,8011.137643500851,0.9479231815147929,111.1,112.5,107.55,132.0,1.0,107.55,0.12744163462481628,0.13952604669191365,0.019081098805091627,2083.680212345836,3.361574159397918,0.001613286981121451,21,holdout,every_5,svi,106.12476704744525,-1.425232952554751,-0.0006839979302535123,True
2026-08-27,2027-08-20,0.9801505817932923,SPX270820C09300000,2026-08-27T13:36:04+00:00,-383.93333333333334,call,reference-session last trade,9300.0,8011.137643500851,0.9479231815147929,78.9,80.1,72.6,154.0,100.0,72.6,0.14918162126122222,0.13502142306451817,0.017868914216891445,1729.8094018684856,3.361574159397918,0.0019433205506727224,22,train,every_5,svi,74.01632840772811,1.4163284077281162,0.0008187771474696824,True
2026-08-27,2027-08-20,0.9801505817932923,SPX270820C09600000,2026-08-27T18:43:33+00:00,-76.45,call,reference-session last trade,9600.0,8011.137643500851,0.9479231815147929,46.0,46.9,44.16,437.0,20.0,44.16,0.1809303195758024,0.13435327847044043,0.017692505489392323,1298.8902120316588,3.361574159397918,0.002588035638624078,23,train,every_5,svi,42.397143012715794,-1.7628569872842021,-0.0013572024571090037,True
2026-08-27,2027-08-20,0.9801505817932923,SPX270820C10200000,2026-08-27T14:52:27+00:00,-307.55,call,reference-session last trade,10200.0,8011.137643500851,0.9479231815147929,14.5,15.1,13.99,817.0,2.0,13.99,0.24155494139223724,0.13179370213097683,0.017024803865454168,608.594357173919,3.361574159397918,0.005523505303282455,24,train,every_5,svi,14.555030661507276,0.5650306615072758,0.0009284191594070368,True
2026-08-27,2026-09-18,0.06023271731690623,SPX260918P05475000,2026-08-27T19:59:48+00:00,-0.2,put,reference-session last trade,5475.0,7741.608398158938,0.9959553475339589,0.4,0.6,0.5,1236.0,1.0,2257.940754911775,-0.34641719369064733,0.49473259129427516,0.014742580182210712,10.821587764389916,3.1068981283412995,0.2871018741413364,0,train,every_5,pchip,2257.9407549117755,4.547473508864641e-13,4.202223932266941e-14,True
2026-08-27,2026-09-18,0.06023271731690623,SPX260918P05825000,2026-08-27T14:17:49+00:00,-342.18333333333334,put,reference-session last trade,5825.0,7741.608398158938,0.9959553475339589,0.75,0.9,0.95,1444.0,1.0,1909.8063832748894,-0.28445046994144757,0.44016043232058366,0.011669559304515123,20.41192024445222,3.1068981283412995,0.1522099876510015,1,holdout,every_5,pchip,1909.7882495692788,-0.018133705610580364,-0.0008883880298086579,True
2026-08-27,2026-09-18,0.06023271731690623,SPX260918P05960000,2026-08-27T14:20:50+00:00,-339.1666666666667,put,reference-session last trade,5960.0,7741.608398158938,0.9959553475339589,0.9,1.05,1.15,205.0,1.0,1775.552411357805,-0.2615389883159535,0.41638874372387547,0.010443123586033783,25.01610755957548,3.1068981283412995,0.12419590541583132,2,train,every_5,pchip,1775.5524113578047,-4.547473508864641e-13,-1.817818178961256e-14,True
2026-08-27,2026-09-18,0.06023271731690623,SPX260918P06080000,2026-08-27T14:28:37+00:00,-331.3833333333333,put,reference-session last trade,6080.0,7741.608398158938,0.9959553475339589,1.1,1.3,1.35,498.0,1.0,1656.2377696537299,-0.24160477341513617,0.39471778853743006,0.009384385809536882,29.800413540962495,3.1068981283412995,0.10425687965942747,3,train,every_5,pchip,1656.2377696537178,-1.2050804798491299e-11,-4.043838110476799e-13,True
2026-08-27,2026-09-18,0.06023271731690623,SPX260918P06140000,2026-08-27T14:38:49+00:00,-321.18333333333334,put,reference-session last trade,6140.0,7741.608398158938,0.9959553475339589,1.15,1.35,1.45,228.0,1.0,1596.5804488016925,-0.23178472723416077,0.38344024544785404,0.008855800904149027,32.340786649943965,3.1068981283412995,0.09606748784345612,4,train,every_5,pchip,1596.5804488016925,0.0,0.0,True
2026-08-27,2026-09-18,0.06023271731690623,SPX260918P06210000,2026-08-27T14:17:48+00:00,-342.2,put,reference-session last trade,6210.0,7741.608398158938,0.9959553475339589,1.3,1.45,1.65,494.0,1.0,1527.0635744743154,-0.22044857344782448,0.37228125547075974,0.008347853059130656,36.76524736777681,3.1068981283412995,0.08450638444675242,5,train,every_5,pchip,1527.0635744743145,-9.094947017729282e-13,-2.4737891538574606e-14,True
2026-08-27,2026-09-18,0.06023271731690623,SPX260918P06310000,2026-08-27T16:54:32+00:00,-185.46666666666667,put,reference-session last trade,6310.0,7741.608398158938,0.9959553475339589,1.55,1.75,1.8,976.0,151.0,1427.6180397209193,-0.2044737928400901,0.3518707211839501,0.007457593695779025,41.27606654016315,3.1068981283412995,0.07527117743446246,6,holdout,every_5,pchip,1427.7015396645577,0.08349994363834412,0.002022962715138943,True
2026-08-27,2026-09-18,0.06023271731690623,SPX260918P06400000,2026-08-27T19:55:05+00:00,-4.916666666666667,put,reference-session last trade,6400.0,7741.608398158938,0.9959553475339589,1.7,1.9,2.1,17606.0,26.0,1338.282058442863,-0.19031147902758577,0.33668442847935637,0.00682776426110981,48.34204217233265,3.1068981283412995,0.06426907074520435,7,train,every_5,pchip,1338.2820584428637,6.821210263296962e-13,1.4110306385030854e-14,True
2026-08-27,2026-09-18,0.06023271731690623,SPX260918P06625000,2026-08-27T17:58:26+00:00,-121.56666666666666,put,reference-session last trade,6625.0,7741.608398158938,0.9959553475339589,2.45,2.6,2.93,2184.0,23.0,1115.0221052477225,-0.15575909752092598,0.2955235991128272,0.0052603760381031575,69.55115034350275,3.1068981283412995,0.04467069362615562,8,train,every_5,pchip,1115.022105247723,4.547473508864641e-13,6.5383153066561056e-15,True
2026-08-27,2026-09-18,0.06023271731690623,SPXW260918P06790000,2026-08-27T18:57:20+00:00,-62.666666666666664,put,reference-session last trade,6790.0,7741.608398158938,0.9959553475339589,3.4,3.6,4.13,116.0,1.0,951.8894729046191,-0.13115852782260717,0.2683594247148257,0.004337766402004075,97.28063007766478,3.1068981283412995,0.03193747949474507,9,train,every_5,pchip,951.8894729046192,1.1368683772161603e-13,1.168648246119019e-15,True
2026-08-27,2026-09-18,0.06023271731690623,SPXW260918P06870000,2026-08-27T14:52:45+00:00,-307.25,put,reference-session last trade,6870.0,7741.608398158938,0.9959553475339589,3.8,4.0,4.5,83.0,2.0,872.5830451019025,-0.11944536315895393,0.2513219814900629,0.0038044633658097563,108.99971210524686,3.1068981283412995,0.028503727838669626,10,train,every_5,pchip,872.5830451019191,1.659827830735594e-11,1.5227818483895757e-13,True
2026-08-27,2026-09-18,0.06023271731690623,SPXW260918P06950000,2026-08-27T19:16:58+00:00,-43.03333333333333,put,reference-session last trade,6950.0,7741.608398158938,0.9959553475339589,4.6,4.8,5.3,2350.0,39.0,793.7066172991857,-0.1078678098165111,0.23715254157077256,0.003387568009353851,128.36387081276158,3.1068981283412995,0.024203836396248814,11,holdout,every_5,pchip,793.0723622705204,-0.6342550286652795,-0.004941071227046728,True
2026-08-27,2026-09-18,0.06023271731690623,SPX260918P07075000,2026-08-27T19:48:03+00:00,-11.95,put,reference-session last trade,7075.0,7741.608398158938,0.9959553475339589,5.6,5.9,5.75,1995.0,4.0,669.6621988574409,-0.09004202586391061,0.20715184506967296,0.002584699554132609,150.33746127890825,3.1068981283412995,0.02066616066222734,12,train,every_5,pchip,669.6621988574414,4.547473508864641e-13,3.0248438879968192e-15,True
2026-08-27,2026-09-18,0.06023271731690623,SPXW260918P07135000,2026-08-27T16:47:29+00:00,-192.51666666666668,put,reference-session last trade,7135.0,7741.608398158938,0.9959553475339589,6.8,7.1,7.7,65.0,22.0,611.8548780054034,-0.0815972184644121,0.20228996060019444,0.0024647967679995095,187.70224130524178,3.1068981283412995,0.016552269737093096,13,train,every_5,pchip,611.8548780054059,2.5011104298755527e-12,1.3324883136628303e-14,True
2026-08-27,2026-09-18,0.06023271731690623,SPX260918P07230000,2026-08-27T14:18:39+00:00,-341.35,put,reference-session last trade,7230.0,7741.608398158938,0.9959553475339589,8.4,8.8,10.8,608.0,1.0,520.3391199896772,-0.06837043322253855,0.18923011859250669,0.0021568154174284766,246.7775029685665,3.1068981283412995,0.012589875863753446,14,train,every_5,pchip,520.3391199896763,-9.094947017729282e-13,-3.68548466060448e-15,True
2026-08-27,2026-09-18,0.06023271731690623,SPX260918P07285000,2026-08-27T20:10:10+00:00,10.166666666666666,put,reference-session last trade,7285.0,7741.608398158938,0.9959553475339589,10.0,10.5,11.7,659.0,37.0,466.4615758753095,-0.06079202974604377,0.17617356637166853,0.0018694504058548373,272.4720580014003,3.1068981283412995,0.011402630240805582,15,train,every_5,pchip,466.4615758753086,-9.094947017729282e-13,-3.3379375061212853e-15,True
2026-08-27,2026-09-18,0.06023271731690623,SPXW260918P07465000,2026-08-27T18:51:55+00:00,-68.08333333333333,put,reference-session last trade,7465.0,7741.608398158938,0.9959553475339589,20.8,21.1,26.05,131.0,7.0,301.5396133191969,-0.03638403840205821,0.15499927049790516,0.0014470774122037535,469.1049744936451,3.1068981283412995,0.006623033856536919,16,holdout,every_5,pchip,298.49472785950405,-3.044885459692864,-0.006490840270836038,True
2026-08-27,2026-09-18,0.06023271731690623,SPXW260918P07560000,2026-08-27T17:40:01+00:00,-139.98333333333332,put,reference-session last trade,7560.0,7741.608398158938,0.9959553475339589,31.5,31.9,35.5,192.0,50.0,216.3738553034708,-0.023738279201770206,0.1357425458362577,0.0011098503833056469,578.668622640051,3.1068981283412995,0.005369045437726943,17,train,every_5,pchip,216.37385530347242,1.6200374375330284e-12,2.7995944036881703e-15,True
2026-08-27,2026-09-18,0.06023271731690623,SPXW260918C07805000,2026-08-27T19:09:31+00:00,-50.483333333333334,call,reference-session last trade,7805.0,7741.608398158938,0.9959553475339589,53.6,54.2,51.18,131.0,44.0,51.18,0.008155084574183433,0.10389965749312098,0.0006502205453747644,720.149749439073,3.1068981283412995,0.004314238990933862,18,train,every_5,pchip,51.18000000000009,9.237055564881302e-14,1.282657610042366e-16,True
2026-08-27,2026-09-18,0.06023271731690623,SPX260918C07905000,2026-08-27T19:50:40+00:00,-9.333333333333334,call,reference-session last trade,7905.0,7741.608398158938,0.9959553475339589,20.5,21.2,20.04,293.0,6.0,20.04,0.02088600126822348,0.0982013774479675,0.0005808548438574127,523.9893297293258,3.1068981283412995,0.005929315640733013,19,train,every_5,pchip,20.039999999999242,-7.567280135845067e-13,-1.4441668382358192e-15,True
2026-08-27,2026-09-18,0.06023271731690623,SPXW260918C07990000,2026-08-27T17:30:18+00:00,-149.7,call,reference-session last trade,7990.0,7741.608398158938,0.9959553475339589,8.0,8.3,10.36,275.0,14.0,10.36,0.03158129038497148,0.10393223117447335,0.0006506283118190055,356.32384928487073,3.1068981283412995,0.008719310073060597,20,train,every_5,pchip,10.360000000008851,8.851586130731448e-12,2.484140802951098e-14,True
2026-08-27,2026-09-18,0.06023271731690623,SPX260918C08080000,2026-08-27T17:08:38+00:00,-171.36666666666667,call,reference-session last trade,8080.0,7741.608398158938,0.9959553475339589,2.5,2.7,3.55,1444.0,1.0,3.55,0.042782403139792036,0.10212639675729217,0.0006282152501623896,179.6738468981727,3.1068981283412995,0.017291877376578266,21,holdout,every_5,pchip,4.725274322838523,1.175274322838523,0.006541154114124305,True
2026-08-27,2026-09-18,0.06023271731690623,SPXW260918C08280000,2026-08-27T15:30:04+00:00,-269.93333333333334,call,reference-session last trade,8280.0,7741.608398158938,0.9959553475339589,0.6,0.75,0.78,69.0,20.0,0.78,0.06723349900395653,0.11774270265444674,0.0008350268819280386,52.112801297135604,3.1068981283412995,0.05961871269645355,22,train,every_5,pchip,0.7799999999999334,-6.661338147750939e-14,-1.27825370771559e-15,True
2026-08-27,2026-09-18,0.06023271731690623,SPX260918C08380000,2026-08-27T15:56:16+00:00,-243.73333333333332,call,reference-session last trade,8380.0,7741.608398158938,0.9959553475339589,0.35,0.5,0.53,156.0,70.0,0.53,0.07923844510077975,0.1297310320851168,0.0010137251063357462,35.489441250686994,3.1068981283412995,0.08754429539747001,23,train,every_5,pchip,0.5299999999999764,-2.3647750424515834e-14,-6.663320016078886e-16,True
2026-08-27,2026-09-18,0.06023271731690623,SPX260918C08675000,2026-08-27T17:13:13+00:00,-166.78333333333333,call,reference-session last trade,8675.0,7741.608398158938,0.9959553475339589,0.05,0.25,0.25,347.0,1.0,0.25,0.113835856439711,0.1654965318282324,0.0016497200411712775,15.733618536975712,3.1068981283412995,0.1974687590804208,24,train,every_5,pchip,0.25000000000002076,2.0761170560490427e-14,1.3195420056549243e-15,True
2026-08-27,2026-11-20,0.2327173169062286,SPX261120P05500000,2026-08-27T17:45:42+00:00,-134.3,put,reference-session last trade,5500.0,7784.875446624804,0.9999999999999999,8.6,9.1,8.56,9700.0,1.0,2293.4354466248033,-0.34743471377051904,0.3536123307173027,0.029099364372354438,157.67941674060665,8.384553375196333,0.05317468537437256,0,train,every_5,pchip,2293.435446624803,-4.547473508864641e-13,-2.8839994482891473e-15,True
2026-08-27,2026-11-20,0.2327173169062286,SPX261120P05725000,2026-08-27T20:10:11+00:00,10.183333333333334,put,reference-session last trade,5725.0,7784.875446624804,0.9999999999999999,10.8,11.2,11.0,371.0,15.0,2070.8754466248033,-0.3073402565686409,0.33090219363396456,0.025481676246133962,200.68342514561533,8.384553375196333,0.041779999365231704,1,holdout,every_5,pchip,2070.5033059813945,-0.37214064340878394,-0.0018543666131807335,True
2026-08-27,2026-11-20,0.2327173169062286,SPX261120P06025000,2026-08-27T19:56:06+00:00,-3.9,put,reference-session last trade,6025.0,7784.875446624804,0.9999999999999999,14.8,15.2,14.7,277.0,1.0,1774.5754466248036,-0.2562653266322255,0.29817606914045575,0.02069065653027947,268.89490765490046,8.384553375196333,0.031181525333893876,2,train,every_5,pchip,1774.5754466248034,-2.2737367544323206e-13,-8.455856506402988e-16,True
2026-08-27,2026-11-20,0.2327173169062286,SPXW261120P06250000,2026-08-27T19:59:30+00:00,-0.5,put,reference-session last trade,6250.0,7784.875446624804,0.9999999999999999,19.1,19.5,19.3,128.0,15.0,1554.1754466248035,-0.21960134226063402,0.27639295177118334,0.01777798883517304,345.05583919709306,8.384553375196333,0.024299120382098926,3,train,every_5,pchip,1554.175446624731,-7.253220246639103e-11,-2.102042458842762e-13,True
2026-08-27,2026-11-20,0.2327173169062286,SPX261120P06525000,2026-08-27T19:55:48+00:00,-4.2,put,reference-session last trade,6525.0,7784.875446624804,0.9999999999999999,25.8,26.3,25.9,480.0,3.0,1285.7754466248036,-0.17654185280018714,0.24696321502264446,0.014193622214421022,456.7176739738905,8.384553375196333,0.0183582853324736,4,train,every_5,pchip,1285.7754466248032,-4.547473508864641e-13,-9.95685905758184e-16,True
2026-08-27,2026-11-20,0.2327173169062286,SPX261120P06770000,2026-08-27T19:51:49+00:00,-8.183333333333334,put,reference-session last trade,6770.0,7784.875446624804,0.9999999999999999,35.0,35.6,35.6,236.0,1.0,1050.4754466248037,-0.13968171908476057,0.2229347339807226,0.011566026358055365,600.2142135319554,8.384553375196333,0.013969268281498203,5,train,every_5,pchip,1050.4754466247957,-7.958078640513122e-12,-1.3258730734955238e-14,True
2026-08-27,2026-11-20,0.2327173169062286,SPXW261120P06875000,2026-08-27T19:57:23+00:00,-2.6166666666666667,put,reference-session last trade,6875.0,7784.875446624804,0.9999999999999999,41.0,41.4,41.5,97.0,1.0,951.3754466248037,-0.12429116245630915,0.21327803296053283,0.01058573345434278,677.8257286798826,8.384553375196333,0.012369777393262855,6,holdout,every_5,pchip,951.1957606745899,-0.17968595021375222,-0.00026509166384655294,True
2026-08-27,2026-11-20,0.2327173169062286,SPX261120P06980000,2026-08-27T15:25:02+00:00,-274.96666666666664,put,reference-session last trade,6980.0,7784.875446624804,0.9999999999999999,46.7,47.5,48.29,420.0,2.0,853.1654466248036,-0.10913388923466313,0.2032480618358852,0.009613499916231963,762.6608248398801,8.384553375196333,0.0109938167821281,7,train,every_5,pchip,853.1654466248027,-9.094947017729282e-13,-1.1925284112552599e-15,True
2026-08-27,2026-11-20,0.2327173169062286,SPX261120P07040000,2026-08-27T19:35:19+00:00,-24.683333333333334,put,reference-session last trade,7040.0,7784.875446624804,0.9999999999999999,51.3,51.8,52.92,456.0,100.0,797.7954466248036,-0.10057463583899322,0.19769434029650265,0.009095303041062007,816.1021544051524,8.384553375196333,0.010273901778028926,8,train,every_5,pchip,797.7954466248046,1.0231815394945443e-12,1.2537419904746235e-15,True
2026-08-27,2026-11-20,0.2327173169062286,SPX261120P07130000,2026-08-27T15:01:44+00:00,-298.26666666666665,put,reference-session last trade,7130.0,7784.875446624804,0.9999999999999999,58.2,59.0,60.97,158.0,42.0,715.8454466248037,-0.08787157158273957,0.18944519540892804,0.008352103970978204,902.1770286986886,8.384553375196333,0.009293689717737901,9,train,every_5,pchip,715.8454466248048,1.1368683772161603e-12,1.2601389096062371e-15,True
2026-08-27,2026-11-20,0.2327173169062286,SPX261120P07220000,2026-08-27T19:08:22+00:00,-51.63333333333333,put,reference-session last trade,7220.0,7784.875446624804,0.9999999999999999,67.2,67.8,71.1,504.0,3.0,635.9754466248037,-0.0753278531042093,0.181784363707217,0.0076902728693147415,996.73286841459,8.384553375196333,0.008412036605688402,10,train,every_5,pchip,635.975446624824,2.034994395216927e-11,2.0416647827153555e-14,True
2026-08-27,2026-11-20,0.2327173169062286,SPX261120P07290000,2026-08-27T19:35:19+00:00,-24.683333333333334,put,reference-session last trade,7290.0,7784.875446624804,0.9999999999999999,75.2,75.9,78.64,534.0,100.0,573.5154466248038,-0.06567925998837744,0.17427242631149178,0.0070678293734757515,1067.571819861303,8.384553375196333,0.007853854156890015,11,holdout,every_5,pchip,573.8187221673696,0.30327554256587064,0.00028407975643762463,True
2026-08-27,2026-11-20,0.2327173169062286,SPX261120P07390000,2026-08-27T19:51:52+00:00,-8.133333333333333,put,reference-session last trade,7390.0,7784.875446624804,0.9999999999999999,89.2,90.0,92.2,408.0,25.0,487.0754466248037,-0.05205507104883375,0.1641969242760681,0.006274205462139005,1175.3017784850435,8.384553375196333,0.007133957872508258,12,train,every_5,pchip,487.07544662480353,-1.7053025658242404e-13,-1.4509486814717191e-16,True
2026-08-27,2026-11-20,0.2327173169062286,SPX261120P07475000,2026-08-27T19:37:33+00:00,-22.45,put,reference-session last trade,7475.0,7784.875446624804,0.9999999999999999,104.4,105.3,108.34,3178.0,202.0,418.2154466248037,-0.04061868673219403,0.1573464970791937,0.005761596747879207,1271.3387415394502,8.384553375196333,0.006595058501122658,13,train,every_5,pchip,418.21544662480477,1.0800249583553523e-12,8.495178531628493e-16,True
2026-08-27,2026-11-20,0.2327173169062286,SPXW261120P07550000,2026-08-27T19:58:14+00:00,-1.7666666666666666,put,reference-session last trade,7550.0,7784.875446624804,0.9999999999999999,121.2,122.1,124.84,164.0,3.0,359.71544662480375,-0.03063524274801089,0.15107646143540465,0.005311562661154501,1349.7921342767659,8.384553375196333,0.006211736727662051,14,train,every_5,pchip,359.7154466247311,-7.264588930411264e-11,-5.382005677714009e-14,True
2026-08-27,2026-11-20,0.2327173169062286,SPX261120P07680000,2026-08-27T14:53:37+00:00,-306.3833333333333,put,reference-session last trade,7680.0,7784.875446624804,0.9999999999999999,156.9,157.9,165.05,181.0,35.0,269.9254466248038,-0.013563258849363376,0.1434317878573276,0.004787618371733611,1458.9055458867686,8.384553375196333,0.005747152993444781,15,train,every_5,pchip,269.9254466248039,1.1368683772161603e-13,7.792611251780087e-17,True
2026-08-27,2026-11-20,0.2327173169062286,SPXW261120P07725000,2026-08-27T15:28:04+00:00,-271.93333333333334,put,reference-session last trade,7725.0,7784.875446624804,0.9999999999999999,172.9,173.7,180.22,70.0,5.0,240.09544662480377,-0.0077209832251350806,0.13992568828247073,0.004556418481895878,1481.873427740565,8.384553375196333,0.005658076606434862,16,holdout,every_5,pchip,242.44952032601756,2.3540737012137924,0.001588579467818034,True
2026-08-27,2026-11-20,0.2327173169062286,SPX261120C07845000,2026-08-27T17:06:23+00:00,-173.61666666666667,call,reference-session last trade,7845.0,7784.875446624804,0.9999999999999999,172.5,173.6,176.4,74.0,2.0,176.4,0.007693580176051764,0.1363683657616582,0.004327688296626854,1492.9380812472377,8.384553375196333,0.0056161427459815805,17,train,every_5,pchip,176.40000000000052,5.115907697472721e-13,3.4267380286788347e-16,True
2026-08-27,2026-11-20,0.2327173169062286,SPX261120C07920000,2026-08-27T15:19:51+00:00,-280.15,call,reference-session last trade,7920.0,7784.875446624804,0.9999999999999999,137.1,138.1,134.88,61.0,6.0,134.88,0.017208399817390377,0.1290847602549084,0.0038777396387562222,1453.8499230370749,8.384553375196333,0.0057671381635327965,18,train,every_5,pchip,134.88000000008648,8.64872617967194e-11,5.948843854257566e-14,True
2026-08-27,2026-11-20,0.2327173169062286,SPX261120C07980000,2026-08-27T19:39:40+00:00,-20.333333333333332,call,reference-session last trade,7980.0,7784.875446624804,0.9999999999999999,110.6,111.6,106.91,509.0,50.0,106.91,0.024755605452773277,0.12437234580841815,0.00359978325574413,1392.4780278836718,8.384553375196333,0.006021318259462534,19,train,every_5,pchip,106.90999999996528,-3.4717118069238495e-11,-2.493189649965434e-14,True
2026-08-27,2026-11-20,0.2327173169062286,SPX261120C08060000,2026-08-27T18:53:29+00:00,-66.51666666666667,call,reference-session last trade,8060.0,7784.875446624804,0.9999999999999999,81.8,82.8,77.5,33.0,1.0,77.5,0.03473075050959271,0.12013077285879092,0.0033584372893916098,1273.3397229489456,8.384553375196333,0.0065846947394199145,20,train,every_5,pchip,77.50000000001636,1.6356693777197506e-11,1.2845506570168726e-14,True
2026-08-27,2026-11-20,0.2327173169062286,SPX261120C08180000,2026-08-27T19:34:24+00:00,-25.6,call,reference-session last trade,8180.0,7784.875446624804,0.9999999999999999,50.8,51.7,48.69,19.0,1.0,48.69,0.04950934460571146,0.11846990945766293,0.003266215340142594,1054.8446982137298,8.384553375196333,0.00794861403711343,21,holdout,every_5,pchip,49.72062496038006,1.0306249603800595,0.0009770395226191269,True
2026-08-27,2026-11-20,0.2327173169062286,SPXW261120C08240000,2026-08-27T16:03:14+00:00,-236.76666666666668,call,reference-session last trade,8240.0,7784.875446624804,0.9999999999999999,39.9,40.4,39.1,37.0,11.0,39.1,0.05681753791243609,0.11905190979722304,0.003298385665273432,944.5088697872729,8.384553375196333,0.008877156841401335,22,train,every_5,pchip,39.09999999999945,-5.542233338928781e-13,-5.867846789175237e-16,True
2026-08-27,2026-11-20,0.2327173169062286,SPXW261120C08350000,2026-08-27T18:38:21+00:00,-81.65,call,reference-session last trade,8350.0,7784.875446624804,0.9999999999999999,23.8,24.3,22.9,340.0,20.0,22.9,0.0700787328538199,0.11627193689998934,0.003146143412430893,710.66156329422,8.384553375196333,0.01179823675327303,23,train,every_5,pchip,22.899999999986445,-1.3553602684623911e-11,-1.9071810527921577e-14,True
2026-08-27,2026-11-20,0.2327173169062286,SPX261120C09100000,2026-08-27T13:44:38+00:00,-375.3666666666667,call,reference-session last trade,9100.0,7784.875446624804,0.9999999999999999,0.95,1.2,1.05,915.0,32.0,1.05,0.15609160751386011,0.12938798141564853,0.003895978719943539,71.00167418927643,8.384553375196333,0.11808951649287552,24,train,every_5,pchip,1.0499999999999543,-4.574118861455645e-14,-6.44226902208242e-16,True
2026-08-27,2027-02-19,0.48186173853524983,SPX270219P05625000,2026-08-27T20:10:10+00:00,10.166666666666666,put,reference-session last trade,5625.0,7872.481980038706,0.967163927214507,31.0,31.6,31.3,663.0,3.0,2204.983498158071,-0.3361524369242269,0.3026607405691562,0.044140233273673196,492.830920219106,1.5243562709430591,0.003093061349043097,0,train,every_5,pchip,2204.983498158071,0.0,0.0,True
2026-08-27,2027-02-19,0.48186173853524983,SPX270219P05800000,2026-08-27T19:34:42+00:00,-25.3,put,reference-session last trade,5800.0,7872.481980038706,0.967163927214507,36.0,36.6,36.56,1722.0,150.0,2040.9898108955322,-0.3055154674623372,0.28941024709015545,0.04035991577620295,566.5750106517871,1.5243562709430591,0.002690475651563668,1,holdout,every_5,pchip,2040.940714227384,-0.04909666814819502,-8.665519520833486e-05,True
2026-08-27,2027-02-19,0.48186173853524983,SPX270219P05950000,2026-08-27T18:54:37+00:00,-65.38333333333334,put,reference-session last trade,5950.0,7872.481980038706,0.967163927214507,40.9,41.5,42.25,315.0,1.0,1901.6052218133561,-0.27998216545717236,0.2788679358652692,0.03747309874075575,641.0632353701202,1.5243562709430591,0.0023778563281092956,2,train,every_5,pchip,1901.605221813065,-2.9103830456733704e-10,-4.53993129709435e-13,True
2026-08-27,2027-02-19,0.48186173853524983,SPX270219P06125000,2026-08-27T13:47:30+00:00,-372.5,put,reference-session last trade,6125.0,7872.481980038706,0.967163927214507,47.6,48.5,50.89,267.0,12.0,1740.9915345508175,-0.2509946285839201,0.26780614662511676,0.034559187575507355,744.3277019121693,1.5243562709430591,0.0020479639102871025,3,train,every_5,pchip,1740.991534550815,-2.5011104298755527e-12,-3.3602275227030092e-15,True
2026-08-27,2027-02-19,0.48186173853524983,SPX270219P06200000,2026-08-27T20:09:55+00:00,9.916666666666666,put,reference-session last trade,6200.0,7872.481980038706,0.967163927214507,51.2,51.9,52.2,1121.0,5.0,1669.7642400097293,-0.23882409296366489,0.2593762844124177,0.03241775774714329,773.2264146436344,1.5243562709430591,0.001971422913229893,4,train,every_5,pchip,1669.7642400097293,0.0,0.0,True
2026-08-27,2027-02-19,0.48186173853524983,SPX270219P06300000,2026-08-27T17:31:38+00:00,-148.36666666666667,put,reference-session last trade,6300.0,7872.481980038706,0.967163927214507,56.1,56.9,57.04,1910.0,20.0,1577.8878472882786,-0.2228237516172237,0.2518218928126313,0.030556908318011226,833.8860953919543,1.5243562709430591,0.001828014976345853,5,train,every_5,pchip,1577.8878472882636,-1.5006662579253316e-11,-1.7996058049390646e-14,True
2026-08-27,2027-02-19,0.48186173853524983,SPX270219P06500000,2026-08-27T18:56:52+00:00,-63.13333333333333,put,reference-session last trade,6500.0,7872.481980038706,0.967163927214507,67.9,68.7,70.62,2832.0,5.0,1398.0350618453772,-0.1915712081131193,0.2391743079705626,0.02756458734675637,981.244822538543,1.5243562709430591,0.0015534922946135422,6,holdout,every_5,pchip,1396.7579716950777,-1.2770901502995002,-0.0013015000140286972,True
2026-08-27,2027-02-19,0.48186173853524983,SPX270219P06575000,2026-08-27T16:27:51+00:00,-212.15,put,reference-session last trade,6575.0,7872.481980038706,0.967163927214507,72.9,73.8,74.53,333.0,1.0,1329.4077673042893,-0.1800988069508825,0.2325202355643867,0.026052172897077473,1030.6406788117208,1.5243562709430591,0.0014790375562320796,7,train,every_5,pchip,1329.4077673042877,-1.5916157281026244e-12,-1.5442974072570868e-15,True
2026-08-27,2027-02-19,0.48186173853524983,SPX270219P06675000,2026-08-27T16:43:04+00:00,-196.93333333333334,put,reference-session last trade,6675.0,7872.481980038706,0.967163927214507,80.3,81.5,81.51,3536.0,2.0,1239.6713745828386,-0.16500418072839748,0.22484842048371095,0.024361393418610447,1106.9954131808793,1.5243562709430591,0.0013770213072183566,8,train,every_5,pchip,1239.6713745828338,-4.774847184307873e-12,-4.313339628560574e-15,True
2026-08-27,2027-02-19,0.48186173853524983,SPX270219P06775000,2026-08-27T19:27:40+00:00,-32.333333333333336,put,reference-session last trade,6775.0,7872.481980038706,0.967163927214507,89.1,89.8,91.52,1912.0,18.0,1152.9649818613877,-0.1501340182489462,0.21907435787166168,0.023126267139578476,1198.0692179669727,1.5243562709430591,0.0012723440750191124,9,train,every_5,pchip,1152.9649818613757,-1.2050804798491299e-11,-1.0058521342314885e-14,True
2026-08-27,2027-02-19,0.48186173853524983,SPX270219P06825000,2026-08-27T15:00:55+00:00,-299.0833333333333,put,reference-session last trade,6825.0,7872.481980038706,0.967163927214507,93.7,94.6,96.43,442.0,1.0,1109.5167855006625,-0.14278104394368735,0.21574982508272791,0.022429693952328744,1242.782207872197,1.5243562709430591,0.0012265675041751307,10,train,every_5,pchip,1109.516785500661,-1.5916157281026244e-12,-1.2806875718213534e-15,True
2026-08-27,2027-02-19,0.48186173853524983,SPX270219P07025000,2026-08-27T20:09:47+00:00,9.783333333333333,put,reference-session last trade,7025.0,7872.481980038706,0.967163927214507,115.1,115.9,117.8,447.0,16.0,937.454000057761,-0.11389816979490133,0.2015380342762291,0.01957205735728149,1426.4543387536942,1.5243562709430591,0.0010686330641854983,11,holdout,every_5,pchip,937.6645080298815,0.21050797212046746,0.0001475742800883414,True
2026-08-27,2027-02-19,0.48186173853524983,SPX270219P07200000,2026-08-27T19:38:59+00:00,-21.016666666666666,put,reference-session last trade,7200.0,7872.481980038706,0.967163927214507,139.1,139.9,141.7,1621.0,142.0,792.1003127952224,-0.08929235899270115,0.18952249671657462,0.0173078842164446,1598.165970615671,1.5243562709430591,0.0009538159984446561,12,train,every_5,pchip,792.1003127953265,1.0413714335300028e-10,6.5160405907581e-14,True
2026-08-27,2027-02-19,0.48186173853524983,SPX270219P07250000,2026-08-27T19:36:46+00:00,-23.233333333333334,put,reference-session last trade,7250.0,7872.481980038706,0.967163927214507,146.5,147.6,149.7,1309.0,204.0,751.7421164344971,-0.08237191614812735,0.18620922846239213,0.01670801453952757,1648.1836316786523,1.5243562709430591,0.0009248704098526469,13,train,every_5,pchip,751.7421164344953,-1.8189894035458565e-12,-1.1036327315623446e-15,True
2026-08-27,2027-02-19,0.48186173853524983,SPX270219P07375000,2026-08-27T17:43:05+00:00,-136.91666666666666,put,reference-session last trade,7375.0,7872.481980038706,0.967163927214507,168.7,170.0,172.16,488.0,5.0,653.3066255326837,-0.06527748278882724,0.17802498636502928,0.01527159385507822,1771.698297715044,1.5243562709430591,0.0008603926937837095,14,train,every_5,pchip,653.3066255326842,4.547473508864641e-13,2.566731319169584e-16,True
2026-08-27,2027-02-19,0.48186173853524983,SPX270219P07450000,2026-08-27T19:21:04+00:00,-38.93333333333333,put,reference-session last trade,7450.0,7872.481980038706,0.967163927214507,184.8,185.8,189.9,404.0,16.0,598.5093309915957,-0.05515935262324263,0.17446609825081522,0.01466710970907572,1845.712123134383,1.5243562709430591,0.0008258905881565115,15,train,every_5,pchip,598.5093309915916,-4.092726157978177e-12,-2.2174238911255137e-15,True
2026-08-27,2027-02-19,0.48186173853524983,SPX270219P07625000,2026-08-27T16:50:12+00:00,-189.8,put,reference-session last trade,7625.0,7872.481980038706,0.967163927214507,228.8,229.8,230.35,2399.0,6.0,469.705643729057,-0.031941062521235436,0.16227154135684385,0.012688408902508845,1990.2070503622772,1.5243562709430591,0.0007659284850114368,16,holdout,every_5,pchip,469.58440506780823,-0.12123866124875349,-6.091761217843361e-05,True
2026-08-27,2027-02-19,0.48186173853524983,SPX270219C07875000,2026-08-27T19:25:12+00:00,-34.8,call,reference-session last trade,7875.0,7872.481980038706,0.967163927214507,313.2,314.7,303.64,565.0,3.0,303.64,0.0003197996969859973,0.14461880109558828,0.010077944374913779,2106.217385348798,1.5243562709430591,0.0007237411871854907,17,train,every_5,pchip,303.6400000001825,1.8252421796205454e-10,8.665972431512704e-14,True
2026-08-27,2027-02-19,0.48186173853524983,SPX270219C08025000,2026-08-27T19:04:20+00:00,-55.666666666666664,call,reference-session last trade,8025.0,7872.481980038706,0.967163927214507,233.7,235.1,226.5,154.0,5.0,226.5,0.019188284001368752,0.13833673796474288,0.00922141366310134,2084.3897798802304,1.5243562709430591,0.0007313201617360881,18,train,every_5,pchip,226.4999999999912,-8.810729923425242e-12,-4.2270068719735854e-15,True
2026-08-27,2027-02-19,0.48186173853524983,SPX270219C08150000,2026-08-27T18:21:49+00:00,-98.18333333333334,call,reference-session last trade,8150.0,7872.481980038706,0.967163927214507,180.9,182.3,176.14,604.0,1.0,176.14,0.03464454223806064,0.13561389961510328,0.008861981764028732,2002.6961357113987,1.5243562709430591,0.0007611520508584677,19,train,every_5,pchip,176.14000000007564,7.565859050373547e-11,3.777836744906885e-14,True
2026-08-27,2027-02-19,0.48186173853524983,SPX270219C08200000,2026-08-27T19:47:15+00:00,-12.75,call,reference-session last trade,8200.0,7872.481980038706,0.967163927214507,160.1,161.2,156.66,2209.0,4.0,156.66,0.04076076925549664,0.13374409115997282,0.008619293136088852,1952.1325091445008,1.5243562709430591,0.0007808672125495673,20,train,every_5,pchip,156.6600000000002,1.9895196601282805e-13,1.0191519534707018e-16,True
2026-08-27,2027-02-19,0.48186173853524983,SPX270219C08550000,2026-08-27T16:00:15+00:00,-239.75,call,reference-session last trade,8550.0,7872.481980038706,0.967163927214507,67.1,68.3,65.31,147.0,2.0,65.31,0.0825578979339581,0.12676579199997373,0.0077433090205694345,1413.6855523661955,1.5243562709430591,0.0010782852441206783,21,holdout,every_5,pchip,64.82608001643,-0.4839199835700043,-0.00034231090694817516,True
2026-08-27,2027-02-19,0.48186173853524983,SPX270219C08750000,2026-08-27T16:07:08+00:00,-232.86666666666667,call,reference-session last trade,8750.0,7872.481980038706,0.967163927214507,37.8,38.6,36.6,22.0,5.0,36.6,0.10568031535481238,0.12401419969290531,0.0074108030764764845,1045.3957975705653,1.5243562709430591,0.0014581618507416695,22,train,every_5,pchip,36.59999999999189,-8.114398042380344e-12,-7.762034304363667e-15,True
2026-08-27,2027-02-19,0.48186173853524983,SPX270219C08850000,2026-08-27T15:01:51+00:00,-298.15,call,reference-session last trade,8850.0,7872.481980038706,0.967163927214507,27.4,28.2,27.2,104.0,28.0,27.2,0.11704407400512731,0.12331365235369457,0.00732731336563499,877.0362589931667,1.5243562709430591,0.0017380766819070999,23,train,every_5,pchip,27.199999999999505,-4.938272013532696e-13,-5.630636091604477e-16,True
2026-08-27,2027-02-19,0.48186173853524983,SPX270219C10000000,2026-08-27T14:28:13+00:00,-331.78333333333336,call,reference-session last trade,10000.0,7872.481980038706,0.967163927214507,1.3,1.7,1.45,2296.0,1.0,1.45,0.239211707979335,0.1358969720842035,0.008899016333501006,95.31234155423574,1.5243562709430591,0.015993272708295096,24,train,every_5,pchip,1.4499999999999913,-8.659739592076221e-15,-9.085643528281754e-17,True
2026-08-27,2027-08-20,0.9801505817932923,SPX270820P05750000,2026-08-27T14:30:38+00:00,-329.3666666666667,put,reference-session last trade,5750.0,8011.137643500851,0.9479231815147929,88.0,89.2,91.0,32.0,15.0,2234.384788870188,-0.33163292408872896,0.27240776241346354,0.07273304331354792,1182.2561136694133,3.361574159397918,0.0028433552768566133,0,train,every_5,pchip,2234.384788870141,-4.6838977141305804e-11,-3.961829979117629e-14,True
2026-08-27,2027-08-20,0.9801505817932923,SPX270820P05900000,2026-08-27T20:09:15+00:00,9.25,put,reference-session last trade,5900.0,8011.137643500851,0.9479231815147929,98.4,99.5,100.4,1493.0,6.0,2101.596311642969,-0.3058804279863143,0.2635725051249552,0.06809151713595715,1283.8955559852348,3.361574159397918,0.00261826138717204,1,holdout,every_5,pchip,2102.8564265124824,1.2601148695134725,0.0009814777094905407,True
2026-08-27,2027-08-20,0.9801505817932923,SPX270820P06375000,2026-08-27T20:06:10+00:00,6.166666666666667,put,reference-session last trade,6375.0,8011.137643500851,0.9479231815147929,141.4,142.4,143.7,6.0,2.0,1694.6328004234424,-0.22844868785349828,0.24005768474565528,0.056483815846541004,1673.8442623747983,3.361574159397918,0.0020082956550740395,2,train,every_5,pchip,1694.6328004234413,-1.1368683772161603e-12,-6.791960296253647e-16,True
2026-08-27,2027-08-20,0.9801505817932923,SPX270820P06450000,2026-08-27T17:39:01+00:00,-140.98333333333332,put,reference-session last trade,6450.0,8011.137643500851,0.9479231815147929,149.3,150.4,151.7,282.0,11.0,1631.538561809833,-0.2167526480903069,0.2362319831709112,0.05469784217517996,1739.6927168414031,3.361574159397918,0.0019322804118541191,3,train,every_5,pchip,1631.5385618098342,1.1368683772161603e-12,6.534880362551988e-16,True
2026-08-27,2027-08-20,0.9801505817932923,SPX270820P06800000,2026-08-27T16:27:03+00:00,-212.95,put,reference-session last trade,6800.0,8011.137643500851,0.9479231815147929,194.9,196.4,199.21,538.0,40.0,1347.2754482796554,-0.163910166715927,0.22043065949588658,0.047625198853369896,2071.7991926232,3.361574159397918,0.001622538598995048,4,train,every_5,pchip,1347.275448279655,-4.547473508864641e-13,-2.1949393189534342e-16,True
2026-08-27,2027-08-20,0.9801505817932923,SPX270820P06850000,2026-08-27T17:57:20+00:00,-122.66666666666667,put,reference-session last trade,6850.0,8011.137643500851,0.9479231815147929,203.3,204.7,206.5,122.0,2.0,1307.1692892039157,-0.1565841266238542,0.21792983283589482,0.04655069544223797,2118.9557083814575,3.361574159397918,0.0015864296483882722,5,train,every_5,pchip,1307.169289203915,-6.821210263296962e-13,-3.219137727285141e-16,True
2026-08-27,2027-08-20,0.9801505817932923,SPX270820P07000000,2026-08-27T19:09:08+00:00,-50.86666666666667,put,reference-session last trade,7000.0,8011.137643500851,0.9479231815147929,228.0,229.3,233.0,656.0,23.0,1191.4808119766967,-0.13492262984267478,0.21176132339071133,0.04395275344048838,2266.745653218873,3.361574159397918,0.001482995745298703,6,holdout,every_5,pchip,1189.389554705637,-2.0912572710597033,-0.0009225813527380238,True
2026-08-27,2027-08-20,0.9801505817932923,SPX270820P07250000,2026-08-27T18:33:15+00:00,-86.75,put,reference-session last trade,7250.0,8011.137643500851,0.9479231815147929,275.7,277.1,283.49,575.0,8.0,1004.9900165979985,-0.09983131003140472,0.20123982108038305,0.03969361445768739,2504.2025012360145,3.361574159397918,0.0013423731338574757,7,train,every_5,pchip,1004.9900165978117,-1.8678747437661514e-10,-7.458960458845533e-14,True
2026-08-27,2027-08-20,0.9801505817932923,SPX270820P07350000,2026-08-27T13:39:51+00:00,-380.15,put,reference-session last trade,7350.0,8011.137643500851,0.9479231815147929,297.4,298.7,311.5,147.0,4.0,938.2076984465192,-0.08613246567324277,0.19900412113593088,0.03881655086108737,2598.4295665091213,3.361574159397918,0.0012936945464002124,8,train,every_5,pchip,938.2076984465201,9.094947017729282e-13,3.5001706934654204e-16,True
2026-08-27,2027-08-20,0.9801505817932923,SPX270820P07425000,2026-08-27T18:09:28+00:00,-110.53333333333333,put,reference-session last trade,7425.0,8011.137643500851,0.9479231815147929,315.7,317.1,322.42,193.0,4.0,878.0334598329098,-0.0759800942092248,0.1930319142721049,0.03652170440537732,2655.9377483286694,3.361574159397918,0.0012656825866921362,9,train,every_5,pchip,878.0334598329101,3.410605131648481e-13,1.2841434758004811e-16,True
2026-08-27,2027-08-20,0.9801505817932923,SPX270820P07650000,2026-08-27T17:26:27+00:00,-153.55,put,reference-session last trade,7650.0,8011.137643500851,0.9479231815147929,373.7,375.2,378.4,170.0,79.0,720.7307439920813,-0.046127131059543636,0.181786829308415,0.03239049847770688,2824.7809634150985,3.361574159397918,0.0011900300246054647,10,train,every_5,pchip,720.7307439920808,-5.684341886080801e-13,-2.0123124446465246e-16,True
2026-08-27,2027-08-20,0.9801505817932923,SPX270820P07750000,2026-08-27T20:03:19+00:00,3.316666666666667,put,reference-session last trade,7750.0,8011.137643500851,0.9479231815147929,405.3,406.6,410.4,298.0,1.0,657.938425840602,-0.033139935532732444,0.17815481934596877,0.03110913619963786,2887.1724698572957,3.361574159397918,0.0011643135955657234,11,holdout,every_5,pchip,663.4328574567933,5.494431616191264,0.0019030493237083398,False
2026-08-27,2027-08-20,0.9801505817932923,SPX270820P07850000,2026-08-27T13:39:51+00:00,-380.15,put,reference-session last trade,7850.0,8011.137643500851,0.9479231815147929,437.0,438.4,455.65,103.0,2.0,608.3961076891228,-0.020319247103670973,0.17823813879826778,0.031138241247838098,2937.933195311377,3.361574159397918,0.0011441969357106642,12,train,every_5,pchip,608.3961076891228,0.0,0.0,True
2026-08-27,2027-08-20,0.9801505817932923,SPX270820C08050000,2026-08-27T19:16:04+00:00,-43.93333333333333,call,reference-session last trade,8050.0,8011.137643500851,0.9479231815147929,490.5,492.8,479.6,195.0,2.0,479.6,0.004839312532483916,0.16575588341836048,0.02692964986675646,2995.1866025562954,3.361574159397918,0.001122325452620856,13,train,every_5,pchip,479.6000000000005,4.547473508864641e-13,1.5182605000247795e-16,True
2026-08-27,2027-08-20,0.9801505817932923,SPX270820C08200000,2026-08-27T20:14:39+00:00,14.65,call,reference-session last trade,8200.0,8011.137643500851,0.9479231815147929,411.2,414.0,403.2,263.0,2.0,403.2,0.023301375372219282,0.1608168613967989,0.02534871600713804,2992.653055208593,3.361574159397918,0.0011232756010748498,14,train,every_5,pchip,403.1999999999672,-3.2798652682686225e-11,-1.0959724390905081e-14,True
2026-08-27,2027-08-20,0.9801505817932923,SPX270820C08300000,2026-08-27T16:39:35+00:00,-200.41666666666666,call,reference-session last trade,8300.0,8011.137643500851,0.9479231815147929,364.3,366.1,359.75,3298.0,500.0,359.75,0.03542273590456412,0.1588209032245777,0.024723396002144564,2967.241325321256,3.361574159397918,0.0011328954374932644,15,train,every_5,pchip,359.75000000000034,3.410605131648481e-13,1.1494195307081141e-16,True
2026-08-27,2027-08-20,0.9801505817932923,SPX270820C08375000,2026-08-27T15:55:29+00:00,-244.51666666666668,call,reference-session last trade,8375.0,8011.137643500851,0.9479231815147929,329.0,331.0,323.22,176.0,63.0,323.22,0.044418298813141986,0.15533133458836976,0.02364890024583562,2932.7097834179417,3.361574159397918,0.0011462348502415244,16,holdout,every_5,pchip,328.11158629853884,4.891586298538812,0.0016679407987100201,False
2026-08-27,2027-08-20,0.9801505817932923,SPX270820C08550000,2026-08-27T16:44:26+00:00,-195.56666666666666,call,reference-session last trade,8550.0,8011.137643500851,0.9479231815147929,259.2,261.1,258.13,136.0,28.0,258.13,0.0650985040506807,0.15181091994476295,0.022589094697829243,2813.1680819825456,3.361574159397918,0.0011949425208282933,17,train,every_5,pchip,258.1299999999994,-5.684341886080801e-13,-2.0206193588243869e-16,True
2026-08-27,2027-08-20,0.9801505817932923,SPX270820C08675000,2026-08-27T20:14:48+00:00,14.8,call,reference-session last trade,8675.0,8011.137643500851,0.9479231815147929,215.7,217.2,210.3,36.0,4.0,210.3,0.07961254693493483,0.14676195277119924,0.02111153275749549,2679.00102125166,3.361574159397918,0.0012547864419354914,18,train,every_5,pchip,210.3000000010201,1.0200835731666302e-09,3.807701322525198e-13,True
2026-08-27,2027-08-20,0.9801505817932923,SPX270820C08850000,2026-08-27T19:59:52+00:00,-0.13333333333333333,call,reference-session last trade,8850.0,8011.137643500851,0.9479231815147929,166.0,167.4,163.9,917.0,369.0,163.9,0.0995846801218501,0.14446507881353735,0.02045589848263753,2467.5384639871822,3.361574159397918,0.0013623188487064573,19,train,every_5,pchip,163.90000000000137,1.3642420526593924e-12,5.528756988269906e-16,True
2026-08-27,2027-08-20,0.9801505817932923,SPX270820C08950000,2026-08-27T19:59:23+00:00,-0.6166666666666667,call,reference-session last trade,8950.0,8011.137643500851,0.9479231815147929,141.6,142.9,140.4,1782.0,43.0,140.4,0.11082075338877598,0.1429197492653986,0.02002060942743386,2327.0020803689777,3.361574159397918,0.0014445943936865304,20,train,every_5,pchip,140.4000000002068,2.0679635781561956e-10,8.886814479462313e-14,True
2026-08-27,2027-08-20,0.9801505817932923,SPX270820C09100000,2026-08-27T19:50:37+00:00,-9.383333333333333,call,reference-session last trade,9100.0,8011.137643500851,0.9479231815147929,111.1,112.5,107.55,132.0,1.0,107.55,0.12744163462481628,0.13952604669191365,0.019081098805091627,2083.680212345836,3.361574159397918,0.001613286981121451,21,holdout,every_5,pchip,106.57790076291964,-0.9720992370803572,-0.00046652995566241637,True
2026-08-27,2027-08-20,0.9801505817932923,SPX270820C09300000,2026-08-27T13:36:04+00:00,-383.93333333333334,call,reference-session last trade,9300.0,8011.137643500851,0.9479231815147929,78.9,80.1,72.6,154.0,100.0,72.6,0.14918162126122222,0.13502142306451817,0.017868914216891445,1729.8094018684856,3.361574159397918,0.0019433205506727224,22,train,every_5,pchip,72.599999999999,-9.947598300641403e-13,-5.750690388141214e-16,True
2026-08-27,2027-08-20,0.9801505817932923,SPX270820C09600000,2026-08-27T18:43:33+00:00,-76.45,call,reference-session last trade,9600.0,8011.137643500851,0.9479231815147929,46.0,46.9,44.16,437.0,20.0,44.16,0.1809303195758024,0.13435327847044043,0.017692505489392323,1298.8902120316588,3.361574159397918,0.002588035638624078,23,train,every_5,pchip,44.16000000062906,6.290648002504895e-10,4.843094469597534e-13,True
2026-08-27,2027-08-20,0.9801505817932923,SPX270820C10200000,2026-08-27T14:52:27+00:00,-307.55,call,reference-session last trade,10200.0,8011.137643500851,0.9479231815147929,14.5,15.1,13.99,817.0,2.0,13.99,0.24155494139223724,0.13179370213097683,0.017024803865454168,608.594357173919,3.361574159397918,0.005523505303282455,24,train,every_5,pchip,13.989999999699412,-3.005879989359528e-10,-4.939053334831582e-13,True
2026-08-27,2026-09-18,0.06023271731690623,SPX260918P05475000,2026-08-27T19:59:48+00:00,-0.2,put,reference-session last trade,5475.0,7741.608398158938,0.9959553475339589,0.4,0.6,0.5,1236.0,1.0,2257.940754911775,-0.34641719369064733,0.49473259129427516,0.014742580182210712,10.821587764389916,3.1068981283412995,0.2871018741413364,0,train,every_5,sabr,2257.734591071761,-0.2061638400141419,-0.019051163701925094,True
2026-08-27,2026-09-18,0.06023271731690623,SPX260918P05825000,2026-08-27T14:17:49+00:00,-342.18333333333334,put,reference-session last trade,5825.0,7741.608398158938,0.9959553475339589,0.75,0.9,0.95,1444.0,1.0,1909.8063832748894,-0.28445046994144757,0.44016043232058366,0.011669559304515123,20.41192024445222,3.1068981283412995,0.1522099876510015,1,holdout,every_5,sabr,1909.3793911688733,-0.42699210601608684,-0.020918762218470825,True
2026-08-27,2026-09-18,0.06023271731690623,SPX260918P05960000,2026-08-27T14:20:50+00:00,-339.1666666666667,put,reference-session last trade,5960.0,7741.608398158938,0.9959553475339589,0.9,1.05,1.15,205.0,1.0,1775.552411357805,-0.2615389883159535,0.41638874372387547,0.010443123586033783,25.01610755957548,3.1068981283412995,0.12419590541583132,2,train,every_5,sabr,1775.0627487607226,-0.48966259708254256,-0.019573892377797726,True
2026-08-27,2026-09-18,0.06023271731690623,SPX260918P06080000,2026-08-27T14:28:37+00:00,-331.3833333333333,put,reference-session last trade,6080.0,7741.608398158938,0.9959553475339589,1.1,1.3,1.35,498.0,1.0,1656.2377696537299,-0.24160477341513617,0.39471778853743006,0.009384385809536882,29.800413540962495,3.1068981283412995,0.10425687965942747,3,train,every_5,sabr,1655.7051976624653,-0.5325719912646036,-0.017871295327246073,True
2026-08-27,2026-09-18,0.06023271731690623,SPX260918P06140000,2026-08-27T14:38:49+00:00,-321.18333333333334,put,reference-session last trade,6140.0,7741.608398158938,0.9959553475339589,1.15,1.35,1.45,228.0,1.0,1596.5804488016925,-0.23178472723416077,0.38344024544785404,0.008855800904149027,32.340786649943965,3.1068981283412995,0.09606748784345612,4,train,every_5,sabr,1596.0421358525261,-0.5383129491663112,-0.016645017172680427,True
2026-08-27,2026-09-18,0.06023271731690623,SPX260918P06210000,2026-08-27T14:17:48+00:00,-342.2,put,reference-session last trade,6210.0,7741.608398158938,0.9959553475339589,1.3,1.45,1.65,494.0,1.0,1527.0635744743154,-0.22044857344782448,0.37228125547075974,0.008347853059130656,36.76524736777681,3.1068981283412995,0.08450638444675242,5,train,every_5,sabr,1526.4513727467609,-0.6122017275545204,-0.016651641737384024,True
2026-08-27,2026-09-18,0.06023271731690623,SPX260918P06310000,2026-08-27T16:54:32+00:00,-185.46666666666667,put,reference-session last trade,6310.0,7741.608398158938,0.9959553475339589,1.55,1.75,1.8,976.0,151.0,1427.6180397209193,-0.2044737928400901,0.3518707211839501,0.007457593695779025,41.27606654016315,3.1068981283412995,0.07527117743446246,6,holdout,every_5,sabr,1427.072539027647,-0.5455006932722881,-0.01321590788554175,True
2026-08-27,2026-09-18,0.06023271731690623,SPX260918P06400000,2026-08-27T19:55:05+00:00,-4.916666666666667,put,reference-session last trade,6400.0,7741.608398158938,0.9959553475339589,1.7,1.9,2.1,17606.0,26.0,1338.282058442863,-0.19031147902758577,0.33668442847935637,0.00682776426110981,48.34204217233265,3.1068981283412995,0.06426907074520435,7,train,every_5,sabr,1337.677554618104,-0.6045038247589218,-0.012504722547797007,True
2026-08-27,2026-09-18,0.06023271731690623,SPX260918P06625000,2026-08-27T17:58:26+00:00,-121.56666666666666,put,reference-session last trade,6625.0,7741.608398158938,0.9959553475339589,2.45,2.6,2.93,2184.0,23.0,1115.0221052477225,-0.15575909752092598,0.2955235991128272,0.0052603760381031575,69.55115034350275,3.1068981283412995,0.04467069362615562,8,train,every_5,sabr,1114.4706636864091,-0.5514415613133679,-0.007928575711399169,True
2026-08-27,2026-09-18,0.06023271731690623,SPXW260918P06790000,2026-08-27T18:57:20+00:00,-62.666666666666664,put,reference-session last trade,6790.0,7741.608398158938,0.9959553475339589,3.4,3.6,4.13,116.0,1.0,951.8894729046191,-0.13115852782260717,0.2683594247148257,0.004337766402004075,97.28063007766478,3.1068981283412995,0.03193747949474507,9,train,every_5,sabr,951.1957307918462,-0.6937421127728385,-0.00713134888434608,True
2026-08-27,2026-09-18,0.06023271731690623,SPXW260918P06870000,2026-08-27T14:52:45+00:00,-307.25,put,reference-session last trade,6870.0,7741.608398158938,0.9959553475339589,3.8,4.0,4.5,83.0,2.0,872.5830451019025,-0.11944536315895393,0.2513219814900629,0.0038044633658097563,108.99971210524686,3.1068981283412995,0.028503727838669626,10,train,every_5,sabr,872.2332219158471,-0.349823186055346,-0.003209395504802501,True
2026-08-27,2026-09-18,0.06023271731690623,SPXW260918P06950000,2026-08-27T19:16:58+00:00,-43.03333333333333,put,reference-session last trade,6950.0,7741.608398158938,0.9959553475339589,4.6,4.8,5.3,2350.0,39.0,793.7066172991857,-0.1078678098165111,0.23715254157077256,0.003387568009353851,128.36387081276158,3.1068981283412995,0.024203836396248814,11,holdout,every_5,sabr,793.4591827891157,-0.2474345100699793,-0.001927602435975934,True
2026-08-27,2026-09-18,0.06023271731690623,SPX260918P07075000,2026-08-27T19:48:03+00:00,-11.95,put,reference-session last trade,7075.0,7741.608398158938,0.9959553475339589,5.6,5.9,5.75,1995.0,4.0,669.6621988574409,-0.09004202586391061,0.20715184506967296,0.002584699554132609,150.33746127890825,3.1068981283412995,0.02066616066222734,12,train,every_5,sabr,670.9126278660049,1.2504290085639695,0.00831748120479536,True
2026-08-27,2026-09-18,0.06023271731690623,SPXW260918P07135000,2026-08-27T16:47:29+00:00,-192.51666666666668,put,reference-session last trade,7135.0,7741.608398158938,0.9959553475339589,6.8,7.1,7.7,65.0,22.0,611.8548780054034,-0.0815972184644121,0.20228996060019444,0.0024647967679995095,187.70224130524178,3.1068981283412995,0.016552269737093096,13,train,every_5,sabr,612.4189063936816,0.5640283882781887,0.003004910246974433,True
2026-08-27,2026-09-18,0.06023271731690623,SPX260918P07230000,2026-08-27T14:18:39+00:00,-341.35,put,reference-session last trade,7230.0,7741.608398158938,0.9959553475339589,8.4,8.8,10.8,608.0,1.0,520.3391199896772,-0.06837043322253855,0.18923011859250669,0.0021568154174284766,246.7775029685665,3.1068981283412995,0.012589875863753446,14,train,every_5,sabr,520.447591371997,0.10847138231974895,0.00043955134084311403,True
2026-08-27,2026-09-18,0.06023271731690623,SPX260918P07285000,2026-08-27T20:10:10+00:00,10.166666666666666,put,reference-session last trade,7285.0,7741.608398158938,0.9959553475339589,10.0,10.5,11.7,659.0,37.0,466.4615758753095,-0.06079202974604377,0.17617356637166853,0.0018694504058548373,272.4720580014003,3.1068981283412995,0.011402630240805582,15,train,every_5,sabr,467.6958113233607,1.2342354480512086,0.004529768876502065,True
2026-08-27,2026-09-18,0.06023271731690623,SPXW260918P07465000,2026-08-27T18:51:55+00:00,-68.08333333333333,put,reference-session last trade,7465.0,7741.608398158938,0.9959553475339589,20.8,21.1,26.05,131.0,7.0,301.5396133191969,-0.03638403840205821,0.15499927049790516,0.0014470774122037535,469.1049744936451,3.1068981283412995,0.006623033856536919,16,holdout,every_5,sabr,299.5431153043709,-1.9964980148260452,-0.004255972806472747,True
2026-08-27,2026-09-18,0.06023271731690623,SPXW260918P07560000,2026-08-27T17:40:01+00:00,-139.98333333333332,put,reference-session last trade,7560.0,7741.608398158938,0.9959553475339589,31.5,31.9,35.5,192.0,50.0,216.3738553034708,-0.023738279201770206,0.1357425458362577,0.0011098503833056469,578.668622640051,3.1068981283412995,0.005369045437726943,17,train,every_5,sabr,215.96517105856083,-0.4086842449099777,-0.0007062491880853049,True
2026-08-27,2026-09-18,0.06023271731690623,SPXW260918C07805000,2026-08-27T19:09:31+00:00,-50.483333333333334,call,reference-session last trade,7805.0,7741.608398158938,0.9959553475339589,53.6,54.2,51.18,131.0,44.0,51.18,0.008155084574183433,0.10389965749312098,0.0006502205453747644,720.149749439073,3.1068981283412995,0.004314238990933862,18,train,every_5,sabr,50.178299113044545,-1.0017008869554545,-0.0013909619322032432,True
2026-08-27,2026-09-18,0.06023271731690623,SPX260918C07905000,2026-08-27T19:50:40+00:00,-9.333333333333334,call,reference-session last trade,7905.0,7741.608398158938,0.9959553475339589,20.5,21.2,20.04,293.0,6.0,20.04,0.02088600126822348,0.0982013774479675,0.0005808548438574127,523.9893297293258,3.1068981283412995,0.005929315640733013,19,train,every_5,sabr,20.828688198405075,0.788688198405076,0.0015051607993859038,True
2026-08-27,2026-09-18,0.06023271731690623,SPXW260918C07990000,2026-08-27T17:30:18+00:00,-149.7,call,reference-session last trade,7990.0,7741.608398158938,0.9959553475339589,8.0,8.3,10.36,275.0,14.0,10.36,0.03158129038497148,0.10393223117447335,0.0006506283118190055,356.32384928487073,3.1068981283412995,0.008719310073060597,20,train,every_5,sabr,10.09425658109902,-0.2657434189009802,-0.0007457918391775285,True
2026-08-27,2026-09-18,0.06023271731690623,SPX260918C08080000,2026-08-27T17:08:38+00:00,-171.36666666666667,call,reference-session last trade,8080.0,7741.608398158938,0.9959553475339589,2.5,2.7,3.55,1444.0,1.0,3.55,0.042782403139792036,0.10212639675729217,0.0006282152501623896,179.6738468981727,3.1068981283412995,0.017291877376578266,21,holdout,every_5,sabr,5.168323777986819,1.6183237779868191,0.0090070080088171,True
2026-08-27,2026-09-18,0.06023271731690623,SPXW260918C08280000,2026-08-27T15:30:04+00:00,-269.93333333333334,call,reference-session last trade,8280.0,7741.608398158938,0.9959553475339589,0.6,0.75,0.78,69.0,20.0,0.78,0.06723349900395653,0.11774270265444674,0.0008350268819280386,52.112801297135604,3.1068981283412995,0.05961871269645355,22,train,every_5,sabr,1.621297855532246,0.8412978555322459,0.016143784916403794,True
2026-08-27,2026-09-18,0.06023271731690623,SPX260918C08380000,2026-08-27T15:56:16+00:00,-243.73333333333332,call,reference-session last trade,8380.0,7741.608398158938,0.9959553475339589,0.35,0.5,0.53,156.0,70.0,0.53,0.07923844510077975,0.1297310320851168,0.0010137251063357462,35.489441250686994,3.1068981283412995,0.08754429539747001,23,train,every_5,sabr,1.0243388011811299,0.4943388011811298,0.013929179602723685,True
2026-08-27,2026-09-18,0.06023271731690623,SPX260918C08675000,2026-08-27T17:13:13+00:00,-166.78333333333333,call,reference-session last trade,8675.0,7741.608398158938,0.9959553475339589,0.05,0.25,0.25,347.0,1.0,0.25,0.113835856439711,0.1654965318282324,0.0016497200411712775,15.733618536975712,3.1068981283412995,0.1974687590804208,24,train,every_5,sabr,0.34980477579403657,0.09980477579403657,0.006343408896019979,True
2026-08-27,2026-11-20,0.2327173169062286,SPX261120P05500000,2026-08-27T17:45:42+00:00,-134.3,put,reference-session last trade,5500.0,7784.875446624804,0.9999999999999999,8.6,9.1,8.56,9700.0,1.0,2293.4354466248033,-0.34743471377051904,0.3536123307173027,0.029099364372354438,157.67941674060665,8.384553375196333,0.05317468537437256,0,train,every_5,sabr,2291.73301905192,-1.7024275728831526,-0.010796764778016407,True
2026-08-27,2026-11-20,0.2327173169062286,SPX261120P05725000,2026-08-27T20:10:11+00:00,10.183333333333334,put,reference-session last trade,5725.0,7784.875446624804,0.9999999999999999,10.8,11.2,11.0,371.0,15.0,2070.8754466248033,-0.3073402565686409,0.33090219363396456,0.025481676246133962,200.68342514561533,8.384553375196333,0.041779999365231704,1,holdout,every_5,sabr,2068.8476605184173,-2.0277861063859746,-0.010104402518118368,True
2026-08-27,2026-11-20,0.2327173169062286,SPX261120P06025000,2026-08-27T19:56:06+00:00,-3.9,put,reference-session last trade,6025.0,7784.875446624804,0.9999999999999999,14.8,15.2,14.7,277.0,1.0,1774.5754466248036,-0.2562653266322255,0.29817606914045575,0.02069065653027947,268.89490765490046,8.384553375196333,0.031181525333893876,2,train,every_5,sabr,1772.8564062519524,-1.7190403728511683,-0.006392982254083381,True
2026-08-27,2026-11-20,0.2327173169062286,SPXW261120P06250000,2026-08-27T19:59:30+00:00,-0.5,put,reference-session last trade,6250.0,7784.875446624804,0.9999999999999999,19.1,19.5,19.3,128.0,15.0,1554.1754466248035,-0.21960134226063402,0.27639295177118334,0.01777798883517304,345.05583919709306,8.384553375196333,0.024299120382098926,3,train,every_5,sabr,1552.182398432287,-1.9930481925164258,-0.005776016418542661,True
2026-08-27,2026-11-20,0.2327173169062286,SPX261120P06525000,2026-08-27T19:55:48+00:00,-4.2,put,reference-session last trade,6525.0,7784.875446624804,0.9999999999999999,25.8,26.3,25.9,480.0,3.0,1285.7754466248036,-0.17654185280018714,0.24696321502264446,0.014193622214421022,456.7176739738905,8.384553375196333,0.0183582853324736,4,train,every_5,sabr,1284.8700945410608,-0.905352083742855,-0.0019823013982914355,True
2026-08-27,2026-11-20,0.2327173169062286,SPX261120P06770000,2026-08-27T19:51:49+00:00,-8.183333333333334,put,reference-session last trade,6770.0,7784.875446624804,0.9999999999999999,35.0,35.6,35.6,236.0,1.0,1050.4754466248037,-0.13968171908476057,0.2229347339807226,0.011566026358055365,600.2142135319554,8.384553375196333,0.013969268281498203,5,train,every_5,sabr,1050.2148819830534,-0.2605646417503067,-0.0004341194124961092,True
2026-08-27,2026-11-20,0.2327173169062286,SPXW261120P06875000,2026-08-27T19:57:23+00:00,-2.6166666666666667,put,reference-session last trade,6875.0,7784.875446624804,0.9999999999999999,41.0,41.4,41.5,97.0,1.0,951.3754466248037,-0.12429116245630915,0.21327803296053283,0.01058573345434278,677.8257286798826,8.384553375196333,0.012369777393262855,6,holdout,every_5,sabr,951.1435713155178,-0.23187530928589695,-0.0003420869103589382,True
2026-08-27,2026-11-20,0.2327173169062286,SPX261120P06980000,2026-08-27T15:25:02+00:00,-274.96666666666664,put,reference-session last trade,6980.0,7784.875446624804,0.9999999999999999,46.7,47.5,48.29,420.0,2.0,853.1654466248036,-0.10913388923466313,0.2032480618358852,0.009613499916231963,762.6608248398801,8.384553375196333,0.0109938167821281,7,train,every_5,sabr,853.2908044129271,0.12535778812343779,0.000164368988206201,True
2026-08-27,2026-11-20,0.2327173169062286,SPX261120P07040000,2026-08-27T19:35:19+00:00,-24.683333333333334,put,reference-session last trade,7040.0,7784.875446624804,0.9999999999999999,51.3,51.8,52.92,456.0,100.0,797.7954466248036,-0.10057463583899322,0.19769434029650265,0.009095303041062007,816.1021544051524,8.384553375196333,0.010273901778028926,8,train,every_5,sabr,798.0385322867477,0.24308566194406467,0.0002978618064318762,True
2026-08-27,2026-11-20,0.2327173169062286,SPX261120P07130000,2026-08-27T15:01:44+00:00,-298.26666666666665,put,reference-session last trade,7130.0,7784.875446624804,0.9999999999999999,58.2,59.0,60.97,158.0,42.0,715.8454466248037,-0.08787157158273957,0.18944519540892804,0.008352103970978204,902.1770286986886,8.384553375196333,0.009293689717737901,9,train,every_5,sabr,716.2537760818549,0.4083294570511953,0.00045260458209645926,True
2026-08-27,2026-11-20,0.2327173169062286,SPX261120P07220000,2026-08-27T19:08:22+00:00,-51.63333333333333,put,reference-session last trade,7220.0,7784.875446624804,0.9999999999999999,67.2,67.8,71.1,504.0,3.0,635.9754466248037,-0.0753278531042093,0.181784363707217,0.0076902728693147415,996.73286841459,8.384553375196333,0.008412036605688402,10,train,every_5,sabr,636.048821085892,0.07337446108829226,7.361497088482912e-05,True
2026-08-27,2026-11-20,0.2327173169062286,SPX261120P07290000,2026-08-27T19:35:19+00:00,-24.683333333333334,put,reference-session last trade,7290.0,7784.875446624804,0.9999999999999999,75.2,75.9,78.64,534.0,100.0,573.5154466248038,-0.06567925998837744,0.17427242631149178,0.0070678293734757515,1067.571819861303,8.384553375196333,0.007853854156890015,11,holdout,every_5,sabr,574.9964900087961,1.4810433839923007,0.0013873009351115272,True
2026-08-27,2026-11-20,0.2327173169062286,SPX261120P07390000,2026-08-27T19:51:52+00:00,-8.133333333333333,put,reference-session last trade,7390.0,7784.875446624804,0.9999999999999999,89.2,90.0,92.2,408.0,25.0,487.0754466248037,-0.05205507104883375,0.1641969242760681,0.006274205462139005,1175.3017784850435,8.384553375196333,0.007133957872508258,12,train,every_5,sabr,490.27075462202987,3.195307997226166,0.002718712806973625,True
2026-08-27,2026-11-20,0.2327173169062286,SPX261120P07475000,2026-08-27T19:37:33+00:00,-22.45,put,reference-session last trade,7475.0,7784.875446624804,0.9999999999999999,104.4,105.3,108.34,3178.0,202.0,418.2154466248037,-0.04061868673219403,0.1573464970791937,0.005761596747879207,1271.3387415394502,8.384553375196333,0.006595058501122658,13,train,every_5,sabr,421.1013277776719,2.885881152868194,0.0022699545436440584,True
2026-08-27,2026-11-20,0.2327173169062286,SPXW261120P07550000,2026-08-27T19:58:14+00:00,-1.7666666666666666,put,reference-session last trade,7550.0,7784.875446624804,0.9999999999999999,121.2,122.1,124.84,164.0,3.0,359.71544662480375,-0.03063524274801089,0.15107646143540465,0.005311562661154501,1349.7921342767659,8.384553375196333,0.006211736727662051,14,train,every_5,sabr,362.76543015670444,3.0499835319006934,0.002259594980922681,True
2026-08-27,2026-11-20,0.2327173169062286,SPX261120P07680000,2026-08-27T14:53:37+00:00,-306.3833333333333,put,reference-session last trade,7680.0,7784.875446624804,0.9999999999999999,156.9,157.9,165.05,181.0,35.0,269.9254466248038,-0.013563258849363376,0.1434317878573276,0.004787618371733611,1458.9055458867686,8.384553375196333,0.005747152993444781,15,train,every_5,sabr,269.2682840326451,-0.6571625921586701,-0.0004504490328462122,True
2026-08-27,2026-11-20,0.2327173169062286,SPXW261120P07725000,2026-08-27T15:28:04+00:00,-271.93333333333334,put,reference-session last trade,7725.0,7784.875446624804,0.9999999999999999,172.9,173.7,180.22,70.0,5.0,240.09544662480377,-0.0077209832251350806,0.13992568828247073,0.004556418481895878,1481.873427740565,8.384553375196333,0.005658076606434862,16,holdout,every_5,sabr,239.64188140066196,-0.453565224141812,-0.0003060755498081707,True
2026-08-27,2026-11-20,0.2327173169062286,SPX261120C07845000,2026-08-27T17:06:23+00:00,-173.61666666666667,call,reference-session last trade,7845.0,7784.875446624804,0.9999999999999999,172.5,173.6,176.4,74.0,2.0,176.4,0.007693580176051764,0.1363683657616582,0.004327688296626854,1492.9380812472377,8.384553375196333,0.0056161427459815805,17,train,every_5,sabr,169.09716428034878,-7.3028357196512275,-0.004891586470585744,True
2026-08-27,2026-11-20,0.2327173169062286,SPX261120C07920000,2026-08-27T15:19:51+00:00,-280.15,call,reference-session last trade,7920.0,7784.875446624804,0.9999999999999999,137.1,138.1,134.88,61.0,6.0,134.88,0.017208399817390377,0.1290847602549084,0.0038777396387562222,1453.8499230370749,8.384553375196333,0.0057671381635327965,18,train,every_5,sabr,132.12484956109708,-2.755150438902916,-0.0018950721083696455,True
2026-08-27,2026-11-20,0.2327173169062286,SPX261120C07980000,2026-08-27T19:39:40+00:00,-20.333333333333332,call,reference-session last trade,7980.0,7784.875446624804,0.9999999999999999,110.6,111.6,106.91,509.0,50.0,106.91,0.024755605452773277,0.12437234580841815,0.00359978325574413,1392.4780278836718,8.384553375196333,0.006021318259462534,19,train,every_5,sabr,106.84492665991864,-0.06507334008135501,-4.673204084968964e-05,True
2026-08-27,2026-11-20,0.2327173169062286,SPX261120C08060000,2026-08-27T18:53:29+00:00,-66.51666666666667,call,reference-session last trade,8060.0,7784.875446624804,0.9999999999999999,81.8,82.8,77.5,33.0,1.0,77.5,0.03473075050959271,0.12013077285879092,0.0033584372893916098,1273.3397229489456,8.384553375196333,0.0065846947394199145,20,train,every_5,sabr,79.13409436450955,1.6340943645095507,0.001283313741854474,True
2026-08-27,2026-11-20,0.2327173169062286,SPX261120C08180000,2026-08-27T19:34:24+00:00,-25.6,call,reference-session last trade,8180.0,7784.875446624804,0.9999999999999999,50.8,51.7,48.69,19.0,1.0,48.69,0.04950934460571146,0.11846990945766293,0.003266215340142594,1054.8446982137298,8.384553375196333,0.00794861403711343,21,holdout,every_5,sabr,49.378966479549256,0.6889664795492578,0.0006531449422990429,True
2026-08-27,2026-11-20,0.2327173169062286,SPXW261120C08240000,2026-08-27T16:03:14+00:00,-236.76666666666668,call,reference-session last trade,8240.0,7784.875446624804,0.9999999999999999,39.9,40.4,39.1,37.0,11.0,39.1,0.05681753791243609,0.11905190979722304,0.003298385665273432,944.5088697872729,8.384553375196333,0.008877156841401335,22,train,every_5,sabr,38.943785653664,-0.15621434633600018,-0.0001653921432957888,True
2026-08-27,2026-11-20,0.2327173169062286,SPXW261120C08350000,2026-08-27T18:38:21+00:00,-81.65,call,reference-session last trade,8350.0,7784.875446624804,0.9999999999999999,23.8,24.3,22.9,340.0,20.0,22.9,0.0700787328538199,0.11627193689998934,0.003146143412430893,710.66156329422,8.384553375196333,0.01179823675327303,23,train,every_5,sabr,25.472117770419683,2.572117770419684,0.003619328669608666,True
2026-08-27,2026-11-20,0.2327173169062286,SPX261120C09100000,2026-08-27T13:44:38+00:00,-375.3666666666667,call,reference-session last trade,9100.0,7784.875446624804,0.9999999999999999,0.95,1.2,1.05,915.0,32.0,1.05,0.15609160751386011,0.12938798141564853,0.003895978719943539,71.00167418927643,8.384553375196333,0.11808951649287552,24,train,every_5,sabr,2.889941100666078,1.839941100666078,0.025914052332923286,True
2026-08-27,2027-02-19,0.48186173853524983,SPX270219P05625000,2026-08-27T20:10:10+00:00,10.166666666666666,put,reference-session last trade,5625.0,7872.481980038706,0.967163927214507,31.0,31.6,31.3,663.0,3.0,2204.983498158071,-0.3361524369242269,0.3026607405691562,0.044140233273673196,492.830920219106,1.5243562709430591,0.003093061349043097,0,train,every_5,sabr,2204.788684618024,-0.19481354004710738,-0.00039529488117445206,True
2026-08-27,2027-02-19,0.48186173853524983,SPX270219P05800000,2026-08-27T19:34:42+00:00,-25.3,put,reference-session last trade,5800.0,7872.481980038706,0.967163927214507,36.0,36.6,36.56,1722.0,150.0,2040.9898108955322,-0.3055154674623372,0.28941024709015545,0.04035991577620295,566.5750106517871,1.5243562709430591,0.002690475651563668,1,holdout,every_5,sabr,2040.832255114858,-0.1575557806741017,-0.00027808459199930077,True
2026-08-27,2027-02-19,0.48186173853524983,SPX270219P05950000,2026-08-27T18:54:37+00:00,-65.38333333333334,put,reference-session last trade,5950.0,7872.481980038706,0.967163927214507,40.9,41.5,42.25,315.0,1.0,1901.6052218133561,-0.27998216545717236,0.2788679358652692,0.03747309874075575,641.0632353701202,1.5243562709430591,0.0023778563281092956,2,train,every_5,sabr,1901.0699877993677,-0.5352340139884291,-0.000834916096349543,True
2026-08-27,2027-02-19,0.48186173853524983,SPX270219P06125000,2026-08-27T13:47:30+00:00,-372.5,put,reference-session last trade,6125.0,7872.481980038706,0.967163927214507,47.6,48.5,50.89,267.0,12.0,1740.9915345508175,-0.2509946285839201,0.26780614662511676,0.034559187575507355,744.3277019121693,1.5243562709430591,0.0020479639102871025,3,train,every_5,sabr,1739.1010329827218,-1.890501568095715,-0.0025398780177588957,False
2026-08-27,2027-02-19,0.48186173853524983,SPX270219P06200000,2026-08-27T20:09:55+00:00,9.916666666666666,put,reference-session last trade,6200.0,7872.481980038706,0.967163927214507,51.2,51.9,52.2,1121.0,5.0,1669.7642400097293,-0.23882409296366489,0.2593762844124177,0.03241775774714329,773.2264146436344,1.5243562709430591,0.001971422913229893,4,train,every_5,sabr,1670.1037622457193,0.339522235989989,0.00043909808247622845,True
2026-08-27,2027-02-19,0.48186173853524983,SPX270219P06300000,2026-08-27T17:31:38+00:00,-148.36666666666667,put,reference-session last trade,6300.0,7872.481980038706,0.967163927214507,56.1,56.9,57.04,1910.0,20.0,1577.8878472882786,-0.2228237516172237,0.2518218928126313,0.030556908318011226,833.8860953919543,1.5243562709430591,0.001828014976345853,5,train,every_5,sabr,1578.555394454156,0.6675471658772949,0.0008005255988391621,True
2026-08-27,2027-02-19,0.48186173853524983,SPX270219P06500000,2026-08-27T18:56:52+00:00,-63.13333333333333,put,reference-session last trade,6500.0,7872.481980038706,0.967163927214507,67.9,68.7,70.62,2832.0,5.0,1398.0350618453772,-0.1915712081131193,0.2391743079705626,0.02756458734675637,981.244822538543,1.5243562709430591,0.0015534922946135422,6,holdout,every_5,sabr,1397.2538126617892,-0.7812491835879882,-0.0007961817129050901,True
2026-08-27,2027-02-19,0.48186173853524983,SPX270219P06575000,2026-08-27T16:27:51+00:00,-212.15,put,reference-session last trade,6575.0,7872.481980038706,0.967163927214507,72.9,73.8,74.53,333.0,1.0,1329.4077673042893,-0.1800988069508825,0.2325202355643867,0.026052172897077473,1030.6406788117208,1.5243562709430591,0.0014790375562320796,7,train,every_5,sabr,1329.9880711549506,0.5803038506612666,0.0005630515683995018,True
2026-08-27,2027-02-19,0.48186173853524983,SPX270219P06675000,2026-08-27T16:43:04+00:00,-196.93333333333334,put,reference-session last trade,6675.0,7872.481980038706,0.967163927214507,80.3,81.5,81.51,3536.0,2.0,1239.6713745828386,-0.16500418072839748,0.22484842048371095,0.024361393418610447,1106.9954131808793,1.5243562709430591,0.0013770213072183566,8,train,every_5,sabr,1241.0201603420724,1.348785759233806,0.0012184203684802613,True
2026-08-27,2027-02-19,0.48186173853524983,SPX270219P06775000,2026-08-27T19:27:40+00:00,-32.333333333333336,put,reference-session last trade,6775.0,7872.481980038706,0.967163927214507,89.1,89.8,91.52,1912.0,18.0,1152.9649818613877,-0.1501340182489462,0.21907435787166168,0.023126267139578476,1198.0692179669727,1.5243562709430591,0.0012723440750191124,9,train,every_5,sabr,1152.9823158536612,0.017333992273506738,1.4468272795557781e-05,True
2026-08-27,2027-02-19,0.48186173853524983,SPX270219P06825000,2026-08-27T15:00:55+00:00,-299.0833333333333,put,reference-session last trade,6825.0,7872.481980038706,0.967163927214507,93.7,94.6,96.43,442.0,1.0,1109.5167855006625,-0.14278104394368735,0.21574982508272791,0.022429693952328744,1242.782207872197,1.5243562709430591,0.0012265675041751307,10,train,every_5,sabr,1109.353855318846,-0.16293018181659136,-0.00013110115415600356,True
2026-08-27,2027-02-19,0.48186173853524983,SPX270219P07025000,2026-08-27T20:09:47+00:00,9.783333333333333,put,reference-session last trade,7025.0,7872.481980038706,0.967163927214507,115.1,115.9,117.8,447.0,16.0,937.454000057761,-0.11389816979490133,0.2015380342762291,0.01957205735728149,1426.4543387536942,1.5243562709430591,0.0010686330641854983,11,holdout,every_5,sabr,937.9110977725056,0.4570977147445774,0.0003204432853728411,True
2026-08-27,2027-02-19,0.48186173853524983,SPX270219P07200000,2026-08-27T19:38:59+00:00,-21.016666666666666,put,reference-session last trade,7200.0,7872.481980038706,0.967163927214507,139.1,139.9,141.7,1621.0,142.0,792.1003127952224,-0.08929235899270115,0.18952249671657462,0.0173078842164446,1598.165970615671,1.5243562709430591,0.0009538159984446561,12,train,every_5,sabr,792.860096441119,0.7597836458966185,0.0004754097258145989,True
2026-08-27,2027-02-19,0.48186173853524983,SPX270219P07250000,2026-08-27T19:36:46+00:00,-23.233333333333334,put,reference-session last trade,7250.0,7872.481980038706,0.967163927214507,146.5,147.6,149.7,1309.0,204.0,751.7421164344971,-0.08237191614812735,0.18620922846239213,0.01670801453952757,1648.1836316786523,1.5243562709430591,0.0009248704098526469,13,train,every_5,sabr,752.4622234149521,0.7201069804549434,0.0004369094357050035,True
2026-08-27,2027-02-19,0.48186173853524983,SPX270219P07375000,2026-08-27T17:43:05+00:00,-136.91666666666666,put,reference-session last trade,7375.0,7872.481980038706,0.967163927214507,168.7,170.0,172.16,488.0,5.0,653.3066255326837,-0.06527748278882724,0.17802498636502928,0.01527159385507822,1771.698297715044,1.5243562709430591,0.0008603926937837095,14,train,every_5,sabr,653.8921266122487,0.585501079565006,0.000330474483336201,True
2026-08-27,2027-02-19,0.48186173853524983,SPX270219P07450000,2026-08-27T19:21:04+00:00,-38.93333333333333,put,reference-session last trade,7450.0,7872.481980038706,0.967163927214507,184.8,185.8,189.9,404.0,16.0,598.5093309915957,-0.05515935262324263,0.17446609825081522,0.01466710970907572,1845.712123134383,1.5243562709430591,0.0008258905881565115,15,train,every_5,sabr,596.6416573130109,-1.8676736785847652,-0.0010118986894950264,False
2026-08-27,2027-02-19,0.48186173853524983,SPX270219P07625000,2026-08-27T16:50:12+00:00,-189.8,put,reference-session last trade,7625.0,7872.481980038706,0.967163927214507,228.8,229.8,230.35,2399.0,6.0,469.705643729057,-0.031941062521235436,0.16227154135684385,0.012688408902508845,1990.2070503622772,1.5243562709430591,0.0007659284850114368,16,holdout,every_5,sabr,469.7648852756638,0.059241546606813245,2.9766524340283848e-05,True
2026-08-27,2027-02-19,0.48186173853524983,SPX270219C07875000,2026-08-27T19:25:12+00:00,-34.8,call,reference-session last trade,7875.0,7872.481980038706,0.967163927214507,313.2,314.7,303.64,565.0,3.0,303.64,0.0003197996969859973,0.14461880109558828,0.010077944374913779,2106.217385348798,1.5243562709430591,0.0007237411871854907,17,train,every_5,sabr,309.61286949684927,5.972869496849285,0.0028358276493193764,False
2026-08-27,2027-02-19,0.48186173853524983,SPX270219C08025000,2026-08-27T19:04:20+00:00,-55.666666666666664,call,reference-session last trade,8025.0,7872.481980038706,0.967163927214507,233.7,235.1,226.5,154.0,5.0,226.5,0.019188284001368752,0.13833673796474288,0.00922141366310134,2084.3897798802304,1.5243562709430591,0.0007313201617360881,18,train,every_5,sabr,229.0489843458053,2.5489843458053087,0.0012228923641871695,False
2026-08-27,2027-02-19,0.48186173853524983,SPX270219C08150000,2026-08-27T18:21:49+00:00,-98.18333333333334,call,reference-session last trade,8150.0,7872.481980038706,0.967163927214507,180.9,182.3,176.14,604.0,1.0,176.14,0.03464454223806064,0.13561389961510328,0.008861981764028732,2002.6961357113987,1.5243562709430591,0.0007611520508584677,19,train,every_5,sabr,172.63074712551392,-3.509252874486066,-0.0017522642661111979,False
2026-08-27,2027-02-19,0.48186173853524983,SPX270219C08200000,2026-08-27T19:47:15+00:00,-12.75,call,reference-session last trade,8200.0,7872.481980038706,0.967163927214507,160.1,161.2,156.66,2209.0,4.0,156.66,0.04076076925549664,0.13374409115997282,0.008619293136088852,1952.1325091445008,1.5243562709430591,0.0007808672125495673,20,train,every_5,sabr,152.9856744028372,-3.674325597162806,-0.0018822111613586293,False
2026-08-27,2027-02-19,0.48186173853524983,SPX270219C08550000,2026-08-27T16:00:15+00:00,-239.75,call,reference-session last trade,8550.0,7872.481980038706,0.967163927214507,67.1,68.3,65.31,147.0,2.0,65.31,0.0825578979339581,0.12676579199997373,0.0077433090205694345,1413.6855523661955,1.5243562709430591,0.0010782852441206783,21,holdout,every_5,sabr,60.570342438696805,-4.739657561303197,-0.00335269576276709,False
2026-08-27,2027-02-19,0.48186173853524983,SPX270219C08750000,2026-08-27T16:07:08+00:00,-232.86666666666667,call,reference-session last trade,8750.0,7872.481980038706,0.967163927214507,37.8,38.6,36.6,22.0,5.0,36.6,0.10568031535481238,0.12401419969290531,0.0074108030764764845,1045.3957975705653,1.5243562709430591,0.0014581618507416695,22,train,every_5,sabr,35.43632524568975,-1.1636747543102501,-0.0011131427513048722,True
2026-08-27,2027-02-19,0.48186173853524983,SPX270219C08850000,2026-08-27T15:01:51+00:00,-298.15,call,reference-session last trade,8850.0,7872.481980038706,0.967163927214507,27.4,28.2,27.2,104.0,28.0,27.2,0.11704407400512731,0.12331365235369457,0.00732731336563499,877.0362589931667,1.5243562709430591,0.0017380766819070999,23,train,every_5,sabr,27.457028320833274,0.25702832083327465,0.0002930646460710095,True
2026-08-27,2027-02-19,0.48186173853524983,SPX270219C10000000,2026-08-27T14:28:13+00:00,-331.78333333333336,call,reference-session last trade,10000.0,7872.481980038706,0.967163927214507,1.3,1.7,1.45,2296.0,1.0,1.45,0.239211707979335,0.1358969720842035,0.008899016333501006,95.31234155423574,1.5243562709430591,0.015993272708295096,24,train,every_5,sabr,3.2638967324859287,1.8138967324859288,0.019031079322017957,False
2026-08-27,2027-08-20,0.9801505817932923,SPX270820P05750000,2026-08-27T14:30:38+00:00,-329.3666666666667,put,reference-session last trade,5750.0,8011.137643500851,0.9479231815147929,88.0,89.2,91.0,32.0,15.0,2234.384788870188,-0.33163292408872896,0.27240776241346354,0.07273304331354792,1182.2561136694133,3.361574159397918,0.0028433552768566133,0,train,every_5,sabr,2233.029877733349,-1.3549111368388367,-0.0011460385961833154,True
2026-08-27,2027-08-20,0.9801505817932923,SPX270820P05900000,2026-08-27T20:09:15+00:00,9.25,put,reference-session last trade,5900.0,8011.137643500851,0.9479231815147929,98.4,99.5,100.4,1493.0,6.0,2101.596311642969,-0.3058804279863143,0.2635725051249552,0.06809151713595715,1283.8955559852348,3.361574159397918,0.00261826138717204,1,holdout,every_5,sabr,2101.749223593799,0.15291195083000275,0.00011909999229856459,True
2026-08-27,2027-08-20,0.9801505817932923,SPX270820P06375000,2026-08-27T20:06:10+00:00,6.166666666666667,put,reference-session last trade,6375.0,8011.137643500851,0.9479231815147929,141.4,142.4,143.7,6.0,2.0,1694.6328004234424,-0.22844868785349828,0.24005768474565528,0.056483815846541004,1673.8442623747983,3.361574159397918,0.0020082956550740395,2,train,every_5,sabr,1695.3847495918649,0.7519491684224704,0.00044923484539453407,True
2026-08-27,2027-08-20,0.9801505817932923,SPX270820P06450000,2026-08-27T17:39:01+00:00,-140.98333333333332,put,reference-session last trade,6450.0,8011.137643500851,0.9479231815147929,149.3,150.4,151.7,282.0,11.0,1631.538561809833,-0.2167526480903069,0.2362319831709112,0.05469784217517996,1739.6927168414031,3.361574159397918,0.0019322804118541191,3,train,every_5,sabr,1632.7848505317645,1.246288721931478,0.0007163843993060152,True
2026-08-27,2027-08-20,0.9801505817932923,SPX270820P06800000,2026-08-27T16:27:03+00:00,-212.95,put,reference-session last trade,6800.0,8011.137643500851,0.9479231815147929,194.9,196.4,199.21,538.0,40.0,1347.2754482796554,-0.163910166715927,0.22043065949588658,0.047625198853369896,2071.7991926232,3.361574159397918,0.001622538598995048,4,train,every_5,sabr,1347.8126671910484,0.5372189113929835,0.00025930066644769083,True
2026-08-27,2027-08-20,0.9801505817932923,SPX270820P06850000,2026-08-27T17:57:20+00:00,-122.66666666666667,put,reference-session last trade,6850.0,8011.137643500851,0.9479231815147929,203.3,204.7,206.5,122.0,2.0,1307.1692892039157,-0.1565841266238542,0.21792983283589482,0.04655069544223797,2118.9557083814575,3.361574159397918,0.0015864296483882722,5,train,every_5,sabr,1308.1969518187923,1.02766261487659,0.0004849854156043495,True
2026-08-27,2027-08-20,0.9801505817932923,SPX270820P07000000,2026-08-27T19:09:08+00:00,-50.86666666666667,put,reference-session last trade,7000.0,8011.137643500851,0.9479231815147929,228.0,229.3,233.0,656.0,23.0,1191.4808119766967,-0.13492262984267478,0.21176132339071133,0.04395275344048838,2266.745653218873,3.361574159397918,0.001482995745298703,6,holdout,every_5,sabr,1191.2525574835836,-0.22825449311312695,-0.00010069700267826524,True
2026-08-27,2027-08-20,0.9801505817932923,SPX270820P07250000,2026-08-27T18:33:15+00:00,-86.75,put,reference-session last trade,7250.0,8011.137643500851,0.9479231815147929,275.7,277.1,283.49,575.0,8.0,1004.9900165979985,-0.09983131003140472,0.20123982108038305,0.03969361445768739,2504.2025012360145,3.361574159397918,0.0013423731338574757,7,train,every_5,sabr,1003.5243526737304,-1.4656639242681422,-0.0005852817108619313,True
2026-08-27,2027-08-20,0.9801505817932923,SPX270820P07350000,2026-08-27T13:39:51+00:00,-380.15,put,reference-session last trade,7350.0,8011.137643500851,0.9479231815147929,297.4,298.7,311.5,147.0,4.0,938.2076984465192,-0.08613246567324277,0.19900412113593088,0.03881655086108737,2598.4295665091213,3.361574159397918,0.0012936945464002124,8,train,every_5,sabr,931.3078953373611,-6.899803109158142,-0.002655374306884805,False
2026-08-27,2027-08-20,0.9801505817932923,SPX270820P07425000,2026-08-27T18:09:28+00:00,-110.53333333333333,put,reference-session last trade,7425.0,8011.137643500851,0.9479231815147929,315.7,317.1,322.42,193.0,4.0,878.0334598329098,-0.0759800942092248,0.1930319142721049,0.03652170440537732,2655.9377483286694,3.361574159397918,0.0012656825866921362,9,train,every_5,sabr,878.3518028039895,0.31834297107968723,0.00011986085565447245,True
2026-08-27,2027-08-20,0.9801505817932923,SPX270820P07650000,2026-08-27T17:26:27+00:00,-153.55,put,reference-session last trade,7650.0,8011.137643500851,0.9479231815147929,373.7,375.2,378.4,170.0,79.0,720.7307439920813,-0.046127131059543636,0.181786829308415,0.03239049847770688,2824.7809634150985,3.361574159397918,0.0011900300246054647,10,train,every_5,sabr,726.3776129290743,5.646868936992973,0.0019990466553435108,False
2026-08-27,2027-08-20,0.9801505817932923,SPX270820P07750000,2026-08-27T20:03:19+00:00,3.316666666666667,put,reference-session last trade,7750.0,8011.137643500851,0.9479231815147929,405.3,406.6,410.4,298.0,1.0,657.938425840602,-0.033139935532732444,0.17815481934596877,0.03110913619963786,2887.1724698572957,3.361574159397918,0.0011643135955657234,11,holdout,every_5,sabr,662.5093859272856,4.570960086683613,0.0015831960627241438,False
2026-08-27,2027-08-20,0.9801505817932923,SPX270820P07850000,2026-08-27T13:39:51+00:00,-380.15,put,reference-session last trade,7850.0,8011.137643500851,0.9479231815147929,437.0,438.4,455.65,103.0,2.0,608.3961076891228,-0.020319247103670973,0.17823813879826778,0.031138241247838098,2937.933195311377,3.361574159397918,0.0011441969357106642,12,train,every_5,sabr,601.1494791790133,-7.246628510109531,-0.002466573617696401,False
2026-08-27,2027-08-20,0.9801505817932923,SPX270820C08050000,2026-08-27T19:16:04+00:00,-43.93333333333333,call,reference-session last trade,8050.0,8011.137643500851,0.9479231815147929,490.5,492.8,479.6,195.0,2.0,479.6,0.004839312532483916,0.16575588341836048,0.02692964986675646,2995.1866025562954,3.361574159397918,0.001122325452620856,13,train,every_5,sabr,486.6772111522098,7.07721115220977,0.0023628615145946494,False
2026-08-27,2027-08-20,0.9801505817932923,SPX270820C08200000,2026-08-27T20:14:39+00:00,14.65,call,reference-session last trade,8200.0,8011.137643500851,0.9479231815147929,411.2,414.0,403.2,263.0,2.0,403.2,0.023301375372219282,0.1608168613967989,0.02534871600713804,2992.653055208593,3.361574159397918,0.0011232756010748498,14,train,every_5,sabr,408.74412251883655,5.544122518836559,0.0018525777684744432,False
2026-08-27,2027-08-20,0.9801505817932923,SPX270820C08300000,2026-08-27T16:39:35+00:00,-200.41666666666666,call,reference-session last trade,8300.0,8011.137643500851,0.9479231815147929,364.3,366.1,359.75,3298.0,500.0,359.75,0.03542273590456412,0.1588209032245777,0.024723396002144564,2967.241325321256,3.361574159397918,0.0011328954374932644,15,train,every_5,sabr,360.8747229771275,1.124722977127476,0.00037904668134995895,True
2026-08-27,2027-08-20,0.9801505817932923,SPX270820C08375000,2026-08-27T15:55:29+00:00,-244.51666666666668,call,reference-session last trade,8375.0,8011.137643500851,0.9479231815147929,329.0,331.0,323.22,176.0,63.0,323.22,0.044418298813141986,0.15533133458836976,0.02364890024583562,2932.7097834179417,3.361574159397918,0.0011462348502415244,16,holdout,every_5,sabr,327.220874048214,4.000874048213973,0.0013642243330163864,False
2026-08-27,2027-08-20,0.9801505817932923,SPX270820C08550000,2026-08-27T16:44:26+00:00,-195.56666666666666,call,reference-session last trade,8550.0,8011.137643500851,0.9479231815147929,259.2,261.1,258.13,136.0,28.0,258.13,0.0650985040506807,0.15181091994476295,0.022589094697829243,2813.1680819825456,3.361574159397918,0.0011949425208282933,17,train,every_5,sabr,256.4657162891856,-1.6642837108144022,-0.0005916047894449018,True
2026-08-27,2027-08-20,0.9801505817932923,SPX270820C08675000,2026-08-27T20:14:48+00:00,14.8,call,reference-session last trade,8675.0,8011.137643500851,0.9479231815147929,215.7,217.2,210.3,36.0,4.0,210.3,0.07961254693493483,0.14676195277119924,0.02111153275749549,2679.00102125166,3.361574159397918,0.0012547864419354914,18,train,every_5,sabr,212.72629463385823,2.4262946338582196,0.0009056714105784951,True
2026-08-27,2027-08-20,0.9801505817932923,SPX270820C08850000,2026-08-27T19:59:52+00:00,-0.13333333333333333,call,reference-session last trade,8850.0,8011.137643500851,0.9479231815147929,166.0,167.4,163.9,917.0,369.0,163.9,0.0995846801218501,0.14446507881353735,0.02045589848263753,2467.5384639871822,3.361574159397918,0.0013623188487064573,19,train,every_5,sabr,160.96133041616932,-2.9386695838306878,-0.0011909316214192773,True
2026-08-27,2027-08-20,0.9801505817932923,SPX270820C08950000,2026-08-27T19:59:23+00:00,-0.6166666666666667,call,reference-session last trade,8950.0,8011.137643500851,0.9479231815147929,141.6,142.9,140.4,1782.0,43.0,140.4,0.11082075338877598,0.1429197492653986,0.02002060942743386,2327.0020803689777,3.361574159397918,0.0014445943936865304,20,train,every_5,sabr,136.1646867318238,-4.235313268176213,-0.001820072832725894,False
2026-08-27,2027-08-20,0.9801505817932923,SPX270820C09100000,2026-08-27T19:50:37+00:00,-9.383333333333333,call,reference-session last trade,9100.0,8011.137643500851,0.9479231815147929,111.1,112.5,107.55,132.0,1.0,107.55,0.12744163462481628,0.13952604669191365,0.019081098805091627,2083.680212345836,3.361574159397918,0.001613286981121451,21,holdout,every_5,sabr,105.02095876063171,-2.529041239368283,-0.0012137377052311943,True
2026-08-27,2027-08-20,0.9801505817932923,SPX270820C09300000,2026-08-27T13:36:04+00:00,-383.93333333333334,call,reference-session last trade,9300.0,8011.137643500851,0.9479231815147929,78.9,80.1,72.6,154.0,100.0,72.6,0.14918162126122222,0.13502142306451817,0.017868914216891445,1729.8094018684856,3.361574159397918,0.0019433205506727224,22,train,every_5,sabr,73.47111919438977,0.8711191943897774,0.0005035925885527167,True
2026-08-27,2027-08-20,0.9801505817932923,SPX270820C09600000,2026-08-27T18:43:33+00:00,-76.45,call,reference-session last trade,9600.0,8011.137643500851,0.9479231815147929,46.0,46.9,44.16,437.0,20.0,44.16,0.1809303195758024,0.13435327847044043,0.017692505489392323,1298.8902120316588,3.361574159397918,0.002588035638624078,23,train,every_5,sabr,42.75767102304822,-1.4023289769517788,-0.0010796362648374464,True
2026-08-27,2027-08-20,0.9801505817932923,SPX270820C10200000,2026-08-27T14:52:27+00:00,-307.55,call,reference-session last trade,10200.0,8011.137643500851,0.9479231815147929,14.5,15.1,13.99,817.0,2.0,13.99,0.24155494139223724,0.13179370213097683,0.017024803865454168,608.594357173919,3.361574159397918,0.005523505303282455,24,train,every_5,sabr,15.483932129856818,1.4939321298568178,0.002454725569251202,True
2026-08-27,2026-09-18,0.06023271731690623,SPX260918P05475000,2026-08-27T19:59:48+00:00,-0.2,put,reference-session last trade,5475.0,7741.608398158938,0.9959553475339589,0.4,0.6,0.5,1236.0,1.0,2257.940754911775,-0.34641719369064733,0.49473259129427516,0.014742580182210712,10.821587764389916,3.1068981283412995,0.2871018741413364,0,train,every_5,heston,2257.440754911775,-0.5,-0.04620394076046088,True
2026-08-27,2026-09-18,0.06023271731690623,SPX260918P05825000,2026-08-27T14:17:49+00:00,-342.18333333333334,put,reference-session last trade,5825.0,7741.608398158938,0.9959553475339589,0.75,0.9,0.95,1444.0,1.0,1909.8063832748894,-0.28445046994144757,0.44016043232058366,0.011669559304515123,20.41192024445222,3.1068981283412995,0.1522099876510015,1,holdout,every_5,heston,1910.453267465115,0.6468841902255917,0.031691491171753385,True
2026-08-27,2026-09-18,0.06023271731690623,SPX260918P05960000,2026-08-27T14:20:50+00:00,-339.1666666666667,put,reference-session last trade,5960.0,7741.608398158938,0.9959553475339589,0.9,1.05,1.15,205.0,1.0,1775.552411357805,-0.2615389883159535,0.41638874372387547,0.010443123586033783,25.01610755957548,3.1068981283412995,0.12419590541583132,2,train,every_5,heston,1774.402411357805,-1.150000000000091,-0.04597038117386502,True
2026-08-27,2026-09-18,0.06023271731690623,SPX260918P06080000,2026-08-27T14:28:37+00:00,-331.3833333333333,put,reference-session last trade,6080.0,7741.608398158938,0.9959553475339589,1.1,1.3,1.35,498.0,1.0,1656.2377696537299,-0.24160477341513617,0.39471778853743006,0.009384385809536882,29.800413540962495,3.1068981283412995,0.10425687965942747,3,train,every_5,heston,1656.1734950583125,-0.06427459541737335,-0.0021568356871633334,True
2026-08-27,2026-09-18,0.06023271731690623,SPX260918P06140000,2026-08-27T14:38:49+00:00,-321.18333333333334,put,reference-session last trade,6140.0,7741.608398158938,0.9959553475339589,1.15,1.35,1.45,228.0,1.0,1596.5804488016925,-0.23178472723416077,0.38344024544785404,0.008855800904149027,32.340786649943965,3.1068981283412995,0.09606748784345612,4,train,every_5,heston,1597.0112557197253,0.43080691803288573,0.013320854643887648,True
2026-08-27,2026-09-18,0.06023271731690623,SPX260918P06210000,2026-08-27T14:17:48+00:00,-342.2,put,reference-session last trade,6210.0,7741.608398158938,0.9959553475339589,1.3,1.45,1.65,494.0,1.0,1527.0635744743154,-0.22044857344782448,0.37228125547075974,0.008347853059130656,36.76524736777681,3.1068981283412995,0.08450638444675242,5,train,every_5,heston,1525.4135744743153,-1.650000000000091,-0.04487933899898757,True
2026-08-27,2026-09-18,0.06023271731690623,SPX260918P06310000,2026-08-27T16:54:32+00:00,-185.46666666666667,put,reference-session last trade,6310.0,7741.608398158938,0.9959553475339589,1.55,1.75,1.8,976.0,151.0,1427.6180397209193,-0.2044737928400901,0.3518707211839501,0.007457593695779025,41.27606654016315,3.1068981283412995,0.07527117743446246,6,holdout,every_5,heston,1425.8180397209194,-1.7999999999999545,-0.043608806528317993,True
2026-08-27,2026-09-18,0.06023271731690623,SPX260918P06400000,2026-08-27T19:55:05+00:00,-4.916666666666667,put,reference-session last trade,6400.0,7741.608398158938,0.9959553475339589,1.7,1.9,2.1,17606.0,26.0,1338.282058442863,-0.19031147902758577,0.33668442847935637,0.00682776426110981,48.34204217233265,3.1068981283412995,0.06426907074520435,7,train,every_5,heston,1338.5256904025207,0.243631959657705,0.005039753157079939,True
2026-08-27,2026-09-18,0.06023271731690623,SPX260918P06625000,2026-08-27T17:58:26+00:00,-121.56666666666666,put,reference-session last trade,6625.0,7741.608398158938,0.9959553475339589,2.45,2.6,2.93,2184.0,23.0,1115.0221052477225,-0.15575909752092598,0.2955235991128272,0.0052603760381031575,69.55115034350275,3.1068981283412995,0.04467069362615562,8,train,every_5,heston,1113.1853100750734,-1.83679517264909,-0.0264092709261807,True
2026-08-27,2026-09-18,0.06023271731690623,SPXW260918P06790000,2026-08-27T18:57:20+00:00,-62.666666666666664,put,reference-session last trade,6790.0,7741.608398158938,0.9959553475339589,3.4,3.6,4.13,116.0,1.0,951.8894729046191,-0.13115852782260717,0.2683594247148257,0.004337766402004075,97.28063007766478,3.1068981283412995,0.03193747949474507,9,train,every_5,heston,948.6126191690296,-3.2768537355894978,-0.0336845447338632,False
2026-08-27,2026-09-18,0.06023271731690623,SPXW260918P06870000,2026-08-27T14:52:45+00:00,-307.25,put,reference-session last trade,6870.0,7741.608398158938,0.9959553475339589,3.8,4.0,4.5,83.0,2.0,872.5830451019025,-0.11944536315895393,0.2513219814900629,0.0038044633658097563,108.99971210524686,3.1068981283412995,0.028503727838669626,10,train,every_5,heston,868.6891128265931,-3.8939322753093393,-0.03572424367093259,False
2026-08-27,2026-09-18,0.06023271731690623,SPXW260918P06950000,2026-08-27T19:16:58+00:00,-43.03333333333333,put,reference-session last trade,6950.0,7741.608398158938,0.9959553475339589,4.6,4.8,5.3,2350.0,39.0,793.7066172991857,-0.1078678098165111,0.23715254157077256,0.003387568009353851,128.36387081276158,3.1068981283412995,0.024203836396248814,11,holdout,every_5,heston,792.9688638243329,-0.737753474852866,-0.0057473607657795925,True
2026-08-27,2026-09-18,0.06023271731690623,SPX260918P07075000,2026-08-27T19:48:03+00:00,-11.95,put,reference-session last trade,7075.0,7741.608398158938,0.9959553475339589,5.6,5.9,5.75,1995.0,4.0,669.6621988574409,-0.09004202586391061,0.20715184506967296,0.002584699554132609,150.33746127890825,3.1068981283412995,0.02066616066222734,12,train,every_5,heston,669.8824879889253,0.22028913148437823,0.001465297668394803,True
2026-08-27,2026-09-18,0.06023271731690623,SPXW260918P07135000,2026-08-27T16:47:29+00:00,-192.51666666666668,put,reference-session last trade,7135.0,7741.608398158938,0.9959553475339589,6.8,7.1,7.7,65.0,22.0,611.8548780054034,-0.0815972184644121,0.20228996060019444,0.0024647967679995095,187.70224130524178,3.1068981283412995,0.016552269737093096,13,train,every_5,heston,609.6910072656723,-2.1638707397311236,-0.011528209384629735,True
2026-08-27,2026-09-18,0.06023271731690623,SPX260918P07230000,2026-08-27T14:18:39+00:00,-341.35,put,reference-session last trade,7230.0,7741.608398158938,0.9959553475339589,8.4,8.8,10.8,608.0,1.0,520.3391199896772,-0.06837043322253855,0.18923011859250669,0.0021568154174284766,246.7775029685665,3.1068981283412995,0.012589875863753446,14,train,every_5,heston,520.1421752471393,-0.1969447425378803,-0.000798066031825301,True
2026-08-27,2026-09-18,0.06023271731690623,SPX260918P07285000,2026-08-27T20:10:10+00:00,10.166666666666666,put,reference-session last trade,7285.0,7741.608398158938,0.9959553475339589,10.0,10.5,11.7,659.0,37.0,466.4615758753095,-0.06079202974604377,0.17617356637166853,0.0018694504058548373,272.4720580014003,3.1068981283412995,0.011402630240805582,15,train,every_5,heston,470.1139393387249,3.6523634634153836,0.013404543167492842,False
2026-08-27,2026-09-18,0.06023271731690623,SPXW260918P07465000,2026-08-27T18:51:55+00:00,-68.08333333333333,put,reference-session last trade,7465.0,7741.608398158938,0.9959553475339589,20.8,21.1,26.05,131.0,7.0,301.5396133191969,-0.03638403840205821,0.15499927049790516,0.0014470774122037535,469.1049744936451,3.1068981283412995,0.006623033856536919,16,holdout,every_5,heston,301.6243084469224,0.0846951277254675,0.00018054621530476833,True
2026-08-27,2026-09-18,0.06023271731690623,SPXW260918P07560000,2026-08-27T17:40:01+00:00,-139.98333333333332,put,reference-session last trade,7560.0,7741.608398158938,0.9959553475339589,31.5,31.9,35.5,192.0,50.0,216.3738553034708,-0.023738279201770206,0.1357425458362577,0.0011098503833056469,578.668622640051,3.1068981283412995,0.005369045437726943,17,train,every_5,heston,221.5334684297263,5.159613126255493,0.008916351992122658,False
2026-08-27,2026-09-18,0.06023271731690623,SPXW260918C07805000,2026-08-27T19:09:31+00:00,-50.483333333333334,call,reference-session last trade,7805.0,7741.608398158938,0.9959553475339589,53.6,54.2,51.18,131.0,44.0,51.18,0.008155084574183433,0.10389965749312098,0.0006502205453747644,720.149749439073,3.1068981283412995,0.004314238990933862,18,train,every_5,heston,50.55257104609203,-0.6274289539079732,-0.0008712478958670465,True
2026-08-27,2026-09-18,0.06023271731690623,SPX260918C07905000,2026-08-27T19:50:40+00:00,-9.333333333333334,call,reference-session last trade,7905.0,7741.608398158938,0.9959553475339589,20.5,21.2,20.04,293.0,6.0,20.04,0.02088600126822348,0.0982013774479675,0.0005808548438574127,523.9893297293258,3.1068981283412995,0.005929315640733013,19,train,every_5,heston,18.743096106327776,-1.2969038936722228,-0.0024750578305519255,True
2026-08-27,2026-09-18,0.06023271731690623,SPXW260918C07990000,2026-08-27T17:30:18+00:00,-149.7,call,reference-session last trade,7990.0,7741.608398158938,0.9959553475339589,8.0,8.3,10.36,275.0,14.0,10.36,0.03158129038497148,0.10393223117447335,0.0006506283118190055,356.32384928487073,3.1068981283412995,0.008719310073060597,20,train,every_5,heston,9.816067962215694,-0.5439320377843053,-0.001526510332878244,True
2026-08-27,2026-09-18,0.06023271731690623,SPX260918C08080000,2026-08-27T17:08:38+00:00,-171.36666666666667,call,reference-session last trade,8080.0,7741.608398158938,0.9959553475339589,2.5,2.7,3.55,1444.0,1.0,3.55,0.042782403139792036,0.10212639675729217,0.0006282152501623896,179.6738468981727,3.1068981283412995,0.017291877376578266,21,holdout,every_5,heston,4.414513489880226,0.8645134898802258,0.0048115711040025485,True
2026-08-27,2026-09-18,0.06023271731690623,SPXW260918C08280000,2026-08-27T15:30:04+00:00,-269.93333333333334,call,reference-session last trade,8280.0,7741.608398158938,0.9959553475339589,0.6,0.75,0.78,69.0,20.0,0.78,0.06723349900395653,0.11774270265444674,0.0008350268819280386,52.112801297135604,3.1068981283412995,0.05961871269645355,22,train,every_5,heston,0.013262628667637678,-0.7667373713323623,-0.014713033117536635,True
2026-08-27,2026-09-18,0.06023271731690623,SPX260918C08380000,2026-08-27T15:56:16+00:00,-243.73333333333332,call,reference-session last trade,8380.0,7741.608398158938,0.9959553475339589,0.35,0.5,0.53,156.0,70.0,0.53,0.07923844510077975,0.1297310320851168,0.0010137251063357462,35.489441250686994,3.1068981283412995,0.08754429539747001,23,train,every_5,heston,2.4482844701901736,1.9182844701901736,0.05405225899838702,True
2026-08-27,2026-09-18,0.06023271731690623,SPX260918C08675000,2026-08-27T17:13:13+00:00,-166.78333333333333,call,reference-session last trade,8675.0,7741.608398158938,0.9959553475339589,0.05,0.25,0.25,347.0,1.0,0.25,0.113835856439711,0.1654965318282324,0.0016497200411712775,15.733618536975712,3.1068981283412995,0.1974687590804208,24,train,every_5,heston,0.1559319526678332,-0.09406804733216681,-0.005978792933812186,True
2026-08-27,2026-11-20,0.2327173169062286,SPX261120P05500000,2026-08-27T17:45:42+00:00,-134.3,put,reference-session last trade,5500.0,7784.875446624804,0.9999999999999999,8.6,9.1,8.56,9700.0,1.0,2293.4354466248033,-0.34743471377051904,0.3536123307173027,0.029099364372354438,157.67941674060665,8.384553375196333,0.05317468537437256,0,train,every_5,heston,2289.175186789094,-4.260259835709348,-0.027018490579006675,True
2026-08-27,2026-11-20,0.2327173169062286,SPX261120P05725000,2026-08-27T20:10:11+00:00,10.183333333333334,put,reference-session last trade,5725.0,7784.875446624804,0.9999999999999999,10.8,11.2,11.0,371.0,15.0,2070.8754466248033,-0.3073402565686409,0.33090219363396456,0.025481676246133962,200.68342514561533,8.384553375196333,0.041779999365231704,1,holdout,every_5,heston,2066.326502538936,-4.548944085867333,-0.02266726353990935,True
2026-08-27,2026-11-20,0.2327173169062286,SPX261120P06025000,2026-08-27T19:56:06+00:00,-3.9,put,reference-session last trade,6025.0,7784.875446624804,0.9999999999999999,14.8,15.2,14.7,277.0,1.0,1774.5754466248036,-0.2562653266322255,0.29817606914045575,0.02069065653027947,268.89490765490046,8.384553375196333,0.031181525333893876,2,train,every_5,heston,1770.4860490094495,-4.089397615354073,-0.015208163111078338,True
2026-08-27,2026-11-20,0.2327173169062286,SPXW261120P06250000,2026-08-27T19:59:30+00:00,-0.5,put,reference-session last trade,6250.0,7784.875446624804,0.9999999999999999,19.1,19.5,19.3,128.0,15.0,1554.1754466248035,-0.21960134226063402,0.27639295177118334,0.01777798883517304,345.05583919709306,8.384553375196333,0.024299120382098926,3,train,every_5,heston,1550.3945247568925,-3.7809218679110472,-0.010957420331471093,True
2026-08-27,2026-11-20,0.2327173169062286,SPX261120P06525000,2026-08-27T19:55:48+00:00,-4.2,put,reference-session last trade,6525.0,7784.875446624804,0.9999999999999999,25.8,26.3,25.9,480.0,3.0,1285.7754466248036,-0.17654185280018714,0.24696321502264446,0.014193622214421022,456.7176739738905,8.384553375196333,0.0183582853324736,4,train,every_5,heston,1284.0411568330017,-1.7342897918019844,-0.0037972907348033345,True
2026-08-27,2026-11-20,0.2327173169062286,SPX261120P06770000,2026-08-27T19:51:49+00:00,-8.183333333333334,put,reference-session last trade,6770.0,7784.875446624804,0.9999999999999999,35.0,35.6,35.6,236.0,1.0,1050.4754466248037,-0.13968171908476057,0.2229347339807226,0.011566026358055365,600.2142135319554,8.384553375196333,0.013969268281498203,5,train,every_5,heston,1050.3873980532424,-0.08804857156133039,-0.00014669524575769262,True
2026-08-27,2026-11-20,0.2327173169062286,SPXW261120P06875000,2026-08-27T19:57:23+00:00,-2.6166666666666667,put,reference-session last trade,6875.0,7784.875446624804,0.9999999999999999,41.0,41.4,41.5,97.0,1.0,951.3754466248037,-0.12429116245630915,0.21327803296053283,0.01058573345434278,677.8257286798826,8.384553375196333,0.012369777393262855,6,holdout,every_5,heston,951.8818472994507,0.5064006746470113,0.0007470956814124854,True
2026-08-27,2026-11-20,0.2327173169062286,SPX261120P06980000,2026-08-27T15:25:02+00:00,-274.96666666666664,put,reference-session last trade,6980.0,7784.875446624804,0.9999999999999999,46.7,47.5,48.29,420.0,2.0,853.1654466248036,-0.10913388923466313,0.2032480618358852,0.009613499916231963,762.6608248398801,8.384553375196333,0.0109938167821281,7,train,every_5,heston,854.1643214538516,0.9988748290479634,0.0013097235317648265,True
2026-08-27,2026-11-20,0.2327173169062286,SPX261120P07040000,2026-08-27T19:35:19+00:00,-24.683333333333334,put,reference-session last trade,7040.0,7784.875446624804,0.9999999999999999,51.3,51.8,52.92,456.0,100.0,797.7954466248036,-0.10057463583899322,0.19769434029650265,0.009095303041062007,816.1021544051524,8.384553375196333,0.010273901778028926,8,train,every_5,heston,799.1884550786361,1.3930084538325218,0.001706904517177595,True
2026-08-27,2026-11-20,0.2327173169062286,SPX261120P07130000,2026-08-27T15:01:44+00:00,-298.26666666666665,put,reference-session last trade,7130.0,7784.875446624804,0.9999999999999999,58.2,59.0,60.97,158.0,42.0,715.8454466248037,-0.08787157158273957,0.18944519540892804,0.008352103970978204,902.1770286986886,8.384553375196333,0.009293689717737901,9,train,every_5,heston,717.8353555795837,1.9899089547800486,0.002205674597645562,True
2026-08-27,2026-11-20,0.2327173169062286,SPX261120P07220000,2026-08-27T19:08:22+00:00,-51.63333333333333,put,reference-session last trade,7220.0,7784.875446624804,0.9999999999999999,67.2,67.8,71.1,504.0,3.0,635.9754466248037,-0.0753278531042093,0.181784363707217,0.0076902728693147415,996.73286841459,8.384553375196333,0.008412036605688402,10,train,every_5,heston,637.439206757086,1.4637601322823457,0.0014685581048517165,True
2026-08-27,2026-11-20,0.2327173169062286,SPX261120P07290000,2026-08-27T19:35:19+00:00,-24.683333333333334,put,reference-session last trade,7290.0,7784.875446624804,0.9999999999999999,75.2,75.9,78.64,534.0,100.0,573.5154466248038,-0.06567925998837744,0.17427242631149178,0.0070678293734757515,1067.571819861303,8.384553375196333,0.007853854156890015,11,holdout,every_5,heston,575.94896719218,2.433520567376263,0.0022794911987208703,True
2026-08-27,2026-11-20,0.2327173169062286,SPX261120P07390000,2026-08-27T19:51:52+00:00,-8.133333333333333,put,reference-session last trade,7390.0,7784.875446624804,0.9999999999999999,89.2,90.0,92.2,408.0,25.0,487.0754466248037,-0.05205507104883375,0.1641969242760681,0.006274205462139005,1175.3017784850435,8.384553375196333,0.007133957872508258,12,train,every_5,heston,490.6168756083152,3.54142898351148,0.0030132082230628116,True
2026-08-27,2026-11-20,0.2327173169062286,SPX261120P07475000,2026-08-27T19:37:33+00:00,-22.45,put,reference-session last trade,7475.0,7784.875446624804,0.9999999999999999,104.4,105.3,108.34,3178.0,202.0,418.2154466248037,-0.04061868673219403,0.1573464970791937,0.005761596747879207,1271.3387415394502,8.384553375196333,0.006595058501122658,13,train,every_5,heston,420.4666403751607,2.251193750357004,0.001770726932800819,True
2026-08-27,2026-11-20,0.2327173169062286,SPXW261120P07550000,2026-08-27T19:58:14+00:00,-1.7666666666666666,put,reference-session last trade,7550.0,7784.875446624804,0.9999999999999999,121.2,122.1,124.84,164.0,3.0,359.71544662480375,-0.03063524274801089,0.15107646143540465,0.005311562661154501,1349.7921342767659,8.384553375196333,0.006211736727662051,14,train,every_5,heston,360.4847080654235,0.7692614406197436,0.0005699110411781461,True
2026-08-27,2026-11-20,0.2327173169062286,SPX261120P07680000,2026-08-27T14:53:37+00:00,-306.3833333333333,put,reference-session last trade,7680.0,7784.875446624804,0.9999999999999999,156.9,157.9,165.05,181.0,35.0,269.9254466248038,-0.013563258849363376,0.1434317878573276,0.004787618371733611,1458.9055458867686,8.384553375196333,0.005747152993444781,15,train,every_5,heston,263.1448887009737,-6.780557923830088,-0.004647701794641306,True
2026-08-27,2026-11-20,0.2327173169062286,SPXW261120P07725000,2026-08-27T15:28:04+00:00,-271.93333333333334,put,reference-session last trade,7725.0,7784.875446624804,0.9999999999999999,172.9,173.7,180.22,70.0,5.0,240.09544662480377,-0.0077209832251350806,0.13992568828247073,0.004556418481895878,1481.873427740565,8.384553375196333,0.005658076606434862,16,holdout,every_5,heston,232.10431061499364,-7.991136009810134,-0.00539259012289217,True
2026-08-27,2026-11-20,0.2327173169062286,SPX261120C07845000,2026-08-27T17:06:23+00:00,-173.61666666666667,call,reference-session last trade,7845.0,7784.875446624804,0.9999999999999999,172.5,173.6,176.4,74.0,2.0,176.4,0.007693580176051764,0.1363683657616582,0.004327688296626854,1492.9380812472377,8.384553375196333,0.0056161427459815805,17,train,every_5,heston,157.59825675834324,-18.801743241656766,-0.0125937863584733,False
2026-08-27,2026-11-20,0.2327173169062286,SPX261120C07920000,2026-08-27T15:19:51+00:00,-280.15,call,reference-session last trade,7920.0,7784.875446624804,0.9999999999999999,137.1,138.1,134.88,61.0,6.0,134.88,0.017208399817390377,0.1290847602549084,0.0038777396387562222,1453.8499230370749,8.384553375196333,0.0057671381635327965,18,train,every_5,heston,118.59232181404785,-16.287678185952146,-0.011203135844948413,False
2026-08-27,2026-11-20,0.2327173169062286,SPX261120C07980000,2026-08-27T19:39:40+00:00,-20.333333333333332,call,reference-session last trade,7980.0,7784.875446624804,0.9999999999999999,110.6,111.6,106.91,509.0,50.0,106.91,0.024755605452773277,0.12437234580841815,0.00359978325574413,1392.4780278836718,8.384553375196333,0.006021318259462534,19,train,every_5,heston,92.61493174364067,-14.295068256359329,-0.01026592015824148,False
2026-08-27,2026-11-20,0.2327173169062286,SPX261120C08060000,2026-08-27T18:53:29+00:00,-66.51666666666667,call,reference-session last trade,8060.0,7784.875446624804,0.9999999999999999,81.8,82.8,77.5,33.0,1.0,77.5,0.03473075050959271,0.12013077285879092,0.0033584372893916098,1273.3397229489456,8.384553375196333,0.0065846947394199145,20,train,every_5,heston,65.67464824084117,-11.825351759158835,-0.009286878863538737,False
2026-08-27,2026-11-20,0.2327173169062286,SPX261120C08180000,2026-08-27T19:34:24+00:00,-25.6,call,reference-session last trade,8180.0,7784.875446624804,0.9999999999999999,50.8,51.7,48.69,19.0,1.0,48.69,0.04950934460571146,0.11846990945766293,0.003266215340142594,1054.8446982137298,8.384553375196333,0.00794861403711343,21,holdout,every_5,heston,39.30089044346709,-9.389109556532908,-0.008900940178618134,False
2026-08-27,2026-11-20,0.2327173169062286,SPXW261120C08240000,2026-08-27T16:03:14+00:00,-236.76666666666668,call,reference-session last trade,8240.0,7784.875446624804,0.9999999999999999,39.9,40.4,39.1,37.0,11.0,39.1,0.05681753791243609,0.11905190979722304,0.003298385665273432,944.5088697872729,8.384553375196333,0.008877156841401335,22,train,every_5,heston,30.54526187957276,-8.554738120427242,-0.00905734016278109,False
2026-08-27,2026-11-20,0.2327173169062286,SPXW261120C08350000,2026-08-27T18:38:21+00:00,-81.65,call,reference-session last trade,8350.0,7784.875446624804,0.9999999999999999,23.8,24.3,22.9,340.0,20.0,22.9,0.0700787328538199,0.11627193689998934,0.003146143412430893,710.66156329422,8.384553375196333,0.01179823675327303,23,train,every_5,heston,19.445122774610123,-3.4548772253898754,-0.004861494421303783,True
2026-08-27,2026-11-20,0.2327173169062286,SPX261120C09100000,2026-08-27T13:44:38+00:00,-375.3666666666667,call,reference-session last trade,9100.0,7784.875446624804,0.9999999999999999,0.95,1.2,1.05,915.0,32.0,1.05,0.15609160751386011,0.12938798141564853,0.003895978719943539,71.00167418927643,8.384553375196333,0.11808951649287552,24,train,every_5,heston,1.468406502210797,0.418406502210797,0.005892910371316147,True
2026-08-27,2027-02-19,0.48186173853524983,SPX270219P05625000,2026-08-27T20:10:10+00:00,10.166666666666666,put,reference-session last trade,5625.0,7872.481980038706,0.967163927214507,31.0,31.6,31.3,663.0,3.0,2204.983498158071,-0.3361524369242269,0.3026607405691562,0.044140233273673196,492.830920219106,1.5243562709430591,0.003093061349043097,0,train,every_5,heston,2200.110062948009,-4.8734352100623255,-0.009888655541124858,False
2026-08-27,2027-02-19,0.48186173853524983,SPX270219P05800000,2026-08-27T19:34:42+00:00,-25.3,put,reference-session last trade,5800.0,7872.481980038706,0.967163927214507,36.0,36.6,36.56,1722.0,150.0,2040.9898108955322,-0.3055154674623372,0.28941024709015545,0.04035991577620295,566.5750106517871,1.5243562709430591,0.002690475651563668,1,holdout,every_5,heston,2036.5993347728247,-4.390476122707469,-0.007749152433773369,False
2026-08-27,2027-02-19,0.48186173853524983,SPX270219P05950000,2026-08-27T18:54:37+00:00,-65.38333333333334,put,reference-session last trade,5950.0,7872.481980038706,0.967163927214507,40.9,41.5,42.25,315.0,1.0,1901.6052218133561,-0.27998216545717236,0.2788679358652692,0.03747309874075575,641.0632353701202,1.5243562709430591,0.0023778563281092956,2,train,every_5,heston,1897.3408825368745,-4.264339276481678,-0.006651979151510141,False
2026-08-27,2027-02-19,0.48186173853524983,SPX270219P06125000,2026-08-27T13:47:30+00:00,-372.5,put,reference-session last trade,6125.0,7872.481980038706,0.967163927214507,47.6,48.5,50.89,267.0,12.0,1740.9915345508175,-0.2509946285839201,0.26780614662511676,0.034559187575507355,744.3277019121693,1.5243562709430591,0.0020479639102871025,3,train,every_5,heston,1736.0791753968635,-4.9123591539539575,-0.006599726358879514,False
2026-08-27,2027-02-19,0.48186173853524983,SPX270219P06200000,2026-08-27T20:09:55+00:00,9.916666666666666,put,reference-session last trade,6200.0,7872.481980038706,0.967163927214507,51.2,51.9,52.2,1121.0,5.0,1669.7642400097293,-0.23882409296366489,0.2593762844124177,0.03241775774714329,773.2264146436344,1.5243562709430591,0.001971422913229893,4,train,every_5,heston,1667.4262823513764,-2.3379576583529342,-0.003023639148994225,False
2026-08-27,2027-02-19,0.48186173853524983,SPX270219P06300000,2026-08-27T17:31:38+00:00,-148.36666666666667,put,reference-session last trade,6300.0,7872.481980038706,0.967163927214507,56.1,56.9,57.04,1910.0,20.0,1577.8878472882786,-0.2228237516172237,0.2518218928126313,0.030556908318011226,833.8860953919543,1.5243562709430591,0.001828014976345853,5,train,every_5,heston,1576.3592505471772,-1.5285967411014099,-0.0018331001674550267,False
2026-08-27,2027-02-19,0.48186173853524983,SPX270219P06500000,2026-08-27T18:56:52+00:00,-63.13333333333333,put,reference-session last trade,6500.0,7872.481980038706,0.967163927214507,67.9,68.7,70.62,2832.0,5.0,1398.0350618453772,-0.1915712081131193,0.2391743079705626,0.02756458734675637,981.244822538543,1.5243562709430591,0.0015534922946135422,6,holdout,every_5,heston,1396.1362869128466,-1.898774932530614,-0.0019350674662602164,False
2026-08-27,2027-02-19,0.48186173853524983,SPX270219P06575000,2026-08-27T16:27:51+00:00,-212.15,put,reference-session last trade,6575.0,7872.481980038706,0.967163927214507,72.9,73.8,74.53,333.0,1.0,1329.4077673042893,-0.1800988069508825,0.2325202355643867,0.026052172897077473,1030.6406788117208,1.5243562709430591,0.0014790375562320796,7,train,every_5,heston,1329.2861337034062,-0.12163360088311492,-0.00011801746562473414,True
2026-08-27,2027-02-19,0.48186173853524983,SPX270219P06675000,2026-08-27T16:43:04+00:00,-196.93333333333334,put,reference-session last trade,6675.0,7872.481980038706,0.967163927214507,80.3,81.5,81.51,3536.0,2.0,1239.6713745828386,-0.16500418072839748,0.22484842048371095,0.024361393418610447,1106.9954131808793,1.5243562709430591,0.0013770213072183566,8,train,every_5,heston,1240.8901888452679,1.218814262429305,0.0011010111224644748,True
2026-08-27,2027-02-19,0.48186173853524983,SPX270219P06775000,2026-08-27T19:27:40+00:00,-32.333333333333336,put,reference-session last trade,6775.0,7872.481980038706,0.967163927214507,89.1,89.8,91.52,1912.0,18.0,1152.9649818613877,-0.1501340182489462,0.21907435787166168,0.023126267139578476,1198.0692179669727,1.5243562709430591,0.0012723440750191124,9,train,every_5,heston,1153.4174522510723,0.45247038968454945,0.0003776663175207484,True
2026-08-27,2027-02-19,0.48186173853524983,SPX270219P06825000,2026-08-27T15:00:55+00:00,-299.0833333333333,put,reference-session last trade,6825.0,7872.481980038706,0.967163927214507,93.7,94.6,96.43,442.0,1.0,1109.5167855006625,-0.14278104394368735,0.21574982508272791,0.022429693952328744,1242.782207872197,1.5243562709430591,0.0012265675041751307,10,train,every_5,heston,1110.0565732285904,0.5397877279278873,0.00043433815233971955,True
2026-08-27,2027-02-19,0.48186173853524983,SPX270219P07025000,2026-08-27T20:09:47+00:00,9.783333333333333,put,reference-session last trade,7025.0,7872.481980038706,0.967163927214507,115.1,115.9,117.8,447.0,16.0,937.454000057761,-0.11389816979490133,0.2015380342762291,0.01957205735728149,1426.4543387536942,1.5243562709430591,0.0010686330641854983,11,holdout,every_5,heston,939.5797556077767,2.125755550015697,0.0014902373614517435,False
2026-08-27,2027-02-19,0.48186173853524983,SPX270219P07200000,2026-08-27T19:38:59+00:00,-21.016666666666666,put,reference-session last trade,7200.0,7872.481980038706,0.967163927214507,139.1,139.9,141.7,1621.0,142.0,792.1003127952224,-0.08929235899270115,0.18952249671657462,0.0173078842164446,1598.165970615671,1.5243562709430591,0.0009538159984446561,12,train,every_5,heston,795.0719204414438,2.9716076462214005,0.0018593861343929319,False
2026-08-27,2027-02-19,0.48186173853524983,SPX270219P07250000,2026-08-27T19:36:46+00:00,-23.233333333333334,put,reference-session last trade,7250.0,7872.481980038706,0.967163927214507,146.5,147.6,149.7,1309.0,204.0,751.7421164344971,-0.08237191614812735,0.18620922846239213,0.01670801453952757,1648.1836316786523,1.5243562709430591,0.0009248704098526469,13,train,every_5,heston,754.7560227760409,3.013906341543816,0.001828622905612886,False
2026-08-27,2027-02-19,0.48186173853524983,SPX270219P07375000,2026-08-27T17:43:05+00:00,-136.91666666666666,put,reference-session last trade,7375.0,7872.481980038706,0.967163927214507,168.7,170.0,172.16,488.0,5.0,653.3066255326837,-0.06527748278882724,0.17802498636502928,0.01527159385507822,1771.698297715044,1.5243562709430591,0.0008603926937837095,14,train,every_5,heston,656.2079372535355,2.9013117208518224,0.0016375879147107828,False
2026-08-27,2027-02-19,0.48186173853524983,SPX270219P07450000,2026-08-27T19:21:04+00:00,-38.93333333333333,put,reference-session last trade,7450.0,7872.481980038706,0.967163927214507,184.8,185.8,189.9,404.0,16.0,598.5093309915957,-0.05515935262324263,0.17446609825081522,0.01466710970907572,1845.712123134383,1.5243562709430591,0.0008258905881565115,15,train,every_5,heston,598.8098396273871,0.3005086357914024,0.00016281446712344258,True
2026-08-27,2027-02-19,0.48186173853524983,SPX270219P07625000,2026-08-27T16:50:12+00:00,-189.8,put,reference-session last trade,7625.0,7872.481980038706,0.967163927214507,228.8,229.8,230.35,2399.0,6.0,469.705643729057,-0.031941062521235436,0.16227154135684385,0.012688408902508845,1990.2070503622772,1.5243562709430591,0.0007659284850114368,16,holdout,every_5,heston,471.0860281016129,1.380384372555909,0.0006935883240412789,True
2026-08-27,2027-02-19,0.48186173853524983,SPX270219C07875000,2026-08-27T19:25:12+00:00,-34.8,call,reference-session last trade,7875.0,7872.481980038706,0.967163927214507,313.2,314.7,303.64,565.0,3.0,303.64,0.0003197996969859973,0.14461880109558828,0.010077944374913779,2106.217385348798,1.5243562709430591,0.0007237411871854907,17,train,every_5,heston,308.6678361792018,5.027836179201813,0.0023871401946334156,False
2026-08-27,2027-02-19,0.48186173853524983,SPX270219C08025000,2026-08-27T19:04:20+00:00,-55.666666666666664,call,reference-session last trade,8025.0,7872.481980038706,0.967163927214507,233.7,235.1,226.5,154.0,5.0,226.5,0.019188284001368752,0.13833673796474288,0.00922141366310134,2084.3897798802304,1.5243562709430591,0.0007313201617360881,18,train,every_5,heston,226.7571697563799,0.25716975637990913,0.00012337891831089586,True
2026-08-27,2027-02-19,0.48186173853524983,SPX270219C08150000,2026-08-27T18:21:49+00:00,-98.18333333333334,call,reference-session last trade,8150.0,7872.481980038706,0.967163927214507,180.9,182.3,176.14,604.0,1.0,176.14,0.03464454223806064,0.13561389961510328,0.008861981764028732,2002.6961357113987,1.5243562709430591,0.0007611520508584677,19,train,every_5,heston,169.81973384355376,-6.320266156446223,-0.003155878739537856,False
2026-08-27,2027-02-19,0.48186173853524983,SPX270219C08200000,2026-08-27T19:47:15+00:00,-12.75,call,reference-session last trade,8200.0,7872.481980038706,0.967163927214507,160.1,161.2,156.66,2209.0,4.0,156.66,0.04076076925549664,0.13374409115997282,0.008619293136088852,1952.1325091445008,1.5243562709430591,0.0007808672125495673,20,train,every_5,heston,150.2060067330414,-6.453993266958605,-0.003306124577468869,False
2026-08-27,2027-02-19,0.48186173853524983,SPX270219C08550000,2026-08-27T16:00:15+00:00,-239.75,call,reference-session last trade,8550.0,7872.481980038706,0.967163927214507,67.1,68.3,65.31,147.0,2.0,65.31,0.0825578979339581,0.12676579199997373,0.0077433090205694345,1413.6855523661955,1.5243562709430591,0.0010782852441206783,21,holdout,every_5,heston,60.744472053306986,-4.565527946693017,-0.0032295215432111743,False
2026-08-27,2027-02-19,0.48186173853524983,SPX270219C08750000,2026-08-27T16:07:08+00:00,-232.86666666666667,call,reference-session last trade,8750.0,7872.481980038706,0.967163927214507,37.8,38.6,36.6,22.0,5.0,36.6,0.10568031535481238,0.12401419969290531,0.0074108030764764845,1045.3957975705653,1.5243562709430591,0.0014581618507416695,22,train,every_5,heston,36.817603228088544,0.21760322808854227,0.000208153915095353,True
2026-08-27,2027-02-19,0.48186173853524983,SPX270219C08850000,2026-08-27T15:01:51+00:00,-298.15,call,reference-session last trade,8850.0,7872.481980038706,0.967163927214507,27.4,28.2,27.2,104.0,28.0,27.2,0.11704407400512731,0.12331365235369457,0.00732731336563499,877.0362589931667,1.5243562709430591,0.0017380766819070999,23,train,every_5,heston,29.009898471948567,1.8098984719485678,0.002063652960057002,False
2026-08-27,2027-02-19,0.48186173853524983,SPX270219C10000000,2026-08-27T14:28:13+00:00,-331.78333333333336,call,reference-session last trade,10000.0,7872.481980038706,0.967163927214507,1.3,1.7,1.45,2296.0,1.0,1.45,0.239211707979335,0.1358969720842035,0.008899016333501006,95.31234155423574,1.5243562709430591,0.015993272708295096,24,train,every_5,heston,2.9404275360471113,1.4904275360471113,0.015637298504507003,True
2026-08-27,2027-08-20,0.9801505817932923,SPX270820P05750000,2026-08-27T14:30:38+00:00,-329.3666666666667,put,reference-session last trade,5750.0,8011.137643500851,0.9479231815147929,88.0,89.2,91.0,32.0,15.0,2234.384788870188,-0.33163292408872896,0.27240776241346354,0.07273304331354792,1182.2561136694133,3.361574159397918,0.0028433552768566133,0,train,every_5,heston,2230.8268652241236,-3.5579236460644097,-0.0030094356078409668,False
2026-08-27,2027-08-20,0.9801505817932923,SPX270820P05900000,2026-08-27T20:09:15+00:00,9.25,put,reference-session last trade,5900.0,8011.137643500851,0.9479231815147929,98.4,99.5,100.4,1493.0,6.0,2101.596311642969,-0.3058804279863143,0.2635725051249552,0.06809151713595715,1283.8955559852348,3.361574159397918,0.00261826138717204,1,holdout,every_5,heston,2099.9448503952403,-1.6514612477285482,-0.0012862894026151926,True
2026-08-27,2027-08-20,0.9801505817932923,SPX270820P06375000,2026-08-27T20:06:10+00:00,6.166666666666667,put,reference-session last trade,6375.0,8011.137643500851,0.9479231815147929,141.4,142.4,143.7,6.0,2.0,1694.6328004234424,-0.22844868785349828,0.24005768474565528,0.056483815846541004,1673.8442623747983,3.361574159397918,0.0020082956550740395,2,train,every_5,heston,1694.7394945140966,0.10669409065417312,6.374194604150261e-05,True
2026-08-27,2027-08-20,0.9801505817932923,SPX270820P06450000,2026-08-27T17:39:01+00:00,-140.98333333333332,put,reference-session last trade,6450.0,8011.137643500851,0.9479231815147929,149.3,150.4,151.7,282.0,11.0,1631.538561809833,-0.2167526480903069,0.2362319831709112,0.05469784217517996,1739.6927168414031,3.361574159397918,0.0019322804118541191,3,train,every_5,heston,1632.2835253067483,0.7449634969152612,0.0004282155634173267,True
2026-08-27,2027-08-20,0.9801505817932923,SPX270820P06800000,2026-08-27T16:27:03+00:00,-212.95,put,reference-session last trade,6800.0,8011.137643500851,0.9479231815147929,194.9,196.4,199.21,538.0,40.0,1347.2754482796554,-0.163910166715927,0.22043065949588658,0.047625198853369896,2071.7991926232,3.361574159397918,0.001622538598995048,4,train,every_5,heston,1347.7071783592553,0.43173007959990173,0.00020838413352853398,True
2026-08-27,2027-08-20,0.9801505817932923,SPX270820P06850000,2026-08-27T17:57:20+00:00,-122.66666666666667,put,reference-session last trade,6850.0,8011.137643500851,0.9479231815147929,203.3,204.7,206.5,122.0,2.0,1307.1692892039157,-0.1565841266238542,0.21792983283589482,0.04655069544223797,2118.9557083814575,3.361574159397918,0.0015864296483882722,5,train,every_5,heston,1308.1009083850552,0.9316191811394674,0.000439659582054726,True
2026-08-27,2027-08-20,0.9801505817932923,SPX270820P07000000,2026-08-27T19:09:08+00:00,-50.86666666666667,put,reference-session last trade,7000.0,8011.137643500851,0.9479231815147929,228.0,229.3,233.0,656.0,23.0,1191.4808119766967,-0.13492262984267478,0.21176132339071133,0.04395275344048838,2266.745653218873,3.361574159397918,0.001482995745298703,6,holdout,every_5,heston,1191.0981766455566,-0.38263533114013626,-0.0001688038226065541,True
2026-08-27,2027-08-20,0.9801505817932923,SPX270820P07250000,2026-08-27T18:33:15+00:00,-86.75,put,reference-session last trade,7250.0,8011.137643500851,0.9479231815147929,275.7,277.1,283.49,575.0,8.0,1004.9900165979985,-0.09983131003140472,0.20123982108038305,0.03969361445768739,2504.2025012360145,3.361574159397918,0.0013423731338574757,7,train,every_5,heston,1002.9547765457412,-2.035240052257336,-0.0008127298216708874,True
2026-08-27,2027-08-20,0.9801505817932923,SPX270820P07350000,2026-08-27T13:39:51+00:00,-380.15,put,reference-session last trade,7350.0,8011.137643500851,0.9479231815147929,297.4,298.7,311.5,147.0,4.0,938.2076984465192,-0.08613246567324277,0.19900412113593088,0.03881655086108737,2598.4295665091213,3.361574159397918,0.0012936945464002124,8,train,every_5,heston,930.457356192033,-7.750342254486213,-0.0029827024578151125,False
2026-08-27,2027-08-20,0.9801505817932923,SPX270820P07425000,2026-08-27T18:09:28+00:00,-110.53333333333333,put,reference-session last trade,7425.0,8011.137643500851,0.9479231815147929,315.7,317.1,322.42,193.0,4.0,878.0334598329098,-0.0759800942092248,0.1930319142721049,0.03652170440537732,2655.9377483286694,3.361574159397918,0.0012656825866921362,9,train,every_5,heston,877.2501255795949,-0.7833342533149334,-0.0002949369780251328,True
2026-08-27,2027-08-20,0.9801505817932923,SPX270820P07650000,2026-08-27T17:26:27+00:00,-153.55,put,reference-session last trade,7650.0,8011.137643500851,0.9479231815147929,373.7,375.2,378.4,170.0,79.0,720.7307439920813,-0.046127131059543636,0.181786829308415,0.03239049847770688,2824.7809634150985,3.361574159397918,0.0011900300246054647,10,train,every_5,heston,724.3586821029576,3.6279381108762436,0.0012843254602261784,False
2026-08-27,2027-08-20,0.9801505817932923,SPX270820P07750000,2026-08-27T20:03:19+00:00,3.316666666666667,put,reference-session last trade,7750.0,8011.137643500851,0.9479231815147929,405.3,406.6,410.4,298.0,1.0,657.938425840602,-0.033139935532732444,0.17815481934596877,0.03110913619963786,2887.1724698572957,3.361574159397918,0.0011643135955657234,11,holdout,every_5,heston,660.0406711431792,2.1022453025772165,0.0007281329136118855,True
2026-08-27,2027-08-20,0.9801505817932923,SPX270820P07850000,2026-08-27T13:39:51+00:00,-380.15,put,reference-session last trade,7850.0,8011.137643500851,0.9479231815147929,437.0,438.4,455.65,103.0,2.0,608.3961076891228,-0.020319247103670973,0.17823813879826778,0.031138241247838098,2937.933195311377,3.361574159397918,0.0011441969357106642,12,train,every_5,heston,598.2410909230961,-10.155016766026733,-0.0034565172490079216,False
2026-08-27,2027-08-20,0.9801505817932923,SPX270820C08050000,2026-08-27T19:16:04+00:00,-43.93333333333333,call,reference-session last trade,8050.0,8011.137643500851,0.9479231815147929,490.5,492.8,479.6,195.0,2.0,479.6,0.004839312532483916,0.16575588341836048,0.02692964986675646,2995.1866025562954,3.361574159397918,0.001122325452620856,13,train,every_5,heston,483.06670776867423,3.466707768674212,0.0011574263071674694,False
2026-08-27,2027-08-20,0.9801505817932923,SPX270820C08200000,2026-08-27T20:14:39+00:00,14.65,call,reference-session last trade,8200.0,8011.137643500851,0.9479231815147929,411.2,414.0,403.2,263.0,2.0,403.2,0.023301375372219282,0.1608168613967989,0.02534871600713804,2992.653055208593,3.361574159397918,0.0011232756010748498,14,train,every_5,heston,404.93823352811285,1.7382335281128576,0.0005808336269008971,True
2026-08-27,2027-08-20,0.9801505817932923,SPX270820C08300000,2026-08-27T16:39:35+00:00,-200.41666666666666,call,reference-session last trade,8300.0,8011.137643500851,0.9479231815147929,364.3,366.1,359.75,3298.0,500.0,359.75,0.03542273590456412,0.1588209032245777,0.024723396002144564,2967.241325321256,3.361574159397918,0.0011328954374932644,15,train,every_5,heston,357.1848571912362,-2.5651428087638237,-0.0008644874236800075,True
2026-08-27,2027-08-20,0.9801505817932923,SPX270820C08375000,2026-08-27T15:55:29+00:00,-244.51666666666668,call,reference-session last trade,8375.0,8011.137643500851,0.9479231815147929,329.0,331.0,323.22,176.0,63.0,323.22,0.044418298813141986,0.15533133458836976,0.02364890024583562,2932.7097834179417,3.361574159397918,0.0011462348502415244,16,holdout,every_5,heston,323.77634162722717,0.5563416272271411,0.00018970224410638745,True
2026-08-27,2027-08-20,0.9801505817932923,SPX270820C08550000,2026-08-27T16:44:26+00:00,-195.56666666666666,call,reference-session last trade,8550.0,8011.137643500851,0.9479231815147929,259.2,261.1,258.13,136.0,28.0,258.13,0.0650985040506807,0.15181091994476295,0.022589094697829243,2813.1680819825456,3.361574159397918,0.0011949425208282933,17,train,every_5,heston,254.17601246141848,-3.953987538581515,-0.0014055283663658628,False
2026-08-27,2027-08-20,0.9801505817932923,SPX270820C08675000,2026-08-27T20:14:48+00:00,14.8,call,reference-session last trade,8675.0,8011.137643500851,0.9479231815147929,215.7,217.2,210.3,36.0,4.0,210.3,0.07961254693493483,0.14676195277119924,0.02111153275749549,2679.00102125166,3.361574159397918,0.0012547864419354914,18,train,every_5,heston,211.74098485809714,1.4409848580971243,0.0005378814142533919,True
2026-08-27,2027-08-20,0.9801505817932923,SPX270820C08850000,2026-08-27T19:59:52+00:00,-0.13333333333333333,call,reference-session last trade,8850.0,8011.137643500851,0.9479231815147929,166.0,167.4,163.9,917.0,369.0,163.9,0.0995846801218501,0.14446507881353735,0.02045589848263753,2467.5384639871822,3.361574159397918,0.0013623188487064573,19,train,every_5,heston,162.26978256815363,-1.6302174318463756,-0.0006606654589741154,True
2026-08-27,2027-08-20,0.9801505817932923,SPX270820C08950000,2026-08-27T19:59:23+00:00,-0.6166666666666667,call,reference-session last trade,8950.0,8011.137643500851,0.9479231815147929,141.6,142.9,140.4,1782.0,43.0,140.4,0.11082075338877598,0.1429197492653986,0.02002060942743386,2327.0020803689777,3.361574159397918,0.0014445943936865304,20,train,every_5,heston,138.8741778881142,-1.525822111885816,-0.0006557029427510766,True
2026-08-27,2027-08-20,0.9801505817932923,SPX270820C09100000,2026-08-27T19:50:37+00:00,-9.383333333333333,call,reference-session last trade,9100.0,8011.137643500851,0.9479231815147929,111.1,112.5,107.55,132.0,1.0,107.55,0.12744163462481628,0.13952604669191365,0.019081098805091627,2083.680212345836,3.361574159397918,0.001613286981121451,21,holdout,every_5,heston,109.70174026876504,2.151740268765039,0.0010326633885641117,True
2026-08-27,2027-08-20,0.9801505817932923,SPX270820C09300000,2026-08-27T13:36:04+00:00,-383.93333333333334,call,reference-session last trade,9300.0,8011.137643500851,0.9479231815147929,78.9,80.1,72.6,154.0,100.0,72.6,0.14918162126122222,0.13502142306451817,0.017868914216891445,1729.8094018684856,3.361574159397918,0.0019433205506727224,22,train,every_5,heston,80.141298197657,7.5412981976569995,0.004359612214797265,False
2026-08-27,2027-08-20,0.9801505817932923,SPX270820C09600000,2026-08-27T18:43:33+00:00,-76.45,call,reference-session last trade,9600.0,8011.137643500851,0.9479231815147929,46.0,46.9,44.16,437.0,20.0,44.16,0.1809303195758024,0.13435327847044043,0.017692505489392323,1298.8902120316588,3.361574159397918,0.002588035638624078,23,train,every_5,heston,50.59791813658237,6.437918136582375,0.004956475979992572,False
2026-08-27,2027-08-20,0.9801505817932923,SPX270820C10200000,2026-08-27T14:52:27+00:00,-307.55,call,reference-session last trade,10200.0,8011.137643500851,0.9479231815147929,14.5,15.1,13.99,817.0,2.0,13.99,0.24155494139223724,0.13179370213097683,0.017024803865454168,608.594357173919,3.361574159397918,0.005523505303282455,24,train,every_5,heston,21.517678944020382,7.527678944020382,0.012368959480623618,False
2026-08-27,2026-09-18,0.06023271731690623,SPX260918P05475000,2026-08-27T19:59:48+00:00,-0.2,put,reference-session last trade,5475.0,7741.608398158938,0.9959553475339589,0.4,0.6,0.5,1236.0,1.0,2257.940754911775,-0.34641719369064733,0.49473259129427516,0.014742580182210712,10.821587764389916,3.1068981283412995,0.2871018741413364,0,train,seeded_stratified,flat,2257.440754911775,-0.5,-0.04620394076046088,True
2026-08-27,2026-09-18,0.06023271731690623,SPX260918P05825000,2026-08-27T14:17:49+00:00,-342.18333333333334,put,reference-session last trade,5825.0,7741.608398158938,0.9959553475339589,0.75,0.9,0.95,1444.0,1.0,1909.8063832748894,-0.28445046994144757,0.44016043232058366,0.011669559304515123,20.41192024445222,3.1068981283412995,0.1522099876510015,1,train,seeded_stratified,flat,1908.856383274923,-0.9499999999663942,-0.04654143209405278,True
2026-08-27,2026-09-18,0.06023271731690623,SPX260918P05960000,2026-08-27T14:20:50+00:00,-339.1666666666667,put,reference-session last trade,5960.0,7741.608398158938,0.9959553475339589,0.9,1.05,1.15,205.0,1.0,1775.552411357805,-0.2615389883159535,0.41638874372387547,0.010443123586033783,25.01610755957548,3.1068981283412995,0.12419590541583132,2,train,seeded_stratified,flat,1774.4024113596456,-1.149999998159501,-0.045970381100288824,True
2026-08-27,2026-09-18,0.06023271731690623,SPX260918P06080000,2026-08-27T14:28:37+00:00,-331.3833333333333,put,reference-session last trade,6080.0,7741.608398158938,0.9959553475339589,1.1,1.3,1.35,498.0,1.0,1656.2377696537299,-0.24160477341513617,0.39471778853743006,0.009384385809536882,29.800413540962495,3.1068981283412995,0.10425687965942747,3,train,seeded_stratified,flat,1654.8877697005842,-1.3499999531456979,-0.04530138319356006,True
2026-08-27,2026-09-18,0.06023271731690623,SPX260918P06140000,2026-08-27T14:38:49+00:00,-321.18333333333334,put,reference-session last trade,6140.0,7741.608398158938,0.9959553475339589,1.15,1.35,1.45,228.0,1.0,1596.5804488016925,-0.23178472723416077,0.38344024544785404,0.008855800904149027,32.340786649943965,3.1068981283412995,0.09606748784345612,4,holdout,seeded_stratified,flat,1595.1304490135756,-1.4499997881168838,-0.04483501912961032,True
2026-08-27,2026-09-18,0.06023271731690623,SPX260918P06210000,2026-08-27T14:17:48+00:00,-342.2,put,reference-session last trade,6210.0,7741.608398158938,0.9959553475339589,1.3,1.45,1.65,494.0,1.0,1527.0635744743154,-0.22044857344782448,0.37228125547075974,0.008347853059130656,36.76524736777681,3.1068981283412995,0.08450638444675242,5,train,seeded_stratified,flat,1525.4135756020164,-1.6499988722989656,-0.04487930832596873,True
2026-08-27,2026-09-18,0.06023271731690623,SPX260918P06310000,2026-08-27T16:54:32+00:00,-185.46666666666667,put,reference-session last trade,6310.0,7741.608398158938,0.9959553475339589,1.55,1.75,1.8,976.0,151.0,1427.6180397209193,-0.2044737928400901,0.3518707211839501,0.007457593695779025,41.27606654016315,3.1068981283412995,0.07527117743446246,6,holdout,seeded_stratified,flat,1425.81805019974,-1.799989521179441,-0.04360855265673109,True
2026-08-27,2026-09-18,0.06023271731690623,SPX260918P06400000,2026-08-27T19:55:05+00:00,-4.916666666666667,put,reference-session last trade,6400.0,7741.608398158938,0.9959553475339589,1.7,1.9,2.1,17606.0,26.0,1338.282058442863,-0.19031147902758577,0.33668442847935637,0.00682776426110981,48.34204217233265,3.1068981283412995,0.06426907074520435,7,train,seeded_stratified,flat,1336.182125280197,-2.099933162666048,-0.04343906604483275,True
2026-08-27,2026-09-18,0.06023271731690623,SPX260918P06625000,2026-08-27T17:58:26+00:00,-121.56666666666666,put,reference-session last trade,6625.0,7741.608398158938,0.9959553475339589,2.45,2.6,2.93,2184.0,23.0,1115.0221052477225,-0.15575909752092598,0.2955235991128272,0.0052603760381031575,69.55115034350275,3.1068981283412995,0.04467069362615562,8,train,seeded_stratified,flat,1112.095902507188,-2.9262027405345634,-0.04207267207059099,True
2026-08-27,2026-09-18,0.06023271731690623,SPXW260918P06790000,2026-08-27T18:57:20+00:00,-62.666666666666664,put,reference-session last trade,6790.0,7741.608398158938,0.9959553475339589,3.4,3.6,4.13,116.0,1.0,951.8894729046191,-0.13115852782260717,0.2683594247148257,0.004337766402004075,97.28063007766478,3.1068981283412995,0.03193747949474507,9,train,seeded_stratified,flat,947.804258250681,-4.085214653938124,-0.04199412206393667,False
2026-08-27,2026-09-18,0.06023271731690623,SPXW260918P06870000,2026-08-27T14:52:45+00:00,-307.25,put,reference-session last trade,6870.0,7741.608398158938,0.9959553475339589,3.8,4.0,4.5,83.0,2.0,872.5830451019025,-0.11944536315895393,0.2513219814900629,0.0038044633658097563,108.99971210524686,3.1068981283412995,0.028503727838669626,10,train,seeded_stratified,flat,868.2120558300626,-4.370989271839903,-0.040100924923722796,False
2026-08-27,2026-09-18,0.06023271731690623,SPXW260918P06950000,2026-08-27T19:16:58+00:00,-43.03333333333333,put,reference-session last trade,6950.0,7741.608398158938,0.9959553475339589,4.6,4.8,5.3,2350.0,39.0,793.7066172991857,-0.1078678098165111,0.23715254157077256,0.003387568009353851,128.36387081276158,3.1068981283412995,0.024203836396248814,11,holdout,seeded_stratified,flat,788.7479792549448,-4.958638044240956,-0.038629545937220074,False
2026-08-27,2026-09-18,0.06023271731690623,SPX260918P07075000,2026-08-27T19:48:03+00:00,-11.95,put,reference-session last trade,7075.0,7741.608398158938,0.9959553475339589,5.6,5.9,5.75,1995.0,4.0,669.6621988574409,-0.09004202586391061,0.20715184506967296,0.002584699554132609,150.33746127890825,3.1068981283412995,0.02066616066222734,12,holdout,seeded_stratified,flat,665.2417722317929,-4.42042662564802,-0.02940336086590673,False
2026-08-27,2026-09-18,0.06023271731690623,SPXW260918P07135000,2026-08-27T16:47:29+00:00,-192.51666666666668,put,reference-session last trade,7135.0,7741.608398158938,0.9959553475339589,6.8,7.1,7.7,65.0,22.0,611.8548780054034,-0.0815972184644121,0.20228996060019444,0.0024647967679995095,187.70224130524178,3.1068981283412995,0.016552269737093096,13,train,seeded_stratified,flat,606.545720587244,-5.30915741815943,-0.028284997457892185,False
2026-08-27,2026-09-18,0.06023271731690623,SPX260918P07230000,2026-08-27T14:18:39+00:00,-341.35,put,reference-session last trade,7230.0,7741.608398158938,0.9959553475339589,8.4,8.8,10.8,608.0,1.0,520.3391199896772,-0.06837043322253855,0.18923011859250669,0.0021568154174284766,246.7775029685665,3.1068981283412995,0.012589875863753446,14,train,seeded_stratified,flat,515.1161147271865,-5.2230052624906875,-0.021164835528609642,False
2026-08-27,2026-09-18,0.06023271731690623,SPX260918P07285000,2026-08-27T20:10:10+00:00,10.166666666666666,put,reference-session last trade,7285.0,7741.608398158938,0.9959553475339589,10.0,10.5,11.7,659.0,37.0,466.4615758753095,-0.06079202974604377,0.17617356637166853,0.0018694504058548373,272.4720580014003,3.1068981283412995,0.011402630240805582,15,train,seeded_stratified,flat,463.47852706748614,-2.9830488078233657,-0.010948090713243099,True
2026-08-27,2026-09-18,0.06023271731690623,SPXW260918P07465000,2026-08-27T18:51:55+00:00,-68.08333333333333,put,reference-session last trade,7465.0,7741.608398158938,0.9959553475339589,20.8,21.1,26.05,131.0,7.0,301.5396133191969,-0.03638403840205821,0.15499927049790516,0.0014470774122037535,469.1049744936451,3.1068981283412995,0.006623033856536919,16,train,seeded_stratified,flat,306.0844658573399,4.5448525381430045,0.009688348632518228,False
2026-08-27,2026-09-18,0.06023271731690623,SPXW260918P07560000,2026-08-27T17:40:01+00:00,-139.98333333333332,put,reference-session last trade,7560.0,7741.608398158938,0.9959553475339589,31.5,31.9,35.5,192.0,50.0,216.3738553034708,-0.023738279201770206,0.1357425458362577,0.0011098503833056469,578.668622640051,3.1068981283412995,0.005369045437726943,17,holdout,seeded_stratified,flat,233.73386701961888,17.36001171614808,0.029999918842923887,False
2026-08-27,2026-09-18,0.06023271731690623,SPXW260918C07805000,2026-08-27T19:09:31+00:00,-50.483333333333334,call,reference-session last trade,7805.0,7741.608398158938,0.9959553475339589,53.6,54.2,51.18,131.0,44.0,51.18,0.008155084574183433,0.10389965749312098,0.0006502205453747644,720.149749439073,3.1068981283412995,0.004314238990933862,18,holdout,seeded_stratified,flat,95.60269401584311,44.42269401584311,0.06168535648376479,False
2026-08-27,2026-09-18,0.06023271731690623,SPX260918C07905000,2026-08-27T19:50:40+00:00,-9.333333333333334,call,reference-session last trade,7905.0,7741.608398158938,0.9959553475339589,20.5,21.2,20.04,293.0,6.0,20.04,0.02088600126822348,0.0982013774479675,0.0005808548438574127,523.9893297293258,3.1068981283412995,0.005929315640733013,19,train,seeded_stratified,flat,60.501571914672255,40.461571914672255,0.07721831270032399,False
2026-08-27,2026-09-18,0.06023271731690623,SPXW260918C07990000,2026-08-27T17:30:18+00:00,-149.7,call,reference-session last trade,7990.0,7741.608398158938,0.9959553475339589,8.0,8.3,10.36,275.0,14.0,10.36,0.03158129038497148,0.10393223117447335,0.0006506283118190055,356.32384928487073,3.1068981283412995,0.008719310073060597,20,train,seeded_stratified,flat,39.17626156831882,28.816261568318822,0.08087098751922453,False
2026-08-27,2026-09-18,0.06023271731690623,SPX260918C08080000,2026-08-27T17:08:38+00:00,-171.36666666666667,call,reference-session last trade,8080.0,7741.608398158938,0.9959553475339589,2.5,2.7,3.55,1444.0,1.0,3.55,0.042782403139792036,0.10212639675729217,0.0006282152501623896,179.6738468981727,3.1068981283412995,0.017291877376578266,21,train,seeded_stratified,flat,23.586190603328568,20.036190603328567,0.11151422952881818,False
2026-08-27,2026-09-18,0.06023271731690623,SPXW260918C08280000,2026-08-27T15:30:04+00:00,-269.93333333333334,call,reference-session last trade,8280.0,7741.608398158938,0.9959553475339589,0.6,0.75,0.78,69.0,20.0,0.78,0.06723349900395653,0.11774270265444674,0.0008350268819280386,52.112801297135604,3.1068981283412995,0.05961871269645355,22,train,seeded_stratified,flat,6.389524738013659,5.609524738013659,0.10764197276652614,False
2026-08-27,2026-09-18,0.06023271731690623,SPX260918C08380000,2026-08-27T15:56:16+00:00,-243.73333333333332,call,reference-session last trade,8380.0,7741.608398158938,0.9959553475339589,0.35,0.5,0.53,156.0,70.0,0.53,0.07923844510077975,0.1297310320851168,0.0010137251063357462,35.489441250686994,3.1068981283412995,0.08754429539747001,23,holdout,seeded_stratified,flat,3.0292749684910647,2.499274968491065,0.07042305768740963,True
2026-08-27,2026-09-18,0.06023271731690623,SPX260918C08675000,2026-08-27T17:13:13+00:00,-166.78333333333333,call,reference-session last trade,8675.0,7741.608398158938,0.9959553475339589,0.05,0.25,0.25,347.0,1.0,0.25,0.113835856439711,0.1654965318282324,0.0016497200411712775,15.733618536975712,3.1068981283412995,0.1974687590804208,24,holdout,seeded_stratified,flat,0.23372516531698814,-0.016274834683011857,-0.0010343987077584365,True
2026-08-27,2026-11-20,0.2327173169062286,SPX261120P05500000,2026-08-27T17:45:42+00:00,-134.3,put,reference-session last trade,5500.0,7784.875446624804,0.9999999999999999,8.6,9.1,8.56,9700.0,1.0,2293.4354466248033,-0.34743471377051904,0.3536123307173027,0.029099364372354438,157.67941674060665,8.384553375196333,0.05317468537437256,0,train,seeded_stratified,flat,2284.8760904921005,-8.55935613270276,-0.05428328129081986,False
2026-08-27,2026-11-20,0.2327173169062286,SPX261120P05725000,2026-08-27T20:10:11+00:00,10.183333333333334,put,reference-session last trade,5725.0,7784.875446624804,0.9999999999999999,10.8,11.2,11.0,371.0,15.0,2070.8754466248033,-0.3073402565686409,0.33090219363396456,0.025481676246133962,200.68342514561533,8.384553375196333,0.041779999365231704,1,holdout,seeded_stratified,flat,2059.8819960083642,-10.993450616439077,-0.054780062720487556,False
2026-08-27,2026-11-20,0.2327173169062286,SPX261120P06025000,2026-08-27T19:56:06+00:00,-3.9,put,reference-session last trade,6025.0,7784.875446624804,0.9999999999999999,14.8,15.2,14.7,277.0,1.0,1774.5754466248036,-0.2562653266322255,0.29817606914045575,0.02069065653027947,268.89490765490046,8.384553375196333,0.031181525333893876,2,train,seeded_stratified,flat,1759.9651969793856,-14.61024964541798,-0.054334422964114906,False
2026-08-27,2026-11-20,0.2327173169062286,SPXW261120P06250000,2026-08-27T19:59:30+00:00,-0.5,put,reference-session last trade,6250.0,7784.875446624804,0.9999999999999999,19.1,19.5,19.3,128.0,15.0,1554.1754466248035,-0.21960134226063402,0.27639295177118334,0.01777798883517304,345.05583919709306,8.384553375196333,0.024299120382098926,3,train,seeded_stratified,flat,1535.3432293847234,-18.832217240080126,-0.05457730344138103,False
2026-08-27,2026-11-20,0.2327173169062286,SPX261120P06525000,2026-08-27T19:55:48+00:00,-4.2,put,reference-session last trade,6525.0,7784.875446624804,0.9999999999999999,25.8,26.3,25.9,480.0,3.0,1285.7754466248036,-0.17654185280018714,0.24696321502264446,0.014193622214421022,456.7176739738905,8.384553375196333,0.0183582853324736,4,holdout,seeded_stratified,flat,1262.442337227483,-23.33310939732064,-0.05108869379697914,False
2026-08-27,2026-11-20,0.2327173169062286,SPX261120P06770000,2026-08-27T19:51:49+00:00,-8.183333333333334,put,reference-session last trade,6770.0,7784.875446624804,0.9999999999999999,35.0,35.6,35.6,236.0,1.0,1050.4754466248037,-0.13968171908476057,0.2229347339807226,0.011566026358055365,600.2142135319554,8.384553375196333,0.013969268281498203,5,train,seeded_stratified,flat,1023.9361638702493,-26.539282754554392,-0.04421635168948135,False
2026-08-27,2026-11-20,0.2327173169062286,SPXW261120P06875000,2026-08-27T19:57:23+00:00,-2.6166666666666667,put,reference-session last trade,6875.0,7784.875446624804,0.9999999999999999,41.0,41.4,41.5,97.0,1.0,951.3754466248037,-0.12429116245630915,0.21327803296053283,0.01058573345434278,677.8257286798826,8.384553375196333,0.012369777393262855,6,train,seeded_stratified,flat,924.4449146966998,-26.930531928103846,-0.039730760855822216,False
2026-08-27,2026-11-20,0.2327173169062286,SPX261120P06980000,2026-08-27T15:25:02+00:00,-274.96666666666664,put,reference-session last trade,6980.0,7784.875446624804,0.9999999999999999,46.7,47.5,48.29,420.0,2.0,853.1654466248036,-0.10913388923466313,0.2032480618358852,0.009613499916231963,762.6608248398801,8.384553375196333,0.0109938167821281,7,train,seeded_stratified,flat,827.4739777651029,-25.691468859700763,-0.03368662454256079,False
2026-08-27,2026-11-20,0.2327173169062286,SPX261120P07040000,2026-08-27T19:35:19+00:00,-24.683333333333334,put,reference-session last trade,7040.0,7784.875446624804,0.9999999999999999,51.3,51.8,52.92,456.0,100.0,797.7954466248036,-0.10057463583899322,0.19769434029650265,0.009095303041062007,816.1021544051524,8.384553375196333,0.010273901778028926,8,holdout,seeded_stratified,flat,773.4748475876467,-24.320599037156967,-0.029800924928183745,False
2026-08-27,2026-11-20,0.2327173169062286,SPX261120P07130000,2026-08-27T15:01:44+00:00,-298.26666666666665,put,reference-session last trade,7130.0,7784.875446624804,0.9999999999999999,58.2,59.0,60.97,158.0,42.0,715.8454466248037,-0.08787157158273957,0.18944519540892804,0.008352103970978204,902.1770286986886,8.384553375196333,0.009293689717737901,9,train,seeded_stratified,flat,694.7916199631571,-21.053826661646553,-0.023336691128142396,False
2026-08-27,2026-11-20,0.2327173169062286,SPX261120P07220000,2026-08-27T19:08:22+00:00,-51.63333333333333,put,reference-session last trade,7220.0,7784.875446624804,0.9999999999999999,67.2,67.8,71.1,504.0,3.0,635.9754466248037,-0.0753278531042093,0.181784363707217,0.0076902728693147415,996.73286841459,8.384553375196333,0.008412036605688402,10,train,seeded_stratified,flat,619.3375003465425,-16.63794627826121,-0.016692482816108634,False
2026-08-27,2026-11-20,0.2327173169062286,SPX261120P07290000,2026-08-27T19:35:19+00:00,-24.683333333333334,put,reference-session last trade,7290.0,7784.875446624804,0.9999999999999999,75.2,75.9,78.64,534.0,100.0,573.5154466248038,-0.06567925998837744,0.17427242631149178,0.0070678293734757515,1067.571819861303,8.384553375196333,0.007853854156890015,11,holdout,seeded_stratified,flat,563.2029010373006,-10.31254558750311,-0.009659814352202456,False
2026-08-27,2026-11-20,0.2327173169062286,SPX261120P07390000,2026-08-27T19:51:52+00:00,-8.133333333333333,put,reference-session last trade,7390.0,7784.875446624804,0.9999999999999999,89.2,90.0,92.2,408.0,25.0,487.0754466248037,-0.05205507104883375,0.1641969242760681,0.006274205462139005,1175.3017784850435,8.384553375196333,0.007133957872508258,12,train,seeded_stratified,flat,487.3561733190881,0.28072669428439667,0.00023885498977654196,True
2026-08-27,2026-11-20,0.2327173169062286,SPX261120P07475000,2026-08-27T19:37:33+00:00,-22.45,put,reference-session last trade,7475.0,7784.875446624804,0.9999999999999999,104.4,105.3,108.34,3178.0,202.0,418.2154466248037,-0.04061868673219403,0.1573464970791937,0.005761596747879207,1271.3387415394502,8.384553375196333,0.006595058501122658,13,train,seeded_stratified,flat,427.28379263020173,9.068346005398041,0.007132910930109217,False
2026-08-27,2026-11-20,0.2327173169062286,SPXW261120P07550000,2026-08-27T19:58:14+00:00,-1.7666666666666666,put,reference-session last trade,7550.0,7784.875446624804,0.9999999999999999,121.2,122.1,124.84,164.0,3.0,359.71544662480375,-0.03063524274801089,0.15107646143540465,0.005311562661154501,1349.7921342767659,8.384553375196333,0.006211736727662051,14,holdout,seeded_stratified,flat,377.8765836162656,18.16113699146183,0.013454765760057401,False
2026-08-27,2026-11-20,0.2327173169062286,SPX261120P07680000,2026-08-27T14:53:37+00:00,-306.3833333333333,put,reference-session last trade,7680.0,7784.875446624804,0.9999999999999999,156.9,157.9,165.05,181.0,35.0,269.9254466248038,-0.013563258849363376,0.1434317878573276,0.004787618371733611,1458.9055458867686,8.384553375196333,0.005747152993444781,15,train,seeded_stratified,flat,300.64066978226396,30.715223157460173,0.021053606413423083,False
2026-08-27,2026-11-20,0.2327173169062286,SPXW261120P07725000,2026-08-27T15:28:04+00:00,-271.93333333333334,put,reference-session last trade,7725.0,7784.875446624804,0.9999999999999999,172.9,173.7,180.22,70.0,5.0,240.09544662480377,-0.0077209832251350806,0.13992568828247073,0.004556418481895878,1481.873427740565,8.384553375196333,0.005658076606434862,16,train,seeded_stratified,flat,276.4477865278695,36.35233990306571,0.024531339332059338,False
2026-08-27,2026-11-20,0.2327173169062286,SPX261120C07845000,2026-08-27T17:06:23+00:00,-173.61666666666667,call,reference-session last trade,7845.0,7784.875446624804,0.9999999999999999,172.5,173.6,176.4,74.0,2.0,176.4,0.007693580176051764,0.1363683657616582,0.004327688296626854,1492.9380812472377,8.384553375196333,0.0056161427459815805,17,holdout,seeded_stratified,flat,218.34675513549652,41.94675513549652,0.028096781549341383,False
2026-08-27,2026-11-20,0.2327173169062286,SPX261120C07920000,2026-08-27T15:19:51+00:00,-280.15,call,reference-session last trade,7920.0,7784.875446624804,0.9999999999999999,137.1,138.1,134.88,61.0,6.0,134.88,0.017208399817390377,0.1290847602549084,0.0038777396387562222,1453.8499230370749,8.384553375196333,0.0057671381635327965,18,train,seeded_stratified,flat,186.69152477895747,51.81152477895748,0.03563746433381778,False
2026-08-27,2026-11-20,0.2327173169062286,SPX261120C07980000,2026-08-27T19:39:40+00:00,-20.333333333333332,call,reference-session last trade,7980.0,7784.875446624804,0.9999999999999999,110.6,111.6,106.91,509.0,50.0,106.91,0.024755605452773277,0.12437234580841815,0.00359978325574413,1392.4780278836718,8.384553375196333,0.006021318259462534,19,train,seeded_stratified,flat,163.86029914817206,56.950299148172064,0.040898526230052454,False
2026-08-27,2026-11-20,0.2327173169062286,SPX261120C08060000,2026-08-27T18:53:29+00:00,-66.51666666666667,call,reference-session last trade,8060.0,7784.875446624804,0.9999999999999999,81.8,82.8,77.5,33.0,1.0,77.5,0.03473075050959271,0.12013077285879092,0.0033584372893916098,1273.3397229489456,8.384553375196333,0.0065846947394199145,20,holdout,seeded_stratified,flat,136.71843002260445,59.21843002260445,0.04650638706649286,False
2026-08-27,2026-11-20,0.2327173169062286,SPX261120C08180000,2026-08-27T19:34:24+00:00,-25.6,call,reference-session last trade,8180.0,7784.875446624804,0.9999999999999999,50.8,51.7,48.69,19.0,1.0,48.69,0.04950934460571146,0.11846990945766293,0.003266215340142594,1054.8446982137298,8.384553375196333,0.00794861403711343,21,train,seeded_stratified,flat,102.59971676159101,53.909716761591014,0.05110678079235885,False
2026-08-27,2026-11-20,0.2327173169062286,SPXW261120C08240000,2026-08-27T16:03:14+00:00,-236.76666666666668,call,reference-session last trade,8240.0,7784.875446624804,0.9999999999999999,39.9,40.4,39.1,37.0,11.0,39.1,0.05681753791243609,0.11905190979722304,0.003298385665273432,944.5088697872729,8.384553375196333,0.008877156841401335,22,train,seeded_stratified,flat,88.26235731097357,49.16235731097357,0.05205071003943686,False
2026-08-27,2026-11-20,0.2327173169062286,SPXW261120C08350000,2026-08-27T18:38:21+00:00,-81.65,call,reference-session last trade,8350.0,7784.875446624804,0.9999999999999999,23.8,24.3,22.9,340.0,20.0,22.9,0.0700787328538199,0.11627193689998934,0.003146143412430893,710.66156329422,8.384553375196333,0.01179823675327303,23,holdout,seeded_stratified,flat,66.17291450906644,43.272914509066446,0.06089102991370182,False
2026-08-27,2026-11-20,0.2327173169062286,SPX261120C09100000,2026-08-27T13:44:38+00:00,-375.3666666666667,call,reference-session last trade,9100.0,7784.875446624804,0.9999999999999999,0.95,1.2,1.05,915.0,32.0,1.05,0.15609160751386011,0.12938798141564853,0.003895978719943539,71.00167418927643,8.384553375196333,0.11808951649287552,24,train,seeded_stratified,flat,6.174196243009418,5.124196243009418,0.07217007629072694,True
2026-08-27,2027-02-19,0.48186173853524983,SPX270219P05625000,2026-08-27T20:10:10+00:00,10.166666666666666,put,reference-session last trade,5625.0,7872.481980038706,0.967163927214507,31.0,31.6,31.3,663.0,3.0,2204.983498158071,-0.3361524369242269,0.3026607405691562,0.044140233273673196,492.830920219106,1.5243562709430591,0.003093061349043097,0,train,seeded_stratified,flat,2174.0235656606415,-30.95993249742969,-0.06282059673460691,False
2026-08-27,2027-02-19,0.48186173853524983,SPX270219P05800000,2026-08-27T19:34:42+00:00,-25.3,put,reference-session last trade,5800.0,7872.481980038706,0.967163927214507,36.0,36.6,36.56,1722.0,150.0,2040.9898108955322,-0.3055154674623372,0.28941024709015545,0.04035991577620295,566.5750106517871,1.5243562709430591,0.002690475651563668,1,train,seeded_stratified,flat,2005.2822777888355,-35.7075331066967,-0.06302348750895102,False
2026-08-27,2027-02-19,0.48186173853524983,SPX270219P05950000,2026-08-27T18:54:37+00:00,-65.38333333333334,put,reference-session last trade,5950.0,7872.481980038706,0.967163927214507,40.9,41.5,42.25,315.0,1.0,1901.6052218133561,-0.27998216545717236,0.2788679358652692,0.03747309874075575,641.0632353701202,1.5243562709430591,0.0023778563281092956,2,train,seeded_stratified,flat,1861.103588734957,-40.50163307839921,-0.06317884234152882,False
2026-08-27,2027-02-19,0.48186173853524983,SPX270219P06125000,2026-08-27T13:47:30+00:00,-372.5,put,reference-session last trade,6125.0,7872.481980038706,0.967163927214507,47.6,48.5,50.89,267.0,12.0,1740.9915345508175,-0.2509946285839201,0.26780614662511676,0.034559187575507355,744.3277019121693,1.5243562709430591,0.0020479639102871025,3,train,seeded_stratified,flat,1693.854616416422,-47.1369181343955,-0.06332817925935216,False
2026-08-27,2027-02-19,0.48186173853524983,SPX270219P06200000,2026-08-27T20:09:55+00:00,9.916666666666666,put,reference-session last trade,6200.0,7872.481980038706,0.967163927214507,51.2,51.9,52.2,1121.0,5.0,1669.7642400097293,-0.23882409296366489,0.2593762844124177,0.03241775774714329,773.2264146436344,1.5243562709430591,0.001971422913229893,4,train,seeded_stratified,flat,1622.653804068889,-47.11043594084026,-0.06092709075717826,False
2026-08-27,2027-02-19,0.48186173853524983,SPX270219P06300000,2026-08-27T17:31:38+00:00,-148.36666666666667,put,reference-session last trade,6300.0,7872.481980038706,0.967163927214507,56.1,56.9,57.04,1910.0,20.0,1577.8878472882786,-0.2228237516172237,0.2518218928126313,0.030556908318011226,833.8860953919543,1.5243562709430591,0.001828014976345853,5,holdout,seeded_stratified,flat,1528.33635007771,-49.55149721056864,-0.05942238092755076,False
2026-08-27,2027-02-19,0.48186173853524983,SPX270219P06500000,2026-08-27T18:56:52+00:00,-63.13333333333333,put,reference-session last trade,6500.0,7872.481980038706,0.967163927214507,67.9,68.7,70.62,2832.0,5.0,1398.0350618453772,-0.1915712081131193,0.2391743079705626,0.02756458734675637,981.244822538543,1.5243562709430591,0.0015534922946135422,6,holdout,seeded_stratified,flat,1342.6195981927756,-55.4154636526016,-0.05647465584505023,False
2026-08-27,2027-02-19,0.48186173853524983,SPX270219P06575000,2026-08-27T16:27:51+00:00,-212.15,put,reference-session last trade,6575.0,7872.481980038706,0.967163927214507,72.9,73.8,74.53,333.0,1.0,1329.4077673042893,-0.1800988069508825,0.2325202355643867,0.026052172897077473,1030.6406788117208,1.5243562709430591,0.0014790375562320796,7,train,seeded_stratified,flat,1274.3025841053463,-55.105183198942996,-0.05346692046201458,False
2026-08-27,2027-02-19,0.48186173853524983,SPX270219P06675000,2026-08-27T16:43:04+00:00,-196.93333333333334,put,reference-session last trade,6675.0,7872.481980038706,0.967163927214507,80.3,81.5,81.51,3536.0,2.0,1239.6713745828386,-0.16500418072839748,0.22484842048371095,0.024361393418610447,1106.9954131808793,1.5243562709430591,0.0013770213072183566,8,train,seeded_stratified,flat,1184.6521048774796,-55.019269705358965,-0.04970144324922239,False
2026-08-27,2027-02-19,0.48186173853524983,SPX270219P06775000,2026-08-27T19:27:40+00:00,-32.333333333333336,put,reference-session last trade,6775.0,7872.481980038706,0.967163927214507,89.1,89.8,91.52,1912.0,18.0,1152.9649818613877,-0.1501340182489462,0.21907435787166168,0.023126267139578476,1198.0692179669727,1.5243562709430591,0.0012723440750191124,9,train,seeded_stratified,flat,1096.9342977260565,-56.030684135331285,-0.04676748496252233,False
2026-08-27,2027-02-19,0.48186173853524983,SPX270219P06825000,2026-08-27T15:00:55+00:00,-299.0833333333333,put,reference-session last trade,6825.0,7872.481980038706,0.967163927214507,93.7,94.6,96.43,442.0,1.0,1109.5167855006625,-0.14278104394368735,0.21574982508272791,0.022429693952328744,1242.782207872197,1.5243562709430591,0.0012265675041751307,10,train,seeded_stratified,flat,1053.9025099568958,-55.61427554376678,-0.04474981633265057,False
2026-08-27,2027-02-19,0.48186173853524983,SPX270219P07025000,2026-08-27T20:09:47+00:00,9.783333333333333,put,reference-session last trade,7025.0,7872.481980038706,0.967163927214507,115.1,115.9,117.8,447.0,16.0,937.454000057761,-0.11389816979490133,0.2015380342762291,0.01957205735728149,1426.4543387536942,1.5243562709430591,0.0010686330641854983,11,holdout,seeded_stratified,flat,888.2662962778908,-49.187703779870276,-0.0344824944223914,False
2026-08-27,2027-02-19,0.48186173853524983,SPX270219P07200000,2026-08-27T19:38:59+00:00,-21.016666666666666,put,reference-session last trade,7200.0,7872.481980038706,0.967163927214507,139.1,139.9,141.7,1621.0,142.0,792.1003127952224,-0.08929235899270115,0.18952249671657462,0.0173078842164446,1598.165970615671,1.5243562709430591,0.0009538159984446561,12,holdout,seeded_stratified,flat,753.3722146127503,-38.72809818247208,-0.024232838700446502,False
2026-08-27,2027-02-19,0.48186173853524983,SPX270219P07250000,2026-08-27T19:36:46+00:00,-23.233333333333334,put,reference-session last trade,7250.0,7872.481980038706,0.967163927214507,146.5,147.6,149.7,1309.0,204.0,751.7421164344971,-0.08237191614812735,0.18620922846239213,0.01670801453952757,1648.1836316786523,1.5243562709430591,0.0009248704098526469,13,train,seeded_stratified,flat,716.7944808888502,-34.947635545646904,-0.02120372686267562,False
2026-08-27,2027-02-19,0.48186173853524983,SPX270219P07375000,2026-08-27T17:43:05+00:00,-136.91666666666666,put,reference-session last trade,7375.0,7872.481980038706,0.967163927214507,168.7,170.0,172.16,488.0,5.0,653.3066255326837,-0.06527748278882724,0.17802498636502928,0.01527159385507822,1771.698297715044,1.5243562709430591,0.0008603926937837095,14,train,seeded_stratified,flat,629.5025734536346,-23.804052079049143,-0.013435725546358081,False
2026-08-27,2027-02-19,0.48186173853524983,SPX270219P07450000,2026-08-27T19:21:04+00:00,-38.93333333333333,put,reference-session last trade,7450.0,7872.481980038706,0.967163927214507,184.8,185.8,189.9,404.0,16.0,598.5093309915957,-0.05515935262324263,0.17446609825081522,0.01466710970907572,1845.712123134383,1.5243562709430591,0.0008258905881565115,15,train,seeded_stratified,flat,580.1108438342122,-18.398487157383443,-0.009968232275648265,False
2026-08-27,2027-02-19,0.48186173853524983,SPX270219P07625000,2026-08-27T16:50:12+00:00,-189.8,put,reference-session last trade,7625.0,7872.481980038706,0.967163927214507,228.8,229.8,230.35,2399.0,6.0,469.705643729057,-0.031941062521235436,0.16227154135684385,0.012688408902508845,1990.2070503622772,1.5243562709430591,0.0007659284850114368,16,train,seeded_stratified,flat,474.01496499114234,4.309321262085348,0.002165262785749313,False
2026-08-27,2027-02-19,0.48186173853524983,SPX270219C07875000,2026-08-27T19:25:12+00:00,-34.8,call,reference-session last trade,7875.0,7872.481980038706,0.967163927214507,313.2,314.7,303.64,565.0,3.0,303.64,0.0003197996969859973,0.14461880109558828,0.010077944374913779,2106.217385348798,1.5243562709430591,0.0007237411871854907,17,holdout,seeded_stratified,flat,345.37119915619155,41.731199156191565,0.01981333904395662,False
2026-08-27,2027-02-19,0.48186173853524983,SPX270219C08025000,2026-08-27T19:04:20+00:00,-55.666666666666664,call,reference-session last trade,8025.0,7872.481980038706,0.967163927214507,233.7,235.1,226.5,154.0,5.0,226.5,0.019188284001368752,0.13833673796474288,0.00922141366310134,2084.3897798802304,1.5243562709430591,0.0007313201617360881,18,holdout,seeded_stratified,flat,281.0605198423158,54.560519842315784,0.026175775936423392,False
2026-08-27,2027-02-19,0.48186173853524983,SPX270219C08150000,2026-08-27T18:21:49+00:00,-98.18333333333334,call,reference-session last trade,8150.0,7872.481980038706,0.967163927214507,180.9,182.3,176.14,604.0,1.0,176.14,0.03464454223806064,0.13561389961510328,0.008861981764028732,2002.6961357113987,1.5243562709430591,0.0007611520508584677,19,train,seeded_stratified,flat,234.53687807472696,58.39687807472697,0.029159130550767853,False
2026-08-27,2027-02-19,0.48186173853524983,SPX270219C08200000,2026-08-27T19:47:15+00:00,-12.75,call,reference-session last trade,8200.0,7872.481980038706,0.967163927214507,160.1,161.2,156.66,2209.0,4.0,156.66,0.04076076925549664,0.13374409115997282,0.008619293136088852,1952.1325091445008,1.5243562709430591,0.0007808672125495673,20,train,seeded_stratified,flat,217.64799296027616,60.98799296027616,0.03124172804591192,False
2026-08-27,2027-02-19,0.48186173853524983,SPX270219C08550000,2026-08-27T16:00:15+00:00,-239.75,call,reference-session last trade,8550.0,7872.481980038706,0.967163927214507,67.1,68.3,65.31,147.0,2.0,65.31,0.0825578979339581,0.12676579199997373,0.0077433090205694345,1413.6855523661955,1.5243562709430591,0.0010782852441206783,21,train,seeded_stratified,flat,124.26997230588739,58.95997230588739,0.04170656777753829,False
2026-08-27,2027-02-19,0.48186173853524983,SPX270219C08750000,2026-08-27T16:07:08+00:00,-232.86666666666667,call,reference-session last trade,8750.0,7872.481980038706,0.967163927214507,37.8,38.6,36.6,22.0,5.0,36.6,0.10568031535481238,0.12401419969290531,0.0074108030764764845,1045.3957975705653,1.5243562709430591,0.0014581618507416695,22,train,seeded_stratified,flat,87.65500131564593,51.05500131564593,0.04883796303208275,False
2026-08-27,2027-02-19,0.48186173853524983,SPX270219C08850000,2026-08-27T15:01:51+00:00,-298.15,call,reference-session last trade,8850.0,7872.481980038706,0.967163927214507,27.4,28.2,27.2,104.0,28.0,27.2,0.11704407400512731,0.12331365235369457,0.00732731336563499,877.0362589931667,1.5243562709430591,0.0017380766819070999,23,holdout,seeded_stratified,flat,73.05549115201273,45.85549115201273,0.05228460132840415,False
2026-08-27,2027-02-19,0.48186173853524983,SPX270219C10000000,2026-08-27T14:28:13+00:00,-331.78333333333336,call,reference-session last trade,10000.0,7872.481980038706,0.967163927214507,1.3,1.7,1.45,2296.0,1.0,1.45,0.239211707979335,0.1358969720842035,0.008899016333501006,95.31234155423574,1.5243562709430591,0.015993272708295096,24,holdout,seeded_stratified,flat,6.403519549881497,4.953519549881497,0.051971439050868214,False
2026-08-27,2027-08-20,0.9801505817932923,SPX270820P05750000,2026-08-27T14:30:38+00:00,-329.3666666666667,put,reference-session last trade,5750.0,8011.137643500851,0.9479231815147929,88.0,89.2,91.0,32.0,15.0,2234.384788870188,-0.33163292408872896,0.27240776241346354,0.07273304331354792,1182.2561136694133,3.361574159397918,0.0028433552768566133,0,train,seeded_stratified,flat,2151.410270279965,-82.97451859022294,-0.07018320111087586,False
2026-08-27,2027-08-20,0.9801505817932923,SPX270820P05900000,2026-08-27T20:09:15+00:00,9.25,put,reference-session last trade,5900.0,8011.137643500851,0.9479231815147929,98.4,99.5,100.4,1493.0,6.0,2101.596311642969,-0.3058804279863143,0.2635725051249552,0.06809151713595715,1283.8955559852348,3.361574159397918,0.00261826138717204,1,train,seeded_stratified,flat,2013.5503773336213,-88.04593430934756,-0.06857717818158732,False
2026-08-27,2027-08-20,0.9801505817932923,SPX270820P06375000,2026-08-27T20:06:10+00:00,6.166666666666667,put,reference-session last trade,6375.0,8011.137643500851,0.9479231815147929,141.4,142.4,143.7,6.0,2.0,1694.6328004234424,-0.22844868785349828,0.24005768474565528,0.056483815846541004,1673.8442623747983,3.361574159397918,0.0020082956550740395,2,holdout,seeded_stratified,flat,1590.9851685456147,-103.64763187782773,-0.06192190887028862,False
2026-08-27,2027-08-20,0.9801505817932923,SPX270820P06450000,2026-08-27T17:39:01+00:00,-140.98333333333332,put,reference-session last trade,6450.0,8011.137643500851,0.9479231815147929,149.3,150.4,151.7,282.0,11.0,1631.538561809833,-0.2167526480903069,0.2362319831709112,0.05469784217517996,1739.6927168414031,3.361574159397918,0.0019322804118541191,3,holdout,seeded_stratified,flat,1526.9497358997266,-104.58882591010638,-0.06011913764862941,False
2026-08-27,2027-08-20,0.9801505817932923,SPX270820P06800000,2026-08-27T16:27:03+00:00,-212.95,put,reference-session last trade,6800.0,8011.137643500851,0.9479231815147929,194.9,196.4,199.21,538.0,40.0,1347.2754482796554,-0.163910166715927,0.22043065949588658,0.047625198853369896,2071.7991926232,3.361574159397918,0.001622538598995048,4,train,seeded_stratified,flat,1241.5323819948142,-105.74306628484123,-0.05103924485603988,False
2026-08-27,2027-08-20,0.9801505817932923,SPX270820P06850000,2026-08-27T17:57:20+00:00,-122.66666666666667,put,reference-session last trade,6850.0,8011.137643500851,0.9479231815147929,203.3,204.7,206.5,122.0,2.0,1307.1692892039157,-0.1565841266238542,0.21792983283589482,0.04655069544223797,2118.9557083814575,3.361574159397918,0.0015864296483882722,5,train,seeded_stratified,flat,1202.8241377700892,-104.34515143382646,-0.04924366801113055,False
2026-08-27,2027-08-20,0.9801505817932923,SPX270820P07000000,2026-08-27T19:09:08+00:00,-50.86666666666667,put,reference-session last trade,7000.0,8011.137643500851,0.9479231815147929,228.0,229.3,233.0,656.0,23.0,1191.4808119766967,-0.13492262984267478,0.21176132339071133,0.04395275344048838,2266.745653218873,3.361574159397918,0.001482995745298703,6,train,seeded_stratified,flat,1090.223197901092,-101.2576140756048,-0.044670920150134526,False
2026-08-27,2027-08-20,0.9801505817932923,SPX270820P07250000,2026-08-27T18:33:15+00:00,-86.75,put,reference-session last trade,7250.0,8011.137643500851,0.9479231815147929,275.7,277.1,283.49,575.0,8.0,1004.9900165979985,-0.09983131003140472,0.20123982108038305,0.03969361445768739,2504.2025012360145,3.361574159397918,0.0013423731338574757,7,train,seeded_stratified,flat,915.2886428213576,-89.70137377664093,-0.03582033550895604,False
2026-08-27,2027-08-20,0.9801505817932923,SPX270820P07350000,2026-08-27T13:39:51+00:00,-380.15,put,reference-session last trade,7350.0,8011.137643500851,0.9479231815147929,297.4,298.7,311.5,147.0,4.0,938.2076984465192,-0.08613246567324277,0.19900412113593088,0.03881655086108737,2598.4295665091213,3.361574159397918,0.0012936945464002124,8,train,seeded_stratified,flat,850.0940026299118,-88.11369581660745,-0.033910365303834046,False
2026-08-27,2027-08-20,0.9801505817932923,SPX270820P07425000,2026-08-27T18:09:28+00:00,-110.53333333333333,put,reference-session last trade,7425.0,8011.137643500851,0.9479231815147929,315.7,317.1,322.42,193.0,4.0,878.0334598329098,-0.0759800942092248,0.1930319142721049,0.03652170440537732,2655.9377483286694,3.361574159397918,0.0012656825866921362,9,holdout,seeded_stratified,flat,803.0697427657062,-74.96371706720356,-0.028224952604546844,False
2026-08-27,2027-08-20,0.9801505817932923,SPX270820P07650000,2026-08-27T17:26:27+00:00,-153.55,put,reference-session last trade,7650.0,8011.137643500851,0.9479231815147929,373.7,375.2,378.4,170.0,79.0,720.7307439920813,-0.046127131059543636,0.181786829308415,0.03239049847770688,2824.7809634150985,3.361574159397918,0.0011900300246054647,10,train,seeded_stratified,flat,671.8688245311314,-48.861919460949935,-0.017297595846821674,False
2026-08-27,2027-08-20,0.9801505817932923,SPX270820P07750000,2026-08-27T20:03:19+00:00,3.316666666666667,put,reference-session last trade,7750.0,8011.137643500851,0.9479231815147929,405.3,406.6,410.4,298.0,1.0,657.938425840602,-0.033139935532732444,0.17815481934596877,0.03110913619963786,2887.1724698572957,3.361574159397918,0.0011643135955657234,11,train,seeded_stratified,flat,618.3757140684878,-39.5627117721142,-0.013702926370058406,False
2026-08-27,2027-08-20,0.9801505817932923,SPX270820P07850000,2026-08-27T13:39:51+00:00,-380.15,put,reference-session last trade,7850.0,8011.137643500851,0.9479231815147929,437.0,438.4,455.65,103.0,2.0,608.3961076891228,-0.020319247103670973,0.17823813879826778,0.031138241247838098,2937.933195311377,3.361574159397918,0.0011441969357106642,12,holdout,seeded_stratified,flat,567.8561350127511,-40.53997267637169,-0.013798806841853686,False
2026-08-27,2027-08-20,0.9801505817932923,SPX270820C08050000,2026-08-27T19:16:04+00:00,-43.93333333333333,call,reference-session last trade,8050.0,8011.137643500851,0.9479231815147929,490.5,492.8,479.6,195.0,2.0,479.6,0.004839312532483916,0.16575588341836048,0.02692964986675646,2995.1866025562954,3.361574159397918,0.001122325452620856,13,train,seeded_stratified,flat,475.64572630288956,-3.954273697110466,-0.0013202094633221252,False
2026-08-27,2027-08-20,0.9801505817932923,SPX270820C08200000,2026-08-27T20:14:39+00:00,14.65,call,reference-session last trade,8200.0,8011.137643500851,0.9479231815147929,411.2,414.0,403.2,263.0,2.0,403.2,0.023301375372219282,0.1608168613967989,0.02534871600713804,2992.653055208593,3.361574159397918,0.0011232756010748498,14,train,seeded_stratified,flat,414.03171707527343,10.831717075273446,0.0036194362912938655,False
2026-08-27,2027-08-20,0.9801505817932923,SPX270820C08300000,2026-08-27T16:39:35+00:00,-200.41666666666666,call,reference-session last trade,8300.0,8011.137643500851,0.9479231815147929,364.3,366.1,359.75,3298.0,500.0,359.75,0.03542273590456412,0.1588209032245777,0.024723396002144564,2967.241325321256,3.361574159397918,0.0011328954374932644,15,holdout,seeded_stratified,flat,376.42307155339546,16.67307155339546,0.005619048040047874,False
2026-08-27,2027-08-20,0.9801505817932923,SPX270820C08375000,2026-08-27T15:55:29+00:00,-244.51666666666668,call,reference-session last trade,8375.0,8011.137643500851,0.9479231815147929,329.0,331.0,323.22,176.0,63.0,323.22,0.044418298813141986,0.15533133458836976,0.02364890024583562,2932.7097834179417,3.361574159397918,0.0011462348502415244,16,train,seeded_stratified,flat,349.97750571768,26.757505717679976,0.00912381643385637,False
2026-08-27,2027-08-20,0.9801505817932923,SPX270820C08550000,2026-08-27T16:44:26+00:00,-195.56666666666666,call,reference-session last trade,8550.0,8011.137643500851,0.9479231815147929,259.2,261.1,258.13,136.0,28.0,258.13,0.0650985040506807,0.15181091994476295,0.022589094697829243,2813.1680819825456,3.361574159397918,0.0011949425208282933,17,train,seeded_stratified,flat,293.89397496887864,35.76397496887864,0.012713060125321208,False
2026-08-27,2027-08-20,0.9801505817932923,SPX270820C08675000,2026-08-27T20:14:48+00:00,14.8,call,reference-session last trade,8675.0,8011.137643500851,0.9479231815147929,215.7,217.2,210.3,36.0,4.0,210.3,0.07961254693493483,0.14676195277119924,0.02111153275749549,2679.00102125166,3.361574159397918,0.0012547864419354914,18,holdout,seeded_stratified,flat,258.4039924770152,48.1039924770152,0.017955944061021842,False
2026-08-27,2027-08-20,0.9801505817932923,SPX270820C08850000,2026-08-27T19:59:52+00:00,-0.13333333333333333,call,reference-session last trade,8850.0,8011.137643500851,0.9479231815147929,166.0,167.4,163.9,917.0,369.0,163.9,0.0995846801218501,0.14446507881353735,0.02045589848263753,2467.5384639871822,3.361574159397918,0.0013623188487064573,19,train,seeded_stratified,flat,214.63808355546865,50.73808355546865,0.020562225998083654,False
2026-08-27,2027-08-20,0.9801505817932923,SPX270820C08950000,2026-08-27T19:59:23+00:00,-0.6166666666666667,call,reference-session last trade,8950.0,8011.137643500851,0.9479231815147929,141.6,142.9,140.4,1782.0,43.0,140.4,0.11082075338877598,0.1429197492653986,0.02002060942743386,2327.0020803689777,3.361574159397918,0.0014445943936865304,20,train,seeded_stratified,flat,192.50915947643273,52.10915947643272,0.022393258655003054,False
2026-08-27,2027-08-20,0.9801505817932923,SPX270820C09100000,2026-08-27T19:50:37+00:00,-9.383333333333333,call,reference-session last trade,9100.0,8011.137643500851,0.9479231815147929,111.1,112.5,107.55,132.0,1.0,107.55,0.12744163462481628,0.13952604669191365,0.019081098805091627,2083.680212345836,3.361574159397918,0.001613286981121451,21,holdout,seeded_stratified,flat,162.91723938827343,55.36723938827343,0.026571850642061925,False
2026-08-27,2027-08-20,0.9801505817932923,SPX270820C09300000,2026-08-27T13:36:04+00:00,-383.93333333333334,call,reference-session last trade,9300.0,8011.137643500851,0.9479231815147929,78.9,80.1,72.6,154.0,100.0,72.6,0.14918162126122222,0.13502142306451817,0.017868914216891445,1729.8094018684856,3.361574159397918,0.0019433205506727224,22,train,seeded_stratified,flat,129.54223152552402,56.94223152552402,0.03291821137289277,False
2026-08-27,2027-08-20,0.9801505817932923,SPX270820C09600000,2026-08-27T18:43:33+00:00,-76.45,call,reference-session last trade,9600.0,8011.137643500851,0.9479231815147929,46.0,46.9,44.16,437.0,20.0,44.16,0.1809303195758024,0.13435327847044043,0.017692505489392323,1298.8902120316588,3.361574159397918,0.002588035638624078,23,train,seeded_stratified,flat,90.59306759535818,46.43306759535818,0.03574826198954099,False
2026-08-27,2027-08-20,0.9801505817932923,SPX270820C10200000,2026-08-27T14:52:27+00:00,-307.55,call,reference-session last trade,10200.0,8011.137643500851,0.9479231815147929,14.5,15.1,13.99,817.0,2.0,13.99,0.24155494139223724,0.13179370213097683,0.017024803865454168,608.594357173919,3.361574159397918,0.005523505303282455,24,holdout,seeded_stratified,flat,42.31504926334422,28.32504926334422,0.04654175466705769,False
2026-08-27,2026-09-18,0.06023271731690623,SPX260918P05475000,2026-08-27T19:59:48+00:00,-0.2,put,reference-session last trade,5475.0,7741.608398158938,0.9959553475339589,0.4,0.6,0.5,1236.0,1.0,2257.940754911775,-0.34641719369064733,0.49473259129427516,0.014742580182210712,10.821587764389916,3.1068981283412995,0.2871018741413364,0,train,seeded_stratified,svi,2257.9647485713003,0.023993659525331168,0.0022172032466701384,True
2026-08-27,2026-09-18,0.06023271731690623,SPX260918P05825000,2026-08-27T14:17:49+00:00,-342.18333333333334,put,reference-session last trade,5825.0,7741.608398158938,0.9959553475339589,0.75,0.9,0.95,1444.0,1.0,1909.8063832748894,-0.28445046994144757,0.44016043232058366,0.011669559304515123,20.41192024445222,3.1068981283412995,0.1522099876510015,1,train,seeded_stratified,svi,1909.7647707589392,-0.041612515950191664,-0.002038637984660046,True
2026-08-27,2026-09-18,0.06023271731690623,SPX260918P05960000,2026-08-27T14:20:50+00:00,-339.1666666666667,put,reference-session last trade,5960.0,7741.608398158938,0.9959553475339589,0.9,1.05,1.15,205.0,1.0,1775.552411357805,-0.2615389883159535,0.41638874372387547,0.010443123586033783,25.01610755957548,3.1068981283412995,0.12419590541583132,2,train,seeded_stratified,svi,1775.5159162518214,-0.03649510598370398,-0.001458864289609862,True
2026-08-27,2026-09-18,0.06023271731690623,SPX260918P06080000,2026-08-27T14:28:37+00:00,-331.3833333333333,put,reference-session last trade,6080.0,7741.608398158938,0.9959553475339589,1.1,1.3,1.35,498.0,1.0,1656.2377696537299,-0.24160477341513617,0.39471778853743006,0.009384385809536882,29.800413540962495,3.1068981283412995,0.10425687965942747,3,train,seeded_stratified,svi,1656.2183153995977,-0.019454254132142523,-0.0006528182605721716,True
2026-08-27,2026-09-18,0.06023271731690623,SPX260918P06140000,2026-08-27T14:38:49+00:00,-321.18333333333334,put,reference-session last trade,6140.0,7741.608398158938,0.9959553475339589,1.15,1.35,1.45,228.0,1.0,1596.5804488016925,-0.23178472723416077,0.38344024544785404,0.008855800904149027,32.340786649943965,3.1068981283412995,0.09606748784345612,4,holdout,seeded_stratified,svi,1596.5838578796627,0.003409077970218277,0.0001054111023061396,True
2026-08-27,2026-09-18,0.06023271731690623,SPX260918P06210000,2026-08-27T14:17:48+00:00,-342.2,put,reference-session last trade,6210.0,7741.608398158938,0.9959553475339589,1.3,1.45,1.65,494.0,1.0,1527.0635744743154,-0.22044857344782448,0.37228125547075974,0.008347853059130656,36.76524736777681,3.1068981283412995,0.08450638444675242,5,train,seeded_stratified,svi,1527.0241914725182,-0.039383001797205,-0.001071201871790547,True
2026-08-27,2026-09-18,0.06023271731690623,SPX260918P06310000,2026-08-27T16:54:32+00:00,-185.46666666666667,put,reference-session last trade,6310.0,7741.608398158938,0.9959553475339589,1.55,1.75,1.8,976.0,151.0,1427.6180397209193,-0.2044737928400901,0.3518707211839501,0.007457593695779025,41.27606654016315,3.1068981283412995,0.07527117743446246,6,holdout,seeded_stratified,svi,1427.6830933060469,0.06505358512754356,0.001576060671000324,True
2026-08-27,2026-09-18,0.06023271731690623,SPX260918P06400000,2026-08-27T19:55:05+00:00,-4.916666666666667,put,reference-session last trade,6400.0,7741.608398158938,0.9959553475339589,1.7,1.9,2.1,17606.0,26.0,1338.282058442863,-0.19031147902758577,0.33668442847935637,0.00682776426110981,48.34204217233265,3.1068981283412995,0.06426907074520435,7,train,seeded_stratified,svi,1338.3119596590889,0.02990121622588049,0.0006185344036415925,True
2026-08-27,2026-09-18,0.06023271731690623,SPX260918P06625000,2026-08-27T17:58:26+00:00,-121.56666666666666,put,reference-session last trade,6625.0,7741.608398158938,0.9959553475339589,2.45,2.6,2.93,2184.0,23.0,1115.0221052477225,-0.15575909752092598,0.2955235991128272,0.0052603760381031575,69.55115034350275,3.1068981283412995,0.04467069362615562,8,train,seeded_stratified,svi,1115.09364830876,0.07154306103757335,0.0010286395075312608,True
2026-08-27,2026-09-18,0.06023271731690623,SPXW260918P06790000,2026-08-27T18:57:20+00:00,-62.666666666666664,put,reference-session last trade,6790.0,7741.608398158938,0.9959553475339589,3.4,3.6,4.13,116.0,1.0,951.8894729046191,-0.13115852782260717,0.2683594247148257,0.004337766402004075,97.28063007766478,3.1068981283412995,0.03193747949474507,9,train,seeded_stratified,svi,951.7076676468648,-0.18180525775426304,-0.0018688741798764804,True
2026-08-27,2026-09-18,0.06023271731690623,SPXW260918P06870000,2026-08-27T14:52:45+00:00,-307.25,put,reference-session last trade,6870.0,7741.608398158938,0.9959553475339589,3.8,4.0,4.5,83.0,2.0,872.5830451019025,-0.11944536315895393,0.2513219814900629,0.0038044633658097563,108.99971210524686,3.1068981283412995,0.028503727838669626,10,train,seeded_stratified,svi,872.6482218176794,0.06517671577694273,0.0005979531002247973,True
2026-08-27,2026-09-18,0.06023271731690623,SPXW260918P06950000,2026-08-27T19:16:58+00:00,-43.03333333333333,put,reference-session last trade,6950.0,7741.608398158938,0.9959553475339589,4.6,4.8,5.3,2350.0,39.0,793.7066172991857,-0.1078678098165111,0.23715254157077256,0.003387568009353851,128.36387081276158,3.1068981283412995,0.024203836396248814,11,holdout,seeded_stratified,svi,793.7458806134066,0.039263314220875145,0.00030587511869400324,True
2026-08-27,2026-09-18,0.06023271731690623,SPX260918P07075000,2026-08-27T19:48:03+00:00,-11.95,put,reference-session last trade,7075.0,7741.608398158938,0.9959553475339589,5.6,5.9,5.75,1995.0,4.0,669.6621988574409,-0.09004202586391061,0.20715184506967296,0.002584699554132609,150.33746127890825,3.1068981283412995,0.02066616066222734,12,holdout,seeded_stratified,svi,670.9430541176756,1.2808552602347163,0.008519867565532817,True
2026-08-27,2026-09-18,0.06023271731690623,SPXW260918P07135000,2026-08-27T16:47:29+00:00,-192.51666666666668,put,reference-session last trade,7135.0,7741.608398158938,0.9959553475339589,6.8,7.1,7.7,65.0,22.0,611.8548780054034,-0.0815972184644121,0.20228996060019444,0.0024647967679995095,187.70224130524178,3.1068981283412995,0.016552269737093096,13,train,seeded_stratified,svi,612.3141880858403,0.45931008043692145,0.002447014362977107,True
2026-08-27,2026-09-18,0.06023271731690623,SPX260918P07230000,2026-08-27T14:18:39+00:00,-341.35,put,reference-session last trade,7230.0,7741.608398158938,0.9959553475339589,8.4,8.8,10.8,608.0,1.0,520.3391199896772,-0.06837043322253855,0.18923011859250669,0.0021568154174284766,246.7775029685665,3.1068981283412995,0.012589875863753446,14,train,seeded_stratified,svi,520.156590823655,-0.18252916602216374,-0.0007396507535187012,True
2026-08-27,2026-09-18,0.06023271731690623,SPX260918P07285000,2026-08-27T20:10:10+00:00,10.166666666666666,put,reference-session last trade,7285.0,7741.608398158938,0.9959553475339589,10.0,10.5,11.7,659.0,37.0,466.4615758753095,-0.06079202974604377,0.17617356637166853,0.0018694504058548373,272.4720580014003,3.1068981283412995,0.011402630240805582,15,train,seeded_stratified,svi,467.3496975072659,0.8881216319563805,0.00325949617906074,True
2026-08-27,2026-09-18,0.06023271731690623,SPXW260918P07465000,2026-08-27T18:51:55+00:00,-68.08333333333333,put,reference-session last trade,7465.0,7741.608398158938,0.9959553475339589,20.8,21.1,26.05,131.0,7.0,301.5396133191969,-0.03638403840205821,0.15499927049790516,0.0014470774122037535,469.1049744936451,3.1068981283412995,0.006623033856536919,16,train,seeded_stratified,svi,299.9053934442385,-1.6342198749584327,-0.0034836976024874176,True
2026-08-27,2026-09-18,0.06023271731690623,SPXW260918P07560000,2026-08-27T17:40:01+00:00,-139.98333333333332,put,reference-session last trade,7560.0,7741.608398158938,0.9959553475339589,31.5,31.9,35.5,192.0,50.0,216.3738553034708,-0.023738279201770206,0.1357425458362577,0.0011098503833056469,578.668622640051,3.1068981283412995,0.005369045437726943,17,holdout,seeded_stratified,svi,217.8653071168978,1.4914518134270054,0.0025773849748800576,True
2026-08-27,2026-09-18,0.06023271731690623,SPXW260918C07805000,2026-08-27T19:09:31+00:00,-50.483333333333334,call,reference-session last trade,7805.0,7741.608398158938,0.9959553475339589,53.6,54.2,51.18,131.0,44.0,51.18,0.008155084574183433,0.10389965749312098,0.0006502205453747644,720.149749439073,3.1068981283412995,0.004314238990933862,18,holdout,seeded_stratified,svi,56.59417860224258,5.414178602242579,0.007518128842591003,False
2026-08-27,2026-09-18,0.06023271731690623,SPX260918C07905000,2026-08-27T19:50:40+00:00,-9.333333333333334,call,reference-session last trade,7905.0,7741.608398158938,0.9959553475339589,20.5,21.2,20.04,293.0,6.0,20.04,0.02088600126822348,0.0982013774479675,0.0005808548438574127,523.9893297293258,3.1068981283412995,0.005929315640733013,19,train,seeded_stratified,svi,23.18264805736006,3.1426480573600593,0.005997542085415058,False
2026-08-27,2026-09-18,0.06023271731690623,SPXW260918C07990000,2026-08-27T17:30:18+00:00,-149.7,call,reference-session last trade,7990.0,7741.608398158938,0.9959553475339589,8.0,8.3,10.36,275.0,14.0,10.36,0.03158129038497148,0.10393223117447335,0.0006506283118190055,356.32384928487073,3.1068981283412995,0.008719310073060597,20,train,seeded_stratified,svi,8.927010059339876,-1.4329899406601232,-0.004021594242249243,True
2026-08-27,2026-09-18,0.06023271731690623,SPX260918C08080000,2026-08-27T17:08:38+00:00,-171.36666666666667,call,reference-session last trade,8080.0,7741.608398158938,0.9959553475339589,2.5,2.7,3.55,1444.0,1.0,3.55,0.042782403139792036,0.10212639675729217,0.0006282152501623896,179.6738468981727,3.1068981283412995,0.017291877376578266,21,train,seeded_stratified,svi,2.7302240896742966,-0.8197759103257032,-0.004562577829094393,True
2026-08-27,2026-09-18,0.06023271731690623,SPXW260918C08280000,2026-08-27T15:30:04+00:00,-269.93333333333334,call,reference-session last trade,8280.0,7741.608398158938,0.9959553475339589,0.6,0.75,0.78,69.0,20.0,0.78,0.06723349900395653,0.11774270265444674,0.0008350268819280386,52.112801297135604,3.1068981283412995,0.05961871269645355,22,train,seeded_stratified,svi,0.15340507794410535,-0.6265949220558946,-0.012023819607838576,True
2026-08-27,2026-09-18,0.06023271731690623,SPX260918C08380000,2026-08-27T15:56:16+00:00,-243.73333333333332,call,reference-session last trade,8380.0,7741.608398158938,0.9959553475339589,0.35,0.5,0.53,156.0,70.0,0.53,0.07923844510077975,0.1297310320851168,0.0010137251063357462,35.489441250686994,3.1068981283412995,0.08754429539747001,23,holdout,seeded_stratified,svi,0.041142282651802226,-0.48885771734819783,-0.013774736939222302,True
2026-08-27,2026-09-18,0.06023271731690623,SPX260918C08675000,2026-08-27T17:13:13+00:00,-166.78333333333333,call,reference-session last trade,8675.0,7741.608398158938,0.9959553475339589,0.05,0.25,0.25,347.0,1.0,0.25,0.113835856439711,0.1654965318282324,0.0016497200411712775,15.733618536975712,3.1068981283412995,0.1974687590804208,24,holdout,seeded_stratified,svi,0.0025928614429898494,-0.24740713855701016,-0.01572474494507265,True
2026-08-27,2026-11-20,0.2327173169062286,SPX261120P05500000,2026-08-27T17:45:42+00:00,-134.3,put,reference-session last trade,5500.0,7784.875446624804,0.9999999999999999,8.6,9.1,8.56,9700.0,1.0,2293.4354466248033,-0.34743471377051904,0.3536123307173027,0.029099364372354438,157.67941674060665,8.384553375196333,0.05317468537437256,0,train,seeded_stratified,svi,2293.1883847908325,-0.2470618339707471,-0.0015668616682999316,True
2026-08-27,2026-11-20,0.2327173169062286,SPX261120P05725000,2026-08-27T20:10:11+00:00,10.183333333333334,put,reference-session last trade,5725.0,7784.875446624804,0.9999999999999999,10.8,11.2,11.0,371.0,15.0,2070.8754466248033,-0.3073402565686409,0.33090219363396456,0.025481676246133962,200.68342514561533,8.384553375196333,0.041779999365231704,1,holdout,seeded_stratified,svi,2070.5892466025903,-0.28620002221305185,-0.0014261268562931189,True
2026-08-27,2026-11-20,0.2327173169062286,SPX261120P06025000,2026-08-27T19:56:06+00:00,-3.9,put,reference-session last trade,6025.0,7784.875446624804,0.9999999999999999,14.8,15.2,14.7,277.0,1.0,1774.5754466248036,-0.2562653266322255,0.29817606914045575,0.02069065653027947,268.89490765490046,8.384553375196333,0.031181525333893876,2,train,seeded_stratified,svi,1774.8553110986002,0.27986447379657875,0.0010407949939898328,True
2026-08-27,2026-11-20,0.2327173169062286,SPXW261120P06250000,2026-08-27T19:59:30+00:00,-0.5,put,reference-session last trade,6250.0,7784.875446624804,0.9999999999999999,19.1,19.5,19.3,128.0,15.0,1554.1754466248035,-0.21960134226063402,0.27639295177118334,0.01777798883517304,345.05583919709306,8.384553375196333,0.024299120382098926,3,train,seeded_stratified,svi,1554.1811842325849,0.005737607781384213,1.6628055895923958e-05,True
2026-08-27,2026-11-20,0.2327173169062286,SPX261120P06525000,2026-08-27T19:55:48+00:00,-4.2,put,reference-session last trade,6525.0,7784.875446624804,0.9999999999999999,25.8,26.3,25.9,480.0,3.0,1285.7754466248036,-0.17654185280018714,0.24696321502264446,0.014193622214421022,456.7176739738905,8.384553375196333,0.0183582853324736,4,holdout,seeded_stratified,svi,1286.4871418075015,0.7116951826978948,0.0015582825523379697,True
2026-08-27,2026-11-20,0.2327173169062286,SPX261120P06770000,2026-08-27T19:51:49+00:00,-8.183333333333334,put,reference-session last trade,6770.0,7784.875446624804,0.9999999999999999,35.0,35.6,35.6,236.0,1.0,1050.4754466248037,-0.13968171908476057,0.2229347339807226,0.011566026358055365,600.2142135319554,8.384553375196333,0.013969268281498203,5,train,seeded_stratified,svi,1051.0176305496932,0.542183924889514,0.0009033173701419653,True
2026-08-27,2026-11-20,0.2327173169062286,SPXW261120P06875000,2026-08-27T19:57:23+00:00,-2.6166666666666667,put,reference-session last trade,6875.0,7784.875446624804,0.9999999999999999,41.0,41.4,41.5,97.0,1.0,951.3754466248037,-0.12429116245630915,0.21327803296053283,0.01058573345434278,677.8257286798826,8.384553375196333,0.012369777393262855,6,train,seeded_stratified,svi,951.4561297775916,0.08068315278796945,0.0001190322960226164,True
2026-08-27,2026-11-20,0.2327173169062286,SPX261120P06980000,2026-08-27T15:25:02+00:00,-274.96666666666664,put,reference-session last trade,6980.0,7784.875446624804,0.9999999999999999,46.7,47.5,48.29,420.0,2.0,853.1654466248036,-0.10913388923466313,0.2032480618358852,0.009613499916231963,762.6608248398801,8.384553375196333,0.0109938167821281,7,train,seeded_stratified,svi,853.0501696417185,-0.11527698308509571,-0.0001511510481861947,True
2026-08-27,2026-11-20,0.2327173169062286,SPX261120P07040000,2026-08-27T19:35:19+00:00,-24.683333333333334,put,reference-session last trade,7040.0,7784.875446624804,0.9999999999999999,51.3,51.8,52.92,456.0,100.0,797.7954466248036,-0.10057463583899322,0.19769434029650265,0.009095303041062007,816.1021544051524,8.384553375196333,0.010273901778028926,8,holdout,seeded_stratified,svi,797.4673101562556,-0.3281364685479957,-0.00040207768938824905,True
2026-08-27,2026-11-20,0.2327173169062286,SPX261120P07130000,2026-08-27T15:01:44+00:00,-298.26666666666665,put,reference-session last trade,7130.0,7784.875446624804,0.9999999999999999,58.2,59.0,60.97,158.0,42.0,715.8454466248037,-0.08787157158273957,0.18944519540892804,0.008352103970978204,902.1770286986886,8.384553375196333,0.009293689717737901,9,train,seeded_stratified,svi,715.1950756840823,-0.6503709407213591,-0.0007208906013262855,True
2026-08-27,2026-11-20,0.2327173169062286,SPX261120P07220000,2026-08-27T19:08:22+00:00,-51.63333333333333,put,reference-session last trade,7220.0,7784.875446624804,0.9999999999999999,67.2,67.8,71.1,504.0,3.0,635.9754466248037,-0.0753278531042093,0.181784363707217,0.0076902728693147415,996.73286841459,8.384553375196333,0.008412036605688402,10,train,seeded_stratified,svi,634.5579377994426,-1.4175088253610966,-0.0014221551935131784,True
2026-08-27,2026-11-20,0.2327173169062286,SPX261120P07290000,2026-08-27T19:35:19+00:00,-24.683333333333334,put,reference-session last trade,7290.0,7784.875446624804,0.9999999999999999,75.2,75.9,78.64,534.0,100.0,573.5154466248038,-0.06567925998837744,0.17427242631149178,0.0070678293734757515,1067.571819861303,8.384553375196333,0.007853854156890015,11,holdout,seeded_stratified,svi,573.249353829511,-0.2660927952927068,-0.00024925048633006917,True
2026-08-27,2026-11-20,0.2327173169062286,SPX261120P07390000,2026-08-27T19:51:52+00:00,-8.133333333333333,put,reference-session last trade,7390.0,7784.875446624804,0.9999999999999999,89.2,90.0,92.2,408.0,25.0,487.0754466248037,-0.05205507104883375,0.1641969242760681,0.006274205462139005,1175.3017784850435,8.384553375196333,0.007133957872508258,12,train,seeded_stratified,svi,488.35767440448575,1.2822277796820458,0.0010909774860843222,True
2026-08-27,2026-11-20,0.2327173169062286,SPX261120P07475000,2026-08-27T19:37:33+00:00,-22.45,put,reference-session last trade,7475.0,7784.875446624804,0.9999999999999999,104.4,105.3,108.34,3178.0,202.0,418.2154466248037,-0.04061868673219403,0.1573464970791937,0.005761596747879207,1271.3387415394502,8.384553375196333,0.006595058501122658,13,train,seeded_stratified,svi,419.30602952381736,1.0905828990136683,0.0008578224381749693,True
2026-08-27,2026-11-20,0.2327173169062286,SPXW261120P07550000,2026-08-27T19:58:14+00:00,-1.7666666666666666,put,reference-session last trade,7550.0,7784.875446624804,0.9999999999999999,121.2,122.1,124.84,164.0,3.0,359.71544662480375,-0.03063524274801089,0.15107646143540465,0.005311562661154501,1349.7921342767659,8.384553375196333,0.006211736727662051,14,holdout,seeded_stratified,svi,361.31609612721326,1.6006495024095102,0.0011858488887010418,True
2026-08-27,2026-11-20,0.2327173169062286,SPX261120P07680000,2026-08-27T14:53:37+00:00,-306.3833333333333,put,reference-session last trade,7680.0,7784.875446624804,0.9999999999999999,156.9,157.9,165.05,181.0,35.0,269.9254466248038,-0.013563258849363376,0.1434317878573276,0.004787618371733611,1458.9055458867686,8.384553375196333,0.005747152993444781,15,train,seeded_stratified,svi,268.95021747482855,-0.9752291499752346,-0.0006684662709829235,True
2026-08-27,2026-11-20,0.2327173169062286,SPXW261120P07725000,2026-08-27T15:28:04+00:00,-271.93333333333334,put,reference-session last trade,7725.0,7784.875446624804,0.9999999999999999,172.9,173.7,180.22,70.0,5.0,240.09544662480377,-0.0077209832251350806,0.13992568828247073,0.004556418481895878,1481.873427740565,8.384553375196333,0.005658076606434862,16,train,seeded_stratified,svi,239.82527792697326,-0.27016869783051334,-0.00018231563693158577,True
2026-08-27,2026-11-20,0.2327173169062286,SPX261120C07845000,2026-08-27T17:06:23+00:00,-173.61666666666667,call,reference-session last trade,7845.0,7784.875446624804,0.9999999999999999,172.5,173.6,176.4,74.0,2.0,176.4,0.007693580176051764,0.1363683657616582,0.004327688296626854,1492.9380812472377,8.384553375196333,0.0056161427459815805,17,holdout,seeded_stratified,svi,170.55880543471946,-5.841194565280546,-0.00391254978264113,True
2026-08-27,2026-11-20,0.2327173169062286,SPX261120C07920000,2026-08-27T15:19:51+00:00,-280.15,call,reference-session last trade,7920.0,7784.875446624804,0.9999999999999999,137.1,138.1,134.88,61.0,6.0,134.88,0.017208399817390377,0.1290847602549084,0.0038777396387562222,1453.8499230370749,8.384553375196333,0.0057671381635327965,18,train,seeded_stratified,svi,134.05298353208534,-0.8270164679146603,-0.0005688458312031498,True
2026-08-27,2026-11-20,0.2327173169062286,SPX261120C07980000,2026-08-27T19:39:40+00:00,-20.333333333333332,call,reference-session last trade,7980.0,7784.875446624804,0.9999999999999999,110.6,111.6,106.91,509.0,50.0,106.91,0.024755605452773277,0.12437234580841815,0.00359978325574413,1392.4780278836718,8.384553375196333,0.006021318259462534,19,train,seeded_stratified,svi,108.80537531373419,1.895375313734192,0.0013611527620402298,True
2026-08-27,2026-11-20,0.2327173169062286,SPX261120C08060000,2026-08-27T18:53:29+00:00,-66.51666666666667,call,reference-session last trade,8060.0,7784.875446624804,0.9999999999999999,81.8,82.8,77.5,33.0,1.0,77.5,0.03473075050959271,0.12013077285879092,0.0033584372893916098,1273.3397229489456,8.384553375196333,0.0065846947394199145,20,holdout,seeded_stratified,svi,80.59706662136703,3.097066621367034,0.0024322390682939613,True
2026-08-27,2026-11-20,0.2327173169062286,SPX261120C08180000,2026-08-27T19:34:24+00:00,-25.6,call,reference-session last trade,8180.0,7784.875446624804,0.9999999999999999,50.8,51.7,48.69,19.0,1.0,48.69,0.04950934460571146,0.11846990945766293,0.003266215340142594,1054.8446982137298,8.384553375196333,0.00794861403711343,21,train,seeded_stratified,svi,49.222619327867726,0.532619327867728,0.000504926771466609,True
2026-08-27,2026-11-20,0.2327173169062286,SPXW261120C08240000,2026-08-27T16:03:14+00:00,-236.76666666666668,call,reference-session last trade,8240.0,7784.875446624804,0.9999999999999999,39.9,40.4,39.1,37.0,11.0,39.1,0.05681753791243609,0.11905190979722304,0.003298385665273432,944.5088697872729,8.384553375196333,0.008877156841401335,22,train,seeded_stratified,svi,37.85470434055127,-1.245295659448729,-0.0013184584065676385,True
2026-08-27,2026-11-20,0.2327173169062286,SPXW261120C08350000,2026-08-27T18:38:21+00:00,-81.65,call,reference-session last trade,8350.0,7784.875446624804,0.9999999999999999,23.8,24.3,22.9,340.0,20.0,22.9,0.0700787328538199,0.11627193689998934,0.003146143412430893,710.66156329422,8.384553375196333,0.01179823675327303,23,holdout,seeded_stratified,svi,22.967848598814268,0.06784859881426897,9.547244753151096e-05,True
2026-08-27,2026-11-20,0.2327173169062286,SPX261120C09100000,2026-08-27T13:44:38+00:00,-375.3666666666667,call,reference-session last trade,9100.0,7784.875446624804,0.9999999999999999,0.95,1.2,1.05,915.0,32.0,1.05,0.15609160751386011,0.12938798141564853,0.003895978719943539,71.00167418927643,8.384553375196333,0.11808951649287552,24,train,seeded_stratified,svi,1.248052120176389,0.19805212017638896,0.0027894007069244756,True
2026-08-27,2027-02-19,0.48186173853524983,SPX270219P05625000,2026-08-27T20:10:10+00:00,10.166666666666666,put,reference-session last trade,5625.0,7872.481980038706,0.967163927214507,31.0,31.6,31.3,663.0,3.0,2204.983498158071,-0.3361524369242269,0.3026607405691562,0.044140233273673196,492.830920219106,1.5243562709430591,0.003093061349043097,0,train,seeded_stratified,svi,2205.000601534371,0.01710337629992864,3.470434909466457e-05,True
2026-08-27,2027-02-19,0.48186173853524983,SPX270219P05800000,2026-08-27T19:34:42+00:00,-25.3,put,reference-session last trade,5800.0,7872.481980038706,0.967163927214507,36.0,36.6,36.56,1722.0,150.0,2040.9898108955322,-0.3055154674623372,0.28941024709015545,0.04035991577620295,566.5750106517871,1.5243562709430591,0.002690475651563668,1,train,seeded_stratified,svi,2041.1979422610798,0.20813136554761513,0.00036735006245365657,True
2026-08-27,2027-02-19,0.48186173853524983,SPX270219P05950000,2026-08-27T18:54:37+00:00,-65.38333333333334,put,reference-session last trade,5950.0,7872.481980038706,0.967163927214507,40.9,41.5,42.25,315.0,1.0,1901.6052218133561,-0.27998216545717236,0.2788679358652692,0.03747309874075575,641.0632353701202,1.5243562709430591,0.0023778563281092956,2,train,seeded_stratified,svi,1901.5229097404429,-0.08231207291328246,-0.00012839930348799254,True
2026-08-27,2027-02-19,0.48186173853524983,SPX270219P06125000,2026-08-27T13:47:30+00:00,-372.5,put,reference-session last trade,6125.0,7872.481980038706,0.967163927214507,47.6,48.5,50.89,267.0,12.0,1740.9915345508175,-0.2509946285839201,0.26780614662511676,0.034559187575507355,744.3277019121693,1.5243562709430591,0.0020479639102871025,3,train,seeded_stratified,svi,1739.586007656809,-1.405526894008517,-0.0018883173236703868,True
2026-08-27,2027-02-19,0.48186173853524983,SPX270219P06200000,2026-08-27T20:09:55+00:00,9.916666666666666,put,reference-session last trade,6200.0,7872.481980038706,0.967163927214507,51.2,51.9,52.2,1121.0,5.0,1669.7642400097293,-0.23882409296366489,0.2593762844124177,0.03241775774714329,773.2264146436344,1.5243562709430591,0.001971422913229893,4,train,seeded_stratified,svi,1670.575159470729,0.8109194609996848,0.0010487477479328257,True
2026-08-27,2027-02-19,0.48186173853524983,SPX270219P06300000,2026-08-27T17:31:38+00:00,-148.36666666666667,put,reference-session last trade,6300.0,7872.481980038706,0.967163927214507,56.1,56.9,57.04,1910.0,20.0,1577.8878472882786,-0.2228237516172237,0.2518218928126313,0.030556908318011226,833.8860953919543,1.5243562709430591,0.001828014976345853,5,holdout,seeded_stratified,svi,1578.9803351044823,1.0924878162036293,0.001310116360304729,True
2026-08-27,2027-02-19,0.48186173853524983,SPX270219P06500000,2026-08-27T18:56:52+00:00,-63.13333333333333,put,reference-session last trade,6500.0,7872.481980038706,0.967163927214507,67.9,68.7,70.62,2832.0,5.0,1398.0350618453772,-0.1915712081131193,0.2391743079705626,0.02756458734675637,981.244822538543,1.5243562709430591,0.0015534922946135422,6,holdout,seeded_stratified,svi,1397.4835464286607,-0.5515154167164837,-0.000562056893497464,True
2026-08-27,2027-02-19,0.48186173853524983,SPX270219P06575000,2026-08-27T16:27:51+00:00,-212.15,put,reference-session last trade,6575.0,7872.481980038706,0.967163927214507,72.9,73.8,74.53,333.0,1.0,1329.4077673042893,-0.1800988069508825,0.2325202355643867,0.026052172897077473,1030.6406788117208,1.5243562709430591,0.0014790375562320796,7,train,seeded_stratified,svi,1330.1101424040646,0.7023750997752813,0.0006814936710872756,True
2026-08-27,2027-02-19,0.48186173853524983,SPX270219P06675000,2026-08-27T16:43:04+00:00,-196.93333333333334,put,reference-session last trade,6675.0,7872.481980038706,0.967163927214507,80.3,81.5,81.51,3536.0,2.0,1239.6713745828386,-0.16500418072839748,0.22484842048371095,0.024361393418610447,1106.9954131808793,1.5243562709430591,0.0013770213072183566,8,train,seeded_stratified,svi,1240.9731751803893,1.3018005975507094,0.0011759765054582024,True
2026-08-27,2027-02-19,0.48186173853524983,SPX270219P06775000,2026-08-27T19:27:40+00:00,-32.333333333333336,put,reference-session last trade,6775.0,7872.481980038706,0.967163927214507,89.1,89.8,91.52,1912.0,18.0,1152.9649818613877,-0.1501340182489462,0.21907435787166168,0.023126267139578476,1198.0692179669727,1.5243562709430591,0.0012723440750191124,9,train,seeded_stratified,svi,1152.7438731460018,-0.22110871538598076,-0.00018455420777873293,True
2026-08-27,2027-02-19,0.48186173853524983,SPX270219P06825000,2026-08-27T15:00:55+00:00,-299.0833333333333,put,reference-session last trade,6825.0,7872.481980038706,0.967163927214507,93.7,94.6,96.43,442.0,1.0,1109.5167855006625,-0.14278104394368735,0.21574982508272791,0.022429693952328744,1242.782207872197,1.5243562709430591,0.0012265675041751307,10,train,seeded_stratified,svi,1109.014669410662,-0.502116090000527,-0.00040402581145751546,True
2026-08-27,2027-02-19,0.48186173853524983,SPX270219P07025000,2026-08-27T20:09:47+00:00,9.783333333333333,put,reference-session last trade,7025.0,7872.481980038706,0.967163927214507,115.1,115.9,117.8,447.0,16.0,937.454000057761,-0.11389816979490133,0.2015380342762291,0.01957205735728149,1426.4543387536942,1.5243562709430591,0.0010686330641854983,11,holdout,seeded_stratified,svi,937.1843596104035,-0.269640447357574,-0.000189028446289533,True
2026-08-27,2027-02-19,0.48186173853524983,SPX270219P07200000,2026-08-27T19:38:59+00:00,-21.016666666666666,put,reference-session last trade,7200.0,7872.481980038706,0.967163927214507,139.1,139.9,141.7,1621.0,142.0,792.1003127952224,-0.08929235899270115,0.18952249671657462,0.0173078842164446,1598.165970615671,1.5243562709430591,0.0009538159984446561,12,holdout,seeded_stratified,svi,791.929976532878,-0.1703362623444491,-0.0001065823359252415,True
2026-08-27,2027-02-19,0.48186173853524983,SPX270219P07250000,2026-08-27T19:36:46+00:00,-23.233333333333334,put,reference-session last trade,7250.0,7872.481980038706,0.967163927214507,146.5,147.6,149.7,1309.0,204.0,751.7421164344971,-0.08237191614812735,0.18620922846239213,0.01670801453952757,1648.1836316786523,1.5243562709430591,0.0009248704098526469,13,train,seeded_stratified,svi,751.5230767635487,-0.21903967094840482,-0.00013289761331103375,True
2026-08-27,2027-02-19,0.48186173853524983,SPX270219P07375000,2026-08-27T17:43:05+00:00,-136.91666666666666,put,reference-session last trade,7375.0,7872.481980038706,0.967163927214507,168.7,170.0,172.16,488.0,5.0,653.3066255326837,-0.06527748278882724,0.17802498636502928,0.01527159385507822,1771.698297715044,1.5243562709430591,0.0008603926937837095,14,train,seeded_stratified,svi,653.0760721728294,-0.23055335985429792,-0.00013013127582254958,True
2026-08-27,2027-02-19,0.48186173853524983,SPX270219P07450000,2026-08-27T19:21:04+00:00,-38.93333333333333,put,reference-session last trade,7450.0,7872.481980038706,0.967163927214507,184.8,185.8,189.9,404.0,16.0,598.5093309915957,-0.05515935262324263,0.17446609825081522,0.01466710970907572,1845.712123134383,1.5243562709430591,0.0008258905881565115,15,train,seeded_stratified,svi,596.0246612788839,-2.4846697127118205,-0.0013461848581740696,False
2026-08-27,2027-02-19,0.48186173853524983,SPX270219P07625000,2026-08-27T16:50:12+00:00,-189.8,put,reference-session last trade,7625.0,7872.481980038706,0.967163927214507,228.8,229.8,230.35,2399.0,6.0,469.705643729057,-0.031941062521235436,0.16227154135684385,0.012688408902508845,1990.2070503622772,1.5243562709430591,0.0007659284850114368,16,train,seeded_stratified,svi,470.06676666058723,0.36112293153024666,0.00018144993078208195,True
2026-08-27,2027-02-19,0.48186173853524983,SPX270219C07875000,2026-08-27T19:25:12+00:00,-34.8,call,reference-session last trade,7875.0,7872.481980038706,0.967163927214507,313.2,314.7,303.64,565.0,3.0,303.64,0.0003197996969859973,0.14461880109558828,0.010077944374913779,2106.217385348798,1.5243562709430591,0.0007237411871854907,17,holdout,seeded_stratified,svi,312.28980212575954,8.64980212575955,0.0041067945720745765,False
2026-08-27,2027-02-19,0.48186173853524983,SPX270219C08025000,2026-08-27T19:04:20+00:00,-55.666666666666664,call,reference-session last trade,8025.0,7872.481980038706,0.967163927214507,233.7,235.1,226.5,154.0,5.0,226.5,0.019188284001368752,0.13833673796474288,0.00922141366310134,2084.3897798802304,1.5243562709430591,0.0007313201617360881,18,holdout,seeded_stratified,svi,233.30552298176994,6.80552298176994,0.0032649953705688323,False
2026-08-27,2027-02-19,0.48186173853524983,SPX270219C08150000,2026-08-27T18:21:49+00:00,-98.18333333333334,call,reference-session last trade,8150.0,7872.481980038706,0.967163927214507,180.9,182.3,176.14,604.0,1.0,176.14,0.03464454223806064,0.13561389961510328,0.008861981764028732,2002.6961357113987,1.5243562709430591,0.0007611520508584677,19,train,seeded_stratified,svi,177.804439576061,1.6644395760609996,0.0008310994096314848,False
2026-08-27,2027-02-19,0.48186173853524983,SPX270219C08200000,2026-08-27T19:47:15+00:00,-12.75,call,reference-session last trade,8200.0,7872.481980038706,0.967163927214507,160.1,161.2,156.66,2209.0,4.0,156.66,0.04076076925549664,0.13374409115997282,0.008619293136088852,1952.1325091445008,1.5243562709430591,0.0007808672125495673,20,train,seeded_stratified,svi,158.34018328532127,1.6801832853212773,0.0008606912068984487,False
2026-08-27,2027-02-19,0.48186173853524983,SPX270219C08550000,2026-08-27T16:00:15+00:00,-239.75,call,reference-session last trade,8550.0,7872.481980038706,0.967163927214507,67.1,68.3,65.31,147.0,2.0,65.31,0.0825578979339581,0.12676579199997373,0.0077433090205694345,1413.6855523661955,1.5243562709430591,0.0010782852441206783,21,train,seeded_stratified,svi,63.89847204989573,-1.4115279501042721,-0.0009984737749789464,True
2026-08-27,2027-02-19,0.48186173853524983,SPX270219C08750000,2026-08-27T16:07:08+00:00,-232.86666666666667,call,reference-session last trade,8750.0,7872.481980038706,0.967163927214507,37.8,38.6,36.6,22.0,5.0,36.6,0.10568031535481238,0.12401419969290531,0.0074108030764764845,1045.3957975705653,1.5243562709430591,0.0014581618507416695,22,train,seeded_stratified,svi,36.74061821161098,0.14061821161097754,0.00013451193503720362,True
2026-08-27,2027-02-19,0.48186173853524983,SPX270219C08850000,2026-08-27T15:01:51+00:00,-298.15,call,reference-session last trade,8850.0,7872.481980038706,0.967163927214507,27.4,28.2,27.2,104.0,28.0,27.2,0.11704407400512731,0.12331365235369457,0.00732731336563499,877.0362589931667,1.5243562709430591,0.0017380766819070999,23,holdout,seeded_stratified,svi,28.05829965044358,0.8582996504435805,0.0009786364493400812,True
2026-08-27,2027-02-19,0.48186173853524983,SPX270219C10000000,2026-08-27T14:28:13+00:00,-331.78333333333336,call,reference-session last trade,10000.0,7872.481980038706,0.967163927214507,1.3,1.7,1.45,2296.0,1.0,1.45,0.239211707979335,0.1358969720842035,0.008899016333501006,95.31234155423574,1.5243562709430591,0.015993272708295096,24,holdout,seeded_stratified,svi,4.6688922899136065,3.2188922899136063,0.03377204082308643,False
2026-08-27,2027-08-20,0.9801505817932923,SPX270820P05750000,2026-08-27T14:30:38+00:00,-329.3666666666667,put,reference-session last trade,5750.0,8011.137643500851,0.9479231815147929,88.0,89.2,91.0,32.0,15.0,2234.384788870188,-0.33163292408872896,0.27240776241346354,0.07273304331354792,1182.2561136694133,3.361574159397918,0.0028433552768566133,0,train,seeded_stratified,svi,2233.5194146942717,-0.8653741759162585,-0.0007319684507533344,True
2026-08-27,2027-08-20,0.9801505817932923,SPX270820P05900000,2026-08-27T20:09:15+00:00,9.25,put,reference-session last trade,5900.0,8011.137643500851,0.9479231815147929,98.4,99.5,100.4,1493.0,6.0,2101.596311642969,-0.3058804279863143,0.2635725051249552,0.06809151713595715,1283.8955559852348,3.361574159397918,0.00261826138717204,1,train,seeded_stratified,svi,2102.5508069142993,0.9544952713304156,0.0007434368526947317,True
2026-08-27,2027-08-20,0.9801505817932923,SPX270820P06375000,2026-08-27T20:06:10+00:00,6.166666666666667,put,reference-session last trade,6375.0,8011.137643500851,0.9479231815147929,141.4,142.4,143.7,6.0,2.0,1694.6328004234424,-0.22844868785349828,0.24005768474565528,0.056483815846541004,1673.8442623747983,3.361574159397918,0.0020082956550740395,2,holdout,seeded_stratified,svi,1696.7033698016567,2.070569378214259,0.0012370143535794659,True
2026-08-27,2027-08-20,0.9801505817932923,SPX270820P06450000,2026-08-27T17:39:01+00:00,-140.98333333333332,put,reference-session last trade,6450.0,8011.137643500851,0.9479231815147929,149.3,150.4,151.7,282.0,11.0,1631.538561809833,-0.2167526480903069,0.2362319831709112,0.05469784217517996,1739.6927168414031,3.361574159397918,0.0019322804118541191,3,holdout,seeded_stratified,svi,1634.094586459747,2.5560246499139794,0.0014692391507821643,True
2026-08-27,2027-08-20,0.9801505817932923,SPX270820P06800000,2026-08-27T16:27:03+00:00,-212.95,put,reference-session last trade,6800.0,8011.137643500851,0.9479231815147929,194.9,196.4,199.21,538.0,40.0,1347.2754482796554,-0.163910166715927,0.22043065949588658,0.047625198853369896,2071.7991926232,3.361574159397918,0.001622538598995048,4,train,seeded_stratified,svi,1348.6637451019342,1.3882968222787895,0.0006700923657186116,True
2026-08-27,2027-08-20,0.9801505817932923,SPX270820P06850000,2026-08-27T17:57:20+00:00,-122.66666666666667,put,reference-session last trade,6850.0,8011.137643500851,0.9479231815147929,203.3,204.7,206.5,122.0,2.0,1307.1692892039157,-0.1565841266238542,0.21792983283589482,0.04655069544223797,2118.9557083814575,3.361574159397918,0.0015864296483882722,5,train,seeded_stratified,svi,1308.923749759185,1.754460555269361,0.0008279835903740941,True
2026-08-27,2027-08-20,0.9801505817932923,SPX270820P07000000,2026-08-27T19:09:08+00:00,-50.86666666666667,put,reference-session last trade,7000.0,8011.137643500851,0.9479231815147929,228.0,229.3,233.0,656.0,23.0,1191.4808119766967,-0.13492262984267478,0.21176132339071133,0.04395275344048838,2266.745653218873,3.361574159397918,0.001482995745298703,6,train,seeded_stratified,svi,1191.521355203173,0.04054322647630215,1.788609428619796e-05,True
2026-08-27,2027-08-20,0.9801505817932923,SPX270820P07250000,2026-08-27T18:33:15+00:00,-86.75,put,reference-session last trade,7250.0,8011.137643500851,0.9479231815147929,275.7,277.1,283.49,575.0,8.0,1004.9900165979985,-0.09983131003140472,0.20123982108038305,0.03969361445768739,2504.2025012360145,3.361574159397918,0.0013423731338574757,7,train,seeded_stratified,svi,1002.7914136384827,-2.1986029595158243,-0.0008779653236631808,True
2026-08-27,2027-08-20,0.9801505817932923,SPX270820P07350000,2026-08-27T13:39:51+00:00,-380.15,put,reference-session last trade,7350.0,8011.137643500851,0.9479231815147929,297.4,298.7,311.5,147.0,4.0,938.2076984465192,-0.08613246567324277,0.19900412113593088,0.03881655086108737,2598.4295665091213,3.361574159397918,0.0012936945464002124,8,train,seeded_stratified,svi,930.1212760279326,-8.086422418586608,-0.003112042182251786,False
2026-08-27,2027-08-20,0.9801505817932923,SPX270820P07425000,2026-08-27T18:09:28+00:00,-110.53333333333333,put,reference-session last trade,7425.0,8011.137643500851,0.9479231815147929,315.7,317.1,322.42,193.0,4.0,878.0334598329098,-0.0759800942092248,0.1930319142721049,0.03652170440537732,2655.9377483286694,3.361574159397918,0.0012656825866921362,9,holdout,seeded_stratified,svi,876.8194389091005,-1.2140209238092439,-0.0004570969046895786,True
2026-08-27,2027-08-20,0.9801505817932923,SPX270820P07650000,2026-08-27T17:26:27+00:00,-153.55,put,reference-session last trade,7650.0,8011.137643500851,0.9479231815147929,373.7,375.2,378.4,170.0,79.0,720.7307439920813,-0.046127131059543636,0.181786829308415,0.03239049847770688,2824.7809634150985,3.361574159397918,0.0011900300246054647,10,train,seeded_stratified,svi,723.8745825041564,3.1438385120750354,0.0011129494827358945,True
2026-08-27,2027-08-20,0.9801505817932923,SPX270820P07750000,2026-08-27T20:03:19+00:00,3.316666666666667,put,reference-session last trade,7750.0,8011.137643500851,0.9479231815147929,405.3,406.6,410.4,298.0,1.0,657.938425840602,-0.033139935532732444,0.17815481934596877,0.03110913619963786,2887.1724698572957,3.361574159397918,0.0011643135955657234,11,train,seeded_stratified,svi,659.6597512128691,1.7213253722670743,0.0005961976259603758,True
2026-08-27,2027-08-20,0.9801505817932923,SPX270820P07850000,2026-08-27T13:39:51+00:00,-380.15,put,reference-session last trade,7850.0,8011.137643500851,0.9479231815147929,437.0,438.4,455.65,103.0,2.0,608.3961076891228,-0.020319247103670973,0.17823813879826778,0.031138241247838098,2937.933195311377,3.361574159397918,0.0011441969357106642,12,holdout,seeded_stratified,svi,598.0420028780111,-10.35410481111171,-0.0035242819093489735,False
2026-08-27,2027-08-20,0.9801505817932923,SPX270820C08050000,2026-08-27T19:16:04+00:00,-43.93333333333333,call,reference-session last trade,8050.0,8011.137643500851,0.9479231815147929,490.5,492.8,479.6,195.0,2.0,479.6,0.004839312532483916,0.16575588341836048,0.02692964986675646,2995.1866025562954,3.361574159397918,0.001122325452620856,13,train,seeded_stratified,svi,483.4138726426483,3.8138726426482776,0.0012733339015984046,False
2026-08-27,2027-08-20,0.9801505817932923,SPX270820C08200000,2026-08-27T20:14:39+00:00,14.65,call,reference-session last trade,8200.0,8011.137643500851,0.9479231815147929,411.2,414.0,403.2,263.0,2.0,403.2,0.023301375372219282,0.1608168613967989,0.02534871600713804,2992.653055208593,3.361574159397918,0.0011232756010748498,14,train,seeded_stratified,svi,405.7403300107712,2.5403300107711857,0.0008488555017594983,True
2026-08-27,2027-08-20,0.9801505817932923,SPX270820C08300000,2026-08-27T16:39:35+00:00,-200.41666666666666,call,reference-session last trade,8300.0,8011.137643500851,0.9479231815147929,364.3,366.1,359.75,3298.0,500.0,359.75,0.03542273590456412,0.1588209032245777,0.024723396002144564,2967.241325321256,3.361574159397918,0.0011328954374932644,15,holdout,seeded_stratified,svi,358.22850409356516,-1.5214959064348363,-0.0005127644635611522,True
2026-08-27,2027-08-20,0.9801505817932923,SPX270820C08375000,2026-08-27T15:55:29+00:00,-244.51666666666668,call,reference-session last trade,8375.0,8011.137643500851,0.9479231815147929,329.0,331.0,323.22,176.0,63.0,323.22,0.044418298813141986,0.15533133458836976,0.02364890024583562,2932.7097834179417,3.361574159397918,0.0011462348502415244,16,train,seeded_stratified,svi,324.93033014726575,1.7103301472657222,0.0005831910668202597,True
2026-08-27,2027-08-20,0.9801505817932923,SPX270820C08550000,2026-08-27T16:44:26+00:00,-195.56666666666666,call,reference-session last trade,8550.0,8011.137643500851,0.9479231815147929,259.2,261.1,258.13,136.0,28.0,258.13,0.0650985040506807,0.15181091994476295,0.022589094697829243,2813.1680819825456,3.361574159397918,0.0011949425208282933,17,train,seeded_stratified,svi,255.2209615291523,-2.9090384708476904,-0.001034079154203108,True
2026-08-27,2027-08-20,0.9801505817932923,SPX270820C08675000,2026-08-27T20:14:48+00:00,14.8,call,reference-session last trade,8675.0,8011.137643500851,0.9479231815147929,215.7,217.2,210.3,36.0,4.0,210.3,0.07961254693493483,0.14676195277119924,0.02111153275749549,2679.00102125166,3.361574159397918,0.0012547864419354914,18,holdout,seeded_stratified,svi,212.31391091847408,2.0139109184740676,0.0007517395112948278,True
2026-08-27,2027-08-20,0.9801505817932923,SPX270820C08850000,2026-08-27T19:59:52+00:00,-0.13333333333333333,call,reference-session last trade,8850.0,8011.137643500851,0.9479231815147929,166.0,167.4,163.9,917.0,369.0,163.9,0.0995846801218501,0.14446507881353735,0.02045589848263753,2467.5384639871822,3.361574159397918,0.0013623188487064573,19,train,seeded_stratified,svi,161.62936601315837,-2.2706339868416308,-0.0009202020637087121,True
2026-08-27,2027-08-20,0.9801505817932923,SPX270820C08950000,2026-08-27T19:59:23+00:00,-0.6166666666666667,call,reference-session last trade,8950.0,8011.137643500851,0.9479231815147929,141.6,142.9,140.4,1782.0,43.0,140.4,0.11082075338877598,0.1429197492653986,0.02002060942743386,2327.0020803689777,3.361574159397918,0.0014445943936865304,20,train,seeded_stratified,svi,137.32366968420826,-3.0763303157917505,-0.0013220144243721332,True
2026-08-27,2027-08-20,0.9801505817932923,SPX270820C09100000,2026-08-27T19:50:37+00:00,-9.383333333333333,call,reference-session last trade,9100.0,8011.137643500851,0.9479231815147929,111.1,112.5,107.55,132.0,1.0,107.55,0.12744163462481628,0.13952604669191365,0.019081098805091627,2083.680212345836,3.361574159397918,0.001613286981121451,21,holdout,seeded_stratified,svi,106.6669867962862,-0.8830132037138014,-0.00042377577829934515,True
2026-08-27,2027-08-20,0.9801505817932923,SPX270820C09300000,2026-08-27T13:36:04+00:00,-383.93333333333334,call,reference-session last trade,9300.0,8011.137643500851,0.9479231815147929,78.9,80.1,72.6,154.0,100.0,72.6,0.14918162126122222,0.13502142306451817,0.017868914216891445,1729.8094018684856,3.361574159397918,0.0019433205506727224,22,train,seeded_stratified,svi,75.27583006207996,2.6758300620799673,0.001546893004044041,True
2026-08-27,2027-08-20,0.9801505817932923,SPX270820C09600000,2026-08-27T18:43:33+00:00,-76.45,call,reference-session last trade,9600.0,8011.137643500851,0.9479231815147929,46.0,46.9,44.16,437.0,20.0,44.16,0.1809303195758024,0.13435327847044043,0.017692505489392323,1298.8902120316588,3.361574159397918,0.002588035638624078,23,train,seeded_stratified,svi,44.04113056080094,-0.11886943919905946,-9.151615594448883e-05,True
2026-08-27,2027-08-20,0.9801505817932923,SPX270820C10200000,2026-08-27T14:52:27+00:00,-307.55,call,reference-session last trade,10200.0,8011.137643500851,0.9479231815147929,14.5,15.1,13.99,817.0,2.0,13.99,0.24155494139223724,0.13179370213097683,0.017024803865454168,608.594357173919,3.361574159397918,0.005523505303282455,24,holdout,seeded_stratified,svi,15.329569155117195,1.3395691551171947,0.0022010870448054185,True
2026-08-27,2026-09-18,0.06023271731690623,SPX260918P05475000,2026-08-27T19:59:48+00:00,-0.2,put,reference-session last trade,5475.0,7741.608398158938,0.9959553475339589,0.4,0.6,0.5,1236.0,1.0,2257.940754911775,-0.34641719369064733,0.49473259129427516,0.014742580182210712,10.821587764389916,3.1068981283412995,0.2871018741413364,0,train,seeded_stratified,pchip,2257.9407549117755,4.547473508864641e-13,4.202223932266941e-14,True
2026-08-27,2026-09-18,0.06023271731690623,SPX260918P05825000,2026-08-27T14:17:49+00:00,-342.18333333333334,put,reference-session last trade,5825.0,7741.608398158938,0.9959553475339589,0.75,0.9,0.95,1444.0,1.0,1909.8063832748894,-0.28445046994144757,0.44016043232058366,0.011669559304515123,20.41192024445222,3.1068981283412995,0.1522099876510015,1,train,seeded_stratified,pchip,1909.8063832748892,-2.2737367544323206e-13,-1.1139259448411289e-14,True
2026-08-27,2026-09-18,0.06023271731690623,SPX260918P05960000,2026-08-27T14:20:50+00:00,-339.1666666666667,put,reference-session last trade,5960.0,7741.608398158938,0.9959553475339589,0.9,1.05,1.15,205.0,1.0,1775.552411357805,-0.2615389883159535,0.41638874372387547,0.010443123586033783,25.01610755957548,3.1068981283412995,0.12419590541583132,2,train,seeded_stratified,pchip,1775.5524113578047,-4.547473508864641e-13,-1.817818178961256e-14,True
2026-08-27,2026-09-18,0.06023271731690623,SPX260918P06080000,2026-08-27T14:28:37+00:00,-331.3833333333333,put,reference-session last trade,6080.0,7741.608398158938,0.9959553475339589,1.1,1.3,1.35,498.0,1.0,1656.2377696537299,-0.24160477341513617,0.39471778853743006,0.009384385809536882,29.800413540962495,3.1068981283412995,0.10425687965942747,3,train,seeded_stratified,pchip,1656.2377696537178,-1.2050804798491299e-11,-4.043838110476799e-13,True
2026-08-27,2026-09-18,0.06023271731690623,SPX260918P06140000,2026-08-27T14:38:49+00:00,-321.18333333333334,put,reference-session last trade,6140.0,7741.608398158938,0.9959553475339589,1.15,1.35,1.45,228.0,1.0,1596.5804488016925,-0.23178472723416077,0.38344024544785404,0.008855800904149027,32.340786649943965,3.1068981283412995,0.09606748784345612,4,holdout,seeded_stratified,pchip,1596.6116221999275,0.031173398235068817,0.0009639035244407956,True
2026-08-27,2026-09-18,0.06023271731690623,SPX260918P06210000,2026-08-27T14:17:48+00:00,-342.2,put,reference-session last trade,6210.0,7741.608398158938,0.9959553475339589,1.3,1.45,1.65,494.0,1.0,1527.0635744743154,-0.22044857344782448,0.37228125547075974,0.008347853059130656,36.76524736777681,3.1068981283412995,0.08450638444675242,5,train,seeded_stratified,pchip,1527.0635744743145,-9.094947017729282e-13,-2.4737891538574606e-14,True
2026-08-27,2026-09-18,0.06023271731690623,SPX260918P06310000,2026-08-27T16:54:32+00:00,-185.46666666666667,put,reference-session last trade,6310.0,7741.608398158938,0.9959553475339589,1.55,1.75,1.8,976.0,151.0,1427.6180397209193,-0.2044737928400901,0.3518707211839501,0.007457593695779025,41.27606654016315,3.1068981283412995,0.07527117743446246,6,holdout,seeded_stratified,pchip,1427.6933154037479,0.07527568282853281,0.001823712604864777,True
2026-08-27,2026-09-18,0.06023271731690623,SPX260918P06400000,2026-08-27T19:55:05+00:00,-4.916666666666667,put,reference-session last trade,6400.0,7741.608398158938,0.9959553475339589,1.7,1.9,2.1,17606.0,26.0,1338.282058442863,-0.19031147902758577,0.33668442847935637,0.00682776426110981,48.34204217233265,3.1068981283412995,0.06426907074520435,7,train,seeded_stratified,pchip,1338.2820584428637,6.821210263296962e-13,1.4110306385030854e-14,True
2026-08-27,2026-09-18,0.06023271731690623,SPX260918P06625000,2026-08-27T17:58:26+00:00,-121.56666666666666,put,reference-session last trade,6625.0,7741.608398158938,0.9959553475339589,2.45,2.6,2.93,2184.0,23.0,1115.0221052477225,-0.15575909752092598,0.2955235991128272,0.0052603760381031575,69.55115034350275,3.1068981283412995,0.04467069362615562,8,train,seeded_stratified,pchip,1115.022105247723,4.547473508864641e-13,6.5383153066561056e-15,True
2026-08-27,2026-09-18,0.06023271731690623,SPXW260918P06790000,2026-08-27T18:57:20+00:00,-62.666666666666664,put,reference-session last trade,6790.0,7741.608398158938,0.9959553475339589,3.4,3.6,4.13,116.0,1.0,951.8894729046191,-0.13115852782260717,0.2683594247148257,0.004337766402004075,97.28063007766478,3.1068981283412995,0.03193747949474507,9,train,seeded_stratified,pchip,951.8894729046192,1.1368683772161603e-13,1.168648246119019e-15,True
2026-08-27,2026-09-18,0.06023271731690623,SPXW260918P06870000,2026-08-27T14:52:45+00:00,-307.25,put,reference-session last trade,6870.0,7741.608398158938,0.9959553475339589,3.8,4.0,4.5,83.0,2.0,872.5830451019025,-0.11944536315895393,0.2513219814900629,0.0038044633658097563,108.99971210524686,3.1068981283412995,0.028503727838669626,10,train,seeded_stratified,pchip,872.5830451019191,1.659827830735594e-11,1.5227818483895757e-13,True
2026-08-27,2026-09-18,0.06023271731690623,SPXW260918P06950000,2026-08-27T19:16:58+00:00,-43.03333333333333,put,reference-session last trade,6950.0,7741.608398158938,0.9959553475339589,4.6,4.8,5.3,2350.0,39.0,793.7066172991857,-0.1078678098165111,0.23715254157077256,0.003387568009353851,128.36387081276158,3.1068981283412995,0.024203836396248814,11,holdout,seeded_stratified,pchip,793.4768247458588,-0.22979255332688808,-0.001790165346930647,True
2026-08-27,2026-09-18,0.06023271731690623,SPX260918P07075000,2026-08-27T19:48:03+00:00,-11.95,put,reference-session last trade,7075.0,7741.608398158938,0.9959553475339589,5.6,5.9,5.75,1995.0,4.0,669.6621988574409,-0.09004202586391061,0.20715184506967296,0.002584699554132609,150.33746127890825,3.1068981283412995,0.02066616066222734,12,holdout,seeded_stratified,pchip,670.4319485415541,0.7697496841132079,0.005120145554973534,True
2026-08-27,2026-09-18,0.06023271731690623,SPXW260918P07135000,2026-08-27T16:47:29+00:00,-192.51666666666668,put,reference-session last trade,7135.0,7741.608398158938,0.9959553475339589,6.8,7.1,7.7,65.0,22.0,611.8548780054034,-0.0815972184644121,0.20228996060019444,0.0024647967679995095,187.70224130524178,3.1068981283412995,0.016552269737093096,13,train,seeded_stratified,pchip,611.8548780054059,2.5011104298755527e-12,1.3324883136628303e-14,True
2026-08-27,2026-09-18,0.06023271731690623,SPX260918P07230000,2026-08-27T14:18:39+00:00,-341.35,put,reference-session last trade,7230.0,7741.608398158938,0.9959553475339589,8.4,8.8,10.8,608.0,1.0,520.3391199896772,-0.06837043322253855,0.18923011859250669,0.0021568154174284766,246.7775029685665,3.1068981283412995,0.012589875863753446,14,train,seeded_stratified,pchip,520.3391199896763,-9.094947017729282e-13,-3.68548466060448e-15,True
2026-08-27,2026-09-18,0.06023271731690623,SPX260918P07285000,2026-08-27T20:10:10+00:00,10.166666666666666,put,reference-session last trade,7285.0,7741.608398158938,0.9959553475339589,10.0,10.5,11.7,659.0,37.0,466.4615758753095,-0.06079202974604377,0.17617356637166853,0.0018694504058548373,272.4720580014003,3.1068981283412995,0.011402630240805582,15,train,seeded_stratified,pchip,466.4615758753086,-9.094947017729282e-13,-3.3379375061212853e-15,True
2026-08-27,2026-09-18,0.06023271731690623,SPXW260918P07465000,2026-08-27T18:51:55+00:00,-68.08333333333333,put,reference-session last trade,7465.0,7741.608398158938,0.9959553475339589,20.8,21.1,26.05,131.0,7.0,301.5396133191969,-0.03638403840205821,0.15499927049790516,0.0014470774122037535,469.1049744936451,3.1068981283412995,0.006623033856536919,16,train,seeded_stratified,pchip,301.53961331919646,-4.547473508864641e-13,-9.693935805675932e-16,True
2026-08-27,2026-09-18,0.06023271731690623,SPXW260918P07560000,2026-08-27T17:40:01+00:00,-139.98333333333332,put,reference-session last trade,7560.0,7741.608398158938,0.9959553475339589,31.5,31.9,35.5,192.0,50.0,216.3738553034708,-0.023738279201770206,0.1357425458362577,0.0011098503833056469,578.668622640051,3.1068981283412995,0.005369045437726943,17,holdout,seeded_stratified,pchip,219.36963749484343,2.9957821913726264,0.005177025458378951,True
2026-08-27,2026-09-18,0.06023271731690623,SPXW260918C07805000,2026-08-27T19:09:31+00:00,-50.483333333333334,call,reference-session last trade,7805.0,7741.608398158938,0.9959553475339589,53.6,54.2,51.18,131.0,44.0,51.18,0.008155084574183433,0.10389965749312098,0.0006502205453747644,720.149749439073,3.1068981283412995,0.004314238990933862,18,holdout,seeded_stratified,pchip,50.78773852735642,-0.39226147264358247,-0.0005446943124664227,True
2026-08-27,2026-09-18,0.06023271731690623,SPX260918C07905000,2026-08-27T19:50:40+00:00,-9.333333333333334,call,reference-session last trade,7905.0,7741.608398158938,0.9959553475339589,20.5,21.2,20.04,293.0,6.0,20.04,0.02088600126822348,0.0982013774479675,0.0005808548438574127,523.9893297293258,3.1068981283412995,0.005929315640733013,19,train,seeded_stratified,pchip,20.039999999999242,-7.567280135845067e-13,-1.4441668382358192e-15,True
2026-08-27,2026-09-18,0.06023271731690623,SPXW260918C07990000,2026-08-27T17:30:18+00:00,-149.7,call,reference-session last trade,7990.0,7741.608398158938,0.9959553475339589,8.0,8.3,10.36,275.0,14.0,10.36,0.03158129038497148,0.10393223117447335,0.0006506283118190055,356.32384928487073,3.1068981283412995,0.008719310073060597,20,train,seeded_stratified,pchip,10.360000000008851,8.851586130731448e-12,2.484140802951098e-14,True
2026-08-27,2026-09-18,0.06023271731690623,SPX260918C08080000,2026-08-27T17:08:38+00:00,-171.36666666666667,call,reference-session last trade,8080.0,7741.608398158938,0.9959553475339589,2.5,2.7,3.55,1444.0,1.0,3.55,0.042782403139792036,0.10212639675729217,0.0006282152501623896,179.6738468981727,3.1068981283412995,0.017291877376578266,21,train,seeded_stratified,pchip,3.5500000000068646,6.864731005862268e-12,3.820662341444019e-14,True
2026-08-27,2026-09-18,0.06023271731690623,SPXW260918C08280000,2026-08-27T15:30:04+00:00,-269.93333333333334,call,reference-session last trade,8280.0,7741.608398158938,0.9959553475339589,0.6,0.75,0.78,69.0,20.0,0.78,0.06723349900395653,0.11774270265444674,0.0008350268819280386,52.112801297135604,3.1068981283412995,0.05961871269645355,22,train,seeded_stratified,pchip,0.77999999999999,-9.992007221626409e-15,-1.917380561573385e-16,True
2026-08-27,2026-09-18,0.06023271731690623,SPX260918C08380000,2026-08-27T15:56:16+00:00,-243.73333333333332,call,reference-session last trade,8380.0,7741.608398158938,0.9959553475339589,0.35,0.5,0.53,156.0,70.0,0.53,0.07923844510077975,0.1297310320851168,0.0010137251063357462,35.489441250686994,3.1068981283412995,0.08754429539747001,23,holdout,seeded_stratified,pchip,0.716505462154954,0.186505462154954,0.005255238053412398,True
2026-08-27,2026-09-18,0.06023271731690623,SPX260918C08675000,2026-08-27T17:13:13+00:00,-166.78333333333333,call,reference-session last trade,8675.0,7741.608398158938,0.9959553475339589,0.05,0.25,0.25,347.0,1.0,0.25,0.113835856439711,0.1654965318282324,0.0016497200411712775,15.733618536975712,3.1068981283412995,0.1974687590804208,24,holdout,seeded_stratified,pchip,1.3088413736144815,1.0588413736144815,0.06729801991360661,True
2026-08-27,2026-11-20,0.2327173169062286,SPX261120P05500000,2026-08-27T17:45:42+00:00,-134.3,put,reference-session last trade,5500.0,7784.875446624804,0.9999999999999999,8.6,9.1,8.56,9700.0,1.0,2293.4354466248033,-0.34743471377051904,0.3536123307173027,0.029099364372354438,157.67941674060665,8.384553375196333,0.05317468537437256,0,train,seeded_stratified,pchip,2293.435446624803,-4.547473508864641e-13,-2.8839994482891473e-15,True
2026-08-27,2026-11-20,0.2327173169062286,SPX261120P05725000,2026-08-27T20:10:11+00:00,10.183333333333334,put,reference-session last trade,5725.0,7784.875446624804,0.9999999999999999,10.8,11.2,11.0,371.0,15.0,2070.8754466248033,-0.3073402565686409,0.33090219363396456,0.025481676246133962,200.68342514561533,8.384553375196333,0.041779999365231704,1,holdout,seeded_stratified,pchip,2070.5033059813945,-0.37214064340878394,-0.0018543666131807335,True
2026-08-27,2026-11-20,0.2327173169062286,SPX261120P06025000,2026-08-27T19:56:06+00:00,-3.9,put,reference-session last trade,6025.0,7784.875446624804,0.9999999999999999,14.8,15.2,14.7,277.0,1.0,1774.5754466248036,-0.2562653266322255,0.29817606914045575,0.02069065653027947,268.89490765490046,8.384553375196333,0.031181525333893876,2,train,seeded_stratified,pchip,1774.5754466248034,-2.2737367544323206e-13,-8.455856506402988e-16,True
2026-08-27,2026-11-20,0.2327173169062286,SPXW261120P06250000,2026-08-27T19:59:30+00:00,-0.5,put,reference-session last trade,6250.0,7784.875446624804,0.9999999999999999,19.1,19.5,19.3,128.0,15.0,1554.1754466248035,-0.21960134226063402,0.27639295177118334,0.01777798883517304,345.05583919709306,8.384553375196333,0.024299120382098926,3,train,seeded_stratified,pchip,1554.175446624731,-7.253220246639103e-11,-2.102042458842762e-13,True
2026-08-27,2026-11-20,0.2327173169062286,SPX261120P06525000,2026-08-27T19:55:48+00:00,-4.2,put,reference-session last trade,6525.0,7784.875446624804,0.9999999999999999,25.8,26.3,25.9,480.0,3.0,1285.7754466248036,-0.17654185280018714,0.24696321502264446,0.014193622214421022,456.7176739738905,8.384553375196333,0.0183582853324736,4,holdout,seeded_stratified,pchip,1286.1206536936713,0.34520706886769403,0.0007558434642216818,True
2026-08-27,2026-11-20,0.2327173169062286,SPX261120P06770000,2026-08-27T19:51:49+00:00,-8.183333333333334,put,reference-session last trade,6770.0,7784.875446624804,0.9999999999999999,35.0,35.6,35.6,236.0,1.0,1050.4754466248037,-0.13968171908476057,0.2229347339807226,0.011566026358055365,600.2142135319554,8.384553375196333,0.013969268281498203,5,train,seeded_stratified,pchip,1050.4754466247957,-7.958078640513122e-12,-1.3258730734955238e-14,True
2026-08-27,2026-11-20,0.2327173169062286,SPXW261120P06875000,2026-08-27T19:57:23+00:00,-2.6166666666666667,put,reference-session last trade,6875.0,7784.875446624804,0.9999999999999999,41.0,41.4,41.5,97.0,1.0,951.3754466248037,-0.12429116245630915,0.21327803296053283,0.01058573345434278,677.8257286798826,8.384553375196333,0.012369777393262855,6,train,seeded_stratified,pchip,951.3754466248037,0.0,0.0,True
2026-08-27,2026-11-20,0.2327173169062286,SPX261120P06980000,2026-08-27T15:25:02+00:00,-274.96666666666664,put,reference-session last trade,6980.0,7784.875446624804,0.9999999999999999,46.7,47.5,48.29,420.0,2.0,853.1654466248036,-0.10913388923466313,0.2032480618358852,0.009613499916231963,762.6608248398801,8.384553375196333,0.0109938167821281,7,train,seeded_stratified,pchip,853.1654466248027,-9.094947017729282e-13,-1.1925284112552599e-15,True
2026-08-27,2026-11-20,0.2327173169062286,SPX261120P07040000,2026-08-27T19:35:19+00:00,-24.683333333333334,put,reference-session last trade,7040.0,7784.875446624804,0.9999999999999999,51.3,51.8,52.92,456.0,100.0,797.7954466248036,-0.10057463583899322,0.19769434029650265,0.009095303041062007,816.1021544051524,8.384553375196333,0.010273901778028926,8,holdout,seeded_stratified,pchip,797.7408413078509,-0.054605316952688554,-6.690990418042672e-05,True
2026-08-27,2026-11-20,0.2327173169062286,SPX261120P07130000,2026-08-27T15:01:44+00:00,-298.26666666666665,put,reference-session last trade,7130.0,7784.875446624804,0.9999999999999999,58.2,59.0,60.97,158.0,42.0,715.8454466248037,-0.08787157158273957,0.18944519540892804,0.008352103970978204,902.1770286986886,8.384553375196333,0.009293689717737901,9,train,seeded_stratified,pchip,715.8454466248048,1.1368683772161603e-12,1.2601389096062371e-15,True
2026-08-27,2026-11-20,0.2327173169062286,SPX261120P07220000,2026-08-27T19:08:22+00:00,-51.63333333333333,put,reference-session last trade,7220.0,7784.875446624804,0.9999999999999999,67.2,67.8,71.1,504.0,3.0,635.9754466248037,-0.0753278531042093,0.181784363707217,0.0076902728693147415,996.73286841459,8.384553375196333,0.008412036605688402,10,train,seeded_stratified,pchip,635.975446624824,2.034994395216927e-11,2.0416647827153555e-14,True
2026-08-27,2026-11-20,0.2327173169062286,SPX261120P07290000,2026-08-27T19:35:19+00:00,-24.683333333333334,put,reference-session last trade,7290.0,7784.875446624804,0.9999999999999999,75.2,75.9,78.64,534.0,100.0,573.5154466248038,-0.06567925998837744,0.17427242631149178,0.0070678293734757515,1067.571819861303,8.384553375196333,0.007853854156890015,11,holdout,seeded_stratified,pchip,573.8187221673696,0.30327554256587064,0.00028407975643762463,True
2026-08-27,2026-11-20,0.2327173169062286,SPX261120P07390000,2026-08-27T19:51:52+00:00,-8.133333333333333,put,reference-session last trade,7390.0,7784.875446624804,0.9999999999999999,89.2,90.0,92.2,408.0,25.0,487.0754466248037,-0.05205507104883375,0.1641969242760681,0.006274205462139005,1175.3017784850435,8.384553375196333,0.007133957872508258,12,train,seeded_stratified,pchip,487.07544662480353,-1.7053025658242404e-13,-1.4509486814717191e-16,True
2026-08-27,2026-11-20,0.2327173169062286,SPX261120P07475000,2026-08-27T19:37:33+00:00,-22.45,put,reference-session last trade,7475.0,7784.875446624804,0.9999999999999999,104.4,105.3,108.34,3178.0,202.0,418.2154466248037,-0.04061868673219403,0.1573464970791937,0.005761596747879207,1271.3387415394502,8.384553375196333,0.006595058501122658,13,train,seeded_stratified,pchip,418.21544662480477,1.0800249583553523e-12,8.495178531628493e-16,True
2026-08-27,2026-11-20,0.2327173169062286,SPXW261120P07550000,2026-08-27T19:58:14+00:00,-1.7666666666666666,put,reference-session last trade,7550.0,7784.875446624804,0.9999999999999999,121.2,122.1,124.84,164.0,3.0,359.71544662480375,-0.03063524274801089,0.15107646143540465,0.005311562661154501,1349.7921342767659,8.384553375196333,0.006211736727662051,14,holdout,seeded_stratified,pchip,361.1617558141533,1.446309189349563,0.0010715051248424352,True
2026-08-27,2026-11-20,0.2327173169062286,SPX261120P07680000,2026-08-27T14:53:37+00:00,-306.3833333333333,put,reference-session last trade,7680.0,7784.875446624804,0.9999999999999999,156.9,157.9,165.05,181.0,35.0,269.9254466248038,-0.013563258849363376,0.1434317878573276,0.004787618371733611,1458.9055458867686,8.384553375196333,0.005747152993444781,15,train,seeded_stratified,pchip,269.9254466248039,1.1368683772161603e-13,7.792611251780087e-17,True
2026-08-27,2026-11-20,0.2327173169062286,SPXW261120P07725000,2026-08-27T15:28:04+00:00,-271.93333333333334,put,reference-session last trade,7725.0,7784.875446624804,0.9999999999999999,172.9,173.7,180.22,70.0,5.0,240.09544662480377,-0.0077209832251350806,0.13992568828247073,0.004556418481895878,1481.873427740565,8.384553375196333,0.005658076606434862,16,train,seeded_stratified,pchip,240.095446624804,2.2737367544323206e-13,1.5343663715592241e-16,True
2026-08-27,2026-11-20,0.2327173169062286,SPX261120C07845000,2026-08-27T17:06:23+00:00,-173.61666666666667,call,reference-session last trade,7845.0,7784.875446624804,0.9999999999999999,172.5,173.6,176.4,74.0,2.0,176.4,0.007693580176051764,0.1363683657616582,0.004327688296626854,1492.9380812472377,8.384553375196333,0.0056161427459815805,17,holdout,seeded_stratified,pchip,171.92783403164228,-4.472165968357729,-0.00299554685122746,True
2026-08-27,2026-11-20,0.2327173169062286,SPX261120C07920000,2026-08-27T15:19:51+00:00,-280.15,call,reference-session last trade,7920.0,7784.875446624804,0.9999999999999999,137.1,138.1,134.88,61.0,6.0,134.88,0.017208399817390377,0.1290847602549084,0.0038777396387562222,1453.8499230370749,8.384553375196333,0.0057671381635327965,18,train,seeded_stratified,pchip,134.88000000008648,8.64872617967194e-11,5.948843854257566e-14,True
2026-08-27,2026-11-20,0.2327173169062286,SPX261120C07980000,2026-08-27T19:39:40+00:00,-20.333333333333332,call,reference-session last trade,7980.0,7784.875446624804,0.9999999999999999,110.6,111.6,106.91,509.0,50.0,106.91,0.024755605452773277,0.12437234580841815,0.00359978325574413,1392.4780278836718,8.384553375196333,0.006021318259462534,19,train,seeded_stratified,pchip,106.90999999996528,-3.4717118069238495e-11,-2.493189649965434e-14,True
2026-08-27,2026-11-20,0.2327173169062286,SPX261120C08060000,2026-08-27T18:53:29+00:00,-66.51666666666667,call,reference-session last trade,8060.0,7784.875446624804,0.9999999999999999,81.8,82.8,77.5,33.0,1.0,77.5,0.03473075050959271,0.12013077285879092,0.0033584372893916098,1273.3397229489456,8.384553375196333,0.0065846947394199145,20,holdout,seeded_stratified,pchip,78.52716874924543,1.0271687492454333,0.0008066729802998674,True
2026-08-27,2026-11-20,0.2327173169062286,SPX261120C08180000,2026-08-27T19:34:24+00:00,-25.6,call,reference-session last trade,8180.0,7784.875446624804,0.9999999999999999,50.8,51.7,48.69,19.0,1.0,48.69,0.04950934460571146,0.11846990945766293,0.003266215340142594,1054.8446982137298,8.384553375196333,0.00794861403711343,21,train,seeded_stratified,pchip,48.69000000016262,1.6262191593341413e-10,1.5416669032777763e-13,True
2026-08-27,2026-11-20,0.2327173169062286,SPXW261120C08240000,2026-08-27T16:03:14+00:00,-236.76666666666668,call,reference-session last trade,8240.0,7784.875446624804,0.9999999999999999,39.9,40.4,39.1,37.0,11.0,39.1,0.05681753791243609,0.11905190979722304,0.003298385665273432,944.5088697872729,8.384553375196333,0.008877156841401335,22,train,seeded_stratified,pchip,39.09999999999945,-5.542233338928781e-13,-5.867846789175237e-16,True
2026-08-27,2026-11-20,0.2327173169062286,SPXW261120C08350000,2026-08-27T18:38:21+00:00,-81.65,call,reference-session last trade,8350.0,7784.875446624804,0.9999999999999999,23.8,24.3,22.9,340.0,20.0,22.9,0.0700787328538199,0.11627193689998934,0.003146143412430893,710.66156329422,8.384553375196333,0.01179823675327303,23,holdout,seeded_stratified,pchip,25.783622566680602,2.8836225666806037,0.004057659391783877,True
2026-08-27,2026-11-20,0.2327173169062286,SPX261120C09100000,2026-08-27T13:44:38+00:00,-375.3666666666667,call,reference-session last trade,9100.0,7784.875446624804,0.9999999999999999,0.95,1.2,1.05,915.0,32.0,1.05,0.15609160751386011,0.12938798141564853,0.003895978719943539,71.00167418927643,8.384553375196333,0.11808951649287552,24,train,seeded_stratified,pchip,1.0499999999999827,-1.7319479184152442e-14,-2.4393057462253824e-16,True
2026-08-27,2027-02-19,0.48186173853524983,SPX270219P05625000,2026-08-27T20:10:10+00:00,10.166666666666666,put,reference-session last trade,5625.0,7872.481980038706,0.967163927214507,31.0,31.6,31.3,663.0,3.0,2204.983498158071,-0.3361524369242269,0.3026607405691562,0.044140233273673196,492.830920219106,1.5243562709430591,0.003093061349043097,0,train,seeded_stratified,pchip,2204.983498158071,0.0,0.0,True
2026-08-27,2027-02-19,0.48186173853524983,SPX270219P05800000,2026-08-27T19:34:42+00:00,-25.3,put,reference-session last trade,5800.0,7872.481980038706,0.967163927214507,36.0,36.6,36.56,1722.0,150.0,2040.9898108955322,-0.3055154674623372,0.28941024709015545,0.04035991577620295,566.5750106517871,1.5243562709430591,0.002690475651563668,1,train,seeded_stratified,pchip,2040.9898108955501,1.7962520360015333e-11,3.170369328388005e-14,True
2026-08-27,2027-02-19,0.48186173853524983,SPX270219P05950000,2026-08-27T18:54:37+00:00,-65.38333333333334,put,reference-session last trade,5950.0,7872.481980038706,0.967163927214507,40.9,41.5,42.25,315.0,1.0,1901.6052218133561,-0.27998216545717236,0.2788679358652692,0.03747309874075575,641.0632353701202,1.5243562709430591,0.0023778563281092956,2,train,seeded_stratified,pchip,1901.605221813065,-2.9103830456733704e-10,-4.53993129709435e-13,True
2026-08-27,2027-02-19,0.48186173853524983,SPX270219P06125000,2026-08-27T13:47:30+00:00,-372.5,put,reference-session last trade,6125.0,7872.481980038706,0.967163927214507,47.6,48.5,50.89,267.0,12.0,1740.9915345508175,-0.2509946285839201,0.26780614662511676,0.034559187575507355,744.3277019121693,1.5243562709430591,0.0020479639102871025,3,train,seeded_stratified,pchip,1740.991534550815,-2.5011104298755527e-12,-3.3602275227030092e-15,True
2026-08-27,2027-02-19,0.48186173853524983,SPX270219P06200000,2026-08-27T20:09:55+00:00,9.916666666666666,put,reference-session last trade,6200.0,7872.481980038706,0.967163927214507,51.2,51.9,52.2,1121.0,5.0,1669.7642400097293,-0.23882409296366489,0.2593762844124177,0.03241775774714329,773.2264146436344,1.5243562709430591,0.001971422913229893,4,train,seeded_stratified,pchip,1669.7642400097293,0.0,0.0,True
2026-08-27,2027-02-19,0.48186173853524983,SPX270219P06300000,2026-08-27T17:31:38+00:00,-148.36666666666667,put,reference-session last trade,6300.0,7872.481980038706,0.967163927214507,56.1,56.9,57.04,1910.0,20.0,1577.8878472882786,-0.2228237516172237,0.2518218928126313,0.030556908318011226,833.8860953919543,1.5243562709430591,0.001828014976345853,5,holdout,seeded_stratified,pchip,1577.3206565852197,-0.5671907030589409,-0.0006801776719785001,True
2026-08-27,2027-02-19,0.48186173853524983,SPX270219P06500000,2026-08-27T18:56:52+00:00,-63.13333333333333,put,reference-session last trade,6500.0,7872.481980038706,0.967163927214507,67.9,68.7,70.62,2832.0,5.0,1398.0350618453772,-0.1915712081131193,0.2391743079705626,0.02756458734675637,981.244822538543,1.5243562709430591,0.0015534922946135422,6,holdout,seeded_stratified,pchip,1396.6606442423101,-1.3744176030670587,-0.0014006877503937832,True
2026-08-27,2027-02-19,0.48186173853524983,SPX270219P06575000,2026-08-27T16:27:51+00:00,-212.15,put,reference-session last trade,6575.0,7872.481980038706,0.967163927214507,72.9,73.8,74.53,333.0,1.0,1329.4077673042893,-0.1800988069508825,0.2325202355643867,0.026052172897077473,1030.6406788117208,1.5243562709430591,0.0014790375562320796,7,train,seeded_stratified,pchip,1329.4077673042877,-1.5916157281026244e-12,-1.5442974072570868e-15,True
2026-08-27,2027-02-19,0.48186173853524983,SPX270219P06675000,2026-08-27T16:43:04+00:00,-196.93333333333334,put,reference-session last trade,6675.0,7872.481980038706,0.967163927214507,80.3,81.5,81.51,3536.0,2.0,1239.6713745828386,-0.16500418072839748,0.22484842048371095,0.024361393418610447,1106.9954131808793,1.5243562709430591,0.0013770213072183566,8,train,seeded_stratified,pchip,1239.6713745828338,-4.774847184307873e-12,-4.313339628560574e-15,True
2026-08-27,2027-02-19,0.48186173853524983,SPX270219P06775000,2026-08-27T19:27:40+00:00,-32.333333333333336,put,reference-session last trade,6775.0,7872.481980038706,0.967163927214507,89.1,89.8,91.52,1912.0,18.0,1152.9649818613877,-0.1501340182489462,0.21907435787166168,0.023126267139578476,1198.0692179669727,1.5243562709430591,0.0012723440750191124,9,train,seeded_stratified,pchip,1152.9649818613757,-1.2050804798491299e-11,-1.0058521342314885e-14,True
2026-08-27,2027-02-19,0.48186173853524983,SPX270219P06825000,2026-08-27T15:00:55+00:00,-299.0833333333333,put,reference-session last trade,6825.0,7872.481980038706,0.967163927214507,93.7,94.6,96.43,442.0,1.0,1109.5167855006625,-0.14278104394368735,0.21574982508272791,0.022429693952328744,1242.782207872197,1.5243562709430591,0.0012265675041751307,10,train,seeded_stratified,pchip,1109.516785500661,-1.5916157281026244e-12,-1.2806875718213534e-15,True
2026-08-27,2027-02-19,0.48186173853524983,SPX270219P07025000,2026-08-27T20:09:47+00:00,9.783333333333333,put,reference-session last trade,7025.0,7872.481980038706,0.967163927214507,115.1,115.9,117.8,447.0,16.0,937.454000057761,-0.11389816979490133,0.2015380342762291,0.01957205735728149,1426.4543387536942,1.5243562709430591,0.0010686330641854983,11,holdout,seeded_stratified,pchip,937.7847510849824,0.3307510272213676,0.00023186934080928783,True
2026-08-27,2027-02-19,0.48186173853524983,SPX270219P07200000,2026-08-27T19:38:59+00:00,-21.016666666666666,put,reference-session last trade,7200.0,7872.481980038706,0.967163927214507,139.1,139.9,141.7,1621.0,142.0,792.1003127952224,-0.08929235899270115,0.18952249671657462,0.0173078842164446,1598.165970615671,1.5243562709430591,0.0009538159984446561,12,holdout,seeded_stratified,pchip,792.187310469852,0.08699767462962882,5.443594484502394e-05,True
2026-08-27,2027-02-19,0.48186173853524983,SPX270219P07250000,2026-08-27T19:36:46+00:00,-23.233333333333334,put,reference-session last trade,7250.0,7872.481980038706,0.967163927214507,146.5,147.6,149.7,1309.0,204.0,751.7421164344971,-0.08237191614812735,0.18620922846239213,0.01670801453952757,1648.1836316786523,1.5243562709430591,0.0009248704098526469,13,train,seeded_stratified,pchip,751.7421164344953,-1.8189894035458565e-12,-1.1036327315623446e-15,True
2026-08-27,2027-02-19,0.48186173853524983,SPX270219P07375000,2026-08-27T17:43:05+00:00,-136.91666666666666,put,reference-session last trade,7375.0,7872.481980038706,0.967163927214507,168.7,170.0,172.16,488.0,5.0,653.3066255326837,-0.06527748278882724,0.17802498636502928,0.01527159385507822,1771.698297715044,1.5243562709430591,0.0008603926937837095,14,train,seeded_stratified,pchip,653.3066255326842,4.547473508864641e-13,2.566731319169584e-16,True
2026-08-27,2027-02-19,0.48186173853524983,SPX270219P07450000,2026-08-27T19:21:04+00:00,-38.93333333333333,put,reference-session last trade,7450.0,7872.481980038706,0.967163927214507,184.8,185.8,189.9,404.0,16.0,598.5093309915957,-0.05515935262324263,0.17446609825081522,0.01466710970907572,1845.712123134383,1.5243562709430591,0.0008258905881565115,15,train,seeded_stratified,pchip,598.5093309915916,-4.092726157978177e-12,-2.2174238911255137e-15,True
2026-08-27,2027-02-19,0.48186173853524983,SPX270219P07625000,2026-08-27T16:50:12+00:00,-189.8,put,reference-session last trade,7625.0,7872.481980038706,0.967163927214507,228.8,229.8,230.35,2399.0,6.0,469.705643729057,-0.031941062521235436,0.16227154135684385,0.012688408902508845,1990.2070503622772,1.5243562709430591,0.0007659284850114368,16,train,seeded_stratified,pchip,469.70564372905693,-5.684341886080802e-14,-2.8561560391649106e-17,True
2026-08-27,2027-02-19,0.48186173853524983,SPX270219C07875000,2026-08-27T19:25:12+00:00,-34.8,call,reference-session last trade,7875.0,7872.481980038706,0.967163927214507,313.2,314.7,303.64,565.0,3.0,303.64,0.0003197996969859973,0.14461880109558828,0.010077944374913779,2106.217385348798,1.5243562709430591,0.0007237411871854907,17,holdout,seeded_stratified,pchip,311.33821405204844,7.698214052048456,0.003654995018842085,False
2026-08-27,2027-02-19,0.48186173853524983,SPX270219C08025000,2026-08-27T19:04:20+00:00,-55.666666666666664,call,reference-session last trade,8025.0,7872.481980038706,0.967163927214507,233.7,235.1,226.5,154.0,5.0,226.5,0.019188284001368752,0.13833673796474288,0.00922141366310134,2084.3897798802304,1.5243562709430591,0.0007313201617360881,18,holdout,seeded_stratified,pchip,232.1012260595472,5.601226059547201,0.002687225831566421,False
2026-08-27,2027-02-19,0.48186173853524983,SPX270219C08150000,2026-08-27T18:21:49+00:00,-98.18333333333334,call,reference-session last trade,8150.0,7872.481980038706,0.967163927214507,180.9,182.3,176.14,604.0,1.0,176.14,0.03464454223806064,0.13561389961510328,0.008861981764028732,2002.6961357113987,1.5243562709430591,0.0007611520508584677,19,train,seeded_stratified,pchip,176.14000000007564,7.565859050373547e-11,3.777836744906885e-14,True
2026-08-27,2027-02-19,0.48186173853524983,SPX270219C08200000,2026-08-27T19:47:15+00:00,-12.75,call,reference-session last trade,8200.0,7872.481980038706,0.967163927214507,160.1,161.2,156.66,2209.0,4.0,156.66,0.04076076925549664,0.13374409115997282,0.008619293136088852,1952.1325091445008,1.5243562709430591,0.0007808672125495673,20,train,seeded_stratified,pchip,156.6600000000002,1.9895196601282805e-13,1.0191519534707018e-16,True
2026-08-27,2027-02-19,0.48186173853524983,SPX270219C08550000,2026-08-27T16:00:15+00:00,-239.75,call,reference-session last trade,8550.0,7872.481980038706,0.967163927214507,67.1,68.3,65.31,147.0,2.0,65.31,0.0825578979339581,0.12676579199997373,0.0077433090205694345,1413.6855523661955,1.5243562709430591,0.0010782852441206783,21,train,seeded_stratified,pchip,65.31000000000064,6.394884621840902e-13,4.523555193117229e-16,True
2026-08-27,2027-02-19,0.48186173853524983,SPX270219C08750000,2026-08-27T16:07:08+00:00,-232.86666666666667,call,reference-session last trade,8750.0,7872.481980038706,0.967163927214507,37.8,38.6,36.6,22.0,5.0,36.6,0.10568031535481238,0.12401419969290531,0.0074108030764764845,1045.3957975705653,1.5243562709430591,0.0014581618507416695,22,train,seeded_stratified,pchip,36.59999999999189,-8.114398042380344e-12,-7.762034304363667e-15,True
2026-08-27,2027-02-19,0.48186173853524983,SPX270219C08850000,2026-08-27T15:01:51+00:00,-298.15,call,reference-session last trade,8850.0,7872.481980038706,0.967163927214507,27.4,28.2,27.2,104.0,28.0,27.2,0.11704407400512731,0.12331365235369457,0.00732731336563499,877.0362589931667,1.5243562709430591,0.0017380766819070999,23,holdout,seeded_stratified,pchip,26.87823302580033,-0.3217669741996687,-0.00036687989909226285,True
2026-08-27,2027-02-19,0.48186173853524983,SPX270219C10000000,2026-08-27T14:28:13+00:00,-331.78333333333336,call,reference-session last trade,10000.0,7872.481980038706,0.967163927214507,1.3,1.7,1.45,2296.0,1.0,1.45,0.239211707979335,0.1358969720842035,0.008899016333501006,95.31234155423574,1.5243562709430591,0.015993272708295096,24,holdout,seeded_stratified,pchip,0.42782614755724785,-1.0221738524427522,-0.010724464804603534,True
2026-08-27,2027-08-20,0.9801505817932923,SPX270820P05750000,2026-08-27T14:30:38+00:00,-329.3666666666667,put,reference-session last trade,5750.0,8011.137643500851,0.9479231815147929,88.0,89.2,91.0,32.0,15.0,2234.384788870188,-0.33163292408872896,0.27240776241346354,0.07273304331354792,1182.2561136694133,3.361574159397918,0.0028433552768566133,0,train,seeded_stratified,pchip,2234.384788870141,-4.6838977141305804e-11,-3.961829979117629e-14,True
2026-08-27,2027-08-20,0.9801505817932923,SPX270820P05900000,2026-08-27T20:09:15+00:00,9.25,put,reference-session last trade,5900.0,8011.137643500851,0.9479231815147929,98.4,99.5,100.4,1493.0,6.0,2101.596311642969,-0.3058804279863143,0.2635725051249552,0.06809151713595715,1283.8955559852348,3.361574159397918,0.00261826138717204,1,train,seeded_stratified,pchip,2101.5963116429834,1.4551915228366852e-11,1.1334189265263104e-14,True
2026-08-27,2027-08-20,0.9801505817932923,SPX270820P06375000,2026-08-27T20:06:10+00:00,6.166666666666667,put,reference-session last trade,6375.0,8011.137643500851,0.9479231815147929,141.4,142.4,143.7,6.0,2.0,1694.6328004234424,-0.22844868785349828,0.24005768474565528,0.056483815846541004,1673.8442623747983,3.361574159397918,0.0020082956550740395,2,holdout,seeded_stratified,pchip,1694.7426995054973,0.10989908205488064,6.565669490598799e-05,True
2026-08-27,2027-08-20,0.9801505817932923,SPX270820P06450000,2026-08-27T17:39:01+00:00,-140.98333333333332,put,reference-session last trade,6450.0,8011.137643500851,0.9479231815147929,149.3,150.4,151.7,282.0,11.0,1631.538561809833,-0.2167526480903069,0.2362319831709112,0.05469784217517996,1739.6927168414031,3.361574159397918,0.0019322804118541191,3,holdout,seeded_stratified,pchip,1632.3380989352102,0.7995371253771282,0.0004595852575785756,True
2026-08-27,2027-08-20,0.9801505817932923,SPX270820P06800000,2026-08-27T16:27:03+00:00,-212.95,put,reference-session last trade,6800.0,8011.137643500851,0.9479231815147929,194.9,196.4,199.21,538.0,40.0,1347.2754482796554,-0.163910166715927,0.22043065949588658,0.047625198853369896,2071.7991926232,3.361574159397918,0.001622538598995048,4,train,seeded_stratified,pchip,1347.275448279655,-4.547473508864641e-13,-2.1949393189534342e-16,True
2026-08-27,2027-08-20,0.9801505817932923,SPX270820P06850000,2026-08-27T17:57:20+00:00,-122.66666666666667,put,reference-session last trade,6850.0,8011.137643500851,0.9479231815147929,203.3,204.7,206.5,122.0,2.0,1307.1692892039157,-0.1565841266238542,0.21792983283589482,0.04655069544223797,2118.9557083814575,3.361574159397918,0.0015864296483882722,5,train,seeded_stratified,pchip,1307.169289203915,-6.821210263296962e-13,-3.219137727285141e-16,True
2026-08-27,2027-08-20,0.9801505817932923,SPX270820P07000000,2026-08-27T19:09:08+00:00,-50.86666666666667,put,reference-session last trade,7000.0,8011.137643500851,0.9479231815147929,228.0,229.3,233.0,656.0,23.0,1191.4808119766967,-0.13492262984267478,0.21176132339071133,0.04395275344048838,2266.745653218873,3.361574159397918,0.001482995745298703,6,train,seeded_stratified,pchip,1191.4808119761642,-5.325091478880495e-10,-2.349223200811544e-13,True
2026-08-27,2027-08-20,0.9801505817932923,SPX270820P07250000,2026-08-27T18:33:15+00:00,-86.75,put,reference-session last trade,7250.0,8011.137643500851,0.9479231815147929,275.7,277.1,283.49,575.0,8.0,1004.9900165979985,-0.09983131003140472,0.20123982108038305,0.03969361445768739,2504.2025012360145,3.361574159397918,0.0013423731338574757,7,train,seeded_stratified,pchip,1004.9900165978117,-1.8678747437661514e-10,-7.458960458845533e-14,True
2026-08-27,2027-08-20,0.9801505817932923,SPX270820P07350000,2026-08-27T13:39:51+00:00,-380.15,put,reference-session last trade,7350.0,8011.137643500851,0.9479231815147929,297.4,298.7,311.5,147.0,4.0,938.2076984465192,-0.08613246567324277,0.19900412113593088,0.03881655086108737,2598.4295665091213,3.361574159397918,0.0012936945464002124,8,train,seeded_stratified,pchip,938.2076984465201,9.094947017729282e-13,3.5001706934654204e-16,True
2026-08-27,2027-08-20,0.9801505817932923,SPX270820P07425000,2026-08-27T18:09:28+00:00,-110.53333333333333,put,reference-session last trade,7425.0,8011.137643500851,0.9479231815147929,315.7,317.1,322.42,193.0,4.0,878.0334598329098,-0.0759800942092248,0.1930319142721049,0.03652170440537732,2655.9377483286694,3.361574159397918,0.0012656825866921362,9,holdout,seeded_stratified,pchip,884.9225222104734,6.889062377563619,0.002593834280151624,False
2026-08-27,2027-08-20,0.9801505817932923,SPX270820P07650000,2026-08-27T17:26:27+00:00,-153.55,put,reference-session last trade,7650.0,8011.137643500851,0.9479231815147929,373.7,375.2,378.4,170.0,79.0,720.7307439920813,-0.046127131059543636,0.181786829308415,0.03239049847770688,2824.7809634150985,3.361574159397918,0.0011900300246054647,10,train,seeded_stratified,pchip,720.7307439920808,-5.684341886080801e-13,-2.0123124446465246e-16,True
2026-08-27,2027-08-20,0.9801505817932923,SPX270820P07750000,2026-08-27T20:03:19+00:00,3.316666666666667,put,reference-session last trade,7750.0,8011.137643500851,0.9479231815147929,405.3,406.6,410.4,298.0,1.0,657.938425840602,-0.033139935532732444,0.17815481934596877,0.03110913619963786,2887.1724698572957,3.361574159397918,0.0011643135955657234,11,train,seeded_stratified,pchip,657.9384258398427,-7.593143891426735e-10,-2.629958539263171e-13,True
2026-08-27,2027-08-20,0.9801505817932923,SPX270820P07850000,2026-08-27T13:39:51+00:00,-380.15,put,reference-session last trade,7850.0,8011.137643500851,0.9479231815147929,437.0,438.4,455.65,103.0,2.0,608.3961076891228,-0.020319247103670973,0.17823813879826778,0.031138241247838098,2937.933195311377,3.361574159397918,0.0011441969357106642,12,holdout,seeded_stratified,pchip,596.0332632726486,-12.362844416474218,-0.004208007328486562,False
2026-08-27,2027-08-20,0.9801505817932923,SPX270820C08050000,2026-08-27T19:16:04+00:00,-43.93333333333333,call,reference-session last trade,8050.0,8011.137643500851,0.9479231815147929,490.5,492.8,479.6,195.0,2.0,479.6,0.004839312532483916,0.16575588341836048,0.02692964986675646,2995.1866025562954,3.361574159397918,0.001122325452620856,13,train,seeded_stratified,pchip,479.6000000000005,4.547473508864641e-13,1.5182605000247795e-16,True
2026-08-27,2027-08-20,0.9801505817932923,SPX270820C08200000,2026-08-27T20:14:39+00:00,14.65,call,reference-session last trade,8200.0,8011.137643500851,0.9479231815147929,411.2,414.0,403.2,263.0,2.0,403.2,0.023301375372219282,0.1608168613967989,0.02534871600713804,2992.653055208593,3.361574159397918,0.0011232756010748498,14,train,seeded_stratified,pchip,403.1999999999672,-3.2798652682686225e-11,-1.0959724390905081e-14,True
2026-08-27,2027-08-20,0.9801505817932923,SPX270820C08300000,2026-08-27T16:39:35+00:00,-200.41666666666666,call,reference-session last trade,8300.0,8011.137643500851,0.9479231815147929,364.3,366.1,359.75,3298.0,500.0,359.75,0.03542273590456412,0.1588209032245777,0.024723396002144564,2967.241325321256,3.361574159397918,0.0011328954374932644,15,holdout,seeded_stratified,pchip,355.82757909671636,-3.922420903283637,-0.0013219082889589257,False
2026-08-27,2027-08-20,0.9801505817932923,SPX270820C08375000,2026-08-27T15:55:29+00:00,-244.51666666666668,call,reference-session last trade,8375.0,8011.137643500851,0.9479231815147929,329.0,331.0,323.22,176.0,63.0,323.22,0.044418298813141986,0.15533133458836976,0.02364890024583562,2932.7097834179417,3.361574159397918,0.0011462348502415244,16,train,seeded_stratified,pchip,323.21999999999986,-1.7053025658242404e-13,-5.814767541835615e-17,True
2026-08-27,2027-08-20,0.9801505817932923,SPX270820C08550000,2026-08-27T16:44:26+00:00,-195.56666666666666,call,reference-session last trade,8550.0,8011.137643500851,0.9479231815147929,259.2,261.1,258.13,136.0,28.0,258.13,0.0650985040506807,0.15181091994476295,0.022589094697829243,2813.1680819825456,3.361574159397918,0.0011949425208282933,17,train,seeded_stratified,pchip,258.1299999999994,-5.684341886080801e-13,-2.0206193588243869e-16,True
2026-08-27,2027-08-20,0.9801505817932923,SPX270820C08675000,2026-08-27T20:14:48+00:00,14.8,call,reference-session last trade,8675.0,8011.137643500851,0.9479231815147929,215.7,217.2,210.3,36.0,4.0,210.3,0.07961254693493483,0.14676195277119924,0.02111153275749549,2679.00102125166,3.361574159397918,0.0012547864419354914,18,holdout,seeded_stratified,pchip,215.3957482062115,5.095748206211482,0.0019021076012246871,False
2026-08-27,2027-08-20,0.9801505817932923,SPX270820C08850000,2026-08-27T19:59:52+00:00,-0.13333333333333333,call,reference-session last trade,8850.0,8011.137643500851,0.9479231815147929,166.0,167.4,163.9,917.0,369.0,163.9,0.0995846801218501,0.14446507881353735,0.02045589848263753,2467.5384639871822,3.361574159397918,0.0013623188487064573,19,train,seeded_stratified,pchip,163.90000000000137,1.3642420526593924e-12,5.528756988269906e-16,True
2026-08-27,2027-08-20,0.9801505817932923,SPX270820C08950000,2026-08-27T19:59:23+00:00,-0.6166666666666667,call,reference-session last trade,8950.0,8011.137643500851,0.9479231815147929,141.6,142.9,140.4,1782.0,43.0,140.4,0.11082075338877598,0.1429197492653986,0.02002060942743386,2327.0020803689777,3.361574159397918,0.0014445943936865304,20,train,seeded_stratified,pchip,140.4000000002068,2.0679635781561956e-10,8.886814479462313e-14,True
2026-08-27,2027-08-20,0.9801505817932923,SPX270820C09100000,2026-08-27T19:50:37+00:00,-9.383333333333333,call,reference-session last trade,9100.0,8011.137643500851,0.9479231815147929,111.1,112.5,107.55,132.0,1.0,107.55,0.12744163462481628,0.13952604669191365,0.019081098805091627,2083.680212345836,3.361574159397918,0.001613286981121451,21,holdout,seeded_stratified,pchip,106.57790076291964,-0.9720992370803572,-0.00046652995566241637,True
2026-08-27,2027-08-20,0.9801505817932923,SPX270820C09300000,2026-08-27T13:36:04+00:00,-383.93333333333334,call,reference-session last trade,9300.0,8011.137643500851,0.9479231815147929,78.9,80.1,72.6,154.0,100.0,72.6,0.14918162126122222,0.13502142306451817,0.017868914216891445,1729.8094018684856,3.361574159397918,0.0019433205506727224,22,train,seeded_stratified,pchip,72.599999999999,-9.947598300641403e-13,-5.750690388141214e-16,True
2026-08-27,2027-08-20,0.9801505817932923,SPX270820C09600000,2026-08-27T18:43:33+00:00,-76.45,call,reference-session last trade,9600.0,8011.137643500851,0.9479231815147929,46.0,46.9,44.16,437.0,20.0,44.16,0.1809303195758024,0.13435327847044043,0.017692505489392323,1298.8902120316588,3.361574159397918,0.002588035638624078,23,train,seeded_stratified,pchip,44.16000000062906,6.290648002504895e-10,4.843094469597534e-13,True
2026-08-27,2027-08-20,0.9801505817932923,SPX270820C10200000,2026-08-27T14:52:27+00:00,-307.55,call,reference-session last trade,10200.0,8011.137643500851,0.9479231815147929,14.5,15.1,13.99,817.0,2.0,13.99,0.24155494139223724,0.13179370213097683,0.017024803865454168,608.594357173919,3.361574159397918,0.005523505303282455,24,holdout,seeded_stratified,pchip,18.375424968422436,4.385424968422436,0.007205825878482811,False
2026-08-27,2026-09-18,0.06023271731690623,SPX260918P05475000,2026-08-27T19:59:48+00:00,-0.2,put,reference-session last trade,5475.0,7741.608398158938,0.9959553475339589,0.4,0.6,0.5,1236.0,1.0,2257.940754911775,-0.34641719369064733,0.49473259129427516,0.014742580182210712,10.821587764389916,3.1068981283412995,0.2871018741413364,0,train,seeded_stratified,sabr,2257.757230611891,-0.18352429988408403,-0.016959091759898553,True
2026-08-27,2026-09-18,0.06023271731690623,SPX260918P05825000,2026-08-27T14:17:49+00:00,-342.18333333333334,put,reference-session last trade,5825.0,7741.608398158938,0.9959553475339589,0.75,0.9,0.95,1444.0,1.0,1909.8063832748894,-0.28445046994144757,0.44016043232058366,0.011669559304515123,20.41192024445222,3.1068981283412995,0.1522099876510015,1,train,seeded_stratified,sabr,1909.4174821030674,-0.388901171821999,-0.019052649979254106,True
2026-08-27,2026-09-18,0.06023271731690623,SPX260918P05960000,2026-08-27T14:20:50+00:00,-339.1666666666667,put,reference-session last trade,5960.0,7741.608398158938,0.9959553475339589,0.9,1.05,1.15,205.0,1.0,1775.552411357805,-0.2615389883159535,0.41638874372387547,0.010443123586033783,25.01610755957548,3.1068981283412995,0.12419590541583132,2,train,seeded_stratified,sabr,1775.1096289542934,-0.44278240351172826,-0.017699892057837084,True
2026-08-27,2026-09-18,0.06023271731690623,SPX260918P06080000,2026-08-27T14:28:37+00:00,-331.3833333333333,put,reference-session last trade,6080.0,7741.608398158938,0.9959553475339589,1.1,1.3,1.35,498.0,1.0,1656.2377696537299,-0.24160477341513617,0.39471778853743006,0.009384385809536882,29.800413540962495,3.1068981283412995,0.10425687965942747,3,train,seeded_stratified,sabr,1655.7617965433044,-0.475973110425457,-0.015972030380424176,True
2026-08-27,2026-09-18,0.06023271731690623,SPX260918P06140000,2026-08-27T14:38:49+00:00,-321.18333333333334,put,reference-session last trade,6140.0,7741.608398158938,0.9959553475339589,1.15,1.35,1.45,228.0,1.0,1596.5804488016925,-0.23178472723416077,0.38344024544785404,0.008855800904149027,32.340786649943965,3.1068981283412995,0.09606748784345612,4,holdout,seeded_stratified,sabr,1596.1044172209188,-0.4760315807736788,-0.014719233206236918,True
2026-08-27,2026-09-18,0.06023271731690623,SPX260918P06210000,2026-08-27T14:17:48+00:00,-342.2,put,reference-session last trade,6210.0,7741.608398158938,0.9959553475339589,1.3,1.45,1.65,494.0,1.0,1527.0635744743154,-0.22044857344782448,0.37228125547075974,0.008347853059130656,36.76524736777681,3.1068981283412995,0.08450638444675242,5,train,seeded_stratified,sabr,1526.521101140934,-0.5424733333813947,-0.014755057349535196,True
2026-08-27,2026-09-18,0.06023271731690623,SPX260918P06310000,2026-08-27T16:54:32+00:00,-185.46666666666667,put,reference-session last trade,6310.0,7741.608398158938,0.9959553475339589,1.55,1.75,1.8,976.0,151.0,1427.6180397209193,-0.2044737928400901,0.3518707211839501,0.007457593695779025,41.27606654016315,3.1068981283412995,0.07527117743446246,6,holdout,seeded_stratified,sabr,1427.1546918916301,-0.46334782928920504,-0.011225581023771981,True
2026-08-27,2026-09-18,0.06023271731690623,SPX260918P06400000,2026-08-27T19:55:05+00:00,-4.916666666666667,put,reference-session last trade,6400.0,7741.608398158938,0.9959553475339589,1.7,1.9,2.1,17606.0,26.0,1338.282058442863,-0.19031147902758577,0.33668442847935637,0.00682776426110981,48.34204217233265,3.1068981283412995,0.06426907074520435,7,train,seeded_stratified,sabr,1337.773038981248,-0.5090194616150256,-0.01052953989408313,True
2026-08-27,2026-09-18,0.06023271731690623,SPX260918P06625000,2026-08-27T17:58:26+00:00,-121.56666666666666,put,reference-session last trade,6625.0,7741.608398158938,0.9959553475339589,2.45,2.6,2.93,2184.0,23.0,1115.0221052477225,-0.15575909752092598,0.2955235991128272,0.0052603760381031575,69.55115034350275,3.1068981283412995,0.04467069362615562,8,train,seeded_stratified,sabr,1114.6114929062892,-0.41061234143330694,-0.00590374622713433,True
2026-08-27,2026-09-18,0.06023271731690623,SPXW260918P06790000,2026-08-27T18:57:20+00:00,-62.666666666666664,put,reference-session last trade,6790.0,7741.608398158938,0.9959553475339589,3.4,3.6,4.13,116.0,1.0,951.8894729046191,-0.13115852782260717,0.2683594247148257,0.004337766402004075,97.28063007766478,3.1068981283412995,0.03193747949474507,9,train,seeded_stratified,sabr,951.3852893759688,-0.5041835286502874,-0.005182774086144059,True
2026-08-27,2026-09-18,0.06023271731690623,SPXW260918P06870000,2026-08-27T14:52:45+00:00,-307.25,put,reference-session last trade,6870.0,7741.608398158938,0.9959553475339589,3.8,4.0,4.5,83.0,2.0,872.5830451019025,-0.11944536315895393,0.2513219814900629,0.0038044633658097563,108.99971210524686,3.1068981283412995,0.028503727838669626,10,train,seeded_stratified,sabr,872.4529631533443,-0.13008194855819966,-0.0011934155241859394,True
2026-08-27,2026-09-18,0.06023271731690623,SPXW260918P06950000,2026-08-27T19:16:58+00:00,-43.03333333333333,put,reference-session last trade,6950.0,7741.608398158938,0.9959553475339589,4.6,4.8,5.3,2350.0,39.0,793.7066172991857,-0.1078678098165111,0.23715254157077256,0.003387568009353851,128.36387081276158,3.1068981283412995,0.024203836396248814,11,holdout,seeded_stratified,sabr,793.7144602878234,0.007842988637662529,6.109965824498026e-05,True
2026-08-27,2026-09-18,0.06023271731690623,SPX260918P07075000,2026-08-27T19:48:03+00:00,-11.95,put,reference-session last trade,7075.0,7741.608398158938,0.9959553475339589,5.6,5.9,5.75,1995.0,4.0,669.6621988574409,-0.09004202586391061,0.20715184506967296,0.002584699554132609,150.33746127890825,3.1068981283412995,0.02066616066222734,12,holdout,seeded_stratified,sabr,671.236269353864,1.5740704964231327,0.010470247954386393,True
2026-08-27,2026-09-18,0.06023271731690623,SPXW260918P07135000,2026-08-27T16:47:29+00:00,-192.51666666666668,put,reference-session last trade,7135.0,7741.608398158938,0.9959553475339589,6.8,7.1,7.7,65.0,22.0,611.8548780054034,-0.0815972184644121,0.20228996060019444,0.0024647967679995095,187.70224130524178,3.1068981283412995,0.016552269737093096,13,train,seeded_stratified,sabr,612.7817218604339,0.9268438550304836,0.004937841171130441,True
2026-08-27,2026-09-18,0.06023271731690623,SPX260918P07230000,2026-08-27T14:18:39+00:00,-341.35,put,reference-session last trade,7230.0,7741.608398158938,0.9959553475339589,8.4,8.8,10.8,608.0,1.0,520.3391199896772,-0.06837043322253855,0.18923011859250669,0.0021568154174284766,246.7775029685665,3.1068981283412995,0.012589875863753446,14,train,seeded_stratified,sabr,520.8814156681725,0.542295678495293,0.002197508573398477,True
2026-08-27,2026-09-18,0.06023271731690623,SPX260918P07285000,2026-08-27T20:10:10+00:00,10.166666666666666,put,reference-session last trade,7285.0,7741.608398158938,0.9959553475339589,10.0,10.5,11.7,659.0,37.0,466.4615758753095,-0.06079202974604377,0.17617356637166853,0.0018694504058548373,272.4720580014003,3.1068981283412995,0.011402630240805582,15,train,seeded_stratified,sabr,468.17536989533653,1.7137940200270236,0.006289797319394182,True
2026-08-27,2026-09-18,0.06023271731690623,SPXW260918P07465000,2026-08-27T18:51:55+00:00,-68.08333333333333,put,reference-session last trade,7465.0,7741.608398158938,0.9959553475339589,20.8,21.1,26.05,131.0,7.0,301.5396133191969,-0.03638403840205821,0.15499927049790516,0.0014470774122037535,469.1049744936451,3.1068981283412995,0.006623033856536919,16,train,seeded_stratified,sabr,300.17306453664617,-1.3665487825507512,-0.0029130980417033793,True
2026-08-27,2026-09-18,0.06023271731690623,SPXW260918P07560000,2026-08-27T17:40:01+00:00,-139.98333333333332,put,reference-session last trade,7560.0,7741.608398158938,0.9959553475339589,31.5,31.9,35.5,192.0,50.0,216.3738553034708,-0.023738279201770206,0.1357425458362577,0.0011098503833056469,578.668622640051,3.1068981283412995,0.005369045437726943,17,holdout,seeded_stratified,sabr,216.62398351103508,0.25012820756427345,0.00043224774556311236,True
2026-08-27,2026-09-18,0.06023271731690623,SPXW260918C07805000,2026-08-27T19:09:31+00:00,-50.483333333333334,call,reference-session last trade,7805.0,7741.608398158938,0.9959553475339589,53.6,54.2,51.18,131.0,44.0,51.18,0.008155084574183433,0.10389965749312098,0.0006502205453747644,720.149749439073,3.1068981283412995,0.004314238990933862,18,holdout,seeded_stratified,sabr,49.95791409385121,-1.2220859061487914,-0.0016969885875828994,True
2026-08-27,2026-09-18,0.06023271731690623,SPX260918C07905000,2026-08-27T19:50:40+00:00,-9.333333333333334,call,reference-session last trade,7905.0,7741.608398158938,0.9959553475339589,20.5,21.2,20.04,293.0,6.0,20.04,0.02088600126822348,0.0982013774479675,0.0005808548438574127,523.9893297293258,3.1068981283412995,0.005929315640733013,19,train,seeded_stratified,sabr,20.18305742522447,0.14305742522446963,0.00027301591293541795,True
2026-08-27,2026-09-18,0.06023271731690623,SPXW260918C07990000,2026-08-27T17:30:18+00:00,-149.7,call,reference-session last trade,7990.0,7741.608398158938,0.9959553475339589,8.0,8.3,10.36,275.0,14.0,10.36,0.03158129038497148,0.10393223117447335,0.0006506283118190055,356.32384928487073,3.1068981283412995,0.008719310073060597,20,train,seeded_stratified,sabr,9.480413781694315,-0.8795862183056844,-0.0024685022348938544,True
2026-08-27,2026-09-18,0.06023271731690623,SPX260918C08080000,2026-08-27T17:08:38+00:00,-171.36666666666667,call,reference-session last trade,8080.0,7741.608398158938,0.9959553475339589,2.5,2.7,3.55,1444.0,1.0,3.55,0.042782403139792036,0.10212639675729217,0.0006282152501623896,179.6738468981727,3.1068981283412995,0.017291877376578266,21,train,seeded_stratified,sabr,4.713091572697729,1.163091572697729,0.006473349309189626,True
2026-08-27,2026-09-18,0.06023271731690623,SPXW260918C08280000,2026-08-27T15:30:04+00:00,-269.93333333333334,call,reference-session last trade,8280.0,7741.608398158938,0.9959553475339589,0.6,0.75,0.78,69.0,20.0,0.78,0.06723349900395653,0.11774270265444674,0.0008350268819280386,52.112801297135604,3.1068981283412995,0.05961871269645355,22,train,seeded_stratified,sabr,1.4130281206458892,0.6330281206458892,0.012147267175995848,True
2026-08-27,2026-09-18,0.06023271731690623,SPX260918C08380000,2026-08-27T15:56:16+00:00,-243.73333333333332,call,reference-session last trade,8380.0,7741.608398158938,0.9959553475339589,0.35,0.5,0.53,156.0,70.0,0.53,0.07923844510077975,0.1297310320851168,0.0010137251063357462,35.489441250686994,3.1068981283412995,0.08754429539747001,23,holdout,seeded_stratified,sabr,0.8789010745896864,0.34890107458968633,0.009831123350890524,True
2026-08-27,2026-09-18,0.06023271731690623,SPX260918C08675000,2026-08-27T17:13:13+00:00,-166.78333333333333,call,reference-session last trade,8675.0,7741.608398158938,0.9959553475339589,0.05,0.25,0.25,347.0,1.0,0.25,0.113835856439711,0.1654965318282324,0.0016497200411712775,15.733618536975712,3.1068981283412995,0.1974687590804208,24,holdout,seeded_stratified,sabr,0.29056545648463433,0.04056545648463433,0.0025782661750252244,True
2026-08-27,2026-11-20,0.2327173169062286,SPX261120P05500000,2026-08-27T17:45:42+00:00,-134.3,put,reference-session last trade,5500.0,7784.875446624804,0.9999999999999999,8.6,9.1,8.56,9700.0,1.0,2293.4354466248033,-0.34743471377051904,0.3536123307173027,0.029099364372354438,157.67941674060665,8.384553375196333,0.05317468537437256,0,train,seeded_stratified,sabr,2292.052332936672,-1.3831136881312887,-0.008771681914619234,True
2026-08-27,2026-11-20,0.2327173169062286,SPX261120P05725000,2026-08-27T20:10:11+00:00,10.183333333333334,put,reference-session last trade,5725.0,7784.875446624804,0.9999999999999999,10.8,11.2,11.0,371.0,15.0,2070.8754466248033,-0.3073402565686409,0.33090219363396456,0.025481676246133962,200.68342514561533,8.384553375196333,0.041779999365231704,1,holdout,seeded_stratified,sabr,2069.200244986629,-1.6752016381742578,-0.00834748378925034,True
2026-08-27,2026-11-20,0.2327173169062286,SPX261120P06025000,2026-08-27T19:56:06+00:00,-3.9,put,reference-session last trade,6025.0,7784.875446624804,0.9999999999999999,14.8,15.2,14.7,277.0,1.0,1774.5754466248036,-0.2562653266322255,0.29817606914045575,0.02069065653027947,268.89490765490046,8.384553375196333,0.031181525333893876,2,train,seeded_stratified,sabr,1773.2439671629534,-1.331479461850222,-0.004951672285140638,True
2026-08-27,2026-11-20,0.2327173169062286,SPXW261120P06250000,2026-08-27T19:59:30+00:00,-0.5,put,reference-session last trade,6250.0,7784.875446624804,0.9999999999999999,19.1,19.5,19.3,128.0,15.0,1554.1754466248035,-0.21960134226063402,0.27639295177118334,0.01777798883517304,345.05583919709306,8.384553375196333,0.024299120382098926,3,train,seeded_stratified,sabr,1552.5805804190538,-1.5948662057496676,-0.004622052504489551,True
2026-08-27,2026-11-20,0.2327173169062286,SPX261120P06525000,2026-08-27T19:55:48+00:00,-4.2,put,reference-session last trade,6525.0,7784.875446624804,0.9999999999999999,25.8,26.3,25.9,480.0,3.0,1285.7754466248036,-0.17654185280018714,0.24696321502264446,0.014193622214421022,456.7176739738905,8.384553375196333,0.0183582853324736,4,holdout,seeded_stratified,sabr,1285.2453545515962,-0.5300920732074701,-0.0011606559224983579,True
2026-08-27,2026-11-20,0.2327173169062286,SPX261120P06770000,2026-08-27T19:51:49+00:00,-8.183333333333334,put,reference-session last trade,6770.0,7784.875446624804,0.9999999999999999,35.0,35.6,35.6,236.0,1.0,1050.4754466248037,-0.13968171908476057,0.2229347339807226,0.011566026358055365,600.2142135319554,8.384553375196333,0.013969268281498203,5,train,seeded_stratified,sabr,1050.5121208184935,0.03667419368980518,6.110184141424477e-05,True
2026-08-27,2026-11-20,0.2327173169062286,SPXW261120P06875000,2026-08-27T19:57:23+00:00,-2.6166666666666667,put,reference-session last trade,6875.0,7784.875446624804,0.9999999999999999,41.0,41.4,41.5,97.0,1.0,951.3754466248037,-0.12429116245630915,0.21327803296053283,0.01058573345434278,677.8257286798826,8.384553375196333,0.012369777393262855,6,train,seeded_stratified,sabr,951.3827941321132,0.007347507309532375,1.0839817667945724e-05,True
2026-08-27,2026-11-20,0.2327173169062286,SPX261120P06980000,2026-08-27T15:25:02+00:00,-274.96666666666664,put,reference-session last trade,6980.0,7784.875446624804,0.9999999999999999,46.7,47.5,48.29,420.0,2.0,853.1654466248036,-0.10913388923466313,0.2032480618358852,0.009613499916231963,762.6608248398801,8.384553375196333,0.0109938167821281,7,train,seeded_stratified,sabr,853.4532521267673,0.28780550196370314,0.0003773702445305587,True
2026-08-27,2026-11-20,0.2327173169062286,SPX261120P07040000,2026-08-27T19:35:19+00:00,-24.683333333333334,put,reference-session last trade,7040.0,7784.875446624804,0.9999999999999999,51.3,51.8,52.92,456.0,100.0,797.7954466248036,-0.10057463583899322,0.19769434029650265,0.009095303041062007,816.1021544051524,8.384553375196333,0.010273901778028926,8,holdout,seeded_stratified,sabr,798.14768406259,0.3522374377863571,0.0004316094938422249,True
2026-08-27,2026-11-20,0.2327173169062286,SPX261120P07130000,2026-08-27T15:01:44+00:00,-298.26666666666665,put,reference-session last trade,7130.0,7784.875446624804,0.9999999999999999,58.2,59.0,60.97,158.0,42.0,715.8454466248037,-0.08787157158273957,0.18944519540892804,0.008352103970978204,902.1770286986886,8.384553375196333,0.009293689717737901,9,train,seeded_stratified,sabr,716.2691994834175,0.42375285861385237,0.0004697003416558708,True
2026-08-27,2026-11-20,0.2327173169062286,SPX261120P07220000,2026-08-27T19:08:22+00:00,-51.63333333333333,put,reference-session last trade,7220.0,7784.875446624804,0.9999999999999999,67.2,67.8,71.1,504.0,3.0,635.9754466248037,-0.0753278531042093,0.181784363707217,0.0076902728693147415,996.73286841459,8.384553375196333,0.008412036605688402,10,train,seeded_stratified,sabr,635.9537813057449,-0.02166531905879765,-2.1736334523871626e-05,True
2026-08-27,2026-11-20,0.2327173169062286,SPX261120P07290000,2026-08-27T19:35:19+00:00,-24.683333333333334,put,reference-session last trade,7290.0,7784.875446624804,0.9999999999999999,75.2,75.9,78.64,534.0,100.0,573.5154466248038,-0.06567925998837744,0.17427242631149178,0.0070678293734757515,1067.571819861303,8.384553375196333,0.007853854156890015,11,holdout,seeded_stratified,sabr,574.8048401786981,1.2893935538943424,0.001207781556150347,True
2026-08-27,2026-11-20,0.2327173169062286,SPX261120P07390000,2026-08-27T19:51:52+00:00,-8.133333333333333,put,reference-session last trade,7390.0,7784.875446624804,0.9999999999999999,89.2,90.0,92.2,408.0,25.0,487.0754466248037,-0.05205507104883375,0.1641969242760681,0.006274205462139005,1175.3017784850435,8.384553375196333,0.007133957872508258,12,train,seeded_stratified,sabr,489.9292979322826,2.8538513074789194,0.0024281859856942574,True
2026-08-27,2026-11-20,0.2327173169062286,SPX261120P07475000,2026-08-27T19:37:33+00:00,-22.45,put,reference-session last trade,7475.0,7784.875446624804,0.9999999999999999,104.4,105.3,108.34,3178.0,202.0,418.2154466248037,-0.04061868673219403,0.1573464970791937,0.005761596747879207,1271.3387415394502,8.384553375196333,0.006595058501122658,13,train,seeded_stratified,sabr,420.6300812891613,2.4146346643576067,0.0018992850492652745,True
2026-08-27,2026-11-20,0.2327173169062286,SPXW261120P07550000,2026-08-27T19:58:14+00:00,-1.7666666666666666,put,reference-session last trade,7550.0,7784.875446624804,0.9999999999999999,121.2,122.1,124.84,164.0,3.0,359.71544662480375,-0.03063524274801089,0.15107646143540465,0.005311562661154501,1349.7921342767659,8.384553375196333,0.006211736727662051,14,holdout,seeded_stratified,sabr,362.18922087369896,2.473774248895211,0.0018327075599834397,True
2026-08-27,2026-11-20,0.2327173169062286,SPX261120P07680000,2026-08-27T14:53:37+00:00,-306.3833333333333,put,reference-session last trade,7680.0,7784.875446624804,0.9999999999999999,156.9,157.9,165.05,181.0,35.0,269.9254466248038,-0.013563258849363376,0.1434317878573276,0.004787618371733611,1458.9055458867686,8.384553375196333,0.005747152993444781,15,train,seeded_stratified,sabr,268.5784578976608,-1.346988727142957,-0.0009232871387326279,True
2026-08-27,2026-11-20,0.2327173169062286,SPXW261120P07725000,2026-08-27T15:28:04+00:00,-271.93333333333334,put,reference-session last trade,7725.0,7784.875446624804,0.9999999999999999,172.9,173.7,180.22,70.0,5.0,240.09544662480377,-0.0077209832251350806,0.13992568828247073,0.004556418481895878,1481.873427740565,8.384553375196333,0.005658076606434862,16,train,seeded_stratified,sabr,238.94902920758156,-1.1464174172222101,-0.0007736270829622543,True
2026-08-27,2026-11-20,0.2327173169062286,SPX261120C07845000,2026-08-27T17:06:23+00:00,-173.61666666666667,call,reference-session last trade,7845.0,7784.875446624804,0.9999999999999999,172.5,173.6,176.4,74.0,2.0,176.4,0.007693580176051764,0.1363683657616582,0.004327688296626854,1492.9380812472377,8.384553375196333,0.0056161427459815805,17,holdout,seeded_stratified,sabr,168.53828744928066,-7.861712550719346,-0.005265933429838882,True
2026-08-27,2026-11-20,0.2327173169062286,SPX261120C07920000,2026-08-27T15:19:51+00:00,-280.15,call,reference-session last trade,7920.0,7784.875446624804,0.9999999999999999,137.1,138.1,134.88,61.0,6.0,134.88,0.017208399817390377,0.1290847602549084,0.0038777396387562222,1453.8499230370749,8.384553375196333,0.0057671381635327965,18,train,seeded_stratified,sabr,131.77053187598128,-3.1094681240187185,-0.002138782053599506,True
2026-08-27,2026-11-20,0.2327173169062286,SPX261120C07980000,2026-08-27T19:39:40+00:00,-20.333333333333332,call,reference-session last trade,7980.0,7784.875446624804,0.9999999999999999,110.6,111.6,106.91,509.0,50.0,106.91,0.024755605452773277,0.12437234580841815,0.00359978325574413,1392.4780278836718,8.384553375196333,0.006021318259462534,19,train,seeded_stratified,sabr,106.71286572298867,-0.19713427701132957,-0.0001415708349171871,True
2026-08-27,2026-11-20,0.2327173169062286,SPX261120C08060000,2026-08-27T18:53:29+00:00,-66.51666666666667,call,reference-session last trade,8060.0,7784.875446624804,0.9999999999999999,81.8,82.8,77.5,33.0,1.0,77.5,0.03473075050959271,0.12013077285879092,0.0033584372893916098,1273.3397229489456,8.384553375196333,0.0065846947394199145,20,holdout,seeded_stratified,sabr,79.34061935129965,1.840619351299651,0.0014455053259761145,True
2026-08-27,2026-11-20,0.2327173169062286,SPX261120C08180000,2026-08-27T19:34:24+00:00,-25.6,call,reference-session last trade,8180.0,7784.875446624804,0.9999999999999999,50.8,51.7,48.69,19.0,1.0,48.69,0.04950934460571146,0.11846990945766293,0.003266215340142594,1054.8446982137298,8.384553375196333,0.00794861403711343,21,train,seeded_stratified,sabr,50.046853893844165,1.3568538938441677,0.0012863067863372298,True
2026-08-27,2026-11-20,0.2327173169062286,SPXW261120C08240000,2026-08-27T16:03:14+00:00,-236.76666666666668,call,reference-session last trade,8240.0,7784.875446624804,0.9999999999999999,39.9,40.4,39.1,37.0,11.0,39.1,0.05681753791243609,0.11905190979722304,0.003298385665273432,944.5088697872729,8.384553375196333,0.008877156841401335,22,train,seeded_stratified,sabr,39.773492412284206,0.6734924122842045,0.00071306097150352,True
2026-08-27,2026-11-20,0.2327173169062286,SPXW261120C08350000,2026-08-27T18:38:21+00:00,-81.65,call,reference-session last trade,8350.0,7784.875446624804,0.9999999999999999,23.8,24.3,22.9,340.0,20.0,22.9,0.0700787328538199,0.11627193689998934,0.003146143412430893,710.66156329422,8.384553375196333,0.01179823675327303,23,holdout,seeded_stratified,sabr,26.456631484734313,3.5566314847343143,0.005004676865099905,True
2026-08-27,2026-11-20,0.2327173169062286,SPX261120C09100000,2026-08-27T13:44:38+00:00,-375.3666666666667,call,reference-session last trade,9100.0,7784.875446624804,0.9999999999999999,0.95,1.2,1.05,915.0,32.0,1.05,0.15609160751386011,0.12938798141564853,0.003895978719943539,71.00167418927643,8.384553375196333,0.11808951649287552,24,train,seeded_stratified,sabr,3.37771725859784,2.32771725859784,0.03278397707063366,True
2026-08-27,2027-02-19,0.48186173853524983,SPX270219P05625000,2026-08-27T20:10:10+00:00,10.166666666666666,put,reference-session last trade,5625.0,7872.481980038706,0.967163927214507,31.0,31.6,31.3,663.0,3.0,2204.983498158071,-0.3361524369242269,0.3026607405691562,0.044140233273673196,492.830920219106,1.5243562709430591,0.003093061349043097,0,train,seeded_stratified,sabr,2204.9571347175133,-0.02636344055781592,-5.3493884973968535e-05,True
2026-08-27,2027-02-19,0.48186173853524983,SPX270219P05800000,2026-08-27T19:34:42+00:00,-25.3,put,reference-session last trade,5800.0,7872.481980038706,0.967163927214507,36.0,36.6,36.56,1722.0,150.0,2040.9898108955322,-0.3055154674623372,0.28941024709015545,0.04035991577620295,566.5750106517871,1.5243562709430591,0.002690475651563668,1,train,seeded_stratified,sabr,2040.999264101139,0.009453205606860138,1.6684826243898727e-05,True
2026-08-27,2027-02-19,0.48186173853524983,SPX270219P05950000,2026-08-27T18:54:37+00:00,-65.38333333333334,put,reference-session last trade,5950.0,7872.481980038706,0.967163927214507,40.9,41.5,42.25,315.0,1.0,1901.6052218133561,-0.27998216545717236,0.2788679358652692,0.03747309874075575,641.0632353701202,1.5243562709430591,0.0023778563281092956,2,train,seeded_stratified,sabr,1901.2342623254153,-0.3709594879408087,-0.0005786628642440146,True
2026-08-27,2027-02-19,0.48186173853524983,SPX270219P06125000,2026-08-27T13:47:30+00:00,-372.5,put,reference-session last trade,6125.0,7872.481980038706,0.967163927214507,47.6,48.5,50.89,267.0,12.0,1740.9915345508175,-0.2509946285839201,0.26780614662511676,0.034559187575507355,744.3277019121693,1.5243562709430591,0.0020479639102871025,3,train,seeded_stratified,sabr,1739.260654200203,-1.7308803506145978,-0.0023254278272432775,False
2026-08-27,2027-02-19,0.48186173853524983,SPX270219P06200000,2026-08-27T20:09:55+00:00,9.916666666666666,put,reference-session last trade,6200.0,7872.481980038706,0.967163927214507,51.2,51.9,52.2,1121.0,5.0,1669.7642400097293,-0.23882409296366489,0.2593762844124177,0.03241775774714329,773.2264146436344,1.5243562709430591,0.001971422913229893,4,train,seeded_stratified,sabr,1670.2610740200485,0.4968340103191622,0.0006425466084835497,True
2026-08-27,2027-02-19,0.48186173853524983,SPX270219P06300000,2026-08-27T17:31:38+00:00,-148.36666666666667,put,reference-session last trade,6300.0,7872.481980038706,0.967163927214507,56.1,56.9,57.04,1910.0,20.0,1577.8878472882786,-0.2228237516172237,0.2518218928126313,0.030556908318011226,833.8860953919543,1.5243562709430591,0.001828014976345853,5,holdout,seeded_stratified,sabr,1578.7095664147432,0.8217191264645862,0.0009854093154993198,True
2026-08-27,2027-02-19,0.48186173853524983,SPX270219P06500000,2026-08-27T18:56:52+00:00,-63.13333333333333,put,reference-session last trade,6500.0,7872.481980038706,0.967163927214507,67.9,68.7,70.62,2832.0,5.0,1398.0350618453772,-0.1915712081131193,0.2391743079705626,0.02756458734675637,981.244822538543,1.5243562709430591,0.0015534922946135422,6,holdout,seeded_stratified,sabr,1397.4029455229033,-0.6321163224738484,-0.0006441983773616488,True
2026-08-27,2027-02-19,0.48186173853524983,SPX270219P06575000,2026-08-27T16:27:51+00:00,-212.15,put,reference-session last trade,6575.0,7872.481980038706,0.967163927214507,72.9,73.8,74.53,333.0,1.0,1329.4077673042893,-0.1800988069508825,0.2325202355643867,0.026052172897077473,1030.6406788117208,1.5243562709430591,0.0014790375562320796,7,train,seeded_stratified,sabr,1330.1364741902362,0.7287068859468491,0.0007070426201176273,True
2026-08-27,2027-02-19,0.48186173853524983,SPX270219P06675000,2026-08-27T16:43:04+00:00,-196.93333333333334,put,reference-session last trade,6675.0,7872.481980038706,0.967163927214507,80.3,81.5,81.51,3536.0,2.0,1239.6713745828386,-0.16500418072839748,0.22484842048371095,0.024361393418610447,1106.9954131808793,1.5243562709430591,0.0013770213072183566,8,train,seeded_stratified,sabr,1241.1694824789274,1.498107896088868,0.001353309939906754,True
2026-08-27,2027-02-19,0.48186173853524983,SPX270219P06775000,2026-08-27T19:27:40+00:00,-32.333333333333336,put,reference-session last trade,6775.0,7872.481980038706,0.967163927214507,89.1,89.8,91.52,1912.0,18.0,1152.9649818613877,-0.1501340182489462,0.21907435787166168,0.023126267139578476,1198.0692179669727,1.5243562709430591,0.0012723440750191124,9,train,seeded_stratified,sabr,1153.1358060884131,0.1708242270253777,0.0001425829363308847,True
2026-08-27,2027-02-19,0.48186173853524983,SPX270219P06825000,2026-08-27T15:00:55+00:00,-299.0833333333333,put,reference-session last trade,6825.0,7872.481980038706,0.967163927214507,93.7,94.6,96.43,442.0,1.0,1109.5167855006625,-0.14278104394368735,0.21574982508272791,0.022429693952328744,1242.782207872197,1.5243562709430591,0.0012265675041751307,10,train,seeded_stratified,sabr,1109.511117619817,-0.005667880845521722,-4.560638871090586e-06,True
2026-08-27,2027-02-19,0.48186173853524983,SPX270219P07025000,2026-08-27T20:09:47+00:00,9.783333333333333,put,reference-session last trade,7025.0,7872.481980038706,0.967163927214507,115.1,115.9,117.8,447.0,16.0,937.454000057761,-0.11389816979490133,0.2015380342762291,0.01957205735728149,1426.4543387536942,1.5243562709430591,0.0010686330641854983,11,holdout,seeded_stratified,sabr,938.1007596643635,0.6467596066024726,0.0004534036520002121,True
2026-08-27,2027-02-19,0.48186173853524983,SPX270219P07200000,2026-08-27T19:38:59+00:00,-21.016666666666666,put,reference-session last trade,7200.0,7872.481980038706,0.967163927214507,139.1,139.9,141.7,1621.0,142.0,792.1003127952224,-0.08929235899270115,0.18952249671657462,0.0173078842164446,1598.165970615671,1.5243562709430591,0.0009538159984446561,12,holdout,seeded_stratified,sabr,793.114661475695,1.014348680472608,0.0006346954566188419,True
2026-08-27,2027-02-19,0.48186173853524983,SPX270219P07250000,2026-08-27T19:36:46+00:00,-23.233333333333334,put,reference-session last trade,7250.0,7872.481980038706,0.967163927214507,146.5,147.6,149.7,1309.0,204.0,751.7421164344971,-0.08237191614812735,0.18620922846239213,0.01670801453952757,1648.1836316786523,1.5243562709430591,0.0009248704098526469,13,train,seeded_stratified,sabr,752.744788139598,1.0026717051008518,0.0006083495102300249,True
2026-08-27,2027-02-19,0.48186173853524983,SPX270219P07375000,2026-08-27T17:43:05+00:00,-136.91666666666666,put,reference-session last trade,7375.0,7872.481980038706,0.967163927214507,168.7,170.0,172.16,488.0,5.0,653.3066255326837,-0.06527748278882724,0.17802498636502928,0.01527159385507822,1771.698297715044,1.5243562709430591,0.0008603926937837095,14,train,seeded_stratified,sabr,654.2700084652498,0.9633829325661054,0.0005437624079723837,True
2026-08-27,2027-02-19,0.48186173853524983,SPX270219P07450000,2026-08-27T19:21:04+00:00,-38.93333333333333,put,reference-session last trade,7450.0,7872.481980038706,0.967163927214507,184.8,185.8,189.9,404.0,16.0,598.5093309915957,-0.05515935262324263,0.17446609825081522,0.01466710970907572,1845.712123134383,1.5243562709430591,0.0008258905881565115,15,train,seeded_stratified,sabr,597.0982343802702,-1.4110966113254335,-0.0007645269235860646,True
2026-08-27,2027-02-19,0.48186173853524983,SPX270219P07625000,2026-08-27T16:50:12+00:00,-189.8,put,reference-session last trade,7625.0,7872.481980038706,0.967163927214507,228.8,229.8,230.35,2399.0,6.0,469.705643729057,-0.031941062521235436,0.16227154135684385,0.012688408902508845,1990.2070503622772,1.5243562709430591,0.0007659284850114368,16,train,seeded_stratified,sabr,470.4885105389028,0.7828668098458138,0.00039335947971006765,True
2026-08-27,2027-02-19,0.48186173853524983,SPX270219C07875000,2026-08-27T19:25:12+00:00,-34.8,call,reference-session last trade,7875.0,7872.481980038706,0.967163927214507,313.2,314.7,303.64,565.0,3.0,303.64,0.0003197996969859973,0.14461880109558828,0.010077944374913779,2106.217385348798,1.5243562709430591,0.0007237411871854907,17,holdout,seeded_stratified,sabr,310.9813236895766,7.341323689576598,0.0034855488994840127,False
2026-08-27,2027-02-19,0.48186173853524983,SPX270219C08025000,2026-08-27T19:04:20+00:00,-55.666666666666664,call,reference-session last trade,8025.0,7872.481980038706,0.967163927214507,233.7,235.1,226.5,154.0,5.0,226.5,0.019188284001368752,0.13833673796474288,0.00922141366310134,2084.3897798802304,1.5243562709430591,0.0007313201617360881,18,holdout,seeded_stratified,sabr,230.95320935540266,4.453209355402663,0.002136457105282173,False
2026-08-27,2027-02-19,0.48186173853524983,SPX270219C08150000,2026-08-27T18:21:49+00:00,-98.18333333333334,call,reference-session last trade,8150.0,7872.481980038706,0.967163927214507,180.9,182.3,176.14,604.0,1.0,176.14,0.03464454223806064,0.13561389961510328,0.008861981764028732,2002.6961357113987,1.5243562709430591,0.0007611520508584677,19,train,seeded_stratified,sabr,175.01272695992216,-1.1272730400778244,-0.0005628777226742857,True
2026-08-27,2027-02-19,0.48186173853524983,SPX270219C08200000,2026-08-27T19:47:15+00:00,-12.75,call,reference-session last trade,8200.0,7872.481980038706,0.967163927214507,160.1,161.2,156.66,2209.0,4.0,156.66,0.04076076925549664,0.13374409115997282,0.008619293136088852,1952.1325091445008,1.5243562709430591,0.0007808672125495673,20,train,seeded_stratified,sabr,155.5481800628901,-1.1118199371098854,-0.0005695412232016603,True
2026-08-27,2027-02-19,0.48186173853524983,SPX270219C08550000,2026-08-27T16:00:15+00:00,-239.75,call,reference-session last trade,8550.0,7872.481980038706,0.967163927214507,67.1,68.3,65.31,147.0,2.0,65.31,0.0825578979339581,0.12676579199997373,0.0077433090205694345,1413.6855523661955,1.5243562709430591,0.0010782852441206783,21,train,seeded_stratified,sabr,63.70509666313186,-1.6049033368681407,-0.001135261893411791,False
2026-08-27,2027-02-19,0.48186173853524983,SPX270219C08750000,2026-08-27T16:07:08+00:00,-232.86666666666667,call,reference-session last trade,8750.0,7872.481980038706,0.967163927214507,37.8,38.6,36.6,22.0,5.0,36.6,0.10568031535481238,0.12401419969290531,0.0074108030764764845,1045.3957975705653,1.5243562709430591,0.0014581618507416695,22,train,seeded_stratified,sabr,38.2715232002218,1.6715232002217988,0.0015989381286076667,False
2026-08-27,2027-02-19,0.48186173853524983,SPX270219C08850000,2026-08-27T15:01:51+00:00,-298.15,call,reference-session last trade,8850.0,7872.481980038706,0.967163927214507,27.4,28.2,27.2,104.0,28.0,27.2,0.11704407400512731,0.12331365235369457,0.00732731336563499,877.0362589931667,1.5243562709430591,0.0017380766819070999,23,holdout,seeded_stratified,sabr,30.05630665163366,2.856306651633659,0.003256771453112651,False
2026-08-27,2027-02-19,0.48186173853524983,SPX270219C10000000,2026-08-27T14:28:13+00:00,-331.78333333333336,call,reference-session last trade,10000.0,7872.481980038706,0.967163927214507,1.3,1.7,1.45,2296.0,1.0,1.45,0.239211707979335,0.1358969720842035,0.008899016333501006,95.31234155423574,1.5243562709430591,0.015993272708295096,24,holdout,seeded_stratified,sabr,3.9917730860710448,2.5417730860710446,0.026667827530233272,False
2026-08-27,2027-08-20,0.9801505817932923,SPX270820P05750000,2026-08-27T14:30:38+00:00,-329.3666666666667,put,reference-session last trade,5750.0,8011.137643500851,0.9479231815147929,88.0,89.2,91.0,32.0,15.0,2234.384788870188,-0.33163292408872896,0.27240776241346354,0.07273304331354792,1182.2561136694133,3.361574159397918,0.0028433552768566133,0,train,seeded_stratified,sabr,2233.9729431209,-0.4118457492882044,-0.00034835577885906894,True
2026-08-27,2027-08-20,0.9801505817932923,SPX270820P05900000,2026-08-27T20:09:15+00:00,9.25,put,reference-session last trade,5900.0,8011.137643500851,0.9479231815147929,98.4,99.5,100.4,1493.0,6.0,2101.596311642969,-0.3058804279863143,0.2635725051249552,0.06809151713595715,1283.8955559852348,3.361574159397918,0.00261826138717204,1,train,seeded_stratified,sabr,2102.5992474592767,1.0029358163078541,0.0007811662028366646,True
2026-08-27,2027-08-20,0.9801505817932923,SPX270820P06375000,2026-08-27T20:06:10+00:00,6.166666666666667,put,reference-session last trade,6375.0,8011.137643500851,0.9479231815147929,141.4,142.4,143.7,6.0,2.0,1694.6328004234424,-0.22844868785349828,0.24005768474565528,0.056483815846541004,1673.8442623747983,3.361574159397918,0.0020082956550740395,2,holdout,seeded_stratified,sabr,1695.7816851907353,1.1488847672928841,0.0006863749472503984,True
2026-08-27,2027-08-20,0.9801505817932923,SPX270820P06450000,2026-08-27T17:39:01+00:00,-140.98333333333332,put,reference-session last trade,6450.0,8011.137643500851,0.9479231815147929,149.3,150.4,151.7,282.0,11.0,1631.538561809833,-0.2167526480903069,0.2362319831709112,0.05469784217517996,1739.6927168414031,3.361574159397918,0.0019322804118541191,3,holdout,seeded_stratified,sabr,1633.0864479589732,1.5478861491401403,0.0008897468697520859,True
2026-08-27,2027-08-20,0.9801505817932923,SPX270820P06800000,2026-08-27T16:27:03+00:00,-212.95,put,reference-session last trade,6800.0,8011.137643500851,0.9479231815147929,194.9,196.4,199.21,538.0,40.0,1347.2754482796554,-0.163910166715927,0.22043065949588658,0.047625198853369896,2071.7991926232,3.361574159397918,0.001622538598995048,4,train,seeded_stratified,sabr,1347.5831539738117,0.30770569415631144,0.00014852100302573782,True
2026-08-27,2027-08-20,0.9801505817932923,SPX270820P06850000,2026-08-27T17:57:20+00:00,-122.66666666666667,put,reference-session last trade,6850.0,8011.137643500851,0.9479231815147929,203.3,204.7,206.5,122.0,2.0,1307.1692892039157,-0.1565841266238542,0.21792983283589482,0.04655069544223797,2118.9557083814575,3.361574159397918,0.0015864296483882722,5,train,seeded_stratified,sabr,1307.8807935885466,0.7115043846308708,0.0003357806781031521,True
2026-08-27,2027-08-20,0.9801505817932923,SPX270820P07000000,2026-08-27T19:09:08+00:00,-50.86666666666667,put,reference-session last trade,7000.0,8011.137643500851,0.9479231815147929,228.0,229.3,233.0,656.0,23.0,1191.4808119766967,-0.13492262984267478,0.21176132339071133,0.04395275344048838,2266.745653218873,3.361574159397918,0.001482995745298703,6,train,seeded_stratified,sabr,1190.663222845915,-0.8175891307816983,-0.00036068851819377604,True
2026-08-27,2027-08-20,0.9801505817932923,SPX270820P07250000,2026-08-27T18:33:15+00:00,-86.75,put,reference-session last trade,7250.0,8011.137643500851,0.9479231815147929,275.7,277.1,283.49,575.0,8.0,1004.9900165979985,-0.09983131003140472,0.20123982108038305,0.03969361445768739,2504.2025012360145,3.361574159397918,0.0013423731338574757,7,train,seeded_stratified,sabr,1002.450695623356,-2.539320974642578,-0.0010140238153221355,True
2026-08-27,2027-08-20,0.9801505817932923,SPX270820P07350000,2026-08-27T13:39:51+00:00,-380.15,put,reference-session last trade,7350.0,8011.137643500851,0.9479231815147929,297.4,298.7,311.5,147.0,4.0,938.2076984465192,-0.08613246567324277,0.19900412113593088,0.03881655086108737,2598.4295665091213,3.361574159397918,0.0012936945464002124,8,train,seeded_stratified,sabr,930.0387350268197,-8.16896341969948,-0.0031438079080489114,False
2026-08-27,2027-08-20,0.9801505817932923,SPX270820P07425000,2026-08-27T18:09:28+00:00,-110.53333333333333,put,reference-session last trade,7425.0,8011.137643500851,0.9479231815147929,315.7,317.1,322.42,193.0,4.0,878.0334598329098,-0.0759800942092248,0.1930319142721049,0.03652170440537732,2655.9377483286694,3.361574159397918,0.0012656825866921362,9,holdout,seeded_stratified,sabr,876.9389978887588,-1.0944619441510213,-0.00041208117352891467,True
2026-08-27,2027-08-20,0.9801505817932923,SPX270820P07650000,2026-08-27T17:26:27+00:00,-153.55,put,reference-session last trade,7650.0,8011.137643500851,0.9479231815147929,373.7,375.2,378.4,170.0,79.0,720.7307439920813,-0.046127131059543636,0.181786829308415,0.03239049847770688,2824.7809634150985,3.361574159397918,0.0011900300246054647,10,train,seeded_stratified,sabr,724.5729703892679,3.8422263971865505,0.0013601856026887772,False
2026-08-27,2027-08-20,0.9801505817932923,SPX270820P07750000,2026-08-27T20:03:19+00:00,3.316666666666667,put,reference-session last trade,7750.0,8011.137643500851,0.9479231815147929,405.3,406.6,410.4,298.0,1.0,657.938425840602,-0.033139935532732444,0.17815481934596877,0.03110913619963786,2887.1724698572957,3.361574159397918,0.0011643135955657234,11,train,seeded_stratified,sabr,660.5631834393953,2.6247575987932805,0.0009091100812979886,True
2026-08-27,2027-08-20,0.9801505817932923,SPX270820P07850000,2026-08-27T13:39:51+00:00,-380.15,put,reference-session last trade,7850.0,8011.137643500851,0.9479231815147929,437.0,438.4,455.65,103.0,2.0,608.3961076891228,-0.020319247103670973,0.17823813879826778,0.031138241247838098,2937.933195311377,3.361574159397918,0.0011441969357106642,12,holdout,seeded_stratified,sabr,599.0921446960938,-9.303962993029018,-0.0031668395346351424,False
2026-08-27,2027-08-20,0.9801505817932923,SPX270820C08050000,2026-08-27T19:16:04+00:00,-43.93333333333333,call,reference-session last trade,8050.0,8011.137643500851,0.9479231815147929,490.5,492.8,479.6,195.0,2.0,479.6,0.004839312532483916,0.16575588341836048,0.02692964986675646,2995.1866025562954,3.361574159397918,0.001122325452620856,13,train,seeded_stratified,sabr,484.52116482662933,4.921164826629308,0.0016430244521090113,False
2026-08-27,2027-08-20,0.9801505817932923,SPX270820C08200000,2026-08-27T20:14:39+00:00,14.65,call,reference-session last trade,8200.0,8011.137643500851,0.9479231815147929,411.2,414.0,403.2,263.0,2.0,403.2,0.023301375372219282,0.1608168613967989,0.02534871600713804,2992.653055208593,3.361574159397918,0.0011232756010748498,14,train,seeded_stratified,sabr,406.65291806765333,3.452918067653343,0.0011537983200704395,False
2026-08-27,2027-08-20,0.9801505817932923,SPX270820C08300000,2026-08-27T16:39:35+00:00,-200.41666666666666,call,reference-session last trade,8300.0,8011.137643500851,0.9479231815147929,364.3,366.1,359.75,3298.0,500.0,359.75,0.03542273590456412,0.1588209032245777,0.024723396002144564,2967.241325321256,3.361574159397918,0.0011328954374932644,15,holdout,seeded_stratified,sabr,358.90473386078304,-0.8452661392169603,-0.00028486599050902786,True
2026-08-27,2027-08-20,0.9801505817932923,SPX270820C08375000,2026-08-27T15:55:29+00:00,-244.51666666666668,call,reference-session last trade,8375.0,8011.137643500851,0.9479231815147929,329.0,331.0,323.22,176.0,63.0,323.22,0.044418298813141986,0.15533133458836976,0.02364890024583562,2932.7097834179417,3.361574159397918,0.0011462348502415244,16,train,seeded_stratified,sabr,325.38517411764263,2.165174117642607,0.0007382844800685303,True
2026-08-27,2027-08-20,0.9801505817932923,SPX270820C08550000,2026-08-27T16:44:26+00:00,-195.56666666666666,call,reference-session last trade,8550.0,8011.137643500851,0.9479231815147929,259.2,261.1,258.13,136.0,28.0,258.13,0.0650985040506807,0.15181091994476295,0.022589094697829243,2813.1680819825456,3.361574159397918,0.0011949425208282933,17,train,seeded_stratified,sabr,255.0851868084177,-3.044813191582307,-0.0010823431458231647,True
2026-08-27,2027-08-20,0.9801505817932923,SPX270820C08675000,2026-08-27T20:14:48+00:00,14.8,call,reference-session last trade,8675.0,8011.137643500851,0.9479231815147929,215.7,217.2,210.3,36.0,4.0,210.3,0.07961254693493483,0.14676195277119924,0.02111153275749549,2679.00102125166,3.361574159397918,0.0012547864419354914,18,holdout,seeded_stratified,sabr,211.77710272468346,1.4771027246834478,0.0005513632555441612,True
2026-08-27,2027-08-20,0.9801505817932923,SPX270820C08850000,2026-08-27T19:59:52+00:00,-0.13333333333333333,call,reference-session last trade,8850.0,8011.137643500851,0.9479231815147929,166.0,167.4,163.9,917.0,369.0,163.9,0.0995846801218501,0.14446507881353735,0.02045589848263753,2467.5384639871822,3.361574159397918,0.0013623188487064573,19,train,seeded_stratified,sabr,160.71003105747,-3.1899689425300153,-0.0012927737456118478,True
2026-08-27,2027-08-20,0.9801505817932923,SPX270820C08950000,2026-08-27T19:59:23+00:00,-0.6166666666666667,call,reference-session last trade,8950.0,8011.137643500851,0.9479231815147929,141.6,142.9,140.4,1782.0,43.0,140.4,0.11082075338877598,0.1429197492653986,0.02002060942743386,2327.0020803689777,3.361574159397918,0.0014445943936865304,20,train,seeded_stratified,sabr,136.327319461011,-4.072680538989005,-0.0017501834542164338,False
2026-08-27,2027-08-20,0.9801505817932923,SPX270820C09100000,2026-08-27T19:50:37+00:00,-9.383333333333333,call,reference-session last trade,9100.0,8011.137643500851,0.9479231815147929,111.1,112.5,107.55,132.0,1.0,107.55,0.12744163462481628,0.13952604669191365,0.019081098805091627,2083.680212345836,3.361574159397918,0.001613286981121451,21,holdout,seeded_stratified,sabr,105.77131852809445,-1.7786814719055428,-0.0008536249763120218,True
2026-08-27,2027-08-20,0.9801505817932923,SPX270820C09300000,2026-08-27T13:36:04+00:00,-383.93333333333334,call,reference-session last trade,9300.0,8011.137643500851,0.9479231815147929,78.9,80.1,72.6,154.0,100.0,72.6,0.14918162126122222,0.13502142306451817,0.017868914216891445,1729.8094018684856,3.361574159397918,0.0019433205506727224,22,train,seeded_stratified,sabr,74.85517093532481,2.255170935324813,0.0013037106474787616,True
2026-08-27,2027-08-20,0.9801505817932923,SPX270820C09600000,2026-08-27T18:43:33+00:00,-76.45,call,reference-session last trade,9600.0,8011.137643500851,0.9479231815147929,46.0,46.9,44.16,437.0,20.0,44.16,0.1809303195758024,0.13435327847044043,0.017692505489392323,1298.8902120316588,3.361574159397918,0.002588035638624078,23,train,seeded_stratified,sabr,44.649116976272175,0.48911697627217876,0.00037656529531247026,True
2026-08-27,2027-08-20,0.9801505817932923,SPX270820C10200000,2026-08-27T14:52:27+00:00,-307.55,call,reference-session last trade,10200.0,8011.137643500851,0.9479231815147929,14.5,15.1,13.99,817.0,2.0,13.99,0.24155494139223724,0.13179370213097683,0.017024803865454168,608.594357173919,3.361574159397918,0.005523505303282455,24,holdout,seeded_stratified,sabr,17.23523891408397,3.245238914083968,0.005332351304000952,True
2026-08-27,2026-09-18,0.06023271731690623,SPX260918P05475000,2026-08-27T19:59:48+00:00,-0.2,put,reference-session last trade,5475.0,7741.608398158938,0.9959553475339589,0.4,0.6,0.5,1236.0,1.0,2257.940754911775,-0.34641719369064733,0.49473259129427516,0.014742580182210712,10.821587764389916,3.1068981283412995,0.2871018741413364,0,train,seeded_stratified,heston,2257.440754911775,-0.5,-0.04620394076046088,True
2026-08-27,2026-09-18,0.06023271731690623,SPX260918P05825000,2026-08-27T14:17:49+00:00,-342.18333333333334,put,reference-session last trade,5825.0,7741.608398158938,0.9959553475339589,0.75,0.9,0.95,1444.0,1.0,1909.8063832748894,-0.28445046994144757,0.44016043232058366,0.011669559304515123,20.41192024445222,3.1068981283412995,0.1522099876510015,1,train,seeded_stratified,heston,1910.4527921662568,0.6464088913674004,0.03166820581434952,True
2026-08-27,2026-09-18,0.06023271731690623,SPX260918P05960000,2026-08-27T14:20:50+00:00,-339.1666666666667,put,reference-session last trade,5960.0,7741.608398158938,0.9959553475339589,0.9,1.05,1.15,205.0,1.0,1775.552411357805,-0.2615389883159535,0.41638874372387547,0.010443123586033783,25.01610755957548,3.1068981283412995,0.12419590541583132,2,train,seeded_stratified,heston,1774.402411357805,-1.150000000000091,-0.04597038117386502,True
2026-08-27,2026-09-18,0.06023271731690623,SPX260918P06080000,2026-08-27T14:28:37+00:00,-331.3833333333333,put,reference-session last trade,6080.0,7741.608398158938,0.9959553475339589,1.1,1.3,1.35,498.0,1.0,1656.2377696537299,-0.24160477341513617,0.39471778853743006,0.009384385809536882,29.800413540962495,3.1068981283412995,0.10425687965942747,3,train,seeded_stratified,heston,1656.2283560203325,-0.009413633397343801,-0.0003158893545018825,True
2026-08-27,2026-09-18,0.06023271731690623,SPX260918P06140000,2026-08-27T14:38:49+00:00,-321.18333333333334,put,reference-session last trade,6140.0,7741.608398158938,0.9959553475339589,1.15,1.35,1.45,228.0,1.0,1596.5804488016925,-0.23178472723416077,0.38344024544785404,0.008855800904149027,32.340786649943965,3.1068981283412995,0.09606748784345612,4,holdout,seeded_stratified,heston,1596.8969196972464,0.31647089555394814,0.009785503951385686,True
2026-08-27,2026-09-18,0.06023271731690623,SPX260918P06210000,2026-08-27T14:17:48+00:00,-342.2,put,reference-session last trade,6210.0,7741.608398158938,0.9959553475339589,1.3,1.45,1.65,494.0,1.0,1527.0635744743154,-0.22044857344782448,0.37228125547075974,0.008347853059130656,36.76524736777681,3.1068981283412995,0.08450638444675242,5,train,seeded_stratified,heston,1525.4135744743153,-1.650000000000091,-0.04487933899898757,True
2026-08-27,2026-09-18,0.06023271731690623,SPX260918P06310000,2026-08-27T16:54:32+00:00,-185.46666666666667,put,reference-session last trade,6310.0,7741.608398158938,0.9959553475339589,1.55,1.75,1.8,976.0,151.0,1427.6180397209193,-0.2044737928400901,0.3518707211839501,0.007457593695779025,41.27606654016315,3.1068981283412995,0.07527117743446246,6,holdout,seeded_stratified,heston,1425.8180397209194,-1.7999999999999545,-0.043608806528317993,True
2026-08-27,2026-09-18,0.06023271731690623,SPX260918P06400000,2026-08-27T19:55:05+00:00,-4.916666666666667,put,reference-session last trade,6400.0,7741.608398158938,0.9959553475339589,1.7,1.9,2.1,17606.0,26.0,1338.282058442863,-0.19031147902758577,0.33668442847935637,0.00682776426110981,48.34204217233265,3.1068981283412995,0.06426907074520435,7,train,seeded_stratified,heston,1338.4972305312263,0.21517208836326063,0.0044510343108013955,True
2026-08-27,2026-09-18,0.06023271731690623,SPX260918P06625000,2026-08-27T17:58:26+00:00,-121.56666666666666,put,reference-session last trade,6625.0,7741.608398158938,0.9959553475339589,2.45,2.6,2.93,2184.0,23.0,1115.0221052477225,-0.15575909752092598,0.2955235991128272,0.0052603760381031575,69.55115034350275,3.1068981283412995,0.04467069362615562,8,train,seeded_stratified,heston,1113.4485397165329,-1.5735655311896153,-0.022624579513322352,True
2026-08-27,2026-09-18,0.06023271731690623,SPXW260918P06790000,2026-08-27T18:57:20+00:00,-62.666666666666664,put,reference-session last trade,6790.0,7741.608398158938,0.9959553475339589,3.4,3.6,4.13,116.0,1.0,951.8894729046191,-0.13115852782260717,0.2683594247148257,0.004337766402004075,97.28063007766478,3.1068981283412995,0.03193747949474507,9,train,seeded_stratified,heston,948.8047875434735,-3.0846853611456027,-0.03170914249509814,True
2026-08-27,2026-09-18,0.06023271731690623,SPXW260918P06870000,2026-08-27T14:52:45+00:00,-307.25,put,reference-session last trade,6870.0,7741.608398158938,0.9959553475339589,3.8,4.0,4.5,83.0,2.0,872.5830451019025,-0.11944536315895393,0.2513219814900629,0.0038044633658097563,108.99971210524686,3.1068981283412995,0.028503727838669626,10,train,seeded_stratified,heston,869.1749773225932,-3.408067779309249,-0.031266759457295824,False
2026-08-27,2026-09-18,0.06023271731690623,SPXW260918P06950000,2026-08-27T19:16:58+00:00,-43.03333333333333,put,reference-session last trade,6950.0,7741.608398158938,0.9959553475339589,4.6,4.8,5.3,2350.0,39.0,793.7066172991857,-0.1078678098165111,0.23715254157077256,0.003387568009353851,128.36387081276158,3.1068981283412995,0.024203836396248814,11,holdout,seeded_stratified,heston,793.4472815206213,-0.2593357785643775,-0.002020317531111683,True
2026-08-27,2026-09-18,0.06023271731690623,SPX260918P07075000,2026-08-27T19:48:03+00:00,-11.95,put,reference-session last trade,7075.0,7741.608398158938,0.9959553475339589,5.6,5.9,5.75,1995.0,4.0,669.6621988574409,-0.09004202586391061,0.20715184506967296,0.002584699554132609,150.33746127890825,3.1068981283412995,0.02066616066222734,12,holdout,seeded_stratified,heston,670.347670219928,0.6854713624870783,0.004559551269895278,True
2026-08-27,2026-09-18,0.06023271731690623,SPXW260918P07135000,2026-08-27T16:47:29+00:00,-192.51666666666668,put,reference-session last trade,7135.0,7741.608398158938,0.9959553475339589,6.8,7.1,7.7,65.0,22.0,611.8548780054034,-0.0815972184644121,0.20228996060019444,0.0024647967679995095,187.70224130524178,3.1068981283412995,0.016552269737093096,13,train,seeded_stratified,heston,610.4234322194965,-1.4314457859069307,-0.007626151802732662,True
2026-08-27,2026-09-18,0.06023271731690623,SPX260918P07230000,2026-08-27T14:18:39+00:00,-341.35,put,reference-session last trade,7230.0,7741.608398158938,0.9959553475339589,8.4,8.8,10.8,608.0,1.0,520.3391199896772,-0.06837043322253855,0.18923011859250669,0.0021568154174284766,246.7775029685665,3.1068981283412995,0.012589875863753446,14,train,seeded_stratified,heston,521.1524807780775,0.8133607884002458,0.0032959276215054675,True
2026-08-27,2026-09-18,0.06023271731690623,SPX260918P07285000,2026-08-27T20:10:10+00:00,10.166666666666666,put,reference-session last trade,7285.0,7741.608398158938,0.9959553475339589,10.0,10.5,11.7,659.0,37.0,466.4615758753095,-0.06079202974604377,0.17617356637166853,0.0018694504058548373,272.4720580014003,3.1068981283412995,0.011402630240805582,15,train,seeded_stratified,heston,471.0855260366436,4.623950161334108,0.016970364577017817,False
2026-08-27,2026-09-18,0.06023271731690623,SPXW260918P07465000,2026-08-27T18:51:55+00:00,-68.08333333333333,put,reference-session last trade,7465.0,7741.608398158938,0.9959553475339589,20.8,21.1,26.05,131.0,7.0,301.5396133191969,-0.03638403840205821,0.15499927049790516,0.0014470774122037535,469.1049744936451,3.1068981283412995,0.006623033856536919,16,train,seeded_stratified,heston,302.983932510556,1.4443191913590567,0.0030788827019326837,True
2026-08-27,2026-09-18,0.06023271731690623,SPXW260918P07560000,2026-08-27T17:40:01+00:00,-139.98333333333332,put,reference-session last trade,7560.0,7741.608398158938,0.9959553475339589,31.5,31.9,35.5,192.0,50.0,216.3738553034708,-0.023738279201770206,0.1357425458362577,0.0011098503833056469,578.668622640051,3.1068981283412995,0.005369045437726943,17,holdout,seeded_stratified,heston,223.11796401535847,6.744108711887662,0.011654526352438323,False
2026-08-27,2026-09-18,0.06023271731690623,SPXW260918C07805000,2026-08-27T19:09:31+00:00,-50.483333333333334,call,reference-session last trade,7805.0,7741.608398158938,0.9959553475339589,53.6,54.2,51.18,131.0,44.0,51.18,0.008155084574183433,0.10389965749312098,0.0006502205453747644,720.149749439073,3.1068981283412995,0.004314238990933862,18,holdout,seeded_stratified,heston,52.47565494123655,1.295654941236549,0.0017991465556236586,True
2026-08-27,2026-09-18,0.06023271731690623,SPX260918C07905000,2026-08-27T19:50:40+00:00,-9.333333333333334,call,reference-session last trade,7905.0,7741.608398158938,0.9959553475339589,20.5,21.2,20.04,293.0,6.0,20.04,0.02088600126822348,0.0982013774479675,0.0005808548438574127,523.9893297293258,3.1068981283412995,0.005929315640733013,19,train,seeded_stratified,heston,20.728237059169864,0.6882370591698646,0.0013134562482892223,True
2026-08-27,2026-09-18,0.06023271731690623,SPXW260918C07990000,2026-08-27T17:30:18+00:00,-149.7,call,reference-session last trade,7990.0,7741.608398158938,0.9959553475339589,8.0,8.3,10.36,275.0,14.0,10.36,0.03158129038497148,0.10393223117447335,0.0006506283118190055,356.32384928487073,3.1068981283412995,0.008719310073060597,20,train,seeded_stratified,heston,11.186463909684878,0.8264639096848789,0.002319417887249373,True
2026-08-27,2026-09-18,0.06023271731690623,SPX260918C08080000,2026-08-27T17:08:38+00:00,-171.36666666666667,call,reference-session last trade,8080.0,7741.608398158938,0.9959553475339589,2.5,2.7,3.55,1444.0,1.0,3.55,0.042782403139792036,0.10212639675729217,0.0006282152501623896,179.6738468981727,3.1068981283412995,0.017291877376578266,21,train,seeded_stratified,heston,5.117970279985277,1.5679702799852775,0.008726758551977238,True
2026-08-27,2026-09-18,0.06023271731690623,SPXW260918C08280000,2026-08-27T15:30:04+00:00,-269.93333333333334,call,reference-session last trade,8280.0,7741.608398158938,0.9959553475339589,0.6,0.75,0.78,69.0,20.0,0.78,0.06723349900395653,0.11774270265444674,0.0008350268819280386,52.112801297135604,3.1068981283412995,0.05961871269645355,22,train,seeded_stratified,heston,0.40639374595692107,-0.37360625404307896,-0.007169183861617017,True
2026-08-27,2026-09-18,0.06023271731690623,SPX260918C08380000,2026-08-27T15:56:16+00:00,-243.73333333333332,call,reference-session last trade,8380.0,7741.608398158938,0.9959553475339589,0.35,0.5,0.53,156.0,70.0,0.53,0.07923844510077975,0.1297310320851168,0.0010137251063357462,35.489441250686994,3.1068981283412995,0.08754429539747001,23,holdout,seeded_stratified,heston,2.4727931768187585,1.9427931768187585,0.05474285050292671,True
2026-08-27,2026-09-18,0.06023271731690623,SPX260918C08675000,2026-08-27T17:13:13+00:00,-166.78333333333333,call,reference-session last trade,8675.0,7741.608398158938,0.9959553475339589,0.05,0.25,0.25,347.0,1.0,0.25,0.113835856439711,0.1654965318282324,0.0016497200411712775,15.733618536975712,3.1068981283412995,0.1974687590804208,24,holdout,seeded_stratified,heston,0.30274712610857785,0.052747126108577846,0.003352510802560541,True
2026-08-27,2026-11-20,0.2327173169062286,SPX261120P05500000,2026-08-27T17:45:42+00:00,-134.3,put,reference-session last trade,5500.0,7784.875446624804,0.9999999999999999,8.6,9.1,8.56,9700.0,1.0,2293.4354466248033,-0.34743471377051904,0.3536123307173027,0.029099364372354438,157.67941674060665,8.384553375196333,0.05317468537437256,0,train,seeded_stratified,heston,2289.594745638669,-3.8407009861343795,-0.024357655967567365,True
2026-08-27,2026-11-20,0.2327173169062286,SPX261120P05725000,2026-08-27T20:10:11+00:00,10.183333333333334,put,reference-session last trade,5725.0,7784.875446624804,0.9999999999999999,10.8,11.2,11.0,371.0,15.0,2070.8754466248033,-0.3073402565686409,0.33090219363396456,0.025481676246133962,200.68342514561533,8.384553375196333,0.041779999365231704,1,holdout,seeded_stratified,heston,2066.8928979350217,-3.9825486897816518,-0.01984493082521352,True
2026-08-27,2026-11-20,0.2327173169062286,SPX261120P06025000,2026-08-27T19:56:06+00:00,-3.9,put,reference-session last trade,6025.0,7784.875446624804,0.9999999999999999,14.8,15.2,14.7,277.0,1.0,1774.5754466248036,-0.2562653266322255,0.29817606914045575,0.02069065653027947,268.89490765490046,8.384553375196333,0.031181525333893876,2,train,seeded_stratified,heston,1771.2270040550964,-3.348442569707231,-0.012452606852654197,True
2026-08-27,2026-11-20,0.2327173169062286,SPXW261120P06250000,2026-08-27T19:59:30+00:00,-0.5,put,reference-session last trade,6250.0,7784.875446624804,0.9999999999999999,19.1,19.5,19.3,128.0,15.0,1554.1754466248035,-0.21960134226063402,0.27639295177118334,0.01777798883517304,345.05583919709306,8.384553375196333,0.024299120382098926,3,train,seeded_stratified,heston,1551.3209112179882,-2.85453540681533,-0.0082726767164918,True
2026-08-27,2026-11-20,0.2327173169062286,SPX261120P06525000,2026-08-27T19:55:48+00:00,-4.2,put,reference-session last trade,6525.0,7784.875446624804,0.9999999999999999,25.8,26.3,25.9,480.0,3.0,1285.7754466248036,-0.17654185280018714,0.24696321502264446,0.014193622214421022,456.7176739738905,8.384553375196333,0.0183582853324736,4,holdout,seeded_stratified,heston,1285.147935428721,-0.6275111960826507,-0.0013739586441284164,True
2026-08-27,2026-11-20,0.2327173169062286,SPX261120P06770000,2026-08-27T19:51:49+00:00,-8.183333333333334,put,reference-session last trade,6770.0,7784.875446624804,0.9999999999999999,35.0,35.6,35.6,236.0,1.0,1050.4754466248037,-0.13968171908476057,0.2229347339807226,0.011566026358055365,600.2142135319554,8.384553375196333,0.013969268281498203,5,train,seeded_stratified,heston,1051.631477599686,1.156030974882242,0.0019260306550882686,True
2026-08-27,2026-11-20,0.2327173169062286,SPXW261120P06875000,2026-08-27T19:57:23+00:00,-2.6166666666666667,put,reference-session last trade,6875.0,7784.875446624804,0.9999999999999999,41.0,41.4,41.5,97.0,1.0,951.3754466248037,-0.12429116245630915,0.21327803296053283,0.01058573345434278,677.8257286798826,8.384553375196333,0.012369777393262855,6,train,seeded_stratified,heston,953.0698863286315,1.6944397038278112,0.0024998161505728946,True
2026-08-27,2026-11-20,0.2327173169062286,SPX261120P06980000,2026-08-27T15:25:02+00:00,-274.96666666666664,put,reference-session last trade,6980.0,7784.875446624804,0.9999999999999999,46.7,47.5,48.29,420.0,2.0,853.1654466248036,-0.10913388923466313,0.2032480618358852,0.009613499916231963,762.6608248398801,8.384553375196333,0.0109938167821281,7,train,seeded_stratified,heston,855.3838567695456,2.218410144741938,0.0029087768408816474,True
2026-08-27,2026-11-20,0.2327173169062286,SPX261120P07040000,2026-08-27T19:35:19+00:00,-24.683333333333334,put,reference-session last trade,7040.0,7784.875446624804,0.9999999999999999,51.3,51.8,52.92,456.0,100.0,797.7954466248036,-0.10057463583899322,0.19769434029650265,0.009095303041062007,816.1021544051524,8.384553375196333,0.010273901778028926,8,holdout,seeded_stratified,heston,800.4377519661783,2.6423053413747084,0.0032377139640081634,True
2026-08-27,2026-11-20,0.2327173169062286,SPX261120P07130000,2026-08-27T15:01:44+00:00,-298.26666666666665,put,reference-session last trade,7130.0,7784.875446624804,0.9999999999999999,58.2,59.0,60.97,158.0,42.0,715.8454466248037,-0.08787157158273957,0.18944519540892804,0.008352103970978204,902.1770286986886,8.384553375196333,0.009293689717737901,9,train,seeded_stratified,heston,719.0219816273146,3.1765350025109456,0.0035209663973519915,True
2026-08-27,2026-11-20,0.2327173169062286,SPX261120P07220000,2026-08-27T19:08:22+00:00,-51.63333333333333,put,reference-session last trade,7220.0,7784.875446624804,0.9999999999999999,67.2,67.8,71.1,504.0,3.0,635.9754466248037,-0.0753278531042093,0.181784363707217,0.0076902728693147415,996.73286841459,8.384553375196333,0.008412036605688402,10,train,seeded_stratified,heston,638.5238396070271,2.5483929822233904,0.0025567462085171137,True
2026-08-27,2026-11-20,0.2327173169062286,SPX261120P07290000,2026-08-27T19:35:19+00:00,-24.683333333333334,put,reference-session last trade,7290.0,7784.875446624804,0.9999999999999999,75.2,75.9,78.64,534.0,100.0,573.5154466248038,-0.06567925998837744,0.17427242631149178,0.0070678293734757515,1067.571819861303,8.384553375196333,0.007853854156890015,11,holdout,seeded_stratified,heston,577.0156928978548,3.5002462730510615,0.0032786986392220495,True
2026-08-27,2026-11-20,0.2327173169062286,SPX261120P07390000,2026-08-27T19:51:52+00:00,-8.133333333333333,put,reference-session last trade,7390.0,7784.875446624804,0.9999999999999999,89.2,90.0,92.2,408.0,25.0,487.0754466248037,-0.05205507104883375,0.1641969242760681,0.006274205462139005,1175.3017784850435,8.384553375196333,0.007133957872508258,12,train,seeded_stratified,heston,491.6481291593663,4.5726825345626025,0.0038906454650794123,True
2026-08-27,2026-11-20,0.2327173169062286,SPX261120P07475000,2026-08-27T19:37:33+00:00,-22.45,put,reference-session last trade,7475.0,7784.875446624804,0.9999999999999999,104.4,105.3,108.34,3178.0,202.0,418.2154466248037,-0.04061868673219403,0.1573464970791937,0.005761596747879207,1271.3387415394502,8.384553375196333,0.006595058501122658,13,train,seeded_stratified,heston,421.3689993483694,3.153552723565724,0.002480497620757723,True
2026-08-27,2026-11-20,0.2327173169062286,SPXW261120P07550000,2026-08-27T19:58:14+00:00,-1.7666666666666666,put,reference-session last trade,7550.0,7784.875446624804,0.9999999999999999,121.2,122.1,124.84,164.0,3.0,359.71544662480375,-0.03063524274801089,0.15107646143540465,0.005311562661154501,1349.7921342767659,8.384553375196333,0.006211736727662051,14,holdout,seeded_stratified,heston,361.28984928780386,1.5744026630001144,0.0011664037913835506,True
2026-08-27,2026-11-20,0.2327173169062286,SPX261120P07680000,2026-08-27T14:53:37+00:00,-306.3833333333333,put,reference-session last trade,7680.0,7784.875446624804,0.9999999999999999,156.9,157.9,165.05,181.0,35.0,269.9254466248038,-0.013563258849363376,0.1434317878573276,0.004787618371733611,1458.9055458867686,8.384553375196333,0.005747152993444781,15,train,seeded_stratified,heston,263.995796584003,-5.929650040800766,-0.004064450956073745,True
2026-08-27,2026-11-20,0.2327173169062286,SPXW261120P07725000,2026-08-27T15:28:04+00:00,-271.93333333333334,put,reference-session last trade,7725.0,7784.875446624804,0.9999999999999999,172.9,173.7,180.22,70.0,5.0,240.09544662480377,-0.0077209832251350806,0.13992568828247073,0.004556418481895878,1481.873427740565,8.384553375196333,0.005658076606434862,16,train,seeded_stratified,heston,233.00403465645465,-7.091411968349121,-0.004785437025590982,True
2026-08-27,2026-11-20,0.2327173169062286,SPX261120C07845000,2026-08-27T17:06:23+00:00,-173.61666666666667,call,reference-session last trade,7845.0,7784.875446624804,0.9999999999999999,172.5,173.6,176.4,74.0,2.0,176.4,0.007693580176051764,0.1363683657616582,0.004327688296626854,1492.9380812472377,8.384553375196333,0.0056161427459815805,17,holdout,seeded_stratified,heston,158.75290955444504,-17.647090445554966,-0.011820376656754677,False
2026-08-27,2026-11-20,0.2327173169062286,SPX261120C07920000,2026-08-27T15:19:51+00:00,-280.15,call,reference-session last trade,7920.0,7784.875446624804,0.9999999999999999,137.1,138.1,134.88,61.0,6.0,134.88,0.017208399817390377,0.1290847602549084,0.0038777396387562222,1453.8499230370749,8.384553375196333,0.0057671381635327965,18,train,seeded_stratified,heston,120.13019929943583,-14.749800700564165,-0.01014533925878127,False
2026-08-27,2026-11-20,0.2327173169062286,SPX261120C07980000,2026-08-27T19:39:40+00:00,-20.333333333333332,call,reference-session last trade,7980.0,7784.875446624804,0.9999999999999999,110.6,111.6,106.91,509.0,50.0,106.91,0.024755605452773277,0.12437234580841815,0.00359978325574413,1392.4780278836718,8.384553375196333,0.006021318259462534,19,train,seeded_stratified,heston,94.56936575230019,-12.34063424769981,-0.008862354737801833,False
2026-08-27,2026-11-20,0.2327173169062286,SPX261120C08060000,2026-08-27T18:53:29+00:00,-66.51666666666667,call,reference-session last trade,8060.0,7784.875446624804,0.9999999999999999,81.8,82.8,77.5,33.0,1.0,77.5,0.03473075050959271,0.12013077285879092,0.0033584372893916098,1273.3397229489456,8.384553375196333,0.0065846947394199145,20,holdout,seeded_stratified,heston,68.14455104582747,-9.35544895417253,-0.007347174352266427,False
2026-08-27,2026-11-20,0.2327173169062286,SPX261120C08180000,2026-08-27T19:34:24+00:00,-25.6,call,reference-session last trade,8180.0,7784.875446624804,0.9999999999999999,50.8,51.7,48.69,19.0,1.0,48.69,0.04950934460571146,0.11846990945766293,0.003266215340142594,1054.8446982137298,8.384553375196333,0.00794861403711343,21,train,seeded_stratified,heston,42.04469116281779,-6.645308837182206,-0.006299798300579553,True
2026-08-27,2026-11-20,0.2327173169062286,SPXW261120C08240000,2026-08-27T16:03:14+00:00,-236.76666666666668,call,reference-session last trade,8240.0,7784.875446624804,0.9999999999999999,39.9,40.4,39.1,37.0,11.0,39.1,0.05681753791243609,0.11905190979722304,0.003298385665273432,944.5088697872729,8.384553375196333,0.008877156841401335,22,train,seeded_stratified,heston,33.2194586231742,-5.8805413768258035,-0.006226030866338236,True
2026-08-27,2026-11-20,0.2327173169062286,SPXW261120C08350000,2026-08-27T18:38:21+00:00,-81.65,call,reference-session last trade,8350.0,7784.875446624804,0.9999999999999999,23.8,24.3,22.9,340.0,20.0,22.9,0.0700787328538199,0.11627193689998934,0.003146143412430893,710.66156329422,8.384553375196333,0.01179823675327303,23,holdout,seeded_stratified,heston,21.88908712204613,-1.0109128779538672,-0.0014224955030181373,True
2026-08-27,2026-11-20,0.2327173169062286,SPX261120C09100000,2026-08-27T13:44:38+00:00,-375.3666666666667,call,reference-session last trade,9100.0,7784.875446624804,0.9999999999999999,0.95,1.2,1.05,915.0,32.0,1.05,0.15609160751386011,0.12938798141564853,0.003895978719943539,71.00167418927643,8.384553375196333,0.11808951649287552,24,train,seeded_stratified,heston,2.0517753328424457,1.0017753328424457,0.014109179033890253,True
2026-08-27,2027-02-19,0.48186173853524983,SPX270219P05625000,2026-08-27T20:10:10+00:00,10.166666666666666,put,reference-session last trade,5625.0,7872.481980038706,0.967163927214507,31.0,31.6,31.3,663.0,3.0,2204.983498158071,-0.3361524369242269,0.3026607405691562,0.044140233273673196,492.830920219106,1.5243562709430591,0.003093061349043097,0,train,seeded_stratified,heston,2201.096243023509,-3.8872551345621105,-0.007887603993746758,False
2026-08-27,2027-02-19,0.48186173853524983,SPX270219P05800000,2026-08-27T19:34:42+00:00,-25.3,put,reference-session last trade,5800.0,7872.481980038706,0.967163927214507,36.0,36.6,36.56,1722.0,150.0,2040.9898108955322,-0.3055154674623372,0.28941024709015545,0.04035991577620295,566.5750106517871,1.5243562709430591,0.002690475651563668,1,train,seeded_stratified,heston,2037.626112394605,-3.363698500927285,-0.0059368988001389095,False
2026-08-27,2027-02-19,0.48186173853524983,SPX270219P05950000,2026-08-27T18:54:37+00:00,-65.38333333333334,put,reference-session last trade,5950.0,7872.481980038706,0.967163927214507,40.9,41.5,42.25,315.0,1.0,1901.6052218133561,-0.27998216545717236,0.2788679358652692,0.03747309874075575,641.0632353701202,1.5243562709430591,0.0023778563281092956,2,train,seeded_stratified,heston,1898.381995051446,-3.223226761910155,-0.005027938874156796,False
2026-08-27,2027-02-19,0.48186173853524983,SPX270219P06125000,2026-08-27T13:47:30+00:00,-372.5,put,reference-session last trade,6125.0,7872.481980038706,0.967163927214507,47.6,48.5,50.89,267.0,12.0,1740.9915345508175,-0.2509946285839201,0.26780614662511676,0.034559187575507355,744.3277019121693,1.5243562709430591,0.0020479639102871025,3,train,seeded_stratified,heston,1737.12216067311,-3.869373877707403,-0.0051984816200808135,False
2026-08-27,2027-02-19,0.48186173853524983,SPX270219P06200000,2026-08-27T20:09:55+00:00,9.916666666666666,put,reference-session last trade,6200.0,7872.481980038706,0.967163927214507,51.2,51.9,52.2,1121.0,5.0,1669.7642400097293,-0.23882409296366489,0.2593762844124177,0.03241775774714329,773.2264146436344,1.5243562709430591,0.001971422913229893,4,train,seeded_stratified,heston,1668.4556061450821,-1.3086338646471631,-0.001692432953483991,True
2026-08-27,2027-02-19,0.48186173853524983,SPX270219P06300000,2026-08-27T17:31:38+00:00,-148.36666666666667,put,reference-session last trade,6300.0,7872.481980038706,0.967163927214507,56.1,56.9,57.04,1910.0,20.0,1577.8878472882786,-0.2228237516172237,0.2518218928126313,0.030556908318011226,833.8860953919543,1.5243562709430591,0.001828014976345853,5,holdout,seeded_stratified,heston,1577.3664492792009,-0.5213980090777568,-0.0006252628649871927,True
2026-08-27,2027-02-19,0.48186173853524983,SPX270219P06500000,2026-08-27T18:56:52+00:00,-63.13333333333333,put,reference-session last trade,6500.0,7872.481980038706,0.967163927214507,67.9,68.7,70.62,2832.0,5.0,1398.0350618453772,-0.1915712081131193,0.2391743079705626,0.02756458734675637,981.244822538543,1.5243562709430591,0.0015534922946135422,6,holdout,seeded_stratified,heston,1397.058010164014,-0.9770516813632639,-0.0009957267125604483,True
2026-08-27,2027-02-19,0.48186173853524983,SPX270219P06575000,2026-08-27T16:27:51+00:00,-212.15,put,reference-session last trade,6575.0,7872.481980038706,0.967163927214507,72.9,73.8,74.53,333.0,1.0,1329.4077673042893,-0.1800988069508825,0.2325202355643867,0.026052172897077473,1030.6406788117208,1.5243562709430591,0.0014790375562320796,7,train,seeded_stratified,heston,1330.163108307061,0.7553410027717291,0.0007328849115897511,True
2026-08-27,2027-02-19,0.48186173853524983,SPX270219P06675000,2026-08-27T16:43:04+00:00,-196.93333333333334,put,reference-session last trade,6675.0,7872.481980038706,0.967163927214507,80.3,81.5,81.51,3536.0,2.0,1239.6713745828386,-0.16500418072839748,0.22484842048371095,0.024361393418610447,1106.9954131808793,1.5243562709430591,0.0013770213072183566,8,train,seeded_stratified,heston,1241.6967878496432,2.0254132668046623,0.0018296491951893179,False
2026-08-27,2027-02-19,0.48186173853524983,SPX270219P06775000,2026-08-27T19:27:40+00:00,-32.333333333333336,put,reference-session last trade,6775.0,7872.481980038706,0.967163927214507,89.1,89.8,91.52,1912.0,18.0,1152.9649818613877,-0.1501340182489462,0.21907435787166168,0.023126267139578476,1198.0692179669727,1.5243562709430591,0.0012723440750191124,9,train,seeded_stratified,heston,1154.130784484153,1.1658026227653409,0.0009730678372186327,True
2026-08-27,2027-02-19,0.48186173853524983,SPX270219P06825000,2026-08-27T15:00:55+00:00,-299.0833333333333,put,reference-session last trade,6825.0,7872.481980038706,0.967163927214507,93.7,94.6,96.43,442.0,1.0,1109.5167855006625,-0.14278104394368735,0.21574982508272791,0.022429693952328744,1242.782207872197,1.5243562709430591,0.0012265675041751307,10,train,seeded_stratified,heston,1110.7180878070292,1.2013023063666424,0.000966623354242757,True
2026-08-27,2027-02-19,0.48186173853524983,SPX270219P07025000,2026-08-27T20:09:47+00:00,9.783333333333333,put,reference-session last trade,7025.0,7872.481980038706,0.967163927214507,115.1,115.9,117.8,447.0,16.0,937.454000057761,-0.11389816979490133,0.2015380342762291,0.01957205735728149,1426.4543387536942,1.5243562709430591,0.0010686330641854983,11,holdout,seeded_stratified,heston,940.0042937492273,2.5502936914662087,0.0017878551189338615,False
2026-08-27,2027-02-19,0.48186173853524983,SPX270219P07200000,2026-08-27T19:38:59+00:00,-21.016666666666666,put,reference-session last trade,7200.0,7872.481980038706,0.967163927214507,139.1,139.9,141.7,1621.0,142.0,792.1003127952224,-0.08929235899270115,0.18952249671657462,0.0173078842164446,1598.165970615671,1.5243562709430591,0.0009538159984446561,12,holdout,seeded_stratified,heston,795.2409674450776,3.1406546498551506,0.0019651617589162267,False
2026-08-27,2027-02-19,0.48186173853524983,SPX270219P07250000,2026-08-27T19:36:46+00:00,-23.233333333333334,put,reference-session last trade,7250.0,7872.481980038706,0.967163927214507,146.5,147.6,149.7,1309.0,204.0,751.7421164344971,-0.08237191614812735,0.18620922846239213,0.01670801453952757,1648.1836316786523,1.5243562709430591,0.0009248704098526469,13,train,seeded_stratified,heston,754.8506722651792,3.1085558306821213,0.001886049449184312,False
2026-08-27,2027-02-19,0.48186173853524983,SPX270219P07375000,2026-08-27T17:43:05+00:00,-136.91666666666666,put,reference-session last trade,7375.0,7872.481980038706,0.967163927214507,168.7,170.0,172.16,488.0,5.0,653.3066255326837,-0.06527748278882724,0.17802498636502928,0.01527159385507822,1771.698297715044,1.5243562709430591,0.0008603926937837095,14,train,seeded_stratified,heston,656.1099390931467,2.803313560463039,0.0015822747947991298,False
2026-08-27,2027-02-19,0.48186173853524983,SPX270219P07450000,2026-08-27T19:21:04+00:00,-38.93333333333333,put,reference-session last trade,7450.0,7872.481980038706,0.967163927214507,184.8,185.8,189.9,404.0,16.0,598.5093309915957,-0.05515935262324263,0.17446609825081522,0.01466710970907572,1845.712123134383,1.5243562709430591,0.0008258905881565115,15,train,seeded_stratified,heston,598.6014462657153,0.09211527411957832,4.99077147324299e-05,True
2026-08-27,2027-02-19,0.48186173853524983,SPX270219P07625000,2026-08-27T16:50:12+00:00,-189.8,put,reference-session last trade,7625.0,7872.481980038706,0.967163927214507,228.8,229.8,230.35,2399.0,6.0,469.705643729057,-0.031941062521235436,0.16227154135684385,0.012688408902508845,1990.2070503622772,1.5243562709430591,0.0007659284850114368,16,train,seeded_stratified,heston,470.69885796011806,0.9932142310610743,0.0004990507047396298,True
2026-08-27,2027-02-19,0.48186173853524983,SPX270219C07875000,2026-08-27T19:25:12+00:00,-34.8,call,reference-session last trade,7875.0,7872.481980038706,0.967163927214507,313.2,314.7,303.64,565.0,3.0,303.64,0.0003197996969859973,0.14461880109558828,0.010077944374913779,2106.217385348798,1.5243562709430591,0.0007237411871854907,17,holdout,seeded_stratified,heston,308.433374106274,4.79337410627403,0.0022758211662374196,False
2026-08-27,2027-02-19,0.48186173853524983,SPX270219C08025000,2026-08-27T19:04:20+00:00,-55.666666666666664,call,reference-session last trade,8025.0,7872.481980038706,0.967163927214507,233.7,235.1,226.5,154.0,5.0,226.5,0.019188284001368752,0.13833673796474288,0.00922141366310134,2084.3897798802304,1.5243562709430591,0.0007313201617360881,18,holdout,seeded_stratified,heston,227.06886536734626,0.5688653673462625,0.00027291698166882663,True
2026-08-27,2027-02-19,0.48186173853524983,SPX270219C08150000,2026-08-27T18:21:49+00:00,-98.18333333333334,call,reference-session last trade,8150.0,7872.481980038706,0.967163927214507,180.9,182.3,176.14,604.0,1.0,176.14,0.03464454223806064,0.13561389961510328,0.008861981764028732,2002.6961357113987,1.5243562709430591,0.0007611520508584677,19,train,seeded_stratified,heston,170.88339851864467,-5.256601481355318,-0.0026247623828804492,False
2026-08-27,2027-02-19,0.48186173853524983,SPX270219C08200000,2026-08-27T19:47:15+00:00,-12.75,call,reference-session last trade,8200.0,7872.481980038706,0.967163927214507,160.1,161.2,156.66,2209.0,4.0,156.66,0.04076076925549664,0.13374409115997282,0.008619293136088852,1952.1325091445008,1.5243562709430591,0.0007808672125495673,20,train,seeded_stratified,heston,151.6245791496741,-5.035420850325892,-0.002579446234688549,False
2026-08-27,2027-02-19,0.48186173853524983,SPX270219C08550000,2026-08-27T16:00:15+00:00,-239.75,call,reference-session last trade,8550.0,7872.481980038706,0.967163927214507,67.1,68.3,65.31,147.0,2.0,65.31,0.0825578979339581,0.12676579199997373,0.0077433090205694345,1413.6855523661955,1.5243562709430591,0.0010782852441206783,21,train,seeded_stratified,heston,64.0452545256267,-1.2647454743732993,-0.0008946441252486428,True
2026-08-27,2027-02-19,0.48186173853524983,SPX270219C08750000,2026-08-27T16:07:08+00:00,-232.86666666666667,call,reference-session last trade,8750.0,7872.481980038706,0.967163927214507,37.8,38.6,36.6,22.0,5.0,36.6,0.10568031535481238,0.12401419969290531,0.0074108030764764845,1045.3957975705653,1.5243562709430591,0.0014581618507416695,22,train,seeded_stratified,heston,40.19509058540317,3.5950905854031703,0.003438975547594449,False
2026-08-27,2027-02-19,0.48186173853524983,SPX270219C08850000,2026-08-27T15:01:51+00:00,-298.15,call,reference-session last trade,8850.0,7872.481980038706,0.967163927214507,27.4,28.2,27.2,104.0,28.0,27.2,0.11704407400512731,0.12331365235369457,0.00732731336563499,877.0362589931667,1.5243562709430591,0.0017380766819070999,23,holdout,seeded_stratified,heston,32.24025961135339,5.040259611353388,0.005746922729442887,False
2026-08-27,2027-02-19,0.48186173853524983,SPX270219C10000000,2026-08-27T14:28:13+00:00,-331.78333333333336,call,reference-session last trade,10000.0,7872.481980038706,0.967163927214507,1.3,1.7,1.45,2296.0,1.0,1.45,0.239211707979335,0.1358969720842035,0.008899016333501006,95.31234155423574,1.5243562709430591,0.015993272708295096,24,holdout,seeded_stratified,heston,3.9551718059238876,2.5051718059238874,0.026283813460803135,False
2026-08-27,2027-08-20,0.9801505817932923,SPX270820P05750000,2026-08-27T14:30:38+00:00,-329.3666666666667,put,reference-session last trade,5750.0,8011.137643500851,0.9479231815147929,88.0,89.2,91.0,32.0,15.0,2234.384788870188,-0.33163292408872896,0.27240776241346354,0.07273304331354792,1182.2561136694133,3.361574159397918,0.0028433552768566133,0,train,seeded_stratified,heston,2231.53249920947,-2.8522896607178154,-0.00241258186592502,True
2026-08-27,2027-08-20,0.9801505817932923,SPX270820P05900000,2026-08-27T20:09:15+00:00,9.25,put,reference-session last trade,5900.0,8011.137643500851,0.9479231815147929,98.4,99.5,100.4,1493.0,6.0,2101.596311642969,-0.3058804279863143,0.2635725051249552,0.06809151713595715,1283.8955559852348,3.361574159397918,0.00261826138717204,1,train,seeded_stratified,heston,2100.547865104051,-1.0484465389176876,-0.0008166135742351188,True
2026-08-27,2027-08-20,0.9801505817932923,SPX270820P06375000,2026-08-27T20:06:10+00:00,6.166666666666667,put,reference-session last trade,6375.0,8011.137643500851,0.9479231815147929,141.4,142.4,143.7,6.0,2.0,1694.6328004234424,-0.22844868785349828,0.24005768474565528,0.056483815846541004,1673.8442623747983,3.361574159397918,0.0020082956550740395,2,holdout,seeded_stratified,heston,1694.8605280925005,0.22772766905814024,0.00013605069132002,True
2026-08-27,2027-08-20,0.9801505817932923,SPX270820P06450000,2026-08-27T17:39:01+00:00,-140.98333333333332,put,reference-session last trade,6450.0,8011.137643500851,0.9479231815147929,149.3,150.4,151.7,282.0,11.0,1631.538561809833,-0.2167526480903069,0.2362319831709112,0.05469784217517996,1739.6927168414031,3.361574159397918,0.0019322804118541191,3,holdout,seeded_stratified,heston,1632.3059743937363,0.7674125839032513,0.0004411196163978719,True
2026-08-27,2027-08-20,0.9801505817932923,SPX270820P06800000,2026-08-27T16:27:03+00:00,-212.95,put,reference-session last trade,6800.0,8011.137643500851,0.9479231815147929,194.9,196.4,199.21,538.0,40.0,1347.2754482796554,-0.163910166715927,0.22043065949588658,0.047625198853369896,2071.7991926232,3.361574159397918,0.001622538598995048,4,train,seeded_stratified,heston,1347.1960469581554,-0.07940132149997225,-3.8324815350197434e-05,True
2026-08-27,2027-08-20,0.9801505817932923,SPX270820P06850000,2026-08-27T17:57:20+00:00,-122.66666666666667,put,reference-session last trade,6850.0,8011.137643500851,0.9479231815147929,203.3,204.7,206.5,122.0,2.0,1307.1692892039157,-0.1565841266238542,0.21792983283589482,0.04655069544223797,2118.9557083814575,3.361574159397918,0.0015864296483882722,5,train,seeded_stratified,heston,1307.5053261851483,0.33603698123260983,0.00015858612801741297,True
2026-08-27,2027-08-20,0.9801505817932923,SPX270820P07000000,2026-08-27T19:09:08+00:00,-50.86666666666667,put,reference-session last trade,7000.0,8011.137643500851,0.9479231815147929,228.0,229.3,233.0,656.0,23.0,1191.4808119766967,-0.13492262984267478,0.21176132339071133,0.04395275344048838,2266.745653218873,3.361574159397918,0.001482995745298703,6,train,seeded_stratified,heston,1190.2418014835346,-1.2390104931621408,-0.0005466032289077932,True
2026-08-27,2027-08-20,0.9801505817932923,SPX270820P07250000,2026-08-27T18:33:15+00:00,-86.75,put,reference-session last trade,7250.0,8011.137643500851,0.9479231815147929,275.7,277.1,283.49,575.0,8.0,1004.9900165979985,-0.09983131003140472,0.20123982108038305,0.03969361445768739,2504.2025012360145,3.361574159397918,0.0013423731338574757,7,train,seeded_stratified,heston,1001.6620581751487,-3.3279584228498607,-0.0013289494045338826,True
2026-08-27,2027-08-20,0.9801505817932923,SPX270820P07350000,2026-08-27T13:39:51+00:00,-380.15,put,reference-session last trade,7350.0,8011.137643500851,0.9479231815147929,297.4,298.7,311.5,147.0,4.0,938.2076984465192,-0.08613246567324277,0.19900412113593088,0.03881655086108737,2598.4295665091213,3.361574159397918,0.0012936945464002124,8,train,seeded_stratified,heston,929.0021246030574,-9.20557384346182,-0.0035427451881365076,False
2026-08-27,2027-08-20,0.9801505817932923,SPX270820P07425000,2026-08-27T18:09:28+00:00,-110.53333333333333,put,reference-session last trade,7425.0,8011.137643500851,0.9479231815147929,315.7,317.1,322.42,193.0,4.0,878.0334598329098,-0.0759800942092248,0.1930319142721049,0.03652170440537732,2655.9377483286694,3.361574159397918,0.0012656825866921362,9,holdout,seeded_stratified,heston,875.6829853106346,-2.3504745222751353,-0.0008849885595979212,True
2026-08-27,2027-08-20,0.9801505817932923,SPX270820P07650000,2026-08-27T17:26:27+00:00,-153.55,put,reference-session last trade,7650.0,8011.137643500851,0.9479231815147929,373.7,375.2,378.4,170.0,79.0,720.7307439920813,-0.046127131059543636,0.181786829308415,0.03239049847770688,2824.7809634150985,3.361574159397918,0.0011900300246054647,10,train,seeded_stratified,heston,722.5431911445748,1.8124471524935188,0.0006416239616335808,True
2026-08-27,2027-08-20,0.9801505817932923,SPX270820P07750000,2026-08-27T20:03:19+00:00,3.316666666666667,put,reference-session last trade,7750.0,8011.137643500851,0.9479231815147929,405.3,406.6,410.4,298.0,1.0,657.938425840602,-0.033139935532732444,0.17815481934596877,0.03110913619963786,2887.1724698572957,3.361574159397918,0.0011643135955657234,11,train,seeded_stratified,heston,658.1780637321122,0.23963789151014225,8.300089239974875e-05,True
2026-08-27,2027-08-20,0.9801505817932923,SPX270820P07850000,2026-08-27T13:39:51+00:00,-380.15,put,reference-session last trade,7850.0,8011.137643500851,0.9479231815147929,437.0,438.4,455.65,103.0,2.0,608.3961076891228,-0.020319247103670973,0.17823813879826778,0.031138241247838098,2937.933195311377,3.361574159397918,0.0011441969357106642,12,holdout,seeded_stratified,heston,596.3863867598225,-12.009720929300329,-0.004087812802709926,False
2026-08-27,2027-08-20,0.9801505817932923,SPX270820C08050000,2026-08-27T19:16:04+00:00,-43.93333333333333,call,reference-session last trade,8050.0,8011.137643500851,0.9479231815147929,490.5,492.8,479.6,195.0,2.0,479.6,0.004839312532483916,0.16575588341836048,0.02692964986675646,2995.1866025562954,3.361574159397918,0.001122325452620856,13,train,seeded_stratified,heston,481.44235497937893,1.8423549793789107,0.0006151052417924546,True
2026-08-27,2027-08-20,0.9801505817932923,SPX270820C08200000,2026-08-27T20:14:39+00:00,14.65,call,reference-session last trade,8200.0,8011.137643500851,0.9479231815147929,411.2,414.0,403.2,263.0,2.0,403.2,0.023301375372219282,0.1608168613967989,0.02534871600713804,2992.653055208593,3.361574159397918,0.0011232756010748498,14,train,seeded_stratified,heston,403.7176556087522,0.5176556087521931,0.00017297548335956758,True
2026-08-27,2027-08-20,0.9801505817932923,SPX270820C08300000,2026-08-27T16:39:35+00:00,-200.41666666666666,call,reference-session last trade,8300.0,8011.137643500851,0.9479231815147929,364.3,366.1,359.75,3298.0,500.0,359.75,0.03542273590456412,0.1588209032245777,0.024723396002144564,2967.241325321256,3.361574159397918,0.0011328954374932644,15,holdout,seeded_stratified,heston,356.3554441783445,-3.3945558216555014,-0.0011440106986539023,False
2026-08-27,2027-08-20,0.9801505817932923,SPX270820C08375000,2026-08-27T15:55:29+00:00,-244.51666666666668,call,reference-session last trade,8375.0,8011.137643500851,0.9479231815147929,329.0,331.0,323.22,176.0,63.0,323.22,0.044418298813141986,0.15533133458836976,0.02364890024583562,2932.7097834179417,3.361574159397918,0.0011462348502415244,16,train,seeded_stratified,heston,323.3030444814849,0.08304448148487609,2.8316638064367714e-05,True
2026-08-27,2027-08-20,0.9801505817932923,SPX270820C08550000,2026-08-27T16:44:26+00:00,-195.56666666666666,call,reference-session last trade,8550.0,8011.137643500851,0.9479231815147929,259.2,261.1,258.13,136.0,28.0,258.13,0.0650985040506807,0.15181091994476295,0.022589094697829243,2813.1680819825456,3.361574159397918,0.0011949425208282933,17,train,seeded_stratified,heston,254.708507540988,-3.4214924590120006,-0.0012162417457120963,False
2026-08-27,2027-08-20,0.9801505817932923,SPX270820C08675000,2026-08-27T20:14:48+00:00,14.8,call,reference-session last trade,8675.0,8011.137643500851,0.9479231815147929,215.7,217.2,210.3,36.0,4.0,210.3,0.07961254693493483,0.14676195277119924,0.02111153275749549,2679.00102125166,3.361574159397918,0.0012547864419354914,18,holdout,seeded_stratified,heston,213.08276845472503,2.7827684547250158,0.0010387336296814379,True
2026-08-27,2027-08-20,0.9801505817932923,SPX270820C08850000,2026-08-27T19:59:52+00:00,-0.13333333333333333,call,reference-session last trade,8850.0,8011.137643500851,0.9479231815147929,166.0,167.4,163.9,917.0,369.0,163.9,0.0995846801218501,0.14446507881353735,0.02045589848263753,2467.5384639871822,3.361574159397918,0.0013623188487064573,19,train,seeded_stratified,heston,164.72864323688196,0.828643236881959,0.0003358177588620006,True
2026-08-27,2027-08-20,0.9801505817932923,SPX270820C08950000,2026-08-27T19:59:23+00:00,-0.6166666666666667,call,reference-session last trade,8950.0,8011.137643500851,0.9479231815147929,141.6,142.9,140.4,1782.0,43.0,140.4,0.11082075338877598,0.1429197492653986,0.02002060942743386,2327.0020803689777,3.361574159397918,0.0014445943936865304,20,train,seeded_stratified,heston,141.89862793333242,1.4986279333324148,0.0006440165851054105,True
2026-08-27,2027-08-20,0.9801505817932923,SPX270820C09100000,2026-08-27T19:50:37+00:00,-9.383333333333333,call,reference-session last trade,9100.0,8011.137643500851,0.9479231815147929,111.1,112.5,107.55,132.0,1.0,107.55,0.12744163462481628,0.13952604669191365,0.019081098805091627,2083.680212345836,3.361574159397918,0.001613286981121451,21,holdout,seeded_stratified,heston,113.40742662151271,5.857426621512715,0.0028110967253071636,False
2026-08-27,2027-08-20,0.9801505817932923,SPX270820C09300000,2026-08-27T13:36:04+00:00,-383.93333333333334,call,reference-session last trade,9300.0,8011.137643500851,0.9479231815147929,78.9,80.1,72.6,154.0,100.0,72.6,0.14918162126122222,0.13502142306451817,0.017868914216891445,1729.8094018684856,3.361574159397918,0.0019433205506727224,22,train,seeded_stratified,heston,84.39466829693872,11.794668296938724,0.006818478546941932,False
2026-08-27,2027-08-20,0.9801505817932923,SPX270820C09600000,2026-08-27T18:43:33+00:00,-76.45,call,reference-session last trade,9600.0,8011.137643500851,0.9479231815147929,46.0,46.9,44.16,437.0,20.0,44.16,0.1809303195758024,0.13435327847044043,0.017692505489392323,1298.8902120316588,3.361574159397918,0.002588035638624078,23,train,seeded_stratified,heston,54.9973308356791,10.837330835679104,0.008343531066207586,False
2026-08-27,2027-08-20,0.9801505817932923,SPX270820C10200000,2026-08-27T14:52:27+00:00,-307.55,call,reference-session last trade,10200.0,8011.137643500851,0.9479231815147929,14.5,15.1,13.99,817.0,2.0,13.99,0.24155494139223724,0.13179370213097683,0.017024803865454168,608.594357173919,3.361574159397918,0.005523505303282455,24,holdout,seeded_stratified,heston,25.021753209888924,11.031753209888924,0.018126611066714773,False
