observation_date,expiration,maturity_years,contract_symbol,last_trade_utc,minutes_from_reference_close,source_option_type,source_price_type,strike,forward,discount,displayed_bid,displayed_ask,observed_price,open_interest,volume,call_equivalent_price,log_moneyness,implied_volatility,total_variance,black_vega,price_noise_scale,iv_uncertainty_approx,svi_total_variance,svi_implied_volatility,svi_iv_residual
2026-08-27,2026-09-18,0.06023271731690623,SPX260918P05475000,2026-08-27T19:59:48+00:00,-0.2,put,reference-session last trade,5475.0,7741.608398158938,0.9959553475339589,0.4,0.6,0.5,1236.0,1.0,2257.940754911775,-0.34641719369064733,0.49473259129427516,0.014742580182210712,10.821587764389916,3.1068981283412995,0.2871018741413364,0.014838242186958086,0.4963351121784574,0.0016025208841822236
2026-08-27,2026-09-18,0.06023271731690623,SPX260918P05525000,2026-08-27T19:59:46+00:00,-0.23333333333333334,put,reference-session last trade,5525.0,7741.608398158938,0.9959553475339589,0.45,0.55,0.55,4379.0,1.0,2208.1929875350775,-0.33732622198939544,0.48710113062983157,0.014291266946307803,11.882742381101812,3.1068981283412995,0.26146305530299785,0.014347338115634392,0.4880557553253084,0.0009546246954768578
2026-08-27,2026-09-18,0.06023271731690623,SPX260918P05550000,2026-08-27T19:55:11+00:00,-4.816666666666666,put,reference-session last trade,5550.0,7741.608398158938,0.9959553475339589,0.45,0.65,0.6,3655.0,1.0,2183.344103846728,-0.3328115416348687,0.48512003756240835,0.014175255081670514,12.82624730714488,3.1068981283412995,0.24222970709527775,0.014104385809029434,0.4839058377951044,-0.0012141997673039695
2026-08-27,2026-09-18,0.06023271731690623,SPX260918P05630000,2026-08-27T13:39:45+00:00,-380.25,put,reference-session last trade,5630.0,7741.608398158938,0.9959553475339589,0.55,0.7,0.75,171.0,4.0,2103.8176760440115,-0.3185000272416129,0.4762755203786127,0.013663091495858188,15.69546905232151,3.1068981283412995,0.19794872762224075,0.013338140162527316,0.47057777322443556,-0.005697747154177146
2026-08-27,2026-09-18,0.06023271731690623,SPX260918P05775000,2026-08-27T14:37:16+00:00,-322.73333333333335,put,reference-session last trade,5775.0,7741.608398158938,0.9959553475339589,0.65,0.85,0.85,1315.0,2.0,1959.5041506515872,-0.29307121298535466,0.44706281329461023,0.012038421625406198,18.378922065010144,3.1068981283412995,0.16904680902130942,0.01199297154972196,0.44621809071227336,-0.0008447225823368654
2026-08-27,2026-09-18,0.06023271731690623,SPX260918P05800000,2026-08-27T19:00:53+00:00,-59.11666666666667,put,reference-session last trade,5800.0,7741.608398158938,0.9959553475339589,0.7,0.85,0.9,9578.0,13.0,1934.6552669632385,-0.28875155184083817,0.4436838383709317,0.011857132554399418,19.39132220765682,3.1068981283412995,0.16022105636069084,0.011766766991859044,0.44198990341082944,-0.0016939349601022835
2026-08-27,2026-09-18,0.06023271731690623,SPX260918P05825000,2026-08-27T14:17:49+00:00,-342.18333333333334,put,reference-session last trade,5825.0,7741.608398158938,0.9959553475339589,0.75,0.9,0.95,1444.0,1.0,1909.8063832748894,-0.28445046994144757,0.44016043232058366,0.011669559304515123,20.41192024445222,3.1068981283412995,0.1522099876510015,0.011542256823488035,0.43775300761019675,-0.0024074247103869073
2026-08-27,2026-09-18,0.06023271731690623,SPX260918P05875000,2026-08-27T14:26:49+00:00,-333.18333333333334,put,reference-session last trade,5875.0,7741.608398158938,0.9959553475339589,0.8,0.95,1.0,2061.0,2.0,1860.0586158981914,-0.2759034093629893,0.4304677340740453,0.011161271298383424,21.696052299598993,3.1068981283412995,0.14320108033657,0.011098343115502608,0.429252512193492,-0.001215221880553341
2026-08-27,2026-09-18,0.06023271731690623,SPXW260918P05900000,2026-08-27T15:44:04+00:00,-255.93333333333334,put,reference-session last trade,5900.0,7741.608398158938,0.9959553475339589,0.85,0.95,1.1,1743.0,1.0,1835.2597322098425,-0.27165711848153806,0.4288472882338472,0.011077398838498391,23.53272911922189,3.1068981283412995,0.13202455663349041,0.01087895274650413,0.4249886357122673,-0.0038586525215799083
2026-08-27,2026-09-18,0.06023271731690623,SPX260918P05910000,2026-08-27T14:27:54+00:00,-332.1,put,reference-session last trade,5910.0,7741.608398158938,0.9959553475339589,0.85,1.0,1.05,515.0,1.0,1825.250178734503,-0.2699636379752051,0.4242741484172383,0.01084240428838823,22.859605288733484,3.1068981283412995,0.13591215111104984,0.0107916779711109,0.423280499032597,-0.0009936493846413041
2026-08-27,2026-09-18,0.06023271731690623,SPX260918P05920000,2026-08-27T15:40:49+00:00,-259.18333333333334,put,reference-session last trade,5920.0,7741.608398158938,0.9959553475339589,0.85,1.05,1.05,241.0,25.0,1815.2906252591633,-0.26827302049729757,0.4218648736707682,0.01071961499252449,22.969736534830698,3.1068981283412995,0.1352605034729102,0.010704679014449145,0.42157087239964497,-0.00029400127112322316
2026-08-27,2026-09-18,0.06023271731690623,SPX260918P05925000,2026-08-27T15:56:31+00:00,-243.48333333333332,put,reference-session last trade,5925.0,7741.608398158938,0.9959553475339589,0.85,1.1,1.03,12703.0,10.0,1810.2908485214934,-0.267428782372017,0.41978670907510185,0.010614262517602443,22.7052820395211,3.1068981283412995,0.13683591874936385,0.01066128313024245,0.4207154978735119,0.000928788798410074
2026-08-27,2026-09-18,0.06023271731690623,SPX260918P05960000,2026-08-27T14:20:50+00:00,-339.1666666666667,put,reference-session last trade,5960.0,7741.608398158938,0.9959553475339589,0.9,1.05,1.15,205.0,1.0,1775.552411357805,-0.2615389883159535,0.41638874372387547,0.010443123586033783,25.01610755957548,3.1068981283412995,0.12419590541583132,0.010359452025374818,0.41471731074356005,-0.0016714329803154127
2026-08-27,2026-09-18,0.06023271731690623,SPX260918P05975000,2026-08-27T14:27:04+00:00,-332.93333333333334,put,reference-session last trade,5975.0,7741.608398158938,0.9959553475339589,0.95,1.15,1.15,2093.0,1.0,1760.6130811447956,-0.25902537157563743,0.41276884194522284,0.010262336951068056,25.200342339044226,3.1068981283412995,0.1232879334153972,0.010231139075472212,0.412140948270912,-0.0006278936743108199
2026-08-27,2026-09-18,0.06023271731690623,SPXW260918P06025000,2026-08-27T15:43:58+00:00,-256.03333333333336,put,reference-session last trade,6025.0,7741.608398158938,0.9959553475339589,1.05,1.2,1.3,261.0,1.0,1710.9653137680975,-0.2506919900164932,0.40630409564483044,0.009943398765313614,28.21358969135552,3.1068981283412995,0.11012062493037655,0.0098079830277686,0.4035279533458325,-0.002776142298997919
2026-08-27,2026-09-18,0.06023271731690623,SPX260918P06030000,2026-08-27T14:39:18+00:00,-320.7,put,reference-session last trade,6030.0,7741.608398158938,0.9959553475339589,1.0,1.2,1.25,828.0,1.0,1705.935537030428,-0.2498624586541178,0.4032998550964819,0.009796898038764004,27.499598698480774,3.1068981283412995,0.11297976244696768,0.009766054841962812,0.40266450794149833,-0.0006353471549835898
2026-08-27,2026-09-18,0.06023271731690623,SPXW260918P06050000,2026-08-27T14:02:47+00:00,-357.21666666666664,put,reference-session last trade,6050.0,7741.608398158938,0.9959553475339589,1.1,1.25,1.39,737.0,30.0,1686.1564300797488,-0.24655119735046185,0.4033289474910563,0.009798311505690218,29.969075270310405,3.1068981283412995,0.10367013664312906,0.009599050821329145,0.39920678809190824,-0.004122159399148062
2026-08-27,2026-09-18,0.06023271731690623,SPX260918P06070000,2026-08-27T14:23:58+00:00,-336.03333333333336,put,reference-session last trade,6070.0,7741.608398158938,0.9959553475339589,1.1,1.25,1.35,234.0,1.0,1666.1973231290694,-0.24325086432180495,0.3971357457951545,0.009499711465960351,29.649160582904194,3.1068981283412995,0.10478873827317552,0.00943318515148166,0.3957427353366806,-0.0013930104584738978
2026-08-27,2026-09-18,0.06023271731690623,SPX260918P06075000,2026-08-27T18:52:35+00:00,-67.41666666666667,put,reference-session last trade,6075.0,7741.608398158938,0.9959553475339589,1.05,1.25,1.37,2251.0,503.0,1661.2375463913995,-0.24242748016659968,0.39659572572341995,0.00947389386055002,30.03811455436073,3.1068981283412995,0.10343186230010103,0.009391897308276633,0.39487572796836634,-0.0017199977550536039
2026-08-27,2026-09-18,0.06023271731690623,SPX260918P06080000,2026-08-27T14:28:37+00:00,-331.3833333333333,put,reference-session last trade,6080.0,7741.608398158938,0.9959553475339589,1.1,1.3,1.35,498.0,1.0,1656.2377696537299,-0.24160477341513617,0.39471778853743006,0.009384385809536882,29.800413540962495,3.1068981283412995,0.10425687965942747,0.00935068108874447,0.3940083217662885,-0.0007094667711415314
2026-08-27,2026-09-18,0.06023271731690623,SPX260918P06090000,2026-08-27T14:16:57+00:00,-343.05,put,reference-session last trade,6090.0,7741.608398158938,0.9959553475339589,1.05,1.25,1.4,236.0,1.0,1646.3282161783904,-0.23996138767140626,0.39395037977850833,0.009347931110220071,30.73954746922931,3.1068981283412995,0.10107169376684368,0.00926846391743406,0.3922723106722253,-0.0016780691062830422
2026-08-27,2026-09-18,0.06023271731690623,SPXW260918P06100000,2026-08-27T15:43:42+00:00,-256.3,put,reference-session last trade,6100.0,7741.608398158938,0.9959553475339589,1.2,1.3,1.45,2205.0,164.0,1636.4186627030508,-0.23832069821394633,0.3931277950991893,0.009308934133196726,31.677962543933248,3.1068981283412995,0.09807758703017698,0.009186534442090971,0.3905346978516487,-0.0025930972475406433
2026-08-27,2026-09-18,0.06023271731690623,SPX260918P06110000,2026-08-27T14:13:15+00:00,-346.75,put,reference-session last trade,6110.0,7741.608398158938,0.9959553475339589,1.1,1.3,1.45,215.0,1.0,1626.4591092277112,-0.2366826962097079,0.3907017182198223,0.009194393751234145,31.841231933642877,3.1068981283412995,0.09757468350521345,0.009104893485052636,0.38879547938680115,-0.0019062388330211566
2026-08-27,2026-09-18,0.06023271731690623,SPX260918P06120000,2026-08-27T14:30:00+00:00,-330.0,put,reference-session last trade,6120.0,7741.608398158938,0.9959553475339589,1.1,1.3,1.4,242.0,1.0,1616.4495557523717,-0.23504737286897723,0.3866967342944235,0.009006861094886746,31.21814367443325,3.1068981283412995,0.09952219327140065,0.009023541886574279,0.38705465165383973,0.0003579173594162044
2026-08-27,2026-09-18,0.06023271731690623,SPX260918P06130000,2026-08-27T14:28:46+00:00,-331.23333333333335,put,reference-session last trade,6130.0,7741.608398158938,0.9959553475339589,1.15,1.35,1.45,286.0,1.0,1606.540002277032,-0.23341471944509187,0.38585796314372595,0.008967830499305543,32.172617766348566,3.1068981283412995,0.09656964039746267,0.00894248050494913,0.38531221133190807,-0.0005457518118178739
2026-08-27,2026-09-18,0.06023271731690623,SPX260918P06140000,2026-08-27T14:38:49+00:00,-321.18333333333334,put,reference-session last trade,6140.0,7741.608398158938,0.9959553475339589,1.15,1.35,1.45,228.0,1.0,1596.5804488016925,-0.23178472723416077,0.38344024544785404,0.008855800904149027,32.340786649943965,3.1068981283412995,0.09606748784345612,0.008861710216627978,0.38356815541245964,0.00012790996460559922
2026-08-27,2026-09-18,0.06023271731690623,SPX260918P06150000,2026-08-27T19:59:29+00:00,-0.5166666666666667,put,reference-session last trade,6150.0,7741.608398158938,0.9959553475339589,1.2,1.35,1.45,6604.0,8.0,1586.6208953263529,-0.23015738757478532,0.38102527456922636,0.008744601552175758,32.51064211805894,3.1068981283412995,0.09556557256109952,0.008781231916337732,0.3818224812088345,0.000797206639608139
2026-08-27,2026-09-18,0.06023271731690623,SPX260918P06160000,2026-08-27T14:13:34+00:00,-346.43333333333334,put,reference-session last trade,6160.0,7741.608398158938,0.9959553475339589,1.2,1.4,1.55,652.0,1.0,1576.7613418510132,-0.22853269184778352,0.38160094035975295,0.00877104478859918,34.26041300921674,3.1068981283412995,0.09068478326590755,0.00870104651719901,0.38007518636609844,-0.0015257539936545106
2026-08-27,2026-09-18,0.06023271731690623,SPX260918P06180000,2026-08-27T14:20:47+00:00,-339.21666666666664,put,reference-session last trade,6180.0,7741.608398158938,0.9959553475339589,1.3,1.5,1.55,238.0,1.0,1556.842234900334,-0.22529119792361244,0.37675309147875946,0.008549606085294058,34.62438241949147,3.1068981283412995,0.08973151031835591,0.00854155816752462,0.37657572706310694,-0.0001773644156525256
2026-08-27,2026-09-18,0.06023271731690623,SPX260918P06190000,2026-08-27T14:26:07+00:00,-333.8833333333333,put,reference-session last trade,6190.0,7741.608398158938,0.9959553475339589,1.3,1.5,1.55,422.0,1.0,1546.8826814249944,-0.2236743826967072,0.3743331874921273,0.008440129707532799,34.80916623916168,3.1068981283412995,0.08925517224385332,0.008462257136240412,0.3748235596439653,0.0004903721518380033
2026-08-27,2026-09-18,0.06023271731690623,SPX260918P06200000,2026-08-27T20:05:26+00:00,5.433333333333334,put,reference-session last trade,6200.0,7741.608398158938,0.9959553475339589,1.3,1.45,1.6,17588.0,236.0,1536.9731279496548,-0.22206017734216604,0.3733287422081551,0.008394895810244787,35.786740771944245,3.1068981283412995,0.0868170182956984,0.008383252844836684,0.3730697656895605,-0.00025897651859457804
2026-08-27,2026-09-18,0.06023271731690623,SPX260918P06210000,2026-08-27T14:17:48+00:00,-342.2,put,reference-session last trade,6210.0,7741.608398158938,0.9959553475339589,1.3,1.45,1.65,494.0,1.0,1527.0635744743154,-0.22044857344782448,0.37228125547075974,0.008347853059130656,36.76524736777681,3.1068981283412995,0.08450638444675242,0.008304546300122152,0.37131434466081653,-0.0009669108099432111
2026-08-27,2026-09-18,0.06023271731690623,SPXW260918P06225000,2026-08-27T18:08:52+00:00,-111.13333333333334,put,reference-session last trade,6225.0,7741.608398158938,0.9959553475339589,1.4,1.5,1.7,345.0,8.0,1512.174244261306,-0.21803602704244063,0.3699767366321907,0.008244822133547212,37.84697380641014,3.1068981283412995,0.08209105817107851,0.008187047007444864,0.3686781621531192,-0.0012985744790715015
2026-08-27,2026-09-18,0.06023271731690623,SPX260918P06230000,2026-08-27T14:20:02+00:00,-339.96666666666664,put,reference-session last trade,6230.0,7741.608398158938,0.9959553475339589,1.4,1.55,1.7,494.0,1.0,1507.1944675236361,-0.21723313659385016,0.36876126966496353,0.008190738475313214,37.9494925671405,3.1068981283412995,0.08186929305693756,0.00814803057345596,0.36779862121910173,-0.0009626484458618023
2026-08-27,2026-09-18,0.06023271731690623,SPX260918P06250000,2026-08-27T19:59:54+00:00,-0.1,put,reference-session last trade,6250.0,7741.608398158938,0.9959553475339589,1.45,1.6,1.6,8313.0,38.0,1487.1753605729568,-0.2140280056449017,0.361243757652178,0.007860192070468558,36.77006800255162,3.1068981283412995,0.08449530547851311,0.007992718394032525,0.36427639315500154,0.0030326355028235663
2026-08-27,2026-09-18,0.06023271731690623,SPXW260918P06275000,2026-08-27T19:34:44+00:00,-25.266666666666666,put,reference-session last trade,6275.0,7741.608398158938,0.9959553475339589,1.55,1.7,1.83,23833.0,18.0,1462.506476884608,-0.2100359843753643,0.36110749701923234,0.007854263482209137,40.9457957860362,3.1068981283412995,0.07587831836451568,0.0078002840147591325,0.35986447805141447,-0.001243018967817866
2026-08-27,2026-09-18,0.06023271731690623,SPX260918P06290000,2026-08-27T14:14:34+00:00,-345.43333333333334,put,reference-session last trade,6290.0,7741.608398158938,0.9959553475339589,1.45,1.65,1.9,771.0,1.0,1447.6371466715987,-0.20764839868086268,0.3591283000510583,0.0077684024359928406,42.376790068802364,3.1068981283412995,0.07331603274568421,0.007685739981873645,0.3572124735923571,-0.0019158264587011975
2026-08-27,2026-09-18,0.06023271731690623,SPX260918P06310000,2026-08-27T16:54:32+00:00,-185.46666666666667,put,reference-session last trade,6310.0,7741.608398158938,0.9959553475339589,1.55,1.75,1.8,976.0,151.0,1427.6180397209193,-0.2044737928400901,0.3518707211839501,0.007457593695779025,41.27606654016315,3.1068981283412995,0.07527117743446246,0.007534092187775631,0.3536708261277227,0.0018001049437726402
2026-08-27,2026-09-18,0.06023271731690623,SPX260918P06320000,2026-08-27T14:13:10+00:00,-346.8333333333333,put,reference-session last trade,6320.0,7741.608398158938,0.9959553475339589,1.55,1.7,2.0,943.0,1.0,1417.8584862455798,-0.20289026123444578,0.35409120885067935,0.007552013284263873,44.64838477711543,3.1068981283412995,0.06958590201752926,0.007458732833506929,0.35189759405506843,-0.002193614795610921
2026-08-27,2026-09-18,0.06023271731690623,SPXW260918P06325000,2026-08-27T19:34:44+00:00,-25.266666666666666,put,reference-session last trade,6325.0,7741.608398158938,0.9959553475339589,1.6,1.7,1.98,357.0,8.0,1412.8587095079101,-0.2020994347796279,0.3524192311403007,0.007480862199878043,44.46522256368043,3.1068981283412995,0.06987254193750601,0.0074211698322055285,0.3510103780654996,-0.0014088530748010974
2026-08-27,2026-09-18,0.06023271731690623,SPX260918P06330000,2026-08-27T17:45:00+00:00,-135.0,put,reference-session last trade,6330.0,7741.608398158938,0.9959553475339589,1.6,1.75,1.9,2254.0,20.0,1407.7989327702403,-0.20130923323712713,0.34937766930744796,0.0073522919311033485,43.339257411956666,3.1068981283412995,0.07168784870513614,0.007383684823915222,0.3501227630115832,0.0007450937041352246
2026-08-27,2026-09-18,0.06023271731690623,SPX260918P06360000,2026-08-27T19:37:32+00:00,-22.466666666666665,put,reference-session last trade,6360.0,7741.608398158938,0.9959553475339589,1.65,1.8,2.01,813.0,1.0,1378.0302723442214,-0.19658109204118104,0.34453632213219304,0.007149941409731205,45.83329137379186,3.1068981283412995,0.06778693031235956,0.007160421587573126,0.3447887353715898,0.00025241323939678706
2026-08-27,2026-09-18,0.06023271731690623,SPX260918P06375000,2026-08-27T18:44:50+00:00,-75.16666666666667,put,reference-session last trade,6375.0,7741.608398158938,0.9959553475339589,1.75,1.9,2.1,3758.0,6.0,1363.180942131212,-0.19422537834872206,0.34279648036469096,0.007077912095576287,47.642796562362385,3.1068981283412995,0.06521233748893188,0.007049855992403653,0.3421164010594689,-0.0006800793052220699
2026-08-27,2026-09-18,0.06023271731690623,SPX260918P06400000,2026-08-27T19:55:05+00:00,-4.916666666666667,put,reference-session last trade,6400.0,7741.608398158938,0.9959553475339589,1.7,1.9,2.1,17606.0,26.0,1338.282058442863,-0.19031147902758577,0.33668442847935637,0.00682776426110981,48.34204217233265,3.1068981283412995,0.06426907074520435,0.006867174999559474,0.3376547233618913,0.0009702948825349167
2026-08-27,2026-09-18,0.06023271731690623,SPX260918P06425000,2026-08-27T18:12:08+00:00,-107.86666666666666,put,reference-session last trade,6425.0,7741.608398158938,0.9959553475339589,1.75,1.95,2.2,2853.0,1.0,1313.4831747545143,-0.18641283861192837,0.3325921592623051,0.006662795282301918,50.643909466091216,3.1068981283412995,0.06134791253470533,0.006686506644641014,0.3331834433267226,0.0005912840644174966
2026-08-27,2026-09-18,0.06023271731690623,SPX260918P06525000,2026-08-27T18:44:59+00:00,-75.01666666666667,put,reference-session last trade,6525.0,7741.608398158938,0.9959553475339589,2.15,2.35,2.6,3670.0,3.0,1214.2876400011182,-0.17096851618445477,0.3152251615589527,0.005985138547726468,60.248037655703584,3.1068981283412995,0.05156845350044649,0.005984422051493752,0.3152062927893481,-1.8868769604607483e-05
2026-08-27,2026-09-18,0.06023271731690623,SPXW260918P06550000,2026-08-27T20:09:45+00:00,9.75,put,reference-session last trade,6550.0,7741.608398158938,0.9959553475339589,2.35,2.4,2.75,689.0,26.0,1189.5387563127692,-0.16714441974605138,0.3114551533619524,0.0058428333366893365,63.533824848028296,3.1068981283412995,0.04890148099493366,0.0058141707590507515,0.3106902776475229,-0.0007648757144295137
2026-08-27,2026-09-18,0.06023271731690623,SPX260918P06560000,2026-08-27T13:35:42+00:00,-384.3,put,reference-session last trade,6560.0,7741.608398158938,0.9959553475339589,2.2,2.35,3.11,466.0,4.0,1179.9392028374295,-0.1656188664372142,0.3143758905556021,0.005952931998296548,69.35069345850025,3.1068981283412995,0.04479981343229799,0.005746673474195555,0.3088815959120557,-0.0054942946435463935
2026-08-27,2026-09-18,0.06023271731690623,SPXW260918P06575000,2026-08-27T19:25:24+00:00,-34.6,put,reference-session last trade,6575.0,7741.608398158938,0.9959553475339589,2.45,2.5,2.9,406.0,11.0,1164.7898726244205,-0.16333489132938359,0.3075360283063238,0.0056967145558971,66.8648743776227,3.1068981283412995,0.04646532513909976,0.005646079266641346,0.3061662094754737,-0.0013698188308501336
2026-08-27,2026-09-18,0.06023271731690623,SPXW260918P06610000,2026-08-27T15:41:15+00:00,-258.75,put,reference-session last trade,6610.0,7741.608398158938,0.9959553475339589,2.45,2.6,2.95,62.0,1.0,1129.9814354607317,-0.1580258155296169,0.2995469244515828,0.005404582940081725,69.17495737987747,3.1068981283412995,0.044913625479805146,0.005414431786112384,0.2998197344676501,0.00027281001606727084
2026-08-27,2026-09-18,0.06023271731690623,SPX260918P06625000,2026-08-27T17:58:26+00:00,-121.56666666666666,put,reference-session last trade,6625.0,7741.608398158938,0.9959553475339589,2.45,2.6,2.93,2184.0,23.0,1115.0221052477225,-0.15575909752092598,0.2955235991128272,0.0052603760381031575,69.55115034350275,3.1068981283412995,0.04467069362615562,0.005316485692417822,0.297095515644656,0.0015719165318288097
2026-08-27,2026-09-18,0.06023271731690623,SPX260918P06630000,2026-08-27T20:03:56+00:00,3.933333333333333,put,reference-session last trade,6630.0,7741.608398158938,0.9959553475339589,2.45,2.65,3.0,542.0,2.0,1110.1123285100525,-0.15500466519544073,0.29527522311440213,0.005251537474266171,70.87244634655126,3.1068981283412995,0.04383788465758929,0.005284016201787764,0.29618689720750346,0.0009116740931013334
2026-08-27,2026-09-18,0.06023271731690623,SPX260918P06650000,2026-08-27T19:58:15+00:00,-1.75,put,reference-session last trade,6650.0,7741.608398158938,0.9959553475339589,2.5,2.7,2.84,10662.0,4.0,1090.0332215593733,-0.15199261472544917,0.28802324117183853,0.004996748867933973,69.29023961429812,3.1068981283412995,0.044838900047622116,0.005155040531246298,0.2925498057081835,0.004526564536344979
2026-08-27,2026-09-18,0.06023271731690623,SPX260918P06675000,2026-08-27T15:30:33+00:00,-269.45,put,reference-session last trade,6675.0,7741.608398158938,0.9959553475339589,2.6,2.85,3.2,3093.0,17.0,1065.4943378710245,-0.1482402651068986,0.2867489873144025,0.004952634080680023,76.19761387468743,3.1068981283412995,0.04077421811988524,0.004995868977981467,0.2879978806904134,0.0012488933760108623
2026-08-27,2026-09-18,0.06023271731690623,SPX260918P06700000,2026-08-27T19:37:32+00:00,-22.466666666666665,put,reference-session last trade,6700.0,7741.608398158938,0.9959553475339589,2.75,2.95,3.0,20038.0,4.0,1040.3954541826754,-0.14450194299629152,0.2778557211631461,0.004650194768591441,74.33759439313478,3.1068981283412995,0.04179443999640951,0.0048390013270072935,0.2834403283913736,0.005584607228227512
2026-08-27,2026-09-18,0.06023271731690623,SPXW260918P06770000,2026-08-27T15:43:22+00:00,-256.6333333333333,put,reference-session last trade,6770.0,7741.608398158938,0.9959553475339589,3.3,3.5,3.9,111.0,1.0,971.5785798552982,-0.13410838246902826,0.27105559662313494,0.00442536619339061,92.47648458793094,3.1068981283412995,0.03359662883148544,0.004412294920331619,0.2706549900158976,-0.00040060660723734154
2026-08-27,2026-09-18,0.06023271731690623,SPXW260918P06790000,2026-08-27T18:57:20+00:00,-62.666666666666664,put,reference-session last trade,6790.0,7741.608398158938,0.9959553475339589,3.4,3.6,4.13,116.0,1.0,951.8894729046191,-0.13115852782260717,0.2683594247148257,0.004337766402004075,97.28063007766478,3.1068981283412995,0.03193747949474507,0.004293839527295604,0.266997181407043,-0.001362243307782729
2026-08-27,2026-09-18,0.06023271731690623,SPXW260918P06800000,2026-08-27T19:55:14+00:00,-4.766666666666667,put,reference-session last trade,6800.0,7741.608398158938,0.9959553475339589,3.4,3.6,3.93,1390.0,37.0,941.7299194292794,-0.1296868572111509,0.26371884888872943,0.004189042813695615,94.9903597450532,3.1068981283412995,0.032707509863948034,0.004235199149295281,0.26516774187467396,0.0014488929859445276
2026-08-27,2026-09-18,0.06023271731690623,SPX260918P06810000,2026-08-27T20:11:46+00:00,11.766666666666667,put,reference-session last trade,6810.0,7741.608398158938,0.9959553475339589,3.3,3.5,3.97,573.0,3.0,931.81036595394,-0.12821734923179087,0.2615837980828322,0.00412148893970617,96.3119703956948,3.1068981283412995,0.032258691371142165,0.004176953176436651,0.26333802574685145,0.0017542276640192256
2026-08-27,2026-09-18,0.06023271731690623,SPXW260918P06820000,2026-08-27T16:36:35+00:00,-203.41666666666666,put,reference-session last trade,6820.0,7741.608398158938,0.9959553475339589,3.7,3.9,4.0,232.0,7.0,921.8808124786004,-0.1267499975378411,0.25933822656167627,0.00405103065471709,97.49724265760423,3.1068981283412995,0.03186652302826924,0.004119103769262167,0.261508095800546,0.0021698692388697483
2026-08-27,2026-09-18,0.06023271731690623,SPXW260918P06840000,2026-08-27T16:23:57+00:00,-216.05,put,reference-session last trade,6840.0,7741.608398158938,0.9959553475339589,3.6,3.9,4.25,60.0,3.0,902.2117055279213,-0.12382173775875278,0.25670560564924205,0.003969201630057144,102.80645106786204,3.1068981283412995,0.030220847972764385,0.004004603354107255,0.25784785639876817,0.0011422507495261192
2026-08-27,2026-09-18,0.06023271731690623,SPX260918P06860000,2026-08-27T13:40:35+00:00,-379.4166666666667,put,reference-session last trade,6860.0,7741.608398158938,0.9959553475339589,3.7,3.9,5.0,796.0,50.0,883.0425985772421,-0.12090202765541808,0.2583861538161699,0.004021341269393827,115.37458561239488,3.1068981283412995,0.0269287912225231,0.0038917154199630717,0.25418757007210174,-0.004198583744068174
2026-08-27,2026-09-18,0.06023271731690623,SPXW260918P06870000,2026-08-27T14:52:45+00:00,-307.25,put,reference-session last trade,6870.0,7741.608398158938,0.9959553475339589,3.8,4.0,4.5,83.0,2.0,872.5830451019025,-0.11944536315895393,0.2513219814900629,0.0038044633658097563,108.99971210524686,3.1068981283412995,0.028503727838669626,0.003835881652797553,0.25235759023513965,0.0010356087450767437
2026-08-27,2026-09-18,0.06023271731690623,SPXW260918P06880000,2026-08-27T14:27:02+00:00,-332.96666666666664,put,reference-session last trade,6880.0,7741.608398158938,0.9959553475339589,4.1,4.2,4.8,147.0,1.0,862.9234916265628,-0.11799081744795957,0.25140909541925005,0.0038071012504026355,114.28884397027075,3.1068981283412995,0.027184614179398627,0.0037804576481882905,0.25052782062901924,-0.0008812747902308127
2026-08-27,2026-09-18,0.06023271731690623,SPXW260918P06890000,2026-08-27T20:07:57+00:00,7.95,put,reference-session last trade,6890.0,7741.608398158938,0.9959553475339589,4.2,4.4,4.71,77.0,7.0,852.8739381512233,-0.11653838436764463,0.2480128791251867,0.003704937825224417,113.86581036891286,3.1068981283412995,0.027285610301066552,0.003725445638716131,0.24869834041383138,0.000685461288644662
2026-08-27,2026-09-18,0.06023271731690623,SPX260918P06900000,2026-08-27T19:13:49+00:00,-46.18333333333333,put,reference-session last trade,6900.0,7741.608398158938,0.9959553475339589,3.9,4.1,4.64,25060.0,821.0,842.8443846758837,-0.11508805778999823,0.24479634177686305,0.003609460579990046,113.72809840439834,3.1068981283412995,0.027318650113129325,0.0036708478646093525,0.24686923135249395,0.0020728895756308985
2026-08-27,2026-09-18,0.06023271731690623,SPXW260918P06915000,2026-08-27T13:52:56+00:00,-367.06666666666666,put,reference-session last trade,6915.0,7741.608398158938,0.9959553475339589,4.4,4.7,5.5,24.0,4.0,828.7650544628743,-0.11291650427649033,0.24798705479344876,0.0037041663123691636,127.56534840824641,3.1068981283412995,0.02435534545320503,0.003589732812086261,0.24412644912892123,-0.0038606056645275333
2026-08-27,2026-09-18,0.06023271731690623,SPXW260918P06925000,2026-08-27T16:24:33+00:00,-215.45,put,reference-session last trade,6925.0,7741.608398158938,0.9959553475339589,4.2,4.4,5.0,234.0,5.0,818.3055009875347,-0.11147141731980964,0.24133192524142746,0.00350801960053702,121.43293737060951,3.1068981283412995,0.025585299965685124,0.0035361804708884895,0.24229864339394555,0.0009667181525180868
2026-08-27,2026-09-18,0.06023271731690623,SPXW260918P06950000,2026-08-27T19:16:58+00:00,-43.03333333333333,put,reference-session last trade,6950.0,7741.608398158938,0.9959553475339589,4.6,4.8,5.3,2350.0,39.0,793.7066172991857,-0.1078678098165111,0.23715254157077256,0.003387568009353851,128.36387081276158,3.1068981283412995,0.024203836396248814,0.003404151373302052,0.23773230639625034,0.0005797648254777799
2026-08-27,2026-09-18,0.06023271731690623,SPX260918P06960000,2026-08-27T16:54:13+00:00,-185.78333333333333,put,reference-session last trade,6960.0,7741.608398158938,0.9959553475339589,4.5,4.7,4.93,1194.0,10.0,783.3770638238461,-0.10642999504688355,0.23158915633760685,0.0032304936928942343,123.93954691401788,3.1068981283412995,0.025067851268624423,0.0033520863888205025,0.23590729626820944,0.004318139930602594
2026-08-27,2026-09-18,0.06023271731690623,SPXW260918P06965000,2026-08-27T14:10:52+00:00,-349.1333333333333,put,reference-session last trade,6965.0,7741.608398158938,0.9959553475339589,4.8,5.0,5.9,10.0,10.0,779.3672870861764,-0.10571186216144292,0.2376580352541239,0.0034020246895515643,138.5066577741604,3.1068981283412995,0.022431399170769088,0.0033262150293980677,0.23499516817930574,-0.002662867074818165
2026-08-27,2026-09-18,0.06023271731690623,SPX260918P06970000,2026-08-27T19:52:00+00:00,-8.0,put,reference-session last trade,6970.0,7741.608398158938,0.9959553475339589,4.5,4.7,5.2,531.0,2.0,773.6875103485066,-0.1049942446207794,0.23109639311721253,0.003216760969361465,129.05154187595465,3.1068981283412995,0.024074862517548794,0.0033004514706296683,0.23408330875678024,0.002986915639567711
2026-08-27,2026-09-18,0.06023271731690623,SPX260918P06975000,2026-08-27T15:53:36+00:00,-246.4,put,reference-session last trade,6975.0,7741.608398158938,0.9959553475339589,4.5,4.8,5.31,4559.0,19.0,768.8177336108367,-0.10427714168578257,0.2306215783513844,0.0032035561199951867,131.22736688484628,3.1068981283412995,0.023675687488781537,0.0032747959966515795,0.2331717312681587,0.002550152916774323
2026-08-27,2026-09-18,0.06023271731690623,SPXW260918P07065000,2026-08-27T17:02:30+00:00,-177.5,put,reference-session last trade,7065.0,7741.608398158938,0.9959553475339589,5.7,6.0,6.4,93.0,2.0,680.2717523327805,-0.09145645325672108,0.2140596012040562,0.002759954231589516,158.41791659983622,3.1068981283412995,0.01961203754616548,0.0028318033024932014,0.21682797498935352,0.002768373785297318
2026-08-27,2026-09-18,0.06023271731690623,SPX260918P07075000,2026-08-27T19:48:03+00:00,-11.95,put,reference-session last trade,7075.0,7741.608398158938,0.9959553475339589,5.6,5.9,5.75,1995.0,4.0,669.6621988574409,-0.09004202586391061,0.20715184506967296,0.002584699554132609,150.33746127890825,3.1068981283412995,0.02066616066222734,0.002784820925302715,0.215021758197843,0.007869913128170036
2026-08-27,2026-09-18,0.06023271731690623,SPXW260918P07090000,2026-08-27T15:36:13+00:00,-263.78333333333336,put,reference-session last trade,7090.0,7741.608398158938,0.9959553475339589,6.1,6.3,7.2,1403.0,5.0,656.1728686444316,-0.08792412884917575,0.21203430338524049,0.0027079753808772417,173.28141950058304,3.1068981283412995,0.017929782300351284,0.0027152030858745447,0.2123170792508735,0.0002827758656330226
2026-08-27,2026-09-18,0.06023271731690623,SPX260918P07095000,2026-08-27T16:41:09+00:00,-198.85,put,reference-session last trade,7095.0,7741.608398158938,0.9959553475339589,5.8,6.2,6.63,338.0,1.0,650.6230919067617,-0.08721915878120587,0.20730187211635215,0.002588444780355311,166.20470270647616,3.1068981283412995,0.01869320228458397,0.0026922264381484123,0.21141683369522393,0.004114961578871784
2026-08-27,2026-09-18,0.06023271731690623,SPXW260918P07110000,2026-08-27T17:15:36+00:00,-164.4,put,reference-session last trade,7110.0,7741.608398158938,0.9959553475339589,6.6,6.9,7.12,105.0,1.0,636.1737616937523,-0.08510722557806241,0.20604768489420178,0.0025572190716104744,175.47499601358314,3.1068981283412995,0.01770564581235723,0.0026239882339958165,0.20872031116772816,0.0026726262735263795
2026-08-27,2026-09-18,0.06023271731690623,SPX260918P07120000,2026-08-27T14:26:04+00:00,-333.93333333333334,put,reference-session last trade,7120.0,7741.608398158938,0.9959553475339589,6.2,6.6,7.77,1235.0,11.0,626.8642082184127,-0.08370174396932749,0.2068636225486073,0.002577512069394986,185.9302312997908,3.1068981283412995,0.016710021316177406,0.00257907527220589,0.2069263420962332,6.27195476259057e-05
2026-08-27,2026-09-18,0.06023271731690623,SPX260918P07125000,2026-08-27T19:48:14+00:00,-11.766666666666667,put,reference-session last trade,7125.0,7741.608398158938,0.9959553475339589,6.3,6.7,7.3,4925.0,4.0,621.4144314807429,-0.08299974323849765,0.20290460103122654,0.002479797663606042,180.50846837871697,3.1068981283412995,0.017211924494438962,0.0025567933561270323,0.20603053318792322,0.0031259321566966813
2026-08-27,2026-09-18,0.06023271731690623,SPXW260918P07130000,2026-08-27T20:08:48+00:00,8.8,put,reference-session last trade,7130.0,7741.608398158938,0.9959553475339589,6.7,7.0,7.96,183.0,31.0,617.0946547430732,-0.08229823496700729,0.2050684846866603,0.0025329714854401826,190.21797381936503,3.1068981283412995,0.016333357284583818,0.0025346281753353458,0.20513553624164452,6.70515549842099e-05
2026-08-27,2026-09-18,0.06023271731690623,SPXW260918P07135000,2026-08-27T16:47:29+00:00,-192.51666666666668,put,reference-session last trade,7135.0,7741.608398158938,0.9959553475339589,6.8,7.1,7.7,65.0,22.0,611.8548780054034,-0.0815972184644121,0.20228996060019444,0.0024647967679995095,187.70224130524178,3.1068981283412995,0.016552269737093096,0.0025125799975332774,0.20424137281201796,0.0019514122118235167
2026-08-27,2026-09-18,0.06023271731690623,SPXW260918P07140000,2026-08-27T16:32:49+00:00,-207.18333333333334,put,reference-session last trade,7140.0,7741.608398158938,0.9959553475339589,6.9,7.2,7.88,88.0,16.0,607.0551012677336,-0.0808966930417188,0.20183843668561308,0.0024538058850683895,191.01532407877005,3.1068981283412995,0.01626517737948653,0.0024906490892902967,0.20334806477645895,0.0015096280908458715
2026-08-27,2026-09-18,0.06023271731690623,SPX260918P07150000,2026-08-27T19:43:08+00:00,-16.866666666666667,put,reference-session last trade,7150.0,7741.608398158938,0.9959553475339589,6.8,7.1,7.9,8293.0,1.0,597.115547792394,-0.07949711268729562,0.199131485284931,0.0023884289267603535,193.1669383714278,3.1068981283412995,0.016084005650942465,0.002447140141846927,0.2015641040383916,0.002432618753460597
2026-08-27,2026-09-18,0.06023271731690623,SPXW260918P07155000,2026-08-27T14:10:52+00:00,-349.1333333333333,put,reference-session last trade,7155.0,7741.608398158938,0.9959553475339589,7.1,7.4,9.3,85.0,47.0,593.5357710547241,-0.07879805638479766,0.20462103337275397,0.0025219298578172244,211.84631118218158,3.1068981283412995,0.014665811790649774,0.002425562629748112,0.20067349674573123,-0.003947536627022741
2026-08-27,2026-09-18,0.06023271731690623,SPX260918P07205000,2026-08-27T18:16:09+00:00,-103.85,put,reference-session last trade,7205.0,7741.608398158938,0.9959553475339589,7.7,8.1,9.55,833.0,5.0,543.9880036780262,-0.07183423994172643,0.19129046371810174,0.002204038092289393,225.83314006598317,3.1068981283412995,0.013757494260733994,0.002216337780688653,0.19182347168881964,0.000533007970717897
2026-08-27,2026-09-18,0.06023271731690623,SPX260918P07210000,2026-08-27T14:22:13+00:00,-337.78333333333336,put,reference-session last trade,7210.0,7741.608398158938,0.9959553475339589,7.9,8.4,10.1,921.0,2.0,539.5582269403565,-0.07114051809635412,0.1922236418648484,0.002225594597725615,233.63535178358077,3.1068981283412995,0.013298065145634537,0.00219607590185672,0.19094462823660865,-0.0012790136282397335
2026-08-27,2026-09-18,0.06023271731690623,SPX260918P07230000,2026-08-27T14:18:39+00:00,-341.35,put,reference-session last trade,7230.0,7741.608398158938,0.9959553475339589,8.4,8.8,10.8,608.0,1.0,520.3391199896772,-0.06837043322253855,0.18923011859250669,0.0021568154174284766,246.7775029685665,3.1068981283412995,0.012589875863753446,0.0021162418387973107,0.18744178873607154,-0.0017883298564351502
2026-08-27,2026-09-18,0.06023271731690623,SPX260918P07235000,2026-08-27T14:37:11+00:00,-322.81666666666666,put,reference-session last trade,7235.0,7741.608398158938,0.9959553475339589,8.6,9.0,10.4,343.0,1.0,514.9593432520074,-0.06767910930976467,0.186115262686566,0.002086394530068633,243.42412607613124,3.1068981283412995,0.01276331224198218,0.0020965878852334512,0.18656935404117614,0.0004540913546101366
2026-08-27,2026-09-18,0.06023271731690623,SPX260918P07245000,2026-08-27T16:11:25+00:00,-228.58333333333334,put,reference-session last trade,7245.0,7741.608398158938,0.9959553475339589,8.9,9.3,10.3,609.0,201.0,504.8997897766679,-0.06629789362056612,0.18274743200907761,0.002011569407063857,244.85604647979673,3.1068981283412995,0.012688672275028554,0.002057647104157047,0.1848286189952688,0.002081186986191197
2026-08-27,2026-09-18,0.06023271731690623,SPX260918P07255000,2026-08-27T18:16:09+00:00,-103.85,put,reference-session last trade,7255.0,7741.608398158938,0.9959553475339589,9.1,9.6,11.15,244.0,11.0,495.79023630132826,-0.06491858305706075,0.18315290849936527,0.002020505773084438,257.4895063041557,3.1068981283412995,0.012066115520340162,0.002019197366570396,0.1830935972938229,-5.931120554236724e-05
2026-08-27,2026-09-18,0.06023271731690623,SPX260918P07260000,2026-08-27T13:35:37+00:00,-384.3833333333333,put,reference-session last trade,7260.0,7741.608398158938,0.9959553475339589,9.3,9.7,14.0,649.0,2.0,493.6604595636585,-0.06422964055650718,0.19205426265787207,0.002221674129257484,288.806387373166,3.1068981283412995,0.010757719580235199,0.002000157209358989,0.1822283059439413,-0.009825956713930772
2026-08-27,2026-09-18,0.06023271731690623,SPX260918P07280000,2026-08-27T15:31:43+00:00,-268.28333333333336,put,reference-session last trade,7280.0,7741.608398158938,0.9959553475339589,9.9,10.4,11.81,744.0,2.0,471.5513526129793,-0.06147860718461723,0.17809701905474765,0.0019104943472036066,272.1769403109548,3.1068981283412995,0.011414993955004976,0.0019252331967153386,0.17878267979719722,0.0006856607424495786
2026-08-27,2026-09-18,0.06023271731690623,SPX260918P07285000,2026-08-27T20:10:10+00:00,10.166666666666666,put,reference-session last trade,7285.0,7741.608398158938,0.9959553475339589,10.0,10.5,11.7,659.0,37.0,466.4615758753095,-0.06079202974604377,0.17617356637166853,0.0018694504058548373,272.4720580014003,3.1068981283412995,0.011402630240805582,0.0019068124399293594,0.17792532188382734,0.001751755512158809
2026-08-27,2026-09-18,0.06023271731690623,SPX260918P07345000,2026-08-27T14:01:51+00:00,-358.15,put,reference-session last trade,7345.0,7741.608398158938,0.9959553475339589,12.4,13.0,16.98,372.0,4.0,411.984255023272,-0.05258965976737122,0.17435323497012356,0.0018310174181520509,345.4512603429883,3.1068981283412995,0.008993738003029871,0.001695534636968088,0.16777880814179588,-0.0065744268283276786
2026-08-27,2026-09-18,0.06023271731690623,SPX260918P07390000,2026-08-27T18:29:45+00:00,-90.25,put,reference-session last trade,7390.0,7741.608398158938,0.9959553475339589,14.8,15.3,18.92,2273.0,32.0,369.10626438424384,-0.046481734433101524,0.16472488013807562,0.0016343717864560558,380.7661012956578,3.1068981283412995,0.008159597500326982,0.001549045818418835,0.1603673319115551,-0.0043575482265205134
2026-08-27,2026-09-18,0.06023271731690623,SPXW260918P07425000,2026-08-27T20:06:24+00:00,6.4,put,reference-session last trade,7425.0,7741.608398158938,0.9959553475339589,17.5,17.8,18.15,645.0,1.0,333.47782722055524,-0.041756784704448616,0.1508587121617735,0.00137079732449663,391.3346145746311,3.1068981283412995,0.007939236685511207,0.0014422906264563926,0.15474269718606454,0.003883985024291048
2026-08-27,2026-09-18,0.06023271731690623,SPX260918P07435000,2026-08-27T15:32:38+00:00,-267.3666666666667,put,reference-session last trade,7435.0,7741.608398158938,0.9959553475339589,17.7,18.3,21.1,5636.0,19.0,326.4682737452157,-0.040410889481093504,0.1546757255617915,0.0014410424687678741,419.7252827930405,3.1068981283412995,0.007402218202502847,0.0014129508648397689,0.1531606855831669,-0.0015150399786245938
2026-08-27,2026-09-18,0.06023271731690623,SPXW260918P07460000,2026-08-27T18:51:55+00:00,-68.08333333333333,put,reference-session last trade,7460.0,7741.608398158938,0.9959553475339589,20.5,20.8,25.59,192.0,3.0,306.0593900568667,-0.03705405517754245,0.15585725228291122,0.0014631420341189288,463.4492479049241,3.1068981283412995,0.006703858388780199,0.0013418703312225288,0.1492584912277764,-0.006598761055134822
2026-08-27,2026-09-18,0.06023271731690623,SPXW260918P07465000,2026-08-27T18:51:55+00:00,-68.08333333333333,put,reference-session last trade,7465.0,7741.608398158938,0.9959553475339589,20.8,21.1,26.05,131.0,7.0,301.5396133191969,-0.03638403840205821,0.15499927049790516,0.0014470774122037535,469.1049744936451,3.1068981283412995,0.006623033856536919,0.0013280440369118837,0.14848753918978974,-0.006511731308115415
2026-08-27,2026-09-18,0.06023271731690623,SPXW260918P07470000,2026-08-27T17:22:28+00:00,-157.53333333333333,put,reference-session last trade,7470.0,7741.608398158938,0.9959553475339589,21.4,21.8,22.41,183.0,3.0,292.91983658152714,-0.03571447024848596,0.14524538387699967,0.001270682748327704,448.84730561969207,3.1068981283412995,0.006921948933283275,0.0013143479114198827,0.1477198784318285,0.0024744945548288155
2026-08-27,2026-09-18,0.06023271731690623,SPX260918P07475000,2026-08-27T19:59:00+00:00,-1.0,put,reference-session last trade,7475.0,7741.608398158938,0.9959553475339589,20.4,21.1,23.45,12033.0,291.0,288.9800598438573,-0.03504535011646176,0.1457234521372766,0.0012790612979102348,458.89087702020487,3.1068981283412995,0.0067704508499185165,0.0013007820459765493,0.14695556568583062,0.0012321135485540147
2026-08-27,2026-09-18,0.06023271731690623,SPX260918P07485000,2026-08-27T19:49:05+00:00,-10.916666666666666,put,reference-session last trade,7485.0,7741.608398158938,0.9959553475339589,21.7,22.2,24.7,4261.0,13.0,280.2705063685177,-0.03370845152162017,0.14473154093747712,0.0012617079171170582,473.0992861224665,3.1068981283412995,0.00656711650065151,0.0012740414400183135,0.14543721481461105,0.0007056738771339388
2026-08-27,2026-09-18,0.06023271731690623,SPX260918P07505000,2026-08-27T16:45:29+00:00,-194.51666666666668,put,reference-session last trade,7505.0,7741.608398158938,0.9959553475339589,23.7,24.3,26.36,3095.0,50.0,262.01139941783856,-0.031040004307786622,0.14066332528186376,0.0011917748494065191,496.0680716091476,3.1068981283412995,0.00626304796892719,0.0012221269124651248,0.14244326698052726,0.0017799416986634953
2026-08-27,2026-09-18,0.06023271731690623,SPX260918P07510000,2026-08-27T19:15:17+00:00,-44.71666666666667,put,reference-session last trade,7510.0,7741.608398158938,0.9959553475339589,23.9,24.5,29.2,5970.0,36.0,259.87162268016874,-0.030374003617168507,0.1443626583198179,0.0012552845902193532,514.8013973749119,3.1068981283412995,0.00603513926765559,0.0012094750799532417,0.1417040406418381,-0.0026586176779797854
2026-08-27,2026-09-18,0.06023271731690623,SPX260918P07530000,2026-08-27T17:23:40+00:00,-156.33333333333334,put,reference-session last trade,7530.0,7741.608398158938,0.9959553475339589,26.1,26.7,29.0,8930.0,231.0,239.75251572948957,-0.027714427581409722,0.13617055721667057,0.0011168603815451558,527.8149362356475,3.1068981283412995,0.005886339917736239,0.0011601766917773444,0.13878605783259534,0.0026155006159247762
2026-08-27,2026-09-18,0.06023271731690623,SPXW260918P07560000,2026-08-27T17:40:01+00:00,-139.98333333333332,put,reference-session last trade,7560.0,7741.608398158938,0.9959553475339589,31.5,31.9,35.5,192.0,50.0,216.3738553034708,-0.023738279201770206,0.1357425458362577,0.0011098503833056469,578.668622640051,3.1068981283412995,0.005369045437726943,0.00109016055313731,0.13453305474752333,-0.0012094910887343602
2026-08-27,2026-09-18,0.06023271731690623,SPXW260918P07605000,2026-08-27T16:45:33+00:00,-194.45,put,reference-session last trade,7605.0,7741.608398158938,0.9959553475339589,38.9,39.3,42.51,339.0,30.0,178.56586466444264,-0.01780354368195574,0.12766316205588038,0.000981665776356828,636.5965313324783,3.1068981283412995,0.0048804823391641215,0.0009939905737057601,0.12846206674735275,0.0007989046914723685
2026-08-27,2026-09-18,0.06023271731690623,SPX260918P07640000,2026-08-27T14:04:01+00:00,-355.98333333333335,put,reference-session last trade,7640.0,7741.608398158938,0.9959553475339589,45.3,46.0,47.15,6125.0,8.0,148.3474275007541,-0.013211866214782795,0.11830319619850649,0.0008429958030861357,676.1132925806177,3.1068981283412995,0.004595233021499637,0.000926533458980909,0.1240264535369145,0.0057232573384080054
2026-08-27,2026-09-18,0.06023271731690623,SPX260918P07685000,2026-08-27T19:11:32+00:00,-48.46666666666667,put,reference-session last trade,7685.0,7741.608398158938,0.9959553475339589,57.0,57.7,66.89,6226.0,8.0,123.26943686172595,-0.007339092402652704,0.12279164538308054,0.0009081761529622245,730.0889694814532,3.1068981283412995,0.004255506189263452,0.0008492148714042691,0.11873877588685809,-0.004052869496222453
2026-08-27,2026-09-18,0.06023271731690623,SPXW260918P07705000,2026-08-27T19:41:42+00:00,-18.3,put,reference-session last trade,7705.0,7741.608398158938,0.9959553475339589,65.4,66.0,64.71,378.0,12.0,101.17032991104676,-0.004740000621132863,0.10841503880127078,0.0007079645558992006,741.2050582334065,3.1068981283412995,0.0041916850051540435,0.0008182359845425938,0.116552893446043,0.008137854644772222
2026-08-27,2026-09-18,0.06023271731690623,SPX260918C07765000,2026-08-27T20:01:15+00:00,1.25,call,reference-session last trade,7765.0,7741.608398158938,0.9959553475339589,72.7,73.5,72.0,8334.0,26.0,72.0,0.003016987207438534,0.10995514874351488,0.0007282216678291214,751.2747362317606,3.1068981283412995,0.004135501938911004,0.0007377033529997416,0.11066865978372221,0.0007135110402073375
2026-08-27,2026-09-18,0.06023271731690623,SPXW260918C07805000,2026-08-27T19:09:31+00:00,-50.483333333333334,call,reference-session last trade,7805.0,7741.608398158938,0.9959553475339589,53.6,54.2,51.18,131.0,44.0,51.18,0.008155084574183433,0.10389965749312098,0.0006502205453747644,720.149749439073,3.1068981283412995,0.004314238990933862,0.0006942515473865579,0.10735992516317594,0.003460267670054959
2026-08-27,2026-09-18,0.06023271731690623,SPXW260918C07830000,2026-08-27T17:40:01+00:00,-139.98333333333332,call,reference-session last trade,7830.0,7741.608398158938,0.9959553475339589,44.0,44.6,49.1,326.0,10.0,49.1,0.011353040609499859,0.11334126716645726,0.0007737641137406197,698.4717373024333,3.1068981283412995,0.004448137215029554,0.0006712014376235344,0.10556263222543975,-0.0077786349410175065
2026-08-27,2026-09-18,0.06023271731690623,SPX260918C07835000,2026-08-27T19:11:32+00:00,-48.46666666666667,call,reference-session last trade,7835.0,7741.608398158938,0.9959553475339589,39.8,40.6,38.31,1729.0,10.0,38.31,0.01199140641477229,0.09997573722637641,0.0006020349260699911,673.9128838988595,3.1068981283412995,0.004610237024059599,0.0006669674863572384,0.10522915997349035,0.005253422747113934
2026-08-27,2026-09-18,0.06023271731690623,SPX260918C07880000,2026-08-27T17:46:49+00:00,-133.18333333333334,call,reference-session last trade,7880.0,7741.608398158938,0.9959553475339589,26.3,27.0,30.09,561.0,109.0,30.09,0.01771843447657582,0.10639688626801591,0.0006818522736910075,604.961155879964,3.1068981283412995,0.005135698545507553,0.0006344482126010176,0.10263177995598052,-0.003765106312035388
2026-08-27,2026-09-18,0.06023271731690623,SPX260918C07885000,2026-08-27T17:04:35+00:00,-175.41666666666666,call,reference-session last trade,7885.0,7741.608398158938,0.9959553475339589,24.7,25.4,29.2,446.0,100.0,29.2,0.018352751021789782,0.10691573189770646,0.0006885186091687596,596.5086556362858,3.1068981283412995,0.005208471157936884,0.0006314508905804865,0.10238906142404318,-0.004526670473663286
2026-08-27,2026-09-18,0.06023271731690623,SPX260918C07895000,2026-08-27T20:01:21+00:00,1.35,call,reference-session last trade,7895.0,7741.608398158938,0.9959553475339589,22.2,22.9,23.5,254.0,78.0,23.5,0.01962017831439352,0.10091373861990145,0.0006133848545637437,556.9883164714779,3.1068981283412995,0.005578031058215916,0.0006258225264051762,0.10193172353222314,0.00101798491232169
2026-08-27,2026-09-18,0.06023271731690623,SPX260918C07905000,2026-08-27T19:50:40+00:00,-9.333333333333334,call,reference-session last trade,7905.0,7741.608398158938,0.9959553475339589,20.5,21.2,20.04,293.0,6.0,20.04,0.02088600126822348,0.0982013774479675,0.0005808548438574127,523.9893297293258,3.1068981283412995,0.005929315640733013,0.000620680622144848,0.10151211240724961,0.003310734959282108
2026-08-27,2026-09-18,0.06023271731690623,SPX260918C07910000,2026-08-27T19:49:52+00:00,-10.133333333333333,call,reference-session last trade,7910.0,7741.608398158938,0.9959553475339589,19.1,19.7,17.86,1500.0,1.0,17.86,0.02151831238635066,0.09573089008967577,0.0005519969143927578,501.6351719284489,3.1068981283412995,0.0061935412471126605,0.0006182913606721623,0.101316542552516,0.005585652462840235
2026-08-27,2026-09-18,0.06023271731690623,SPXW260918C07935000,2026-08-27T14:50:40+00:00,-309.3333333333333,call,reference-session last trade,7935.0,7741.608398158938,0.9959553475339589,15.4,15.9,15.25,26.0,2.0,15.25,0.02467388458516041,0.09880321321684957,0.000587996300406388,455.4000117368543,3.1068981283412995,0.006822349688775527,0.0006081498769325913,0.10048218805286949,0.0016789748360199197
2026-08-27,2026-09-18,0.06023271731690623,SPXW260918C07945000,2026-08-27T18:14:00+00:00,-106.0,call,reference-session last trade,7945.0,7741.608398158938,0.9959553475339589,13.4,13.7,13.99,45.0,3.0,13.99,0.025933330595467347,0.09924240113418958,0.0005932352964362674,433.8319362084823,3.1068981283412995,0.007161524703539226,0.0006049297257316611,0.10021580857046122,0.0009734074362716394
2026-08-27,2026-09-18,0.06023271731690623,SPXW260918C07955000,2026-08-27T14:45:08+00:00,-314.8666666666667,call,reference-session last trade,7955.0,7741.608398158938,0.9959553475339589,12.0,12.4,11.24,110.0,4.0,11.24,0.027191192396538267,0.09574093684727983,0.0005521127823263139,391.72338848235825,3.1068981283412995,0.007931357227298218,0.0006021837010617755,0.09998808947542737,0.004247152628147538
2026-08-27,2026-09-18,0.06023271731690623,SPXW260918C07985000,2026-08-27T16:39:47+00:00,-200.21666666666667,call,reference-session last trade,7985.0,7741.608398158938,0.9959553475339589,8.0,8.4,9.72,62.0,18.0,9.72,0.030955312273763923,0.10064951684262056,0.0006101770165485699,349.6026651863862,3.1068981283412995,0.008886940626396243,0.0005967637610714855,0.0995371022034589,-0.0011124146391616602
2026-08-27,2026-09-18,0.06023271731690623,SPXW260918C07990000,2026-08-27T17:30:18+00:00,-149.7,call,reference-session last trade,7990.0,7741.608398158938,0.9959553475339589,8.0,8.3,10.36,275.0,14.0,10.36,0.03158129038497148,0.10393223117447335,0.0006506283118190055,356.32384928487073,3.1068981283412995,0.008719310073060597,0.0005962678267967363,0.09949573397376207,-0.0044364972007112785
2026-08-27,2026-09-18,0.06023271731690623,SPXW260918C08005000,2026-08-27T17:40:01+00:00,-139.98333333333332,call,reference-session last trade,8005.0,7741.608398158938,0.9959553475339589,6.5,6.8,8.9,127.0,41.0,8.9,0.033456877055466024,0.10398995463347611,0.0006513512241554915,325.05313138639553,3.1068981283412995,0.00955812397527124,0.0005954713811279471,0.0994292626482362,-0.004560691985239909
2026-08-27,2026-09-18,0.06023271731690623,SPXW260918C08010000,2026-08-27T18:56:12+00:00,-63.8,call,reference-session last trade,8010.0,7741.608398158938,0.9959553475339589,5.9,6.2,6.1,407.0,102.0,6.1,0.034081291687055884,0.09596210028126266,0.0005546665111255426,269.4864989504695,3.1068981283412995,0.011528956517084495,0.000595435153290089,0.09942623801757512,0.0034641377363124615
2026-08-27,2026-09-18,0.06023271731690623,SPX260918C08015000,2026-08-27T16:52:16+00:00,-187.73333333333332,call,reference-session last trade,8015.0,7741.608398158938,0.9959553475339589,5.4,5.8,6.87,319.0,1.0,6.87,0.03470531666830432,0.10009410045452707,0.0006034612917388667,283.1344844065124,3.1068981283412995,0.010973224031165867,0.0005955129460525604,0.09943273275429101,-0.0006613677002360596
2026-08-27,2026-09-18,0.06023271731690623,SPXW260918C08020000,2026-08-27T19:41:29+00:00,-18.516666666666666,call,reference-session last trade,8020.0,7741.608398158938,0.9959553475339589,5.3,5.6,5.72,251.0,124.0,5.72,0.03532895248521119,0.09716674133478306,0.0005686797088998057,256.4156835499527,3.1068981283412995,0.012116646241477036,0.0005957043913049978,0.09944871426659857,0.002281972931815507
2026-08-27,2026-09-18,0.06023271731690623,SPX260918C08045000,2026-08-27T15:55:38+00:00,-244.36666666666667,call,reference-session last trade,8045.0,7741.608398158938,0.9959553475339589,3.7,3.9,4.26,328.0,250.0,4.26,0.038441311051134665,0.09728847501832119,0.0005701055227120907,210.55241865709723,3.1068981283412995,0.014755936541394716,0.0005983533299092816,0.09966957996513122,0.002381104946810028
2026-08-27,2026-09-18,0.06023271731690623,SPX260918C08080000,2026-08-27T17:08:38+00:00,-171.36666666666667,call,reference-session last trade,8080.0,7741.608398158938,0.9959553475339589,2.5,2.7,3.55,1444.0,1.0,3.55,0.042782403139792036,0.10212639675729217,0.0006282152501623896,179.6738468981727,3.1068981283412995,0.017291877376578266,0.0006067290023029949,0.10036473667469269,-0.001761660082599481
2026-08-27,2026-09-18,0.06023271731690623,SPXW260918C08110000,2026-08-27T19:46:48+00:00,-13.2,call,reference-session last trade,8110.0,7741.608398158938,0.9959553475339589,1.95,2.15,2.25,352.0,123.0,2.25,0.04648839873410967,0.10059089392788724,0.0006094664331462072,131.20604055928925,3.1068981283412995,0.02367953575229913,0.0006181497543593147,0.10130493970271137,0.0007140457748241319
2026-08-27,2026-09-18,0.06023271731690623,SPX260918C08125000,2026-08-27T17:08:08+00:00,-171.86666666666667,call,reference-session last trade,8125.0,7741.608398158938,0.9959553475339589,1.5,1.8,2.22,3703.0,4.0,2.22,0.048336258822589344,0.1036484557291536,0.0006470802251905349,127.14843954688794,3.1068981283412995,0.02443520454842533,0.0006252991933609117,0.10188909531604204,-0.0017593604131115603
2026-08-27,2026-09-18,0.06023271731690623,SPX260918C08240000,2026-08-27T20:05:50+00:00,5.833333333333333,call,reference-session last trade,8240.0,7741.608398158938,0.9959553475339589,0.6,0.85,0.85,193.0,4.0,0.85,0.06239087452816842,0.11158659397570342,0.0007499917727916955,58.12500599410373,3.1068981283412995,0.05345200529796878,0.0007106374627925665,0.10861950546517561,-0.002967088510527807
2026-08-27,2026-09-18,0.06023271731690623,SPX260918C08250000,2026-08-27T16:37:06+00:00,-202.9,call,reference-session last trade,8250.0,7741.608398158938,0.9959553475339589,0.65,0.8,0.77,11748.0,4.0,0.77,0.06360373095337774,0.11201916018271019,0.0007558177397861,53.63027718585466,3.1068981283412995,0.05793179322147461,0.0007205093449898295,0.10937135204462722,-0.0026478081380829632
2026-08-27,2026-09-18,0.06023271731690623,SPX260918C08260000,2026-08-27T14:11:37+00:00,-348.3833333333333,call,reference-session last trade,8260.0,7741.608398158938,0.9959553475339589,0.55,0.8,0.72,119.0,1.0,0.72,0.06481511813967485,0.11290248633570328,0.0007677847262347451,50.55806874553039,3.1068981283412995,0.06145207294168977,0.000730757535892022,0.11014642939464328,-0.0027560569410600005
2026-08-27,2026-09-18,0.06023271731690623,SPXW260918C08275000,2026-08-27T19:54:50+00:00,-5.166666666666667,call,reference-session last trade,8275.0,7741.608398158938,0.9959553475339589,0.65,0.75,0.77,143.0,6.0,0.77,0.06662945186991479,0.11663182188426635,0.0008193445620067107,51.96903400089511,3.1068981283412995,0.05978364208747437,0.000746827591956413,0.11135095581948419,-0.005280866064782161
2026-08-27,2026-09-18,0.06023271731690623,SPXW260918C08280000,2026-08-27T15:30:04+00:00,-269.93333333333334,call,reference-session last trade,8280.0,7741.608398158938,0.9959553475339589,0.6,0.75,0.78,69.0,20.0,0.78,0.06723349900395653,0.11774270265444674,0.0008350268819280386,52.112801297135604,3.1068981283412995,0.05961871269645355,0.000752368560924482,0.11176326784724021,-0.0059794348072065295
2026-08-27,2026-09-18,0.06023271731690623,SPXW260918C08300000,2026-08-27T18:09:43+00:00,-110.28333333333333,call,reference-session last trade,8300.0,7741.608398158938,0.9959553475339589,0.55,0.7,0.76,633.0,45.0,0.76,0.06964604540934029,0.12100905693767323,0.0008819992359775248,49.97669451176381,3.1068981283412995,0.062166939184222746,0.0007754419113860517,0.11346408284998774,-0.007544974087685494
2026-08-27,2026-09-18,0.06023271731690623,SPXW260918C08340000,2026-08-27T17:10:14+00:00,-169.76666666666668,call,reference-session last trade,8340.0,7741.608398158938,0.9959553475339589,0.45,0.6,0.75,57.0,5.0,0.75,0.07445374697744356,0.12803982575758766,0.00098746703233603,47.31600055029617,3.1068981283412995,0.06566273759843069,0.0008258607848888929,0.11709468811814187,-0.010945137639445782
2026-08-27,2026-09-18,0.06023271731690623,SPX260918C08350000,2026-08-27T15:31:43+00:00,-268.28333333333336,call,reference-session last trade,8350.0,7741.608398158938,0.9959553475339589,0.4,0.55,0.57,3405.0,1.0,0.57,0.07565206946955232,0.12561298451701805,0.0009503892713045792,38.60243319620585,3.1068981283412995,0.08048451538144673,0.0008393345990811586,0.11804601612668472,-0.0075669683903333285
2026-08-27,2026-09-18,0.06023271731690623,SPXW260918C08360000,2026-08-27T15:31:22+00:00,-268.6333333333333,call,reference-session last trade,8360.0,7741.608398158938,0.9959553475339589,0.4,0.6,0.58,88.0,2.0,0.58,0.07684895770339828,0.1276167943183793,0.0009809528164988078,38.65546300288372,3.1068981283412995,0.08037410205407508,0.0008531488780179168,0.11901348810038376,-0.008603306217995543
2026-08-27,2026-09-18,0.06023271731690623,SPX260918C08375000,2026-08-27T15:13:23+00:00,-286.6166666666667,call,reference-session last trade,8375.0,7741.608398158938,0.9959553475339589,0.35,0.5,0.49,1373.0,80.0,0.49,0.0786416083179182,0.12771776796833034,0.0009825057401940313,33.73346579033397,3.1068981283412995,0.09210136152780228,0.0008745008367515589,0.12049357406923236,-0.00722419389909798
2026-08-27,2026-09-18,0.06023271731690623,SPX260918C08380000,2026-08-27T15:56:16+00:00,-243.73333333333332,call,reference-session last trade,8380.0,7741.608398158938,0.9959553475339589,0.35,0.5,0.53,156.0,70.0,0.53,0.07923844510077975,0.1297310320851168,0.0010137251063357462,35.489441250686994,3.1068981283412995,0.08754429539747001,0.0008817845131768656,0.12099432620766866,-0.00873670587744814
2026-08-27,2026-09-18,0.06023271731690623,SPX260918C08390000,2026-08-27T19:09:00+00:00,-51.0,call,reference-session last trade,8390.0,7741.608398158938,0.9959553475339589,0.3,0.45,0.45,303.0,60.0,0.45,0.08043105108590293,0.12903580142719048,0.0010028890817222762,31.23173652215173,3.1068981283412995,0.09947887867642807,0.0008965987253120727,0.12200646115905549,-0.007029340268134995
2026-08-27,2026-09-18,0.06023271731690623,SPXW260918C08400000,2026-08-27T18:09:43+00:00,-110.28333333333333,call,reference-session last trade,8400.0,7741.608398158938,0.9959553475339589,0.35,0.5,0.54,750.0,39.0,0.54,0.08162223645605607,0.13344750258613264,0.0010726384416768495,35.225337077729684,3.1068981283412995,0.08820066424021691,0.0009117391161173362,0.12303227813018254,-0.010415224455950098
2026-08-27,2026-09-18,0.06023271731690623,SPXW260918C08410000,2026-08-27T17:34:44+00:00,-145.26666666666668,call,reference-session last trade,8410.0,7741.608398158938,0.9959553475339589,0.35,0.5,0.6,11.0,3.0,0.6,0.08281200459164485,0.1368155396780286,0.0011274656310543045,37.585204286729514,3.1068981283412995,0.08266279743059092,0.0009272021326081382,0.12407120003799917,-0.012744339640029426
2026-08-27,2026-09-18,0.06023271731690623,SPXW260918C08420000,2026-08-27T15:29:34+00:00,-270.43333333333334,call,reference-session last trade,8420.0,7741.608398158938,0.9959553475339589,0.3,0.5,0.47,30.0,1.0,0.47,0.08400035886102356,0.134736315898278,0.0010934572103504239,31.248637918788884,3.1068981283412995,0.09942507370771554,0.0009429842312089105,0.12512266534904032,-0.009613650549237684
2026-08-27,2026-09-18,0.06023271731690623,SPX260918C08460000,2026-08-27T16:33:46+00:00,-206.23333333333332,call,reference-session last trade,8460.0,7741.608398158938,0.9959553475339589,0.2,0.45,0.42,252.0,46.0,0.42,0.08873970422492002,0.1397039792194908,0.0011755740994242798,27.702199601257316,3.1068981283412995,0.11215348142247474,0.001009232956615029,0.12944327248286996,-0.010260706736620828
2026-08-27,2026-09-18,0.06023271731690623,SPX260918C08675000,2026-08-27T17:13:13+00:00,-166.78333333333333,call,reference-session last trade,8675.0,7741.608398158938,0.9959553475339589,0.05,0.25,0.25,347.0,1.0,0.25,0.113835856439711,0.1654965318282324,0.0016497200411712775,15.733618536975712,3.1068981283412995,0.1974687590804208,0.0014425775383141472,0.15475808774125246,-0.010738444086979937
2026-08-27,2026-11-20,0.2327173169062286,SPX261120P05500000,2026-08-27T17:45:42+00:00,-134.3,put,reference-session last trade,5500.0,7784.875446624804,0.9999999999999999,8.6,9.1,8.56,9700.0,1.0,2293.4354466248033,-0.34743471377051904,0.3536123307173027,0.029099364372354438,157.67941674060665,8.384553375196333,0.05317468537437256,0.028820172038786437,0.35191188464572054,-0.0017004460715821512
2026-08-27,2026-11-20,0.2327173169062286,SPX261120P05550000,2026-08-27T20:10:00+00:00,10.0,put,reference-session last trade,5550.0,7784.875446624804,0.9999999999999999,9.0,9.3,9.3,1054.0,83.0,2244.1754466248035,-0.3383848782506011,0.35004115094768257,0.028514575291789607,169.26345380919133,8.384553375196333,0.04953552102657754,0.028008092387448044,0.3469184637976344,-0.0031226871500481534
2026-08-27,2026-11-20,0.2327173169062286,SPX261120P05625000,2026-08-27T19:36:53+00:00,-23.116666666666667,put,reference-session last trade,5625.0,7784.875446624804,0.9999999999999999,9.8,10.1,9.8,678.0,5.0,2169.6754466248035,-0.32496185791846033,0.3407620491821543,0.027022849565611993,179.87631820313214,8.384553375196333,0.04661288077804527,0.026810288311665258,0.33941918913197683,-0.0013428600501774746
2026-08-27,2026-11-20,0.2327173169062286,SPX261120P05675000,2026-08-27T19:54:59+00:00,-5.016666666666667,put,reference-session last trade,5675.0,7784.875446624804,0.9999999999999999,10.2,10.6,10.2,265.0,1.0,2120.075446624803,-0.31611224264147775,0.3348635853839818,0.026095435371330043,187.93043464975412,8.384553375196333,0.04461519705854255,0.026025274426207064,0.3344131204183045,-0.00045046496567729966
2026-08-27,2026-11-20,0.2327173169062286,SPX261120P05700000,2026-08-27T19:58:12+00:00,-1.8,put,reference-session last trade,5700.0,7784.875446624804,0.9999999999999999,10.6,10.9,10.5,2699.0,3.0,2095.3754466248033,-0.3117166311684398,0.33240367380131497,0.02571344887149058,193.16346820575114,8.384553375196333,0.04340651704526962,0.025636822516048617,0.331908020993534,-0.0004956528077809663
2026-08-27,2026-11-20,0.2327173169062286,SPX261120P05725000,2026-08-27T20:10:11+00:00,10.183333333333334,put,reference-session last trade,5725.0,7784.875446624804,0.9999999999999999,10.8,11.2,11.0,371.0,15.0,2070.8754466248033,-0.3073402565686409,0.33090219363396456,0.025481676246133962,200.68342514561533,8.384553375196333,0.041779999365231704,0.025251074784015372,0.32940150835151666,-0.0015006852824479
2026-08-27,2026-11-20,0.2327173169062286,SPX261120P05775000,2026-08-27T19:54:59+00:00,-5.016666666666667,put,reference-session last trade,5775.0,7784.875446624804,0.9999999999999999,11.3,11.6,11.3,437.0,1.0,2021.1754466248035,-0.298644549601087,0.32428981807655827,0.02447345741051558,207.99286944480355,8.384553375196333,0.04031173471272003,0.02448769836199622,0.32438415546130267,9.43373847444029e-05
2026-08-27,2026-11-20,0.2327173169062286,SPX261120P05850000,2026-08-27T14:04:04+00:00,-355.93333333333334,put,reference-session last trade,5850.0,7784.875446624804,0.9999999999999999,12.3,12.7,12.91,813.0,1.0,1947.7854466248036,-0.28574114476517903,0.3194574232676671,0.023749510879861678,232.1199331662511,8.384553375196333,0.03612164306971031,0.023362973749427238,0.31684708061439093,-0.002610342653276143
2026-08-27,2026-11-20,0.2327173169062286,SPX261120P05975000,2026-08-27T19:50:15+00:00,-9.75,put,reference-session last trade,5975.0,7784.875446624804,0.9999999999999999,14.0,14.4,14.05,449.0,2.0,1823.9254466248035,-0.2645987081913698,0.3038175953338631,0.021481002477558752,256.57283814334016,8.384553375196333,0.03267903740657113,0.021542990455155904,0.3042556445171356,0.0004380491832725042
2026-08-27,2026-11-20,0.2327173169062286,SPX261120P06000000,2026-08-27T19:49:13+00:00,-10.783333333333333,put,reference-session last trade,6000.0,7784.875446624804,0.9999999999999999,14.2,14.6,14.3,15858.0,16.0,1799.1754466248035,-0.2604233367808892,0.3007262223572103,0.02104608396748872,261.89879434499267,8.384553375196333,0.032014478707953015,0.021187238246159798,0.3017330095496361,0.0010067871924258065
2026-08-27,2026-11-20,0.2327173169062286,SPX261120P06025000,2026-08-27T19:56:06+00:00,-3.9,put,reference-session last trade,6025.0,7784.875446624804,0.9999999999999999,14.8,15.2,14.7,277.0,1.0,1774.5754466248036,-0.2562653266322255,0.29817606914045575,0.02069065653027947,268.89490765490046,8.384553375196333,0.031181525333893876,0.0208342542798797,0.2992089841315138,0.0010329149910580648
2026-08-27,2026-11-20,0.2327173169062286,SPXW261120P06100000,2026-08-27T17:10:20+00:00,-169.66666666666666,put,reference-session last trade,6100.0,7784.875446624804,0.9999999999999999,16.1,16.5,16.14,802.0,1.0,1701.0154466248036,-0.2438940348296787,0.29109524693240524,0.01971963760948454,292.7654695984544,8.384553375196333,0.028639147187324573,0.019792017032189274,0.2916289790532027,0.0005337321207974366
2026-08-27,2026-11-20,0.2327173169062286,SPX261120P06125000,2026-08-27T19:58:12+00:00,-1.8,put,reference-session last trade,6125.0,7784.875446624804,0.9999999999999999,16.4,16.9,16.4,1074.0,36.0,1676.2754466248036,-0.23980404957815357,0.28789351653130785,0.01928823417704259,298.5746670823453,8.384553375196333,0.028081931588937913,0.019450215132577532,0.2890998418453175,0.0012063253140096597
2026-08-27,2026-11-20,0.2327173169062286,SPXW261120P06200000,2026-08-27T19:59:30+00:00,-0.5,put,reference-session last trade,6200.0,7784.875446624804,0.9999999999999999,18.0,18.3,18.2,199.0,24.0,1603.0754466248036,-0.22763351395789833,0.2813621357060396,0.018422985269734224,326.8823062274505,8.384553375196333,0.025650067976950127,0.018441826842593538,0.2815059764125233,0.00014384070648371106
2026-08-27,2026-11-20,0.2327173169062286,SPXW261120P06250000,2026-08-27T19:59:30+00:00,-0.5,put,reference-session last trade,6250.0,7784.875446624804,0.9999999999999999,19.1,19.5,19.3,128.0,15.0,1554.1754466248035,-0.21960134226063402,0.27639295177118334,0.01777798883517304,345.05583919709306,8.384553375196333,0.024299120382098926,0.017783900043596056,0.2764388984913294,4.594672014607282e-05
2026-08-27,2026-11-20,0.2327173169062286,SPX261120P06325000,2026-08-27T14:35:46+00:00,-324.23333333333335,put,reference-session last trade,6325.0,7784.875446624804,0.9999999999999999,20.4,20.9,21.2,1000.0,6.0,1481.0754466248036,-0.2076727713953603,0.269229370634698,0.016868387655168307,375.2986948024848,8.384553375196333,0.022341013947860977,0.016818846537409803,0.268833727264947,-0.00039564336975100867
2026-08-27,2026-11-20,0.2327173169062286,SPX261120P06400000,2026-08-27T19:55:50+00:00,-4.166666666666667,put,reference-session last trade,6400.0,7784.875446624804,0.9999999999999999,22.4,22.9,22.3,4568.0,2.0,1407.1754466248035,-0.19588481564331803,0.2595668825268142,0.01567932143161824,398.82321955448054,8.384553375196333,0.021023232761027785,0.015880457941820636,0.2612264571604264,0.0016595746336122152
2026-08-27,2026-11-20,0.2327173169062286,SPX261120P06425000,2026-08-27T19:55:11+00:00,-4.816666666666666,put,reference-session last trade,6425.0,7784.875446624804,0.9999999999999999,22.9,23.4,22.9,1818.0,73.0,1382.7754466248036,-0.19198617522766068,0.25687364784187444,0.01535563595133542,409.0974644139771,8.384553375196333,0.02049524649879465,0.015573685609632624,0.2586910187148848,0.001817370873010371
2026-08-27,2026-11-20,0.2327173169062286,SPX261120P06500000,2026-08-27T19:55:32+00:00,-4.466666666666667,put,reference-session last trade,6500.0,7784.875446624804,0.9999999999999999,25.0,25.6,25.1,7503.0,433.0,1309.9754466248035,-0.18038062910735284,0.24942016903151967,0.014477442193498991,444.2176082570413,8.384553375196333,0.018874878481504744,0.014671764120354517,0.2510884972875333,0.0016683282560136237
2026-08-27,2026-11-20,0.2327173169062286,SPX261120P06525000,2026-08-27T19:55:48+00:00,-4.2,put,reference-session last trade,6525.0,7784.875446624804,0.9999999999999999,25.8,26.3,25.9,480.0,3.0,1285.7754466248036,-0.17654185280018714,0.24696321502264446,0.014193622214421022,456.7176739738905,8.384553375196333,0.0183582853324736,0.014377338017960603,0.24855636622090868,0.0015931511982642255
2026-08-27,2026-11-20,0.2327173169062286,SPX261120P06550000,2026-08-27T19:55:52+00:00,-4.133333333333334,put,reference-session last trade,6550.0,7784.875446624804,0.9999999999999999,26.6,27.1,26.7,1991.0,1.0,1261.5754466248036,-0.1727177563617837,0.24444260096874215,0.013905368211665749,469.31706548649055,8.384553375196333,0.017865434674754408,0.014086062393173887,0.24602568706412278,0.0015830860953806314
2026-08-27,2026-11-20,0.2327173169062286,SPXW261120P06670000,2026-08-27T18:03:20+00:00,-116.66666666666667,put,reference-session last trade,6670.0,7784.875446624804,0.9999999999999999,31.5,31.9,32.4,18.0,8.0,1147.2754466248036,-0.1545629460814119,0.23497136039779556,0.012848681499277786,546.4761845755357,8.384553375196333,0.015342943776605496,0.012732673075198429,0.23390819819941494,-0.0010631621983806239
2026-08-27,2026-11-20,0.2327173169062286,SPXW261120P06690000,2026-08-27T20:00:27+00:00,0.45,put,reference-session last trade,6690.0,7784.875446624804,0.9999999999999999,32.3,32.8,32.7,10.0,1.0,1127.5754466248036,-0.15156893186880713,0.23201487080422525,0.012527382678482173,554.3336341436951,8.384553375196333,0.015125463906133608,0.012514450877074647,0.23189508740583317,-0.00011978339839208152
2026-08-27,2026-11-20,0.2327173169062286,SPXW261120P06760000,2026-08-27T16:05:57+00:00,-234.05,put,reference-session last trade,6760.0,7784.875446624804,0.9999999999999999,35.1,35.5,36.25,26.0,10.0,1061.1254466248035,-0.14115991595407143,0.22579424388800262,0.011864636409859434,601.9917026625943,8.384553375196333,0.013928021496162924,0.011767629733520272,0.22486928909579973,-0.0009249547922028922
2026-08-27,2026-11-20,0.2327173169062286,SPX261120P06770000,2026-08-27T19:51:49+00:00,-8.183333333333334,put,reference-session last trade,6770.0,7784.875446624804,0.9999999999999999,35.0,35.6,35.6,236.0,1.0,1050.4754466248037,-0.13968171908476057,0.2229347339807226,0.011566026358055365,600.2142135319554,8.384553375196333,0.013969268281498203,0.011663121718615969,0.22386853305204882,0.0009337990713262079
2026-08-27,2026-11-20,0.2327173169062286,SPX261120P06775000,2026-08-27T19:16:05+00:00,-43.916666666666664,put,reference-session last trade,6775.0,7784.875446624804,0.9999999999999999,35.4,36.1,36.57,1956.0,43.0,1046.4454466248037,-0.13894343924317962,0.2236493144518276,0.011640291164012755,609.0275875041585,8.384553375196333,0.013767115886419648,0.011611074385673258,0.22336846160461782,-0.00028085284720977266
2026-08-27,2026-11-20,0.2327173169062286,SPX261120P06825000,2026-08-27T19:58:41+00:00,-1.3166666666666667,put,reference-session last trade,6825.0,7784.875446624804,0.9999999999999999,37.9,38.4,38.0,1987.0,255.0,997.8754466248037,-0.13159046493792076,0.2169997460191397,0.010958400083919361,635.7389239945469,8.384553375196333,0.01318867393318244,0.011098243013933405,0.21837995116011955,0.0013802051409798344
2026-08-27,2026-11-20,0.2327173169062286,SPXW261120P06830000,2026-08-27T16:51:33+00:00,-188.45,put,reference-session last trade,6830.0,7784.875446624804,0.9999999999999999,38.8,39.3,39.25,9.0,8.0,994.1254466248037,-0.1308581324262455,0.21804917432677803,0.011064647792170071,646.3963651210345,8.384553375196333,0.012971226058219506,0.011047730026477383,0.2178824127602902,-0.00016676156648784413
2026-08-27,2026-11-20,0.2327173169062286,SPXW261120P06875000,2026-08-27T19:57:23+00:00,-2.6166666666666667,put,reference-session last trade,6875.0,7784.875446624804,0.9999999999999999,41.0,41.4,41.5,97.0,1.0,951.3754466248037,-0.12429116245630915,0.21327803296053283,0.01058573345434278,677.8257286798826,8.384553375196333,0.012369777393262855,0.010599496584373749,0.21341663553447066,0.00013860257393782938
2026-08-27,2026-11-20,0.2327173169062286,SPX261120P06890000,2026-08-27T16:03:51+00:00,-236.15,put,reference-session last trade,6890.0,7784.875446624804,0.9999999999999999,41.3,41.8,42.4,475.0,14.0,937.2754466248036,-0.12211172098337701,0.21185097458693875,0.010444547602579166,689.414211092695,8.384553375196333,0.012161851671010868,0.010452660447398327,0.21193323666864966,8.226208171091542e-05
2026-08-27,2026-11-20,0.2327173169062286,SPXW261120P06925000,2026-08-27T19:57:26+00:00,-2.566666666666667,put,reference-session last trade,6925.0,7784.875446624804,0.9999999999999999,44.1,44.6,44.6,88.0,1.0,904.4754466248037,-0.11704475393554205,0.20853135839715645,0.010119788725453474,717.2189546957507,8.384553375196333,0.011690367802330489,0.010115111739268925,0.2084831651481996,-4.819324895685706e-05
2026-08-27,2026-11-20,0.2327173169062286,SPX261120P06950000,2026-08-27T19:57:57+00:00,-2.05,put,reference-session last trade,6950.0,7784.875446624804,0.9999999999999999,45.0,45.6,45.6,3761.0,5.0,880.4754466248037,-0.11344114643224347,0.20526903225846055,0.009805631557474655,733.54485825631,8.384553375196333,0.011430184917561868,0.009878392585892746,0.2060292067244301,0.0007601744659695431
2026-08-27,2026-11-20,0.2327173169062286,SPX261120P06970000,2026-08-27T19:51:49+00:00,-8.183333333333334,put,reference-session last trade,6970.0,7784.875446624804,0.9999999999999999,46.4,46.9,47.0,254.0,1.0,861.8754466248037,-0.11056758123651167,0.20342148500201993,0.009629912519195883,750.5421336502485,8.384553375196333,0.011171329362174786,0.009691676650869141,0.2040727925702278,0.0006513075682078873
2026-08-27,2026-11-20,0.2327173169062286,SPX261120P06980000,2026-08-27T15:25:02+00:00,-274.96666666666664,put,reference-session last trade,6980.0,7784.875446624804,0.9999999999999999,46.7,47.5,48.29,420.0,2.0,853.1654466248036,-0.10913388923466313,0.2032480618358852,0.009613499916231963,762.6608248398801,8.384553375196333,0.0109938167821281,0.009599211379857099,0.20309696196334126,-0.00015109987254394164
2026-08-27,2026-11-20,0.2327173169062286,SPX261120P06990000,2026-08-27T19:03:55+00:00,-56.083333333333336,put,reference-session last trade,6990.0,7784.875446624804,0.9999999999999999,47.5,48.0,50.1,961.0,1.0,844.9754466248037,-0.10770224976322526,0.2037074687653604,0.009657008324756121,777.736276901075,8.384553375196333,0.010780715294141815,0.00950734426334963,0.2021227784173725,-0.0015846903479878882
2026-08-27,2026-11-20,0.2327173169062286,SPX261120P07010000,2026-08-27T18:32:12+00:00,-87.8,put,reference-session last trade,7010.0,7784.875446624804,0.9999999999999999,49.0,49.6,52.08,762.0,1.0,826.9554466248037,-0.10484510496244552,0.20240943566818803,0.00953433065034557,797.8739321126175,8.384553375196333,0.010508619266449325,0.009325413558658324,0.20017954594636678,-0.0022298897218212543
2026-08-27,2026-11-20,0.2327173169062286,SPXW261120P07020000,2026-08-27T14:49:15+00:00,-310.75,put,reference-session last trade,7020.0,7784.875446624804,0.9999999999999999,50.6,51.1,52.9,195.0,2.0,817.7754466248036,-0.10341958797122441,0.20151408730882697,0.009450167905906394,806.9387695548112,8.384553375196333,0.010390569509780895,0.009235354497504579,0.19921059593285717,-0.0023034913759698017
2026-08-27,2026-11-20,0.2327173169062286,SPXW261120P07025000,2026-08-27T16:50:38+00:00,-189.36666666666667,put,reference-session last trade,7025.0,7784.875446624804,0.9999999999999999,51.0,51.5,51.8,60.0,4.0,811.6754466248036,-0.10270759078913472,0.19918889708788998,0.009233342700787548,802.9475942868044,8.384553375196333,0.010442217443398254,0.009190552528479298,0.19872680955425343,-0.00046208753363655153
2026-08-27,2026-11-20,0.2327173169062286,SPX261120P07040000,2026-08-27T19:35:19+00:00,-24.683333333333334,put,reference-session last trade,7040.0,7784.875446624804,0.9999999999999999,51.3,51.8,52.92,456.0,100.0,797.7954466248036,-0.10057463583899322,0.19769434029650265,0.009095303041062007,816.1021544051524,8.384553375196333,0.010273901778028926,0.00905706024975166,0.1972782822852857,-0.00041605801121694097
2026-08-27,2026-11-20,0.2327173169062286,SPXW261120P07075000,2026-08-27T16:34:24+00:00,-205.6,put,reference-session last trade,7075.0,7784.875446624804,0.9999999999999999,54.7,55.2,56.2,78.0,3.0,766.0754466248037,-0.09561536247964283,0.1948495252376641,0.008835424192345417,850.4417891586126,8.384553375196333,0.009859056177721016,0.008750943784314949,0.19391575542642328,-0.0009337698112408255
2026-08-27,2026-11-20,0.2327173169062286,SPXW261120P07090000,2026-08-27T17:12:41+00:00,-167.31666666666666,put,reference-session last trade,7090.0,7784.875446624804,0.9999999999999999,56.1,56.6,56.5,20.0,17.0,751.3754466248037,-0.09349746546490809,0.19226957568791944,0.00860299829566891,859.3225834641474,8.384553375196333,0.009757166326754815,0.008622068661006696,0.19248256081228565,0.00021298512436621064
2026-08-27,2026-11-20,0.2327173169062286,SPXW261120P07100000,2026-08-27T19:36:26+00:00,-23.566666666666666,put,reference-session last trade,7100.0,7784.875446624804,0.9999999999999999,56.9,57.4,58.5,4472.0,68.0,743.3754466248037,-0.09208802196167452,0.19261253917769272,0.008633717100946332,874.6302855520655,8.384553375196333,0.009586397262591946,0.00853693000117207,0.19152986813390072,-0.001082671043792005
2026-08-27,2026-11-20,0.2327173169062286,SPXW261120P07110000,2026-08-27T13:36:28+00:00,-383.53333333333336,put,reference-session last trade,7110.0,7784.875446624804,0.9999999999999999,57.4,57.9,65.15,19.0,1.0,740.0254466248036,-0.09068056219379467,0.19806335592184793,0.009129289258089231,911.5906293346832,8.384553375196333,0.009197717819144026,0.008452416376197711,0.1905794594637231,-0.0074838964581248335
2026-08-27,2026-11-20,0.2327173169062286,SPX261120P07130000,2026-08-27T15:01:44+00:00,-298.26666666666665,put,reference-session last trade,7130.0,7784.875446624804,0.9999999999999999,58.2,59.0,60.97,158.0,42.0,715.8454466248037,-0.08787157158273957,0.18944519540892804,0.008352103970978204,902.1770286986886,8.384553375196333,0.009293689717737901,0.0082852729519025,0.1886857314248277,-0.0007594639841003448
2026-08-27,2026-11-20,0.2327173169062286,SPX261120P07140000,2026-08-27T19:35:19+00:00,-24.683333333333334,put,reference-session last trade,7140.0,7784.875446624804,0.9999999999999999,59.4,60.1,61.74,321.0,51.0,706.6154466248037,-0.08647002965745117,0.1882969636770271,0.008251166201366055,911.1215153998627,8.384553375196333,0.00920245349657517,0.008202647478525274,0.18774253307095415,-0.0005544306060729642
2026-08-27,2026-11-20,0.2327173169062286,SPX261120P07170000,2026-08-27T19:52:01+00:00,-7.983333333333333,put,reference-session last trade,7170.0,7784.875446624804,0.9999999999999999,62.2,62.9,63.5,241.0,2.0,678.3754466248037,-0.0822771513974152,0.18417163231481143,0.007893582923224306,935.5263659915497,8.384553375196333,0.00896239131252028,0.007958581642134638,0.18492834684848572,0.0007567145336742909
2026-08-27,2026-11-20,0.2327173169062286,SPX261120P07190000,2026-08-27T19:52:02+00:00,-7.966666666666667,put,reference-session last trade,7190.0,7784.875446624804,0.9999999999999999,64.0,64.9,65.5,631.0,1.0,660.3754466248037,-0.07949163427598883,0.18222831756326027,0.007727881112565631,955.7374603915152,8.384553375196333,0.008772862551355499,0.007799067576936209,0.18306570445273435,0.0008373868894740732
2026-08-27,2026-11-20,0.2327173169062286,SPX261120P07210000,2026-08-27T19:52:01+00:00,-7.983333333333333,put,reference-session last trade,7210.0,7784.875446624804,0.9999999999999999,66.1,66.7,67.7,256.0,1.0,642.5754466248037,-0.07671385471208653,0.18040881008117549,0.007574329347479754,976.7650806528225,8.384553375196333,0.00858400196861307,0.00764212994116833,0.18121446381085501,0.0008056537296795285
2026-08-27,2026-11-20,0.2327173169062286,SPX261120P07220000,2026-08-27T19:08:22+00:00,-51.63333333333333,put,reference-session last trade,7220.0,7784.875446624804,0.9999999999999999,67.2,67.8,71.1,504.0,3.0,635.9754466248037,-0.0753278531042093,0.181784363707217,0.0076902728693147415,996.73286841459,8.384553375196333,0.008412036605688402,0.007564632327215848,0.18029328908314554,-0.00149107462407147
2026-08-27,2026-11-20,0.2327173169062286,SPX261120P07240000,2026-08-27T19:52:01+00:00,-7.983333333333333,put,reference-session last trade,7240.0,7784.875446624804,0.9999999999999999,69.4,70.1,71.1,749.0,5.0,615.9754466248037,-0.07256159961131925,0.17761358695580884,0.007341436914609819,1008.5228320415541,8.384553375196333,0.008313697130905276,0.0074115893809120256,0.17846017915945536,0.0008465922036465234
2026-08-27,2026-11-20,0.2327173169062286,SPX261120P07270000,2026-08-27T19:51:55+00:00,-8.083333333333334,put,reference-session last trade,7270.0,7784.875446624804,0.9999999999999999,73.3,74.0,74.8,230.0,9.0,589.6754466248036,-0.06842651446351625,0.17490657439770962,0.007119360247066475,1041.1655668222747,8.384553375196333,0.008053045204699478,0.007186934488317457,0.17573468711996607,0.0008281127222564411
2026-08-27,2026-11-20,0.2327173169062286,SPX261120P07275000,2026-08-27T15:36:33+00:00,-263.45,put,reference-session last trade,7275.0,7784.875446624804,0.9999999999999999,73.9,74.5,77.52,3786.0,111.0,587.3954466248038,-0.06773899295138794,0.1764369146820951,0.0072444865525411,1054.2291080078628,8.384553375196333,0.007953255427598949,0.007150067792102423,0.1752833759798321,-0.0011535387022630073
2026-08-27,2026-11-20,0.2327173169062286,SPX261120P07290000,2026-08-27T19:35:19+00:00,-24.683333333333334,put,reference-session last trade,7290.0,7784.875446624804,0.9999999999999999,75.2,75.9,78.64,534.0,100.0,573.5154466248038,-0.06567925998837744,0.17427242631149178,0.0070678293734757515,1067.571819861303,8.384553375196333,0.007853854156890015,0.007040459318540223,0.17393466542478855,-0.0003377608867032311
2026-08-27,2026-11-20,0.2327173169062286,SPX261120P07300000,2026-08-27T19:51:36+00:00,-8.4,put,reference-session last trade,7300.0,7784.875446624804,0.9999999999999999,76.6,77.3,79.0,8369.0,2.0,563.8754466248038,-0.06430845785459881,0.17245164997246434,0.006920913303625341,1075.1772627435744,8.384553375196333,0.00779829863012646,0.00696821556450909,0.17303997276851601,0.0005883227960516713
2026-08-27,2026-11-20,0.2327173169062286,SPX261120P07305000,2026-08-27T14:47:04+00:00,-312.93333333333334,put,reference-session last trade,7305.0,7784.875446624804,0.9999999999999999,77.0,77.8,82.49,491.0,213.0,562.3654466248037,-0.06362376080628135,0.17458964630610727,0.007093583273839257,1090.0823108522839,8.384553375196333,0.007691669969986805,0.006932342909531571,0.17259398966109507,-0.001995656645012195
2026-08-27,2026-11-20,0.2327173169062286,SPXW261120P07320000,2026-08-27T17:01:08+00:00,-178.86666666666667,put,reference-session last trade,7320.0,7784.875446624804,0.9999999999999999,80.1,80.5,81.73,15.0,4.0,546.6054466248037,-0.06157247803572403,0.1706193688052875,0.00677462660090007,1097.2853207871644,8.384553375196333,0.007641178840505648,0.006825724387240504,0.1712616104244372,0.0006422416191496916
2026-08-27,2026-11-20,0.2327173169062286,SPX261120P07335000,2026-08-27T19:58:13+00:00,-1.7833333333333334,put,reference-session last trade,7335.0,7784.875446624804,0.9999999999999999,81.4,82.0,83.1,2149.0,10.0,532.9754466248037,-0.05952539441399913,0.16856992060633164,0.006612852953659468,1111.5790362870243,8.384553375196333,0.007542921467107743,0.006720609390545527,0.16993779415167856,0.001367873545346926
2026-08-27,2026-11-20,0.2327173169062286,SPX261120P07390000,2026-08-27T19:51:52+00:00,-8.133333333333333,put,reference-session last trade,7390.0,7784.875446624804,0.9999999999999999,89.2,90.0,92.2,408.0,25.0,487.0754466248037,-0.05205507104883375,0.1641969242760681,0.006274205462139005,1175.3017784850435,8.384553375196333,0.007133957872508258,0.006348137040534279,0.16516149152572374,0.000964567249655629
2026-08-27,2026-11-20,0.2327173169062286,SPX261120P07400000,2026-08-27T17:12:21+00:00,-167.65,put,reference-session last trade,7400.0,7784.875446624804,0.9999999999999999,91.5,92.2,91.3,10624.0,1.0,476.1754466248037,-0.050702805798820125,0.16114737826731976,0.006043314413159765,1179.955014094552,8.384553375196333,0.007105824607754463,0.006282613818253261,0.1643069114266134,0.0031595331592936537
2026-08-27,2026-11-20,0.2327173169062286,SPX261120P07435000,2026-08-27T20:12:07+00:00,12.116666666666667,put,reference-session last trade,7435.0,7784.875446624804,0.9999999999999999,97.7,98.4,100.92,192.0,6.0,450.79544662480373,-0.04598422609682583,0.16100125712864377,0.006032359774798936,1227.8510953381672,8.384553375196333,0.006828640221139447,0.006058646261515794,0.16135166369359175,0.00035040656494797484
2026-08-27,2026-11-20,0.2327173169062286,SPX261120P07450000,2026-08-27T19:51:36+00:00,-8.4,put,reference-session last trade,7450.0,7784.875446624804,0.9999999999999999,100.0,100.8,103.1,4944.0,43.0,437.9754466248037,-0.04396877361747602,0.1592044972508895,0.005898469857131337,1243.188778949847,8.384553375196333,0.006744392739998006,0.005965223378080474,0.16010282867927295,0.000898331428383442
2026-08-27,2026-11-20,0.2327173169062286,SPXW261120P07470000,2026-08-27T20:00:27+00:00,0.45,put,reference-session last trade,7470.0,7784.875446624804,0.9999999999999999,104.8,105.4,107.8,11.0,6.0,422.6754466248037,-0.04128780686421831,0.15813643384070383,0.005819592594572759,1266.7402160272204,8.384553375196333,0.006618999909462226,0.005843060897480911,0.1584549664287618,0.0003185325880579737
2026-08-27,2026-11-20,0.2327173169062286,SPX261120P07475000,2026-08-27T19:37:33+00:00,-22.45,put,reference-session last trade,7475.0,7784.875446624804,0.9999999999999999,104.4,105.3,108.34,3178.0,202.0,418.2154466248037,-0.04061868673219403,0.1573464970791937,0.005761596747879207,1271.3387415394502,8.384553375196333,0.006595058501122658,0.005812949931454219,0.15804615716204568,0.0006996600828519661
2026-08-27,2026-11-20,0.2327173169062286,SPX261120P07495000,2026-08-27T19:39:48+00:00,-20.2,put,reference-session last trade,7495.0,7784.875446624804,0.9999999999999999,108.8,109.5,112.26,252.0,2.0,402.1354466248037,-0.03794667445438321,0.1554959686140546,0.0056268711340012574,1292.5915776953364,8.384553375196333,0.006486622317426681,0.005694228151156213,0.1564238898637781,0.0009279212497234901
2026-08-27,2026-11-20,0.2327173169062286,SPX261120P07505000,2026-08-27T15:06:04+00:00,-293.93333333333334,put,reference-session last trade,7505.0,7784.875446624804,0.9999999999999999,110.8,111.6,115.95,435.0,1.0,395.8254466248037,-0.03661334092351888,0.15584877870931652,0.005652434100316956,1305.6293274951408,8.384553375196333,0.00642184822187026,0.005635901993770927,0.15562070039323292,-0.0002280783160835964
2026-08-27,2026-11-20,0.2327173169062286,SPXW261120P07525000,2026-08-27T17:01:08+00:00,-178.86666666666667,put,reference-session last trade,7525.0,7784.875446624804,0.9999999999999999,116.5,117.1,117.96,31.0,2.0,377.8354466248037,-0.03395199537400481,0.15234259664649566,0.005400965568801462,1323.0131704325297,8.384553375196333,0.006337467806503536,0.005521322982299017,0.1540306775893806,0.0016880809428849453
2026-08-27,2026-11-20,0.2327173169062286,SPXW261120P07550000,2026-08-27T19:58:14+00:00,-1.7666666666666666,put,reference-session last trade,7550.0,7784.875446624804,0.9999999999999999,121.2,122.1,124.84,164.0,3.0,359.71544662480375,-0.03063524274801089,0.15107646143540465,0.005311562661154501,1349.7921342767659,8.384553375196333,0.006211736727662051,0.005381993427913021,0.15207479195314044,0.0009983305177357904
2026-08-27,2026-11-20,0.2327173169062286,SPX261120P07555000,2026-08-27T19:38:27+00:00,-21.55,put,reference-session last trade,7555.0,7784.875446624804,0.9999999999999999,122.2,123.0,126.17,96.0,1.0,356.04544662480373,-0.029973210284241353,0.15075837499404432,0.0052892195718598645,1354.868342125722,8.384553375196333,0.006188463568379921,0.005354647450945027,0.15168795296915508,0.0009295779751107569
2026-08-27,2026-11-20,0.2327173169062286,SPX261120P07635000,2026-08-27T17:56:40+00:00,-123.33333333333333,put,reference-session last trade,7635.0,7784.875446624804,0.9999999999999999,142.9,143.9,147.38,104.0,1.0,297.25544662480377,-0.019439867338348467,0.1442711023696057,0.004843813369500358,1426.1008931362596,8.384553375196333,0.005879354970991673,0.0049407269001805285,0.1457072205522769,0.0014361181826711977
2026-08-27,2026-11-20,0.2327173169062286,SPXW261120P07640000,2026-08-27T18:19:39+00:00,-100.35,put,reference-session last trade,7640.0,7784.875446624804,0.9999999999999999,145.5,146.4,153.3,46.0,38.0,298.1754466248037,-0.01878520283051512,0.14699175635899278,0.005028224496064687,1432.136582661816,8.384553375196333,0.005854576635150628,0.004916333896868267,0.14534708786540762,-0.0016446684935851608
2026-08-27,2026-11-20,0.2327173169062286,SPXW261120P07650000,2026-08-27T20:11:48+00:00,11.8,put,reference-session last trade,7650.0,7784.875446624804,0.9999999999999999,148.5,149.1,154.0,216.0,3.0,288.87544662480377,-0.0174771581704997,0.14460947138702293,0.004866561076689684,1438.425823681354,8.384553375196333,0.0058289786217392845,0.00486806920192597,0.14463187656145435,2.2405174431416874e-05
2026-08-27,2026-11-20,0.2327173169062286,SPX261120P07680000,2026-08-27T14:53:37+00:00,-306.3833333333333,put,reference-session last trade,7680.0,7784.875446624804,0.9999999999999999,156.9,157.9,165.05,181.0,35.0,269.9254466248038,-0.013563258849363376,0.1434317878573276,0.004787618371733611,1458.9055458867686,8.384553375196333,0.005747152993444781,0.004727443701430219,0.14252755407278014,-0.0009042337845474591
2026-08-27,2026-11-20,0.2327173169062286,SPXW261120P07690000,2026-08-27T17:42:18+00:00,-137.7,put,reference-session last trade,7690.0,7784.875446624804,0.9999999999999999,160.2,161.0,164.5,52.0,1.0,259.37544662480377,-0.012262022491391607,0.14005451200234048,0.00456481215123386,1463.9058570897607,8.384553375196333,0.005727522254651534,0.004681957034068851,0.14184020863151306,0.0017856966291725784
2026-08-27,2026-11-20,0.2327173169062286,SPX261120P07695000,2026-08-27T14:05:29+00:00,-354.51666666666665,put,reference-session last trade,7695.0,7784.875446624804,0.9999999999999999,161.8,162.8,175.48,28.0,2.0,265.35544662480373,-0.011612038718101686,0.14602571386811294,0.0049623498272657615,1468.5364805553288,8.384553375196333,0.00570946209795599,0.004659473815803039,0.14149923347213123,-0.004526480395981719
2026-08-27,2026-11-20,0.2327173169062286,SPX261120P07705000,2026-08-27T14:05:29+00:00,-354.51666666666665,put,reference-session last trade,7705.0,7784.875446624804,0.9999999999999999,164.8,165.9,179.13,64.0,2.0,259.00544662480377,-0.010313337236865089,0.14543477201943486,0.004922267481312318,1473.5912660329961,8.384553375196333,0.005689877219324255,0.004615027295365269,0.14082273879021956,-0.004612033229215301
2026-08-27,2026-11-20,0.2327173169062286,SPX261120P07710000,2026-08-27T13:30:25+00:00,-389.5833333333333,put,reference-session last trade,7710.0,7784.875446624804,0.9999999999999999,166.9,167.9,183.7,132.0,32.0,258.57544662480376,-0.009664618433706059,0.1469817806443153,0.0050275420301622385,1476.2850164884837,8.384553375196333,0.005679495003708682,0.004593063853886836,0.14048724340799928,-0.006494537236316017
2026-08-27,2026-11-20,0.2327173169062286,SPXW261120P07725000,2026-08-27T15:28:04+00:00,-271.93333333333334,put,reference-session last trade,7725.0,7784.875446624804,0.9999999999999999,172.9,173.7,180.22,70.0,5.0,240.09544662480377,-0.0077209832251350806,0.13992568828247073,0.004556418481895878,1481.873427740565,8.384553375196333,0.005658076606434862,0.004528211874373534,0.13949190940548292,-0.0004337788769878115
2026-08-27,2026-11-20,0.2327173169062286,SPX261120P07735000,2026-08-27T17:32:42+00:00,-147.3,put,reference-session last trade,7735.0,7784.875446624804,0.9999999999999999,175.1,176.2,178.15,27.0,12.0,228.02544662480378,-0.006427321983914723,0.1353573376436501,0.004263755653902952,1485.405605036099,8.384553375196333,0.005644622146819332,0.004485841643795849,0.1388377665350053,0.0034804288913551917
2026-08-27,2026-11-20,0.2327173169062286,SPXW261120P07770000,2026-08-27T13:45:03+00:00,-374.95,put,reference-session last trade,7770.0,7784.875446624804,0.9999999999999999,190.2,191.1,205.03,16.0,1.0,219.90544662480377,-0.0019126416293881192,0.14192125959987542,0.004687309332635988,1495.329251323082,8.384553375196333,0.005607162013167065,0.004342978950450041,0.13660906272804105,-0.005312196871834374
2026-08-27,2026-11-20,0.2327173169062286,SPX261120P07780000,2026-08-27T17:07:09+00:00,-172.85,put,reference-session last trade,7780.0,7784.875446624804,0.9999999999999999,193.2,194.2,195.27,37.0,20.0,200.14544662480378,-0.0006264678186439967,0.13201885215622391,0.004056024839411327,1496.920890375988,8.384553375196333,0.00560120005613012,0.004303709495065288,0.13599004691402092,0.003971194757797003
2026-08-27,2026-11-20,0.2327173169062286,SPX261120C07840000,2026-08-27T18:53:30+00:00,-66.5,call,reference-session last trade,7840.0,7784.875446624804,0.9999999999999999,175.0,176.2,166.4,92.0,4.0,166.4,0.007056028353372238,0.12819220509909665,0.003824299857890084,1493.0477285633929,8.384553375196333,0.005615730304391496,0.004082460931752732,0.1324483852997166,0.004256180200619936
2026-08-27,2026-11-20,0.2327173169062286,SPX261120C07845000,2026-08-27T17:06:23+00:00,-173.61666666666667,call,reference-session last trade,7845.0,7784.875446624804,0.9999999999999999,172.5,173.6,176.4,74.0,2.0,176.4,0.007693580176051764,0.1363683657616582,0.004327688296626854,1492.9380812472377,8.384553375196333,0.0056161427459815805,0.004065129919857991,0.1321669489355005,-0.004201416826157711
2026-08-27,2026-11-20,0.2327173169062286,SPXW261120C07860000,2026-08-27T14:06:59+00:00,-353.01666666666665,call,reference-session last trade,7860.0,7784.875446624804,0.9999999999999999,166.1,167.1,152.5,21.0,8.0,152.5,0.009603800432171078,0.12468296074310883,0.003617786336678296,1485.6930970613362,8.384553375196333,0.005643529872879379,0.004014152132209863,0.13133563049950228,0.006652669756393448
2026-08-27,2026-11-20,0.2327173169062286,SPX261120C07895000,2026-08-27T17:56:40+00:00,-123.33333333333333,call,reference-session last trade,7895.0,7784.875446624804,0.9999999999999999,148.7,149.9,149.52,2.0,1.0,149.52,0.01404684169866129,0.1324268049621407,0.0040811306972234705,1471.9944450400387,8.384553375196333,0.005696049603616724,0.00390109885137078,0.12947297494358914,-0.0029538300185515676
2026-08-27,2026-11-20,0.2327173169062286,SPX261120C07900000,2026-08-27T18:53:28+00:00,-66.53333333333333,call,reference-session last trade,7900.0,7784.875446624804,0.9999999999999999,145.1,146.1,145.5,9484.0,1.0,145.5,0.014679953464031557,0.1310470062196051,0.003996528449898162,1468.377805912308,8.384553375196333,0.005710079069185455,0.0038856187621315753,0.12921583643922643,-0.001831169780378672
2026-08-27,2026-11-20,0.2327173169062286,SPX261120C07910000,2026-08-27T17:49:26+00:00,-130.56666666666666,call,reference-session last trade,7910.0,7784.875446624804,0.9999999999999999,140.4,141.4,142.6,184.0,1.0,142.6,0.015944975770618215,0.1317452225106309,0.004039228776514523,1462.6865197988295,8.384553375196333,0.005732296880913008,0.003855158962655097,0.12870837127625218,-0.003036851234378718
2026-08-27,2026-11-20,0.2327173169062286,SPX261120C07920000,2026-08-27T15:19:51+00:00,-280.15,call,reference-session last trade,7920.0,7784.875446624804,0.9999999999999999,137.1,138.1,134.88,61.0,6.0,134.88,0.017208399817390377,0.1290847602549084,0.0038777396387562222,1453.8499230370749,8.384553375196333,0.0057671381635327965,0.003825364646134916,0.1282100499410694,-0.0008747103138389833
2026-08-27,2026-11-20,0.2327173169062286,SPX261120C07930000,2026-08-27T18:53:28+00:00,-66.53333333333333,call,reference-session last trade,7930.0,7784.875446624804,0.9999999999999999,130.6,131.6,124.4,115.0,4.0,124.4,0.018470229637812467,0.12442677910150976,0.003602934936054625,1441.552073579,8.384553375196333,0.005816337494059205,0.0037962337267594785,0.1277209443738644,0.0032941652723546266
2026-08-27,2026-11-20,0.2327173169062286,SPX261120C07950000,2026-08-27T19:13:54+00:00,-46.1,call,reference-session last trade,7950.0,7784.875446624804,0.9999999999999999,122.8,123.8,117.97,1167.0,12.0,117.97,0.020989122657296307,0.12496631306138732,0.0036342484572575396,1424.340929532675,8.384553375196333,0.00588661969992486,0.003739953403090074,0.12677065816006894,0.0018043450986816173
2026-08-27,2026-11-20,0.2327173169062286,SPX261120C07960000,2026-08-27T18:53:28+00:00,-66.53333333333333,call,reference-session last trade,7960.0,7784.875446624804,0.9999999999999999,118.5,119.6,112.1,137.0,3.0,112.1,0.022246193847347384,0.12328047011458862,0.003536855075954245,1411.9864608240014,8.384553375196333,0.005938125901223805,0.003712799496257852,0.12630961101749288,0.003029140902904265
2026-08-27,2026-11-20,0.2327173169062286,SPX261120C07980000,2026-08-27T19:39:40+00:00,-20.333333333333332,call,reference-session last trade,7980.0,7784.875446624804,0.9999999999999999,110.6,111.6,106.91,509.0,50.0,106.91,0.024755605452773277,0.12437234580841815,0.00359978325574413,1392.4780278836718,8.384553375196333,0.006021318259462534,0.003660452451368066,0.1254160257074869,0.0010436798990687418
2026-08-27,2026-11-20,0.2327173169062286,SPX261120C07990000,2026-08-27T18:53:28+00:00,-66.53333333333333,call,reference-session last trade,7990.0,7784.875446624804,0.9999999999999999,106.6,107.7,100.8,105.0,3.0,100.8,0.026007953769239138,0.12230014837304565,0.003480828842781282,1376.6940649243788,8.384553375196333,0.0060903533971847935,0.0036352544263504177,0.12498360735921897,0.0026834589861733232
2026-08-27,2026-11-20,0.2327173169062286,SPX261120C08020000,2026-08-27T18:53:28+00:00,-66.53333333333333,call,reference-session last trade,8020.0,7784.875446624804,0.9999999999999999,95.7,96.7,90.3,28.0,2.0,90.3,0.029755615869478853,0.12135397696654893,0.0034271785261486745,1335.8335240939018,8.384553375196333,0.006276645423226364,0.003563531719552985,0.12374451672066966,0.002390539754120735
2026-08-27,2026-11-20,0.2327173169062286,SPXW261120C08030000,2026-08-27T14:12:12+00:00,-347.8,call,reference-session last trade,8030.0,7784.875446624804,0.9999999999999999,93.3,94.2,86.14,30.0,4.0,86.14,0.03100172194972621,0.12041332553275541,0.0033742542425677555,1319.087616977945,8.384553375196333,0.006356327864259317,0.003540905748531607,0.12335104494901436,0.0029377194162589493
2026-08-27,2026-11-20,0.2327173169062286,SPX261120C08050000,2026-08-27T19:54:37+00:00,-5.383333333333334,call,reference-session last trade,8050.0,7784.875446624804,0.9999999999999999,85.0,85.8,84.6,2278.0,52.0,84.6,0.033489285421527834,0.1235414999140577,0.003551848561495647,1300.4358296810826,8.384553375196333,0.006447494896578289,0.003497559643486624,0.12259371732215556,-0.0009477825919021465
2026-08-27,2026-11-20,0.2327173169062286,SPX261120C08060000,2026-08-27T18:53:29+00:00,-66.51666666666667,call,reference-session last trade,8060.0,7784.875446624804,0.9999999999999999,81.8,82.8,77.5,33.0,1.0,77.5,0.03473075050959271,0.12013077285879092,0.0033584372893916098,1273.3397229489456,8.384553375196333,0.0065846947394199145,0.0034768337903096688,0.12222994443504984,0.0020991715762589125
2026-08-27,2026-11-20,0.2327173169062286,SPX261120C08100000,2026-08-27T17:18:03+00:00,-161.95,call,reference-session last trade,8100.0,7784.875446624804,0.9999999999999999,69.9,70.7,74.32,8439.0,32.0,74.32,0.03968125566944894,0.1257541196175716,0.0036802145956665107,1233.3468071309287,8.384553375196333,0.006798212251994951,0.003400175773366777,0.12087495732572835,-0.00487916229184325
2026-08-27,2026-11-20,0.2327173169062286,SPX261120C08130000,2026-08-27T19:37:20+00:00,-22.666666666666668,call,reference-session last trade,8130.0,7784.875446624804,0.9999999999999999,62.3,63.3,59.9,135.0,2.0,59.9,0.04337811755077497,0.11951277697624442,0.0033239721509890504,1153.1627531419958,8.384553375196333,0.007270919349719834,0.003349153169746372,0.11996461219630623,0.00045183522006181365
2026-08-27,2026-11-20,0.2327173169062286,SPXW261120C08150000,2026-08-27T16:34:24+00:00,-205.6,call,reference-session last trade,8150.0,7784.875446624804,0.9999999999999999,58.8,59.3,58.2,123.0,10.0,58.2,0.04583512124382722,0.12175794644777757,0.003450033646735904,1130.0884776153334,8.384553375196333,0.007419377810920677,0.0033181711692235657,0.11940844484663984,-0.0023495016011377268
2026-08-27,2026-11-20,0.2327173169062286,SPX261120C08170000,2026-08-27T18:53:28+00:00,-66.53333333333333,call,reference-session last trade,8170.0,7784.875446624804,0.9999999999999999,52.6,53.5,49.6,8.0,1.0,49.6,0.04828610286296732,0.11756111635593801,0.0032162966918620767,1067.7583546643182,8.384553375196333,0.007852482107557256,0.003289584377035004,0.11889296687812433,0.0013318505221863175
2026-08-27,2026-11-20,0.2327173169062286,SPX261120C08180000,2026-08-27T19:34:24+00:00,-25.6,call,reference-session last trade,8180.0,7784.875446624804,0.9999999999999999,50.8,51.7,48.69,19.0,1.0,48.69,0.04950934460571146,0.11846990945766293,0.003266215340142594,1054.8446982137298,8.384553375196333,0.00794861403711343,0.0032761805993791627,0.11865049832191228,0.00018058886424934806
2026-08-27,2026-11-20,0.2327173169062286,SPX261120C08190000,2026-08-27T19:52:57+00:00,-7.05,call,reference-session last trade,8190.0,7784.875446624804,0.9999999999999999,48.7,49.6,47.55,220.0,2.0,47.55,0.05073109185603379,0.1191305957867463,0.0033027471662229607,1040.4048498961572,8.384553375196333,0.008058933381590055,0.0032633652408432367,0.11841820975916083,-0.000712386027585471
2026-08-27,2026-11-20,0.2327173169062286,SPXW261120C08200000,2026-08-27T16:34:24+00:00,-205.6,call,reference-session last trade,8200.0,7784.875446624804,0.9999999999999999,47.0,47.6,47.2,85.0,11.0,47.2,0.051951348261263124,0.1205262831079537,0.003380587866350668,1031.1240751961286,8.384553375196333,0.008131468924922076,0.003251134758021511,0.11819609679866545,-0.0023301863092882458
2026-08-27,2026-11-20,0.2327173169062286,SPX261120C08225000,2026-08-27T13:38:20+00:00,-381.6666666666667,call,reference-session last trade,8225.0,7784.875446624804,0.9999999999999999,41.4,42.2,36.9,732.0,100.0,36.9,0.0549954906424913,0.11426334628220626,0.0030383834245219085,935.8321357452278,8.384553375196333,0.00895946297945784,0.0032230937963454546,0.11768527366093494,0.0034219273787286786
2026-08-27,2026-11-20,0.2327173169062286,SPXW261120C08240000,2026-08-27T16:03:14+00:00,-236.76666666666668,call,reference-session last trade,8240.0,7784.875446624804,0.9999999999999999,39.9,40.4,39.1,37.0,11.0,39.1,0.05681753791243609,0.11905190979722304,0.003298385665273432,944.5088697872729,8.384553375196333,0.008877156841401335,0.003207989441021004,0.11740919611907957,-0.001642713678143462
2026-08-27,2026-11-20,0.2327173169062286,SPX261120C08250000,2026-08-27T18:40:15+00:00,-79.75,call,reference-session last trade,8250.0,7784.875446624804,0.9999999999999999,37.5,38.2,36.05,2237.0,1.0,36.05,0.05803039433764534,0.11738472511193444,0.003206652330229637,911.9307472451778,8.384553375196333,0.009194287395753417,0.0031986289297215517,0.1172377783210533,-0.00014694679088114726
2026-08-27,2026-11-20,0.2327173169062286,SPX261120C08270000,2026-08-27T20:10:10+00:00,10.166666666666666,call,reference-session last trade,8270.0,7784.875446624804,0.9999999999999999,34.1,35.0,33.0,17.0,11.0,33.0,0.060451703026655805,0.11712835832834842,0.0031926610474989426,870.9173258463464,8.384553375196333,0.009627266706456127,0.0031815927728525775,0.11692515254411079,-0.00020320578423763114
2026-08-27,2026-11-20,0.2327173169062286,SPXW261120C08275000,2026-08-27T16:03:14+00:00,-236.76666666666668,call,reference-session last trade,8275.0,7784.875446624804,0.9999999999999999,34.3,34.9,33.4,20.0,11.0,33.4,0.061056115254182336,0.11836846831602511,0.00326062427043383,871.7547090695363,8.384553375196333,0.009618019022972128,0.0031776819865132373,0.11685326875409681,-0.0015151995619283043
2026-08-27,2026-11-20,0.2327173169062286,SPX261120C08290000,2026-08-27T19:37:03+00:00,-22.95,call,reference-session last trade,8290.0,7784.875446624804,0.9999999999999999,30.8,31.6,30.0,208.0,1.0,30.0,0.0628671631382594,0.11668223415224539,0.0031683866397660527,828.2923824375323,8.384553375196333,0.010122697676540173,0.0031667777940212107,0.11665260589440704,-2.9628257838351657e-05
2026-08-27,2026-11-20,0.2327173169062286,SPXW261120C08350000,2026-08-27T18:38:21+00:00,-81.65,call,reference-session last trade,8350.0,7784.875446624804,0.9999999999999999,23.8,24.3,22.9,340.0,20.0,22.9,0.0700787328538199,0.11627193689998934,0.003146143412430893,710.66156329422,8.384553375196333,0.01179823675327303,0.0031353506796364585,0.11607233220191099,-0.00019960469807835113
2026-08-27,2026-11-20,0.2327173169062286,SPXW261120C08450000,2026-08-27T17:24:05+00:00,-155.91666666666666,call,reference-session last trade,8450.0,7784.875446624804,0.9999999999999999,14.4,14.8,15.98,134.0,16.0,15.98,0.08198363536013831,0.11889716357010485,0.0032898166130770233,561.7636094309537,8.384553375196333,0.014925412102947686,0.0031244623150675447,0.11587061042277341,-0.00302655314733144
2026-08-27,2026-11-20,0.2327173169062286,SPX261120C08475000,2026-08-27T20:06:30+00:00,6.5,call,reference-session last trade,8475.0,7784.875446624804,0.9999999999999999,12.4,13.0,12.5,521.0,5.0,12.5,0.0849378472575698,0.11542033153000503,0.0031002258702044713,488.1297790576134,8.384553375196333,0.0171768937993982,0.003129454985855101,0.11596315000812445,0.0005428184781194195
2026-08-27,2026-11-20,0.2327173169062286,SPXW261120C08700000,2026-08-27T19:52:40+00:00,-7.333333333333333,call,reference-session last trade,8700.0,7784.875446624804,0.9999999999999999,4.3,4.7,4.27,419.0,11.0,4.27,0.11114021965159379,0.11695086739223472,0.0031829923548875177,227.43637508071564,8.384553375196333,0.03686548984181053,0.0032998823479623227,0.1190789173612208,0.002128049968986079
2026-08-27,2026-11-20,0.2327173169062286,SPX261120C08725000,2026-08-27T16:41:50+00:00,-198.16666666666666,call,reference-session last trade,8725.0,7784.875446624804,0.9999999999999999,3.7,4.1,4.0,45.0,3.0,4.0,0.11400966207954663,0.11822445486600207,0.003252694994964779,214.984451820053,8.384553375196333,0.03900074309659565,0.0033316081043595694,0.11964997284320789,0.0014255179772058174
2026-08-27,2026-11-20,0.2327173169062286,SPX261120C09100000,2026-08-27T13:44:38+00:00,-375.3666666666667,call,reference-session last trade,9100.0,7784.875446624804,0.9999999999999999,0.95,1.2,1.05,915.0,32.0,1.05,0.15609160751386011,0.12938798141564853,0.003895978719943539,71.00167418927643,8.384553375196333,0.11808951649287552,0.004055492548088799,0.13201018914281865,0.002622207727170117
2026-08-27,2027-02-19,0.48186173853524983,SPX270219P05625000,2026-08-27T20:10:10+00:00,10.166666666666666,put,reference-session last trade,5625.0,7872.481980038706,0.967163927214507,31.0,31.6,31.3,663.0,3.0,2204.983498158071,-0.3361524369242269,0.3026607405691562,0.044140233273673196,492.830920219106,1.5243562709430591,0.003093061349043097,0.0440721056535402,0.3024270816505304,-0.000233658918625812
2026-08-27,2027-02-19,0.48186173853524983,SPX270219P05675000,2026-08-27T20:10:04+00:00,10.066666666666666,put,reference-session last trade,5675.0,7872.481980038706,0.967163927214507,32.5,32.9,33.0,1696.0,1.0,2158.3253017973457,-0.32730282164724445,0.2994082679283323,0.04319664536365927,515.2793214456487,1.5243562709430591,0.002958310585152886,0.04301928359295796,0.2987929631747912,-0.0006153047535411016
2026-08-27,2027-02-19,0.48186173853524983,SPX270219P05775000,2026-08-27T19:31:06+00:00,-28.9,put,reference-session last trade,5775.0,7872.481980038706,0.967163927214507,35.2,35.9,35.97,582.0,502.0,2064.578909075895,-0.3098351286068535,0.29167927648066383,0.04099525491520302,557.1705501033274,1.5243562709430591,0.0027358880878760854,0.040952076252829324,0.29152562895428713,-0.00015364752637669898
2026-08-27,2027-02-19,0.48186173853524983,SPX270219P05800000,2026-08-27T19:34:42+00:00,-25.3,put,reference-session last trade,5800.0,7872.481980038706,0.967163927214507,36.0,36.6,36.56,1722.0,150.0,2040.9898108955322,-0.3055154674623372,0.28941024709015545,0.04035991577620295,566.5750106517871,1.5243562709430591,0.002690475651563668,0.04044325163508096,0.2897088826786583,0.0002986355885028491
2026-08-27,2027-02-19,0.48186173853524983,SPX270219P05875000,2026-08-27T16:43:04+00:00,-196.93333333333334,put,reference-session last trade,5875.0,7872.481980038706,0.967163927214507,38.4,39.0,38.58,211.0,4.0,1970.472516354444,-0.29266732498448805,0.2829275031482267,0.03857205497230228,597.2196356302068,1.5243562709430591,0.0025524215548179455,0.03893586821617754,0.28425866367582564,0.0013311605275989624
2026-08-27,2027-02-19,0.48186173853524983,SPX270219P05950000,2026-08-27T18:54:37+00:00,-65.38333333333334,put,reference-session last trade,5950.0,7872.481980038706,0.967163927214507,40.9,41.5,42.25,315.0,1.0,1901.6052218133561,-0.27998216545717236,0.2788679358652692,0.03747309874075575,641.0632353701202,1.5243562709430591,0.0023778563281092956,0.037457090846662634,0.27880836559510813,-5.957027016106897e-05
2026-08-27,2027-02-19,0.48186173853524983,SPX270219P05975000,2026-08-27T13:30:06+00:00,-389.9,put,reference-session last trade,5975.0,7872.481980038706,0.967163927214507,41.8,42.5,44.61,180.0,1.0,1879.7861236329934,-0.27578928719713647,0.2791328864796596,0.03754433846227546,663.9680588780251,1.5243562709430591,0.002295827714241134,0.03697052242080927,0.2769915829271773,-0.002141303552482321
2026-08-27,2027-02-19,0.48186173853524983,SPX270219P06000000,2026-08-27T16:26:59+00:00,-213.01666666666668,put,reference-session last trade,6000.0,7872.481980038706,0.967163927214507,42.9,43.5,43.46,5113.0,4.0,1854.457025452631,-0.2716139157866557,0.274046331617964,0.03618848725446763,661.2418045666839,1.5243562709430591,0.0023052932534142786,0.036487135411075906,0.275174801974039,0.0011284703560749954
2026-08-27,2027-02-19,0.48186173853524983,SPX270219P06125000,2026-08-27T13:47:30+00:00,-372.5,put,reference-session last trade,6125.0,7872.481980038706,0.967163927214507,47.6,48.5,50.89,267.0,12.0,1740.9915345508175,-0.2509946285839201,0.26780614662511676,0.034559187575507355,744.3277019121693,1.5243562709430591,0.0020479639102871025,0.03411804860278955,0.2660914193998602,-0.0017147272252565626
2026-08-27,2027-02-19,0.48186173853524983,SPX270219P06150000,2026-08-27T13:53:23+00:00,-366.6166666666667,put,reference-session last trade,6150.0,7872.481980038706,0.967163927214507,49.0,49.8,51.37,824.0,6.0,1717.2924363704547,-0.24692130319628428,0.2650584711159486,0.033853674982661335,754.1312824766675,1.5243562709430591,0.002021340721918961,0.033653837731239145,0.264274997004402,-0.0007834741115466115
2026-08-27,2027-02-19,0.48186173853524983,SPX270219P06200000,2026-08-27T20:09:55+00:00,9.916666666666666,put,reference-session last trade,6200.0,7872.481980038706,0.967163927214507,51.2,51.9,52.2,1121.0,5.0,1669.7642400097293,-0.23882409296366489,0.2593762844124177,0.03241775774714329,773.2264146436344,1.5243562709430591,0.001971422913229893,0.032735079669925046,0.26064264818643373,0.0012663637740160105
2026-08-27,2027-02-19,0.48186173853524983,SPX270219P06250000,2026-08-27T13:48:44+00:00,-371.26666666666665,put,reference-session last trade,6250.0,7872.481980038706,0.967163927214507,53.6,54.4,57.08,1455.0,3.0,1626.286043649004,-0.2307919212664006,0.258701066579475,0.03224919525116222,819.3354105125835,1.5243562709430591,0.0018604789337609714,0.03182926853613644,0.25701123442043783,-0.0016898321590371745
2026-08-27,2027-02-19,0.48186173853524983,SPX270219P06275000,2026-08-27T13:47:30+00:00,-372.5,put,reference-session last trade,6275.0,7872.481980038706,0.967163927214507,54.9,55.8,58.4,1032.0,12.0,1603.4269454686414,-0.2267998999968632,0.2568708629235707,0.03179450972912135,835.026330697848,1.5243562709430591,0.0018255188068969327,0.03138124464301551,0.25519599871584236,-0.0016748642077283327
2026-08-27,2027-02-19,0.48186173853524983,SPX270219P06300000,2026-08-27T17:31:38+00:00,-148.36666666666667,put,reference-session last trade,6300.0,7872.481980038706,0.967163927214507,56.1,56.9,57.04,1910.0,20.0,1577.8878472882786,-0.2228237516172237,0.2518218928126313,0.030556908318011226,833.8860953919543,1.5243562709430591,0.001828014976345853,0.03093649117277477,0.2533811515472471,0.0015592587346158204
2026-08-27,2027-02-19,0.48186173853524983,SPX270219P06375000,2026-08-27T20:09:58+00:00,9.966666666666667,put,reference-session last trade,6375.0,7872.481980038706,0.967163927214507,60.2,61.1,61.7,460.0,6.0,1510.0105527471908,-0.2109892939702209,0.246968724246972,0.0293904584068094,886.4782190558536,1.5243562709430591,0.0017195642692344765,0.02962198917661292,0.24793959522292133,0.0009708709759493339
2026-08-27,2027-02-19,0.48186173853524983,SPX270219P06400000,2026-08-27T19:36:32+00:00,-23.466666666666665,put,reference-session last trade,6400.0,7872.481980038706,0.967163927214507,61.7,62.5,62.5,860.0,37.0,1486.6314545668279,-0.20707539464908462,0.2444237449469794,0.028787849989123787,899.5145269459983,1.5243562709430591,0.0016946433051153744,0.029190457947152477,0.24612698548529047,0.0017032405383110572
2026-08-27,2027-02-19,0.48186173853524983,SPX270219P06500000,2026-08-27T18:56:52+00:00,-63.13333333333333,put,reference-session last trade,6500.0,7872.481980038706,0.967163927214507,67.9,68.7,70.62,2832.0,5.0,1398.0350618453772,-0.1915712081131193,0.2391743079705626,0.02756458734675637,981.244822538543,1.5243562709430591,0.0015534922946135422,0.027497970411471985,0.23888511993679454,-0.00028918803376806745
2026-08-27,2027-02-19,0.48186173853524983,SPX270219P06550000,2026-08-27T18:56:52+00:00,-63.13333333333333,put,reference-session last trade,6550.0,7872.481980038706,0.967163927214507,71.2,72.4,74.17,599.0,2.0,1353.226865484652,-0.18390833536755016,0.2356954556431139,0.02676855089583423,1019.1249384347966,1.5243562709430591,0.0014957501415716627,0.02667218287836133,0.23527081586393395,-0.0004246397791799472
2026-08-27,2027-02-19,0.48186173853524983,SPX270219P06575000,2026-08-27T16:27:51+00:00,-212.15,put,reference-session last trade,6575.0,7872.481980038706,0.967163927214507,72.9,73.8,74.53,333.0,1.0,1329.4077673042893,-0.1800988069508825,0.2325202355643867,0.026052172897077473,1030.6406788117208,1.5243562709430591,0.0014790375562320796,0.02626447850973395,0.23346574568290437,0.0009455101185176784
2026-08-27,2027-02-19,0.48186173853524983,SPX270219P06600000,2026-08-27T19:46:22+00:00,-13.633333333333333,put,reference-session last trade,6600.0,7872.481980038706,0.967163927214507,74.7,75.6,75.8,3502.0,1.0,1306.4986691239264,-0.17630373598233096,0.2302123328901634,0.025537572637351756,1047.1586478517177,1.5243562709430591,0.0014557070927794264,0.025860265085470166,0.23166224707225833,0.001449914182094919
2026-08-27,2027-02-19,0.48186173853524983,SPX270219P06625000,2026-08-27T14:00:58+00:00,-359.03333333333336,put,reference-session last trade,6625.0,7872.481980038706,0.967163927214507,76.6,77.5,81.33,189.0,2.0,1287.8495709435638,-0.17252301314242482,0.23184108843910503,0.025900208325253086,1085.3536437885314,1.5243562709430591,0.0014044788808393795,0.025459567360084576,0.22986046877140898,-0.001980619667696054
2026-08-27,2027-02-19,0.48186173853524983,SPX270219P06675000,2026-08-27T16:43:04+00:00,-196.93333333333334,put,reference-session last trade,6675.0,7872.481980038706,0.967163927214507,80.3,81.5,81.51,3536.0,2.0,1239.6713745828386,-0.16500418072839748,0.22484842048371095,0.024361393418610447,1106.9954131808793,1.5243562709430591,0.0013770213072183566,0.024668823002587492,0.22626271438025766,0.001414293896546709
2026-08-27,2027-02-19,0.48186173853524983,SPX270219P06700000,2026-08-27T14:52:38+00:00,-307.3666666666667,put,reference-session last trade,6700.0,7872.481980038706,0.967163927214507,82.5,83.4,85.08,1226.0,2.0,1219.0622764024758,-0.1612658586177904,0.22444205570799683,0.02427341711484176,1134.9953990922863,1.5243562709430591,0.0013430506169118963,0.024278830850188268,0.2244670831308425,2.5027422845658176e-05
2026-08-27,2027-02-19,0.48186173853524983,SPX270219P06725000,2026-08-27T20:06:13+00:00,6.216666666666667,put,reference-session last trade,6725.0,7872.481980038706,0.967163927214507,84.9,85.9,86.4,4353.0,3.0,1196.2031782221134,-0.157541459526808,0.22198636391580817,0.02374515661755741,1152.1632637322261,1.5243562709430591,0.0013230384259997846,0.02389246334626873,0.22267386257740282,0.0006874986615946488
2026-08-27,2027-02-19,0.48186173853524983,SPX270219P06775000,2026-08-27T19:27:40+00:00,-32.333333333333336,put,reference-session last trade,6775.0,7872.481980038706,0.967163927214507,89.1,89.8,91.52,1912.0,18.0,1152.9649818613877,-0.1501340182489462,0.21907435787166168,0.023126267139578476,1198.0692179669727,1.5243562709430591,0.0012723440750191124,0.0231307220308372,0.21909545737380512,2.109950214343459e-05
2026-08-27,2027-02-19,0.48186173853524983,SPX270219P06800000,2026-08-27T19:27:40+00:00,-32.333333333333336,put,reference-session last trade,6800.0,7872.481980038706,0.967163927214507,91.4,92.2,93.82,3326.0,33.0,1131.085883681025,-0.1464507728326497,0.21731316249564422,0.022755925707102137,1219.7800616687443,1.5243562709430591,0.0012496976453752107,0.022755410493320083,0.21731070240301778,-2.460092626443977e-06
2026-08-27,2027-02-19,0.48186173853524983,SPX270219P06825000,2026-08-27T15:00:55+00:00,-299.0833333333333,put,reference-session last trade,6825.0,7872.481980038706,0.967163927214507,93.7,94.6,96.43,442.0,1.0,1109.5167855006625,-0.14278104394368735,0.21574982508272791,0.022429693952328744,1242.782207872197,1.5243562709430591,0.0012265675041751307,0.022383848122952958,0.21552921821156776,-0.0002206068711601561
2026-08-27,2027-02-19,0.48186173853524983,SPX270219P06900000,2026-08-27T17:37:16+00:00,-142.73333333333332,put,reference-session last trade,6900.0,7872.481980038706,0.967163927214507,101.4,102.5,102.9,3280.0,1.0,1043.4494909595746,-0.1318519734114971,0.20966848379176803,0.021183062737343862,1306.1378805889326,1.5243562709430591,0.0011670714811944146,0.02129199512575356,0.21020689510144588,0.0005384113096778553
2026-08-27,2027-02-19,0.48186173853524983,SPX270219P06975000,2026-08-27T19:21:04+00:00,-38.93333333333333,put,reference-session last trade,6975.0,7872.481980038706,0.967163927214507,109.3,110.1,112.18,243.0,6.0,980.1921964184864,-0.1210410573072815,0.20522617504954055,0.020294948103714662,1379.8720709991844,1.5243562709430591,0.0011047084023080862,0.0202351415977641,0.20492356486049282,-0.0003026101890477306
2026-08-27,2027-02-19,0.48186173853524983,SPX270219P07025000,2026-08-27T20:09:47+00:00,9.783333333333333,put,reference-session last trade,7025.0,7872.481980038706,0.967163927214507,115.1,115.9,117.8,447.0,16.0,937.454000057761,-0.11389816979490133,0.2015380342762291,0.01957205735728149,1426.4543387536942,1.5243562709430591,0.0010686330641854983,0.019550515689280304,0.2014270939546912,-0.00011094032153791122
2026-08-27,2027-02-19,0.48186173853524983,SPX270219P07050000,2026-08-27T19:36:49+00:00,-23.183333333333334,put,reference-session last trade,7050.0,7872.481980038706,0.967163927214507,118.3,119.1,120.3,3751.0,97.0,915.7749018773984,-0.11034576819053343,0.199394624532662,0.019157963223774784,1448.6714762264678,1.5243562709430591,0.0010522442775733646,0.019214302750288376,0.19968759805151712,0.00029297351885512746
2026-08-27,2027-02-19,0.48186173853524983,SPX270219P07175000,2026-08-27T17:57:05+00:00,-122.91666666666667,put,reference-session last trade,7175.0,7872.481980038706,0.967163927214507,135.2,136.4,138.22,491.0,4.0,812.7994109755851,-0.09277062336902592,0.1913962559832531,0.01765181305291067,1574.0072557907079,1.5243562709430591,0.0009684556823578895,0.017595861613902426,0.1910926782301448,-0.00030357775310829727
2026-08-27,2027-02-19,0.48186173853524983,SPX270219P07200000,2026-08-27T19:38:59+00:00,-21.016666666666666,put,reference-session last trade,7200.0,7872.481980038706,0.967163927214507,139.1,139.9,141.7,1621.0,142.0,792.1003127952224,-0.08929235899270115,0.18952249671657462,0.0173078842164446,1598.165970615671,1.5243562709430591,0.0009538159984446561,0.01728498864649683,0.18939710121757178,-0.00012539549900283942
2026-08-27,2027-02-19,0.48186173853524983,SPX270219P07225000,2026-08-27T18:24:18+00:00,-95.7,put,reference-session last trade,7225.0,7872.481980038706,0.967163927214507,142.3,143.6,148.28,923.0,8.0,774.5012146148597,-0.08582615101621496,0.18948981023129916,0.017301914633656136,1629.1402358989023,1.5243562709430591,0.0009356814332818764,0.0169784854730236,0.18771036409824843,-0.0017794461330507272
2026-08-27,2027-02-19,0.48186173853524983,SPX270219P07250000,2026-08-27T19:36:46+00:00,-23.233333333333334,put,reference-session last trade,7250.0,7872.481980038706,0.967163927214507,146.5,147.6,149.7,1309.0,204.0,751.7421164344971,-0.08237191614812735,0.18620922846239213,0.01670801453952757,1648.1836316786523,1.5243562709430591,0.0009248704098526469,0.016676394306094328,0.18603294277402727,-0.00017628568836486336
2026-08-27,2027-02-19,0.48186173853524983,SPX270219P07325000,2026-08-27T16:49:13+00:00,-190.78333333333333,put,reference-session last trade,7325.0,7872.481980038706,0.967163927214507,159.4,160.7,161.58,193.0,1.0,691.0848218934091,-0.07208023011157977,0.1806142984709183,0.015719064659649517,1720.6989063123096,1.5243562709430591,0.0008858936710838973,0.01579701316566208,0.18106156440995413,0.00044726593903582357
2026-08-27,2027-02-19,0.48186173853524983,SPX270219P07350000,2026-08-27T18:42:38+00:00,-77.36666666666666,put,reference-session last trade,7350.0,7872.481980038706,0.967163927214507,164.3,165.3,170.78,2728.0,59.0,676.1057237130464,-0.06867307178996551,0.18160088897736187,0.015891261838238982,1752.9366370701096,1.5243562709430591,0.0008696014668795423,0.015512988971933704,0.1794264730074751,-0.002174415969886767
2026-08-27,2027-02-19,0.48186173853524983,SPX270219P07375000,2026-08-27T17:43:05+00:00,-136.91666666666666,put,reference-session last trade,7375.0,7872.481980038706,0.967163927214507,168.7,170.0,172.16,488.0,5.0,653.3066255326837,-0.06527748278882724,0.17802498636502928,0.01527159385507822,1771.698297715044,1.5243562709430591,0.0008603926937837095,0.015233584472845492,0.17780330566110406,-0.00022168070392522554
2026-08-27,2027-02-19,0.48186173853524983,SPX270219P07425000,2026-08-27T17:58:31+00:00,-121.48333333333333,put,reference-session last trade,7425.0,7872.481980038706,0.967163927214507,178.8,180.3,183.51,766.0,16.0,616.2984291719583,-0.05852070032594742,0.17549013567134555,0.0148397936710711,1821.1990149459393,1.5243562709430591,0.0008370069709203682,0.014688793925449447,0.1745950181079842,-0.0008951175633613584
2026-08-27,2027-02-19,0.48186173853524983,SPX270219P07450000,2026-08-27T19:21:04+00:00,-38.93333333333333,put,reference-session last trade,7450.0,7872.481980038706,0.967163927214507,184.8,185.8,189.9,404.0,16.0,598.5093309915957,-0.05515935262324263,0.17446609825081522,0.01466710970907572,1845.712123134383,1.5243562709430591,0.0008258905881565115,0.014423485433907183,0.17301106859518145,-0.001455029655633766
2026-08-27,2027-02-19,0.48186173853524983,SPX270219P07525000,2026-08-27T17:09:42+00:00,-170.3,put,reference-session last trade,7525.0,7872.481980038706,0.967163927214507,201.7,202.8,203.25,187.0,4.0,539.3220364505077,-0.04514257437977138,0.16772694314564515,0.013555892217464522,1908.9778994842131,1.5243562709430591,0.0007985196011723997,0.013656349893630711,0.1683472770024507,0.0006203338568055439
2026-08-27,2027-02-19,0.48186173853524983,SPX270219P07550000,2026-08-27T20:03:06+00:00,3.1,put,reference-session last trade,7550.0,7872.481980038706,0.967163927214507,207.9,209.1,212.08,565.0,30.0,523.9729382701449,-0.0418258217537774,0.1675881150004064,0.013533460990917295,1932.3977362463447,1.5243562709430591,0.0007888418840233686,0.013410350095306034,0.16682411757989257,-0.0007639974205138345
2026-08-27,2027-02-19,0.48186173853524983,SPX270219P07625000,2026-08-27T16:50:12+00:00,-189.8,put,reference-session last trade,7625.0,7872.481980038706,0.967163927214507,228.8,229.8,230.35,2399.0,6.0,469.705643729057,-0.031941062521235436,0.16227154135684385,0.012688408902508845,1990.2070503622772,1.5243562709430591,0.0007659284850114368,0.012701926859524341,0.1623579586452778,8.641728843394869e-05
2026-08-27,2027-02-19,0.48186173853524983,SPX270219P07650000,2026-08-27T20:05:46+00:00,5.766666666666667,put,reference-session last trade,7650.0,7872.481980038706,0.967163927214507,235.4,236.6,240.2,975.0,59.0,455.37654554869425,-0.028667737176266334,0.1621703736635998,0.012672592735325717,2009.0354995661758,1.5243562709430591,0.0007587502915066576,0.01247573685789029,0.16090586758582762,-0.0012645060777721762
2026-08-27,2027-02-19,0.48186173853524983,SPX270219P07825000,2026-08-27T19:46:22+00:00,-13.633333333333333,put,reference-session last trade,7825.0,7872.481980038706,0.967163927214507,292.8,294.3,298.6,405.0,21.0,344.5228582861556,-0.00604964858849387,0.15278862481297495,0.011248755760477054,2095.811564645963,1.5243562709430591,0.0007273346023360467,0.011033861551549186,0.15132216407130689,-0.001466460741668063
2026-08-27,2027-02-19,0.48186173853524983,SPX270219C07875000,2026-08-27T19:25:12+00:00,-34.8,call,reference-session last trade,7875.0,7872.481980038706,0.967163927214507,313.2,314.7,303.64,565.0,3.0,303.64,0.0003197996969859973,0.14461880109558828,0.010077944374913779,2106.217385348798,1.5243562709430591,0.0007237411871854907,0.010667731253632564,0.14879036580624888,0.004171564710660602
2026-08-27,2027-02-19,0.48186173853524983,SPX270219C07950000,2026-08-27T19:25:12+00:00,-34.8,call,reference-session last trade,7950.0,7872.481980038706,0.967163927214507,271.9,273.1,263.29,1196.0,4.0,263.29,0.009798543651529747,0.14130046612442482,0.009620765568647315,2105.8210113936975,1.5243562709430591,0.0007238774153621884,0.010156804347440996,0.1451835199901166,0.0038830538656917934
2026-08-27,2027-02-19,0.48186173853524983,SPX270219C08025000,2026-08-27T19:04:20+00:00,-55.666666666666664,call,reference-session last trade,8025.0,7872.481980038706,0.967163927214507,233.7,235.1,226.5,154.0,5.0,226.5,0.019188284001368752,0.13833673796474288,0.00922141366310134,2084.3897798802304,1.5243562709430591,0.0007313201617360881,0.009691565291098025,0.14181943190064775,0.0034826939359048625
2026-08-27,2027-02-19,0.48186173853524983,SPX270219C08075000,2026-08-27T19:06:28+00:00,-53.53333333333333,call,reference-session last trade,8075.0,7872.481980038706,0.967163927214507,212.6,214.2,204.25,594.0,9.0,204.25,0.02539948409400956,0.13668248951994616,0.009002190602823146,2058.013034681053,1.5243562709430591,0.0007406932051717064,0.009406544415525566,0.13971847399671225,0.0030359844767660904
2026-08-27,2027-02-19,0.48186173853524983,SPX270219C08100000,2026-08-27T17:58:15+00:00,-121.75,call,reference-session last trade,8100.0,7872.481980038706,0.967163927214507,200.6,201.9,200.99,1599.0,2.0,200.99,0.02849067666368225,0.1394663259390236,0.009372623322337233,2045.7606340115408,1.5243562709430591,0.0007451293399628785,0.009271497702472745,0.13871190172743605,-0.0007544242115875566
2026-08-27,2027-02-19,0.48186173853524983,SPX270219C08150000,2026-08-27T18:21:49+00:00,-98.18333333333334,call,reference-session last trade,8150.0,7872.481980038706,0.967163927214507,180.9,182.3,176.14,604.0,1.0,176.14,0.03464454223806064,0.13561389961510328,0.008861981764028732,2002.6961357113987,1.5243562709430591,0.0007611520508584677,0.009016168551977436,0.13678856369182926,0.0011746640767259786
2026-08-27,2027-02-19,0.48186173853524983,SPX270219C08175000,2026-08-27T19:55:01+00:00,-4.983333333333333,call,reference-session last trade,8175.0,7872.481980038706,0.967163927214507,171.0,172.5,167.6,254.0,9.0,167.6,0.03770733176860624,0.13536865435471304,0.008829958588358153,1980.275620443478,1.5243562709430591,0.0007697697508398772,0.008895811103230308,0.1358724963274993,0.0005038419727862453
2026-08-27,2027-02-19,0.48186173853524983,SPX270219C08200000,2026-08-27T19:47:15+00:00,-12.75,call,reference-session last trade,8200.0,7872.481980038706,0.967163927214507,160.1,161.2,156.66,2209.0,4.0,156.66,0.04076076925549664,0.13374409115997282,0.008619293136088852,1952.1325091445008,1.5243562709430591,0.0007808672125495673,0.008780269832129104,0.13498723753194805,0.001243146371975229
2026-08-27,2027-02-19,0.48186173853524983,SPX270219C08275000,2026-08-27T17:24:05+00:00,-155.91666666666666,call,reference-session last trade,8275.0,7872.481980038706,0.967163927214507,135.7,137.0,138.99,320.0,8.0,138.99,0.04986553624841579,0.13579419419237598,0.008885560900859091,1877.4201532072727,1.5243562709430591,0.0008119419983528672,0.008462076554081563,0.13251872640778092,-0.0032754677845950597
2026-08-27,2027-02-19,0.48186173853524983,SPX270219C08325000,2026-08-27T17:43:21+00:00,-136.65,call,reference-session last trade,8325.0,7872.481980038706,0.967163927214507,119.0,120.1,122.28,558.0,3.0,122.28,0.05588965085179684,0.13382052414766074,0.008629147576277122,1807.3658038766791,1.5243562709430591,0.0008434132524104509,0.008273124656914163,0.13103085126260033,-0.002789672885060407
2026-08-27,2027-02-19,0.48186173853524983,SPX270219C08550000,2026-08-27T16:00:15+00:00,-239.75,call,reference-session last trade,8550.0,7872.481980038706,0.967163927214507,67.1,68.3,65.31,147.0,2.0,65.31,0.0825578979339581,0.12676579199997373,0.0077433090205694345,1413.6855523661955,1.5243562709430591,0.0010782852441206783,0.0076383688405599805,0.12590387339279854,-0.0008619186071751883
2026-08-27,2027-02-19,0.48186173853524983,SPX270219C08625000,2026-08-27T16:44:20+00:00,-195.66666666666666,call,reference-session last trade,8625.0,7872.481980038706,0.967163927214507,54.3,55.3,54.6,242.0,6.0,54.6,0.09129157790271268,0.1269635013516526,0.007767481448002497,1289.4248659292791,1.5243562709430591,0.001182198599717919,0.007499456952004295,0.12475377229948638,-0.0022097290521662233
2026-08-27,2027-02-19,0.48186173853524983,SPX270219C08700000,2026-08-27T14:23:11+00:00,-336.81666666666666,call,reference-session last trade,8700.0,7872.481980038706,0.967163927214507,44.0,44.9,41.0,355.0,3.0,41.0,0.09994964064582725,0.12328190271188892,0.007323540715626014,1119.6493085758543,1.5243562709430591,0.0013614586810954,0.007393608253656956,0.12387024494699454,0.0005883422351056211
2026-08-27,2027-02-19,0.48186173853524983,SPX270219C08750000,2026-08-27T16:07:08+00:00,-232.86666666666667,call,reference-session last trade,8750.0,7872.481980038706,0.967163927214507,37.8,38.6,36.6,22.0,5.0,36.6,0.10568031535481238,0.12401419969290531,0.0074108030764764845,1045.3957975705653,1.5243562709430591,0.0014581618507416695,0.00734040890199787,0.12342379760436659,-0.0005904020885387218
2026-08-27,2027-02-19,0.48186173853524983,SPX270219C08800000,2026-08-27T20:05:00+00:00,5.0,call,reference-session last trade,8800.0,7872.481980038706,0.967163927214507,32.1,32.9,31.7,1968.0,8.0,31.7,0.11137833646945003,0.1237563930298759,0.007380023237712965,961.0889037127507,1.5243562709430591,0.0015860720741383747,0.007300400478730387,0.12308698132123592,-0.0006694117086399748
2026-08-27,2027-02-19,0.48186173853524983,SPX270219C08850000,2026-08-27T15:01:51+00:00,-298.15,call,reference-session last trade,8850.0,7872.481980038706,0.967163927214507,27.4,28.2,27.2,104.0,28.0,27.2,0.11704407400512731,0.12331365235369457,0.00732731336563499,877.0362589931667,1.5243562709430591,0.0017380766819070999,0.007272985597446574,0.12285565230705434,-0.0004580000466402334
2026-08-27,2027-02-19,0.48186173853524983,SPX270219C09200000,2026-08-27T17:05:17+00:00,-174.71666666666667,call,reference-session last trade,9200.0,7872.481980038706,0.967163927214507,9.0,9.5,9.6,652.0,78.0,9.6,0.15583009904028383,0.12343967643331534,0.007342297753213523,435.76891571980184,1.5243562709430591,0.0034980839980867655,0.007385768193750197,0.12380455254808749,0.0003648761147721502
2026-08-27,2027-02-19,0.48186173853524983,SPX270219C09300000,2026-08-27T16:44:21+00:00,-195.65,call,reference-session last trade,9300.0,7872.481980038706,0.967163927214507,6.6,7.1,6.9,504.0,11.0,6.9,0.1666410151444995,0.12324340440074014,0.007318967458393018,343.46550354850376,1.5243562709430591,0.004438164110206751,0.007500083686611453,0.1247589850684573,0.0015155806677171618
2026-08-27,2027-02-19,0.48186173853524983,SPX270219C10000000,2026-08-27T14:28:13+00:00,-331.78333333333336,call,reference-session last trade,10000.0,7872.481980038706,0.967163927214507,1.3,1.7,1.45,2296.0,1.0,1.45,0.239211707979335,0.1358969720842035,0.008899016333501006,95.31234155423574,1.5243562709430591,0.015993272708295096,0.008965254314895746,0.1364017948952917,0.0005048228110881847
2026-08-27,2027-08-20,0.9801505817932923,SPX270820P05750000,2026-08-27T14:30:38+00:00,-329.3666666666667,put,reference-session last trade,5750.0,8011.137643500851,0.9479231815147929,88.0,89.2,91.0,32.0,15.0,2234.384788870188,-0.33163292408872896,0.27240776241346354,0.07273304331354792,1182.2561136694133,3.361574159397918,0.0028433552768566133,0.07213552617813916,0.2712865115172298,-0.0011212508962337164
2026-08-27,2027-08-20,0.9801505817932923,SPX270820P05800000,2026-08-27T15:24:50+00:00,-275.1666666666667,put,reference-session last trade,5800.0,8011.137643500851,0.9479231815147929,91.5,92.6,93.23,23.0,2.0,2189.218629794448,-0.3229748613456145,0.2687913363985172,0.07081468622367831,1211.1004046067799,3.361574159397918,0.0027756362285167877,0.07082823243180442,0.26881704384331884,2.57074448016259e-05
2026-08-27,2027-08-20,0.9801505817932923,SPX270820P05900000,2026-08-27T20:09:15+00:00,9.25,put,reference-session last trade,5900.0,8011.137643500851,0.9479231815147929,98.4,99.5,100.4,1493.0,6.0,2101.596311642969,-0.3058804279863143,0.2635725051249552,0.06809151713595715,1283.8955559852348,3.361574159397918,0.00261826138717204,0.06825801162482717,0.2638945465382875,0.00032204141333225245
2026-08-27,2027-08-20,0.9801505817932923,SPX270820P05950000,2026-08-27T18:38:23+00:00,-81.61666666666666,put,reference-session last trade,5950.0,8011.137643500851,0.9479231815147929,102.2,103.3,105.32,248.0,1.0,2059.1201525672295,-0.2974415593404497,0.2618385790004545,0.0671985764275588,1327.0831386246232,3.361574159397918,0.002533054683282181,0.06699488572045328,0.261441438422773,-0.00039714057768147626
2026-08-27,2027-08-20,0.9801505817932923,SPX270820P06250000,2026-08-27T14:22:24+00:00,-337.6,put,reference-session last trade,6250.0,8011.137643500851,0.9479231815147929,128.5,129.5,132.74,18.0,2.0,1802.1631981127914,-0.24825131514967796,0.24739631370874388,0.05999005366496845,1573.1904765048946,3.361574159397918,0.0021367877632123837,0.05971917339575947,0.24683713266785925,-0.000559181040884621
2026-08-27,2027-08-20,0.9801505817932923,SPX270820P06375000,2026-08-27T20:06:10+00:00,6.166666666666667,put,reference-session last trade,6375.0,8011.137643500851,0.9479231815147929,141.4,142.4,143.7,6.0,2.0,1694.6328004234424,-0.22844868785349828,0.24005768474565528,0.056483815846541004,1673.8442623747983,3.361574159397918,0.0020082956550740395,0.05683936840276459,0.2408120532646016,0.0007543685189463079
2026-08-27,2027-08-20,0.9801505817932923,SPX270820P06425000,2026-08-27T15:06:30+00:00,-293.5,put,reference-session last trade,6425.0,8011.137643500851,0.9479231815147929,146.6,147.8,149.94,301.0,150.0,1653.4766413477028,-0.22063614811670462,0.23806076500826595,0.05554800319069912,1721.0661795520793,3.361574159397918,0.0019531928518128185,0.055712323492882354,0.2384126168098511,0.00035185180158514573
2026-08-27,2027-08-20,0.9801505817932923,SPX270820P06450000,2026-08-27T17:39:01+00:00,-140.98333333333332,put,reference-session last trade,6450.0,8011.137643500851,0.9479231815147929,149.3,150.4,151.7,282.0,11.0,1631.538561809833,-0.2167526480903069,0.2362319831709112,0.05469784217517996,1739.6927168414031,3.361574159397918,0.0019322804118541191,0.05515413411690222,0.23721526587402222,0.0009832827031110158
2026-08-27,2027-08-20,0.9801505817932923,SPX270820P06475000,2026-08-27T19:52:44+00:00,-7.266666666666667,put,reference-session last trade,6475.0,8011.137643500851,0.9479231815147929,152.4,153.5,154.1,36.0,1.0,1610.240482271963,-0.21288417131238663,0.23475349571891696,0.05401531811993446,1760.6557493262985,3.361574159397918,0.0019092739513014959,0.0545995028292949,0.23601953100935733,0.0012660352904403649
2026-08-27,2027-08-20,0.9801505817932923,SPX270820P06600000,2026-08-27T16:59:20+00:00,-180.66666666666666,put,reference-session last trade,6600.0,8011.137643500851,0.9479231815147929,167.9,169.1,169.44,280.0,1.0,1507.090084582614,-0.19376312986560826,0.22882875675985787,0.05132323277605439,1876.3514742493066,3.361574159397918,0.0017915482283205077,0.051879840342366375,0.23006625038709363,0.0012374936272357695
2026-08-27,2027-08-20,0.9801505817932923,SPX270820P06800000,2026-08-27T16:27:03+00:00,-212.95,put,reference-session last trade,6800.0,8011.137643500851,0.9479231815147929,194.9,196.4,199.21,538.0,40.0,1347.2754482796554,-0.163910166715927,0.22043065949588658,0.047625198853369896,2071.7991926232,3.361574159397918,0.001622538598995048,0.047715281413728806,0.22063903214030672,0.00020837264442014058
2026-08-27,2027-08-20,0.9801505817932923,SPX270820P06825000,2026-08-27T13:39:51+00:00,-380.15,put,reference-session last trade,6825.0,8011.137643500851,0.9479231815147929,199.2,200.5,208.95,6.0,2.0,1333.3173687417857,-0.16024043782696465,0.22209409576338732,0.048346699191015696,2109.969859503884,3.361574159397918,0.0015931858667347614,0.047211064473346484,0.2194701675995456,-0.0026239281638417156
2026-08-27,2027-08-20,0.9801505817932923,SPX270820P06850000,2026-08-27T17:57:20+00:00,-122.66666666666667,put,reference-session last trade,6850.0,8011.137643500851,0.9479231815147929,203.3,204.7,206.5,122.0,2.0,1307.1692892039157,-0.1565841266238542,0.21792983283589482,0.04655069544223797,2118.9557083814575,3.361574159397918,0.0015864296483882722,0.04671051832853067,0.21830362242261925,0.0003737895867244323
2026-08-27,2027-08-20,0.9801505817932923,SPX270820P06900000,2026-08-27T20:07:17+00:00,7.283333333333333,put,reference-session last trade,6900.0,8011.137643500851,0.9479231815147929,211.2,212.5,214.8,439.0,10.0,1268.073130128176,-0.14931136729477443,0.21577463369504768,0.04563452958672432,2167.9074191551745,3.361574159397918,0.0015506078025730042,0.04572049068748776,0.2159777638539285,0.00020313015888082098
2026-08-27,2027-08-20,0.9801505817932923,SPX270820P06950000,2026-08-27T20:13:01+00:00,13.016666666666667,put,reference-session last trade,6950.0,8011.137643500851,0.9479231815147929,218.9,220.4,223.0,242.0,52.0,1228.8769710524364,-0.14209111932128735,0.21343663566614862,0.044650953278919554,2215.9368001440657,3.361574159397918,0.0015169991126007612,0.04474530970100227,0.2136620338663303,0.00022539820018166457
2026-08-27,2027-08-20,0.9801505817932923,SPX270820P07000000,2026-08-27T19:09:08+00:00,-50.86666666666667,put,reference-session last trade,7000.0,8011.137643500851,0.9479231815147929,228.0,229.3,233.0,656.0,23.0,1191.4808119766967,-0.13492262984267478,0.21176132339071133,0.04395275344048838,2266.745653218873,3.361574159397918,0.001482995745298703,0.043785097194140886,0.21135705941532357,-0.0004042639753877586
2026-08-27,2027-08-20,0.9801505817932923,SPX270820P07175000,2026-08-27T20:13:31+00:00,13.516666666666667,put,reference-session last trade,7175.0,8011.137643500851,0.9479231815147929,260.1,261.6,264.8,44.0,10.0,1057.394255211608,-0.11023001725230328,0.20333779806984006,0.04052556091540862,2430.9781462467813,3.361574159397918,0.0013828072311501014,0.04054423151216443,0.20338463271915955,4.683464931948267e-05
2026-08-27,2027-08-20,0.9801505817932923,SPX270820P07250000,2026-08-27T18:33:15+00:00,-86.75,put,reference-session last trade,7250.0,8011.137643500851,0.9479231815147929,275.7,277.1,283.49,575.0,8.0,1004.9900165979985,-0.09983131003140472,0.20123982108038305,0.03969361445768739,2504.2025012360145,3.361574159397918,0.0013423731338574757,0.03921354313314102,0.20001917945313513,-0.0012206416272479148
2026-08-27,2027-08-20,0.9801505817932923,SPX270820P07300000,2026-08-27T17:10:26+00:00,-169.56666666666666,put,reference-session last trade,7300.0,8011.137643500851,0.9479231815147929,287.2,288.6,288.65,131.0,1.0,962.7538575222588,-0.09295843074364266,0.1967484519778613,0.03794158330276566,2542.861469320818,3.361574159397918,0.0013219651168397204,0.03834626566419453,0.19779492182594433,0.0010464698480830148
2026-08-27,2027-08-20,0.9801505817932923,SPX270820P07325000,2026-08-27T17:57:20+00:00,-122.66666666666667,put,reference-session last trade,7325.0,8011.137643500851,0.9479231815147929,292.4,293.7,296.7,128.0,2.0,947.1057779843891,-0.08953962399485703,0.196604418214605,0.03788605179909154,2567.8620853374164,3.361574159397918,0.0013090945104071695,0.03791865100689,0.19668898456392853,8.45663493235227e-05
2026-08-27,2027-08-20,0.9801505817932923,SPX270820P07350000,2026-08-27T13:39:51+00:00,-380.15,put,reference-session last trade,7350.0,8011.137643500851,0.9479231815147929,297.4,298.7,311.5,147.0,4.0,938.2076984465192,-0.08613246567324277,0.19900412113593088,0.03881655086108737,2598.4295665091213,3.361574159397918,0.0012936945464002124,0.03749508444155767,0.1955873520167794,-0.0034167691191514804
2026-08-27,2027-08-20,0.9801505817932923,SPX270820P07400000,2026-08-27T14:46:01+00:00,-313.98333333333335,put,reference-session last trade,7400.0,8011.137643500851,0.9479231815147929,309.3,310.6,317.5,245.0,1.0,896.8115393707795,-0.079352778687864,0.19456442075728264,0.03710390786916593,2635.885219614313,3.361574159397918,0.0012753112822908841,0.036660194225973795,0.19339755520801793,-0.0011668655492647062
2026-08-27,2027-08-20,0.9801505817932923,SPX270820P07425000,2026-08-27T18:09:28+00:00,-110.53333333333333,put,reference-session last trade,7425.0,8011.137643500851,0.9479231815147929,315.7,317.1,322.42,193.0,4.0,878.0334598329098,-0.0759800942092248,0.1930319142721049,0.03652170440537732,2655.9377483286694,3.361574159397918,0.0012656825866921362,0.03624892084152705,0.1923096776440343,-0.0007222366280705828
2026-08-27,2027-08-20,0.9801505817932923,SPX270820P07450000,2026-08-27T17:56:32+00:00,-123.46666666666667,put,reference-session last trade,7450.0,8011.137643500851,0.9479231815147929,321.9,323.2,326.46,106.0,4.0,858.37538029504,-0.07261874650651991,0.19113563605525927,0.035807675922105334,2675.045445158732,3.361574159397918,0.0012566418882646118,0.035841796016396095,0.19122667817044367,9.10421151844032e-05
2026-08-27,2027-08-20,0.9801505817932923,SPX270820P07625000,2026-08-27T16:03:04+00:00,-236.93333333333334,put,reference-session last trade,7625.0,8011.137643500851,0.9479231815147929,367.7,369.0,373.09,87.0,3.0,739.1188235299512,-0.04940045640451273,0.18352834051839667,0.03301407073207471,2808.360437549796,3.361574159397918,0.0011969881481206106,0.033110286847363835,0.1837955831880634,0.0002672426696667396
2026-08-27,2027-08-20,0.9801505817932923,SPX270820P07650000,2026-08-27T17:26:27+00:00,-153.55,put,reference-session last trade,7650.0,8011.137643500851,0.9479231815147929,373.7,375.2,378.4,170.0,79.0,720.7307439920813,-0.046127131059543636,0.181786829308415,0.03239049847770688,2824.7809634150985,3.361574159397918,0.0011900300246054647,0.03273730001306517,0.18275742409219875,0.0009705947837837514
2026-08-27,2027-08-20,0.9801505817932923,SPX270820P07675000,2026-08-27T14:15:46+00:00,-344.23333333333335,put,reference-session last trade,7675.0,8011.137643500851,0.9479231815147929,381.4,383.0,394.1,57.0,4.0,712.7326644542115,-0.042864485424727185,0.18366224427318506,0.03306226296997616,2843.502172776659,3.361574159397918,0.0011821950380700309,0.032368700616598314,0.1817256503957734,-0.0019365938774116576
2026-08-27,2027-08-20,0.9801505817932923,SPX270820P07750000,2026-08-27T20:03:19+00:00,3.316666666666667,put,reference-session last trade,7750.0,8011.137643500851,0.9479231815147929,405.3,406.6,410.4,298.0,1.0,657.938425840602,-0.033139935532732444,0.17815481934596877,0.03110913619963786,2887.1724698572957,3.361574159397918,0.0011643135955657234,0.0312894919488135,0.17867050081416552,0.0005156814681967492
2026-08-27,2027-08-20,0.9801505817932923,SPX270820P07800000,2026-08-27T18:09:28+00:00,-110.53333333333333,put,reference-session last trade,7800.0,8011.137643500851,0.9479231815147929,420.1,421.6,429.06,957.0,2.0,629.2022667648624,-0.026709045202442,0.1769539353525677,0.030691156453827063,2914.1412576433977,3.361574159397918,0.0011535385083276126,0.030592438000738895,0.1766691189685469,-0.00028481638402080844
2026-08-27,2027-08-20,0.9801505817932923,SPX270820P07825000,2026-08-27T16:10:45+00:00,-229.25,put,reference-session last trade,7825.0,8011.137643500851,0.9479231815147929,427.7,429.2,435.54,49.0,2.0,611.9841872269926,-0.02350904247177119,0.17529913230700578,0.03011981741808872,2926.1682255439505,3.361574159397918,0.0011487973008705026,0.030250712918775825,0.17567962916906468,0.00038049686205890443
2026-08-27,2027-08-20,0.9801505817932923,SPX270820P07850000,2026-08-27T13:39:51+00:00,-380.15,put,reference-session last trade,7850.0,8011.137643500851,0.9479231815147929,437.0,438.4,455.65,103.0,2.0,608.3961076891228,-0.020319247103670973,0.17823813879826778,0.031138241247838098,2937.933195311377,3.361574159397918,0.0011441969357106642,0.02991355530615325,0.17469787228186662,-0.003540266516401158
2026-08-27,2027-08-20,0.9801505817932923,SPX270820P07875000,2026-08-27T20:14:05+00:00,14.083333333333334,put,reference-session last trade,7875.0,8011.137643500851,0.9479231815147929,445.8,447.4,452.7,17.0,2.0,581.7480281512529,-0.017139594186291327,0.17327579559858222,0.029428532456769744,2948.0630648998185,3.361574159397918,0.00114026534894095,0.029580989117654305,0.17372404974993363,0.00044825415135141267
2026-08-27,2027-08-20,0.9801505817932923,SPX270820C08050000,2026-08-27T19:16:04+00:00,-43.93333333333333,call,reference-session last trade,8050.0,8011.137643500851,0.9479231815147929,490.5,492.8,479.6,195.0,2.0,479.6,0.004839312532483916,0.16575588341836048,0.02692964986675646,2995.1866025562954,3.361574159397918,0.001122325452620856,0.0273834443069056,0.16714663412451472,0.0013907507061542423
2026-08-27,2027-08-20,0.9801505817932923,SPX270820C08125000,2026-08-27T20:14:25+00:00,14.416666666666666,call,reference-session last trade,8125.0,8011.137643500851,0.9479231815147929,451.4,453.6,441.89,112.0,104.0,441.89,0.014112949317813064,0.16371683869397977,0.02627117528092625,2999.2723855697795,3.361574159397918,0.0011207965557150658,0.026512571556450572,0.16446728598478155,0.0007504472908017867
2026-08-27,2027-08-20,0.9801505817932923,SPX270820C08200000,2026-08-27T20:14:39+00:00,14.65,call,reference-session last trade,8200.0,8011.137643500851,0.9479231815147929,411.2,414.0,403.2,263.0,2.0,403.2,0.023301375372219282,0.1608168613967989,0.02534871600713804,2992.653055208593,3.361574159397918,0.0011232756010748498,0.025684857940767435,0.16187962251863142,0.0010627611218325117
2026-08-27,2027-08-20,0.9801505817932923,SPX270820C08250000,2026-08-27T14:28:37+00:00,-331.3833333333333,call,reference-session last trade,8250.0,8011.137643500851,0.9479231815147929,386.6,389.2,375.9,952.0,7.0,375.9,0.02938042144860159,0.15807066181463642,0.024490369930987382,2981.401151825979,3.361574159397918,0.0011275148791497244,0.02515716298551925,0.16020808553777335,0.0021374237231369386
2026-08-27,2027-08-20,0.9801505817932923,SPX270820C08275000,2026-08-27T15:41:01+00:00,-258.98333333333335,call,reference-session last trade,8275.0,8011.137643500851,0.9479231815147929,373.9,376.0,365.06,24.0,2.0,365.06,0.03240614236513842,0.15754468977145294,0.024327660179372046,2974.1741167966516,3.361574159397918,0.0011302546614246369,0.024900569884191565,0.1593889619819349,0.0018442722104819453
2026-08-27,2027-08-20,0.9801505817932923,SPX270820C08300000,2026-08-27T16:39:35+00:00,-200.41666666666666,call,reference-session last trade,8300.0,8011.137643500851,0.9479231815147929,364.3,366.1,359.75,3298.0,500.0,359.75,0.03542273590456412,0.1588209032245777,0.024723396002144564,2967.241325321256,3.361574159397918,0.0011328954374932644,0.024648818026952256,0.1585811811588044,-0.00023972206577330124
2026-08-27,2027-08-20,0.9801505817932923,SPX270820C08325000,2026-08-27T15:49:36+00:00,-250.4,call,reference-session last trade,8325.0,8011.137643500851,0.9479231815147929,351.3,353.3,339.72,181.0,150.0,339.72,0.03843025696851947,0.1550675403658255,0.02356864411468386,2954.488064439957,3.361574159397918,0.0011377856623817932,0.024401908931406476,0.1577849221825262,0.002717381816700698
2026-08-27,2027-08-20,0.9801505817932923,SPX270820C08375000,2026-08-27T15:55:29+00:00,-244.51666666666668,call,reference-session last trade,8375.0,8011.137643500851,0.9479231815147929,329.0,331.0,323.22,176.0,63.0,323.22,0.044418298813141986,0.15533133458836976,0.02364890024583562,2932.7097834179417,3.361574159397918,0.0011462348502415244,0.023922615856645763,0.15622766156867834,0.0008963269803085872
2026-08-27,2027-08-20,0.9801505817932923,SPX270820C08450000,2026-08-27T19:50:37+00:00,-9.383333333333333,call,reference-session last trade,8450.0,8011.137643500851,0.9479231815147929,296.8,298.7,290.35,60.0,1.0,290.35,0.0533336624710943,0.1524812566280898,0.022789024057471692,2885.7854713493825,3.361574159397918,0.0011648732009957963,0.02323992697399141,0.15398236247445127,0.0015011058463614557
2026-08-27,2027-08-20,0.9801505817932923,SPX270820C08500000,2026-08-27T17:36:05+00:00,-143.91666666666666,call,reference-session last trade,8500.0,8011.137643500851,0.9479231815147929,276.8,278.8,279.31,1412.0,130.0,279.31,0.059233384598282715,0.15404257478825018,0.023258105723112734,2856.7082366855093,3.361574159397918,0.001176729956608442,0.022808873996006646,0.15254765009791219,-0.0014949246903379898
2026-08-27,2027-08-20,0.9801505817932923,SPX270820C08550000,2026-08-27T16:44:26+00:00,-195.56666666666666,call,reference-session last trade,8550.0,8011.137643500851,0.9479231815147929,259.2,261.1,258.13,136.0,28.0,258.13,0.0650985040506807,0.15181091994476295,0.022589094697829243,2813.1680819825456,3.361574159397918,0.0011949425208282933,0.02239696172199495,0.1511639225395337,-0.0006469974052292493
2026-08-27,2027-08-20,0.9801505817932923,SPX270820C08625000,2026-08-27T17:56:32+00:00,-123.46666666666667,call,reference-session last trade,8625.0,8011.137643500851,0.9479231815147929,232.6,234.3,231.66,342.0,4.0,231.66,0.07383218401943528,0.14982294676280505,0.022001357165927812,2741.9538561799527,3.361574159397918,0.0012259776552480757,0.021814672343115432,0.14918595753449113,-0.0006369892283139278
2026-08-27,2027-08-20,0.9801505817932923,SPX270820C08675000,2026-08-27T20:14:48+00:00,14.8,call,reference-session last trade,8675.0,8011.137643500851,0.9479231815147929,215.7,217.2,210.3,36.0,4.0,210.3,0.07961254693493483,0.14676195277119924,0.02111153275749549,2679.00102125166,3.361574159397918,0.0012547864419354914,0.021449938909552105,0.14793353281283378,0.0011715800416345346
2026-08-27,2027-08-20,0.9801505817932923,SPX270820C08750000,2026-08-27T18:40:15+00:00,-79.75,call,reference-session last trade,8750.0,8011.137643500851,0.9479231815147929,193.6,195.0,187.75,327.0,106.0,187.75,0.08822092147153497,0.14513484155243062,0.02064601166110005,2589.4163803792194,3.361574159397918,0.001298197611195159,0.020937482922450908,0.14615572583352704,0.0010208842810964236
2026-08-27,2027-08-20,0.9801505817932923,SPX270820C08800000,2026-08-27T19:57:07+00:00,-2.8833333333333333,call,reference-session last trade,8800.0,8011.137643500851,0.9479231815147929,178.4,179.9,176.7,1082.0,109.0,176.7,0.09391894258617262,0.14526714096735902,0.0206836690585882,2533.3224582352173,3.361574159397918,0.0013269428644862226,0.020618567750911795,0.145038348531518,-0.0002287924358410076
2026-08-27,2027-08-20,0.9801505817932923,SPX270820C08850000,2026-08-27T19:59:52+00:00,-0.13333333333333333,call,reference-session last trade,8850.0,8011.137643500851,0.9479231815147929,166.0,167.4,163.9,917.0,369.0,163.9,0.0995846801218501,0.14446507881353735,0.02045589848263753,2467.5384639871822,3.361574159397918,0.0013623188487064573,0.02031749292440117,0.14397552060161845,-0.0004895582119189001
2026-08-27,2027-08-20,0.9801505817932923,SPX270820C08900000,2026-08-27T19:58:58+00:00,-1.0333333333333334,call,reference-session last trade,8900.0,8011.137643500851,0.9479231815147929,153.3,154.7,151.5,840.0,54.0,151.5,0.105218497840106,0.143554959897339,0.02019896917449233,2397.49709688842,3.361574159397918,0.0014021181355175448,0.020033938594076914,0.1429673173524919,-0.0005876425448470834
2026-08-27,2027-08-20,0.9801505817932923,SPX270820C08950000,2026-08-27T19:59:23+00:00,-0.6166666666666667,call,reference-session last trade,8950.0,8011.137643500851,0.9479231815147929,141.6,142.9,140.4,1782.0,43.0,140.4,0.11082075338877598,0.1429197492653986,0.02002060942743386,2327.0020803689777,3.361574159397918,0.0014445943936865304,0.01976755981112156,0.14201366309486047,-0.0009060861705381396
2026-08-27,2027-08-20,0.9801505817932923,SPX270820C09000000,2026-08-27T19:59:03+00:00,-0.95,call,reference-session last trade,9000.0,8011.137643500851,0.9479231815147929,131.3,132.8,129.4,2294.0,26.0,129.4,0.11639179843823126,0.14206013626523772,0.019780499572949632,2251.6803139651283,3.361574159397918,0.001492918039274548,0.019517988721698076,0.1411143339745231,-0.0009458022907146146
2026-08-27,2027-08-20,0.9801505817932923,SPX270820C09050000,2026-08-27T19:57:10+00:00,-2.8333333333333335,call,reference-session last trade,9050.0,8011.137643500851,0.9479231815147929,121.0,122.5,118.9,848.0,9.0,118.9,0.12193197881384675,0.1411440274864207,0.019526203600934475,2173.2182204580254,3.361574159397918,0.0015468185052716133,0.01928483692720693,0.14026896238695377,-0.0008750650994669151
2026-08-27,2027-08-20,0.9801505817932923,SPX270820C09100000,2026-08-27T19:50:37+00:00,-9.383333333333333,call,reference-session last trade,9100.0,8011.137643500851,0.9479231815147929,111.1,112.5,107.55,132.0,1.0,107.55,0.12744163462481628,0.13952604669191365,0.019081098805091627,2083.680212345836,3.361574159397918,0.001613286981121451,0.01906769796364692,0.13947704283599452,-4.900385591913303e-05
2026-08-27,2027-08-20,0.9801505817932923,SPX270820C09200000,2026-08-27T16:44:26+00:00,-195.56666666666666,call,reference-session last trade,9200.0,8011.137643500851,0.9479231815147929,94.2,95.5,93.49,389.0,96.0,93.49,0.13837070515700656,0.13966956513906956,0.01912037316511149,1943.5209320928504,3.361574159397918,0.0017296310545922748,0.018679757689039955,0.13805089232341117,-0.0016186728156583896
2026-08-27,2027-08-20,0.9801505817932923,SPX270820C09300000,2026-08-27T13:36:04+00:00,-383.93333333333334,call,reference-session last trade,9300.0,8011.137643500851,0.9479231815147929,78.9,80.1,72.6,154.0,100.0,72.6,0.14918162126122222,0.13502142306451817,0.017868914216891445,1729.8094018684856,3.361574159397918,0.0019433205506727224,0.01835065224938768,0.13682937764544703,0.001807954580928861
2026-08-27,2027-08-20,0.9801505817932923,SPX270820C09400000,2026-08-27T17:01:48+00:00,-178.2,call,reference-session last trade,9400.0,8011.137643500851,0.9479231815147929,66.5,67.7,66.98,171.0,9.0,66.98,0.1598769103779702,0.1380499609626782,0.01867950564381469,1635.2609067072462,3.361574159397918,0.002055680622957451,0.01807673974783846,0.13580434077957673,-0.0022456201831014544
2026-08-27,2027-08-20,0.9801505817932923,SPX270820C09500000,2026-08-27T20:13:57+00:00,13.95,call,reference-session last trade,9500.0,8011.137643500851,0.9479231815147929,55.1,56.3,53.5,74.0,7.0,53.5,0.170459019708507,0.13539304140795552,0.017967410504824904,1451.7775568745808,3.361574159397918,0.0023154884462016274,0.017854327618809916,0.1349663020509289,-0.00042673935702661203
2026-08-27,2027-08-20,0.9801505817932923,SPX270820C09600000,2026-08-27T18:43:33+00:00,-76.45,call,reference-session last trade,9600.0,8011.137643500851,0.9479231815147929,46.0,46.9,44.16,437.0,20.0,44.16,0.1809303195758024,0.13435327847044043,0.017692505489392323,1298.8902120316588,3.361574159397918,0.002588035638624078,0.01767973972313829,0.13430479941128595,-4.847905915447703e-05
2026-08-27,2027-08-20,0.9801505817932923,SPX270820C10000000,2026-08-27T19:28:43+00:00,-31.283333333333335,call,reference-session last trade,10000.0,8011.137643500851,0.9479231815147929,21.1,21.8,19.9,276.0,113.0,19.9,0.22175231409605764,0.1313653083581994,0.01691430592179615,781.5513462120106,3.361574159397918,0.004301155868633137,0.01738953927026905,0.13319797944247508,0.0018326710842756777
2026-08-27,2027-08-20,0.9801505817932923,SPX270820C10200000,2026-08-27T14:52:27+00:00,-307.55,call,reference-session last trade,10200.0,8011.137643500851,0.9479231815147929,14.5,15.1,13.99,817.0,2.0,13.99,0.24155494139223724,0.13179370213097683,0.017024803865454168,608.594357173919,3.361574159397918,0.005523505303282455,0.017444673440488594,0.13340896687152456,0.0016152647405477394
