expiration,maturity_years,contract_symbol,last_trade_utc,minutes_from_reference_close,source_option_type,source_price_type,strike,forward,discount,displayed_bid,displayed_ask,last_trade_price,open_interest,volume,call_equivalent_mid,log_moneyness,implied_volatility,total_variance,black_vega,price_noise_scale,iv_uncertainty_approx
2026-09-18,0.06023271731690623,SPX260918P05475000,2026-08-27T19:59:48+00:00,-0.2,put,reference-session last trade,5475.0,7740.847104954341,0.9977591759338174,0.4,0.6,0.5,1236.0,1.0,2261.269740231269,-0.34631885099493515,0.49452391776341453,0.014730146243070993,10.828502748720563,1.9068794578747656,0.1760981644576922
2026-09-18,0.06023271731690623,SPX260918P05500000,2026-08-27T19:59:54+00:00,-0.1,put,reference-session last trade,5500.0,7740.847104954341,0.9977591759338174,0.4,0.6,0.45,13222.0,3.0,2236.275760832924,-0.3417630344590744,0.4837634926004411,0.01409608916907733,10.100734864071566,1.9068794578747656,0.18878621046252372
2026-09-18,0.06023271731690623,SPX260918P05525000,2026-08-27T19:59:46+00:00,-0.23333333333333334,put,reference-session last trade,5525.0,7740.847104954341,0.9977591759338174,0.45,0.55,0.55,4379.0,1.0,2211.4317814345786,-0.33722787929368314,0.48689113125843264,0.014278947081063814,11.890467895319903,1.9068794578747656,0.16037043072336243
2026-09-18,0.06023271731690623,SPX260918P05550000,2026-08-27T19:55:11+00:00,-4.816666666666666,put,reference-session last trade,5550.0,7740.847104954341,0.9977591759338174,0.45,0.65,0.6,3655.0,1.0,2186.537802036233,-0.33271319893915646,0.48490815755707034,0.01416287547662871,12.834683187714386,1.9068794578747656,0.14857238234754938
2026-09-18,0.06023271731690623,SPX260918P05630000,2026-08-27T13:39:45+00:00,-380.25,put,reference-session last trade,5630.0,7740.847104954341,0.9977591759338174,0.55,0.7,0.75,171.0,4.0,2106.867067961528,-0.31840168454590057,0.47605909263158075,0.013650676832028714,15.706144798415933,1.9068794578747656,0.12140977192997017
2026-09-18,0.06023271731690623,SPX260918P05775000,2026-08-27T14:37:16+00:00,-322.73333333333335,put,reference-session last trade,5775.0,7740.847104954341,0.9977591759338174,0.65,0.85,0.85,1315.0,2.0,1962.2919874511242,-0.2929728702896425,0.44684690056329507,0.012026796320182102,18.391967626205574,1.9068794578747656,0.10368001383156913
2026-09-18,0.06023271731690623,SPX260918P05800000,2026-08-27T19:00:53+00:00,-59.11666666666667,put,reference-session last trade,5800.0,7740.847104954341,0.9977591759338174,0.7,0.85,0.9,9578.0,13.0,1937.3980080527788,-0.28865320914512604,0.4434668321606704,0.011845536720015454,19.405227312232828,1.9068794578747656,0.09826627780199675
2026-09-18,0.06023271731690623,SPX260918P05825000,2026-08-27T14:17:49+00:00,-342.18333333333334,put,reference-session last trade,5825.0,7740.847104954341,0.9977591759338174,0.75,0.9,0.95,1444.0,1.0,1912.5040286544333,-0.28435212724573544,0.43994241647930715,0.011658002069783293,20.426705068053604,1.9068794578747656,0.09335227837880886
2026-09-18,0.06023271731690623,SPX260918P05875000,2026-08-27T14:26:49+00:00,-333.18333333333334,put,reference-session last trade,5875.0,7740.847104954341,0.9977591759338174,0.8,0.95,1.0,2061.0,2.0,1862.6660698577425,-0.27580506666727705,0.43024959053829825,0.011149962008170328,21.71202511599674,1.9068794578747656,0.08782596039232823
2026-09-18,0.06023271731690623,SPXW260918P05900000,2026-08-27T15:44:04+00:00,-255.93333333333334,put,reference-session last trade,5900.0,7740.847104954341,0.9977591759338174,0.85,0.95,1.1,1743.0,1.0,1837.822090459397,-0.27155877578582593,0.4286266781809113,0.011066004773346627,23.550285867461305,1.9068794578747656,0.08097054399282012
2026-09-18,0.06023271731690623,SPX260918P05910000,2026-08-27T14:27:54+00:00,-332.1,put,reference-session last trade,5910.0,7740.847104954341,0.9977591759338174,0.85,1.0,1.05,515.0,1.0,1827.7944987000587,-0.2698652952794929,0.4240554691443357,0.010831230390272135,22.87664705558018,1.9068794578747656,0.0833548488658276
2026-09-18,0.06023271731690623,SPX260918P05920000,2026-08-27T15:40:49+00:00,-259.18333333333334,put,reference-session last trade,5920.0,7740.847104954341,0.9977591759338174,0.85,1.05,1.05,241.0,25.0,1817.8169069407206,-0.2681746778015854,0.4216465163023563,0.01070852091339655,22.986905335291485,1.9068794578747656,0.08295503157387434
2026-09-18,0.06023271731690623,SPX260918P05925000,2026-08-27T15:56:31+00:00,-243.48333333333332,put,reference-session last trade,5925.0,7740.847104954341,0.9977591759338174,0.85,1.1,1.03,12703.0,10.0,1812.8081110610515,-0.2673304396763048,0.4195691661006866,0.010603264265936652,22.72225231691277,1.9068794578747656,0.08392123418396447
2026-09-18,0.06023271731690623,SPX260918P05960000,2026-08-27T14:20:50+00:00,-339.1666666666667,put,reference-session last trade,5960.0,7740.847104954341,0.9977591759338174,0.9,1.05,1.15,205.0,1.0,1778.006539903368,-0.2614406456202413,0.41616853867316544,0.010432080922080427,25.03512910507794,1.9068794578747656,0.07616814955781429
2026-09-18,0.06023271731690623,SPX260918P05975000,2026-08-27T14:27:04+00:00,-332.93333333333334,put,reference-session last trade,5975.0,7740.847104954341,0.9977591759338174,0.95,1.15,1.15,2093.0,1.0,1763.0401522643608,-0.2589270288799253,0.41254912410811356,0.01025141452608399,25.219581813024863,1.9068794578747656,0.07561106571917628
2026-09-18,0.06023271731690623,SPXW260918P06025000,2026-08-27T15:43:58+00:00,-256.03333333333336,put,reference-session last trade,6025.0,7740.847104954341,0.9977591759338174,1.05,1.2,1.3,261.0,1.0,1713.30219346767,-0.250593647320781,0.40608167557266145,0.009932515261299946,28.2356205702379,1.9068794578747656,0.06753453330807027
2026-09-18,0.06023271731690623,SPX260918P06030000,2026-08-27T14:39:18+00:00,-320.7,put,reference-session last trade,6030.0,7740.847104954341,0.9977591759338174,1.0,1.2,1.25,828.0,1.0,1708.2633975880008,-0.24976411595840559,0.4030789986039656,0.009786170952888886,27.521042107802153,1.9068794578747656,0.0692880542243046
2026-09-18,0.06023271731690623,SPXW260918P06050000,2026-08-27T14:02:47+00:00,-357.21666666666664,put,reference-session last trade,6050.0,7740.847104954341,0.9977591759338174,1.1,1.25,1.39,737.0,30.0,1688.4482140693244,-0.24645285465474956,0.40310492732279246,0.009787430016432863,29.992755500610908,1.9068794578747656,0.06357800162228927
2026-09-18,0.06023271731690623,SPX260918P06070000,2026-08-27T14:23:58+00:00,-336.03333333333336,put,reference-session last trade,6070.0,7740.847104954341,0.9977591759338174,1.1,1.25,1.35,234.0,1.0,1668.453030550648,-0.24315252162609277,0.39691344932688977,0.009489079528116437,29.672673187431098,1.9068794578747656,0.06426382435548447
2026-09-18,0.06023271731690623,SPX260918P06075000,2026-08-27T18:52:35+00:00,-67.41666666666667,put,reference-session last trade,6075.0,7740.847104954341,0.9977591759338174,1.05,1.25,1.37,2251.0,503.0,1663.4842346709788,-0.2423291374708875,0.3963730623413819,0.009463258864058785,30.06199495335901,1.9068794578747656,0.0634315673604921
2026-09-18,0.06023271731690623,SPX260918P06080000,2026-08-27T14:28:37+00:00,-331.3833333333333,put,reference-session last trade,6080.0,7740.847104954341,0.9977591759338174,1.1,1.3,1.35,498.0,1.0,1658.47543879131,-0.24150643071942401,0.39449582085824636,0.009373834247342026,29.824114593250435,1.9068794578747656,0.06393750439472613
2026-09-18,0.06023271731690623,SPX260918P06090000,2026-08-27T14:16:57+00:00,-343.05,put,reference-session last trade,6090.0,7740.847104954341,0.9977591759338174,1.05,1.25,1.4,236.0,1.0,1648.5478470319717,-0.239863044975694,0.3937274251473198,0.009337353256369727,30.76413002396034,1.9068794578747656,0.06198385770667369
2026-09-18,0.06023271731690623,SPXW260918P06100000,2026-08-27T15:43:42+00:00,-256.3,put,reference-session last trade,6100.0,7740.847104954341,0.9977591759338174,1.2,1.3,1.45,2205.0,164.0,1638.6202552726336,-0.2382223555182341,0.39290388817017124,0.00929833329900957,31.703433244385426,1.9068794578747656,0.06014741189623265
2026-09-18,0.06023271731690623,SPX260918P06110000,2026-08-27T14:13:15+00:00,-346.75,put,reference-session last trade,6110.0,7740.847104954341,0.9977591759338174,1.1,1.3,1.45,215.0,1.0,1628.6426635132955,-0.2365843535139957,0.39047814331656444,0.009183873973921784,31.86690943857136,1.9068794578747656,0.05983885765736352
2026-09-18,0.06023271731690623,SPX260918P06120000,2026-08-27T14:30:00+00:00,-330.0,put,reference-session last trade,6120.0,7740.847104954341,0.9977591759338174,1.1,1.3,1.4,242.0,1.0,1618.6150717539574,-0.23494903017326493,0.3864747672930109,0.008996524042688877,31.24333124818306,1.9068794578747656,0.06103316713340736
2026-09-18,0.06023271731690623,SPX260918P06130000,2026-08-27T14:28:46+00:00,-331.23333333333335,put,reference-session last trade,6130.0,7740.847104954341,0.9977591759338174,1.15,1.35,1.45,286.0,1.0,1608.687479994619,-0.2333163767493796,0.38563504977696655,0.00895747191119134,32.198717672832394,1.9068794578747656,0.05922221739543657
2026-09-18,0.06023271731690623,SPX260918P06140000,2026-08-27T14:38:49+00:00,-321.18333333333334,put,reference-session last trade,6140.0,7740.847104954341,0.9977591759338174,1.15,1.35,1.45,228.0,1.0,1598.709888235281,-0.23168638453844856,0.38321766158518583,0.008845522451247081,32.36710227563169,1.9068794578747656,0.05891412340950902
2026-09-18,0.06023271731690623,SPX260918P06150000,2026-08-27T19:59:29+00:00,-0.5166666666666667,put,reference-session last trade,6150.0,7740.847104954341,0.9977591759338174,1.2,1.35,1.45,6604.0,8.0,1588.7322964759428,-0.23005904487907314,0.38080301936295236,0.008734402930131974,32.537176559299716,1.9068794578747656,0.058606174828951
2026-09-18,0.06023271731690623,SPX260918P06160000,2026-08-27T14:13:34+00:00,-346.43333333333334,put,reference-session last trade,6160.0,7740.847104954341,0.9977591759338174,1.2,1.4,1.55,652.0,1.0,1578.8547047166044,-0.22843434915207123,0.381376563086616,0.008760733259900646,34.28859275381297,1.9068794578747656,0.055612648543668104
2026-09-18,0.06023271731690623,SPX260918P06180000,2026-08-27T14:20:47+00:00,-339.21666666666664,put,reference-session last trade,6180.0,7740.847104954341,0.9977591759338174,1.3,1.5,1.55,238.0,1.0,1558.8995211979282,-0.22519285522790022,0.37652937799629665,0.008539455701229616,34.653037939823065,1.9068794578747656,0.05502777162528054
2026-09-18,0.06023271731690623,SPX260918P06190000,2026-08-27T14:26:07+00:00,-333.8833333333333,put,reference-session last trade,6190.0,7740.847104954341,0.9977591759338174,1.3,1.5,1.55,422.0,1.0,1548.92192943859,-0.2235760400009949,0.3741098045946583,0.008430059437822792,34.83806489200117,1.9068794578747656,0.05473551598764562
2026-09-18,0.06023271731690623,SPX260918P06200000,2026-08-27T20:05:26+00:00,5.433333333333334,put,reference-session last trade,6200.0,7740.847104954341,0.9977591759338174,1.3,1.45,1.6,17588.0,236.0,1538.9943376792517,-0.22196183464645375,0.37310451207891576,0.008384814490185374,35.81661069811125,1.9068794578747656,0.05324008667228033
2026-09-18,0.06023271731690623,SPX260918P06210000,2026-08-27T14:17:48+00:00,-342.2,put,reference-session last trade,6210.0,7740.847104954341,0.9977591759338174,1.3,1.45,1.65,494.0,1.0,1529.0667459199137,-0.22035023075211224,0.3720562054219464,0.008337763284997964,36.79609751794191,1.9068794578747656,0.051822872165858465
2026-09-18,0.06023271731690623,SPXW260918P06225000,2026-08-27T18:08:52+00:00,-111.13333333333334,put,reference-session last trade,6225.0,7740.847104954341,0.9977591759338174,1.4,1.5,1.7,345.0,8.0,1514.1503582809064,-0.2179376843467283,0.3697510600356392,0.008234766928800917,37.87895061910208,1.9068794578747656,0.050341401403901094
2026-09-18,0.06023271731690623,SPX260918P06230000,2026-08-27T14:20:02+00:00,-339.96666666666664,put,reference-session last trade,6230.0,7740.847104954341,0.9977591759338174,1.4,1.55,1.7,494.0,1.0,1509.1615624012375,-0.21713479389813786,0.3685357602602552,0.008180723737147965,37.981607567828654,1.9068794578747656,0.05020533831985403
2026-09-18,0.06023271731690623,SPX260918P06250000,2026-08-27T19:59:54+00:00,-0.1,put,reference-session last trade,6250.0,7740.847104954341,0.9977591759338174,1.45,1.6,1.6,8313.0,38.0,1489.1063788825609,-0.2139296629491895,0.36102117556330643,0.00785050886382603,36.801257593474766,1.9068794578747656,0.051815605839863325
2026-09-18,0.06023271731690623,SPXW260918P06275000,2026-08-27T19:34:44+00:00,-25.266666666666666,put,reference-session last trade,6275.0,7740.847104954341,0.9977591759338174,1.55,1.7,1.83,23833.0,18.0,1464.3923994842155,-0.20993764167965204,0.3608806801860935,0.007844399828322258,40.98114115209135,1.9068794578747656,0.046530657865232576
2026-09-18,0.06023271731690623,SPX260918P06290000,2026-08-27T14:14:34+00:00,-345.43333333333334,put,reference-session last trade,6290.0,7740.847104954341,0.9977591759338174,1.45,1.65,1.9,771.0,1.0,1449.4960118452084,-0.20755005598515044,0.3589005339324359,0.007758551818353801,42.413650389432775,1.9068794578747656,0.044959097846241
2026-09-18,0.06023271731690623,SPX260918P06310000,2026-08-27T16:54:32+00:00,-185.46666666666667,put,reference-session last trade,6310.0,7740.847104954341,0.9977591759338174,1.55,1.75,1.8,976.0,151.0,1429.4408283265318,-0.20437545014437783,0.35164570525141303,0.007448058711783163,41.31208040652346,1.9068794578747656,0.04615791408010662
2026-09-18,0.06023271731690623,SPX260918P06320000,2026-08-27T14:13:10+00:00,-346.8333333333333,put,reference-session last trade,6320.0,7740.847104954341,0.9977591759338174,1.55,1.7,2.0,943.0,1.0,1419.6632365671937,-0.20279191853873355,0.3538624470946574,0.007542258431770084,44.68775831053955,1.9068794578747656,0.04267118177250414
2026-09-18,0.06023271731690623,SPXW260918P06325000,2026-08-27T19:34:44+00:00,-25.266666666666666,put,reference-session last trade,6325.0,7740.847104954341,0.9977591759338174,1.6,1.7,1.98,357.0,8.0,1414.6544406875246,-0.20200109208391567,0.35219103440031424,0.007471177395381775,44.50447499425767,1.9068794578747656,0.04284691501519357
2026-09-18,0.06023271731690623,SPX260918P06330000,2026-08-27T17:45:00+00:00,-135.0,put,reference-session last trade,6330.0,7740.847104954341,0.9977591759338174,1.6,1.75,1.9,2254.0,20.0,1409.5856448078557,-0.20121089054141478,0.34915124687944243,0.007342765367130255,43.37747435178114,1.9068794578747656,0.04396013106734663
2026-09-18,0.06023271731690623,SPX260918P06360000,2026-08-27T19:37:32+00:00,-22.466666666666665,put,reference-session last trade,6360.0,7740.847104954341,0.9977591759338174,1.65,1.8,2.01,813.0,1.0,1379.762869529841,-0.19648274934546883,0.34430871430242255,0.007140497731364597,45.87429339973001,1.9068794578747656,0.041567494920499166
2026-09-18,0.06023271731690623,SPX260918P06375000,2026-08-27T18:44:50+00:00,-75.16666666666667,put,reference-session last trade,6375.0,7740.847104954341,0.9977591759338174,1.75,1.9,2.1,3758.0,6.0,1364.8864818908337,-0.19412703565300976,0.3425676492496079,0.007068465639624512,47.68577433333631,1.9068794578747656,0.039988434381817275
2026-09-18,0.06023271731690623,SPX260918P06400000,2026-08-27T19:55:05+00:00,-4.916666666666667,put,reference-session last trade,6400.0,7740.847104954341,0.9977591759338174,1.7,1.9,2.1,17606.0,26.0,1339.9425024924883,-0.19021313633187356,0.33645643877963965,0.006818520395121431,48.38604947057744,1.9068794578747656,0.03940969512368022
2026-09-18,0.06023271731690623,SPX260918P06425000,2026-08-27T18:12:08+00:00,-107.86666666666666,put,reference-session last trade,6425.0,7740.847104954341,0.9977591759338174,1.75,1.95,2.2,2853.0,1.0,1315.098523094143,-0.18631449591621624,0.3323631598409682,0.006653623382418632,50.69058798093759,1.9068794578747656,0.03761801813369882
2026-09-18,0.06023271731690623,SPX260918P06525000,2026-08-27T18:44:59+00:00,-75.01666666666667,put,reference-session last trade,6525.0,7740.847104954341,0.9977591759338174,2.15,2.35,2.6,3670.0,3.0,1215.7226055007611,-0.1708701734887426,0.3149927133251661,0.005976314874346081,60.30642657762612,1.9068794578747656,0.0316198383172354
2026-09-18,0.06023271731690623,SPXW260918P06550000,2026-08-27T20:09:45+00:00,9.75,put,reference-session last trade,6550.0,7740.847104954341,0.9977591759338174,2.35,2.4,2.75,689.0,26.0,1190.9286261024158,-0.16704607705033914,0.3112211922304566,0.005834058510208432,63.59626396275629,1.9068794578747656,0.029984142763346704
2026-09-18,0.06023271731690623,SPX260918P06560000,2026-08-27T13:35:42+00:00,-384.3,put,reference-session last trade,6560.0,7740.847104954341,0.9977591759338174,2.2,2.35,3.11,466.0,4.0,1181.3110343430774,-0.16552052374150203,0.31413692163301926,0.005943885343538763,69.41968571678991,1.9068794578747656,0.02746885754646345
2026-09-18,0.06023271731690623,SPXW260918P06575000,2026-08-27T19:25:24+00:00,-34.6,put,reference-session last trade,6575.0,7740.847104954341,0.9977591759338174,2.45,2.5,2.9,406.0,11.0,1166.1346467040705,-0.16323654863367143,0.30730064676143076,0.005687997604380179,66.9315116134664,1.9068794578747656,0.02849001033903301
2026-09-18,0.06023271731690623,SPXW260918P06610000,2026-08-27T15:41:15+00:00,-258.75,put,reference-session last trade,6610.0,7740.847104954341,0.9977591759338174,2.45,2.6,2.95,62.0,1.0,1131.2630755463867,-0.15792747283390476,0.2993119978959115,0.005396108927741895,69.24502871874563,1.9068794578747656,0.027538142349828296
2026-09-18,0.06023271731690623,SPX260918P06625000,2026-08-27T17:58:26+00:00,-121.56666666666666,put,reference-session last trade,6625.0,7740.847104954341,0.9977591759338174,2.45,2.6,2.93,2184.0,23.0,1116.2766879073795,-0.15566075482521377,0.29528947165412034,0.005252044313579549,69.62204566025913,1.9068794578747656,0.027389017943826793
2026-09-18,0.06023271731690623,SPX260918P06630000,2026-08-27T20:03:56+00:00,3.933333333333333,put,reference-session last trade,6630.0,7740.847104954341,0.9977591759338174,2.45,2.65,3.0,542.0,2.0,1111.3578920277105,-0.15490632249972855,0.29504024695407277,0.0052431825902802065,70.94495786688735,1.9068794578747656,0.026878294317301685
2026-09-18,0.06023271731690623,SPX260918P06650000,2026-08-27T19:58:15+00:00,-1.75,put,reference-session last trade,6650.0,7740.847104954341,0.9977591759338174,2.5,2.7,2.84,10662.0,4.0,1091.242708509034,-0.1518942720297369,0.2877912721020709,0.004988703514192528,69.36154444653732,1.9068794578747656,0.02749188290270202
2026-09-18,0.06023271731690623,SPX260918P06675000,2026-08-27T15:30:33+00:00,-269.45,put,reference-session last trade,6675.0,7740.847104954341,0.9977591759338174,2.6,2.85,3.2,3093.0,17.0,1066.6587291106887,-0.14814192241118646,0.2865127117020631,0.0049444756941030244,76.27752724403923,1.9068794578747656,0.024999230137258813
2026-09-18,0.06023271731690623,SPX260918P06700000,2026-08-27T19:37:32+00:00,-22.466666666666665,put,reference-session last trade,6700.0,7740.847104954341,0.9977591759338174,2.75,2.95,3.0,20038.0,4.0,1041.5147497123432,-0.1444036003005793,0.27762306840767337,0.004642410673418254,74.41619649167956,1.9068794578747656,0.025624521915574832
2026-09-18,0.06023271731690623,SPXW260918P06770000,2026-08-27T15:43:22+00:00,-256.6333333333333,put,reference-session last trade,6770.0,7740.847104954341,0.9977591759338174,3.3,3.5,3.9,111.0,1.0,972.5716073969759,-0.13401003977331602,0.2708135407482439,0.004417465913092995,92.57934306618591,1.9068794578747656,0.020597245505528355
2026-09-18,0.06023271731690623,SPXW260918P06790000,2026-08-27T18:57:20+00:00,-62.666666666666664,put,reference-session last trade,6790.0,7740.847104954341,0.9977591759338174,3.4,3.6,4.13,116.0,1.0,952.8464238782996,-0.13106018512689488,0.2681153317185189,0.0043298789438896415,97.39033436709241,1.9068794578747656,0.019579760869155496
2026-09-18,0.06023271731690623,SPXW260918P06800000,2026-08-27T19:55:14+00:00,-4.766666666666667,put,reference-session last trade,6800.0,7740.847104954341,0.9977591759338174,3.4,3.6,3.93,1390.0,37.0,942.6688321189614,-0.12958851451543862,0.2634774369185066,0.004181376905771948,95.09775091898591,1.9068794578747656,0.02005178292280795
2026-09-18,0.06023271731690623,SPX260918P06810000,2026-08-27T20:11:46+00:00,11.766666666666667,put,reference-session last trade,6810.0,7740.847104954341,0.9977591759338174,3.3,3.5,3.97,573.0,3.0,932.7312403596233,-0.12811900653607866,0.26134224297627107,0.004113880616577968,96.42150984135355,1.9068794578747656,0.019776494487715825
2026-09-18,0.06023271731690623,SPXW260918P06820000,2026-08-27T16:36:35+00:00,-203.41666666666666,put,reference-session last trade,6820.0,7740.847104954341,0.9977591759338174,3.7,3.9,4.0,232.0,7.0,922.7836486002851,-0.12665165484212892,0.25909664776328684,0.004043486936092539,97.60878705372335,1.9068794578747656,0.01953594051758096
2026-09-18,0.06023271731690623,SPXW260918P06840000,2026-08-27T16:23:57+00:00,-216.05,put,reference-session last trade,6840.0,7740.847104954341,0.9977591759338174,3.6,3.9,4.25,60.0,3.0,903.0784650816087,-0.12372339506304054,0.2564618103763276,0.003961666047893429,102.92578584239133,1.9068794578747656,0.018526741790388084
2026-09-18,0.06023271731690623,SPX260918P06860000,2026-08-27T13:40:35+00:00,-379.4166666666667,put,reference-session last trade,6860.0,7740.847104954341,0.9977591759338174,3.7,3.9,5.0,796.0,50.0,883.8732815629323,-0.12080368495970578,0.25813497077960146,0.004013526595664573,115.51124664264262,1.9068794578747656,0.016508171397146137
2026-09-18,0.06023271731690623,SPXW260918P06870000,2026-08-27T14:52:45+00:00,-307.25,put,reference-session last trade,6870.0,7740.847104954341,0.9977591759338174,3.8,4.0,4.5,83.0,2.0,873.3956898035942,-0.11934702046324167,0.25107640446952706,0.0037970320038045228,109.12882747713608,1.9068794578747656,0.017473654779936877
2026-09-18,0.06023271731690623,SPXW260918P06880000,2026-08-27T14:27:02+00:00,-332.96666666666664,put,reference-session last trade,6880.0,7740.847104954341,0.9977591759338174,4.1,4.2,4.8,147.0,1.0,863.718098044256,-0.11789247475224734,0.25116065245753305,0.0037995805983399356,114.42548745769855,1.9068794578747656,0.01666481393474257
2026-09-18,0.06023271731690623,SPXW260918P06890000,2026-08-27T20:07:57+00:00,7.95,put,reference-session last trade,6890.0,7740.847104954341,0.9977591759338174,4.2,4.4,4.71,77.0,7.0,853.6505062849179,-0.11644004167193243,0.2477657083731811,0.003697556789608796,114.00261905292614,1.9068794578747656,0.016726628508328303
2026-09-18,0.06023271731690623,SPX260918P06900000,2026-08-27T19:13:49+00:00,-46.18333333333333,put,reference-session last trade,6900.0,7740.847104954341,0.9977591759338174,3.9,4.1,4.64,25060.0,821.0,843.6029145255796,-0.11498971509428593,0.2445502343534825,0.003602206643919372,113.86545915361641,1.9068794578747656,0.016746777047657497
2026-09-18,0.06023271731690623,SPXW260918P06915000,2026-08-27T13:52:56+00:00,-367.06666666666666,put,reference-session last trade,6915.0,7740.847104954341,0.9977591759338174,4.4,4.7,5.5,24.0,4.0,829.4965268865724,-0.11281816158077809,0.24773275745474407,0.0036965733622310285,127.72220415665616,1.9068794578747656,0.01492989782368542
2026-09-18,0.06023271731690623,SPXW260918P06925000,2026-08-27T16:24:33+00:00,-215.45,put,reference-session last trade,6925.0,7740.847104954341,0.9977591759338174,4.2,4.4,5.0,234.0,5.0,819.0189351272343,-0.11137307462409743,0.24108288954601972,0.003500783331693042,121.58244154709897,1.9068794578747656,0.015683839159752955
2026-09-18,0.06023271731690623,SPXW260918P06950000,2026-08-27T19:16:58+00:00,-43.03333333333333,put,reference-session last trade,6950.0,7740.847104954341,0.9977591759338174,4.6,4.8,5.3,2350.0,39.0,794.3749557288887,-0.10776946712079885,0.2369013213004238,0.003380394778221782,128.52489090053925,1.9068794578747656,0.014836654942974668
2026-09-18,0.06023271731690623,SPX260918P06960000,2026-08-27T16:54:13+00:00,-185.78333333333333,put,reference-session last trade,6960.0,7740.847104954341,0.9977591759338174,4.5,4.7,4.93,1194.0,10.0,784.0273639695506,-0.10633165235117134,0.2313419281819228,0.0032236000825967377,124.09548774805987,1.9068794578747656,0.015366227189066979
2026-09-18,0.06023271731690623,SPXW260918P06965000,2026-08-27T14:10:52+00:00,-349.1333333333333,put,reference-session last trade,6965.0,7740.847104954341,0.9977591759338174,4.8,5.0,5.9,10.0,10.0,780.0085680898816,-0.1056135194657306,0.2374016179425373,0.003394687530289276,138.68301015992014,1.9068794578747656,0.013749913963331755
2026-09-18,0.06023271731690623,SPX260918P06970000,2026-08-27T19:52:00+00:00,-8.0,put,reference-session last trade,6970.0,7740.847104954341,0.9977591759338174,4.5,4.7,5.2,531.0,2.0,774.3197722102125,-0.1048959019250671,0.23084677799128672,0.0032098156550228207,129.21540213625372,1.9068794578747656,0.014757369681549412
2026-09-18,0.06023271731690623,SPX260918P06975000,2026-08-27T15:53:36+00:00,-246.4,put,reference-session last trade,6975.0,7740.847104954341,0.9977591759338174,4.5,4.8,5.31,4559.0,19.0,769.4409763305433,-0.10417879899007029,0.23037104321866997,0.0031965995514866056,131.3947090790072,1.9068794578747656,0.01451260458842498
2026-09-18,0.06023271731690623,SPXW260918P07065000,2026-08-27T17:02:30+00:00,-177.5,put,reference-session last trade,7065.0,7740.847104954341,0.9977591759338174,5.7,6.0,6.4,93.0,2.0,680.7326504964998,-0.09135811056100895,0.21380178283619206,0.002753309928998092,158.6349938286439,1.9068794578747656,0.0120205473701128
2026-09-18,0.06023271731690623,SPX260918P07075000,2026-08-27T19:48:03+00:00,-11.95,put,reference-session last trade,7075.0,7740.847104954341,0.9977591759338174,5.6,5.9,5.75,1995.0,4.0,670.1050587371617,-0.0899436831681984,0.20690007520441447,0.002578420546559978,150.54419443466938,1.9068794578747656,0.012666575851932177
2026-09-18,0.06023271731690623,SPXW260918P07090000,2026-08-27T15:36:13+00:00,-263.78333333333336,put,reference-session last trade,7090.0,7740.847104954341,0.9977591759338174,6.1,6.3,7.2,1403.0,5.0,656.5886710981545,-0.08782578615346359,0.21177051069811312,0.002701241567226481,173.52455337381278,1.9068794578747656,0.010989104543418117
2026-09-18,0.06023271731690623,SPX260918P07095000,2026-08-27T16:41:09+00:00,-198.85,put,reference-session last trade,7095.0,7740.847104954341,0.9977591759338174,5.8,6.2,6.63,338.0,1.0,651.0298752184852,-0.08712081608549374,0.20704292420289025,0.0025819821880209244,166.43810417602873,1.9068794578747656,0.011456988574311124
2026-09-18,0.06023271731690623,SPXW260918P07110000,2026-08-27T17:15:36+00:00,-164.4,put,reference-session last trade,7110.0,7740.847104954341,0.9977591759338174,6.6,6.9,7.12,105.0,1.0,636.5534875794781,-0.0850088828823502,0.2057850886769072,0.0025507051605168415,175.7250235305648,1.9068794578747656,0.010851496386586579
2026-09-18,0.06023271731690623,SPX260918P07120000,2026-08-27T14:26:04+00:00,-333.93333333333334,put,reference-session last trade,7120.0,7740.847104954341,0.9977591759338174,6.2,6.6,7.77,1235.0,11.0,627.2258958201398,-0.08360340127361532,0.20659614714793406,0.0025708509140592965,186.19812130209226,1.9068794578747656,0.010241131567493095
2026-09-18,0.06023271731690623,SPX260918P07125000,2026-08-27T19:48:14+00:00,-11.766666666666667,put,reference-session last trade,7125.0,7740.847104954341,0.9977591759338174,6.3,6.7,7.3,4925.0,4.0,621.7670999404708,-0.08290140054278548,0.2026409516872559,0.002473357471911757,180.7690534235974,1.9068794578747656,0.01054870522227254
2026-09-18,0.06023271731690623,SPXW260918P07130000,2026-08-27T20:08:48+00:00,8.8,put,reference-session last trade,7130.0,7740.847104954341,0.9977591759338174,6.7,7.0,7.96,183.0,31.0,617.4383040608018,-0.08219989227129514,0.20479981507578585,0.0025263387094091,190.49451176406265,1.9068794578747656,0.010010154309519084
2026-09-18,0.06023271731690623,SPXW260918P07135000,2026-08-27T16:47:29+00:00,-192.51666666666668,put,reference-session last trade,7135.0,7740.847104954341,0.9977591759338174,6.8,7.1,7.7,65.0,22.0,612.1895081811326,-0.08149887576869996,0.20202342143655555,0.0024583057680944748,187.97595022879534,1.9068794578747656,0.010144273539002213
2026-09-18,0.06023271731690623,SPXW260918P07140000,2026-08-27T16:32:49+00:00,-207.18333333333334,put,reference-session last trade,7140.0,7740.847104954341,0.9977591759338174,6.9,7.2,7.88,88.0,16.0,607.3807123014635,-0.08079835034600669,0.20157063791612753,0.0024472987968189486,191.29524007448654,1.9068794578747656,0.009968253559954053
2026-09-18,0.06023271731690623,SPX260918P07150000,2026-08-27T19:43:08+00:00,-16.866666666666667,put,reference-session last trade,7150.0,7740.847104954341,0.9977591759338174,6.8,7.1,7.9,8293.0,1.0,597.4231205421253,-0.07939876999158342,0.1988637847557566,0.0023820115195686397,193.45243438003425,1.9068794578747656,0.009857097244528499
2026-09-18,0.06023271731690623,SPXW260918P07155000,2026-08-27T14:10:52+00:00,-349.1333333333333,put,reference-session last trade,7155.0,7740.847104954341,0.9977591759338174,7.1,7.4,9.3,85.0,47.0,593.8343246624562,-0.07869971368908547,0.2043432086661585,0.002515086194156293,212.16234301460523,1.9068794578747656,0.008987831821519318
2026-09-18,0.06023271731690623,SPX260918P07205000,2026-08-27T18:16:09+00:00,-103.85,put,reference-session last trade,7205.0,7740.847104954341,0.9977591759338174,7.7,8.1,9.55,833.0,5.0,544.1963658657653,-0.07173589724601429,0.19101207525954006,0.002197627607635965,226.1854444265836,1.9068794578747656,0.008430601989924734
2026-09-18,0.06023271731690623,SPX260918P07210000,2026-08-27T14:22:13+00:00,-337.78333333333336,put,reference-session last trade,7210.0,7740.847104954341,0.9977591759338174,7.9,8.4,10.1,921.0,2.0,539.7575699860963,-0.07104217540064199,0.1919416189031313,0.0022190687788566942,234.00199376069608,1.9068794578747656,0.008148988080096661
2026-09-18,0.06023271731690623,SPX260918P07230000,2026-08-27T14:18:39+00:00,-341.35,put,reference-session last trade,7230.0,7740.847104954341,0.9977591759338174,8.4,8.8,10.8,608.0,1.0,520.5023864674199,-0.06827209052682637,0.18894388551681854,0.0021502954722306305,247.1726656630221,1.9068794578747656,0.00771476673102062
2026-09-18,0.06023271731690623,SPX260918P07235000,2026-08-27T14:37:11+00:00,-322.81666666666666,put,reference-session last trade,7235.0,7740.847104954341,0.9977591759338174,8.6,9.0,10.4,343.0,1.0,515.1135905877509,-0.0675807666140525,0.18583173768784356,0.0020800426121994164,243.81551034503875,1.9068794578747656,0.007820993238601678
2026-09-18,0.06023271731690623,SPX260918P07245000,2026-08-27T16:11:25+00:00,-228.58333333333334,put,reference-session last trade,7245.0,7740.847104954341,0.9977591759338174,8.9,9.3,10.3,609.0,201.0,505.0359988284127,-0.06619955092485398,0.18246474409584815,0.0020053509170025836,245.25354507113445,1.9068794578747656,0.00777513514563749
2026-09-18,0.06023271731690623,SPX260918P07255000,2026-08-27T18:16:09+00:00,-103.85,put,reference-session last trade,7255.0,7740.847104954341,0.9977591759338174,9.1,9.6,11.15,244.0,11.0,495.9084070690745,-0.06482024036134852,0.1828648698530155,0.0020141556024091075,257.91223159284425,1.9068794578747656,0.007393520834967921
2026-09-18,0.06023271731690623,SPX260918P07260000,2026-08-27T13:35:37+00:00,-384.3833333333333,put,reference-session last trade,7260.0,7740.847104954341,0.9977591759338174,9.3,9.7,14.0,649.0,2.0,493.76961118940545,-0.06413129786079497,0.1917491397359851,0.002214620443446372,289.2844839523228,1.9068794578747656,0.006591710111175683
2026-09-18,0.06023271731690623,SPX260918P07280000,2026-08-27T15:31:43+00:00,-268.28333333333336,put,reference-session last trade,7280.0,7740.847104954341,0.9977591759338174,9.9,10.4,11.81,744.0,2.0,471.62442767072906,-0.06138026448890508,0.17780520038780853,0.001904238642762142,272.63567655579783,1.9068794578747656,0.006994240379558331
2026-09-18,0.06023271731690623,SPX260918P07285000,2026-08-27T20:10:10+00:00,10.166666666666666,put,reference-session last trade,7285.0,7740.847104954341,0.9977591759338174,10.0,10.5,11.7,659.0,37.0,466.52563179106,-0.06069368705033153,0.17588248980563886,0.0018632780420125242,272.93367617407813,1.9068794578747656,0.00698660379548968
2026-09-18,0.06023271731690623,SPX260918P07345000,2026-08-27T14:01:51+00:00,-358.15,put,reference-session last trade,7345.0,7740.847104954341,0.9977591759338174,12.4,13.0,16.98,372.0,4.0,411.94008123503096,-0.05249131707165904,0.1740326317510163,0.0018242898072883412,346.07653163454836,1.9068794578747656,0.005509993552201921
2026-09-18,0.06023271731690623,SPX260918P07390000,2026-08-27T18:29:45+00:00,-90.25,put,reference-session last trade,7390.0,7740.847104954341,0.9977591759338174,14.8,15.3,18.92,2273.0,32.0,368.9809183180092,-0.04638339173738926,0.16439407310465573,0.0016278139575158267,381.49159351545364,1.9068794578747656,0.004998483558452307
2026-09-18,0.06023271731690623,SPXW260918P07425000,2026-08-27T20:06:24+00:00,6.4,put,reference-session last trade,7425.0,7740.847104954341,0.9977591759338174,17.5,17.8,18.15,645.0,1.0,333.2893471603256,-0.04165844200873634,0.15053105013288626,0.0013648491038751795,392.1159255911765,1.9068794578747656,0.004863050270146117
2026-09-18,0.06023271731690623,SPX260918P07435000,2026-08-27T15:32:38+00:00,-267.3666666666667,put,reference-session last trade,7435.0,7740.847104954341,0.9977591759338174,17.7,18.3,21.1,5636.0,19.0,326.2617554009874,-0.04031254678538126,0.1543332002974516,0.0014346672353433892,420.56975893322306,1.9068794578747656,0.004534038449915118
2026-09-18,0.06023271731690623,SPXW260918P07460000,2026-08-27T18:51:55+00:00,-68.08333333333333,put,reference-session last trade,7460.0,7740.847104954341,0.9977591759338174,20.5,20.8,25.59,192.0,3.0,305.80777600264196,-0.03695571248183017,0.15549299279208442,0.0014563109042126292,464.4045763259217,1.9068794578747656,0.00410607378799064
2026-09-18,0.06023271731690623,SPXW260918P07465000,2026-08-27T18:51:55+00:00,-68.08333333333333,put,reference-session last trade,7465.0,7740.847104954341,0.9977591759338174,20.8,21.1,26.05,131.0,7.0,301.2789801229729,-0.03628569570634594,0.154632707525048,0.001440241021775756,470.07752619606316,1.9068794578747656,0.004056521215352531
2026-09-18,0.06023271731690623,SPXW260918P07470000,2026-08-27T17:22:28+00:00,-157.53333333333333,put,reference-session last trade,7470.0,7740.847104954341,0.9977591759338174,21.4,21.8,22.41,183.0,3.0,292.65018424330384,-0.03561612755277371,0.144895070249147,0.0012645606855992207,449.79307420969957,1.9068794578747656,0.0042394593585621835
2026-09-18,0.06023271731690623,SPX260918P07475000,2026-08-27T19:59:00+00:00,-1.0,put,reference-session last trade,7475.0,7740.847104954341,0.9977591759338174,20.4,21.1,23.45,12033.0,291.0,288.7013883636347,-0.03494700742074953,0.14536801282365036,0.0012728292987009815,459.86215404476116,1.9068794578747656,0.004146632727008793
2026-09-18,0.06023271731690623,SPX260918P07485000,2026-08-27T19:49:05+00:00,-10.916666666666666,put,reference-session last trade,7485.0,7740.847104954341,0.9977591759338174,21.7,22.2,24.7,4261.0,13.0,279.9737966042965,-0.03361010882590797,0.14436974475334335,0.0012554078313571561,474.11192187747326,1.9068794578747656,0.00402200275901851
2026-09-18,0.06023271731690623,SPX260918P07505000,2026-08-27T16:45:29+00:00,-194.51666666666668,put,reference-session last trade,7505.0,7740.847104954341,0.9977591759338174,23.7,24.3,26.36,3095.0,50.0,261.67861308562016,-0.030941661612074366,0.14029251671133808,0.0011854997546733022,497.1568117610077,1.9068794578747656,0.0038355694074074906
2026-09-18,0.06023271731690623,SPX260918P07510000,2026-08-27T19:15:17+00:00,-44.71666666666667,put,reference-session last trade,7510.0,7740.847104954341,0.9977591759338174,23.9,24.5,29.2,5970.0,36.0,259.5298172059511,-0.030275660921456265,0.14397908522835853,0.0012486228436147527,515.9295269352829,1.9068794578747656,0.0036960076101904527
2026-09-18,0.06023271731690623,SPX260918P07530000,2026-08-27T17:23:40+00:00,-156.33333333333334,put,reference-session last trade,7530.0,7740.847104954341,0.9977591759338174,26.1,26.7,29.0,8930.0,231.0,239.37463368727475,-0.02761608488569743,0.13578563745036085,0.0011105551414965597,529.0084466085319,1.9068794578747656,0.0036046295103599035
2026-09-18,0.06023271731690623,SPXW260918P07560000,2026-08-27T17:40:01+00:00,-139.98333333333332,put,reference-session last trade,7560.0,7740.847104954341,0.9977591759338174,31.5,31.9,35.5,192.0,50.0,215.94185840926022,-0.023639936506058005,0.13532636554170943,0.0011030553172786419,580.0064994049454,1.9068794578747656,0.003287686361844425
2026-09-18,0.06023271731690623,SPXW260918P07605000,2026-08-27T16:45:33+00:00,-194.45,put,reference-session last trade,7605.0,7740.847104954341,0.9977591759338174,38.9,39.3,42.51,339.0,30.0,178.05269549223843,-0.01770520098624345,0.1272092657122255,0.0009746977145159724,638.1251804917932,1.9068794578747656,0.0029882529575234176
2026-09-18,0.06023271731690623,SPX260918P07640000,2026-08-27T14:04:01+00:00,-355.98333333333335,put,reference-session last trade,7640.0,7740.847104954341,0.9977591759338174,45.3,46.0,47.15,6125.0,8.0,147.77112433455483,-0.013113523519070497,0.1178188468092674,0.0008361072541991611,677.7761510641513,1.9068794578747656,0.0028134354607798526
2026-09-18,0.06023271731690623,SPX260918P07685000,2026-08-27T19:11:32+00:00,-48.46666666666667,put,reference-session last trade,7685.0,7740.847104954341,0.9977591759338174,57.0,57.7,66.89,6226.0,8.0,122.61196141753305,-0.00724074970694043,0.12221240265384281,0.0008996281176546204,731.752942341793,1.9068794578747656,0.002605906102368749
2026-09-18,0.06023271731690623,SPXW260918P07705000,2026-08-27T19:41:42+00:00,-18.3,put,reference-session last trade,7705.0,7740.847104954341,0.9977591759338174,65.4,66.0,64.71,378.0,12.0,100.47677789885671,-0.0046416579254205375,0.10782295204145939,0.0007002528616360485,742.8711822508636,1.9068794578747656,0.0025669046039678285
2026-09-18,0.06023271731690623,SPX260918C07765000,2026-08-27T20:01:15+00:00,1.25,call,reference-session last trade,7765.0,7740.847104954341,0.9977591759338174,72.7,73.5,72.0,8334.0,26.0,72.0,0.0031153299031507907,0.1102463874878215,0.0007320844654086996,752.3129277599096,1.9068794578747656,0.0025346892064618625
2026-09-18,0.06023271731690623,SPXW260918C07805000,2026-08-27T19:09:31+00:00,-50.483333333333334,call,reference-session last trade,7805.0,7740.847104954341,0.9977591759338174,53.6,54.2,51.18,131.0,44.0,51.18,0.00825342726989579,0.10417016428996916,0.0006536107017669587,720.7194401682902,1.9068794578747656,0.002645799948769945
2026-09-18,0.06023271731690623,SPXW260918C07830000,2026-08-27T17:40:01+00:00,-139.98333333333332,call,reference-session last trade,7830.0,7740.847104954341,0.9977591759338174,44.0,44.6,49.1,326.0,10.0,49.1,0.011451383305212032,0.11359015861726289,0.0007771661354231041,698.9480306495835,1.9068794578747656,0.0027282135069506713
2026-09-18,0.06023271731690623,SPX260918C07835000,2026-08-27T19:11:32+00:00,-48.46666666666667,call,reference-session last trade,7835.0,7740.847104954341,0.9977591759338174,39.8,40.6,38.31,1729.0,10.0,38.31,0.01208974911048456,0.10022911011782114,0.0006050903198637288,674.1866054432592,1.9068794578747656,0.0028284149261924964
2026-09-18,0.06023271731690623,SPX260918C07880000,2026-08-27T17:46:49+00:00,-133.18333333333334,call,reference-session last trade,7880.0,7740.847104954341,0.9977591759338174,26.3,27.0,30.09,561.0,109.0,30.09,0.017816777172288065,0.10662361667081278,0.0006847614069903281,605.0738730734954,1.9068794578747656,0.0031514820631548673
2026-09-18,0.06023271731690623,SPX260918C07885000,2026-08-27T17:04:35+00:00,-175.41666666666666,call,reference-session last trade,7885.0,7740.847104954341,0.9977591759338174,24.7,25.4,29.2,446.0,100.0,29.2,0.018451093717502122,0.1071399839353251,0.0006914099259919448,596.6073541829231,1.9068794578747656,0.003196205082799073
2026-09-18,0.06023271731690623,SPX260918C07895000,2026-08-27T20:01:21+00:00,1.35,call,reference-session last trade,7895.0,7740.847104954341,0.9977591759338174,22.2,22.9,23.5,254.0,78.0,23.5,0.019718521010105832,0.10113363494577565,0.0006160609625779579,556.9789858399496,1.9068794578747656,0.003423611134985829
2026-09-18,0.06023271731690623,SPX260918C07905000,2026-08-27T19:50:40+00:00,-9.333333333333334,call,reference-session last trade,7905.0,7740.847104954341,0.9977591759338174,20.5,21.2,20.04,293.0,6.0,20.04,0.02098434396393576,0.09841620144234291,0.0005833989638315564,523.9204448977863,1.9068794578747656,0.003639635514217786
2026-09-18,0.06023271731690623,SPX260918C07910000,2026-08-27T19:49:52+00:00,-10.133333333333333,call,reference-session last trade,7910.0,7740.847104954341,0.9977591759338174,19.1,19.7,17.86,1500.0,1.0,17.86,0.021616655082062817,0.09594285537033778,0.0005544440600287425,501.5277183766424,1.9068794578747656,0.0038021417122208146
2026-09-18,0.06023271731690623,SPXW260918C07935000,2026-08-27T14:50:40+00:00,-309.3333333333333,call,reference-session last trade,7935.0,7740.847104954341,0.9977591759338174,15.4,15.9,15.25,26.0,2.0,15.25,0.02477222728087282,0.09900446576800472,0.0005903941227219066,455.2836444157853,1.9068794578747656,0.004188332880531325
2026-09-18,0.06023271731690623,SPXW260918C07945000,2026-08-27T18:14:00+00:00,-106.0,call,reference-session last trade,7945.0,7740.847104954341,0.9977591759338174,13.4,13.7,13.99,45.0,3.0,13.99,0.026031673291179728,0.09943956689228724,0.0005955948095878568,433.70852675158557,1.9068794578747656,0.004396684271247831
2026-09-18,0.06023271731690623,SPXW260918C07955000,2026-08-27T14:45:08+00:00,-314.8666666666667,call,reference-session last trade,7955.0,7740.847104954341,0.9977591759338174,12.0,12.4,11.24,110.0,4.0,11.24,0.027289535092250617,0.09593280416113055,0.0005543278962704784,391.5679157706687,1.9068794578747656,0.004869856239681231
2026-09-18,0.06023271731690623,SPXW260918C07985000,2026-08-27T16:39:47+00:00,-200.21666666666667,call,reference-session last trade,7985.0,7740.847104954341,0.9977591759338174,8.0,8.4,9.72,62.0,18.0,9.72,0.031053654969476187,0.1008319073413046,0.0006123904663596977,349.46956198318003,1.9068794578747656,0.005456496545946808
2026-09-18,0.06023271731690623,SPXW260918C07990000,2026-08-27T17:30:18+00:00,-149.7,call,reference-session last trade,7990.0,7740.847104954341,0.9977591759338174,8.0,8.3,10.36,275.0,14.0,10.36,0.031679633080683625,0.1041140598339174,0.0006529068419225509,356.2065114058191,1.9068794578747656,0.005353297586697664
2026-09-18,0.06023271731690623,SPXW260918C08005000,2026-08-27T17:40:01+00:00,-139.98333333333332,call,reference-session last trade,8005.0,7740.847104954341,0.9977591759338174,6.5,6.8,8.9,127.0,41.0,8.9,0.03355521975117844,0.10416685682479478,0.0006535691973625201,324.9343213297916,1.9068794578747656,0.005868507365029566
2026-09-18,0.06023271731690623,SPXW260918C08010000,2026-08-27T18:56:12+00:00,-63.8,call,reference-session last trade,8010.0,7740.847104954341,0.9977591759338174,5.9,6.2,6.1,407.0,102.0,6.1,0.03417963438276818,0.09613376065899339,0.0005566526999197638,269.3427211391725,1.9068794578747656,0.0070797512173698535
2026-09-18,0.06023271731690623,SPX260918C08015000,2026-08-27T16:52:16+00:00,-187.73333333333332,call,reference-session last trade,8015.0,7740.847104954341,0.9977591759338174,5.4,5.8,6.87,319.0,1.0,6.87,0.03480365936401671,0.10026618413914166,0.0006055380396992027,283.0038073025208,1.9068794578747656,0.006737999308385208
2026-09-18,0.06023271731690623,SPXW260918C08020000,2026-08-27T19:41:29+00:00,-18.516666666666666,call,reference-session last trade,8020.0,7740.847104954341,0.9977591759338174,5.3,5.6,5.72,251.0,124.0,5.72,0.035427295180923454,0.09733577765058364,0.0005706600395306362,256.2802214988742,1.9068794578747656,0.007440603284647709
2026-09-18,0.06023271731690623,SPX260918C08045000,2026-08-27T15:55:38+00:00,-244.36666666666667,call,reference-session last trade,8045.0,7740.847104954341,0.9977591759338174,3.7,3.9,4.26,328.0,250.0,4.26,0.03853965374684697,0.09744992292898594,0.0005719992458180331,210.43312293297052,1.9068794578747656,0.009061688727026904
2026-09-18,0.06023271731690623,SPX260918C08080000,2026-08-27T17:08:38+00:00,-171.36666666666667,call,reference-session last trade,8080.0,7740.847104954341,0.9977591759338174,2.5,2.7,3.55,1444.0,1.0,3.55,0.04288074583550435,0.10228089796371886,0.000630117470066592,179.579205360228,1.9068794578747656,0.01061859837306691
2026-09-18,0.06023271731690623,SPXW260918C08110000,2026-08-27T19:46:48+00:00,-13.2,call,reference-session last trade,8110.0,7740.847104954341,0.9977591759338174,1.95,2.15,2.25,352.0,123.0,2.25,0.0465867414298219,0.10073717537953525,0.0006112403205361789,131.12971732928355,1.9068794578747656,0.014541932192886122
2026-09-18,0.06023271731690623,SPX260918C08125000,2026-08-27T17:08:08+00:00,-171.86666666666667,call,reference-session last trade,8125.0,7740.847104954341,0.9977591759338174,1.5,1.8,2.22,3703.0,4.0,2.22,0.04843460151830142,0.10379303055638857,0.0006488866535954745,127.07889158555939,1.9068794578747656,0.01500547757446331
2026-09-18,0.06023271731690623,SPX260918C08240000,2026-08-27T20:05:50+00:00,5.833333333333333,call,reference-session last trade,8240.0,7740.847104954341,0.9977591759338174,0.6,0.85,0.85,193.0,4.0,0.85,0.0624892172238807,0.11171365853828595,0.0007517007887424845,58.09544861478733,1.9068794578747656,0.03282321598923668
2026-09-18,0.06023271731690623,SPX260918C08250000,2026-08-27T16:37:06+00:00,-202.9,call,reference-session last trade,8250.0,7740.847104954341,0.9977591759338174,0.65,0.8,0.77,11748.0,4.0,0.77,0.06370207364908999,0.11214486000320781,0.0007575149397756597,53.60306736909184,1.9068794578747656,0.0355740734899491
2026-09-18,0.06023271731690623,SPX260918C08260000,2026-08-27T14:11:37+00:00,-348.3833333333333,call,reference-session last trade,8260.0,7740.847104954341,0.9977591759338174,0.55,0.8,0.72,119.0,1.0,0.72,0.06491346083538707,0.11302708691360305,0.000769480334773043,50.53273243765397,1.9068794578747656,0.037735530336251384
2026-09-18,0.06023271731690623,SPXW260918C08275000,2026-08-27T19:54:50+00:00,-5.166666666666667,call,reference-session last trade,8275.0,7740.847104954341,0.9977591759338174,0.65,0.75,0.77,143.0,6.0,0.77,0.06672779456562686,0.1167559887078025,0.000821090047312808,51.94477824060697,1.9068794578747656,0.0367097429705474
2026-09-18,0.06023271731690623,SPXW260918C08280000,2026-08-27T15:30:04+00:00,-269.93333333333334,call,reference-session last trade,8280.0,7740.847104954341,0.9977591759338174,0.6,0.75,0.78,69.0,20.0,0.78,0.0673318416996687,0.1178666577281317,0.0008367859769692321,52.08898193735185,1.9068794578747656,0.036608115324046765
2026-09-18,0.06023271731690623,SPXW260918C08300000,2026-08-27T18:09:43+00:00,-110.28333333333333,call,reference-session last trade,8300.0,7740.847104954341,0.9977591759338174,0.55,0.7,0.76,633.0,45.0,0.76,0.06974438810505261,0.12113165794572942,0.0008837873463298733,49.95512205658406,1.9068794578747656,0.038171850640557885
2026-09-18,0.06023271731690623,SPXW260918C08340000,2026-08-27T17:10:14+00:00,-169.76666666666668,call,reference-session last trade,8340.0,7740.847104954341,0.9977591759338174,0.45,0.6,0.75,57.0,5.0,0.75,0.07455208967315577,0.1281600847655229,0.00098932282326169,47.29799456627035,1.9068794578747656,0.040316285613399346
2026-09-18,0.06023271731690623,SPX260918C08350000,2026-08-27T15:31:43+00:00,-268.28333333333336,call,reference-session last trade,8350.0,7740.847104954341,0.9977591759338174,0.4,0.55,0.57,3405.0,1.0,0.57,0.0757504121652645,0.1257310630385671,0.0009521768779788608,38.586777640873805,1.9068794578747656,0.04941795025285724
2026-09-18,0.06023271731690623,SPXW260918C08360000,2026-08-27T15:31:22+00:00,-268.6333333333333,call,reference-session last trade,8360.0,7740.847104954341,0.9977591759338174,0.4,0.6,0.58,88.0,2.0,0.58,0.07694730039911064,0.12773446839216454,0.0009827627026404802,38.64034459283909,1.9068794578747656,0.049349442350163523
2026-09-18,0.06023271731690623,SPX260918C08375000,2026-08-27T15:13:23+00:00,-286.6166666666667,call,reference-session last trade,8375.0,7740.847104954341,0.9977591759338174,0.35,0.5,0.49,1373.0,80.0,0.49,0.07873995101363042,0.12783372567621998,0.000984290626271834,33.72015035325697,1.9068794578747656,0.056550146956583294
2026-09-18,0.06023271731690623,SPX260918C08380000,2026-08-27T15:56:16+00:00,-243.73333333333332,call,reference-session last trade,8380.0,7740.847104954341,0.9977591759338174,0.35,0.5,0.53,156.0,70.0,0.53,0.07933678779649206,0.1298471965353843,0.0010155413493721335,35.47598128846717,1.9068794578747656,0.053751281532405985
2026-09-18,0.06023271731690623,SPX260918C08390000,2026-08-27T19:09:00+00:00,-51.0,call,reference-session last trade,8390.0,7740.847104954341,0.9977591759338174,0.3,0.45,0.45,303.0,60.0,0.45,0.0805293937816152,0.1291505718950061,0.0010046739078925584,31.219622386984856,1.9068794578747656,0.06107951704981942
2026-09-18,0.06023271731690623,SPXW260918C08400000,2026-08-27T18:09:43+00:00,-110.28333333333333,call,reference-session last trade,8400.0,7740.847104954341,0.9977591759338174,0.35,0.5,0.54,750.0,39.0,0.54,0.08172057915176832,0.13356281075919316,0.00107449291497252,35.212833701154935,1.9068794578747656,0.054152968035975545
2026-09-18,0.06023271731690623,SPXW260918C08410000,2026-08-27T17:34:44+00:00,-145.26666666666668,call,reference-session last trade,8410.0,7740.847104954341,0.9977591759338174,0.35,0.5,0.6,11.0,3.0,0.6,0.08291034728735708,0.13693093451664504,0.0011293683181580784,37.572745706492974,1.9068794578747656,0.05075166645447571
2026-09-18,0.06023271731690623,SPXW260918C08420000,2026-08-27T15:29:34+00:00,-270.43333333333334,call,reference-session last trade,8420.0,7740.847104954341,0.9977591759338174,0.3,0.5,0.47,30.0,1.0,0.47,0.08409870155673575,0.1348499526224393,0.00109530243364827,31.23767862994423,1.9068794578747656,0.06104421139818129
2026-09-18,0.06023271731690623,SPX260918C08460000,2026-08-27T16:33:46+00:00,-206.23333333333332,call,reference-session last trade,8460.0,7740.847104954341,0.9977591759338174,0.2,0.45,0.42,252.0,46.0,0.42,0.08883804692063231,0.1398152926479254,0.0011774481951566061,27.693205094757637,1.9068794578747656,0.06885730457525628
2026-09-18,0.06023271731690623,SPX260918C08675000,2026-08-27T17:13:13+00:00,-166.78333333333333,call,reference-session last trade,8675.0,7740.847104954341,0.9977591759338174,0.05,0.25,0.25,347.0,1.0,0.25,0.11393419913542321,0.1655977943043282,0.001651739489462256,15.730178949096633,1.9068794578747656,0.12122426986021514
2026-09-18,0.06023271731690623,SPX260918C09100000,2026-08-27T17:10:46+00:00,-169.23333333333332,call,reference-session last trade,9100.0,7740.847104954341,0.9977591759338174,0.0,0.15,0.15,2334.0,8.0,0.15,0.16176328682530466,0.2170986171636133,0.002838876962726267,8.166899240570388,1.9068794578747656,0.2334887944254332
2026-11-20,0.2327173169062286,SPX261120P05500000,2026-08-27T17:45:42+00:00,-134.3,put,reference-session last trade,5500.0,7784.275443957282,0.9999999999999999,8.6,9.1,8.56,9700.0,1.0,2292.8354439572813,-0.3473576379335596,0.3535479494584087,0.02908876924881825,157.69957109252297,8.984556042718282,0.056972609249818486
2026-11-20,0.2327173169062286,SPX261120P05550000,2026-08-27T20:10:00+00:00,10.0,put,reference-session last trade,5550.0,7784.275443957282,0.9999999999999999,9.0,9.3,9.3,1054.0,83.0,2243.5754439572815,-0.33830780241364167,0.3499759810611375,0.0285039587191649,169.2854356070458,8.984556042718282,0.05307341420424202
2026-11-20,0.2327173169062286,SPX261120P05625000,2026-08-27T19:36:53+00:00,-23.116666666666667,put,reference-session last trade,5625.0,7784.275443957282,0.9999999999999999,9.8,10.1,9.8,678.0,5.0,2169.0754439572815,-0.324884782081501,0.340696177995644,0.027012403243179633,179.90047129449533,8.984556042718282,0.049941814927269707
2026-11-20,0.2327173169062286,SPX261120P05675000,2026-08-27T19:54:59+00:00,-5.016666666666667,put,reference-session last trade,5675.0,7784.275443957282,0.9999999999999999,10.2,10.6,10.2,265.0,1.0,2119.475443957281,-0.31603516680451843,0.3347971940752342,0.02608508883957632,187.95622994938506,8.984556042718282,0.047801320792280964
2026-11-20,0.2327173169062286,SPX261120P05700000,2026-08-27T19:58:12+00:00,-1.8,put,reference-session last trade,5700.0,7784.275443957282,0.9999999999999999,10.6,10.9,10.5,2699.0,3.0,2094.7754439572814,-0.31163955533148047,0.3323369496847971,0.025703126873901725,193.1902453461652,8.984556042718282,0.046506261362313776
2026-11-20,0.2327173169062286,SPX261120P05725000,2026-08-27T20:10:11+00:00,10.183333333333334,put,reference-session last trade,5725.0,7784.275443957282,0.9999999999999999,10.8,11.2,11.0,371.0,15.0,2070.2754439572814,-0.3072631807316816,0.3308349978526775,0.025471328250117442,200.71145495877346,8.984556042718282,0.0447635439868827
2026-11-20,0.2327173169062286,SPX261120P05775000,2026-08-27T19:54:59+00:00,-5.016666666666667,put,reference-session last trade,5775.0,7784.275443957282,0.9999999999999999,11.3,11.6,11.3,437.0,1.0,2020.5754439572815,-0.2985674737641276,0.32422217076622484,0.02446324808046779,208.02263666760965,8.984556042718282,0.0431902805706396
2026-11-20,0.2327173169062286,SPX261120P05850000,2026-08-27T14:04:04+00:00,-355.93333333333334,put,reference-session last trade,5850.0,7784.275443957282,0.9999999999999999,12.3,12.7,12.91,813.0,1.0,1947.1854439572817,-0.28566406892821977,0.3193883284423854,0.023739238519763967,232.15395113038224,8.984556042718282,0.0387008534594028
2026-11-20,0.2327173169062286,SPX261120P05975000,2026-08-27T19:50:15+00:00,-9.75,put,reference-session last trade,5975.0,7784.275443957282,0.9999999999999999,14.0,14.4,14.05,449.0,2.0,1823.3254439572815,-0.2645216323544104,0.3037470898036052,0.021471033642583296,256.6128121095269,8.984556042718282,0.03501211014703161
2026-11-20,0.2327173169062286,SPX261120P06000000,2026-08-27T19:49:13+00:00,-10.783333333333333,put,reference-session last trade,6000.0,7784.275443957282,0.9999999999999999,14.2,14.6,14.3,15858.0,16.0,1798.5754439572815,-0.26034626094392993,0.30065541594313056,0.02103617447379776,261.9401093700941,8.984556042718282,0.03430003928884385
2026-11-20,0.2327173169062286,SPX261120P06025000,2026-08-27T19:56:06+00:00,-3.9,put,reference-session last trade,6025.0,7784.275443957282,0.9999999999999999,14.8,15.2,14.7,277.0,1.0,1773.9754439572816,-0.2561882507952662,0.2981048705969987,0.020680776671486746,268.93779428280004,8.984556042718282,0.033407562022579176
2026-11-20,0.2327173169062286,SPXW261120P06100000,2026-08-27T17:10:20+00:00,-169.66666666666666,put,reference-session last trade,6100.0,7784.275443957282,0.9999999999999999,16.1,16.5,16.14,802.0,1.0,1700.4154439572817,-0.24381695899271924,0.2910227343500509,0.019709814407198697,292.81366141431994,8.984556042718282,0.03068352753529995
2026-11-20,0.2327173169062286,SPX261120P06125000,2026-08-27T19:58:12+00:00,-1.8,put,reference-session last trade,6125.0,7784.275443957282,0.9999999999999999,16.4,16.9,16.4,1074.0,36.0,1675.6754439572817,-0.23972697374119423,0.28782068918003206,0.019278476865724387,298.62447045652107,8.984556042718282,0.030086469568227865
2026-11-20,0.2327173169062286,SPXW261120P06200000,2026-08-27T19:59:30+00:00,-0.5,put,reference-session last trade,6200.0,7784.275443957282,0.9999999999999999,18.0,18.3,18.2,199.0,24.0,1602.4754439572816,-0.22755643812093898,0.28128779837990703,0.018413251660452552,326.9385219418127,8.984556042718282,0.02748087312977245
2026-11-20,0.2327173169062286,SPXW261120P06250000,2026-08-27T19:59:30+00:00,-0.5,put,reference-session last trade,6250.0,7784.275443957282,0.9999999999999999,19.1,19.5,19.3,128.0,15.0,1553.5754439572815,-0.21952426642367467,0.2763176629402019,0.01776830478434627,345.11653540814586,8.984556042718282,0.026033397768359196
2026-11-20,0.2327173169062286,SPX261120P06325000,2026-08-27T14:35:46+00:00,-324.23333333333335,put,reference-session last trade,6325.0,7784.275443957282,0.9999999999999999,20.4,20.9,21.2,1000.0,6.0,1480.4754439572816,-0.20759569555840093,0.26915252303668663,0.016858759358921838,375.3669470603301,8.984556042718282,0.023935394719967862
2026-11-20,0.2327173169062286,SPX261120P06400000,2026-08-27T19:55:50+00:00,-4.166666666666667,put,reference-session last trade,6400.0,7784.275443957282,0.9999999999999999,22.4,22.9,22.3,4568.0,2.0,1406.5754439572815,-0.19580773980635863,0.2594888393180634,0.01566989433840941,398.89893180447086,8.984556042718282,0.02252338957659145
2026-11-20,0.2327173169062286,SPX261120P06425000,2026-08-27T19:55:11+00:00,-4.816666666666666,put,reference-session last trade,6425.0,7784.275443957282,0.9999999999999999,22.9,23.4,22.9,1818.0,73.0,1382.1754439572817,-0.19190909939070142,0.2567950861676212,0.015346244719469021,409.1761144091854,8.984556042718282,0.0219576747672361
2026-11-20,0.2327173169062286,SPX261120P06500000,2026-08-27T19:55:32+00:00,-4.466666666666667,put,reference-session last trade,6500.0,7784.275443957282,0.9999999999999999,25.0,25.6,25.1,7503.0,433.0,1309.3754439572815,-0.1803035532703934,0.2493398480519205,0.014468119329930617,444.30613509813986,8.984556042718282,0.020221543960300577
2026-11-20,0.2327173169062286,SPX261120P06525000,2026-08-27T19:55:48+00:00,-4.2,put,reference-session last trade,6525.0,7784.275443957282,0.9999999999999999,25.8,26.3,25.9,480.0,3.0,1285.1754439572817,-0.1764647769632277,0.24688227154353878,0.014184319672039144,456.8097884755243,8.984556042718282,0.019668046240212456
2026-11-20,0.2327173169062286,SPX261120P06550000,2026-08-27T19:55:52+00:00,-4.133333333333334,put,reference-session last trade,6550.0,7784.275443957282,0.9999999999999999,26.6,27.1,26.7,1991.0,1.0,1260.9754439572816,-0.17264068052482437,0.24436103140574758,0.013896089423471224,469.4128906840328,8.984556042718282,0.019139985758861253
2026-11-20,0.2327173169062286,SPXW261120P06670000,2026-08-27T18:03:20+00:00,-116.66666666666667,put,reference-session last trade,6670.0,7784.275443957282,0.9999999999999999,31.5,31.9,32.4,18.0,8.0,1146.6754439572817,-0.15448587024445254,0.23488596719788085,0.01283934427063966,546.5932389032728,8.984556042718282,0.016437371345363865
2026-11-20,0.2327173169062286,SPXW261120P06690000,2026-08-27T20:00:27+00:00,0.45,put,reference-session last trade,6690.0,7784.275443957282,0.9999999999999999,32.3,32.8,32.7,10.0,1.0,1126.9754439572816,-0.15149185603184773,0.23192908756180255,0.012518120851105471,554.4540546455604,8.984556042718282,0.016204329226993816
2026-11-20,0.2327173169062286,SPXW261120P06760000,2026-08-27T16:05:57+00:00,-234.05,put,reference-session last trade,6760.0,7784.275443957282,0.9999999999999999,35.1,35.5,36.25,26.0,10.0,1060.5254439572816,-0.1410828401171121,0.22570608437032327,0.011855373317868846,602.1265546543726,8.984556042718282,0.014921374872555683
2026-11-20,0.2327173169062286,SPX261120P06770000,2026-08-27T19:51:49+00:00,-8.183333333333334,put,reference-session last trade,6770.0,7784.275443957282,0.9999999999999999,35.0,35.6,35.6,236.0,1.0,1049.8754439572817,-0.13960464324780128,0.22284666346595497,0.011556889830314113,600.3505408520886,8.984556042718282,0.014965516696239394
2026-11-20,0.2327173169062286,SPX261120P06775000,2026-08-27T19:16:05+00:00,-43.916666666666664,put,reference-session last trade,6775.0,7784.275443957282,0.9999999999999999,35.4,36.1,36.57,1956.0,43.0,1045.8454439572818,-0.13886636340622024,0.22356080201218806,0.011631079361227332,609.1654481938937,8.984556042718282,0.014748958709586155
2026-11-20,0.2327173169062286,SPX261120P06825000,2026-08-27T19:58:41+00:00,-1.3166666666666667,put,reference-session last trade,6825.0,7784.275443957282,0.9999999999999999,37.9,38.4,38.0,1987.0,255.0,997.2754439572817,-0.13151338910096136,0.21690988727793278,0.010949326302282458,635.8876324998189,8.984556042718282,0.014129156762175023
2026-11-20,0.2327173169062286,SPXW261120P06830000,2026-08-27T16:51:33+00:00,-188.45,put,reference-session last trade,6830.0,7784.275443957282,0.9999999999999999,38.8,39.3,39.25,9.0,8.0,993.5254439572817,-0.13078105658928615,0.2179587752623248,0.011055475306440715,646.5467574333607,8.984556042718282,0.013896220094560317
2026-11-20,0.2327173169062286,SPXW261120P06875000,2026-08-27T19:57:23+00:00,-2.6166666666666667,put,reference-session last trade,6875.0,7784.275443957282,0.9999999999999999,41.0,41.4,41.5,97.0,1.0,950.7754439572817,-0.12421408661934988,0.2131860276110743,0.010576602330814859,677.987157686706,8.984556042718282,0.013251808593799343
2026-11-20,0.2327173169062286,SPX261120P06890000,2026-08-27T16:03:51+00:00,-236.15,put,reference-session last trade,6890.0,7784.275443957282,0.9999999999999999,41.3,41.8,42.4,475.0,14.0,936.6754439572817,-0.12203464514641768,0.21175837162300626,0.010435418688449865,689.5795346742791,8.984556042718282,0.013029035217760792
2026-11-20,0.2327173169062286,SPXW261120P06925000,2026-08-27T19:57:26+00:00,-2.566666666666667,put,reference-session last trade,6925.0,7784.275443957282,0.9999999999999999,44.1,44.6,44.6,88.0,1.0,903.8754439572817,-0.11696767809858263,0.20843730808733382,0.010110662475644079,717.3936933499766,8.984556042718282,0.012523884898908938
2026-11-20,0.2327173169062286,SPX261120P06950000,2026-08-27T19:57:57+00:00,-2.05,put,reference-session last trade,6950.0,7784.275443957282,0.9999999999999999,45.0,45.6,45.6,3761.0,5.0,879.8754439572817,-0.11336407059528404,0.20517412233582286,0.009796566024595187,733.7264868719741,8.984556042718282,0.012245102505459874
2026-11-20,0.2327173169062286,SPX261120P06970000,2026-08-27T19:51:49+00:00,-8.183333333333334,put,reference-session last trade,6970.0,7784.275443957282,0.9999999999999999,46.4,46.9,47.0,254.0,1.0,861.2754439572817,-0.11049050539955235,0.20332567169691318,0.009620843108925607,750.7295766220233,8.984556042718282,0.011967766187053822
2026-11-20,0.2327173169062286,SPX261120P06980000,2026-08-27T15:25:02+00:00,-274.96666666666664,put,reference-session last trade,6980.0,7784.275443957282,0.9999999999999999,46.7,47.5,48.29,420.0,2.0,852.5654439572817,-0.10905681339770372,0.20315159882479644,0.009604376807477173,762.8512765753363,8.984556042718282,0.011777598489515014
2026-11-20,0.2327173169062286,SPX261120P06990000,2026-08-27T19:03:55+00:00,-56.083333333333336,put,reference-session last trade,6990.0,7784.275443957282,0.9999999999999999,47.5,48.0,50.1,961.0,1.0,844.3754439572817,-0.1076251739262659,0.2036101905553095,0.009647787335598637,777.9297369793309,8.984556042718282,0.01154931559449693
2026-11-20,0.2327173169062286,SPX261120P07010000,2026-08-27T18:32:12+00:00,-87.8,put,reference-session last trade,7010.0,7784.275443957282,0.9999999999999999,49.0,49.6,52.08,762.0,1.0,826.3554439572818,-0.10476802912548613,0.20231105553067277,0.009525064671168985,798.0733578538756,8.984556042718282,0.011257807260824915
2026-11-20,0.2327173169062286,SPXW261120P07020000,2026-08-27T14:49:15+00:00,-310.75,put,reference-session last trade,7020.0,7784.275443957282,0.9999999999999999,50.6,51.1,52.9,195.0,2.0,817.1754439572817,-0.10334251213426507,0.20141520600313886,0.009440895941928497,807.1412224494637,8.984556042718282,0.01113133091561411
2026-11-20,0.2327173169062286,SPXW261120P07025000,2026-08-27T16:50:38+00:00,-189.36666666666667,put,reference-session last trade,7025.0,7784.275443957282,0.9999999999999999,51.0,51.5,51.8,60.0,4.0,811.0754439572817,-0.1026305149521754,0.19909023676556808,0.009224198225616553,803.1517220385731,8.984556042718282,0.011186623643056547
2026-11-20,0.2327173169062286,SPX261120P07040000,2026-08-27T19:35:19+00:00,-24.683333333333334,put,reference-session last trade,7040.0,7784.275443957282,0.9999999999999999,51.3,51.8,52.92,456.0,100.0,797.1954439572817,-0.10049756000203384,0.19759494887117154,0.00908615995797146,816.3110019541236,8.984556042718282,0.011006290520660177
2026-11-20,0.2327173169062286,SPXW261120P07075000,2026-08-27T16:34:24+00:00,-205.6,put,reference-session last trade,7075.0,7784.275443957282,0.9999999999999999,54.7,55.2,56.2,78.0,3.0,765.4754439572818,-0.0955382866426835,0.19474818980399122,0.008826236500244129,850.6618180371742,8.984556042718282,0.010561842382263422
2026-11-20,0.2327173169062286,SPXW261120P07090000,2026-08-27T17:12:41+00:00,-167.31666666666666,put,reference-session last trade,7090.0,7784.275443957282,0.9999999999999999,56.1,56.6,56.5,20.0,17.0,750.7754439572817,-0.0934203896279487,0.1921677284435321,0.008593886509753602,859.5478593927484,8.984556042718282,0.010452653618456653
2026-11-20,0.2327173169062286,SPXW261120P07100000,2026-08-27T19:36:26+00:00,-23.566666666666666,put,reference-session last trade,7100.0,7784.275443957282,0.9999999999999999,56.9,57.4,58.5,4472.0,68.0,742.7754439572817,-0.09201094612471507,0.1925098005671679,0.00862450919021195,874.8585184066943,8.984556042718282,0.01026972459396188
2026-11-20,0.2327173169062286,SPXW261120P07110000,2026-08-27T13:36:28+00:00,-383.53333333333336,put,reference-session last trade,7110.0,7784.275443957282,0.9999999999999999,57.4,57.9,65.15,19.0,1.0,739.4254439572817,-0.09060348635683538,0.19795841263505623,0.009119617566883644,911.8195773657019,8.984556042718282,0.00985343621232083
2026-11-20,0.2327173169062286,SPX261120P07130000,2026-08-27T15:01:44+00:00,-298.26666666666665,put,reference-session last trade,7130.0,7784.275443957282,0.9999999999999999,58.2,59.0,60.97,158.0,42.0,715.2454439572817,-0.08779449574578026,0.18934082080694037,0.008342903342989464,902.4154970293322,8.984556042718282,0.009956118963265374
2026-11-20,0.2327173169062286,SPX261120P07140000,2026-08-27T19:35:19+00:00,-24.683333333333334,put,reference-session last trade,7140.0,7784.275443957282,0.9999999999999999,59.4,60.1,61.74,321.0,51.0,706.0154439572817,-0.08639295382049189,0.18819204847479576,0.008241974002127008,911.363502261921,8.984556042718282,0.00985836718325831
2026-11-20,0.2327173169062286,SPX261120P07170000,2026-08-27T19:52:01+00:00,-7.983333333333333,put,reference-session last trade,7170.0,7784.275443957282,0.9999999999999999,62.2,62.9,63.5,241.0,2.0,677.7754439572817,-0.08220007556045582,0.18406521678622098,0.007884463634763791,935.7795375477446,8.984556042718282,0.009601146084325315
2026-11-20,0.2327173169062286,SPX261120P07190000,2026-08-27T19:52:02+00:00,-7.966666666666667,put,reference-session last trade,7190.0,7784.275443957282,0.9999999999999999,64.0,64.9,65.5,631.0,1.0,659.7754439572817,-0.07941455843902955,0.18212062964181414,0.007718750220386367,955.9977899288514,8.984556042718282,0.009398092900807797
2026-11-20,0.2327173169062286,SPX261120P07210000,2026-08-27T19:52:01+00:00,-7.983333333333333,put,reference-session last trade,7210.0,7784.275443957282,0.9999999999999999,66.1,66.7,67.7,256.0,1.0,641.9754439572818,-0.0766367788751271,0.18029976707302536,0.007565175935824537,977.0325067847399,8.984556042718282,0.009195759588680463
2026-11-20,0.2327173169062286,SPX261120P07220000,2026-08-27T19:08:22+00:00,-51.63333333333333,put,reference-session last trade,7220.0,7784.275443957282,0.9999999999999999,67.2,67.8,71.1,504.0,3.0,635.3754439572817,-0.07525077726725003,0.18167400211995371,0.007680938149031842,997.0017975941004,8.984556042718282,0.009011574567266804
2026-11-20,0.2327173169062286,SPX261120P07240000,2026-08-27T19:52:01+00:00,-7.983333333333333,put,reference-session last trade,7240.0,7784.275443957282,0.9999999999999999,69.4,70.1,71.1,749.0,5.0,615.3754439572817,-0.07248452377435982,0.17750243087803944,0.007332250793284378,1008.800925454845,8.984556042718282,0.008906173473886687
2026-11-20,0.2327173169062286,SPX261120P07270000,2026-08-27T19:51:55+00:00,-8.083333333333334,put,reference-session last trade,7270.0,7784.275443957282,0.9999999999999999,73.3,74.0,74.8,230.0,9.0,589.0754439572817,-0.06834943862655685,0.17479315300960913,0.007110129880406443,1041.4540802492527,8.984556042718282,0.008626934411326129
2026-11-20,0.2327173169062286,SPX261120P07275000,2026-08-27T15:36:33+00:00,-263.45,put,reference-session last trade,7275.0,7784.275443957282,0.9999999999999999,73.9,74.5,77.52,3786.0,111.0,586.7954439572818,-0.06766191711442868,0.1763225574686689,0.007235098598616903,1054.5168706804368,8.984556042718282,0.008520068566490466
2026-11-20,0.2327173169062286,SPX261120P07290000,2026-08-27T19:35:19+00:00,-24.683333333333334,put,reference-session last trade,7290.0,7784.275443957282,0.9999999999999999,75.2,75.9,78.64,534.0,100.0,572.9154439572818,-0.06560218415141812,0.17415709418931621,0.007058477601094156,1067.8655322152504,8.984556042718282,0.008413564977680409
2026-11-20,0.2327173169062286,SPX261120P07300000,2026-08-27T19:51:36+00:00,-8.4,put,reference-session last trade,7300.0,7784.275443957282,0.9999999999999999,76.6,77.3,79.0,8369.0,2.0,563.2754439572818,-0.06423138201763942,0.17233575315840485,0.006911613975133046,1075.475504392809,8.984556042718282,0.008354031315469872
2026-11-20,0.2327173169062286,SPX261120P07305000,2026-08-27T14:47:04+00:00,-312.93333333333334,put,reference-session last trade,7305.0,7784.275443957282,0.9999999999999999,77.0,77.8,82.49,491.0,213.0,561.7654439572817,-0.06354668496932211,0.17447262339123706,0.007084077170723443,1090.378403924131,8.984556042718282,0.008239851422574059
2026-11-20,0.2327173169062286,SPXW261120P07320000,2026-08-27T17:01:08+00:00,-178.86666666666667,put,reference-session last trade,7320.0,7784.275443957282,0.9999999999999999,80.1,80.5,81.73,15.0,4.0,546.0054439572817,-0.061495402198764613,0.17050179148369,0.006765292748603846,1097.5900075142201,8.984556042718282,0.00818571231626476
2026-11-20,0.2327173169062286,SPX261120P07335000,2026-08-27T19:58:13+00:00,-1.7833333333333334,put,reference-session last trade,7335.0,7784.275443957282,0.9999999999999999,81.4,82.0,83.1,2149.0,10.0,532.3754439572817,-0.05944831857703978,0.16845122348854097,0.0066035434607990195,1111.8894998051167,8.984556042718282,0.008080439687840406
2026-11-20,0.2327173169062286,SPX261120P07390000,2026-08-27T19:51:52+00:00,-8.133333333333333,put,reference-session last trade,7390.0,7784.275443957282,0.9999999999999999,89.2,90.0,92.2,408.0,25.0,486.47544395728175,-0.05197799521187441,0.16407286293520715,0.0062647279121127945,1175.6261207693403,8.984556042718282,0.007642358300816511
2026-11-20,0.2327173169062286,SPX261120P07400000,2026-08-27T17:12:21+00:00,-167.65,put,reference-session last trade,7400.0,7784.275443957282,0.9999999999999999,91.5,92.2,91.3,10624.0,1.0,475.5754439572818,-0.050625729961860835,0.1610228976003864,0.00603398152467648,1180.286408689908,8.984556042718282,0.007612182921508807
2026-11-20,0.2327173169062286,SPX261120P07435000,2026-08-27T20:12:07+00:00,12.116666666666667,put,reference-session last trade,7435.0,7784.275443957282,0.9999999999999999,97.7,98.4,100.92,192.0,6.0,450.1954439572818,-0.045907150259866455,0.16087219727433877,0.006022692478437427,1228.1818425079546,8.984556042718282,0.007315330459837906
2026-11-20,0.2327173169062286,SPX261120P07450000,2026-08-27T19:51:36+00:00,-8.4,put,reference-session last trade,7450.0,7784.275443957282,0.9999999999999999,100.0,100.8,103.1,4944.0,43.0,437.37544395728173,-0.043891697780516714,0.15907385345182118,0.0058887932167583186,1243.522454430046,8.984556042718282,0.007225085490584283
2026-11-20,0.2327173169062286,SPXW261120P07470000,2026-08-27T20:00:27+00:00,0.45,put,reference-session last trade,7470.0,7784.275443957282,0.9999999999999999,104.8,105.4,107.8,11.0,6.0,422.0754439572818,-0.04121073102725886,0.15800322515828397,0.005809792275525386,1267.0732391508495,8.984556042718282,0.007090794569017521
2026-11-20,0.2327173169062286,SPX261120P07475000,2026-08-27T19:37:33+00:00,-22.45,put,reference-session last trade,7475.0,7784.275443957282,0.9999999999999999,104.4,105.3,108.34,3178.0,202.0,417.61544395728174,-0.04054161089523472,0.1572127667773235,0.005751807236718396,1271.672870866547,8.984556042718282,0.007065147215569677
2026-11-20,0.2327173169062286,SPX261120P07495000,2026-08-27T19:39:48+00:00,-20.2,put,reference-session last trade,7495.0,7784.275443957282,0.9999999999999999,108.8,109.5,112.26,252.0,2.0,401.53544395728176,-0.037869598617423866,0.1553597285802944,0.005617015325081815,1292.9255657963188,8.984556042718282,0.006949012596239175
2026-11-20,0.2327173169062286,SPX261120P07505000,2026-08-27T15:06:04+00:00,-293.93333333333334,put,reference-session last trade,7505.0,7784.275443957282,0.9999999999999999,110.8,111.6,115.95,435.0,1.0,395.22544395728175,-0.036536265086559584,0.1557109099351139,0.005642437878685279,1305.9587081050015,8.984556042718282,0.006879663183038331
2026-11-20,0.2327173169062286,SPXW261120P07525000,2026-08-27T17:01:08+00:00,-178.86666666666667,put,reference-session last trade,7525.0,7784.275443957282,0.9999999999999999,116.5,117.1,117.96,31.0,2.0,377.23544395728175,-0.03387491953704538,0.15220243367317302,0.0053910318120824465,1323.3451912542175,8.984556042718282,0.006789276223691154
2026-11-20,0.2327173169062286,SPXW261120P07550000,2026-08-27T19:58:14+00:00,-1.7666666666666666,put,reference-session last trade,7550.0,7784.275443957282,0.9999999999999999,121.2,122.1,124.84,164.0,3.0,359.1154439572818,-0.03055816691105156,0.15093244000118974,0.005301440445723705,1350.1146099880996,8.984556042718282,0.00665466174223348
2026-11-20,0.2327173169062286,SPX261120P07555000,2026-08-27T19:38:27+00:00,-21.55,put,reference-session last trade,7555.0,7784.275443957282,0.9999999999999999,122.2,123.0,126.17,96.0,1.0,355.4454439572818,-0.02989613444728193,0.15061356990570074,0.005279063743676521,1355.1886771431284,8.984556042718282,0.006629745506477085
2026-11-20,0.2327173169062286,SPX261120P07635000,2026-08-27T17:56:40+00:00,-123.33333333333333,put,reference-session last trade,7635.0,7784.275443957282,0.9999999999999999,142.9,143.9,147.38,104.0,1.0,296.6554439572818,-0.019362791501389046,0.14411255455983252,0.0048331729293625185,1426.366613595645,8.984556042718282,0.006298910782880451
2026-11-20,0.2327173169062286,SPXW261120P07640000,2026-08-27T18:19:39+00:00,-100.35,put,reference-session last trade,7640.0,7784.275443957282,0.9999999999999999,145.5,146.4,153.3,46.0,38.0,297.5754439572818,-0.018708126993555722,0.14683168427814802,0.005017279118895025,1432.386178872432,8.984556042718282,0.0062724397758367675
2026-11-20,0.2327173169062286,SPXW261120P07650000,2026-08-27T20:11:48+00:00,11.8,put,reference-session last trade,7650.0,7784.275443957282,0.9999999999999999,148.5,149.1,154.0,216.0,3.0,288.2754439572818,-0.017400082333540345,0.1444477115150485,0.004855679714618611,1438.6693758868719,8.984556042718282,0.00624504572996817
2026-11-20,0.2327173169062286,SPX261120P07680000,2026-08-27T14:53:37+00:00,-306.3833333333333,put,reference-session last trade,7680.0,7784.275443957282,0.9999999999999999,156.9,157.9,165.05,181.0,35.0,269.32544395728183,-0.013486183012404037,0.1432635962252926,0.004776396797506673,1459.103932288271,8.984556042718282,0.0061575846955796085
2026-11-20,0.2327173169062286,SPXW261120P07690000,2026-08-27T17:42:18+00:00,-137.7,put,reference-session last trade,7690.0,7784.275443957282,0.9999999999999999,160.2,161.0,164.5,52.0,1.0,258.7754439572818,-0.012184946654432198,0.13988444346447257,0.004553732756977532,1464.0956939774742,8.984556042718282,0.006136590715809122
2026-11-20,0.2327173169062286,SPX261120P07695000,2026-08-27T14:05:29+00:00,-354.51666666666665,put,reference-session last trade,7695.0,7784.275443957282,0.9999999999999999,161.8,162.8,175.48,28.0,2.0,264.7554439572818,-0.011534962881142297,0.1458537555468451,0.004950669488309656,1468.699574475529,8.984556042718282,0.006117354562403721
2026-11-20,0.2327173169062286,SPX261120P07705000,2026-08-27T14:05:29+00:00,-354.51666666666665,put,reference-session last trade,7705.0,7784.275443957282,0.9999999999999999,164.8,165.9,179.13,64.0,2.0,258.4054439572818,-0.010236261399905742,0.14526053217351587,0.004910480185142528,1473.736090743089,8.984556042718282,0.00609644840697908
2026-11-20,0.2327173169062286,SPX261120P07710000,2026-08-27T13:30:25+00:00,-389.5833333333333,put,reference-session last trade,7710.0,7784.275443957282,0.9999999999999999,166.9,167.9,183.7,132.0,32.0,257.9754439572818,-0.009587542596746735,0.14680620985327825,0.005015538333678865,1476.415907270116,8.984556042718282,0.006085382850778594
2026-11-20,0.2327173169062286,SPXW261120P07725000,2026-08-27T15:28:04+00:00,-271.93333333333334,put,reference-session last trade,7725.0,7784.275443957282,0.9999999999999999,172.9,173.7,180.22,70.0,5.0,239.49544395728182,-0.007643907388175707,0.13974700543845064,0.004544788966368844,1481.9867424297888,8.984556042718282,0.006062507703670593
2026-11-20,0.2327173169062286,SPX261120P07735000,2026-08-27T17:32:42+00:00,-147.3,put,reference-session last trade,7735.0,7784.275443957282,0.9999999999999999,175.1,176.2,178.15,27.0,12.0,227.42544395728183,-0.006350246146955392,0.1351763529683363,0.004252361243407859,1485.5032068778344,8.984556042718282,0.006048156611927906
2026-11-20,0.2327173169062286,SPXW261120P07770000,2026-08-27T13:45:03+00:00,-374.95,put,reference-session last trade,7770.0,7784.275443957282,0.9999999999999999,190.2,191.1,205.03,16.0,1.0,219.30544395728182,-0.0018355657924288245,0.1417304879230402,0.004674716365740612,1495.3186118936167,8.984556042718282,0.006008455971360223
2026-11-20,0.2327173169062286,SPX261120P07780000,2026-08-27T17:07:09+00:00,-172.85,put,reference-session last trade,7780.0,7784.275443957282,0.9999999999999999,193.2,194.2,195.27,37.0,20.0,199.54544395728183,-0.000549391981684633,0.13182500099387226,0.004044122177680837,1496.881989978689,8.984556042718282,0.006002180601321948
2026-11-20,0.2327173169062286,SPX261120C07840000,2026-08-27T18:53:30+00:00,-66.5,call,reference-session last trade,7840.0,7784.275443957282,0.9999999999999999,175.0,176.2,166.4,92.0,4.0,166.4,0.007133104190331681,0.12837975008497204,0.003835497932128103,1492.803633566119,8.984556042718282,0.006018578626617698
2026-11-20,0.2327173169062286,SPX261120C07845000,2026-08-27T17:06:23+00:00,-173.61666666666667,call,reference-session last trade,7845.0,7784.275443957282,0.9999999999999999,172.5,173.6,176.4,74.0,2.0,176.4,0.007770656013010966,0.13655578919357714,0.004339592341666962,1492.7013239618423,8.984556042718282,0.006018991139414272
2026-11-20,0.2327173169062286,SPXW261120C07860000,2026-08-27T14:06:59+00:00,-353.01666666666665,call,reference-session last trade,7860.0,7784.275443957282,0.9999999999999999,166.1,167.1,152.5,21.0,8.0,152.5,0.009680876269130218,0.12486400474986332,0.003628300268267709,1485.3844826099703,8.984556042718282,0.006048640030850134
2026-11-20,0.2327173169062286,SPX261120C07895000,2026-08-27T17:56:40+00:00,-123.33333333333333,call,reference-session last trade,7895.0,7784.275443957282,0.9999999999999999,148.7,149.9,149.52,2.0,1.0,149.52,0.014123917535620504,0.13260017941297803,0.004091823803778471,1471.6382343588614,8.984556042718282,0.0061051390436539735
2026-11-20,0.2327173169062286,SPX261120C07900000,2026-08-27T18:53:28+00:00,-66.53333333333333,call,reference-session last trade,7900.0,7784.275443957282,0.9999999999999999,145.1,146.1,145.5,9484.0,1.0,145.5,0.014757029300990971,0.13121878319367172,0.004007012649802505,1468.0072053793251,8.984556042718282,0.006120239743916462
2026-11-20,0.2327173169062286,SPX261120C07910000,2026-08-27T17:49:26+00:00,-130.56666666666666,call,reference-session last trade,7910.0,7784.275443957282,0.9999999999999999,140.4,141.4,142.6,184.0,1.0,142.6,0.016022051607577588,0.13191470824433207,0.004049628121426192,1462.3015463626277,8.984556042718282,0.006144119908145302
2026-11-20,0.2327173169062286,SPX261120C07920000,2026-08-27T15:19:51+00:00,-280.15,call,reference-session last trade,7920.0,7784.275443957282,0.9999999999999999,137.1,138.1,134.88,61.0,6.0,134.88,0.017285475654349708,0.12925109523659875,0.003887739569303565,1453.437813632395,8.984556042718282,0.006181589579167688
2026-11-20,0.2327173169062286,SPX261120C07930000,2026-08-27T18:53:28+00:00,-66.53333333333333,call,reference-session last trade,7930.0,7784.275443957282,0.9999999999999999,130.6,131.6,124.4,115.0,4.0,124.4,0.018547305474771757,0.12458932157074318,0.0036123543304693614,1441.103558253864,8.984556042718282,0.006234497161053825
2026-11-20,0.2327173169062286,SPX261120C07950000,2026-08-27T19:13:54+00:00,-46.1,call,reference-session last trade,7950.0,7784.275443957282,0.9999999999999999,122.8,123.8,117.97,1167.0,12.0,117.97,0.02106619849425573,0.1251243421833277,0.0036434458195178394,1423.868811366023,8.984556042718282,0.006309960560270107
2026-11-20,0.2327173169062286,SPX261120C07960000,2026-08-27T18:53:28+00:00,-66.53333333333333,call,reference-session last trade,7960.0,7784.275443957282,0.9999999999999999,118.5,119.6,112.1,137.0,3.0,112.1,0.022323269684306767,0.12343566279909732,0.003545765482013577,1411.4948203267875,8.984556042718282,0.006365277373556489
2026-11-20,0.2327173169062286,SPX261120C07980000,2026-08-27T19:39:40+00:00,-20.333333333333332,call,reference-session last trade,7980.0,7784.275443957282,0.9999999999999999,110.6,111.6,106.91,509.0,50.0,106.91,0.024832681289732577,0.12452355793240343,0.0036085418228947123,1391.9731900790505,8.984556042718282,0.006454546759056506
2026-11-20,0.2327173169062286,SPX261120C07990000,2026-08-27T18:53:28+00:00,-66.53333333333333,call,reference-session last trade,7990.0,7784.275443957282,0.9999999999999999,106.6,107.7,100.8,105.0,3.0,100.8,0.0260850296061984,0.12244848142459659,0.003489277484657443,1376.1714579345626,8.984556042718282,0.006528660357629289
2026-11-20,0.2327173169062286,SPX261120C08020000,2026-08-27T18:53:28+00:00,-66.53333333333333,call,reference-session last trade,8020.0,7784.275443957282,0.9999999999999999,95.7,96.7,90.3,28.0,2.0,90.3,0.029832691706438208,0.12149587062245652,0.003435197697895247,1335.2906293174042,8.984556042718282,0.006728539724203078
2026-11-20,0.2327173169062286,SPXW261120C08030000,2026-08-27T14:12:12+00:00,-347.8,call,reference-session last trade,8030.0,7784.275443957282,0.9999999999999999,93.3,94.2,86.14,30.0,4.0,86.14,0.03107879778668552,0.12055289811786699,0.0033820810562421063,1318.5372444466134,8.984556042718282,0.006814032808370974
2026-11-20,0.2327173169062286,SPX261120C08050000,2026-08-27T19:54:37+00:00,-5.383333333333334,call,reference-session last trade,8050.0,7784.275443957282,0.9999999999999999,85.0,85.8,84.6,2278.0,52.0,84.6,0.03356636125848706,0.12367865645200213,0.003559739507873104,1299.8956158585147,8.984556042718282,0.006911751938469645
2026-11-20,0.2327173169062286,SPX261120C08060000,2026-08-27T18:53:29+00:00,-66.51666666666667,call,reference-session last trade,8060.0,7784.275443957282,0.9999999999999999,81.8,82.8,77.5,33.0,1.0,77.5,0.03480782634655212,0.12026468132859773,0.0033659286896122625,1272.7847133779842,8.984556042718282,0.0070589754483090655
2026-11-20,0.2327173169062286,SPX261120C08100000,2026-08-27T17:18:03+00:00,-161.95,call,reference-session last trade,8100.0,7784.275443957282,0.9999999999999999,69.9,70.7,74.32,8439.0,32.0,74.32,0.03975833150640818,0.1258836955437221,0.003687802623732469,1232.8172480919056,8.984556042718282,0.007287824741764555
2026-11-20,0.2327173169062286,SPX261120C08130000,2026-08-27T19:37:20+00:00,-22.666666666666668,call,reference-session last trade,8130.0,7784.275443957282,0.9999999999999999,62.3,63.3,59.9,135.0,2.0,59.9,0.0434551933877343,0.11963486244332189,0.003330766670789231,1152.6247158067,8.984556042718282,0.007794866724187988
2026-11-20,0.2327173169062286,SPXW261120C08150000,2026-08-27T16:34:24+00:00,-205.6,call,reference-session last trade,8150.0,7784.275443957282,0.9999999999999999,58.8,59.3,58.2,123.0,10.0,58.2,0.04591219708078648,0.12187810138750357,0.003456846230841673,1129.5662918795063,8.984556042718282,0.00795398739083185
2026-11-20,0.2327173169062286,SPX261120C08170000,2026-08-27T18:53:28+00:00,-66.53333333333333,call,reference-session last trade,8170.0,7784.275443957282,0.9999999999999999,52.6,53.5,49.6,8.0,1.0,49.6,0.04836317869992671,0.11767643230018444,0.003222609530750146,1067.2405212348742,8.984556042718282,0.00841849223671015
2026-11-20,0.2327173169062286,SPX261120C08180000,2026-08-27T19:34:24+00:00,-25.6,call,reference-session last trade,8180.0,7784.275443957282,0.9999999999999999,50.8,51.7,48.69,19.0,1.0,48.69,0.0495864204426708,0.11858428237325407,0.0032725249067988246,1054.3355043340948,8.984556042718282,0.008521534185072156
2026-11-20,0.2327173169062286,SPX261120C08190000,2026-08-27T19:52:57+00:00,-7.05,call,reference-session last trade,8190.0,7784.275443957282,0.9999999999999999,48.7,49.6,47.55,220.0,2.0,47.55,0.05080816769299331,0.11924393524401994,0.003309034545820128,1039.9039413076373,8.984556042718282,0.008639794201972698
2026-11-20,0.2327173169062286,SPXW261120C08200000,2026-08-27T16:34:24+00:00,-205.6,call,reference-session last trade,8200.0,7784.275443957282,0.9999999999999999,47.0,47.6,47.2,85.0,11.0,47.2,0.0520284240982226,0.12063896963025815,0.003386912209290293,1030.6322725661023,8.984556042718282,0.008717518635767378
2026-11-20,0.2327173169062286,SPX261120C08225000,2026-08-27T13:38:20+00:00,-381.6666666666667,call,reference-session last trade,8225.0,7784.275443957282,0.9999999999999999,41.4,42.2,36.9,732.0,100.0,36.9,0.05507256647945068,0.11436975819915582,0.0030440452708975674,935.3578084818884,8.984556042718282,0.009605474997103477
2026-11-20,0.2327173169062286,SPXW261120C08240000,2026-08-27T16:03:14+00:00,-236.76666666666668,call,reference-session last trade,8240.0,7784.275443957282,0.9999999999999999,39.9,40.4,39.1,37.0,11.0,39.1,0.05689461374939541,0.1191588648074102,0.003304314798867094,944.0486331138754,8.984556042718282,0.009517047880344236
2026-11-20,0.2327173169062286,SPX261120C08250000,2026-08-27T18:40:15+00:00,-79.75,call,reference-session last trade,8250.0,7784.275443957282,0.9999999999999999,37.5,38.2,36.05,2237.0,1.0,36.05,0.058107470174604825,0.11748966839864786,0.003212388460879014,911.4795303344076,8.984556042718282,0.009857112248502156
2026-11-20,0.2327173169062286,SPX261120C08270000,2026-08-27T20:10:10+00:00,10.166666666666666,call,reference-session last trade,8270.0,7784.275443957282,0.9999999999999999,34.1,35.0,33.0,17.0,11.0,33.0,0.060528778863615004,0.1172308603410601,0.003198251450748629,870.4849063187297,8.984556042718282,0.010321323181482678
2026-11-20,0.2327173169062286,SPXW261120C08275000,2026-08-27T16:03:14+00:00,-236.76666666666668,call,reference-session last trade,8275.0,7784.275443957282,0.9999999999999999,34.3,34.9,33.4,20.0,11.0,33.4,0.06113319109114172,0.11847101937203501,0.003266276541106565,871.3261791595334,8.984556042718282,0.010311357856118399
2026-11-20,0.2327173169062286,SPX261120C08290000,2026-08-27T19:37:03+00:00,-22.95,call,reference-session last trade,8290.0,7784.275443957282,0.9999999999999999,30.8,31.6,30.0,208.0,1.0,30.0,0.06294423897521872,0.11678229197203253,0.003173822904997918,827.8795294964682,8.984556042718282,0.010852492086841255
2026-11-20,0.2327173169062286,SPXW261120C08350000,2026-08-27T18:38:21+00:00,-81.65,call,reference-session last trade,8350.0,7784.275443957282,0.9999999999999999,23.8,24.3,22.9,340.0,20.0,22.9,0.07015580869077918,0.11636563031423726,0.0031512158605517516,710.3078508399137,8.984556042718282,0.012648819849160282
2026-11-20,0.2327173169062286,SPXW261120C08450000,2026-08-27T17:24:05+00:00,-155.91666666666666,call,reference-session last trade,8450.0,7784.275443957282,0.9999999999999999,14.4,14.8,15.98,134.0,16.0,15.98,0.08206071119709762,0.11898330622817514,0.0032945853762736607,561.4943675840897,8.984556042718282,0.01600115078869914
2026-11-20,0.2327173169062286,SPX261120C08475000,2026-08-27T20:06:30+00:00,6.5,call,reference-session last trade,8475.0,7784.275443957282,0.9999999999999999,12.4,13.0,12.5,521.0,5.0,12.5,0.08501492309452903,0.11550282571826652,0.0031046590928319267,487.89198914068606,8.984556042718282,0.018415051369346302
2026-11-20,0.2327173169062286,SPXW261120C08700000,2026-08-27T19:52:40+00:00,-7.333333333333333,call,reference-session last trade,8700.0,7784.275443957282,0.9999999999999999,4.3,4.7,4.27,419.0,11.0,4.27,0.11121729548855316,0.1170196819532233,0.0031867392388141014,227.33481842166995,8.984556042718282,0.03952124934093183
2026-11-20,0.2327173169062286,SPX261120C08725000,2026-08-27T16:41:50+00:00,-198.16666666666666,call,reference-session last trade,8725.0,7784.275443957282,0.9999999999999999,3.7,4.1,4.0,45.0,3.0,4.0,0.1140867379165061,0.11829252429919283,0.0032564416452604676,214.88997907514062,8.984556042718282,0.04181002800310502
2026-11-20,0.2327173169062286,SPX261120C09100000,2026-08-27T13:44:38+00:00,-375.3666666666667,call,reference-session last trade,9100.0,7784.275443957282,0.9999999999999999,0.95,1.2,1.05,915.0,32.0,1.05,0.15616868335081957,0.12944514383332148,0.0038994218953387794,70.97583433832447,8.984556042718282,0.12658612789095366
2027-02-19,0.48186173853524983,SPX270219P05625000,2026-08-27T20:10:10+00:00,10.166666666666666,put,reference-session last trade,5625.0,7872.540685916134,0.9667337519337799,31.0,31.6,31.3,663.0,3.0,2204.0734399195253,-0.33615989399541363,0.30269407819129107,0.044149957768885084,492.7238831781181,1.5740639480344782,0.0031946167047588784
2027-02-19,0.48186173853524983,SPX270219P05675000,2026-08-27T20:10:04+00:00,10.066666666666666,put,reference-session last trade,5675.0,7872.540685916134,0.9667337519337799,32.5,32.9,33.0,1696.0,1.0,2157.436752322836,-0.3273102787184311,0.29944189776355956,0.04320634968919535,515.1657940489238,1.5740639480344782,0.0030554512085579077
2027-02-19,0.48186173853524983,SPX270219P05775000,2026-08-27T19:31:06+00:00,-28.9,put,reference-session last trade,5775.0,7872.540685916134,0.9667337519337799,35.2,35.9,35.97,582.0,502.0,2063.7333771294584,-0.3098425856780403,0.2917132377110837,0.04100480191056933,557.0445946032504,1.5740639480344782,0.0028257413558704218
2027-02-19,0.48186173853524983,SPX270219P05800000,2026-08-27T19:34:42+00:00,-25.3,put,reference-session last trade,5800.0,7872.540685916134,0.9667337519337799,36.0,36.6,36.56,1722.0,150.0,2040.1550333311138,-0.3055229245335238,0.28944421759324945,0.04036939109453149,566.4462090707905,1.5740639480344782,0.0027788409964233035
2027-02-19,0.48186173853524983,SPX270219P05875000,2026-08-27T16:43:04+00:00,-196.93333333333334,put,reference-session last trade,5875.0,7872.540685916134,0.9667337519337799,38.4,39.0,38.58,211.0,4.0,1969.6700019360803,-0.2926747820556749,0.2829615790426549,0.03858134679731424,597.081410158623,1.5740639480344782,0.002636263533336779
2027-02-19,0.48186173853524983,SPX270219P05950000,2026-08-27T18:54:37+00:00,-65.38333333333334,put,reference-session last trade,5950.0,7872.540685916134,0.9667337519337799,40.9,41.5,42.25,315.0,1.0,1900.834970541047,-0.27998962252835913,0.278902697822411,0.03748244165382878,640.9111250124573,1.5740639480344782,0.002455978507166471
2027-02-19,0.48186173853524983,SPX270219P05975000,2026-08-27T13:30:06+00:00,-389.9,put,reference-session last trade,5975.0,7872.540685916134,0.9667337519337799,41.8,42.5,44.61,180.0,1.0,1879.0266267427023,-0.27579674426832324,0.2791682727296903,0.03755385821164315,663.8085062230809,1.5740639480344782,0.0023712620933264974
2027-02-19,0.48186173853524983,SPX270219P06000000,2026-08-27T16:26:59+00:00,-213.01666666666668,put,reference-session last trade,6000.0,7872.540685916134,0.9667337519337799,42.9,43.5,43.46,5113.0,4.0,1853.708282944358,-0.2716213728578425,0.2740810608425837,0.036197659993475455,661.0831557598987,1.5740639480344782,0.0023810377473997666
2027-02-19,0.48186173853524983,SPX270219P06125000,2026-08-27T13:47:30+00:00,-372.5,put,reference-session last trade,6125.0,7872.540685916134,0.9667337519337799,47.6,48.5,50.89,267.0,12.0,1740.2965639526356,-0.2510020856551068,0.2678422497802131,0.03456850610554247,744.1410761548902,1.5740639480344782,0.0021152762540242336
2027-02-19,0.48186173853524983,SPX270219P06150000,2026-08-27T13:53:23+00:00,-366.6166666666667,put,reference-session last trade,6150.0,7872.540685916134,0.9667337519337799,49.0,49.8,51.37,824.0,6.0,1716.6082201542908,-0.24692876026747107,0.26509448523490153,0.03386287516480358,753.9412487917061,1.5740639480344782,0.0020877806467773596
2027-02-19,0.48186173853524983,SPX270219P06200000,2026-08-27T20:09:55+00:00,9.916666666666666,put,reference-session last trade,6200.0,7872.540685916134,0.9667337519337799,51.2,51.9,52.2,1121.0,5.0,1669.101532557602,-0.23883155003485157,0.2594120729392651,0.032426704315536764,773.029671995725,1.5740639480344782,0.0020362270751790533
2027-02-19,0.48186173853524983,SPX270219P06250000,2026-08-27T13:48:44+00:00,-371.26666666666665,put,reference-session last trade,6250.0,7872.540685916134,0.9667337519337799,53.6,54.4,57.08,1455.0,3.0,1625.6448449609127,-0.23079937833758732,0.25873792444072824,0.03225838517104913,819.1220961646947,1.5740639480344782,0.0019216475241048718
2027-02-19,0.48186173853524983,SPX270219P06275000,2026-08-27T13:47:30+00:00,-372.5,put,reference-session last trade,6275.0,7872.540685916134,0.9667337519337799,54.9,55.8,58.4,1032.0,12.0,1602.7965011625683,-0.22680735706804994,0.25690787913825197,0.03180367384515643,834.8072579102628,1.5740639480344782,0.0018855417620287167
2027-02-19,0.48186173853524983,SPX270219P06300000,2026-08-27T17:31:38+00:00,-148.36666666666667,put,reference-session last trade,6300.0,7872.540685916134,0.9667337519337799,56.1,56.9,57.04,1910.0,20.0,1577.2681573642237,-0.22283120868841047,0.25185822319519946,0.03056572585358946,833.6674384443588,1.5740639480344782,0.0018881197410945006
2027-02-19,0.48186173853524983,SPX270219P06375000,2026-08-27T20:09:58+00:00,9.966666666666667,put,reference-session last trade,6375.0,7872.540685916134,0.9667337519337799,60.2,61.1,61.7,460.0,6.0,1509.4231259691903,-0.21099675104140772,0.2470057142609059,0.029399263042976295,886.2398234538764,1.5740639480344782,0.0017761151173505115
2027-02-19,0.48186173853524983,SPX270219P06400000,2026-08-27T19:36:32+00:00,-23.466666666666665,put,reference-session last trade,6400.0,7872.540685916134,0.9667337519337799,61.7,62.5,62.5,860.0,37.0,1486.0547821708458,-0.20708285172027133,0.2444607133920017,0.028796558820025315,899.2711259584979,1.5740639480344782,0.0017503775030658802
2027-02-19,0.48186173853524983,SPX270219P06500000,2026-08-27T18:56:52+00:00,-63.13333333333333,put,reference-session last trade,6500.0,7872.540685916134,0.9667337519337799,67.9,68.7,70.62,2832.0,5.0,1397.501406977468,-0.1915786651843061,0.23921258359412795,0.02757341050338362,980.969084752984,1.5740639480344782,0.0016046009731599648
2027-02-19,0.48186173853524983,SPX270219P06550000,2026-08-27T18:56:52+00:00,-63.13333333333333,put,reference-session last trade,6550.0,7872.540685916134,0.9667337519337799,71.2,72.4,74.17,599.0,2.0,1352.714719380779,-0.18391579243873699,0.23573418552825817,0.026777348927841584,1018.8336160778589,1.5740639480344782,0.0015449666394931642
2027-02-19,0.48186173853524983,SPX270219P06575000,2026-08-27T16:27:51+00:00,-212.15,put,reference-session last trade,6575.0,7872.540685916134,0.9667337519337799,72.9,73.8,74.53,333.0,1.0,1328.9063755824343,-0.18010626402206925,0.23255878807767472,0.026060812661299382,1030.3445275369165,1.5740639480344782,0.001527706418548509
2027-02-19,0.48186173853524983,SPX270219P06600000,2026-08-27T19:46:22+00:00,-13.633333333333333,put,reference-session last trade,6600.0,7872.540685916134,0.9667337519337799,74.7,75.6,75.8,3502.0,1.0,1306.0080317840898,-0.1763111930535177,0.23025095936205475,0.025546143065127445,1046.8555208157104,1.5740639480344782,0.0015036114504205574
2027-02-19,0.48186173853524983,SPX270219P06625000,2026-08-27T14:00:58+00:00,-359.03333333333336,put,reference-session last trade,6625.0,7872.540685916134,0.9667337519337799,76.6,77.5,81.33,189.0,2.0,1287.3696879857453,-0.1725304702136116,0.23188094647153235,0.02590911459884989,1085.0341595106875,1.5740639480344782,0.0014507045093809085
2027-02-19,0.48186173853524983,SPX270219P06675000,2026-08-27T16:43:04+00:00,-196.93333333333334,put,reference-session last trade,6675.0,7872.540685916134,0.9667337519337799,80.3,81.5,81.51,3536.0,2.0,1239.2130003890563,-0.1650116377995843,0.22488775530432725,0.02436991769337204,1106.6664119310271,1.5740639480344782,0.001422347268394897
2027-02-19,0.48186173853524983,SPX270219P06700000,2026-08-27T14:52:38+00:00,-307.3666666666667,put,reference-session last trade,6700.0,7872.540685916134,0.9667337519337799,82.5,83.4,85.08,1226.0,2.0,1218.6146565907118,-0.1612733156889771,0.22448205551147174,0.024282069846437687,1134.6539704411377,1.5740639480344782,0.0013872634204263208
2027-02-19,0.48186173853524983,SPX270219P06725000,2026-08-27T20:06:13+00:00,6.216666666666667,put,reference-session last trade,6725.0,7872.540685916134,0.9667337519337799,84.9,85.9,86.4,4353.0,3.0,1195.7663127923674,-0.15754891659799472,0.2220264222085533,0.023753727200374032,1151.8140792978347,1.5740639480344782,0.0013665955090547723
2027-02-19,0.48186173853524983,SPX270219P06775000,2026-08-27T19:27:40+00:00,-32.333333333333336,put,reference-session last trade,6775.0,7872.540685916134,0.9667337519337799,89.1,89.8,91.52,1912.0,18.0,1152.5496251956783,-0.15014147532013294,0.21911516357150054,0.023134883131077116,1197.6989183051292,1.5740639480344782,0.001314240101562374
2027-02-19,0.48186173853524983,SPX270219P06800000,2026-08-27T19:27:40+00:00,-32.333333333333336,put,reference-session last trade,6800.0,7872.540685916134,0.9667337519337799,91.4,92.2,93.82,3326.0,33.0,1130.6812813973338,-0.14645822990383647,0.21735426221941942,0.02276453402784633,1219.3995535248678,1.5740639480344782,0.0012908516683349579
2027-02-19,0.48186173853524983,SPX270219P06825000,2026-08-27T15:00:55+00:00,-299.0833333333333,put,reference-session last trade,6825.0,7872.540685916134,0.9667337519337799,93.7,94.6,96.43,442.0,1.0,1109.1229375989894,-0.14278850101487414,0.21579129030879177,0.022438316362139495,1242.3907335231297,1.5740639480344782,0.0012669636898939198
2027-02-19,0.48186173853524983,SPX270219P06900000,2026-08-27T17:37:16+00:00,-142.73333333333332,put,reference-session last trade,6900.0,7872.540685916134,0.9667337519337799,101.4,102.5,102.9,3280.0,1.0,1043.087906203956,-0.13185943048268384,0.20971066131893767,0.021191586088611658,1305.7153222208044,1.5740639480344782,0.0012055184780686019
2027-02-19,0.48186173853524983,SPX270219P06975000,2026-08-27T19:21:04+00:00,-38.93333333333333,put,reference-session last trade,6975.0,7872.540685916134,0.9667337519337799,109.3,110.1,112.18,243.0,6.0,979.8628748089225,-0.12104851437846816,0.2052696959583336,0.020303556637572905,1379.4117618282112,1.5740639480344782,0.0011411124593778174
2027-02-19,0.48186173853524983,SPX270219P07025000,2026-08-27T20:09:47+00:00,9.783333333333333,put,reference-session last trade,7025.0,7872.540685916134,0.9667337519337799,115.1,115.9,117.8,447.0,16.0,937.1461872122334,-0.11390562686608803,0.20158227589856173,0.019580651215151595,1425.9692153682277,1.5740639480344782,0.001103855490756866
2027-02-19,0.48186173853524983,SPX270219P07050000,2026-08-27T19:36:49+00:00,-23.183333333333334,put,reference-session last trade,7050.0,7872.540685916134,0.9667337519337799,118.3,119.1,120.3,3751.0,97.0,915.4778434138889,-0.11035322526172016,0.19943914381990432,0.019166519062068448,1448.17423813722,1.5740639480344782,0.0010869299470892325
2027-02-19,0.48186173853524983,SPX270219P07175000,2026-08-27T17:57:05+00:00,-122.91666666666667,put,reference-session last trade,7175.0,7872.540685916134,0.9667337519337799,135.2,136.4,138.22,491.0,4.0,812.5561244221665,-0.09277808044021274,0.19144334621085618,0.01766050005826178,1573.438360833383,1.5740639480344782,0.001000397592442556
2027-02-19,0.48186173853524983,SPX270219P07200000,2026-08-27T19:38:59+00:00,-21.016666666666666,put,reference-session last trade,7200.0,7872.540685916134,0.9667337519337799,139.1,139.9,141.7,1621.0,142.0,791.867780623822,-0.08929981606388786,0.1895700592842515,0.017316572480104295,1597.5825460086182,1.5740639480344782,0.000985278633624974
2027-02-19,0.48186173853524983,SPX270219P07225000,2026-08-27T18:24:18+00:00,-95.7,put,reference-session last trade,7225.0,7872.540685916134,0.9667337519337799,142.3,143.6,148.28,923.0,8.0,774.2794368254774,-0.0858336080874017,0.18953854504913858,0.01731081552483122,1628.5379194528834,1.5740639480344782,0.000966550381929881
2027-02-19,0.48186173853524983,SPX270219P07250000,2026-08-27T19:36:46+00:00,-23.233333333333334,put,reference-session last trade,7250.0,7872.540685916134,0.9667337519337799,146.5,147.6,149.7,1309.0,204.0,751.531093027133,-0.08237937321931409,0.18625795841412326,0.016716760478513674,1647.569373231934,1.5740639480344782,0.0009553855355703386
2027-02-19,0.48186173853524983,SPX270219P07325000,2026-08-27T16:49:13+00:00,-190.78333333333333,put,reference-session last trade,7325.0,7872.540685916134,0.9667337519337799,159.4,160.7,161.58,193.0,1.0,690.9060616320995,-0.07208768718276645,0.18066472332865824,0.01572784294853944,1720.037965307527,1.5740639480344782,0.0009151332585574936
2027-02-19,0.48186173853524983,SPX270219P07350000,2026-08-27T18:42:38+00:00,-77.36666666666666,put,reference-session last trade,7350.0,7872.540685916134,0.9667337519337799,164.3,165.3,170.78,2728.0,59.0,675.9377178337551,-0.06868052886115222,0.18165303921312909,0.015900390120039767,1752.254326189784,1.5740639480344782,0.0008983079251156568
2027-02-19,0.48186173853524983,SPX270219P07375000,2026-08-27T17:43:05+00:00,-136.91666666666666,put,reference-session last trade,7375.0,7872.540685916134,0.9667337519337799,168.7,170.0,172.16,488.0,5.0,653.1493740354105,-0.06528493986001395,0.1780771209552044,0.015280539732660454,1771.0031306329122,1.5740639480344782,0.0008887979477890291
2027-02-19,0.48186173853524983,SPX270219P07425000,2026-08-27T17:58:31+00:00,-121.48333333333333,put,reference-session last trade,7425.0,7872.540685916134,0.9667337519337799,178.8,180.3,183.51,766.0,16.0,616.1626864387215,-0.05852815739713418,0.17554414279447594,0.014848928975284696,1820.4694167187636,1.5740639480344782,0.0008646472901871597
2027-02-19,0.48186173853524983,SPX270219P07450000,2026-08-27T19:21:04+00:00,-38.93333333333333,put,reference-session last trade,7450.0,7872.540685916134,0.9667337519337799,184.8,185.8,189.9,404.0,16.0,598.384342640377,-0.05516680969442941,0.17452119859617002,0.014676375582921593,1844.9650309655913,1.5740639480344782,0.0008531673617741509
2027-02-19,0.48186173853524983,SPX270219P07525000,2026-08-27T17:09:42+00:00,-170.3,put,reference-session last trade,7525.0,7872.540685916134,0.9667337519337799,201.7,202.8,203.25,187.0,4.0,539.2293112453435,-0.04515003145095809,0.1677840699356999,0.013565127901046017,1908.1840295309678,1.5740639480344782,0.0008249015418189951
2027-02-19,0.48186173853524983,SPX270219P07550000,2026-08-27T20:03:06+00:00,3.1,put,reference-session last trade,7550.0,7872.540685916134,0.9667337519337799,207.9,209.1,212.08,565.0,30.0,523.8909674469991,-0.04183327882496413,0.1676468843234585,0.013542954406329641,1931.586177574137,1.5740639480344782,0.0008149074404805133
2027-02-19,0.48186173853524983,SPX270219P07625000,2026-08-27T16:50:12+00:00,-189.8,put,reference-session last trade,7625.0,7872.540685916134,0.9667337519337799,228.8,229.8,230.35,2399.0,6.0,469.65593605196557,-0.031948519592422224,0.1623335128341183,0.01269810215599018,1989.3505851858527,1.5740639480344782,0.0007912451227833345
2027-02-19,0.48186173853524983,SPX270219P07650000,2026-08-27T20:05:46+00:00,5.766666666666667,put,reference-session last trade,7650.0,7872.540685916134,0.9667337519337799,235.4,236.6,240.2,975.0,59.0,455.33759225362104,-0.028675194247453024,0.16223425546014783,0.012682578621406426,2008.164318011184,1.5740639480344782,0.0007838322461547252
2027-02-19,0.48186173853524983,SPX270219P07825000,2026-08-27T19:46:22+00:00,-13.633333333333333,put,reference-session last trade,7825.0,7872.540685916134,0.9667337519337799,292.8,294.3,298.6,405.0,21.0,344.5591856652096,-0.00605710565968057,0.15286438094953733,0.011259913312807688,2094.879257089106,1.5740639480344782,0.000751386478580004
2027-02-19,0.48186173853524983,SPX270219C07875000,2026-08-27T19:25:12+00:00,-34.8,call,reference-session last trade,7875.0,7872.540685916134,0.9667337519337799,313.2,314.7,303.64,565.0,3.0,303.64,0.00031234262579926317,0.14466896609594382,0.010084937210741695,2105.287090566016,1.5740639480344782,0.0007476718757683941
2027-02-19,0.48186173853524983,SPX270219C07950000,2026-08-27T19:25:12+00:00,-34.8,call,reference-session last trade,7950.0,7872.540685916134,0.9667337519337799,271.9,273.1,263.29,1196.0,4.0,263.29,0.009791086580343071,0.1413431661536136,0.009626581105614596,2104.913017836954,1.5740639480344782,0.000747804747605207
2027-02-19,0.48186173853524983,SPX270219C08025000,2026-08-27T19:04:20+00:00,-55.666666666666664,call,reference-session last trade,8025.0,7872.540685916134,0.9667337519337799,233.7,235.1,226.5,154.0,5.0,226.5,0.019180826930182134,0.1383731136610681,0.009226263848951572,2083.5233621948105,1.5740639480344782,0.0007554817846517156
2027-02-19,0.48186173853524983,SPX270219C08075000,2026-08-27T19:06:28+00:00,-53.53333333333333,call,reference-session last trade,8075.0,7872.540685916134,0.9667337519337799,212.6,214.2,204.25,594.0,9.0,204.25,0.02539202702282269,0.1367152607914355,0.009006507887352659,2057.1828201817175,1.5740639480344782,0.0007651551104706563
2027-02-19,0.48186173853524983,SPX270219C08100000,2026-08-27T17:58:15+00:00,-121.75,call,reference-session last trade,8100.0,7872.540685916134,0.9667337519337799,200.6,201.9,200.99,1599.0,2.0,200.99,0.028483219592495473,0.13949886038025408,0.009376996688132987,2044.9448515165604,1.5740639480344782,0.0007697341798078955
2027-02-19,0.48186173853524983,SPX270219C08150000,2026-08-27T18:21:49+00:00,-98.18333333333334,call,reference-session last trade,8150.0,7872.540685916134,0.9667337519337799,180.9,182.3,176.14,604.0,1.0,176.14,0.034637085166873825,0.13564242755018144,0.008865710594661997,2001.9272521783153,1.5740639480344782,0.0007862742995889211
2027-02-19,0.48186173853524983,SPX270219C08175000,2026-08-27T19:55:01+00:00,-4.983333333333333,call,reference-session last trade,8175.0,7872.540685916134,0.9667337519337799,171.0,172.5,167.6,254.0,9.0,167.6,0.03769987469741952,0.13539594652642647,0.008833519428058866,1979.5285795535542,1.5740639480344782,0.0007951711151295825
2027-02-19,0.48186173853524983,SPX270219C08200000,2026-08-27T19:47:15+00:00,-12.75,call,reference-session last trade,8200.0,7872.540685916134,0.9667337519337799,160.1,161.2,156.66,2209.0,4.0,156.66,0.04075331218431001,0.13376969778740988,0.008622593949677633,1951.411484842028,1.5740639480344782,0.0008066284124395748
2027-02-19,0.48186173853524983,SPX270219C08275000,2026-08-27T17:24:05+00:00,-155.91666666666666,call,reference-session last trade,8275.0,7872.540685916134,0.9667337519337799,135.7,137.0,138.99,320.0,8.0,138.99,0.049858079177229,0.1358176100597927,0.008888625554043223,1876.7604321286897,1.5740639480344782,0.0008387133067639954
2027-02-19,0.48186173853524983,SPX270219C08325000,2026-08-27T17:43:21+00:00,-136.65,call,reference-session last trade,8325.0,7872.540685916134,0.9667337519337799,119.0,120.1,122.28,558.0,3.0,122.28,0.055882193780610025,0.13384153695515666,0.008631857726366236,1806.7579399267909,1.5740639480344782,0.0008712090940628487
2027-02-19,0.48186173853524983,SPX270219C08550000,2026-08-27T16:00:15+00:00,-239.75,call,reference-session last trade,8550.0,7872.540685916134,0.9667337519337799,67.1,68.3,65.31,147.0,2.0,65.31,0.08255044086277144,0.12677889255008015,0.00774490956039852,1413.3026186763661,1.5740639480344782,0.0011137486955968947
2027-02-19,0.48186173853524983,SPX270219C08625000,2026-08-27T16:44:20+00:00,-195.66666666666666,call,reference-session last trade,8625.0,7872.540685916134,0.9667337519337799,54.3,55.3,54.6,242.0,6.0,54.6,0.09128412083152589,0.12697526733984518,0.007768921174046344,1289.0970226325553,1.5740639480344782,0.0012210593309881146
2027-02-19,0.48186173853524983,SPX270219C08700000,2026-08-27T14:23:11+00:00,-336.81666666666666,call,reference-session last trade,8700.0,7872.540685916134,0.9667337519337799,44.0,44.9,41.0,355.0,3.0,41.0,0.09994218357464049,0.1232915894813203,0.0073246916426616075,1119.389162547087,1.5740639480344782,0.0014061811572776107
2027-02-19,0.48186173853524983,SPX270219C08750000,2026-08-27T16:07:08+00:00,-232.86666666666667,call,reference-session last trade,8750.0,7872.540685916134,0.9667337519337799,37.8,38.6,36.6,22.0,5.0,36.6,0.1056728582836256,0.12402336270124775,0.007411898237502106,1045.162042612022,1.5740639480344782,0.0015060477551410575
2027-02-19,0.48186173853524983,SPX270219C08800000,2026-08-27T20:05:00+00:00,5.0,call,reference-session last trade,8800.0,7872.540685916134,0.9667337519337799,32.1,32.9,31.7,1968.0,8.0,31.7,0.11137087939826322,0.12376486468419813,0.007381033660595279,960.8835396175089,1.5740639480344782,0.0016381422754531243
2027-02-19,0.48186173853524983,SPX270219C08850000,2026-08-27T15:01:51+00:00,-298.15,call,reference-session last trade,8850.0,7872.540685916134,0.9667337519337799,27.4,28.2,27.2,104.0,28.0,27.2,0.11703661693394067,0.12332145201862098,0.007328240309170875,876.8574277325517,1.5740639480344782,0.0017951195921380504
2027-02-19,0.48186173853524983,SPX270219C09200000,2026-08-27T17:05:17+00:00,-174.71666666666667,call,reference-session last trade,9200.0,7872.540685916134,0.9667337519337799,9.0,9.5,9.6,652.0,78.0,9.6,0.15582264196909718,0.12344454125510089,0.007342876492156292,435.7024053429812,1.5740639480344782,0.003612704287908139
2027-02-19,0.48186173853524983,SPX270219C09300000,2026-08-27T16:44:21+00:00,-195.65,call,reference-session last trade,9300.0,7872.540685916134,0.9667337519337799,6.6,7.1,6.9,504.0,11.0,6.9,0.16663355807331276,0.12324764996110485,0.007319471723161027,343.41716505282125,1.5740639480344782,0.004583533114287896
2027-02-19,0.48186173853524983,SPX270219C10000000,2026-08-27T14:28:13+00:00,-331.78333333333336,call,reference-session last trade,10000.0,7872.540685916134,0.9667337519337799,1.3,1.7,1.45,2296.0,1.0,1.45,0.23920425090814823,0.13589992060726436,0.008899402497212027,95.30269166944744,1.5740639480344782,0.016516468952356974
2027-08-20,0.9801505817932923,SPX270820P05750000,2026-08-27T14:30:38+00:00,-329.3666666666667,put,reference-session last trade,5750.0,8011.143252787216,0.9485520038534404,88.0,89.2,91.0,32.0,15.0,2235.8119634309996,-0.33163362427447673,0.2723571163220294,0.07270600075134298,1182.7083835192882,3.1920442758809315,0.002698927580425724
2027-08-20,0.9801505817932923,SPX270820P05800000,2026-08-27T15:24:50+00:00,-275.1666666666667,put,reference-session last trade,5800.0,8011.143252787216,0.9485520038534404,91.5,92.6,93.23,23.0,2.0,2190.6143632383278,-0.3229755615313622,0.26874068821704333,0.0707880016049459,1211.5679764010522,3.1920442758809315,0.0026346390281483502
2027-08-20,0.9801505817932923,SPX270820P05900000,2026-08-27T20:09:15+00:00,9.25,put,reference-session last trade,5900.0,8011.143252787216,0.9485520038534404,98.4,99.5,100.4,1493.0,6.0,2102.9291628529836,-0.3058811281720621,0.2635210564617484,0.06806493715849507,1284.4032831804466,3.1920442758809315,0.002485235219873289
2027-08-20,0.9801505817932923,SPX270820P05950000,2026-08-27T18:38:23+00:00,-81.61666666666666,put,reference-session last trade,5950.0,8011.143252787216,0.9485520038534404,102.2,103.3,105.32,248.0,1.0,2060.421562660312,-0.2974422595261975,0.2617863645813876,0.067171778353743,1327.6155737394893,3.1920442758809315,0.0024043438017903886
2027-08-20,0.9801505817932923,SPX270820P06250000,2026-08-27T14:22:24+00:00,-337.6,put,reference-session last trade,6250.0,8011.143252787216,0.9485520038534404,128.5,129.5,132.74,18.0,2.0,1803.2759615042796,-0.24825201533542574,0.24734080431562824,0.0599631362235775,1573.8724192058378,3.1920442758809315,0.002028146777927279
2027-08-20,0.9801505817932923,SPX270820P06375000,2026-08-27T20:06:10+00:00,6.166666666666667,put,reference-session last trade,6375.0,8011.143252787216,0.9485520038534404,141.4,142.4,143.7,6.0,2.0,1695.6669610225997,-0.22844938803924594,0.2400012108557561,0.05645724318679814,1674.5918800034951,3.1920442758809315,0.0019061625187590599
2027-08-20,0.9801505817932923,SPX270820P06425000,2026-08-27T15:06:30+00:00,-293.5,put,reference-session last trade,6425.0,8011.143252787216,0.9485520038534404,146.6,147.8,149.94,301.0,150.0,1654.4793608299276,-0.22063684830245237,0.23800345518479674,0.055521261589061614,1721.8460163669781,3.1920442758809315,0.0018538500223243012
2027-08-20,0.9801505817932923,SPX270820P06450000,2026-08-27T17:39:01+00:00,-140.98333333333332,put,reference-session last trade,6450.0,8011.143252787216,0.9485520038534404,149.3,150.4,151.7,282.0,11.0,1632.5255607335916,-0.2167533482760547,0.23617462350318089,0.054671282950579575,1740.4851684353669,3.1920442758809315,0.0018339968267299077
2027-08-20,0.9801505817932923,SPX270820P06475000,2026-08-27T19:52:44+00:00,-7.266666666666667,put,reference-session last trade,6475.0,8011.143252787216,0.9485520038534404,152.4,153.5,154.1,36.0,1.0,1611.2117606372553,-0.21288487149813434,0.2346959234398401,0.053988827322606396,1761.4626816058515,3.1920442758809315,0.0018121554939619152
2027-08-20,0.9801505817932923,SPX270820P06600000,2026-08-27T16:59:20+00:00,-180.66666666666666,put,reference-session last trade,6600.0,8011.143252787216,0.9485520038534404,167.9,169.1,169.44,280.0,1.0,1507.9827601555755,-0.193763830051356,0.22876935817853133,0.05129659161787089,1877.2414954709739,3.1920442758809315,0.0017003908573201935
2027-08-20,0.9801505817932923,SPX270820P06800000,2026-08-27T16:27:03+00:00,-212.95,put,reference-session last trade,6800.0,8011.143252787216,0.9485520038534404,194.9,196.4,199.21,538.0,40.0,1348.0423593848875,-0.1639108669016748,0.22036741172371951,0.04759787274916482,2072.8406789695946,3.1920442758809315,0.0015399371057633292
2027-08-20,0.9801505817932923,SPX270820P06825000,2026-08-27T13:39:51+00:00,-380.15,put,reference-session last trade,6825.0,8011.143252787216,0.9485520038534404,199.2,200.5,208.95,6.0,2.0,1334.0685592885513,-0.16024113801271236,0.22202894700750678,0.04831833945165198,2111.043812939602,3.1920442758809315,0.0015120691746496962
2027-08-20,0.9801505817932923,SPX270820P06850000,2026-08-27T17:57:20+00:00,-122.66666666666667,put,reference-session last trade,6850.0,8011.143252787216,0.9485520038534404,203.3,204.7,206.5,122.0,2.0,1307.9047591922154,-0.15658482680960195,0.2178657305227311,0.04652331444205551,2120.035738770544,3.1920442758809315,0.0015056558799957161
2027-08-20,0.9801505817932923,SPX270820P06900000,2026-08-27T20:07:17+00:00,7.283333333333333,put,reference-session last trade,6900.0,8011.143252787216,0.9485520038534404,211.2,212.5,214.8,439.0,10.0,1268.7771589995432,-0.14931206748052211,0.21570946028224297,0.045606966487013956,2169.028575585583,3.1920442758809315,0.001471646944540212
2027-08-20,0.9801505817932923,SPX270820P06950000,2026-08-27T20:13:01+00:00,13.016666666666667,put,reference-session last trade,6950.0,8011.143252787216,0.9485520038534404,218.9,220.4,223.0,242.0,52.0,1229.5495588068713,-0.1420918195070351,0.21337044113562292,0.04462326177644599,2217.0992092614615,3.1920442758809315,0.0014397390349276406
2027-08-20,0.9801505817932923,SPX270820P07000000,2026-08-27T19:09:08+00:00,-50.86666666666667,put,reference-session last trade,7000.0,8011.143252787216,0.9485520038534404,228.0,229.3,233.0,656.0,23.0,1192.1219586141992,-0.1349233300284225,0.21169370886452923,0.04392469005193589,2267.953125916443,3.1920442758809315,0.001407456018118134
2027-08-20,0.9801505817932923,SPX270820P07175000,2026-08-27T20:13:31+00:00,13.516666666666667,put,reference-session last trade,7175.0,8011.143252787216,0.9485520038534404,260.1,261.6,264.8,44.0,10.0,1057.9253579398473,-0.11023071743805099,0.20326614846956895,0.04049700617847425,2432.338554478097,3.1920442758809315,0.0013123355176047206
2027-08-20,0.9801505817932923,SPX270820P07250000,2026-08-27T18:33:15+00:00,-86.75,put,reference-session last trade,7250.0,8011.143252787216,0.9485520038534404,275.7,277.1,283.49,575.0,8.0,1005.4739576508392,-0.0998320102171524,0.2011653521722334,0.03966424260484373,2505.6364266416113,3.1920442758809315,0.0012739455101869412
2027-08-20,0.9801505817932923,SPX270820P07300000,2026-08-27T17:10:26+00:00,-169.56666666666666,put,reference-session last trade,7300.0,8011.143252787216,0.9485520038534404,287.2,288.6,288.65,131.0,1.0,963.2063574581672,-0.09295913092939041,0.1966737884735891,0.037912792082065314,2544.333964535589,3.1920442758809315,0.0012545696910757419
2027-08-20,0.9801505817932923,SPX270820P07325000,2026-08-27T17:57:20+00:00,-122.66666666666667,put,reference-session last trade,7325.0,8011.143252787216,0.9485520038534404,292.4,293.7,296.7,128.0,2.0,947.5425573618311,-0.08954032418060483,0.1965284156744847,0.03785676578774333,2569.3612545881583,3.1920442758809315,0.0012423493466248998
2027-08-20,0.9801505817932923,SPX270820P07350000,2026-08-27T13:39:51+00:00,-380.15,put,reference-session last trade,7350.0,8011.143252787216,0.9485520038534404,297.4,298.7,311.5,147.0,4.0,938.6287572654952,-0.08613316585899049,0.19892525212839368,0.03878578952633952,2599.963085956006,3.1920442758809315,0.0012277267677849423
2027-08-20,0.9801505817932923,SPX270820P07400000,2026-08-27T14:46:01+00:00,-313.98333333333335,put,reference-session last trade,7400.0,8011.143252787216,0.9485520038534404,309.3,310.6,317.5,245.0,1.0,897.2011570728231,-0.07935347887361177,0.19448518292561687,0.037073692329047545,2637.458309077623,3.1920442758809315,0.0012102728846535812
2027-08-20,0.9801505817932923,SPX270820P07425000,2026-08-27T18:09:28+00:00,-110.53333333333333,put,reference-session last trade,7425.0,8011.143252787216,0.9485520038534404,315.7,317.1,322.42,193.0,4.0,878.4073569764871,-0.0759807943949725,0.19295205742309438,0.03649149276945169,2657.5328083697773,3.1920442758809315,0.0012011307126022057
2027-08-20,0.9801505817932923,SPX270820P07450000,2026-08-27T17:56:32+00:00,-123.46666666666667,put,reference-session last trade,7450.0,8011.143252787216,0.9485520038534404,321.9,323.2,326.46,106.0,4.0,858.7335568801511,-0.07261944669226775,0.19105535894069078,0.03577760373559019,2676.6615079201947,3.1920442758809315,0.0011925468597488804
2027-08-20,0.9801505817932923,SPX270820P07625000,2026-08-27T16:03:04+00:00,-236.93333333333334,put,reference-session last trade,7625.0,8011.143252787216,0.9485520038534404,367.7,369.0,373.09,87.0,3.0,739.366956205799,-0.04940115659026058,0.18344094775091685,0.03298263685039877,2810.133506570024,3.1920442758809315,0.0011359048487974003
2027-08-20,0.9801505817932923,SPX270820P07650000,2026-08-27T17:26:27+00:00,-153.55,put,reference-session last trade,7650.0,8011.143252787216,0.9485520038534404,373.7,375.2,378.4,170.0,79.0,720.963156109463,-0.0461278312452914,0.18169871011867758,0.03235910420437306,2826.5740235969674,3.1920442758809315,0.0011292979590249272
2027-08-20,0.9801505817932923,SPX270820P07675000,2026-08-27T14:15:46+00:00,-344.23333333333335,put,reference-session last trade,7675.0,8011.143252787216,0.9485520038534404,381.4,383.0,394.1,57.0,4.0,712.949356013127,-0.04286518561047498,0.1835710589755879,0.03302944137506891,2845.319981969221,3.1920442758809315,0.0011218577510118022
2027-08-20,0.9801505817932923,SPX270820P07750000,2026-08-27T20:03:19+00:00,3.316666666666667,put,reference-session last trade,7750.0,8011.143252787216,0.9485520038534404,405.3,406.6,410.4,298.0,1.0,658.1079557241189,-0.03314063571848022,0.17806130650814717,0.031076486618450437,2889.044795817287,3.1920442758809315,0.0011048787753316675
2027-08-20,0.9801505817932923,SPX270820P07800000,2026-08-27T18:09:28+00:00,-110.53333333333333,put,reference-session last trade,7800.0,8011.143252787216,0.9485520038534404,420.1,421.6,429.06,957.0,2.0,629.340355531447,-0.02670974538818985,0.17685706865421288,0.030657564239288233,2916.0487597586393,3.1920442758809315,0.0010946470854435015
2027-08-20,0.9801505817932923,SPX270820P07825000,2026-08-27T16:10:45+00:00,-229.25,put,reference-session last trade,7825.0,8011.143252787216,0.9485520038534404,427.7,429.2,435.54,49.0,2.0,612.106555435111,-0.023509742657518953,0.17520120838621364,0.030086176329517385,2928.09105099012,3.1920442758809315,0.001090145156108297
2027-08-20,0.9801505817932923,SPX270820P07850000,2026-08-27T13:39:51+00:00,-380.15,put,reference-session last trade,7850.0,8011.143252787216,0.9485520038534404,437.0,438.4,455.65,103.0,2.0,608.5027553387749,-0.02031994728941877,0.17813608275395101,0.031102593030675568,2939.872573226899,3.1920442758809315,0.0010857764057362665
2027-08-20,0.9801505817932923,SPX270820P07875000,2026-08-27T20:14:05+00:00,14.083333333333334,put,reference-session last trade,7875.0,8011.143252787216,0.9485520038534404,445.8,447.4,452.7,17.0,2.0,581.8389552424389,-0.017140294372039042,0.1731747661740851,0.02939422551929571,2950.0140111481774,3.1920442758809315,0.0010820437678662257
2027-08-20,0.9801505817932923,SPX270820C08050000,2026-08-27T19:16:04+00:00,-43.93333333333333,call,reference-session last trade,8050.0,8011.143252787216,0.9485520038534404,490.5,492.8,479.6,195.0,2.0,479.6,0.004838612346736086,0.16564880832789866,0.026894869039732077,2997.186286943861,3.1920442758809315,0.001065013639554504
2027-08-20,0.9801505817932923,SPX270820C08125000,2026-08-27T20:14:25+00:00,14.416666666666666,call,reference-session last trade,8125.0,8011.143252787216,0.9485520038534404,451.4,453.6,441.89,112.0,104.0,441.89,0.014112249132065359,0.16361828571268228,0.026239555767834034,3001.262341800768,3.1920442758809315,0.0010635672301694539
2027-08-20,0.9801505817932923,SPX270820C08200000,2026-08-27T20:14:39+00:00,14.65,call,reference-session last trade,8200.0,8011.143252787216,0.9485520038534404,411.2,414.0,403.2,263.0,2.0,403.2,0.02330067518647148,0.16072670365863276,0.025320301794089645,2994.615910672204,3.1920442758809315,0.001065927775413579
2027-08-20,0.9801505817932923,SPX270820C08250000,2026-08-27T14:28:37+00:00,-331.3833333333333,call,reference-session last trade,8250.0,8011.143252787216,0.9485520038534404,386.6,389.2,375.9,952.0,7.0,375.9,0.02937972126285373,0.1579862641338129,0.024464224932170524,2983.336033154568,3.1920442758809315,0.0010699580068778494
2027-08-20,0.9801505817932923,SPX270820C08275000,2026-08-27T15:41:01+00:00,-258.98333333333335,call,reference-session last trade,8275.0,8011.143252787216,0.9485520038534404,373.9,376.0,365.06,24.0,2.0,365.06,0.032405442179390745,0.15746251742533288,0.02430228909794532,2976.0932886480227,3.1920442758809315,0.0010725619012201767
2027-08-20,0.9801505817932923,SPX270820C08300000,2026-08-27T16:39:35+00:00,-200.41666666666666,call,reference-session last trade,8300.0,8011.143252787216,0.9485520038534404,364.3,366.1,359.75,3298.0,500.0,359.75,0.035422035718816414,0.15873973705692906,0.02469813244430737,2969.1460260028944,3.1920442758809315,0.0010750715013427973
2027-08-20,0.9801505817932923,SPX270820C08325000,2026-08-27T15:49:36+00:00,-250.4,call,reference-session last trade,8325.0,8011.143252787216,0.9485520038534404,351.3,353.3,339.72,181.0,150.0,339.72,0.03842955678277173,0.1549905370896909,0.023545242541469148,2956.368976703408,3.1920442758809315,0.0010797178231251503
2027-08-20,0.9801505817932923,SPX270820C08375000,2026-08-27T15:55:29+00:00,-244.51666666666668,call,reference-session last trade,8375.0,8011.143252787216,0.9485520038534404,329.0,331.0,323.22,176.0,63.0,323.22,0.04441759862739419,0.1552575162440389,0.023626428181782195,2934.5519509695473,3.1920442758809315,0.001087745021800112
2027-08-20,0.9801505817932923,SPX270820C08450000,2026-08-27T19:50:37+00:00,-9.383333333333333,call,reference-session last trade,8450.0,8011.143252787216,0.9485520038534404,296.8,298.7,290.35,60.0,1.0,290.35,0.05333296228534662,0.15241383551996093,0.022768875724381226,2887.553357498779,3.1920442758809315,0.0011054494517275016
2027-08-20,0.9801505817932923,SPX270820C08500000,2026-08-27T17:36:05+00:00,-143.91666666666666,call,reference-session last trade,8500.0,8011.143252787216,0.9485520038534404,276.8,278.8,279.31,1412.0,130.0,279.31,0.05923268441253497,0.15397705355830454,0.02323832449569862,2858.432922697602,3.1920442758809315,0.0011167112757953016
2027-08-20,0.9801505817932923,SPX270820C08550000,2026-08-27T16:44:26+00:00,-195.56666666666666,call,reference-session last trade,8550.0,8011.143252787216,0.9485520038534404,259.2,261.1,258.13,136.0,28.0,258.13,0.0650978038649329,0.15174940819749375,0.022570792810424834,2814.8332521220195,3.1920442758809315,0.0011340083017260592
2027-08-20,0.9801505817932923,SPX270820C08625000,2026-08-27T17:56:32+00:00,-123.46666666666667,call,reference-session last trade,8625.0,8011.143252787216,0.9485520038534404,232.6,234.3,231.66,342.0,4.0,231.66,0.0738314838336876,0.14976628389703164,0.02198471853703712,2743.5286609420014,3.1920442758809315,0.0011634812937528893
2027-08-20,0.9801505817932923,SPX270820C08675000,2026-08-27T20:14:48+00:00,14.8,call,reference-session last trade,8675.0,8011.143252787216,0.9485520038534404,215.7,217.2,210.3,36.0,4.0,210.3,0.07961184674918709,0.14670928087305504,0.021096381896661045,2680.502295467558,3.1920442758809315,0.0011908381057081489
2027-08-20,0.9801505817932923,SPX270820C08750000,2026-08-27T18:40:15+00:00,-79.75,call,reference-session last trade,8750.0,8011.143252787216,0.9485520038534404,193.6,195.0,187.75,327.0,106.0,187.75,0.08822022128578715,0.14508616849069844,0.020632166107754847,2590.8195436121878,3.1920442758809315,0.001232059671524054
2027-08-20,0.9801505817932923,SPX270820C08800000,2026-08-27T19:57:07+00:00,-2.8833333333333333,call,reference-session last trade,8800.0,8011.143252787216,0.9485520038534404,178.4,179.9,176.7,1082.0,109.0,176.7,0.09391824240042493,0.1452203095754963,0.02067033515708876,2534.667496152235,3.1920442758809315,0.0012593542469482213
2027-08-20,0.9801505817932923,SPX270820C08850000,2026-08-27T19:59:52+00:00,-0.13333333333333333,call,reference-session last trade,8850.0,8011.143252787216,0.9485520038534404,166.0,167.4,163.9,917.0,369.0,163.9,0.09958397993610235,0.14442046899000985,0.020443267151428867,2468.818744473669,3.1920442758809315,0.0012929439567105393
2027-08-20,0.9801505817932923,SPX270820C08900000,2026-08-27T19:58:58+00:00,-1.0333333333333334,call,reference-session last trade,8900.0,8011.143252787216,0.9485520038534404,153.3,154.7,151.5,840.0,54.0,151.5,0.1052177976543584,0.14351250746089111,0.020187024360249183,2398.711702101613,3.1920442758809315,0.0013307327733817476
2027-08-20,0.9801505817932923,SPX270820C08950000,2026-08-27T19:59:23+00:00,-0.6166666666666667,call,reference-session last trade,8950.0,8011.143252787216,0.9485520038534404,141.6,142.9,140.4,1782.0,43.0,140.4,0.11082005320302811,0.14287920401319473,0.020009251647696086,2328.1535256334764,3.1920442758809315,0.0013710626214018234
2027-08-20,0.9801505817932923,SPX270820C09000000,2026-08-27T19:59:03+00:00,-0.95,call,reference-session last trade,9000.0,8011.143252787216,0.9485520038534404,131.3,132.8,129.4,2294.0,26.0,129.4,0.11639109825248355,0.14202150552557663,0.019769743122154685,2252.7673529798076,3.1920442758809315,0.0014169435967982722
2027-08-20,0.9801505817932923,SPX270820C09050000,2026-08-27T19:57:10+00:00,-2.8333333333333335,call,reference-session last trade,9050.0,8011.143252787216,0.9485520038534404,121.0,122.5,118.9,848.0,9.0,118.9,0.12193127862809898,0.14110723779835663,0.01951602578001737,2174.241186653028,3.1920442758809315,0.0014681187604557726
2027-08-20,0.9801505817932923,SPX270820C09100000,2026-08-27T19:50:37+00:00,-9.383333333333333,call,reference-session last trade,9100.0,8011.143252787216,0.9485520038534404,111.1,112.5,107.55,132.0,1.0,107.55,0.12744093443906845,0.13949132397130082,0.01907160286885523,2084.6336309062744,3.1920442758809315,0.001531225548967672
2027-08-20,0.9801505817932923,SPX270820C09200000,2026-08-27T16:44:26+00:00,-195.56666666666666,call,reference-session last trade,9200.0,8011.143252787216,0.9485520038534404,94.2,95.5,93.49,389.0,96.0,93.49,0.13837000497125881,0.13963719151302353,0.019111510474482802,1944.3713925536474,3.1920442758809315,0.0016416844477888807
2027-08-20,0.9801505817932923,SPX270820C09300000,2026-08-27T13:36:04+00:00,-383.93333333333334,call,reference-session last trade,9300.0,8011.143252787216,0.9485520038534404,78.9,80.1,72.6,154.0,100.0,72.6,0.14918092107547437,0.13499314447307048,0.017861430148096828,1730.5176480573627,3.1920442758809315,0.0018445603715537043
2027-08-20,0.9801505817932923,SPX270820C09400000,2026-08-27T17:01:48+00:00,-178.2,call,reference-session last trade,9400.0,8011.143252787216,0.9485520038534404,66.5,67.7,66.98,171.0,9.0,66.98,0.15987621019222242,0.1380223638221161,0.01867203806594377,1635.9099021165252,3.1920442758809315,0.001951234766505841
2027-08-20,0.9801505817932923,SPX270820C09500000,2026-08-27T20:13:57+00:00,13.95,call,reference-session last trade,9500.0,8011.143252787216,0.9485520038534404,55.1,56.3,53.5,74.0,7.0,53.5,0.17045831952275928,0.13536818992449517,0.017960815249690468,1452.320702571291,3.1920442758809315,0.002197892153041344
2027-08-20,0.9801505817932923,SPX270820C09600000,2026-08-27T18:43:33+00:00,-76.45,call,reference-session last trade,9600.0,8011.143252787216,0.9485520038534404,46.0,46.9,44.16,437.0,20.0,44.16,0.1809296193900548,0.13433033592891724,0.017686463561882877,1299.351893278033,3.1920442758809315,0.002456643417687239
2027-08-20,0.9801505817932923,SPX270820C10000000,2026-08-27T19:28:43+00:00,-31.283333333333335,call,reference-session last trade,10000.0,8011.143252787216,0.9485520038534404,21.1,21.8,19.9,276.0,113.0,19.9,0.22175161391030979,0.13134808207259513,0.0169098701759491,781.7795337875285,3.1920442758809315,0.0040830491691388575
2027-08-20,0.9801505817932923,SPX270820C10200000,2026-08-27T14:52:27+00:00,-307.55,call,reference-session last trade,10200.0,8011.143252787216,0.9485520038534404,14.5,15.1,13.99,817.0,2.0,13.99,0.24155424120648952,0.13177813648022724,0.017020782633823683,608.7581417985263,3.1920442758809315,0.00524353442970027
