,Nelson_Siegel_VAR,Nelson_Siegel_VAR,Nelson_Siegel_VAR,Nelson_Siegel_VAR,Nelson_Siegel_VAR,Nelson_Siegel_VAR,Nelson_Siegel_VAR,Nelson_Siegel_VAR,Nelson_Siegel_VAR,Nelson_Siegel_VAR,random_walk,random_walk,random_walk,random_walk,random_walk,random_walk,random_walk,random_walk,random_walk,random_walk
,DGS3MO,DGS6MO,DGS1,DGS2,DGS3,DGS5,DGS7,DGS10,DGS20,DGS30,DGS3MO,DGS6MO,DGS1,DGS2,DGS3,DGS5,DGS7,DGS10,DGS20,DGS30
2003-10-31,-0.04218984216498267,-0.14193920910865654,-0.32081513406564166,-0.4085716177272456,-0.37070246421750297,-0.3420112743685433,-0.2374753156903675,-0.2008159596691126,-0.36514578128004604,-0.20830448249866507,-0.010000000000000009,-0.030000000000000027,-0.16000000000000014,-0.3500000000000001,-0.4099999999999999,-0.41999999999999993,-0.3899999999999997,-0.3700000000000001,-0.29000000000000004,-0.20999999999999996
2003-11-30,0.03257259545975988,-0.0062896033203614365,-0.13551630599393905,-0.22685854865707777,-0.14296756555956458,-0.03981985315772807,0.04972961809463072,0.12715889117793466,-0.07986216183505945,0.10915041234536016,0.029999999999999916,0.0,-0.07999999999999985,-0.20999999999999996,-0.20000000000000018,-0.10999999999999988,-0.0900000000000003,-0.009999999999999787,0.0,0.04999999999999982
2003-12-31,0.01577604022032153,0.06930582616833192,0.11956863648039562,0.16999925347149358,0.2202143943366779,0.2132650713861146,0.24507274803224322,0.22533990885926514,-0.012588274187987025,0.0559005485804267,-0.019999999999999907,0.020000000000000018,0.1299999999999999,0.21999999999999997,0.18999999999999995,0.1299999999999999,0.1200000000000001,0.07000000000000028,0.10000000000000053,0.0
2004-01-31,0.019232368957417756,0.004718588247808686,-0.0401477369558938,-0.022851151419635896,0.044180313697932405,0.13213807478749695,0.2103304126598875,0.24726214441295813,0.04699761475797892,0.15155891908527686,0.029999999999999916,0.010000000000000009,-0.020000000000000018,0.0,0.020000000000000018,0.08000000000000007,0.08999999999999986,0.10999999999999943,0.09999999999999964,0.1200000000000001
2004-02-29,-0.030600532856348894,-0.00405061106768434,0.019034471385452,0.13347120107843025,0.22431362638740504,0.22413151129270714,0.3231743759565062,0.3129634687048721,0.0713309439025549,0.1187198413975743,-0.039999999999999925,0.0,0.07000000000000006,0.18000000000000016,0.2200000000000002,0.16000000000000014,0.20000000000000018,0.16999999999999993,0.15000000000000036,0.10000000000000053
2004-03-31,-0.012754026460373047,-0.047002412260592985,-0.08661397541941662,0.006228444346765283,0.15584955253615518,0.23252345876414848,0.28989321022602166,0.28051572175008443,0.016973793573135332,0.07387126998382332,0.010000000000000009,0.0,0.010000000000000009,0.05999999999999983,0.1399999999999999,0.20999999999999996,0.1499999999999999,0.13000000000000034,0.08000000000000007,0.08000000000000007
2004-04-30,-0.037249717792353976,-0.23356398922117338,-0.5098506714027535,-0.8253626190593235,-0.8527991887640551,-0.7379610573572792,-0.6231540455373468,-0.5130586799590668,-0.63344352165596,-0.49207907287683295,-0.030000000000000027,-0.15999999999999992,-0.3500000000000001,-0.71,-0.8699999999999999,-0.8300000000000001,-0.7800000000000002,-0.6700000000000004,-0.54,-0.45999999999999996
2004-05-31,-0.00696973090231312,-0.1485364588879352,-0.23704352977812015,-0.26551304944800513,-0.24065582519912132,-0.10742580820652936,-0.03774460314747685,0.009928149154298183,-0.1704665252102835,-0.016301052260819127,-0.10000000000000009,-0.21999999999999997,-0.28,-0.22999999999999998,-0.2400000000000002,-0.18000000000000016,-0.14999999999999947,-0.1299999999999999,-0.08000000000000007,-0.03000000000000025
2004-06-30,-0.07606574835647306,-0.22841696283593005,-0.25128881824197924,-0.16341185394123459,-0.055111882856072825,0.08576427526184194,0.1324558126241273,0.15925826457484948,-0.05322415906203659,0.03341454967492563,-0.25,-0.29000000000000004,-0.2599999999999998,-0.16000000000000014,-0.06000000000000005,0.0,0.019999999999999574,0.040000000000000036,0.05999999999999961,0.009999999999999787
2004-07-31,0.08451431671372722,-0.069028768195468,-0.09397392534964322,-0.01995627538956901,0.09067942084159641,0.2074721753540092,0.2363435333084949,0.2511527666839761,-0.01734824207196084,0.07060942146770088,-0.11999999999999988,-0.09000000000000008,-0.040000000000000036,0.020000000000000018,0.07000000000000028,0.10000000000000009,0.11000000000000032,0.1200000000000001,0.08999999999999986,0.10000000000000053
2004-08-31,0.04162425756194921,-0.025380450418648115,0.05846182961517177,0.20194405793592152,0.35310724582735364,0.48833813633399226,0.5018017921651214,0.5147726318861778,0.18541935610311544,0.26314497072996357,-0.14000000000000012,-0.020000000000000018,0.1399999999999999,0.27,0.33999999999999986,0.3799999999999999,0.3700000000000001,0.3700000000000001,0.3100000000000005,0.2999999999999998
2004-09-30,-0.032810949518957244,-0.28026167821549763,-0.33911432186828305,-0.3362105811135754,-0.1580129406090811,0.05387309207370139,0.10284035931835778,0.15765719357994978,-0.09064647962511252,-0.002355369625548498,-0.11999999999999988,-0.20999999999999996,-0.21999999999999997,-0.21999999999999975,-0.14000000000000012,-0.04999999999999982,-0.03000000000000025,-0.009999999999999787,0.040000000000000036,0.040000000000000036
2004-10-31,-0.04914471809575183,-0.21835274652571401,-0.2132010826566635,-0.09001206470542034,0.05533437830811838,0.2150190646131418,0.23006515408485395,0.2450475963338965,-0.04315631812586318,0.02837593152958906,-0.19999999999999996,-0.1299999999999999,-0.06999999999999984,0.06999999999999984,0.07000000000000028,0.08000000000000007,0.08999999999999986,0.08999999999999986,0.09999999999999964,0.09999999999999964
2004-11-30,-0.2181321385183419,-0.4239978572594385,-0.5288838291113409,-0.5945888611703687,-0.4939500069918066,-0.3035788289833192,-0.23886634211604063,-0.1600314389201838,-0.3714435444692086,-0.25755685944876383,-0.32000000000000006,-0.31000000000000005,-0.3500000000000001,-0.45999999999999996,-0.4700000000000002,-0.4200000000000004,-0.3700000000000001,-0.3100000000000005,-0.2400000000000002,-0.20000000000000018
2004-12-31,0.12056093809327795,-0.1989412020366288,-0.2141350425118005,-0.18126925211434708,0.007724299111924626,0.18963719289238368,0.24263294967130955,0.2613031385913267,0.04550761341661591,0.1677136911214978,0.009999999999999787,-0.1499999999999999,-0.1200000000000001,-0.06000000000000005,0.040000000000000036,0.0900000000000003,0.13000000000000034,0.1200000000000001,0.1800000000000006,0.20999999999999996
2005-01-31,-0.08510463850431016,-0.3195410470699658,-0.3600321902510428,-0.36723898583843795,-0.1886708170196134,0.029336045148121492,0.1408298681847997,0.20299130542268884,0.05199688975898198,0.189043038156397,-0.2899999999999996,-0.20000000000000018,-0.20999999999999996,-0.20999999999999996,-0.18000000000000016,-0.08000000000000007,0.020000000000000018,0.10000000000000053,0.20999999999999996,0.2400000000000002
2005-02-28,-0.07597367432030566,-0.2754096291095389,-0.3433239218331954,-0.4621089476351794,-0.36936358822098203,-0.23633647892363818,-0.17326437825135876,-0.1413634954124916,-0.309963912324827,-0.14232473021412684,-0.25,-0.21999999999999975,-0.2400000000000002,-0.2999999999999998,-0.31999999999999984,-0.29000000000000004,-0.2599999999999998,-0.22000000000000064,-0.15000000000000036,-0.08999999999999986
2005-03-31,0.138542392210236,-0.1185852523785007,-0.17573289654709567,-0.3309760301913922,-0.2502101367725711,-0.13442393564259447,-0.08175034853370544,-0.07868801589838803,-0.24698162176734684,-0.05607062211710101,-0.03000000000000025,-0.1200000000000001,-0.1499999999999999,-0.20999999999999996,-0.20999999999999996,-0.17999999999999972,-0.15000000000000036,-0.13999999999999968,-0.08999999999999986,-0.04999999999999982
2005-04-30,0.11624147480110958,-0.02905778425174743,0.029849088008436553,0.03825590174379068,0.20876977255466622,0.33907512357432834,0.3766594911678025,0.3347632756720964,0.10119442615115037,0.23684447075369075,-0.10999999999999988,-0.040000000000000036,0.020000000000000018,0.13999999999999968,0.22999999999999998,0.2799999999999998,0.2999999999999998,0.29000000000000004,0.2699999999999996,0.22999999999999954
2005-05-31,0.0924084650819057,-0.035415842492608096,-0.05112772762960116,-0.10151225618834614,0.038937882455076345,0.1973817682416361,0.26051085789398654,0.260208881732777,0.03130318573769664,0.12861891509152468,-0.0900000000000003,-0.010000000000000231,0.010000000000000231,0.06000000000000005,0.08000000000000007,0.14000000000000012,0.17000000000000037,0.20999999999999996,0.20999999999999996,0.16999999999999993
2005-06-30,0.0007330017901687746,-0.1730949217663298,-0.20155631994750012,-0.2408518420783845,-0.09705296107950367,0.08149563095360568,0.1449122791320594,0.1293736795706395,-0.05736899717457877,0.08400291150114914,-0.13999999999999968,-0.1599999999999997,-0.13000000000000034,-0.06000000000000005,-0.020000000000000018,0.03999999999999959,0.06000000000000005,0.06000000000000005,0.1200000000000001,0.16999999999999993
2005-07-31,-0.13046219304576212,-0.37781688138220737,-0.43350463520580584,-0.533504956025983,-0.46200902258051535,-0.35332523136746197,-0.3163790635305834,-0.31318294029576554,-0.4782342299898579,-0.2996961498002282,-0.29000000000000004,-0.3500000000000001,-0.34999999999999964,-0.35999999999999943,-0.3899999999999997,-0.3999999999999999,-0.39000000000000057,-0.3400000000000003,-0.27999999999999936,-0.22999999999999954
2005-08-31,0.10020132222810885,-0.06386210817002613,0.004512228064585511,0.08703421296767333,0.2057593909768256,0.30187798458100445,0.31799695304268427,0.2907880816143429,0.08649131316026093,0.18180567821006033,-0.10000000000000009,-0.050000000000000266,0.029999999999999805,0.17999999999999972,0.22999999999999954,0.25,0.26000000000000023,0.2600000000000007,0.2599999999999998,0.1899999999999995
2005-09-30,0.12989933904766282,-0.25797475213528953,-0.3345140010162906,-0.45638257758438083,-0.391061445866856,-0.2745176699794687,-0.2442708188127054,-0.28212985837972937,-0.47206178444921054,-0.3518239598904147,-0.029999999999999805,-0.18999999999999995,-0.23999999999999977,-0.33999999999999986,-0.34999999999999964,-0.3099999999999996,-0.30000000000000027,-0.3200000000000003,-0.3200000000000003,-0.2999999999999998
2005-10-31,-0.16861865406228782,-0.4002848398559773,-0.3658906765992098,-0.3265495413311008,-0.24544060069837403,-0.17260063424395167,-0.1500300410389075,-0.1786243666568268,-0.38675671785293453,-0.25607305133949065,-0.43000000000000016,-0.3299999999999996,-0.2999999999999998,-0.22000000000000064,-0.23000000000000043,-0.27000000000000046,-0.2599999999999998,-0.23000000000000043,-0.21999999999999975,-0.20000000000000018
2005-11-30,0.22128294076688348,-0.11481427202656924,-0.09674160033825352,-0.08729650360926211,-0.0027224891241228732,0.09276273734487805,0.1270074836663957,0.14207634088400045,-0.11045239939848273,0.06215112620852281,0.029999999999999805,-0.04999999999999982,-0.03000000000000025,-0.019999999999999574,0.0,0.03000000000000025,0.040000000000000036,0.08000000000000007,0.03000000000000025,0.07000000000000028
2005-12-31,0.10866847502042987,-0.154246141566313,-0.1144834918506632,-0.06207193015729384,0.04048805004039213,0.14308464902420504,0.18112703317711443,0.19148850936235906,0.020529973710495142,0.13694367965583254,-0.1299999999999999,-0.0600000000000005,-0.040000000000000036,0.009999999999999787,0.040000000000000036,0.07000000000000028,0.08999999999999986,0.10000000000000053,0.1999999999999993,0.15000000000000036
2006-01-31,-0.185285667454143,-0.29706885015188167,-0.2703117132134416,-0.19863243564122435,-0.12191767035202261,-0.06383961939990801,-0.060537291969681384,-0.08052288017529907,-0.2659807290869285,-0.20775810055677724,-0.3899999999999997,-0.21999999999999975,-0.20000000000000018,-0.1299999999999999,-0.1200000000000001,-0.1200000000000001,-0.1299999999999999,-0.14000000000000057,-0.1299999999999999,-0.1800000000000006
2006-02-28,-0.055012936542016,-0.2087507158015276,-0.24168646109187542,-0.22773926423771584,-0.19693181024938955,-0.09046551144095893,-0.010199811162079797,0.0486476288665747,-0.051586849096508125,0.15516791193293944,-0.15000000000000036,-0.15000000000000036,-0.15000000000000036,-0.15000000000000036,-0.17999999999999972,-0.14000000000000057,-0.08000000000000007,-0.019999999999999574,0.040000000000000036,0.1800000000000006
2006-03-31,0.10326987323892478,-0.08647597242461558,-0.11461578518707505,-0.14521101443911721,-0.17881246007962215,-0.20036887671085335,-0.2288864894162339,-0.27450527107234457,-0.5035144954962316,-0.3398779138567454,-0.009999999999999787,-0.0699999999999994,-0.08999999999999986,-0.1299999999999999,-0.16000000000000014,-0.20999999999999996,-0.2599999999999998,-0.3100000000000005,-0.3700000000000001,-0.39000000000000057
2006-04-30,-0.01852571652143542,-0.15432506488016617,-0.1330403212284006,-0.07591522518743776,-0.049596895738257096,-0.05882012437944795,-0.09262325109884806,-0.1596747627966124,-0.3713109843948592,-0.22179941470194287,-0.13999999999999968,-0.10000000000000053,-0.08000000000000007,-0.04999999999999982,-0.040000000000000036,-0.09999999999999964,-0.15000000000000036,-0.20999999999999996,-0.23999999999999932,-0.2699999999999996
2006-05-31,-0.023782299105963745,-0.26411977286543653,-0.27076349694170165,-0.21931913598216823,-0.15977080909293484,-0.06932918442381641,-0.01650649021868489,-0.009866552939661766,-0.1561065186413133,0.012034544871068142,-0.09000000000000075,-0.16999999999999993,-0.16999999999999993,-0.16999999999999993,-0.16000000000000014,-0.1200000000000001,-0.07999999999999918,-0.04999999999999982,-0.040000000000000036,-0.040000000000000036
2006-06-30,-0.02933993935663981,-0.2654881597096299,-0.23644031092434759,-0.16355338304410072,-0.09957203315279717,-0.007223883120711427,0.026229534759344197,0.02546122767100556,-0.08547796383363071,0.05099582161321781,-0.14999999999999947,-0.16000000000000014,-0.13999999999999968,-0.1200000000000001,-0.09999999999999964,-0.05999999999999961,-0.05000000000000071,-0.03000000000000025,0.040000000000000036,0.019999999999999574
2006-07-31,0.039979696072768967,-0.04795098047318369,0.01342275874035348,0.1531959071077189,0.20256783097076703,0.24498882258858057,0.24216119104160594,0.1981543970969648,0.03838706196429964,0.1451895463524444,-0.08999999999999986,0.0600000000000005,0.09999999999999964,0.1900000000000004,0.20000000000000018,0.1899999999999995,0.1800000000000006,0.16000000000000014,0.13999999999999968,0.1200000000000001
2006-08-31,0.0823771799726547,-0.0368234280398303,-0.01797223159003547,0.13295604262050542,0.20486453986861886,0.25086187043119423,0.2909931880843164,0.29198550336137963,0.13551036060685906,0.22356774071915098,0.04999999999999982,0.0699999999999994,0.10000000000000053,0.17999999999999972,0.21999999999999975,0.20999999999999996,0.22999999999999954,0.25,0.21999999999999975,0.1900000000000004
2006-09-30,0.18624884726387414,-0.03488303834267814,-0.05383393338943954,0.02362329566617216,0.08238345387037338,0.13618077360544412,0.16676589788496354,0.17100199564399254,0.02993031049409911,0.11985247594736581,0.16000000000000014,0.09000000000000075,0.09999999999999964,0.08000000000000007,0.08999999999999986,0.11000000000000032,0.10000000000000053,0.10000000000000053,0.11000000000000032,0.11000000000000032
2006-10-31,-0.114890432199374,-0.24763153486448886,-0.22542976248762692,-0.05958581308972466,-0.0013042006427870234,0.06465528713399582,0.09771865083225606,0.0945121885601603,-0.056176399341601346,0.05050498712569862,-0.1900000000000004,-0.11000000000000032,-0.08000000000000007,0.0,0.0,0.019999999999999574,0.02999999999999936,0.02999999999999936,0.03000000000000025,0.04999999999999982
2006-11-30,0.07570769951473544,-0.10790518674609562,-0.1124740588518165,0.03944269566976999,0.08276042482621637,0.15257612189947523,0.18316341387552004,0.21049815101811475,0.061806071020715336,0.17920722708992542,0.04999999999999982,0.03000000000000025,0.04999999999999982,0.08999999999999986,0.10000000000000053,0.1200000000000001,0.1200000000000001,0.15000000000000036,0.14999999999999947,0.16000000000000014
2006-12-31,0.056672013190420145,-0.13627960431352815,-0.22728643658811176,-0.24089046519946944,-0.2357905614647331,-0.21881111347372162,-0.2010064205276656,-0.18422100918724915,-0.34563426225112703,-0.23248703088689737,0.010000000000000675,0.009999999999999787,-0.05999999999999961,-0.20000000000000018,-0.22000000000000064,-0.25,-0.25,-0.25,-0.25,-0.25
2007-01-31,-0.04753602668478596,-0.16423827655380663,-0.20528448830695378,-0.16852988527973967,-0.11652977241664075,-0.08620411664792371,-0.06525235948385966,-0.049778378629175,-0.20480534680765583,-0.10294538473616655,-0.10000000000000053,-0.07000000000000028,-0.08999999999999986,-0.1200000000000001,-0.10999999999999943,-0.1200000000000001,-0.1200000000000001,-0.1200000000000001,-0.10999999999999943,-0.1200000000000001
2007-02-28,-0.004751224483667826,-0.03498236431264701,0.02373636627237019,0.23163889183671582,0.29869116480630264,0.3320968181972841,0.3433638609459564,0.3385430268045164,0.1528719700921437,0.2645053539063724,-0.040000000000000036,0.040000000000000036,0.1299999999999999,0.29000000000000004,0.2999999999999998,0.3000000000000007,0.29000000000000004,0.27000000000000046,0.23999999999999932,0.25
2007-03-31,0.09425406981265994,-0.06283496332866711,-0.10075633916992821,0.019054020131181737,-0.006299749409988564,-0.0014038545224606125,-0.0010654809975143564,-0.022961903492793923,-0.22725312852717572,-0.12498146574784386,0.1200000000000001,0.0600000000000005,0.05999999999999961,0.07000000000000028,0.009999999999999787,-0.020000000000000462,-0.04999999999999982,-0.09000000000000075,-0.13999999999999968,-0.16000000000000014
2007-04-30,0.12040048562734995,-0.13319843554668775,-0.17915971495382355,-0.05642104853183039,-0.02787087150159895,0.06116493950351387,0.09684946625001345,0.09610997532521726,-0.049577167652457454,0.05564366114730923,0.1299999999999999,0.02999999999999936,0.010000000000000675,-0.019999999999999574,0.0,0.03000000000000025,0.03000000000000025,0.020000000000000462,0.040000000000000036,0.03000000000000025
2007-05-31,0.24445618604331099,-0.09985657801221048,-0.24956126482853147,-0.3650435426585492,-0.35469472322484563,-0.28879541245575524,-0.23712944389849344,-0.2020643130498474,-0.31623470716130786,-0.197247603163218,0.17999999999999972,0.07000000000000028,-0.0600000000000005,-0.3200000000000003,-0.33999999999999986,-0.35000000000000053,-0.3200000000000003,-0.27000000000000046,-0.21999999999999975,-0.20000000000000018
2007-06-30,0.073644898654174,-0.04576986677092876,-0.03551105887812245,0.006227514540734447,-0.0003208555812088676,0.00021066738006503272,-0.016779371631189477,-0.0654571954532095,-0.21853262112006,-0.11948206650101856,-0.08999999999999986,0.03000000000000025,0.040000000000000036,0.04999999999999982,-0.009999999999999787,-0.05999999999999961,-0.08999999999999986,-0.1299999999999999,-0.11000000000000032,-0.11000000000000032
2007-07-31,-0.07048817586575673,-0.12293120013644465,-0.006031730794958889,0.28859778913416,0.33122586082566574,0.35495304631451496,0.340438411165465,0.28183084574864115,0.12671595130572477,0.2285263438300298,-0.13999999999999968,-0.0600000000000005,0.0600000000000005,0.3100000000000005,0.33999999999999986,0.3200000000000003,0.29000000000000004,0.25,0.20999999999999996,0.20000000000000018
2007-08-31,0.9398772809022287,0.6229271609493132,0.4848062569608391,0.39715270485205867,0.38135825242633103,0.37962210289575804,0.36039760325440984,0.2716123815817886,0.060080557855060945,0.14002479624656416,0.9500000000000002,0.7800000000000002,0.6599999999999993,0.40999999999999925,0.3899999999999997,0.34999999999999964,0.3099999999999996,0.2400000000000002,0.1299999999999999,0.08999999999999986
2007-09-30,0.3179073880806462,0.0036471822633759032,0.0027229954507568266,0.11048188404072112,0.13640783233018272,0.11812780355364172,0.10189732929243345,0.014923431264404208,-0.130156686252195,-0.018097160283727654,0.18999999999999995,0.1200000000000001,0.14000000000000057,0.18000000000000016,0.1299999999999999,0.019999999999999574,-0.019999999999999574,-0.04999999999999982,-0.019999999999999574,0.0
2007-10-31,0.026452401624408317,-0.16330466638878693,-0.1418927117936084,0.015904755943155546,0.1311565158954644,0.13846174875851514,0.17156947644997445,0.13031376955542484,0.0070294824737473505,0.11975182159501685,-0.1200000000000001,0.0,0.009999999999999787,0.03000000000000025,0.0900000000000003,0.07000000000000028,0.08999999999999986,0.10999999999999943,0.09999999999999964,0.08999999999999986
2007-11-30,0.8704317603971181,0.5840405948471816,0.6252027405834637,0.8568806122878168,0.9010645473965035,0.7952319573442752,0.7267329966523222,0.5464155934056216,0.2654400884337891,0.3689801573104807,0.79,0.7199999999999998,0.7800000000000002,0.8999999999999999,0.8500000000000001,0.75,0.6499999999999999,0.5100000000000002,0.34999999999999964,0.33999999999999986
2007-12-31,-0.11583731400603225,-0.3664354711422009,-0.34629966152199154,-0.05447591574044264,0.07414727464327342,0.045374693072019134,0.06339875558761099,-0.027264451923351807,-0.17196419535334773,-0.015960982379080058,-0.20999999999999996,-0.1200000000000001,-0.08000000000000007,-0.009999999999999787,0.020000000000000018,-0.040000000000000036,-0.06000000000000005,-0.06999999999999984,-0.05999999999999961,-0.04999999999999982
2008-01-31,1.4207201525011244,1.155455652739,0.9370762338745755,0.8344458855788108,0.8736886587887769,0.6881816488093877,0.6044682205301095,0.3931464389040622,0.05399000402634169,0.16862096241421387,1.4,1.4200000000000004,1.23,0.8799999999999999,0.7999999999999998,0.6300000000000003,0.5100000000000002,0.3700000000000001,0.15000000000000036,0.10000000000000053
2008-02-29,0.1532795666550788,0.08773364911281933,0.09894135980968444,0.39445889070589013,0.48170421010397435,0.44053695315573416,0.3983510264220813,0.20792277054947172,-0.15629037430911197,-0.03648744004020177,0.10999999999999988,0.23999999999999977,0.33999999999999986,0.52,0.3999999999999999,0.31999999999999984,0.22999999999999998,0.14000000000000012,-0.020000000000000462,-0.0600000000000005
2008-03-31,0.36068980024954533,0.060348122707408525,-0.13402534166487912,-0.08460873847851502,0.09066505122574942,0.1445728554353316,0.2558479418481969,0.17397088858223198,-0.06158897808629771,0.14488008208299874,0.4700000000000002,0.32000000000000006,0.21999999999999997,0.029999999999999805,0.08000000000000007,0.040000000000000036,0.08000000000000007,0.07999999999999963,0.07000000000000028,0.11000000000000032
2008-04-30,-0.01470797557901804,-0.3239494652186159,-0.5861538713426178,-0.8048460801819934,-0.6279193012751203,-0.450324727471219,-0.2525005236924107,-0.22157821940986677,-0.3640186399083003,-0.17004063669640423,-0.050000000000000044,-0.1299999999999999,-0.30000000000000004,-0.6699999999999999,-0.7000000000000002,-0.5699999999999998,-0.45999999999999996,-0.31999999999999984,-0.1900000000000004,-0.1900000000000004
2008-05-31,-0.272974373464822,-0.3479052460249321,-0.41589570938181564,-0.48068633227109814,-0.3707988589968121,-0.24916876337903293,-0.1280834248338718,-0.16392336248427553,-0.41778130368219557,-0.25484882826060584,-0.45999999999999996,-0.3699999999999999,-0.3700000000000001,-0.3700000000000001,-0.43999999999999995,-0.38000000000000034,-0.3400000000000003,-0.2899999999999996,-0.25,-0.22999999999999954
2008-06-30,0.11802339693010522,-0.09769711232019551,-0.137525489221054,-0.039516383734668814,0.04084098058132346,0.17187994809849894,0.2632677018704488,0.20017003202205874,-0.00798649913369065,0.18342117225004095,-0.010000000000000009,-0.16000000000000014,-0.13999999999999968,0.03000000000000025,0.020000000000000018,0.07000000000000028,0.07000000000000028,0.0699999999999994,0.15000000000000036,0.1899999999999995
2008-07-31,0.4398363746032563,0.27467336113960594,0.024450074604365657,0.10147767910805783,0.13583368039106603,0.20419123295035257,0.2228194535443948,0.081396990481311,-0.2015857899559732,-0.041849917946916726,0.21999999999999997,0.28,0.08999999999999986,0.10999999999999988,0.10000000000000009,0.08999999999999986,0.04999999999999982,0.0,-0.040000000000000036,-0.05999999999999961
2008-08-31,0.1828496183793169,-0.005529787023675015,-0.04580973964190438,0.13869626621714737,0.2576611472509649,0.310203743668823,0.31391206309094244,0.24332481446688714,-0.01446210679390525,0.15370195207463677,-0.040000000000000036,-0.08000000000000007,0.10000000000000009,0.16000000000000014,0.20999999999999996,0.1499999999999999,0.10999999999999988,0.16000000000000014,0.16000000000000014,0.16000000000000014
2008-09-30,0.9943533630707789,0.331191728134133,0.24604316926726422,0.3342913747018388,0.3909079936187507,0.24336769105048184,0.20912557943932963,0.06324826106945158,-0.11432248136666612,0.14069795127438045,0.7999999999999999,0.3699999999999999,0.3899999999999999,0.3599999999999999,0.3200000000000003,0.1200000000000001,0.07000000000000028,-0.020000000000000018,0.040000000000000036,0.1200000000000001
2008-10-31,0.8908115124199509,0.49034075664023935,0.2849690908289122,0.5020298949736319,0.6717012939370399,0.2945805672382136,0.2005941126969919,-0.17392310747614603,-0.4776129927260886,0.055320313384403796,0.46,0.6600000000000001,0.43999999999999995,0.43999999999999995,0.47999999999999976,0.18000000000000016,0.08999999999999986,-0.1599999999999997,-0.3100000000000005,-0.040000000000000036
2008-11-30,0.7573202201183084,0.4037357996898238,0.1573895105912998,0.5844846707398188,0.8322340415066574,0.9796329842246221,1.080170303135167,0.9567887211319199,0.7414653027340474,1.190836776928597,0.45,0.49999999999999994,0.44000000000000006,0.56,0.53,0.8699999999999999,0.94,1.0799999999999996,1.0300000000000002,0.8999999999999995
2008-12-31,0.26013912665447186,0.14779588073063582,0.2030224045269976,0.23013583017985328,0.4154210965052598,0.541293211314047,0.6614429399979431,0.6690530143982927,0.3491282501313311,0.8701554986883346,-0.1,0.16999999999999998,0.53,0.24,0.27,0.3799999999999999,0.48,0.6800000000000002,0.6600000000000001,0.7600000000000002
2009-01-31,0.033102128455118174,-0.07756773181727628,-0.14236952064074487,-0.27031347015066676,-0.3117483224000013,-0.2797162870750063,-0.3255125772698797,-0.593203169145875,-1.1702692296873445,-0.7517115194033037,-0.13,-0.08999999999999997,-0.14,-0.17999999999999994,-0.32000000000000006,-0.30000000000000004,-0.3999999999999999,-0.6200000000000001,-0.81,-0.8900000000000001
2009-02-28,0.07279701186784443,-0.1153228469313261,-0.2870579206721618,-0.1800858534997537,-0.13410372556007943,0.02496975106217003,-0.17344028203098105,-0.057061229136766034,-0.4619255581130477,-0.005635645871340245,-0.020000000000000018,-0.09000000000000002,-0.20999999999999996,-0.06000000000000005,-0.07999999999999985,-0.1399999999999999,-0.41999999999999993,-0.1499999999999999,-0.1200000000000001,-0.1299999999999999
2009-03-31,0.1940474179998868,-0.0028247658841698,-0.012901618647667812,0.16904713654845693,0.2897329884054949,0.5257470294677971,0.41624572010687144,0.4297636112116705,0.08042970084916945,0.3151854457182117,0.05000000000000002,0.020000000000000018,0.15000000000000002,0.18999999999999995,0.25,0.32000000000000006,0.41000000000000014,0.31000000000000005,0.3700000000000001,0.1499999999999999
2009-04-30,0.21424572881013043,0.03604783140120238,-0.11053832765980792,-0.19322358616437474,-0.23822344287708508,-0.13925691731321388,-0.31631113305775527,-0.3260500881535018,-0.7047965812844397,-0.4664051402687761,0.06999999999999998,0.14,0.07999999999999996,-0.09999999999999998,-0.22999999999999998,-0.3500000000000001,-0.4200000000000004,-0.4500000000000002,-0.48999999999999977,-0.48999999999999977
2009-05-31,0.08101697511695619,-0.0568276953394371,-0.08630798149075453,-0.06752271236554785,-0.051400267845560066,-0.12126377199621485,-0.27741264988496583,-0.18740803783786086,-0.4364408126641659,-0.2280917793612689,0.0,-0.010000000000000009,0.020000000000000018,-0.010000000000000009,-0.040000000000000036,-0.31999999999999984,-0.3599999999999999,-0.31000000000000005,-0.2400000000000002,-0.29000000000000004
2009-06-30,-0.005015919473841779,-0.12322817291383817,-0.15540009524929976,-0.171899108774068,-0.13466109594999298,-0.11494413666459247,-0.15976062610333042,0.035294632986568875,-0.0709829263882149,0.13168228525542602,-0.04999999999999999,-0.04999999999999999,-0.09000000000000008,-0.19000000000000006,-0.21999999999999997,-0.20000000000000018,-0.1299999999999999,-0.05999999999999961,0.040000000000000036,0.019999999999999574
2009-07-31,0.08426760067724576,0.09216799773645945,0.10951876663583471,0.031999576428614285,0.09837091455259817,0.05115043260551522,-0.00429554889492767,0.10158523816780196,-0.06783329904015112,0.11356864967064517,0.010000000000000009,0.08999999999999997,0.08000000000000007,-0.019999999999999796,0.019999999999999796,0.010000000000000231,0.04999999999999982,0.009999999999999787,0.009999999999999787,0.010000000000000675
2009-08-31,0.06421721463268804,0.06693434129111747,0.12182242967860218,0.16368220825459878,0.20506641066882536,0.17224633385932497,0.08844789440838552,0.20536705383226694,0.06703359317309232,0.22879190607867628,0.03,0.020000000000000018,0.04999999999999999,0.15999999999999992,0.13000000000000012,0.13999999999999968,0.11000000000000032,0.1200000000000001,0.15000000000000036,0.1299999999999999
2009-09-30,0.03908078511986468,0.06917416299078324,0.060789549340701965,0.057159926350482504,0.10491822543985307,0.10812500153104843,0.04777884346528838,0.1597834564923999,0.05874518807864071,0.2529881083414285,0.009999999999999981,0.06,0.02999999999999997,0.020000000000000018,0.040000000000000036,0.08000000000000007,0.09999999999999964,0.08999999999999986,0.1200000000000001,0.14999999999999947
2009-10-31,0.1083827000231994,0.06959740803181616,0.06940460256303305,0.0736314116347887,0.0759604049143483,0.03225774346517207,-0.0964287116427851,-0.050851484248196854,-0.24237056991291883,-0.08500242942270475,0.09000000000000001,0.01999999999999999,0.030000000000000027,0.04999999999999993,0.020000000000000018,0.0,-0.04999999999999982,-0.10000000000000009,-0.17000000000000082,-0.20000000000000018
2009-11-30,0.026368583988711725,0.0020095927414063852,0.0913149319144026,0.24774294132311192,0.36256097558051037,0.3682131929604928,0.27081848961473254,0.2636518672395929,0.03871173836925301,0.12171987581388422,-0.009999999999999995,0.010000000000000009,0.09999999999999998,0.22999999999999998,0.30999999999999983,0.30000000000000027,0.29000000000000004,0.20000000000000018,0.1200000000000001,0.03000000000000025
2009-12-31,-0.0075405698741755,-0.15596030118354964,-0.31878709397046384,-0.5212373720390591,-0.5294015833836159,-0.5835294478208715,-0.6539456062732412,-0.5527025194151576,-0.58425487486257,-0.39985558931630116,0.0,-0.05000000000000002,-0.19999999999999996,-0.46999999999999986,-0.5799999999999998,-0.6800000000000002,-0.7000000000000002,-0.6400000000000001,-0.5099999999999998,-0.4299999999999997
2010-01-31,0.02993925217004488,0.07678570431517845,0.21683067213949797,0.3554262258961206,0.41638682321660725,0.4036190539031552,0.26695663497802835,0.24369326392295187,0.14385133451435017,0.23184357284145385,-0.020000000000000004,0.05000000000000002,0.16999999999999998,0.31999999999999995,0.32000000000000006,0.3500000000000001,0.31000000000000005,0.2200000000000002,0.20000000000000018,0.1200000000000001
2010-02-28,-0.08218478438716832,-0.10287585501277113,-0.050463574905460995,0.022242496045459692,0.07632294319283739,0.12012829859242702,0.018939820044292066,0.03305587082897388,-0.044530743694959796,0.04447821743145486,-0.05,-0.04000000000000001,-0.020000000000000018,0.009999999999999898,0.019999999999999796,0.040000000000000036,0.03000000000000025,0.020000000000000018,-0.020000000000000462,-0.040000000000000036
2010-03-31,-0.07413541422467126,-0.13305081205296995,-0.14589298936950168,-0.21555014255534355,-0.19523501598219695,-0.15249327714398575,-0.2227655279428422,-0.19731041720746312,-0.18001204972571294,-0.10597858645449776,-0.03,-0.04999999999999999,-0.08999999999999997,-0.20999999999999996,-0.24,-0.25,-0.22999999999999998,-0.22999999999999998,-0.14999999999999947,-0.16999999999999993
2010-04-30,-0.01937320937371262,-0.04378257788632764,0.016983568357389622,0.059716547133680464,0.13823519681189378,0.2043151543776558,0.15754708730602518,0.1543585083564798,0.1865596385309276,0.2520991832549768,0.0,-0.010000000000000009,0.0,0.050000000000000044,0.09000000000000008,0.11999999999999966,0.1599999999999997,0.1499999999999999,0.1899999999999995,0.1899999999999995
2010-05-31,-0.0023226784277710077,-0.00982697709542546,0.06713521054520621,0.2110490543131056,0.3005084207066524,0.40865256158035423,0.3799961138556016,0.3684857355958875,0.3084591295190444,0.366560584971956,0.0,0.03,0.06999999999999995,0.20999999999999996,0.25,0.33000000000000007,0.3700000000000001,0.3799999999999999,0.3100000000000005,0.3100000000000005
2010-06-30,-0.034027945864070624,-0.07264271425341595,-0.05434490475731579,0.1253336815577879,0.27772382076182,0.39948002193386456,0.38024874743757797,0.3738694654601069,0.27997771269904614,0.3368645124083738,-0.01999999999999999,0.0,0.020000000000000018,0.15000000000000002,0.26,0.31000000000000005,0.33000000000000007,0.33999999999999986,0.3099999999999996,0.3099999999999996
2010-07-31,0.017584466937304893,-0.07966159831659636,-0.12740297310909934,-0.012175932279002266,0.18988257065198277,0.2976819370621009,0.19213231560874533,0.08555041199958735,-0.04894695765731871,-0.06554078451928103,0.03,0.01999999999999999,0.030000000000000027,0.05999999999999994,0.16000000000000003,0.18999999999999995,0.1200000000000001,0.03000000000000025,0.0,-0.06999999999999984
2010-08-31,-0.002477479484455064,-0.13488969260334338,-0.19897429683687737,-0.07729554122380933,0.1686229679223541,0.46239224906844,0.5004587863273748,0.5169315220835942,0.46505568777924244,0.4128215394546233,0.009999999999999981,0.010000000000000009,0.03999999999999998,0.08000000000000007,0.12,0.27,0.3799999999999999,0.46999999999999975,0.5100000000000002,0.45999999999999996
2010-09-30,0.0073898551441662075,-0.11900247972761112,-0.2378916871102155,-0.12542133171284975,0.07572658745638239,0.23536352348903256,0.1507070102956367,0.03368051843761144,-0.186577804775248,-0.28509307906571335,-0.01999999999999999,0.0,-0.020000000000000018,0.04999999999999999,0.07999999999999996,0.06000000000000005,0.010000000000000009,-0.05999999999999961,-0.1499999999999999,-0.16999999999999993
2010-10-31,0.046282883397609914,-0.13073212836799403,-0.2569644711283976,-0.13159395592270456,0.13694804747726386,0.32152669756149166,0.2019748434254891,0.007826692058533702,-0.31778591701367676,-0.43791375386649634,0.04000000000000001,0.01999999999999999,0.05000000000000002,0.07999999999999996,0.13,0.10000000000000009,0.020000000000000018,-0.10000000000000009,-0.26000000000000023,-0.30000000000000027
2010-11-30,-0.06126991426330923,-0.27048080151415355,-0.45508658648103456,-0.4008821260042514,-0.19401249208415694,0.0004414868442803588,-0.010758687332157457,-0.04140070313360544,-0.25377596295328697,-0.3125470842661482,-0.05000000000000002,-0.03999999999999998,-0.05000000000000002,-0.10999999999999999,-0.20999999999999996,-0.30000000000000004,-0.27000000000000024,-0.18000000000000016,-0.1599999999999997,-0.1299999999999999
2010-12-31,0.03446470431162768,-0.1663078064908762,-0.3351464740656376,-0.3637172305984463,-0.27725620071432044,-0.32204268007590064,-0.3531240606456958,-0.33598141271529025,-0.4051980834462525,-0.3596828415500668,0.05000000000000002,0.01999999999999999,-0.019999999999999962,-0.15999999999999998,-0.30000000000000004,-0.5399999999999998,-0.5499999999999998,-0.48999999999999977,-0.33000000000000007,-0.21999999999999975
2011-01-31,-0.04226569744074821,-0.10656456388263602,-0.13624426218692168,-0.02119420341791345,0.1365824931206998,0.14252454661182834,0.04866547587833381,-0.06435519308083748,-0.2299200100733927,-0.23003032987754857,-0.03,0.01999999999999999,0.02999999999999997,0.030000000000000027,0.040000000000000036,0.05999999999999983,0.0,-0.1200000000000001,-0.20000000000000018,-0.2400000000000002
2011-02-28,-0.05741123873764123,-0.16153685848812907,-0.20526470470878125,-0.21752322700111182,-0.1219772475287435,-0.024297663263926683,0.007990884815130883,0.05760889415470505,0.03879579999448346,0.071134179866851,0.0,-0.009999999999999981,0.010000000000000009,-0.10999999999999999,-0.19999999999999996,-0.17999999999999994,-0.10999999999999988,0.0,0.08000000000000007,0.08999999999999986
2011-03-31,0.020882608621455898,-0.08538524881704662,-0.12692184985255253,-0.15705278072784534,-0.07084719586256427,-0.028998703968558193,-0.017069793982142478,0.01345878418818458,-0.058464318161302486,-0.027381622329108346,0.06,0.009999999999999981,-0.04999999999999999,-0.1100000000000001,-0.1100000000000001,-0.11000000000000032,-0.08000000000000007,-0.050000000000000266,-0.040000000000000036,-0.019999999999999574
2011-04-30,0.061119546803197,-0.0006489869134875675,0.02532710655144832,0.14634463461196523,0.32830431320791065,0.3409236123067714,0.30063779073398544,0.21832128507831872,0.10650410538790656,0.09749929008880098,0.049999999999999996,0.06000000000000001,0.07999999999999999,0.19000000000000006,0.28,0.27000000000000024,0.23999999999999977,0.15000000000000036,0.13999999999999968,0.10999999999999943
2011-05-31,-0.018760153300004585,-0.11912079299489457,-0.11089608758451576,0.06882639123614936,0.2988151190303958,0.40201104478398464,0.3886525653612334,0.31462992688286606,0.2100882454740871,0.1536707294965547,-0.019999999999999997,-0.009999999999999995,0.04000000000000001,0.15999999999999998,0.21999999999999997,0.29000000000000004,0.29000000000000004,0.27,0.2400000000000002,0.1800000000000006
2011-06-30,0.027264609782277287,-0.1353412247187061,-0.2350117170333998,-0.13150078375632457,0.04209187787063795,0.06781528229689893,0.006867564385663272,-0.06036249223105994,-0.20421586213093512,-0.23696234113653247,0.03,0.01999999999999999,-0.010000000000000009,0.0,-0.020000000000000018,-0.08000000000000007,-0.1299999999999999,-0.13000000000000034,-0.17999999999999972,-0.16000000000000014
2011-07-31,-0.07174052470229063,-0.22020288629592127,-0.25840629319100616,-0.026788575925637548,0.34432906138599895,0.5629081105735216,0.529566174844029,0.43654398908443115,0.2826232968468312,0.19991497240327316,-0.07,-0.06,-0.010000000000000009,0.09000000000000002,0.26,0.4099999999999999,0.41000000000000014,0.3600000000000003,0.31999999999999984,0.2599999999999998
2011-08-31,0.09292570144074742,-0.09329937454920331,-0.24552071410464607,-0.07773109723947175,0.29226737363661265,0.6347668660589112,0.72885517442398,0.690669026789227,0.5232300041602889,0.3794502600442353,0.08,0.11,0.1,0.15999999999999998,0.22000000000000003,0.3900000000000001,0.5299999999999998,0.5899999999999999,0.5800000000000001,0.52
2011-09-30,0.046855613115990694,-0.17291866501939657,-0.3932818775998547,-0.33675205337110764,-0.08385928881295474,0.23859744961861584,0.3952905580367665,0.47919937972703286,0.46074624450047796,0.46317349077551206,0.0,-0.009999999999999995,-0.03,-0.04999999999999999,-0.08999999999999997,0.0,0.13000000000000012,0.31000000000000005,0.5299999999999998,0.7000000000000002
2011-10-31,0.11032973865012902,-0.06345199879333885,-0.21579930184275836,-0.1792795463163921,0.003994190114058216,0.10551341942656123,0.005790099620836431,-0.13672701951075128,-0.29483175199634504,-0.3760708228896861,0.01,0.0,0.010000000000000009,0.0,0.010000000000000009,-0.030000000000000027,-0.15000000000000013,-0.25,-0.22999999999999998,-0.26000000000000023
2011-11-30,0.08525303796868873,-0.09914776855283652,-0.2575348360570324,-0.19915933816289477,0.02233270981232305,0.22707852760087133,0.19930887951056486,0.14398851285611292,0.07504335607964618,-0.006325766608401562,0.0,0.0,0.0,0.0,0.0,0.030000000000000027,0.050000000000000044,0.08999999999999986,0.1200000000000001,0.10000000000000009
2011-12-31,0.08604237400302209,-0.08428593135838336,-0.24067561488164535,-0.19196439635794707,0.06338506294703794,0.3175474930771133,0.3181771930343875,0.2532644127204795,0.16977520083841968,0.050162994590308596,-0.01,0.0,0.0,0.0,0.04999999999999999,0.13,0.17999999999999994,0.19000000000000017,0.20000000000000018,0.16999999999999993
2012-01-31,0.0714945342085315,-0.0870831671846878,-0.2514426873988574,-0.19914567728579902,0.05404367849378561,0.3209901092417271,0.2822011916125162,0.14183179890647502,-0.05296729855562399,-0.21307320342612712,-0.039999999999999994,-0.020000000000000004,-0.010000000000000009,0.03,0.06,0.12,0.1100000000000001,0.05999999999999983,-0.020000000000000018,-0.04999999999999982
2012-02-29,0.08235888166060791,-0.13667569851543163,-0.34318965744668195,-0.3580600838475515,-0.16092425601454147,0.09135937730172305,0.08108370221712757,-0.04009541076384493,-0.19971964181290902,-0.3513282310319772,-0.020000000000000004,-0.05,-0.04999999999999999,-0.07999999999999999,-0.13,-0.16000000000000003,-0.1499999999999999,-0.1499999999999999,-0.14000000000000012,-0.14000000000000012
2012-03-31,0.12310736579082496,-0.10709283188727935,-0.27468597533725014,-0.27510091846677776,-0.11093330098212584,0.0642319486659606,0.007499578526708017,-0.14220008306840226,-0.32079149524779416,-0.47208385990686885,0.009999999999999995,-0.01999999999999999,-0.010000000000000009,-0.030000000000000027,-0.08000000000000002,-0.17000000000000004,-0.2200000000000002,-0.25,-0.27,-0.27
2012-04-30,0.07571137100578679,-0.11512226654476497,-0.2712607248734811,-0.15610261202613313,0.11947746161733258,0.44649538915229436,0.4886905077255703,0.3728134870095927,0.22588992561778687,0.04856539377598068,-0.03,0.0,-0.010000000000000009,0.06,0.13,0.22000000000000008,0.28,0.28,0.27,0.22999999999999998
2012-05-31,0.14635311452722022,-0.09274074650937539,-0.2864808043367578,-0.259939259712892,0.00048814889824255747,0.3951930237263349,0.559962158655241,0.4821821336381935,0.4092265294876496,0.21321170914749032,0.03,0.009999999999999981,0.020000000000000018,0.0,0.030000000000000027,0.1499999999999999,0.30000000000000004,0.3599999999999999,0.45999999999999996,0.4500000000000002
2012-06-30,0.14900795938874495,-0.07621170546989862,-0.2754101485912218,-0.3208931109856068,-0.12600193896990997,0.15676837907809926,0.20605536864841434,0.050939988805181136,-0.1488017942849642,-0.35731858205091394,-0.01999999999999999,-0.01999999999999999,-0.03,-0.06,-0.06,-0.04999999999999993,-0.08000000000000007,-0.07999999999999985,-0.10999999999999988,-0.08999999999999986
2012-07-31,0.1483114233300839,-0.031068236459307036,-0.19014879171975235,-0.17032224650217062,0.04520854998941992,0.3509922698461111,0.41742342413038,0.2981488444913203,0.11542164148478884,-0.060750603779268886,-0.020000000000000004,0.01999999999999999,0.04999999999999999,0.1,0.10999999999999999,0.12,0.13000000000000012,0.15999999999999992,0.16999999999999993,0.19999999999999973
2012-08-31,0.1684153584021548,-0.0493046876508669,-0.23841943051652426,-0.24967199724763098,-0.06944590340650636,0.21911772847394806,0.2322610778660752,0.07278796015986311,-0.14183823272168272,-0.36197397885138205,0.020000000000000004,0.0,0.0,0.010000000000000009,0.0,0.010000000000000009,-0.030000000000000027,-0.06000000000000005,-0.08000000000000007,-0.1200000000000001
2012-09-30,0.14364034378670468,-0.06981849731064543,-0.2736075706784674,-0.2787198598138834,-0.08440903755425863,0.21267085277768027,0.24647969111323764,0.05591463755871939,-0.18494728199948218,-0.4070989376254497,-0.010000000000000009,0.0,-0.010000000000000009,-0.010000000000000009,-0.010000000000000009,-0.030000000000000027,-0.030000000000000027,-0.07999999999999985,-0.1299999999999999,-0.13999999999999968
2012-10-31,0.13290121095037666,-0.09736121550271484,-0.2967944152349332,-0.35503935221096455,-0.1445079851765444,0.155575444352254,0.21334538608476783,0.07471705156308106,-0.10856784251301876,-0.31145420379028543,-0.009999999999999995,-0.01999999999999999,-0.009999999999999981,-0.06999999999999998,-0.07,-0.09999999999999998,-0.09999999999999987,-0.07000000000000006,-0.040000000000000036,-0.03000000000000025
2012-11-30,0.1765024387259207,-0.03606145619424746,-0.24049799489446552,-0.22513162892023417,-0.018750402731184723,0.3463458813924142,0.38598886768154395,0.23855141620161802,0.033550878679351914,-0.22329556733997258,0.03,0.03,0.0,0.04999999999999999,0.03999999999999998,0.10999999999999999,0.09999999999999987,0.09999999999999987,0.08999999999999986,0.040000000000000036
2012-12-31,0.19118427899425372,-0.0403353099562932,-0.2589347994659117,-0.28160537698874716,-0.10523807764683613,0.16050922043077698,0.16630647714264923,-0.003758213916518649,-0.2216426754981935,-0.4494424707008031,0.03,0.020000000000000004,0.01999999999999999,0.0,-0.019999999999999962,-0.10999999999999999,-0.1399999999999999,-0.15999999999999992,-0.16999999999999993,-0.14000000000000012
2013-01-31,0.13059476125663197,-0.08238959066923002,-0.26322638262170084,-0.28155775493515467,-0.11578128244299873,0.09231225566244605,0.08418670171581977,-0.10342154301918871,-0.3037400456617898,-0.4923029935284329,-0.020000000000000004,-0.009999999999999995,0.010000000000000009,-0.020000000000000018,-0.06,-0.16000000000000003,-0.19999999999999996,-0.24,-0.25,-0.21999999999999975
2013-02-28,0.07698744149495039,-0.10075444419917855,-0.276587004375253,-0.21736348831423669,0.025547461003362804,0.3417496814644676,0.38115683334473394,0.23649628003662904,0.026934130139194767,-0.1579602163184668,-0.039999999999999994,-0.010000000000000009,-0.020000000000000018,0.020000000000000018,0.06,0.10999999999999999,0.11999999999999988,0.13000000000000012,0.08000000000000007,0.06999999999999984
2013-03-31,0.15328440100836127,-0.06419782187331746,-0.26070555996346034,-0.26905552716699616,-0.04568762765728329,0.2541654673134961,0.3079499591741761,0.16003935477345888,-0.0727190908573605,-0.2586542226307196,0.039999999999999994,0.020000000000000004,0.03,0.0,0.0,0.0,0.020000000000000018,0.019999999999999796,0.0,0.0
2013-04-30,0.1460701176478455,-0.06644419998143924,-0.24569731216551405,-0.24646197455259883,-0.010342639042479118,0.3399778649788058,0.4327327773985794,0.3234637623778214,0.1388027406279697,-0.04777886997199721,0.020000000000000004,0.020000000000000004,0.030000000000000013,0.03,0.03999999999999998,0.08999999999999997,0.1299999999999999,0.17000000000000015,0.21999999999999975,0.2200000000000002
2013-05-31,0.15389110330160793,-0.0457095100612749,-0.27725089340278747,-0.34987797154986716,-0.26262369401162444,-0.1333290468484185,-0.14556398054661268,-0.3062422375462801,-0.5300956771075844,-0.6898342139070488,0.010000000000000002,0.01999999999999999,-0.030000000000000013,-0.07999999999999999,-0.2,-0.37,-0.43999999999999995,-0.4600000000000002,-0.45999999999999996,-0.41999999999999993
2013-06-30,0.10564771253523422,-0.08658059393618266,-0.23211821952443307,-0.25172468828393074,-0.17053425788632776,-0.16811689137982078,-0.17803453342094167,-0.24546038559484673,-0.3271175189582385,-0.41940023234441304,0.0,-0.03,-0.009999999999999981,-0.06,-0.14,-0.3599999999999999,-0.4099999999999999,-0.3599999999999999,-0.27,-0.2200000000000002
2013-07-31,0.08463448559244033,-0.04903745125030669,-0.11251421752619391,-0.04010029307693502,0.08926128160793045,0.1204429445612567,0.06278941913599967,-0.028244517826137017,-0.13116577978547994,-0.21722326279101312,0.0,0.020000000000000004,0.039999999999999994,0.04999999999999999,0.050000000000000044,0.030000000000000027,-0.040000000000000036,-0.08000000000000007,-0.11999999999999966,-0.1200000000000001
2013-08-31,0.06555839504419281,-0.06498582836843403,-0.19701508446002747,-0.1858894968578933,-0.13752276076981418,-0.120212017343301,-0.14238480790269348,-0.14033109110288322,-0.1413739395505913,-0.15335061972059316,0.010000000000000002,0.03,-0.020000000000000004,-0.08000000000000002,-0.18000000000000005,-0.2400000000000002,-0.2400000000000002,-0.17999999999999972,-0.1200000000000001,-0.06000000000000005
2013-09-30,0.055426879920124544,-0.029668377772030706,-0.07583933607326193,0.032626636256775865,0.20378569900260113,0.2913679668440423,0.2470918152732926,0.1543284173211763,0.042907491211297,-0.01598096798120796,0.009999999999999998,0.010000000000000002,0.03,0.06,0.16000000000000003,0.2300000000000002,0.2200000000000002,0.13999999999999968,0.04999999999999982,0.010000000000000231
2013-10-31,0.030029418444331622,-0.11523490012233821,-0.17790458809473042,-0.10208505012173075,0.09688869901827757,0.21762737864382542,0.18302801334182983,0.11135449644964579,0.037887526495716806,-0.031555346989575295,-0.02,-0.04,0.0,0.020000000000000018,0.06000000000000005,0.07999999999999985,0.07000000000000006,0.07000000000000028,0.08000000000000007,0.06000000000000005
2013-11-30,0.03902481518438916,-0.13164412455023336,-0.21811015304088877,-0.11104287398271043,0.053338968587378854,0.09242818367682015,-0.03581568739395058,-0.13936377323042715,-0.24450203850371244,-0.2944809274339013,-0.019999999999999997,-0.03,-0.03,0.02999999999999997,0.009999999999999898,-0.06000000000000005,-0.15000000000000013,-0.18000000000000016,-0.20999999999999996,-0.18999999999999995
2013-12-31,0.031822493577500666,-0.13136608276155876,-0.2387150645864971,-0.22100893055627105,-0.1490934207212683,-0.21316846354190866,-0.26993157658787625,-0.2754375172698089,-0.22272144263802618,-0.21662114029459856,-0.010000000000000009,0.009999999999999995,0.0,-0.09999999999999998,-0.21999999999999997,-0.3799999999999999,-0.3500000000000001,-0.29000000000000004,-0.18000000000000016,-0.14000000000000012
2014-01-31,0.062356742473665794,-0.05547346791333354,-0.09075793926133735,0.026397748684543587,0.1846781301377205,0.30541393349696455,0.30361443371827823,0.3387015512672691,0.37734406556983746,0.3586322861241671,0.05,0.04000000000000001,0.03,0.03999999999999998,0.09000000000000008,0.26,0.3200000000000003,0.3700000000000001,0.3700000000000001,0.3500000000000001
2014-02-28,0.03028633453845532,-0.08408138387258805,-0.13956039384229268,-0.045203484221463586,0.04985728672383938,0.06649629986639272,0.0300945296676427,0.02715275199150602,0.036336087780573845,-0.02231851650247263,-0.030000000000000002,-0.020000000000000004,-0.01999999999999999,0.010000000000000009,0.0,-0.020000000000000018,0.0,0.009999999999999787,0.040000000000000036,0.020000000000000018
2014-03-31,0.05469776320247406,-0.05184184629019806,-0.13156452286639528,-0.14483473310561945,-0.15597061839211457,-0.15794115256848507,-0.14952674976199765,-0.05689033435525159,0.016886159366820586,-0.01357937590188163,0.0,0.009999999999999995,-0.010000000000000009,-0.10999999999999999,-0.21000000000000008,-0.21999999999999997,-0.16999999999999993,-0.06999999999999984,0.0,0.029999999999999805
2014-04-30,0.0761416958250279,0.020729159128812333,0.010608486698871239,0.05505987432384524,0.05867582961144657,0.03185334040977206,0.013086528484856252,0.07807500350635355,0.13283252909319687,0.08583472244457369,0.020000000000000004,0.020000000000000004,0.020000000000000004,0.020000000000000018,0.030000000000000027,0.040000000000000036,0.04999999999999982,0.06000000000000005,0.08999999999999986,0.08999999999999986
2014-05-31,0.05237532854244458,-0.0013224700816838533,0.008841122574765464,0.08698458544395254,0.11121029988565045,0.13714561041850426,0.14635797146770724,0.20049226789320285,0.2216756189215987,0.14011981321900135,-0.010000000000000002,-0.009999999999999995,0.009999999999999995,0.04999999999999999,0.07999999999999996,0.1499999999999999,0.18999999999999995,0.18999999999999995,0.17000000000000037,0.14000000000000012
2014-06-30,0.07313921574211615,-0.01001176360834817,-0.031935287499544246,-0.08829075313567791,-0.08197934153420017,-0.07672379407725893,-0.07281743079019032,-0.010579426693733573,0.016640930799664666,-0.04956922169261979,0.0,-0.010000000000000009,-0.009999999999999995,-0.09999999999999998,-0.08999999999999997,-0.08000000000000007,-0.06999999999999984,-0.04999999999999982,-0.03000000000000025,-0.009999999999999787
2014-07-31,0.09191374614762142,0.04103463568170329,0.01966941157580543,-0.06058276088015063,-0.1310907738053827,-0.1391480890743535,-0.12018556954839266,-0.013232221103262276,0.05402203187353871,-0.008924277086774346,0.010000000000000002,0.020000000000000004,-0.009999999999999995,-0.06000000000000005,-0.14,-0.1399999999999999,-0.11000000000000032,-0.050000000000000266,0.010000000000000231,0.020000000000000018
2014-08-31,0.08223895586640795,0.06707062824957381,0.12450699364936935,0.10532204706837911,0.06900226772562967,0.08806486941672809,0.14203802283473932,0.263568397107369,0.30767020449488225,0.2235409847275518,0.0,0.0,0.03,0.050000000000000044,0.08000000000000007,0.13000000000000012,0.1900000000000004,0.22999999999999998,0.23999999999999977,0.22999999999999998
2014-09-30,0.10325999264832923,0.08855954194987511,0.06563490520654419,-0.054005775324103666,-0.15560899725584842,-0.20794434151586239,-0.20584619689363093,-0.11184518762489182,-0.08157641648358194,-0.14704398776587935,0.009999999999999998,0.020000000000000004,-0.04000000000000001,-0.09999999999999998,-0.13000000000000012,-0.15000000000000013,-0.17000000000000037,-0.16999999999999993,-0.1499999999999999,-0.1200000000000001
2014-10-31,0.09861960547322347,0.08454262764102467,0.14775229308134702,0.14055893342821757,0.10250698134954028,0.10414591612102186,0.11733304663448019,0.20958007057048267,0.23635448761947364,0.13966489851282926,0.01,-0.020000000000000004,0.020000000000000004,0.07999999999999996,0.1200000000000001,0.15999999999999992,0.17000000000000037,0.16999999999999993,0.16999999999999993,0.14000000000000012
2014-11-30,0.09516399515995354,0.04803052362099583,0.074955635072525,0.07204204486384802,0.049038582195060854,0.08800450229944268,0.12222651256647254,0.21854274061536216,0.2589286420925401,0.15013236675449004,-0.01,-0.020000000000000004,-0.020000000000000004,0.030000000000000027,0.06999999999999995,0.13000000000000012,0.15999999999999992,0.16999999999999993,0.18999999999999995,0.17999999999999972
2014-12-31,0.10394552432457993,0.015256525085752676,-0.050040950927674965,-0.17210381143010656,-0.2464191515816504,-0.19047065782252637,-0.10195930970754996,0.06249538357872453,0.21618475842656215,0.08844827076289175,-0.02,-0.04999999999999999,-0.12,-0.20000000000000007,-0.22000000000000008,-0.15999999999999992,-0.08000000000000007,0.010000000000000231,0.1499999999999999,0.14000000000000012
2015-01-31,0.18804327807260146,0.18890757263051527,0.21843757528246266,0.2684946845682705,0.3006216200383145,0.4070071943457778,0.4293872876687803,0.5307689400909015,0.5310156143183704,0.44182551090775535,0.02,0.04999999999999999,0.07,0.20000000000000007,0.33000000000000007,0.47,0.48,0.49,0.43000000000000016,0.5
2015-02-28,0.17351809127533008,0.11949932815284994,0.020121306751728685,-0.16885554148612636,-0.28794131867918216,-0.33541865717370856,-0.3577128043074127,-0.2723193256858636,-0.322044703353479,-0.4312043588368759,0.0,0.0,-0.04000000000000001,-0.16000000000000003,-0.24,-0.32000000000000006,-0.33000000000000007,-0.32000000000000006,-0.33999999999999986,-0.3500000000000001
2015-03-31,0.13924709343372327,0.0715653189337801,0.07625001274122578,0.09374635510099838,0.08012135296993383,0.09715677071228046,0.07887670058790719,0.1315280553890914,0.11128212623931111,-0.001415314529725542,-0.009999999999999998,-0.07,-0.04000000000000001,0.06999999999999995,0.12,0.1299999999999999,0.1100000000000001,0.06000000000000005,0.06999999999999984,0.06000000000000005
2015-04-30,0.19534837403639527,0.15745007059883992,0.05817041312467952,-0.00982306687655432,-0.039434194303548,-0.06398093977048624,-0.0951536573394407,-0.0634876233834194,-0.14122562890464474,-0.2796769259979177,0.019999999999999997,0.08000000000000002,0.020000000000000018,-0.019999999999999907,-0.020000000000000018,-0.05999999999999983,-0.08000000000000007,-0.10999999999999988,-0.18000000000000016,-0.20999999999999996
2015-05-31,0.1394541538926072,0.10482696820401957,-0.0030934422791171756,-0.049623153991797064,-0.04676079974100278,-0.049391757589706264,-0.05664994158692194,0.004917984040684775,-0.10576759874323471,-0.22179008397093058,0.0,0.0,-0.020000000000000018,-0.030000000000000027,-0.029999999999999916,-0.06000000000000005,-0.07000000000000006,-0.07000000000000028,-0.13999999999999968,-0.1299999999999999
2015-06-30,0.13448652255083993,0.0515248305735795,-0.02043074857894206,-0.060211776757642,-0.0799711938324642,-0.12474806550567608,-0.18378607127793312,-0.12614554054384008,-0.18691105022076515,-0.3262514243682144,0.0,-0.05,-0.020000000000000018,-0.030000000000000027,-0.07000000000000006,-0.1399999999999999,-0.20999999999999974,-0.22999999999999998,-0.20000000000000018,-0.22999999999999998
2015-07-31,0.0666600958391826,0.029969445640114112,-0.04657043432566421,-0.031611429569625815,0.021253336381356736,0.1061316461790438,0.12868199418058146,0.22388671294328644,0.26713734290095115,0.10920202464827478,-0.07,-0.030000000000000013,-0.04999999999999999,-0.030000000000000027,0.010000000000000009,0.08999999999999986,0.1399999999999999,0.1499999999999999,0.2200000000000002,0.18999999999999995
2015-08-31,0.13157535426943984,-0.03831621636287552,-0.05715557306439134,-0.0877462043244579,-0.07217324636215094,0.022620537340981794,-0.0042380659179803715,0.05616704943845585,0.03627036400721062,-0.13613920903651744,0.0,-0.13,-0.06,-0.06999999999999995,-0.07000000000000006,0.0,-0.010000000000000009,-0.009999999999999787,-0.03000000000000025,-0.03000000000000025
2015-09-30,0.2714038150918475,0.21343565065217812,0.06578454413212093,0.07161436229818197,0.13070410882958072,0.23297373623236828,0.21720036921181474,0.2294979569796487,0.17943449825874547,-0.046389951427295184,0.08,0.19,0.06,0.09999999999999998,0.15000000000000002,0.16999999999999993,0.18999999999999995,0.1499999999999999,0.13000000000000034,0.08000000000000007
2015-10-31,0.08272182260594636,-0.054938776222765634,-0.07635702454652904,-0.18377118785788726,-0.14824818751610513,-0.06385858750929918,-0.05559098020913278,-0.008833881525772913,-0.012935024129401729,-0.23674300553992378,-0.08,-0.15000000000000002,-0.010000000000000009,-0.10999999999999999,-0.13,-0.1499999999999999,-0.1299999999999999,-0.10000000000000009,-0.06000000000000005,-0.06000000000000005
2015-11-30,0.025636863208848226,-0.15006688174105204,-0.13538594498554662,-0.250018066199836,-0.2142143933639069,-0.07937350552298161,-0.060738397348906625,0.03637988702133921,0.009777227955523049,-0.20824530394750207,-0.14,-0.18999999999999997,-0.16999999999999998,-0.18999999999999995,-0.18999999999999995,-0.1299999999999999,-0.1100000000000001,-0.04999999999999982,-0.06000000000000005,-0.04999999999999982
2015-12-31,0.2514094385723076,-0.041237708916521454,-0.08246527805709036,-0.1771673493220315,-0.10730671961965155,-0.05024299058338788,-0.05045896514493764,0.059813134297465265,0.019258904056002724,-0.2001781809121259,0.06,-0.07,-0.14,-0.1200000000000001,-0.07000000000000006,-0.1100000000000001,-0.09999999999999987,-0.06000000000000005,-0.040000000000000036,-0.029999999999999805
2016-01-31,0.10438613157221793,0.07246998608075444,0.1929686737186953,0.25252109793584365,0.3647278983085642,0.48998468820738816,0.45684475788110035,0.4539755103399812,0.3633202371378288,0.08373226360497643,-0.17,0.06,0.18000000000000005,0.30000000000000004,0.3400000000000001,0.42999999999999994,0.41999999999999993,0.33000000000000007,0.31000000000000005,0.2599999999999998
2016-02-29,0.13799024987205716,-0.05424622969928011,-0.1687906617272712,-0.1265645436940317,0.016856039844588055,0.19407809066753856,0.22937316349925507,0.31074039343185933,0.23696955601781866,-0.05672313214137503,0.0,-0.06,-0.15000000000000002,-0.020000000000000018,0.05999999999999994,0.1100000000000001,0.1499999999999999,0.19999999999999996,0.16999999999999993,0.14000000000000012
2016-03-31,0.3253238887751059,0.10548831337250353,-0.09697148278878176,-0.07376626186620994,0.02368461728883886,0.1167335656019548,0.08777094474138436,0.11931568509693213,0.03877671044858877,-0.2572424100762456,0.12000000000000002,0.09999999999999998,0.030000000000000027,0.050000000000000044,0.040000000000000036,0.010000000000000009,-0.020000000000000018,-0.040000000000000036,-0.010000000000000231,0.0
2016-04-30,0.21321941103561218,0.00854520797082231,-0.13003856854180518,-0.14670370086555606,-0.04276984220411684,0.04531537492634108,0.03233316156386579,0.0778536674464485,-0.008390069383536147,-0.2929922371735749,-0.010000000000000009,-0.010000000000000009,0.029999999999999916,-0.040000000000000036,-0.050000000000000044,-0.07000000000000006,-0.06000000000000005,-0.050000000000000044,-0.05999999999999961,-0.050000000000000266
2016-05-31,0.08935128709010087,-0.07630620198514743,-0.23086206980485918,-0.21029843694142136,-0.10736097166179903,0.008321582414939632,0.02799448733595078,0.12507685059367946,0.08038927588645883,-0.21370521269622111,-0.12000000000000002,-0.08999999999999997,-0.12,-0.09999999999999998,-0.10999999999999999,-0.09000000000000008,-0.05999999999999983,-0.010000000000000009,0.029999999999999805,0.020000000000000018
2016-06-30,0.27905621273121706,0.17291192602551375,0.12747042159761107,0.20334714899975614,0.3192980656158644,0.43841684173676865,0.4410098029394882,0.4931378864962426,0.4370038261269087,0.10234115699703628,0.08000000000000002,0.13,0.23000000000000004,0.29000000000000004,0.32000000000000006,0.3600000000000001,0.3699999999999999,0.3500000000000001,0.3699999999999999,0.3400000000000003
2016-07-31,0.14160904011783398,-0.01074381334148955,-0.15559628381401025,-0.1980452147999105,-0.07668909022706116,0.05292961652193706,0.0749425215654449,0.16066371559582038,0.16097962604839844,-0.131444046255075,-0.020000000000000018,-0.020000000000000018,-0.04999999999999999,-0.09000000000000008,-0.050000000000000044,-0.020000000000000018,0.0,0.030000000000000027,0.08000000000000007,0.11999999999999966
2016-08-31,0.1206345431930596,-0.051267632190502566,-0.19216395819439142,-0.24714453277057358,-0.17198193537139772,-0.08675901699501276,-0.10003231354117803,-0.0075438284077244955,-0.049440145863652196,-0.2860624127737519,-0.04999999999999999,-0.08999999999999997,-0.10999999999999999,-0.13,-0.16000000000000003,-0.15999999999999992,-0.15999999999999992,-0.1200000000000001,-0.11999999999999988,-0.04999999999999982
2016-09-30,0.22929742000011605,0.06377790931541044,-0.04072710591106554,-0.05401128801157695,0.03581683421019166,0.11678097715070512,0.06681860492615321,0.0921031320668031,-0.0423227748016175,-0.28654808332959325,0.040000000000000036,0.019999999999999962,0.020000000000000018,0.030000000000000027,0.040000000000000036,0.050000000000000044,0.030000000000000027,-0.020000000000000018,-0.09000000000000008,-0.08999999999999986
2016-10-31,0.1484928390817894,-0.039603847294641226,-0.16817760174918167,-0.20338355152357013,-0.13050201377969484,-0.06702615930373246,-0.12179643064402845,-0.11296580631995701,-0.23756541599994474,-0.47176130778770586,-0.050000000000000044,-0.06,-0.07000000000000006,-0.08999999999999997,-0.12,-0.17000000000000015,-0.20000000000000018,-0.24,-0.26,-0.26000000000000023
2016-11-30,0.054051172262027936,-0.09799444961137327,-0.24187444711252404,-0.3542875680753942,-0.4007702346517954,-0.410801563489575,-0.4760437275404352,-0.41146350995951075,-0.4542945840699266,-0.6378393183165172,-0.13999999999999996,-0.10999999999999999,-0.14,-0.2500000000000001,-0.3999999999999999,-0.52,-0.56,-0.53,-0.48,-0.43999999999999995
2016-12-31,0.11987750555831767,0.051685892366069575,-0.05716250274378265,-0.10165798786386682,-0.06855486933428745,-0.053430549810369765,-0.06625964546719132,0.003484613302658701,-0.0027935962418466076,-0.16087034245469622,-0.030000000000000027,0.0,-0.04999999999999993,-0.08999999999999986,-0.07000000000000006,-0.09999999999999987,-0.06999999999999984,-0.08000000000000007,-0.06000000000000005,-0.040000000000000036
2017-01-31,0.12913960296546045,0.06797029585167136,0.013159550091351613,-0.008642613406447897,0.03006850307629949,0.060365340807160495,0.019699102271681035,0.07095239249349827,0.06338324674799889,-0.09850997016635787,-0.010000000000000009,-0.020000000000000018,0.010000000000000009,0.010000000000000009,0.010000000000000009,0.030000000000000027,0.009999999999999787,0.0,0.010000000000000231,0.010000000000000231
2017-02-28,0.1275295856384998,0.02044751404651035,-0.032802802434343414,-0.05284948422428104,-0.01650555575664092,0.054762508212060856,0.05634556126078749,0.15012715502579477,0.1359562268228256,-0.02478707897632848,-0.010000000000000009,-0.04999999999999993,-0.040000000000000036,-0.030000000000000027,-0.030000000000000027,0.010000000000000009,0.050000000000000266,0.0900000000000003,0.07999999999999963,0.07999999999999963
2017-03-31,-0.06942353006413549,-0.16058125185292904,-0.1395067171470309,-0.06790528519089212,-0.008433424189858263,-0.0005286082374797996,-0.012910101476175218,0.04900990210798861,-0.012606915257781015,-0.17257009082257246,-0.22999999999999998,-0.22000000000000008,-0.15000000000000002,-0.050000000000000044,-0.010000000000000009,-0.040000000000000036,-0.03000000000000025,-0.040000000000000036,-0.05999999999999961,-0.04999999999999982
2017-04-30,0.10315317414428737,-0.06863122254234233,-0.06690965169166474,-0.02744360922620448,0.06940692599258025,0.1432864399689564,0.1391886605839714,0.20209642836229635,0.13588794401177084,-0.048838979821486106,-0.040000000000000036,-0.07999999999999996,-0.040000000000000036,-0.010000000000000009,0.050000000000000044,0.11999999999999988,0.1200000000000001,0.10999999999999988,0.08999999999999986,0.06000000000000005
2017-05-31,-0.011786396046019387,-0.11506298919146529,-0.15716370481731068,-0.06031395248657834,0.023280247927196518,0.12602891271499894,0.13357686777008038,0.19095854090695719,0.1087978621887582,-0.057891849173404175,-0.17999999999999994,-0.09000000000000008,-0.09999999999999987,0.0,0.010000000000000009,0.06000000000000005,0.08000000000000007,0.08000000000000007,0.06999999999999984,0.08999999999999986
2017-06-30,0.0773865605318238,-0.06601809535729064,-0.1652997329653565,-0.15725865023549113,-0.11518652674741947,-0.07024331181709265,-0.053189184953005064,0.01752964523587286,0.01837304476629331,-0.11061578410966844,-0.050000000000000044,-0.05999999999999983,-0.07000000000000006,-0.09999999999999987,-0.1100000000000001,-0.1399999999999999,-0.1200000000000001,-0.10000000000000009,-0.009999999999999787,0.03000000000000025
2017-07-31,0.08841272531111288,0.02062354806460709,-0.04491283985457395,0.01751795906605258,0.05672362310521306,0.08537368153474789,0.05787955859037375,0.08446593916081202,-0.005805177560668007,-0.1452767487144464,-0.040000000000000036,0.010000000000000009,0.010000000000000009,0.039999999999999813,0.040000000000000036,0.04999999999999982,0.03000000000000025,0.010000000000000231,-0.050000000000000266,-0.050000000000000266
2017-08-31,0.1616366224032988,0.06242392486924553,-0.0813555069657299,-0.029404228652794018,0.07210477647906233,0.19258687628653992,0.20551761895360543,0.27219275115804153,0.21782681578454888,0.05708307408485647,0.06000000000000005,0.04999999999999982,0.0,0.010000000000000009,0.07000000000000006,0.14000000000000012,0.15999999999999992,0.17999999999999972,0.18999999999999995,0.16000000000000014
2017-09-30,0.07924127409610504,-0.08655059330434134,-0.19053550792104113,-0.21427496186651718,-0.1750978614128107,-0.13507044899913034,-0.14018086063565738,-0.09877391799202062,-0.13471563110570006,-0.27606111758003804,-0.050000000000000044,-0.11999999999999988,-0.08000000000000007,-0.1399999999999999,-0.18000000000000016,-0.21999999999999997,-0.2100000000000002,-0.20999999999999996,-0.1599999999999997,-0.1299999999999999
2017-10-31,0.05831663334398951,-0.07105469911503715,-0.17644657859109558,-0.1698006478488785,-0.09593875055252088,-0.033338040604488306,-0.023865355616710993,0.03036944266728181,0.004374311311333923,-0.13038751274039306,-0.08999999999999986,-0.08000000000000007,-0.11999999999999988,-0.13000000000000012,-0.10999999999999988,-0.08999999999999986,-0.06999999999999984,-0.04999999999999982,-0.03000000000000025,-0.020000000000000018
2017-11-30,0.031337019847648584,-0.12547143504659886,-0.24592185121645538,-0.22378263542787735,-0.14881955788718115,-0.07172582025558016,-0.03274614838622547,0.04212724146132274,0.04151143542569846,-0.061532874676358595,-0.1200000000000001,-0.15999999999999992,-0.19000000000000017,-0.17999999999999994,-0.16999999999999993,-0.13000000000000034,-0.08000000000000007,-0.040000000000000036,0.010000000000000231,0.04999999999999982
2017-12-31,0.06099136011861783,-0.04324324544484881,-0.18833652536653722,-0.13232106376864738,-0.05029196203330444,-0.010718559140079797,0.02360371181319687,0.09671275223799558,0.0931818606897945,-0.007656142447042935,-0.11999999999999988,-0.09000000000000008,-0.1399999999999999,-0.10999999999999988,-0.08000000000000007,-0.06000000000000005,-0.020000000000000018,0.020000000000000018,0.06999999999999984,0.08999999999999986
2018-01-31,0.10717590267486754,-0.04738211874468967,-0.19494071453515383,-0.26067428529250614,-0.26401094687374593,-0.28524162359661087,-0.2975886249515116,-0.2479854049535195,-0.22360638361495155,-0.29858462040321276,-0.07000000000000006,-0.1299999999999999,-0.1399999999999999,-0.2500000000000002,-0.31000000000000005,-0.31999999999999984,-0.33000000000000007,-0.3200000000000003,-0.25,-0.20999999999999996
2018-02-28,0.005556575123198515,-0.10816260820132095,-0.1520883833550588,-0.08263922407439939,-0.08064700216279563,-0.10185407018327863,-0.13792755109118682,-0.11506578872433293,-0.15368942845931421,-0.22646889538080694,-0.18999999999999995,-0.20000000000000018,-0.16999999999999993,-0.10999999999999988,-0.1299999999999999,-0.1299999999999999,-0.13999999999999968,-0.1499999999999999,-0.18999999999999995,-0.17999999999999972
2018-03-31,0.11043444354738896,-0.011681359944870184,-0.030536118185922945,0.018607270930123043,0.06942682810240486,0.12166433967021462,0.12957546842454803,0.17652327588027283,0.1962087653225879,0.11960315684903966,-0.08000000000000007,-0.06999999999999984,-0.020000000000000018,-0.020000000000000018,0.029999999999999805,0.08999999999999986,0.11999999999999966,0.1299999999999999,0.16999999999999993,0.1599999999999997
2018-04-30,0.04328751580946544,-0.06080545263192949,-0.14283632665862633,-0.2048443952653285,-0.1971438054706458,-0.19061192386744308,-0.21009936622984737,-0.16647827610521881,-0.12529366626168503,-0.19144431363090542,-0.14000000000000012,-0.1100000000000001,-0.15000000000000036,-0.2200000000000002,-0.22999999999999998,-0.22999999999999998,-0.22999999999999998,-0.20999999999999996,-0.1599999999999997,-0.13999999999999968
2018-05-31,0.10597925633547445,0.0509492348359557,0.05948795669516205,0.11433138974966228,0.11941297043603694,0.14401021610045284,0.12866704074008073,0.14558769762656,0.14475412026820633,0.08116772625234558,-0.05999999999999983,-0.040000000000000036,0.010000000000000231,0.0900000000000003,0.08000000000000007,0.10999999999999988,0.13000000000000034,0.1200000000000001,0.09999999999999964,0.10999999999999988
2018-06-30,0.1480333672636307,0.03345929027610994,-0.0723442192801742,-0.08743221784657473,-0.07429886240187544,-0.02188241852437356,-0.01740420431524381,0.011984913279346365,0.035488100112264664,-0.006595319837277458,0.0,-0.029999999999999805,-0.10000000000000009,-0.1200000000000001,-0.08999999999999986,-0.04999999999999982,-0.03000000000000025,-0.020000000000000018,0.0,0.020000000000000018
2018-07-31,0.07953969363229296,-0.010190107534651549,-0.093947869676962,-0.1281290829116375,-0.11095988634866893,-0.06940410253736262,-0.08232723593242808,-0.07954198507859589,-0.10019426004432397,-0.13377966206520409,-0.09999999999999987,-0.10000000000000009,-0.10999999999999988,-0.1499999999999999,-0.14000000000000012,-0.1200000000000001,-0.10999999999999988,-0.10999999999999988,-0.11999999999999966,-0.10000000000000009
2018-08-31,0.0984812785791207,0.029268625383495728,0.009884936707100334,0.05780468439581288,0.09621464231832588,0.1710443030737756,0.1507697988688408,0.13607507502926142,0.08566821121040791,0.028792396687768562,-0.08000000000000007,-0.06999999999999984,-0.020000000000000018,0.04999999999999982,0.06999999999999984,0.10999999999999988,0.10999999999999988,0.10000000000000009,0.07999999999999963,0.06000000000000005
2018-09-30,0.08850067014730989,-0.013434465262773365,-0.13142922837571858,-0.19679559722536322,-0.17035855067227867,-0.12508738026131017,-0.14292361555389332,-0.14253750145806787,-0.1752220211172122,-0.2194536004071308,-0.08000000000000007,-0.08000000000000007,-0.1299999999999999,-0.18999999999999995,-0.17999999999999972,-0.19999999999999973,-0.19999999999999973,-0.18999999999999995,-0.17999999999999972,-0.16999999999999993
2018-10-31,0.020840697999291002,-0.03573868479280273,-0.08669265885007338,-0.07328874533181606,-0.02274425969766236,0.035020837243873615,-0.007997680674016294,-0.05448014176547966,-0.16679485049950582,-0.24429902280718974,-0.1499999999999999,-0.13000000000000034,-0.10000000000000009,-0.06000000000000005,-0.050000000000000266,-0.040000000000000036,-0.06000000000000005,-0.10000000000000009,-0.16999999999999993,-0.20000000000000018
2018-11-30,0.12406790487411934,0.03570192520801907,-0.03727103294915812,0.025288123230964743,0.1087186656034369,0.23798196117331472,0.2346687147729094,0.20745862360053113,0.1029161106957619,0.018138821663018945,-0.03000000000000025,-0.029999999999999805,-0.010000000000000231,0.07000000000000028,0.10000000000000009,0.14000000000000012,0.1499999999999999,0.14000000000000012,0.10999999999999988,0.0900000000000003
2018-12-31,0.07839852542532189,0.0012556178082423486,-0.0050393266937374115,0.25835761565793236,0.369799033325672,0.44616975275459225,0.4419934359295534,0.40657423333809906,0.30549282149405776,0.18192341371608034,-0.08000000000000007,-0.040000000000000036,0.07000000000000028,0.31999999999999984,0.3700000000000001,0.33000000000000007,0.33000000000000007,0.31999999999999984,0.31999999999999984,0.2799999999999998
2019-01-31,0.1662611544468251,0.06185453609545144,-0.0921397443764218,-0.01306110102705027,0.04880045668723687,0.16485777954307457,0.17735682545287457,0.14454376702834804,0.05532103578224579,-0.06741649682873252,0.040000000000000036,0.10000000000000009,0.08000000000000007,0.029999999999999805,0.029999999999999805,0.07999999999999963,0.08000000000000007,0.06000000000000005,0.040000000000000036,0.029999999999999805
2019-02-28,0.061022076585062646,-0.04281764597831916,-0.14557044707844646,-0.14396289910656224,-0.07986057491598242,0.019493146675142015,0.004048505056810647,-0.006984313743230164,-0.10401704365834741,-0.2160205676881488,-0.040000000000000036,-0.040000000000000036,0.009999999999999787,-0.06999999999999984,-0.06999999999999984,-0.08999999999999986,-0.1200000000000001,-0.10000000000000009,-0.10999999999999988,-0.09999999999999964
2019-03-31,0.13603598785477722,0.04807285820311824,0.03582266543938939,0.16412777036611814,0.2804331781987246,0.3954011537976734,0.41883411801699166,0.41518206149978054,0.3170777826213338,0.17806100068823305,0.050000000000000266,0.06000000000000005,0.14000000000000012,0.25,0.29000000000000004,0.29000000000000004,0.31999999999999984,0.31999999999999984,0.31000000000000005,0.2799999999999998
2019-04-30,0.046776300621217626,-0.07757653474687709,-0.12951676021826275,-0.08987239476814057,-0.03832987548428779,0.03700691504074127,0.02982090113378666,0.009743413770009646,-0.10192619168097128,-0.23870881822152912,-0.03000000000000025,-0.020000000000000018,0.009999999999999787,0.0,-0.03000000000000025,-0.04999999999999982,-0.08000000000000007,-0.09999999999999964,-0.1200000000000001,-0.1200000000000001
2019-05-31,0.14054792240383795,0.03872881381902982,0.049951034533191496,0.23454331624644342,0.3208879934544582,0.43739638641778256,0.463122674699727,0.47410713445472163,0.37895490040581326,0.24108303707395828,0.08000000000000007,0.10999999999999988,0.18000000000000016,0.32000000000000006,0.3400000000000003,0.34999999999999987,0.3600000000000003,0.36999999999999966,0.3599999999999999,0.3500000000000001
2019-06-30,0.2727758486969125,0.1505803319156227,0.1162343976853002,0.12585222015709863,0.16496354005909164,0.24102389251493528,0.2566613208486346,0.25204684694250545,0.10452819629086019,-0.050700751915228714,0.22999999999999998,0.26000000000000023,0.29000000000000004,0.19999999999999996,0.18999999999999995,0.16999999999999993,0.1599999999999997,0.14000000000000012,0.08000000000000007,0.06000000000000005
2019-07-31,0.06066527833870383,-0.11316605615226827,-0.214812678868733,-0.2472323382111259,-0.17532604020315357,-0.009527615461913053,0.06318811683660464,0.11282589558102529,0.015542861120247498,-0.13953695323566206,0.040000000000000036,-0.010000000000000231,-0.08000000000000007,-0.1399999999999999,-0.13000000000000012,-0.08000000000000007,-0.04999999999999982,-0.020000000000000018,0.0,-0.009999999999999787
2019-08-31,0.15555021591105755,0.13948753289448468,0.1183916545963688,0.27513089801351187,0.37651480477179833,0.5397798032162304,0.600479342854441,0.6682554194632457,0.5397230926046495,0.410739901834011,0.09000000000000008,0.2100000000000002,0.24,0.3899999999999999,0.42000000000000015,0.4500000000000002,0.47,0.52,0.53,0.5699999999999998
2019-09-30,0.11881292267000276,0.0039375960982206415,-0.14468273750666283,-0.22757959318459475,-0.19231276829896737,-0.10259031703298338,-0.07458533362718844,-0.03267224471740726,-0.15884290496428233,-0.29366647542137625,0.1100000000000001,0.05999999999999983,0.010000000000000009,-0.1299999999999999,-0.14000000000000012,-0.16000000000000014,-0.17000000000000015,-0.17999999999999994,-0.15999999999999992,-0.16000000000000014
2019-10-31,0.3788022056900564,0.23170640628782446,0.11471588287601686,0.002240821464226217,0.0026220842589341764,0.11140260745887676,0.11926673143975597,0.12680519467424145,-0.056854843403728816,-0.18426874897281253,0.33999999999999986,0.26,0.21999999999999997,0.10999999999999988,0.040000000000000036,0.040000000000000036,0.020000000000000018,-0.010000000000000009,-0.06000000000000005,-0.04999999999999982
2019-11-30,0.0330306152889035,-0.08381272790510086,-0.14667267767943004,-0.1961745967198094,-0.1485790479499416,-0.014066254375793896,-0.006428828632205619,0.055133233377106405,-0.0928094028947386,-0.1850137537911487,-0.050000000000000044,-0.05999999999999983,-0.07000000000000006,-0.09000000000000008,-0.09000000000000008,-0.1100000000000001,-0.1299999999999999,-0.09000000000000008,-0.06999999999999984,-0.040000000000000036
2019-12-31,0.12614867010838005,0.014007969999187964,-0.04851064382460457,-0.06010324106828757,-0.04962337342109602,0.01742173773741773,-0.013920654819984835,-0.001660544467981362,-0.20180340106921202,-0.29812562070714366,0.040000000000000036,0.029999999999999805,0.010000000000000009,0.030000000000000027,-0.010000000000000009,-0.06999999999999984,-0.10000000000000009,-0.1399999999999999,-0.18000000000000016,-0.18000000000000016
2020-01-31,0.08770865284034346,0.03305809754258848,0.053576260598807046,0.17510112651211296,0.2854092694925008,0.45476299602724124,0.4991611078517786,0.5434628264627561,0.39328162759600405,0.2903738252132275,0.0,0.06000000000000005,0.14000000000000012,0.25,0.32000000000000006,0.3699999999999999,0.41000000000000014,0.4099999999999999,0.41999999999999993,0.40000000000000013
2020-02-29,0.3359263423206136,0.3769818815547763,0.3628585087636702,0.36994574241702305,0.4052337322489893,0.5074850772638383,0.4949870725201526,0.5190754018013863,0.3485179266954481,0.21221559084183328,0.28,0.42999999999999994,0.48,0.4700000000000001,0.45000000000000007,0.43000000000000005,0.3899999999999999,0.3800000000000001,0.3700000000000001,0.3400000000000001
2020-03-31,1.1256083083702655,0.9326326982369025,0.7132986820727087,0.5164600921913509,0.4837918791641493,0.5780049591955269,0.5561296583885624,0.5605067294032011,0.3090818512947511,0.17596654266225897,1.16,0.9600000000000001,0.7999999999999999,0.63,0.56,0.52,0.48,0.42999999999999994,0.31000000000000005,0.2999999999999998
2020-04-30,0.12074580730566631,0.02825940198381295,-0.09296748915231551,-0.10441089292713325,-0.023269840905986855,0.12137856586708307,0.1483642402934442,0.22017951729173046,0.039432638767024075,-0.11351750419072548,0.020000000000000004,0.039999999999999994,0.010000000000000009,0.03,0.04999999999999999,0.010000000000000009,0.020000000000000018,0.05999999999999994,0.09999999999999987,0.07000000000000006
2020-05-31,0.04426329072142271,-0.06349159966954188,-0.1197405251879072,-0.08172632353096661,0.0030382661467583394,0.14298869450710816,0.12884344585507035,0.15032849752482103,-0.1634701681066748,-0.3208078712950735,-0.05000000000000002,-0.06999999999999999,-0.010000000000000009,0.04000000000000001,0.04999999999999999,0.06,0.030000000000000027,-0.010000000000000009,-0.1299999999999999,-0.1299999999999999
2020-06-30,0.07861285476622501,-0.048138394826664155,-0.14567347419533727,-0.15444066774610105,-0.05490809545965869,0.12575062355142946,0.14943297933614907,0.18806259454228302,-0.06786321033836185,-0.20907281426047564,-0.01999999999999999,0.0,0.010000000000000009,0.0,0.010000000000000009,0.010000000000000009,0.010000000000000009,-0.010000000000000009,0.0,0.0
2020-07-31,0.15677021301139143,0.035157483849600185,-0.0990942549162187,-0.11374593736012586,0.004876121521492652,0.19807676119810516,0.2447770589388404,0.2965257825989057,0.13468798719380604,0.004858080245621732,0.07,0.07999999999999999,0.05,0.05,0.06999999999999999,0.07999999999999999,0.09999999999999998,0.10999999999999999,0.19999999999999996,0.20999999999999996
2020-08-31,0.06821669313568181,-0.049364928417791,-0.14818348646283244,-0.1817444585428789,-0.08890483938077111,0.035972215371565086,0.013191744202534883,-0.022552969529329725,-0.3291891766413687,-0.4807193915484902,-0.020000000000000004,-0.03,-0.009999999999999995,-0.030000000000000013,-0.039999999999999994,-0.07000000000000003,-0.10999999999999999,-0.16999999999999993,-0.28,-0.29000000000000004
2020-09-30,0.09931856964638025,-0.02510500154556511,-0.15952631435694306,-0.17264600474912298,-0.0672505559202373,0.13653779137913125,0.19450059619333404,0.20542849174960198,-0.04243333027702856,-0.17421282543793248,0.009999999999999995,0.020000000000000004,0.0,0.010000000000000009,-0.010000000000000009,0.0,0.030000000000000027,0.030000000000000027,0.030000000000000027,0.030000000000000027
2020-10-31,0.09846448010721356,-0.03130115747143129,-0.17010938402372625,-0.18089779807496767,-0.09846057608759892,0.026444822111399147,0.0071943631198814195,-0.00871368135623285,-0.27527786602145765,-0.39998521886453453,0.010000000000000009,0.0,-0.010000000000000009,-0.010000000000000009,-0.03,-0.09999999999999998,-0.17000000000000004,-0.19000000000000006,-0.19999999999999996,-0.18999999999999995
2020-11-30,0.09895949360266838,-0.020193891534818695,-0.1516756725648124,-0.17566347283543188,-0.04292437643352476,0.15247010934529104,0.1668965987755745,0.20091539654535817,-0.00845135620045756,-0.11067694753860535,0.009999999999999995,0.020000000000000004,0.020000000000000004,-0.01999999999999999,0.0,0.020000000000000018,0.020000000000000018,0.040000000000000036,0.05999999999999983,0.06999999999999984
2020-12-31,0.07536034205605036,-0.025308841071891422,-0.13676593871722836,-0.13730878669090227,-0.020886243741556565,0.13676594533182956,0.10700653542441962,0.06764163853466887,-0.1487357378086469,-0.2466834504737192,-0.009999999999999995,0.0,0.009999999999999995,0.03,0.01999999999999999,0.0,-0.030000000000000027,-0.09000000000000008,-0.07999999999999985,-0.06999999999999984
2021-01-31,0.10603257925820803,-0.01652232145523764,-0.16155132672887124,-0.14502266436953093,-0.05755291573129068,0.058654742052007436,0.0012486850626193258,-0.05715883693553203,-0.2969594669563147,-0.37596936512880563,0.03,0.01999999999999999,0.0,0.020000000000000004,-0.01999999999999999,-0.09000000000000002,-0.14,-0.18000000000000005,-0.22999999999999998,-0.2200000000000002
2021-02-28,0.09902281755380019,-0.027417452458421823,-0.17020489169703973,-0.17777947202522057,-0.13559086445696727,-0.14769023877279674,-0.22269371527371007,-0.2130063088559595,-0.47525706305102156,-0.43830386472961425,0.019999999999999997,0.020000000000000004,0.020000000000000004,-0.030000000000000013,-0.10999999999999999,-0.3,-0.3599999999999999,-0.32999999999999985,-0.40000000000000013,-0.2999999999999998
2021-03-31,0.06917731781780559,-0.04667559542528485,-0.1391993363034747,-0.10432371753369293,-0.03322008550858657,-0.0834117810560211,-0.18907816233542296,-0.18729875281951314,-0.32807702968024754,-0.28388384598741645,0.010000000000000002,0.0,0.009999999999999995,-0.01999999999999999,-0.04999999999999999,-0.17000000000000004,-0.25,-0.30000000000000004,-0.22999999999999998,-0.2400000000000002
2021-04-30,0.06965201627355652,-0.03844000360535972,-0.1117475349763574,-0.05332312931300966,0.05879872664612101,0.13114188245520575,0.0852942751315835,0.13183260085900983,0.0639555636370086,0.11253307100204912,0.019999999999999997,0.020000000000000004,0.020000000000000004,0.0,0.0,0.06000000000000005,0.07999999999999985,0.09000000000000008,0.1200000000000001,0.11000000000000032
2021-05-31,0.053690677312724734,-0.04703674470476692,-0.11340059325455043,-0.03905553173905922,0.0893938372157086,0.15255199687833831,0.09515117826482311,0.11184654563860796,-0.041027299030340636,0.02914988133763874,0.0,0.0,0.0,0.01999999999999999,0.04999999999999999,0.06999999999999995,0.08000000000000007,0.06999999999999984,0.009999999999999787,0.040000000000000036
2021-06-30,0.01896192725767233,-0.08423739929984563,-0.15891380071439218,-0.19401311381822905,-0.12293630813218692,0.01826560406022315,0.07292482254843358,0.19256333796684233,0.09388486826261255,0.18549004694790927,-0.04,-0.03,-0.020000000000000004,-0.10999999999999999,-0.16000000000000003,-0.07999999999999996,0.030000000000000027,0.13000000000000012,0.18000000000000016,0.19999999999999973
2021-07-31,0.04179460790825355,-0.00042214220861439,-0.036182743096629666,0.007337041461336069,0.10019377476002628,0.2295496424426955,0.24827003983976526,0.305561014191448,0.10757651439317484,0.15250201895680626,-0.009999999999999995,0.009999999999999995,0.0,0.06,0.11000000000000004,0.18000000000000005,0.20999999999999996,0.20999999999999996,0.18999999999999995,0.17000000000000015
2021-08-31,0.07360413266660132,-0.019599613404537676,-0.080047975528276,-0.09481995336883822,-0.07240774054831889,-0.006704838855479123,-0.004868746922995992,0.05925723674491046,-0.13420254339539528,-0.08443640701110278,0.019999999999999997,-0.009999999999999995,0.0,-0.010000000000000009,-0.050000000000000044,-0.08000000000000007,-0.08000000000000007,-0.06000000000000005,-0.040000000000000036,-0.030000000000000027
2021-09-30,0.06249581492128533,-0.007151271373067002,-0.07752399578407167,-0.1304754620619021,-0.14925601442962255,-0.16009125674079205,-0.18959922552005315,-0.1078754552564678,-0.2549042829292929,-0.19635771044938077,0.0,0.009999999999999995,-0.01999999999999999,-0.08000000000000002,-0.13,-0.20999999999999996,-0.24,-0.21999999999999997,-0.16999999999999993,-0.16000000000000014
2021-10-31,0.04055837586477955,-0.009212524558951295,-0.0730814209705486,-0.20885246597728252,-0.21769109845413515,-0.18316941267882414,-0.12375669345312601,0.05325181395330003,-0.01848441386845412,0.15179007992276872,-0.010000000000000002,-0.020000000000000004,-0.06,-0.19999999999999996,-0.21999999999999997,-0.19999999999999996,-0.11999999999999988,-0.030000000000000027,0.040000000000000036,0.15000000000000013
2021-11-30,0.05816350757934649,0.04496650747140246,0.008363067575752892,-0.015779018524382238,-0.0541053676475155,0.008651136820288619,0.04196454009193795,0.19420668550935494,0.04905884453866327,0.2112346437579291,0.0,-0.03,-0.09,-0.040000000000000036,-0.06000000000000005,0.040000000000000036,0.07999999999999985,0.1200000000000001,0.1299999999999999,0.1499999999999999
2021-12-31,0.08025481503459347,0.003184910504461208,-0.07718951248993627,-0.16614832475194896,-0.179646598599,-0.13277413533167182,-0.10127870864626654,0.0023002531806650683,-0.1916290267921752,-0.07584935251838809,-0.009999999999999995,-0.09,-0.15000000000000002,-0.20999999999999996,-0.15999999999999992,-0.1200000000000001,-0.07999999999999985,-0.09000000000000008,-0.08999999999999986,-0.11999999999999988
2022-01-31,-0.010898772836158893,-0.19843321902147548,-0.3286822031293362,-0.44462874470516356,-0.4257674089718717,-0.33967727184209373,-0.28009584194051595,-0.15865277498334285,-0.3413812458002363,-0.21531365557860038,-0.16,-0.3,-0.39,-0.44999999999999996,-0.41999999999999993,-0.3600000000000001,-0.31000000000000005,-0.27,-0.22999999999999998,-0.20999999999999996
2022-02-28,0.11283802815518712,-0.08485518873740028,-0.16569530619572537,-0.2523504119017541,-0.20750527463931134,-0.03832830298648404,-0.0030710810794252197,0.08468731304192612,-0.20738051458709794,-0.08467838190384924,-0.12999999999999998,-0.19999999999999996,-0.22999999999999998,-0.26,-0.2300000000000002,-0.08999999999999986,-0.06000000000000005,-0.040000000000000036,-0.08000000000000007,-0.06000000000000005
2022-03-31,0.12365159718267416,-0.25519159325866236,-0.5649958061413252,-0.8689701193980943,-0.8339198193628896,-0.5938586187388033,-0.47661869252748224,-0.32438204304081,-0.5114406388653858,-0.33386694492564484,-0.17000000000000004,-0.3700000000000001,-0.6199999999999999,-0.8399999999999999,-0.8300000000000001,-0.71,-0.5899999999999999,-0.48999999999999977,-0.33999999999999986,-0.27
2022-04-30,0.11476990657369779,-0.11786751289298425,-0.32361546480993186,-0.39882706572323956,-0.3586167566582925,-0.3291687663394245,-0.38440514184425867,-0.39488839226126826,-0.734151560372629,-0.5846344374322334,-0.32999999999999996,-0.34999999999999987,-0.4700000000000002,-0.4200000000000004,-0.41999999999999993,-0.5,-0.54,-0.5700000000000003,-0.5500000000000003,-0.52
2022-05-31,0.1548191947424209,0.023573340493206585,0.10331751452975224,0.2278742135611913,0.28974795846932766,0.304561444598038,0.22724791054576876,0.20081823951240008,-0.30188174402005696,-0.11684082533963158,-0.30999999999999994,-0.22999999999999998,0.020000000000000018,0.17000000000000037,0.16000000000000014,0.10999999999999988,0.06999999999999984,0.040000000000000036,-0.13999999999999968,-0.10999999999999988
2022-06-30,-0.19178006804388925,-0.7520066873820201,-0.6861198899094476,-0.37346046959381995,-0.22141406792494367,-0.060254118003337354,-0.030934301410902254,0.06144118713215496,-0.3081389361453222,-0.05830110687178003,-0.56,-0.8699999999999999,-0.7199999999999998,-0.3900000000000001,-0.28000000000000025,-0.19999999999999973,-0.16999999999999993,-0.1299999999999999,-0.10000000000000009,-0.07000000000000028
2022-07-31,-0.16785998725997242,-0.4963222132259322,-0.30810227940201207,0.07486998451715099,0.2658520220988838,0.47254579525314133,0.4775844702603731,0.4968146703668559,-0.053934197736443146,0.13882627943340564,-0.6900000000000002,-0.40000000000000036,-0.18000000000000016,0.029999999999999805,0.16000000000000014,0.3099999999999996,0.33999999999999986,0.31000000000000005,0.17999999999999972,0.14000000000000012
2022-08-31,-0.2152150018155723,-0.56652548059669,-0.7293005900219645,-0.6477944153321364,-0.6318544432497499,-0.4354766522319329,-0.3634417730930375,-0.24459776122384813,-0.6015316427382826,-0.333805104817245,-0.5499999999999998,-0.4099999999999997,-0.52,-0.56,-0.6299999999999999,-0.5999999999999996,-0.5499999999999998,-0.48,-0.3299999999999996,-0.27
2022-09-30,-0.10300401177546892,-0.6339805682823152,-0.682484651730364,-0.7812472905732295,-0.8004318969870483,-0.6416960619698737,-0.5886068855959694,-0.48671636292167886,-0.7866478873989142,-0.5134991278932586,-0.3700000000000001,-0.6000000000000001,-0.5499999999999998,-0.7699999999999996,-0.79,-0.7599999999999998,-0.7200000000000002,-0.6800000000000002,-0.5500000000000003,-0.52
2022-10-31,-0.5161146217005084,-0.7166225863186093,-0.6003255487760377,-0.27035024711347777,-0.18348063615419097,-0.08354570344597523,-0.08762206475933443,-0.10466955502615383,-0.5717875330000579,-0.3946869525296077,-0.8899999999999997,-0.6500000000000004,-0.6100000000000003,-0.29000000000000004,-0.20000000000000018,-0.20999999999999996,-0.20999999999999952,-0.2699999999999996,-0.3600000000000003,-0.4299999999999997
2022-11-30,0.07509539457868275,-0.23963296717974458,-0.2658088203076385,0.08342121495031307,0.30239235827033006,0.5473672601171251,0.559653343010063,0.5958173095067747,0.22063843399821348,0.4020968307639512,-0.15000000000000036,-0.1299999999999999,-0.08000000000000007,0.1299999999999999,0.3200000000000003,0.44999999999999973,0.41999999999999993,0.4199999999999995,0.4400000000000004,0.41999999999999993
2022-12-31,0.17596929269496542,-0.22866231179607688,-0.3105892715930034,-0.1598265946666002,-0.08735142528025186,-0.0009936746813132835,-0.049805326963094476,-0.03422036426833275,-0.37157072792456214,-0.22742381867042605,-0.04999999999999982,-0.05999999999999961,0.009999999999999787,-0.03000000000000025,-0.08999999999999986,-0.17000000000000037,-0.20000000000000018,-0.19999999999999973,-0.13999999999999968,-0.17000000000000037
2023-01-31,-0.07571194555965821,-0.23494258615661323,-0.21478867554399184,0.1110847865557183,0.32608670083518954,0.4858334746446724,0.467942287107741,0.49167160590708336,0.1766580807426279,0.28829209813919254,-0.28000000000000025,-0.040000000000000036,0.05000000000000071,0.20000000000000018,0.31999999999999984,0.3600000000000003,0.3700000000000001,0.3599999999999999,0.3599999999999999,0.3200000000000003
2023-02-28,-0.11483730307098217,-0.5635768179775624,-0.6621729659583337,-0.7620581262124979,-0.6281801339457083,-0.4447456181598044,-0.39007827570045217,-0.27522147488451054,-0.49212883456174916,-0.33425827890774196,-0.17999999999999972,-0.3700000000000001,-0.33999999999999986,-0.5999999999999996,-0.6099999999999999,-0.5499999999999998,-0.4800000000000004,-0.3999999999999999,-0.31999999999999984,-0.28000000000000025
2023-03-31,0.19959033406736992,0.04729365465167845,0.22992360866727513,0.6086527183998962,0.7011837647296448,0.6983531476286706,0.6225339083682417,0.5860621696214392,0.12630064954909725,0.22285560929012327,0.03000000000000025,0.22999999999999954,0.3799999999999999,0.75,0.6999999999999997,0.5799999999999996,0.5200000000000005,0.43999999999999995,0.2899999999999996,0.26000000000000023
2023-04-30,-0.23161105697844775,-0.41030450960897724,-0.4820698382460309,-0.10587761692791275,0.005204820559898682,0.12735047150290413,0.1274688842886733,0.17921835275900255,-0.16923109093963218,-0.0350023093114018,-0.25,-0.11999999999999922,-0.16000000000000014,0.019999999999999574,0.06000000000000005,0.0900000000000003,0.05999999999999961,0.040000000000000036,0.010000000000000231,0.0
2023-05-31,-0.45296331928950284,-0.6711982868852173,-0.8097836652149075,-0.5039869853876771,-0.35528328159091815,-0.17773333233265998,-0.13460064824823093,-0.06596981000179092,-0.4008695172355994,-0.22864188465717872,-0.41999999999999993,-0.40000000000000036,-0.3799999999999999,-0.3600000000000003,-0.29000000000000004,-0.23000000000000043,-0.19999999999999973,-0.20000000000000018,-0.20999999999999996,-0.18000000000000016
2023-06-30,0.065626203984543,-0.27062977696993773,-0.6507183034703852,-0.6432954660765136,-0.5087346345487411,-0.31354829648565596,-0.18394033448740243,-0.024649971181858188,-0.2628333044222524,-0.048390154449801326,0.08999999999999986,-0.009999999999999787,-0.22000000000000064,-0.46999999999999975,-0.4500000000000002,-0.3899999999999997,-0.28000000000000025,-0.16999999999999993,-0.04999999999999982,0.0
2023-07-31,-0.03949956038229452,-0.17468567000659974,-0.27348641262836537,-0.1498466948410755,-0.015706073902603812,0.04737272453871011,0.010406030323025561,0.012271168617911776,-0.3655771764914886,-0.20823041089994243,-0.1200000000000001,-0.0600000000000005,0.03000000000000025,-0.009999999999999787,-0.019999999999999574,-0.04999999999999982,-0.10999999999999988,-0.16000000000000014,-0.16000000000000014,-0.16999999999999948
2023-08-31,0.014171047653809943,-0.08794006687874933,-0.2696926322252011,-0.13156185960932554,-0.04267644581652963,0.04778590039908348,-0.010141837412589894,0.018872730808136673,-0.3616141521100813,-0.19833036747448318,-0.009999999999999787,0.04999999999999982,0.0,0.03000000000000025,-0.03000000000000025,-0.05000000000000071,-0.11000000000000032,-0.11999999999999966,-0.16999999999999993,-0.1800000000000006
2023-09-30,0.004068789108238491,-0.16502323400935026,-0.3905513323170169,-0.32726872294838216,-0.29235064050728354,-0.2622209857860742,-0.3349700913552116,-0.35401649942344626,-0.7244776650907179,-0.5477507566373312,0.009999999999999787,-0.04999999999999982,-0.08999999999999986,-0.1800000000000006,-0.2599999999999998,-0.3699999999999992,-0.41999999999999993,-0.5,-0.5300000000000002,-0.5300000000000002
2023-10-31,-0.02902672565877218,-0.13595616862998394,-0.27243033028902186,-0.17143595791057376,-0.12240234141547379,-0.11448173584785781,-0.19037622291238776,-0.17166749674197046,-0.48410844000583086,-0.30796291243719587,-0.040000000000000036,-0.009999999999999787,0.019999999999999574,-0.040000000000000036,-0.10000000000000053,-0.22000000000000064,-0.27999999999999936,-0.29000000000000004,-0.29000000000000004,-0.3099999999999996
2023-11-30,0.10894930100607425,0.026721122426192956,0.026253460092208414,0.23118469840956646,0.4054031259259743,0.5754358181150323,0.5466067039386058,0.6067978197270305,0.32575207719779975,0.5291372733296535,0.13999999999999968,0.16000000000000014,0.28000000000000025,0.33999999999999986,0.41999999999999993,0.5100000000000007,0.5099999999999998,0.5099999999999998,0.4900000000000002,0.5
2023-12-31,0.010164413926633031,-0.055624570826298125,0.11092721445579734,0.34491443026669444,0.43726906510910535,0.5648975487730796,0.5521233023454988,0.594662979231348,0.3363961467106211,0.5274444476061984,0.04999999999999982,0.1200000000000001,0.3700000000000001,0.5,0.47000000000000064,0.46999999999999975,0.5,0.4900000000000002,0.5199999999999996,0.5099999999999998
2024-01-31,-0.1330898056159988,-0.1831845633038922,-0.16135574341036207,-0.1625713320791755,-0.12441466071364182,-0.04735154504412176,-0.05112180986820247,-0.03306858567906801,-0.29842546362178,-0.1495530789123407,-0.019999999999999574,0.08000000000000007,0.05999999999999961,-0.03999999999999915,-0.040000000000000036,-0.07000000000000028,-0.07000000000000028,-0.11000000000000032,-0.13999999999999968,-0.1899999999999995
2024-02-29,-0.19433877504582764,-0.3337936191847497,-0.4655590531862419,-0.5337965291571809,-0.47979955147767983,-0.3297799636964083,-0.28492981141678797,-0.17145384040276657,-0.31521676692942435,-0.14574308650748158,-0.03000000000000025,-0.1200000000000001,-0.27999999999999936,-0.3700000000000001,-0.3799999999999999,-0.34999999999999964,-0.33000000000000007,-0.2599999999999998,-0.16999999999999993,-0.16000000000000014
2024-03-31,-0.09473624884006693,-0.21966404882784918,-0.17519290714370506,-0.07331443609682431,-0.02603272638742027,0.09550418706099784,0.11500817396079999,0.1416942547853175,-0.06632855125530934,0.05808863307487755,-0.009999999999999787,-0.08000000000000007,-0.020000000000000462,0.04999999999999982,0.02999999999999936,0.04999999999999982,0.08000000000000007,0.04999999999999982,0.05999999999999961,0.040000000000000036
2024-04-30,-0.05070289543659978,-0.2527767218929169,-0.394395489485035,-0.552925265100618,-0.540038175072941,-0.4683591812863357,-0.4508281201533082,-0.4043735947498197,-0.5719494318880143,-0.44735460597589327,0.0,-0.0600000000000005,-0.21999999999999975,-0.4500000000000002,-0.46999999999999975,-0.5099999999999998,-0.5099999999999998,-0.4900000000000002,-0.4500000000000002,-0.4500000000000002
2024-05-31,-0.007032147309858239,-0.09040988992591803,-0.036579301237257944,0.04090859712445383,0.1446231811537757,0.255965334399189,0.24999780913986402,0.2656576256623193,0.05798615083918701,0.14232231087706548,0.0,0.020000000000000462,0.07000000000000028,0.15000000000000036,0.17999999999999972,0.20000000000000018,0.1900000000000004,0.1800000000000006,0.16999999999999993,0.13999999999999968
2024-06-30,-0.03605352692305974,-0.047456400199849647,-0.04947857385284049,0.05864448048703341,0.12978659583111885,0.25500530795696363,0.25521190363222956,0.23975002918036648,0.01475158181023506,0.12340188230421223,-0.020000000000000462,0.08999999999999986,0.08999999999999986,0.17999999999999972,0.17000000000000082,0.1899999999999995,0.1899999999999995,0.14999999999999947,0.1200000000000001,0.14000000000000057
2024-07-31,0.0023974914457802754,0.0721842230177705,0.18472485696422858,0.29856634244041036,0.35397841715634293,0.4252485709387348,0.4100022835722079,0.3509427112668764,0.04800946373806969,0.15412700482879949,0.07000000000000028,0.1900000000000004,0.35999999999999943,0.41999999999999993,0.41999999999999993,0.3599999999999999,0.33000000000000007,0.27000000000000046,0.16999999999999993,0.16000000000000014
2024-08-31,0.04070049149609112,0.07647185248066801,0.1752117379511997,0.22650883464083016,0.20678541272444262,0.28982568721163826,0.27869372726573616,0.2641844975069976,0.025141820541684012,0.1495469089132646,0.20000000000000018,0.25,0.35000000000000053,0.3799999999999999,0.3099999999999996,0.26000000000000023,0.20000000000000018,0.17999999999999972,0.16000000000000014,0.14999999999999947
2024-09-30,0.2701416551059479,0.30071632458021647,0.24519852140737575,0.12146640621549754,0.0755085431627518,0.13121673817552182,0.16490173808061748,0.1634215066373037,-0.03059199459280837,0.08233658904617958,0.47999999999999954,0.5099999999999998,0.3999999999999999,0.25,0.20999999999999996,0.1299999999999999,0.1299999999999999,0.10000000000000009,0.08999999999999986,0.0600000000000005
2024-10-31,-0.12905795383794771,-0.1888302501337833,-0.4051294217565262,-0.6360645642096809,-0.6632647691622968,-0.5802739114281894,-0.49161455157006095,-0.4052769130156211,-0.4992565787062748,-0.3196850856441493,0.09000000000000075,-0.04999999999999982,-0.2899999999999996,-0.5,-0.54,-0.5700000000000003,-0.54,-0.4700000000000002,-0.3899999999999997,-0.33000000000000007
2024-11-30,-0.05597368331886177,-0.026229930767634357,-0.0833452026867123,-0.059559908304925635,-0.04069033675895728,0.09974429063384527,0.14557164056124705,0.16246725331235012,0.018571760052559227,0.15110006095769535,0.05999999999999961,0.009999999999999787,-0.03000000000000025,0.03000000000000025,0.020000000000000462,0.10000000000000053,0.11000000000000032,0.10000000000000053,0.1299999999999999,0.10999999999999943
2024-12-31,0.13852400673894927,0.14266420278111713,0.04813213108691894,-0.19679879479478846,-0.24336713207910243,-0.29260131761794383,-0.3178491524586091,-0.34010695962069715,-0.5180143638643306,-0.4035510914460092,0.20999999999999996,0.17999999999999972,0.13999999999999968,-0.1200000000000001,-0.16999999999999993,-0.33000000000000007,-0.3800000000000008,-0.40000000000000036,-0.41000000000000014,-0.41999999999999993
2025-01-31,-0.018825801358128835,-0.04799127986451168,-0.003416328750153852,-0.05941251949383819,-0.044480357940769544,0.024396396839859946,0.036883351544893195,0.041190599699413966,-0.11409529308535227,-0.01543659644810802,0.0600000000000005,-0.040000000000000036,-0.009999999999999787,0.03000000000000025,0.0,0.019999999999999574,0.010000000000000675,0.0,-0.019999999999999574,-0.04999999999999982
2025-02-28,-0.03956376258028271,-0.031770501691522846,0.06962664773481997,0.1540670305000864,0.22319963975034263,0.35169522720038593,0.37145169808354517,0.3925011884150873,0.23573181436373947,0.3272533961866184,-0.010000000000000675,0.03000000000000025,0.08999999999999986,0.22999999999999954,0.27999999999999936,0.33000000000000007,0.33000000000000007,0.33999999999999986,0.33000000000000007,0.3200000000000003
2025-03-31,-0.04389891376094113,-0.06983013756914502,-0.020548242170460362,0.017138874119406733,0.03946108614268473,0.1041952044700114,0.09584394897777404,0.07445337499311933,-0.16304804834509756,-0.0816854995284011,0.0,0.019999999999999574,0.04999999999999982,0.10000000000000009,0.10000000000000009,0.07000000000000028,0.04999999999999982,0.009999999999999787,-0.07000000000000028,-0.08000000000000007
2025-04-30,-0.05036088123207083,-0.07898192765374112,0.06826425572633443,0.18896411267897095,0.23973818327724894,0.2760955097111264,0.22448039369432182,0.1387018285021222,-0.1731032964273087,-0.08635323021627883,0.010000000000000675,0.040000000000000036,0.18000000000000016,0.29000000000000004,0.31000000000000005,0.23999999999999977,0.1599999999999997,0.0600000000000005,-0.05999999999999961,-0.07000000000000028
2025-05-31,-0.15196177772009278,-0.38584538736133434,-0.44088808457104767,-0.4312337157397015,-0.3707597088383374,-0.19661690762031858,-0.1763426744071852,-0.1716355607715121,-0.3896759246617725,-0.2779669008251071,-0.05000000000000071,-0.16999999999999993,-0.26000000000000023,-0.29000000000000004,-0.29000000000000004,-0.23999999999999977,-0.24999999999999956,-0.2400000000000002,-0.25,-0.2599999999999998
2025-06-30,-0.0690507032010359,-0.14304003976729973,-0.061284621989427635,0.023414094531486906,0.11918497453158095,0.2656388479468159,0.2999753855550922,0.25694582475562733,-0.01486592270354592,0.08880155010330881,-0.04999999999999982,0.07000000000000028,0.15000000000000036,0.16999999999999993,0.18999999999999995,0.16999999999999993,0.19999999999999973,0.16999999999999993,0.13999999999999968,0.13999999999999968
2025-07-31,-0.09080672923771971,-0.22926641654414937,-0.3310225027013254,-0.3884796213910531,-0.30068420114866834,-0.10721458695543573,-0.04615462105665635,-0.040341030981560166,-0.25680897623786425,-0.1545648999376681,0.0,-0.019999999999999574,-0.13999999999999968,-0.21999999999999975,-0.20999999999999996,-0.16999999999999993,-0.1599999999999997,-0.1299999999999999,-0.09999999999999964,-0.10999999999999943
2025-08-31,0.12280619996132813,0.15328456571686289,0.0895171237077168,0.17280587057441643,0.2315157910834249,0.3723406864661798,0.3449935705986684,0.24116517175809893,-0.12426992518808433,-0.09518139265788861,0.17999999999999972,0.2999999999999998,0.2699999999999996,0.3500000000000001,0.31000000000000005,0.2799999999999998,0.21999999999999975,0.13999999999999968,0.02999999999999936,-0.03000000000000025
2025-09-30,0.09502747460117256,0.04706945861787082,-0.10595307050001024,-0.21047080931743034,-0.14512806163238823,0.051118412515697376,0.1441216174581954,0.187231044900094,-0.012869007055662074,0.08493444100213221,0.21000000000000085,0.17999999999999972,0.1499999999999999,-0.010000000000000231,-0.029999999999999805,-0.06000000000000005,-0.010000000000000231,0.07000000000000028,0.15000000000000036,0.1899999999999995
2025-10-31,0.02978700017363911,-0.040983732814934726,-0.16159166561048854,-0.1664400997750075,-0.08043241219871033,0.09745449193457478,0.15658410106814324,0.16465932001655403,-0.08433534385550612,-0.006404141390290441,0.12999999999999945,0.040000000000000036,-0.020000000000000018,0.0,0.009999999999999787,0.03000000000000025,0.040000000000000036,0.04999999999999982,0.05999999999999961,0.0600000000000005
2025-11-30,-0.025463702844236824,-0.034321446248745335,-0.08545793966827286,-0.027014122089507264,0.03935383668741954,0.2094816975040965,0.2407842312964532,0.21103988094609694,-0.1210584860774011,-0.08091577966342278,0.010000000000000231,0.04999999999999982,0.0900000000000003,0.1299999999999999,0.10999999999999988,0.1200000000000001,0.11000000000000032,0.09000000000000075,0.03000000000000025,0.0
2025-12-31,0.14952486604453785,0.05000091027055653,-0.06245432942258411,-0.16690785948733167,-0.16139266972577504,-0.046998570108381266,-0.011141144260423452,-0.016297949757228203,-0.32649923778969914,-0.27560303184331136,0.20999999999999996,0.15000000000000036,0.1299999999999999,0.0,-0.05999999999999961,-0.14000000000000012,-0.16000000000000014,-0.16000000000000014,-0.16999999999999993,-0.16999999999999993
2026-01-31,-0.042208553970170204,-0.11706013352489197,-0.1383299816863386,-0.2006473837513738,-0.14267316699787091,0.012576457422234455,0.060446509454613384,0.06091380604523611,-0.18176880289622144,-0.12506569493339192,0.0,-0.020000000000000018,0.0,-0.04999999999999982,-0.050000000000000266,-0.06000000000000005,-0.06999999999999984,-0.08000000000000007,-0.03000000000000025,-0.03000000000000025
2026-02-28,-0.03892786978808216,-0.09149044334805856,-0.10491439472771136,-0.00886918982224083,0.12544667387590813,0.3510706604052305,0.40586978925947426,0.4025102506975409,0.1145409571124576,0.14945013895992698,0.0,0.009999999999999787,0.0,0.14000000000000012,0.20999999999999996,0.28000000000000025,0.2899999999999996,0.2899999999999996,0.25,0.23000000000000043
2026-03-31,-0.04940767007049596,-0.23380335414786746,-0.39216167386624257,-0.5854534439279471,-0.5022194676914808,-0.3006813243488162,-0.23742171822148483,-0.18733406477933023,-0.4616606668135068,-0.35881742207207523,-0.03000000000000025,-0.1200000000000001,-0.20000000000000018,-0.41000000000000014,-0.41999999999999993,-0.41000000000000014,-0.3900000000000001,-0.3299999999999996,-0.3099999999999996,-0.2400000000000002
2026-04-30,0.04932719648170014,-0.058642332158759025,-0.1444170211788638,-0.27032229976823574,-0.16610465609350333,0.015148896099467457,0.05144994418750404,0.05094859170775834,-0.2675682745058632,-0.1930496079562074,0.020000000000000018,0.010000000000000231,-0.040000000000000036,-0.08999999999999986,-0.10000000000000009,-0.09999999999999964,-0.08999999999999986,-0.10000000000000053,-0.08999999999999986,-0.10000000000000053
2026-05-31,0.02972451429274825,-0.11499280310862048,-0.16641368258338973,-0.28521306456580087,-0.21626047640536905,0.010306172874051,0.08388321734554172,0.09888887728484796,-0.18621319837755923,-0.1139418958718208,-0.009999999999999787,-0.06999999999999984,-0.06999999999999984,-0.10000000000000009,-0.14999999999999947,-0.11000000000000032,-0.0699999999999994,-0.04999999999999982,-0.010000000000000675,-0.009999999999999787
2026-06-30,-0.11094310674395746,-0.2778034878938711,-0.25232035704721056,-0.31376780015508343,-0.1769733196275869,0.05261384540101233,0.1305767088903247,0.16030161990599012,-0.11743933487946734,-0.026165936027837233,-0.18000000000000016,-0.22999999999999998,-0.18999999999999995,-0.1599999999999997,-0.09000000000000075,-0.0600000000000005,-0.03000000000000025,0.009999999999999787,0.05000000000000071,0.08000000000000007
2026-07-31,0.1371358054921692,-0.04420632066927377,-0.16259477847655246,-0.30034808119875533,-0.25016538384193066,-0.1484447016427639,-0.13805783092104562,-0.16138680200385913,-0.520048800997472,-0.4525004975041176,0.040000000000000036,0.029999999999999805,-0.10000000000000009,-0.14000000000000057,-0.1899999999999995,-0.2599999999999998,-0.29000000000000004,-0.3099999999999996,-0.35000000000000053,-0.35999999999999943
2026-08-31,0.0889492605866975,0.003146063925650644,-0.036346331735856996,-0.0616938806260805,0.0007721453171791737,0.1907074330916183,0.2305085376338063,0.24020530917455662,-0.0713401694853113,-0.014749384150216649,-0.020000000000000018,0.040000000000000036,0.0600000000000005,0.08999999999999986,0.04999999999999982,0.08000000000000007,0.08000000000000007,0.08999999999999986,0.11000000000000032,0.08999999999999986
